video_id,gemma_label,gemma_confidence,llama_label,llama_confidence,agreement,confidence_difference,confidence_difference_absolute,higher_confidence_model,agreement_with_high_confidence
JyQij-2-8bM,negative,0.5,negative,0.95,agreement,-0.44999999999999996,0.44999999999999996,Llama,False
Vml7Q5mX3v8,negative,0.85,negative,0.95,agreement,-0.09999999999999998,0.09999999999999998,Llama,True
A4cEAI_Yn40,neutral,0.7,positive,0.95,disagreement,-0.25,0.25,Llama,False
x39IrNgERWY,negative,0.75,negative,0.94,agreement,-0.18999999999999995,0.18999999999999995,Llama,False
XID0dhJAmeE,negative,0.5,positive,0.95,disagreement,-0.44999999999999996,0.44999999999999996,Llama,False
aHRLEFZCIzQ,negative,0.5,negative,0.83,agreement,-0.32999999999999996,0.32999999999999996,Llama,False
trlSvmfBLjc,negative,0.5,neutral,0.85,disagreement,-0.35,0.35,Llama,False
3AxlHyyRsQw,negative,0.47,positive,0.95,disagreement,-0.48,0.48,Llama,False
97cGb1Id5e0,negative,0.5,negative,0.83,agreement,-0.32999999999999996,0.32999999999999996,Llama,False
Uj4vuTUwkzc,neutral,0.7,neutral,0.58,agreement,0.12,0.12,Gemma,False
ERDH1qvZb-E,negative,0.5,negative,0.95,agreement,-0.44999999999999996,0.44999999999999996,Llama,False
SXdOxQZ7Sew,neutral,0.7,positive,0.85,disagreement,-0.15000000000000002,0.15000000000000002,Llama,False
e72pCF6wjLA,negative,0.47,neutral,0.56,disagreement,-0.09000000000000008,0.09000000000000008,Llama,False
nAF234DsE_I,neutral,0.7,neutral,0.85,agreement,-0.15000000000000002,0.15000000000000002,Llama,False
dkFksf42B6E,negative,0.8,negative,0.95,agreement,-0.1499999999999999,0.1499999999999999,Llama,True
had-LSYNqqU,negative,0.5,negative,0.55,agreement,-0.050000000000000044,0.050000000000000044,Llama,False
P64y-BEpYYY,neutral,0.65,neutral,0.85,agreement,-0.19999999999999996,0.19999999999999996,Llama,False
eErJa8iSS_o,negative,0.5,negative,0.92,agreement,-0.42000000000000004,0.42000000000000004,Llama,False
s-Vo04PddZg,positive,0.85,positive,0.95,agreement,-0.09999999999999998,0.09999999999999998,Llama,True
iT_D1sTv5Xs,positive,0.85,positive,0.95,agreement,-0.09999999999999998,0.09999999999999998,Llama,True
7tiY4LaDPP4,neutral,0.78,neutral,0.85,agreement,-0.06999999999999995,0.06999999999999995,Llama,False
DJp8zdRagVw,negative,0.5,negative,0.55,agreement,-0.050000000000000044,0.050000000000000044,Llama,False
OUDZhf5eiDI,negative,0.5,neutral,0.85,disagreement,-0.35,0.35,Llama,False
il_nOsikLXA,negative,0.5,neutral,0.85,disagreement,-0.35,0.35,Llama,False
ynIKtjEr1ww,neutral,0.7,neutral,0.85,agreement,-0.15000000000000002,0.15000000000000002,Llama,False
AerX-Lc5_A4,negative,0.5,neutral,0.58,disagreement,-0.07999999999999996,0.07999999999999996,Llama,False
vfjZeNGEjVM,negative,0.55,neutral,0.88,disagreement,-0.32999999999999996,0.32999999999999996,Llama,False
HfezZsE-lT8,negative,0.47,neutral,0.56,disagreement,-0.09000000000000008,0.09000000000000008,Llama,False
HodXlf_2Tok,negative,0.5,negative,0.4,agreement,0.09999999999999998,0.09999999999999998,Gemma,False
vxAAOiDr1cE,positive,0.65,neutral,0.53,disagreement,0.12,0.12,Gemma,False
551Dj7UEOjY,negative,0.5,neutral,0.58,disagreement,-0.07999999999999996,0.07999999999999996,Llama,False
gjqYcYLICFI,negative,0.5,neutral,0.68,disagreement,-0.18000000000000005,0.18000000000000005,Llama,False
8T1AnuFT6ls,neutral,0.65,neutral,0.53,agreement,0.12,0.12,Gemma,False
c0QP1YT2hss,negative,0.5,neutral,0.85,disagreement,-0.35,0.35,Llama,False
THNoe_6Kxos,negative,0.53,neutral,0.85,disagreement,-0.31999999999999995,0.31999999999999995,Llama,False
YJrFnTl06cI,negative,0.5,negative,0.8,agreement,-0.30000000000000004,0.30000000000000004,Llama,False
so9a3ojDlIs,neutral,0.7,neutral,0.85,agreement,-0.15000000000000002,0.15000000000000002,Llama,False
uePNDKzbwts,negative,0.5,neutral,0.58,disagreement,-0.07999999999999996,0.07999999999999996,Llama,False
OqSTFXNL4bk,positive,0.85,positive,0.95,agreement,-0.09999999999999998,0.09999999999999998,Llama,True
lt6AUJUFPps,negative,0.5,neutral,0.68,disagreement,-0.18000000000000005,0.18000000000000005,Llama,False
eXUCHuQBrF8,negative,0.55,neutral,0.85,disagreement,-0.29999999999999993,0.29999999999999993,Llama,False
J0pkoymUoFI,negative,0.5,positive,0.85,disagreement,-0.35,0.35,Llama,False
DwHAzlYzvG0,positive,0.75,positive,0.95,agreement,-0.19999999999999996,0.19999999999999996,Llama,False
AC5oh3lIczA,neutral,0.75,neutral,0.85,agreement,-0.09999999999999998,0.09999999999999998,Llama,False
g_kPCvjDn9U,negative,0.5,negative,0.95,agreement,-0.44999999999999996,0.44999999999999996,Llama,False
ae8hz1dR1Ko,positive,0.7879,positive,0.95,agreement,-0.1620999999999999,0.1620999999999999,Llama,False
kt9GJxQDhlA,positive,0.75,positive,0.95,agreement,-0.19999999999999996,0.19999999999999996,Llama,False
4-xF9V3ev8s,positive,0.75,positive,0.95,agreement,-0.19999999999999996,0.19999999999999996,Llama,False
xdiTwKMTuHE,negative,0.5,neutral,0.58,disagreement,-0.07999999999999996,0.07999999999999996,Llama,False
MybzZ5vqP1A,positive,0.65,positive,0.95,agreement,-0.29999999999999993,0.29999999999999993,Llama,False
NwRxWdIFUek,positive,0.85,positive,0.95,agreement,-0.09999999999999998,0.09999999999999998,Llama,True
fSjKX9MmbtY,negative,0.8,negative,1.0,agreement,-0.19999999999999996,0.19999999999999996,Llama,True
X4eCxazNy0o,negative,0.8,negative,0.95,agreement,-0.1499999999999999,0.1499999999999999,Llama,True
EPZviFoQ0xA,negative,0.5,neutral,0.58,disagreement,-0.07999999999999996,0.07999999999999996,Llama,False
9wzJdex8loM,negative,0.5,neutral,0.58,disagreement,-0.07999999999999996,0.07999999999999996,Llama,False
DhQCSJ55NFA,negative,0.85,negative,0.95,agreement,-0.09999999999999998,0.09999999999999998,Llama,True
IJeT9K2gows,negative,0.5,neutral,0.85,disagreement,-0.35,0.35,Llama,False
3YGaQ1vv8kw,negative,0.85,negative,0.9,agreement,-0.050000000000000044,0.050000000000000044,Llama,True
R6X4m08Rrn8,neutral,0.45,neutral,0.85,agreement,-0.39999999999999997,0.39999999999999997,Llama,False
zp0AXZSpmZQ,positive,0.75,positive,0.85,agreement,-0.09999999999999998,0.09999999999999998,Llama,False
9jXidfA0LGw,negative,0.5,neutral,0.85,disagreement,-0.35,0.35,Llama,False
B7SAQYNnxNo,negative,0.5,negative,0.95,agreement,-0.44999999999999996,0.44999999999999996,Llama,False
zEKlzOInUo0,negative,0.55,negative,0.9,agreement,-0.35,0.35,Llama,False
soItt4viZys,negative,0.5,negative,0.55,agreement,-0.050000000000000044,0.050000000000000044,Llama,False
WN6SXjGDSk0,negative,0.7,neutral,1.0,disagreement,-0.30000000000000004,0.30000000000000004,Llama,False
uZpGlz9Elco,positive,0.85,positive,0.95,agreement,-0.09999999999999998,0.09999999999999998,Llama,True
Wq_EARUjwIs,neutral,0.65,neutral,0.85,agreement,-0.19999999999999996,0.19999999999999996,Llama,False
lfzspbgB3VM,negative,0.5,negative,0.95,agreement,-0.44999999999999996,0.44999999999999996,Llama,False
eR30B38Q3pU,neutral,0.7,neutral,0.85,agreement,-0.15000000000000002,0.15000000000000002,Llama,False
DBRov8dwXEw,negative,0.55,neutral,0.85,disagreement,-0.29999999999999993,0.29999999999999993,Llama,False
3B0PKcqPdNc,neutral,0.7,neutral,0.85,agreement,-0.15000000000000002,0.15000000000000002,Llama,False
t7ufRLjDal0,negative,0.5,negative,0.55,agreement,-0.050000000000000044,0.050000000000000044,Llama,False
QBamUzkj5_U,neutral,0.45,neutral,0.85,agreement,-0.39999999999999997,0.39999999999999997,Llama,False
x3c9yz5Y-6s,positive,0.85,positive,0.95,agreement,-0.09999999999999998,0.09999999999999998,Llama,True
0cC03R5SvZ0,neutral,0.7,positive,0.95,disagreement,-0.25,0.25,Llama,False
y-5SUSEmSAo,negative,0.55,neutral,0.85,disagreement,-0.29999999999999993,0.29999999999999993,Llama,False
Rd3qYJ_oz1o,negative,0.5,negative,0.55,agreement,-0.050000000000000044,0.050000000000000044,Llama,False
GK0Fq2s5bIc,neutral,0.45,neutral,0.85,agreement,-0.39999999999999997,0.39999999999999997,Llama,False
-G2k7cwlUpw,negative,0.7,negative,0.9,agreement,-0.20000000000000007,0.20000000000000007,Llama,False
FPXL9WWK6gE,neutral,0.7,neutral,0.85,agreement,-0.15000000000000002,0.15000000000000002,Llama,False
HohAEDTGcp8,negative,0.55,neutral,0.85,disagreement,-0.29999999999999993,0.29999999999999993,Llama,False
JAPhRssamX4,positive,0.85,positive,0.95,agreement,-0.09999999999999998,0.09999999999999998,Llama,True
owDXpK7ekr0,neutral,0.7,neutral,0.85,agreement,-0.15000000000000002,0.15000000000000002,Llama,False
kowwpeRLNhs,neutral,0.7,neutral,0.48,agreement,0.21999999999999997,0.21999999999999997,Gemma,False
ErJpHhUZBgc,negative,0.85,negative,0.94,agreement,-0.08999999999999997,0.08999999999999997,Llama,True
VgHZUBIyRRQ,negative,0.55,negative,0.94,agreement,-0.3899999999999999,0.3899999999999999,Llama,False
cVOLH7Z-CJk,negative,0.7,negative,0.95,agreement,-0.25,0.25,Llama,False
Jb6rDn_b_2c,negative,0.85,positive,0.95,disagreement,-0.09999999999999998,0.09999999999999998,Llama,False
0nmSzbU578U,negative,0.6,neutral,0.98,disagreement,-0.38,0.38,Llama,False
ghTdDYrGGbQ,negative,0.55,negative,0.55,agreement,0.0,0.0,Equal,False
m8_AW0sHqLQ,neutral,0.7,neutral,0.85,agreement,-0.15000000000000002,0.15000000000000002,Llama,False
7K1FwTangec,negative,0.5,negative,0.55,agreement,-0.050000000000000044,0.050000000000000044,Llama,False
Lu3HJlwWc04,negative,0.5,positive,0.95,disagreement,-0.44999999999999996,0.44999999999999996,Llama,False
fdcjbtM4XN8,neutral,0.7,neutral,0.85,agreement,-0.15000000000000002,0.15000000000000002,Llama,False
o2NPPpJQtkk,negative,0.67,negative,0.9,agreement,-0.22999999999999998,0.22999999999999998,Llama,False
pgP78O86Nq4,neutral,0.7,neutral,0.85,agreement,-0.15000000000000002,0.15000000000000002,Llama,False
by0b5nejRTQ,positive,0.75,positive,0.95,agreement,-0.19999999999999996,0.19999999999999996,Llama,False
4UFXWEv2uXw,negative,0.5,negative,0.55,agreement,-0.050000000000000044,0.050000000000000044,Llama,False
R4OFlXfP948,negative,0.5,negative,0.8,agreement,-0.30000000000000004,0.30000000000000004,Llama,False
7uSOIcAwAYY,negative,0.53,neutral,0.85,disagreement,-0.31999999999999995,0.31999999999999995,Llama,False
bMf3HhEYPx0,neutral,0.7,neutral,0.85,agreement,-0.15000000000000002,0.15000000000000002,Llama,False
rlbZCQN_C8w,negative,0.5,negative,0.8,agreement,-0.30000000000000004,0.30000000000000004,Llama,False
UNx9X-_Cecw,negative,0.75,negative,0.94,agreement,-0.18999999999999995,0.18999999999999995,Llama,False
LNFWCFPfUgA,positive,0.85,positive,1.0,agreement,-0.15000000000000002,0.15000000000000002,Llama,True
10rZq5pJTBk,neutral,0.7,neutral,0.85,agreement,-0.15000000000000002,0.15000000000000002,Llama,False
ReJsL1JOtG0,negative,0.55,negative,0.94,agreement,-0.3899999999999999,0.3899999999999999,Llama,False
O7fRWw7Hhac,negative,0.55,neutral,0.85,disagreement,-0.29999999999999993,0.29999999999999993,Llama,False
XPB6Uuc_stA,neutral,0.45,neutral,0.85,agreement,-0.39999999999999997,0.39999999999999997,Llama,False
WZ5WHfCQ6tg,negative,0.7,negative,0.94,agreement,-0.24,0.24,Llama,False
AWhqxaRte0k,negative,0.6,negative,0.95,agreement,-0.35,0.35,Llama,False
NED6fFAgpfQ,neutral,0.45,neutral,0.85,agreement,-0.39999999999999997,0.39999999999999997,Llama,False
OSRwp6pZUvY,neutral,0.7,neutral,0.85,agreement,-0.15000000000000002,0.15000000000000002,Llama,False
pWkeHDEkahY,negative,0.5,negative,0.55,agreement,-0.050000000000000044,0.050000000000000044,Llama,False
OdvuL5y4GOk,negative,0.5,negative,0.55,agreement,-0.050000000000000044,0.050000000000000044,Llama,False
ieFxp-W5m6s,positive,0.95,positive,1.0,agreement,-0.050000000000000044,0.050000000000000044,Llama,True
_0wR3FaRsgk,negative,0.7,negative,0.95,agreement,-0.25,0.25,Llama,False
0k_6TswCeBU,negative,0.5,negative,0.55,agreement,-0.050000000000000044,0.050000000000000044,Llama,False
lhRkvyRs_h8,positive,0.85,neutral,0.85,disagreement,0.0,0.0,Equal,False
zTiVPmNbuYI,neutral,0.7,positive,0.95,disagreement,-0.25,0.25,Llama,False
02zC2FH4rNQ,negative,0.5,neutral,0.85,disagreement,-0.35,0.35,Llama,False
ecaqdRglJ7I,neutral,0.7,positive,0.95,disagreement,-0.25,0.25,Llama,False
cdRQjrkVlmE,positive,0.85,positive,0.95,agreement,-0.09999999999999998,0.09999999999999998,Llama,True
eSUrKIzBCwg,negative,0.55,neutral,0.85,disagreement,-0.29999999999999993,0.29999999999999993,Llama,False
dvG3iLjvyeI,negative,0.6,neutral,0.85,disagreement,-0.25,0.25,Llama,False
cdvulARrAOY,negative,0.8,negative,0.95,agreement,-0.1499999999999999,0.1499999999999999,Llama,True
8rcyDB3dtpk,negative,0.55,neutral,0.85,disagreement,-0.29999999999999993,0.29999999999999993,Llama,False
5xWNeeCK0kk,negative,0.8,negative,0.95,agreement,-0.1499999999999999,0.1499999999999999,Llama,True
fYlN0wwszOE,negative,0.5,neutral,0.58,disagreement,-0.07999999999999996,0.07999999999999996,Llama,False
Gvu--TMVpqI,neutral,0.75,neutral,0.85,agreement,-0.09999999999999998,0.09999999999999998,Llama,False
0TESskKckHA,positive,0.85,positive,0.95,agreement,-0.09999999999999998,0.09999999999999998,Llama,True
3dlyjEPynwo,neutral,0.45,neutral,0.85,agreement,-0.39999999999999997,0.39999999999999997,Llama,False
lXNVmndAa7k,negative,0.5,neutral,0.85,disagreement,-0.35,0.35,Llama,False
TXr8RWBowXo,positive,0.85,positive,0.95,agreement,-0.09999999999999998,0.09999999999999998,Llama,True
1Nz4mX6GsWU,neutral,0.7,neutral,0.53,agreement,0.16999999999999993,0.16999999999999993,Gemma,False
XyM-mISMxgw,negative,0.5,negative,0.95,agreement,-0.44999999999999996,0.44999999999999996,Llama,False
P5ZZjxyYAyk,positive,0.85,neutral,0.85,disagreement,0.0,0.0,Equal,False
3Tb0ctnp984,negative,0.5,negative,0.55,agreement,-0.050000000000000044,0.050000000000000044,Llama,False
KeRX38ij3D0,neutral,0.7,neutral,0.85,agreement,-0.15000000000000002,0.15000000000000002,Llama,False
Cll2Vzv_VDk,neutral,0.7,neutral,0.85,agreement,-0.15000000000000002,0.15000000000000002,Llama,False
242yXGp5moQ,negative,0.5,neutral,0.85,disagreement,-0.35,0.35,Llama,False
LuMprZm4nII,neutral,0.7,neutral,0.85,agreement,-0.15000000000000002,0.15000000000000002,Llama,False
w7mUkcw_LJE,negative,0.5,negative,0.55,agreement,-0.050000000000000044,0.050000000000000044,Llama,False
Ow6SYWyf28U,negative,0.7,negative,0.95,agreement,-0.25,0.25,Llama,False
xnJFB1ProEE,neutral,0.7,neutral,0.85,agreement,-0.15000000000000002,0.15000000000000002,Llama,False
6YYTO1gtygA,negative,0.75,negative,0.95,agreement,-0.19999999999999996,0.19999999999999996,Llama,False
2zgN77nsHWE,neutral,0.7,neutral,1.0,agreement,-0.30000000000000004,0.30000000000000004,Llama,False
phi4Ggq7a0g,negative,0.55,neutral,0.85,disagreement,-0.29999999999999993,0.29999999999999993,Llama,False
DHWye1lbdOk,negative,0.55,negative,0.95,agreement,-0.3999999999999999,0.3999999999999999,Llama,False
CIQppi4qfME,negative,0.8,negative,0.9,agreement,-0.09999999999999998,0.09999999999999998,Llama,True
b5DO_IlcZUQ,neutral,0.7,neutral,0.85,agreement,-0.15000000000000002,0.15000000000000002,Llama,False
VGl25nYEDNM,negative,0.7,negative,0.55,agreement,0.1499999999999999,0.1499999999999999,Gemma,False
dXwBrkZVAdk,neutral,0.7,neutral,0.85,agreement,-0.15000000000000002,0.15000000000000002,Llama,False
9BdKcRbuPOk,negative,0.6,neutral,1.0,disagreement,-0.4,0.4,Llama,False
5PpY4uXhr_I,negative,0.7,negative,0.94,agreement,-0.24,0.24,Llama,False
lHKHx1ppuuA,neutral,0.85,neutral,0.85,agreement,0.0,0.0,Equal,True
hN92roqqNY4,positive,0.85,positive,0.95,agreement,-0.09999999999999998,0.09999999999999998,Llama,True
_l9aC6St7b8,neutral,0.65,neutral,0.85,agreement,-0.19999999999999996,0.19999999999999996,Llama,False
eAZP0dgCWpA,negative,0.55,negative,0.95,agreement,-0.3999999999999999,0.3999999999999999,Llama,False
EnkJ81hoDJk,negative,0.55,neutral,0.98,disagreement,-0.42999999999999994,0.42999999999999994,Llama,False
N6TuHw8ZTfM,neutral,0.7,positive,0.95,disagreement,-0.25,0.25,Llama,False
0E7YtQcl3pY,neutral,0.75,neutral,0.85,agreement,-0.09999999999999998,0.09999999999999998,Llama,False
Hnjiou-0NXg,positive,0.75,positive,0.95,agreement,-0.19999999999999996,0.19999999999999996,Llama,False
wxmt09jAkN0,negative,0.55,neutral,0.85,disagreement,-0.29999999999999993,0.29999999999999993,Llama,False
nax7I5J7rhU,negative,0.8,negative,1.0,agreement,-0.19999999999999996,0.19999999999999996,Llama,True
wzEdsVPq4uc,neutral,0.7,neutral,0.85,agreement,-0.15000000000000002,0.15000000000000002,Llama,False
iQhXca4517w,neutral,0.7,neutral,0.85,agreement,-0.15000000000000002,0.15000000000000002,Llama,False
Jaf3eCj5Bk4,neutral,0.7,neutral,0.85,agreement,-0.15000000000000002,0.15000000000000002,Llama,False
Jj5_Ycwn-ig,positive,0.75,positive,0.95,agreement,-0.19999999999999996,0.19999999999999996,Llama,False
uNLyHAAEu7g,neutral,0.7,neutral,0.85,agreement,-0.15000000000000002,0.15000000000000002,Llama,False
4buAraR6g-s,negative,0.7,negative,1.0,agreement,-0.30000000000000004,0.30000000000000004,Llama,False
A26nKi_5B44,negative,0.85,negative,0.95,agreement,-0.09999999999999998,0.09999999999999998,Llama,True
P11D7ynrit0,positive,0.75,positive,0.95,agreement,-0.19999999999999996,0.19999999999999996,Llama,False
DGk4infDKw8,negative,0.55,negative,0.55,agreement,0.0,0.0,Equal,False
yz2nIXw5M4A,negative,0.5,neutral,0.58,disagreement,-0.07999999999999996,0.07999999999999996,Llama,False
wtDqBCm_9-Y,neutral,0.7,positive,0.85,disagreement,-0.15000000000000002,0.15000000000000002,Llama,False
g3gDP01fRqU,positive,0.75,positive,0.95,agreement,-0.19999999999999996,0.19999999999999996,Llama,False
ouUKsTHlGFc,neutral,0.85,neutral,1.0,agreement,-0.15000000000000002,0.15000000000000002,Llama,True
jQQGufDhmwA,positive,0.85,positive,0.95,agreement,-0.09999999999999998,0.09999999999999998,Llama,True
vB9sIcT1NHc,positive,0.85,positive,0.95,agreement,-0.09999999999999998,0.09999999999999998,Llama,True
z_t_YykWBgQ,negative,0.5,negative,0.55,agreement,-0.050000000000000044,0.050000000000000044,Llama,False
v9skudDPncQ,neutral,0.7,positive,0.95,disagreement,-0.25,0.25,Llama,False
4R43TX2g-3M,neutral,0.7,positive,0.95,disagreement,-0.25,0.25,Llama,False
Ak8vrIzVrKk,negative,0.5,negative,0.94,agreement,-0.43999999999999995,0.43999999999999995,Llama,False
HZQ4TYsd_hI,negative,0.7,neutral,0.85,disagreement,-0.15000000000000002,0.15000000000000002,Llama,False
2bkqdYmpmg0,neutral,0.75,neutral,0.85,agreement,-0.09999999999999998,0.09999999999999998,Llama,False
cp0Qf8ewG0Q,neutral,0.8,neutral,1.0,agreement,-0.19999999999999996,0.19999999999999996,Llama,True
_RTMtkuv91c,negative,0.5,neutral,0.85,disagreement,-0.35,0.35,Llama,False
1QnKdPN4CP0,neutral,0.7,neutral,0.85,agreement,-0.15000000000000002,0.15000000000000002,Llama,False
CK8MA3OnX9U,negative,0.5,neutral,0.85,disagreement,-0.35,0.35,Llama,False
c0Axfer7QC0,negative,0.5,negative,0.55,agreement,-0.050000000000000044,0.050000000000000044,Llama,False
yu7i_tI2gN4,neutral,0.45,neutral,0.85,agreement,-0.39999999999999997,0.39999999999999997,Llama,False
pmyVHqFlKyw,negative,0.5,negative,0.55,agreement,-0.050000000000000044,0.050000000000000044,Llama,False
8LElTnBX6aA,negative,0.5,negative,0.85,agreement,-0.35,0.35,Llama,False
npzxbI-fJi8,neutral,0.7,neutral,0.85,agreement,-0.15000000000000002,0.15000000000000002,Llama,False
ZpRSFEVrr98,negative,0.7,negative,0.55,agreement,0.1499999999999999,0.1499999999999999,Gemma,False
-hf8VtgXYPo,negative,0.7,negative,0.55,agreement,0.1499999999999999,0.1499999999999999,Gemma,False
XS8MEfACVvA,positive,0.85,positive,0.95,agreement,-0.09999999999999998,0.09999999999999998,Llama,True
ca7ykxHhlgs,negative,0.8,negative,0.95,agreement,-0.1499999999999999,0.1499999999999999,Llama,True
2uCCinEg6uY,negative,0.5,negative,0.92,agreement,-0.42000000000000004,0.42000000000000004,Llama,False
OGjWH5DwuA0,neutral,0.6,neutral,0.85,agreement,-0.25,0.25,Llama,False
aHRBjaUq_b8,neutral,0.7,neutral,0.85,agreement,-0.15000000000000002,0.15000000000000002,Llama,False
JYsL6EhkHwg,neutral,0.75,neutral,1.0,agreement,-0.25,0.25,Llama,False
Gro20J7FAA0,negative,0.5,neutral,0.85,disagreement,-0.35,0.35,Llama,False
i5mjAyfhG3A,negative,0.5,neutral,0.85,disagreement,-0.35,0.35,Llama,False
aFC9iR4I3wk,neutral,0.7,neutral,0.85,agreement,-0.15000000000000002,0.15000000000000002,Llama,False
hSyzH1BOKzs,positive,0.75,positive,0.95,agreement,-0.19999999999999996,0.19999999999999996,Llama,False
_77idUINyUg,neutral,0.85,neutral,1.0,agreement,-0.15000000000000002,0.15000000000000002,Llama,True
xc-iPBaWw4A,negative,0.5,negative,0.95,agreement,-0.44999999999999996,0.44999999999999996,Llama,False
95huIIO0fg8,neutral,0.45,negative,0.55,disagreement,-0.10000000000000003,0.10000000000000003,Llama,False
Z2B9JqJTtmw,positive,0.85,positive,0.95,agreement,-0.09999999999999998,0.09999999999999998,Llama,True
ltaJi7h5tRI,negative,0.5,neutral,0.85,disagreement,-0.35,0.35,Llama,False
Fi5V7FmaG3w,neutral,0.7,positive,0.95,disagreement,-0.25,0.25,Llama,False
aEeZBmOE3cc,neutral,0.7,neutral,1.0,agreement,-0.30000000000000004,0.30000000000000004,Llama,False
H9G7hiYzy6M,positive,0.85,positive,0.95,agreement,-0.09999999999999998,0.09999999999999998,Llama,True
KG3SG0HM3A8,negative,0.5,negative,0.94,agreement,-0.43999999999999995,0.43999999999999995,Llama,False
S39QxMmFw1o,negative,0.55,neutral,0.85,disagreement,-0.29999999999999993,0.29999999999999993,Llama,False
orGQIi5yfLI,neutral,0.7,neutral,0.85,agreement,-0.15000000000000002,0.15000000000000002,Llama,False
kqT9teiqyPc,positive,0.85,positive,0.95,agreement,-0.09999999999999998,0.09999999999999998,Llama,True
NXCb9WTkkVg,negative,0.5,negative,0.9,agreement,-0.4,0.4,Llama,False
FFTCNm8z11s,negative,0.5,neutral,0.85,disagreement,-0.35,0.35,Llama,False
mcyHJwfVjL8,negative,0.55,neutral,0.85,disagreement,-0.29999999999999993,0.29999999999999993,Llama,False
xXzVD4gmnBg,positive,0.85,positive,0.95,agreement,-0.09999999999999998,0.09999999999999998,Llama,True
yVgXj2pXg1Y,negative,0.7,negative,0.95,agreement,-0.25,0.25,Llama,False
Lw8Z14g2Hac,negative,0.5,positive,0.95,disagreement,-0.44999999999999996,0.44999999999999996,Llama,False
7w6n3JMwfFw,negative,0.85,negative,0.9,agreement,-0.050000000000000044,0.050000000000000044,Llama,True
CwJL7QOopNI,negative,0.5,negative,0.55,agreement,-0.050000000000000044,0.050000000000000044,Llama,False
akOtKVlSzyM,negative,0.85,negative,0.94,agreement,-0.08999999999999997,0.08999999999999997,Llama,True
PnpfAxhhZ-g,negative,0.55,negative,0.95,agreement,-0.3999999999999999,0.3999999999999999,Llama,False
Zn9RAuznRlY,negative,0.85,negative,0.95,agreement,-0.09999999999999998,0.09999999999999998,Llama,True
OvxjHzaWgWM,negative,0.5,neutral,0.48,disagreement,0.020000000000000018,0.020000000000000018,Gemma,False
IodnnMkdptg,negative,0.55,neutral,0.85,disagreement,-0.29999999999999993,0.29999999999999993,Llama,False
Qy0ND05biHM,negative,0.5,negative,0.94,agreement,-0.43999999999999995,0.43999999999999995,Llama,False
5ay2LaahGUw,neutral,0.7,neutral,0.85,agreement,-0.15000000000000002,0.15000000000000002,Llama,False
r5T1AMBCwB0,negative,0.7,positive,0.95,disagreement,-0.25,0.25,Llama,False
ToIU9NP-wcg,negative,0.7,negative,0.95,agreement,-0.25,0.25,Llama,False
GdjQdGhIV9k,negative,0.5,neutral,0.85,disagreement,-0.35,0.35,Llama,False
ZoUj5yjLmeA,neutral,0.45,neutral,0.85,agreement,-0.39999999999999997,0.39999999999999997,Llama,False
WPx-nqJsRhk,negative,0.7,negative,0.8,agreement,-0.10000000000000009,0.10000000000000009,Llama,False
ukSE1fdqPac,neutral,0.7,neutral,0.85,agreement,-0.15000000000000002,0.15000000000000002,Llama,False
InUrI9xlHn8,neutral,0.68,positive,0.95,disagreement,-0.2699999999999999,0.2699999999999999,Llama,False
pQsoFJ-oNGE,neutral,0.78,neutral,0.85,agreement,-0.06999999999999995,0.06999999999999995,Llama,False
PVw40GuMVUk,negative,0.55,negative,0.55,agreement,0.0,0.0,Equal,False
K7dLhHV8IDg,negative,0.5,neutral,0.48,disagreement,0.020000000000000018,0.020000000000000018,Gemma,False
X2nhoTCryZk,negative,0.85,negative,0.95,agreement,-0.09999999999999998,0.09999999999999998,Llama,True
axRotKe9Ws0,neutral,0.65,neutral,0.85,agreement,-0.19999999999999996,0.19999999999999996,Llama,False
lfbRFwxW74w,negative,0.5,neutral,0.85,disagreement,-0.35,0.35,Llama,False
R6nDpY_K7ZQ,positive,0.85,positive,0.95,agreement,-0.09999999999999998,0.09999999999999998,Llama,True
eAH3OwOhRa8,negative,0.75,negative,0.95,agreement,-0.19999999999999996,0.19999999999999996,Llama,False
RgmhnfZTLP8,negative,0.5,neutral,0.53,disagreement,-0.030000000000000027,0.030000000000000027,Llama,False
mRTZi8yvtcU,neutral,0.68,positive,0.85,disagreement,-0.16999999999999993,0.16999999999999993,Llama,False
feHexA3rszo,negative,0.5,negative,0.5,agreement,0.0,0.0,Equal,False
0E-76oZ8O8A,neutral,0.6,neutral,0.85,agreement,-0.25,0.25,Llama,False
zWOQGRZBuck,neutral,0.7,neutral,0.85,agreement,-0.15000000000000002,0.15000000000000002,Llama,False
6v7GmuTwkY0,positive,0.85,positive,0.95,agreement,-0.09999999999999998,0.09999999999999998,Llama,True
npjO2Hb5cjc,negative,0.7,negative,0.95,agreement,-0.25,0.25,Llama,False
uMMygt6DcEs,negative,0.6,neutral,0.85,disagreement,-0.25,0.25,Llama,False
9XzxvaGaeRs,neutral,0.7,positive,0.95,disagreement,-0.25,0.25,Llama,False
ZmmgufsbMxQ,negative,0.67,negative,0.55,agreement,0.12,0.12,Gemma,False
ZjRJUJroPFA,negative,0.5,neutral,0.85,disagreement,-0.35,0.35,Llama,False
Ishk1PIOqPA,negative,0.5,neutral,0.85,disagreement,-0.35,0.35,Llama,False
IesPOqyi7Yk,neutral,0.78,neutral,1.0,agreement,-0.21999999999999997,0.21999999999999997,Llama,False
Cv7BeL5FxZE,negative,0.5,negative,0.5,agreement,0.0,0.0,Equal,False
QfbeQlWGPQQ,neutral,0.7,neutral,0.85,agreement,-0.15000000000000002,0.15000000000000002,Llama,False
bvwKmmnsEf4,negative,0.7,negative,0.95,agreement,-0.25,0.25,Llama,False
mNAGmh9pFIk,neutral,0.7,neutral,0.85,agreement,-0.15000000000000002,0.15000000000000002,Llama,False
grje2Przj6s,negative,0.55,neutral,1.0,disagreement,-0.44999999999999996,0.44999999999999996,Llama,False
uuedEfALnS4,negative,0.6,negative,0.8,agreement,-0.20000000000000007,0.20000000000000007,Llama,False
cedo4QFli3w,negative,0.7,neutral,0.85,disagreement,-0.15000000000000002,0.15000000000000002,Llama,False
VW1eoFtQYJo,negative,0.75,negative,0.55,agreement,0.19999999999999996,0.19999999999999996,Gemma,False
2oCIgjD19Vg,neutral,0.7,neutral,0.85,agreement,-0.15000000000000002,0.15000000000000002,Llama,False
LQyVMQWDUck,neutral,0.65,neutral,0.85,agreement,-0.19999999999999996,0.19999999999999996,Llama,False
zw6VwPwL_FM,negative,0.5,negative,0.8,agreement,-0.30000000000000004,0.30000000000000004,Llama,False
C0LycnUttQ0,neutral,0.7,neutral,0.85,agreement,-0.15000000000000002,0.15000000000000002,Llama,False
udclYrdv-nk,neutral,0.85,neutral,1.0,agreement,-0.15000000000000002,0.15000000000000002,Llama,True
YuIbH4g3W04,neutral,0.7,neutral,0.48,agreement,0.21999999999999997,0.21999999999999997,Gemma,False
GPg_xRxroNI,negative,0.7,neutral,0.85,disagreement,-0.15000000000000002,0.15000000000000002,Llama,False
uOWfJmdmezw,neutral,0.7,neutral,0.85,agreement,-0.15000000000000002,0.15000000000000002,Llama,False
3wnz58MBuNE,negative,0.8,negative,0.94,agreement,-0.1399999999999999,0.1399999999999999,Llama,True
6BnyUnI9gYY,negative,0.85,negative,0.95,agreement,-0.09999999999999998,0.09999999999999998,Llama,True
izX2vsQvT4s,negative,0.72,neutral,0.85,disagreement,-0.13,0.13,Llama,False
GfgpDyNLEnc,neutral,0.45,neutral,0.85,agreement,-0.39999999999999997,0.39999999999999997,Llama,False
Kfqnk1Bs6cA,neutral,0.45,neutral,0.85,agreement,-0.39999999999999997,0.39999999999999997,Llama,False
6w5NSEGSlfE,positive,0.85,positive,0.95,agreement,-0.09999999999999998,0.09999999999999998,Llama,True
x_6x1JmmJzk,negative,0.55,neutral,0.85,disagreement,-0.29999999999999993,0.29999999999999993,Llama,False
u_bFjHKVlz8,neutral,0.7,positive,0.85,disagreement,-0.15000000000000002,0.15000000000000002,Llama,False
3SooZzfp9as,negative,0.7,negative,0.95,agreement,-0.25,0.25,Llama,False
QgJiryEjC7E,neutral,0.7,positive,0.95,disagreement,-0.25,0.25,Llama,False
XiOZSLzmd8k,neutral,0.45,neutral,0.85,agreement,-0.39999999999999997,0.39999999999999997,Llama,False
HxpMqFLIWtA,positive,0.85,positive,0.95,agreement,-0.09999999999999998,0.09999999999999998,Llama,True
7pjt5FXpW0c,neutral,0.45,neutral,0.85,agreement,-0.39999999999999997,0.39999999999999997,Llama,False
2MuBcEy5o0A,negative,0.5,neutral,0.85,disagreement,-0.35,0.35,Llama,False
E-JBeBdqd0Y,negative,0.67,negative,0.54,agreement,0.13,0.13,Gemma,False
RKwU0E8MwLA,negative,0.5,negative,0.95,agreement,-0.44999999999999996,0.44999999999999996,Llama,False
y3sDejGok80,negative,0.7,neutral,0.85,disagreement,-0.15000000000000002,0.15000000000000002,Llama,False
-J-Po43_--w,negative,0.85,negative,0.95,agreement,-0.09999999999999998,0.09999999999999998,Llama,True
aMyhiKyCEk0,neutral,0.45,neutral,0.85,agreement,-0.39999999999999997,0.39999999999999997,Llama,False
ZJn4GGm3-s4,neutral,0.7,positive,0.95,disagreement,-0.25,0.25,Llama,False
zqFHEHv5JIA,neutral,0.6,neutral,0.85,agreement,-0.25,0.25,Llama,False
lz10b2UmMDA,negative,0.5,negative,0.5,agreement,0.0,0.0,Equal,False
tfr9pp8KI8o,negative,0.7,negative,0.9,agreement,-0.20000000000000007,0.20000000000000007,Llama,False
fPzPePyJo04,negative,0.55,negative,0.9,agreement,-0.35,0.35,Llama,False
H4rzcnw_qBE,neutral,0.7,neutral,1.0,agreement,-0.30000000000000004,0.30000000000000004,Llama,False
HyeucgUgOVU,positive,0.85,positive,0.95,agreement,-0.09999999999999998,0.09999999999999998,Llama,True
Y3lAtNTo0FM,neutral,0.7,neutral,0.85,agreement,-0.15000000000000002,0.15000000000000002,Llama,False
vudAEbS9fqM,neutral,0.7,neutral,1.0,agreement,-0.30000000000000004,0.30000000000000004,Llama,False
twpCCXwj6rM,positive,0.7879,neutral,0.85,disagreement,-0.06209999999999993,0.06209999999999993,Llama,False
sUju9hX9FtM,neutral,0.45,neutral,0.85,agreement,-0.39999999999999997,0.39999999999999997,Llama,False
j6nSYjhQ4yU,neutral,0.75,neutral,1.0,agreement,-0.25,0.25,Llama,False
m_ABIhyh_28,neutral,0.45,neutral,0.85,agreement,-0.39999999999999997,0.39999999999999997,Llama,False
M-tRDy9KrpI,positive,0.7879,positive,1.0,agreement,-0.21209999999999996,0.21209999999999996,Llama,False
JsGsUgRl1Ag,neutral,0.45,neutral,0.85,agreement,-0.39999999999999997,0.39999999999999997,Llama,False
l7hr4xzhFGY,neutral,0.7,negative,0.9,disagreement,-0.20000000000000007,0.20000000000000007,Llama,False
Wo9qFWlf5rg,negative,0.5,positive,0.95,disagreement,-0.44999999999999996,0.44999999999999996,Llama,False
b9xmotSMd7c,neutral,0.45,neutral,0.85,agreement,-0.39999999999999997,0.39999999999999997,Llama,False
-MK2SR3pRF8,neutral,0.7,negative,0.55,disagreement,0.1499999999999999,0.1499999999999999,Gemma,False
QgN6pfhAWT8,positive,0.85,neutral,0.55,disagreement,0.29999999999999993,0.29999999999999993,Gemma,False
WalEiZbkz6s,negative,0.7,neutral,0.85,disagreement,-0.15000000000000002,0.15000000000000002,Llama,False
9PkfcHD_a6E,neutral,0.85,neutral,0.95,agreement,-0.09999999999999998,0.09999999999999998,Llama,True
a9I69hz9THs,neutral,0.8,neutral,1.0,agreement,-0.19999999999999996,0.19999999999999996,Llama,True
mojJvlbcq8U,negative,0.85,negative,0.95,agreement,-0.09999999999999998,0.09999999999999998,Llama,True
EQH5pWWllXk,neutral,0.45,negative,0.55,disagreement,-0.10000000000000003,0.10000000000000003,Llama,False
w3HDm7fGsjo,neutral,0.75,neutral,1.0,agreement,-0.25,0.25,Llama,False
vrWKxBV9KMw,neutral,0.7,neutral,0.85,agreement,-0.15000000000000002,0.15000000000000002,Llama,False
wVphLBoN2-o,neutral,0.7,positive,0.55,disagreement,0.1499999999999999,0.1499999999999999,Gemma,False
-xWZM__b_lg,neutral,0.8,neutral,0.85,agreement,-0.04999999999999993,0.04999999999999993,Llama,True
N9FiVoaLTL8,neutral,0.45,neutral,0.85,agreement,-0.39999999999999997,0.39999999999999997,Llama,False
DS4iHv7361I,neutral,0.8,neutral,0.85,agreement,-0.04999999999999993,0.04999999999999993,Llama,True
d8BeOtg7jYc,negative,0.85,negative,0.95,agreement,-0.09999999999999998,0.09999999999999998,Llama,True
Wy3ee4Lxh2Y,neutral,0.68,neutral,0.85,agreement,-0.16999999999999993,0.16999999999999993,Llama,False
PRj_U5days8,negative,0.7,negative,0.8,agreement,-0.10000000000000009,0.10000000000000009,Llama,False
33GECflf3Ds,negative,0.67,negative,0.55,agreement,0.12,0.12,Gemma,False
8DB8I2LQpV8,neutral,0.7,neutral,0.85,agreement,-0.15000000000000002,0.15000000000000002,Llama,False
XfNxJSv32Vk,negative,0.7,neutral,1.0,disagreement,-0.30000000000000004,0.30000000000000004,Llama,False
ryk7P50NggE,neutral,0.85,neutral,1.0,agreement,-0.15000000000000002,0.15000000000000002,Llama,True
rf6JL5tbGcY,negative,0.85,positive,0.95,disagreement,-0.09999999999999998,0.09999999999999998,Llama,False
ywLsFXO8Waw,positive,0.85,positive,0.95,agreement,-0.09999999999999998,0.09999999999999998,Llama,True
Dh6ybs9C8KQ,neutral,0.7,neutral,0.85,agreement,-0.15000000000000002,0.15000000000000002,Llama,False
Dd4K7h1VIdE,negative,0.5,positive,0.95,disagreement,-0.44999999999999996,0.44999999999999996,Llama,False
E8RYutJl9dg,neutral,0.7,neutral,0.85,agreement,-0.15000000000000002,0.15000000000000002,Llama,False
HhCtcLFTScE,neutral,0.7,neutral,0.85,agreement,-0.15000000000000002,0.15000000000000002,Llama,False
h78E2iKnlZ4,negative,0.55,negative,0.55,agreement,0.0,0.0,Equal,False
UDPGzNHBtIk,neutral,0.45,neutral,0.85,agreement,-0.39999999999999997,0.39999999999999997,Llama,False
f8mh9-eoe9o,negative,0.7,negative,0.55,agreement,0.1499999999999999,0.1499999999999999,Gemma,False
bE-NgNztiSM,negative,0.7,negative,0.9,agreement,-0.20000000000000007,0.20000000000000007,Llama,False
vJA5ePgd5vA,negative,0.55,neutral,0.85,disagreement,-0.29999999999999993,0.29999999999999993,Llama,False
M_29l9JZYHc,negative,0.5,negative,0.95,agreement,-0.44999999999999996,0.44999999999999996,Llama,False
kNobEkZNRjo,neutral,0.7,negative,0.9,disagreement,-0.20000000000000007,0.20000000000000007,Llama,False
O-vxmD6Go3U,positive,0.7879,neutral,1.0,disagreement,-0.21209999999999996,0.21209999999999996,Llama,False
udBbTMtuJRM,negative,0.55,negative,0.95,agreement,-0.3999999999999999,0.3999999999999999,Llama,False
35i5ciImtrE,neutral,0.6,neutral,0.85,agreement,-0.25,0.25,Llama,False
j02Kc0ujdfA,positive,0.75,positive,0.95,agreement,-0.19999999999999996,0.19999999999999996,Llama,False
AUhbBGg_xe4,neutral,0.7,neutral,0.85,agreement,-0.15000000000000002,0.15000000000000002,Llama,False
BUEHmHFjeQY,positive,0.85,positive,0.95,agreement,-0.09999999999999998,0.09999999999999998,Llama,True
8ZvCvwUVQZs,neutral,0.7,neutral,0.85,agreement,-0.15000000000000002,0.15000000000000002,Llama,False
cdwWdLsbi5I,neutral,0.7,neutral,0.85,agreement,-0.15000000000000002,0.15000000000000002,Llama,False
q6XMQQlWumQ,negative,0.7,negative,0.95,agreement,-0.25,0.25,Llama,False
Uyxf258TYME,neutral,0.45,negative,0.8,disagreement,-0.35000000000000003,0.35000000000000003,Llama,False
lFD8aH6zq0Y,positive,0.85,positive,0.95,agreement,-0.09999999999999998,0.09999999999999998,Llama,True
OdgkauvJJS4,neutral,0.65,neutral,0.85,agreement,-0.19999999999999996,0.19999999999999996,Llama,False
GAz-Ffe0GXM,negative,0.85,negative,1.0,agreement,-0.15000000000000002,0.15000000000000002,Llama,True
b47GwJ3tfQw,neutral,0.8,neutral,0.85,agreement,-0.04999999999999993,0.04999999999999993,Llama,True
GS6B6sG601Y,neutral,0.45,neutral,0.85,agreement,-0.39999999999999997,0.39999999999999997,Llama,False
az5oV-K_Azk,negative,0.5,neutral,0.85,disagreement,-0.35,0.35,Llama,False
NvjfoCeY_Pw,neutral,0.7,neutral,0.85,agreement,-0.15000000000000002,0.15000000000000002,Llama,False
PElVRqYjUwU,negative,0.5,neutral,0.85,disagreement,-0.35,0.35,Llama,False
tfXjFlEryHo,negative,0.7,negative,0.95,agreement,-0.25,0.25,Llama,False
FlNXJ-Ss6Fo,negative,0.55,negative,0.5,agreement,0.050000000000000044,0.050000000000000044,Gemma,False
2klMuWfca0U,neutral,0.72,neutral,0.85,agreement,-0.13,0.13,Llama,False
fOWo1NJrSnA,negative,0.55,neutral,1.0,disagreement,-0.44999999999999996,0.44999999999999996,Llama,False
AqJc_cwe08k,negative,0.55,neutral,0.85,disagreement,-0.29999999999999993,0.29999999999999993,Llama,False
_wVb2fEj1mA,positive,0.85,positive,0.95,agreement,-0.09999999999999998,0.09999999999999998,Llama,True
UemiOvQ1MPc,negative,0.5,neutral,0.85,disagreement,-0.35,0.35,Llama,False
MDpIWCsaiTQ,negative,0.7,neutral,0.85,disagreement,-0.15000000000000002,0.15000000000000002,Llama,False
DBAdylu5DTw,neutral,0.8,neutral,0.85,agreement,-0.04999999999999993,0.04999999999999993,Llama,True
6i5adglrAe0,negative,0.7,negative,0.55,agreement,0.1499999999999999,0.1499999999999999,Gemma,False
_dyniJ7QJ1E,negative,0.7,negative,0.95,agreement,-0.25,0.25,Llama,False
364Mpy2G688,negative,0.85,negative,0.9,agreement,-0.050000000000000044,0.050000000000000044,Llama,True
dCdUiRGtOU8,neutral,0.45,neutral,0.85,agreement,-0.39999999999999997,0.39999999999999997,Llama,False
4U0IvB3jXis,neutral,0.7,neutral,1.0,agreement,-0.30000000000000004,0.30000000000000004,Llama,False
-Dq1aizEFQQ,negative,0.85,negative,0.95,agreement,-0.09999999999999998,0.09999999999999998,Llama,True
gldnIX7a8dY,neutral,0.7,neutral,0.85,agreement,-0.15000000000000002,0.15000000000000002,Llama,False
lQN-jA58Wpk,neutral,0.45,neutral,0.85,agreement,-0.39999999999999997,0.39999999999999997,Llama,False
7a6pnR5A7YE,negative,0.6,negative,0.94,agreement,-0.33999999999999997,0.33999999999999997,Llama,False
CSkyeHRX1Zc,neutral,0.7,neutral,1.0,agreement,-0.30000000000000004,0.30000000000000004,Llama,False
cCFzm5zYtss,neutral,0.7,neutral,0.85,agreement,-0.15000000000000002,0.15000000000000002,Llama,False
7-MnmjamZOc,negative,0.85,negative,0.95,agreement,-0.09999999999999998,0.09999999999999998,Llama,True
OTm2PdCUbCE,neutral,0.75,neutral,0.85,agreement,-0.09999999999999998,0.09999999999999998,Llama,False
pLUYV383x0Y,negative,0.5,negative,0.55,agreement,-0.050000000000000044,0.050000000000000044,Llama,False
3tk2Pt9IZyg,neutral,0.7,neutral,0.85,agreement,-0.15000000000000002,0.15000000000000002,Llama,False
b37X2Azvln4,neutral,0.85,neutral,0.85,agreement,0.0,0.0,Equal,True
nArULZyXh90,neutral,0.7,neutral,0.85,agreement,-0.15000000000000002,0.15000000000000002,Llama,False
Tq85vJkoxGI,neutral,0.7,neutral,1.0,agreement,-0.30000000000000004,0.30000000000000004,Llama,False
sFR8gbVatLI,neutral,0.65,neutral,0.85,agreement,-0.19999999999999996,0.19999999999999996,Llama,False
kr9N3Gf89uU,positive,0.85,positive,0.95,agreement,-0.09999999999999998,0.09999999999999998,Llama,True
-G7imBskuhE,neutral,0.7,neutral,1.0,agreement,-0.30000000000000004,0.30000000000000004,Llama,False
FtuN7rz8mNA,negative,0.7,neutral,0.89,disagreement,-0.19000000000000006,0.19000000000000006,Llama,False
BzyZszuIMXw,negative,0.7,negative,0.9,agreement,-0.20000000000000007,0.20000000000000007,Llama,False
Wswus79UY8w,negative,0.5,negative,0.8,agreement,-0.30000000000000004,0.30000000000000004,Llama,False
O-Dt7gh2NSg,positive,0.78,positive,0.95,agreement,-0.16999999999999993,0.16999999999999993,Llama,False
HX8bGIwN6Q4,negative,0.5,neutral,0.58,disagreement,-0.07999999999999996,0.07999999999999996,Llama,False
-XRqaDk40hg,positive,0.85,positive,0.95,agreement,-0.09999999999999998,0.09999999999999998,Llama,True
u6sCNFNhz_o,positive,0.75,positive,0.95,agreement,-0.19999999999999996,0.19999999999999996,Llama,False
Yq0NnINcIcQ,negative,0.5,negative,0.55,agreement,-0.050000000000000044,0.050000000000000044,Llama,False
wvN6G9NFjMI,positive,0.85,positive,0.98,agreement,-0.13,0.13,Llama,True
fCALnM5U4TI,positive,0.85,positive,0.95,agreement,-0.09999999999999998,0.09999999999999998,Llama,True
9Sw-3-ybGTQ,neutral,0.78,neutral,0.85,agreement,-0.06999999999999995,0.06999999999999995,Llama,False
xXrZjObDRRs,negative,0.5,positive,0.95,disagreement,-0.44999999999999996,0.44999999999999996,Llama,False
fbnDYYxcjV0,negative,0.5,positive,0.85,disagreement,-0.35,0.35,Llama,False
FoowhPiZ9Nk,negative,0.53,positive,0.85,disagreement,-0.31999999999999995,0.31999999999999995,Llama,False
DkvlSo5uRSk,positive,0.75,positive,0.95,agreement,-0.19999999999999996,0.19999999999999996,Llama,False
WN9SgVyozvA,negative,0.5,negative,0.55,agreement,-0.050000000000000044,0.050000000000000044,Llama,False
kBSlBrWGm50,neutral,0.78,neutral,0.85,agreement,-0.06999999999999995,0.06999999999999995,Llama,False
IM32LH0f-9w,neutral,0.7,neutral,0.85,agreement,-0.15000000000000002,0.15000000000000002,Llama,False
SFjo4M3uvuU,negative,0.5,neutral,0.85,disagreement,-0.35,0.35,Llama,False
L1y0VfZP6zY,positive,0.85,neutral,1.0,disagreement,-0.15000000000000002,0.15000000000000002,Llama,False
CPCMZI7LSN0,positive,0.85,positive,0.95,agreement,-0.09999999999999998,0.09999999999999998,Llama,True
NAdveqaab_g,positive,0.82,positive,0.95,agreement,-0.13,0.13,Llama,True
42o1PjL_vZw,positive,0.85,positive,0.95,agreement,-0.09999999999999998,0.09999999999999998,Llama,True
7RPGdDgbhhQ,positive,0.75,positive,0.95,agreement,-0.19999999999999996,0.19999999999999996,Llama,False
9tyxHeDNFU4,negative,0.7,positive,0.95,disagreement,-0.25,0.25,Llama,False
dZOBQHp2afw,negative,0.5,neutral,0.85,disagreement,-0.35,0.35,Llama,False
n5OE5Jh8W1g,positive,0.78,positive,0.95,agreement,-0.16999999999999993,0.16999999999999993,Llama,False
wrDQm4krpaM,negative,0.5,negative,0.55,agreement,-0.050000000000000044,0.050000000000000044,Llama,False
G1oEY94bdWs,positive,0.85,positive,0.95,agreement,-0.09999999999999998,0.09999999999999998,Llama,True
Lxsx5GQ5omM,negative,0.6,negative,0.55,agreement,0.04999999999999993,0.04999999999999993,Gemma,False
NYqjucEOnNk,negative,0.5,negative,0.9,agreement,-0.4,0.4,Llama,False
t4eDXS7d9tw,positive,0.85,positive,0.95,agreement,-0.09999999999999998,0.09999999999999998,Llama,True
hBuMnYVP1S4,neutral,0.7,neutral,0.85,agreement,-0.15000000000000002,0.15000000000000002,Llama,False
5ePsh5ADOFo,negative,0.5,negative,0.55,agreement,-0.050000000000000044,0.050000000000000044,Llama,False
9A4AqYj663g,negative,0.67,neutral,0.85,disagreement,-0.17999999999999994,0.17999999999999994,Llama,False
OW8ALdGzvAI,positive,0.85,positive,0.95,agreement,-0.09999999999999998,0.09999999999999998,Llama,True
uHXyDavUaLk,positive,0.85,positive,0.85,agreement,0.0,0.0,Equal,True
pWCyTRz2fSI,positive,0.65,positive,0.95,agreement,-0.29999999999999993,0.29999999999999993,Llama,False
x6cJ550bcZU,positive,0.75,positive,0.95,agreement,-0.19999999999999996,0.19999999999999996,Llama,False
3L_KHFovRf8,positive,0.75,positive,0.95,agreement,-0.19999999999999996,0.19999999999999996,Llama,False
2TZe9ETYJI8,neutral,0.7,neutral,0.85,agreement,-0.15000000000000002,0.15000000000000002,Llama,False
60kLyJg_ePY,neutral,0.68,neutral,0.58,agreement,0.10000000000000009,0.10000000000000009,Gemma,False
xdyRRJX4HaI,neutral,0.7,neutral,0.85,agreement,-0.15000000000000002,0.15000000000000002,Llama,False
sEkwJ77suEs,neutral,0.7,neutral,0.85,agreement,-0.15000000000000002,0.15000000000000002,Llama,False
izNRL8hAKQs,neutral,0.65,positive,0.95,disagreement,-0.29999999999999993,0.29999999999999993,Llama,False
Hh0VxTy6LWc,positive,0.85,positive,0.95,agreement,-0.09999999999999998,0.09999999999999998,Llama,True
giayCGoigZM,negative,0.6,negative,0.9,agreement,-0.30000000000000004,0.30000000000000004,Llama,False
kY1irHy0JGg,neutral,0.65,neutral,0.48,agreement,0.17000000000000004,0.17000000000000004,Gemma,False
5jyckxAxiF8,positive,0.85,neutral,0.85,disagreement,0.0,0.0,Equal,False
bXILIKUdJX0,positive,0.7879,positive,0.95,agreement,-0.1620999999999999,0.1620999999999999,Llama,False
dkabWxAEpso,negative,0.67,neutral,0.85,disagreement,-0.17999999999999994,0.17999999999999994,Llama,False
x0Ew1zzSxR8,neutral,0.78,neutral,0.85,agreement,-0.06999999999999995,0.06999999999999995,Llama,False
8xrsU2ChBa8,neutral,0.8,neutral,1.0,agreement,-0.19999999999999996,0.19999999999999996,Llama,True
xQQLpXbXqdI,positive,0.85,positive,0.95,agreement,-0.09999999999999998,0.09999999999999998,Llama,True
om8_GAjHLMc,positive,0.7879,positive,0.95,agreement,-0.1620999999999999,0.1620999999999999,Llama,False
Xj4k2j1xoS4,negative,0.5,negative,0.6,agreement,-0.09999999999999998,0.09999999999999998,Llama,False
ha7yNsW35wU,negative,0.5,negative,0.55,agreement,-0.050000000000000044,0.050000000000000044,Llama,False
sXdv7OyCgCg,neutral,0.78,neutral,0.85,agreement,-0.06999999999999995,0.06999999999999995,Llama,False
C2gPn0siUEA,negative,0.67,neutral,0.85,disagreement,-0.17999999999999994,0.17999999999999994,Llama,False
CVhQaBIwFys,negative,0.6,negative,0.55,agreement,0.04999999999999993,0.04999999999999993,Gemma,False
Arn1ytQ7Lns,negative,0.75,negative,0.95,agreement,-0.19999999999999996,0.19999999999999996,Llama,False
aQaZoVrlaaA,positive,0.75,positive,0.95,agreement,-0.19999999999999996,0.19999999999999996,Llama,False
eWnyDqmZT2c,negative,0.5,negative,0.83,agreement,-0.32999999999999996,0.32999999999999996,Llama,False
h_68AYy0mag,neutral,0.7,neutral,0.85,agreement,-0.15000000000000002,0.15000000000000002,Llama,False
Xy-fTTDwuyA,negative,0.5,positive,0.85,disagreement,-0.35,0.35,Llama,False
uPTzkIwdt9I,neutral,0.68,neutral,0.53,agreement,0.15000000000000002,0.15000000000000002,Gemma,False
r6ddXosGVnU,positive,0.85,positive,0.85,agreement,0.0,0.0,Equal,True
3Xq1CKezbsA,negative,0.5,neutral,0.85,disagreement,-0.35,0.35,Llama,False
mKJao6wkto0,neutral,0.45,neutral,0.85,agreement,-0.39999999999999997,0.39999999999999997,Llama,False
eWAdI9CrjDE,positive,0.85,positive,0.95,agreement,-0.09999999999999998,0.09999999999999998,Llama,True
kgeU9_Cmivc,neutral,0.7,neutral,0.48,agreement,0.21999999999999997,0.21999999999999997,Gemma,False
etGEw37bxn4,neutral,0.45,neutral,0.85,agreement,-0.39999999999999997,0.39999999999999997,Llama,False
3pRow7b5NA0,negative,0.8,neutral,0.85,disagreement,-0.04999999999999993,0.04999999999999993,Llama,False
v-j9jsIzF2I,positive,0.85,positive,0.95,agreement,-0.09999999999999998,0.09999999999999998,Llama,True
sHYUrGrWiLs,positive,0.85,positive,0.95,agreement,-0.09999999999999998,0.09999999999999998,Llama,True
Q-z7FyIukNI,positive,0.85,positive,0.95,agreement,-0.09999999999999998,0.09999999999999998,Llama,True
v1P3QVi_-ow,negative,0.75,negative,0.95,agreement,-0.19999999999999996,0.19999999999999996,Llama,False
S2WnqYS1FIw,negative,0.5,negative,0.55,agreement,-0.050000000000000044,0.050000000000000044,Llama,False
jhqhsSy0AGY,positive,0.85,positive,0.95,agreement,-0.09999999999999998,0.09999999999999998,Llama,True
4PVL_P4rvVc,negative,0.5,negative,0.55,agreement,-0.050000000000000044,0.050000000000000044,Llama,False
Jk4w9_IKAWY,negative,0.5,negative,0.55,agreement,-0.050000000000000044,0.050000000000000044,Llama,False
d7cUkACvsa8,negative,0.5,neutral,0.58,disagreement,-0.07999999999999996,0.07999999999999996,Llama,False
BUbetii-xUI,negative,0.7,negative,0.95,agreement,-0.25,0.25,Llama,False
XhTOqmXZnEM,positive,0.85,positive,0.95,agreement,-0.09999999999999998,0.09999999999999998,Llama,True
iK7upwLQrFU,negative,0.8,negative,0.95,agreement,-0.1499999999999999,0.1499999999999999,Llama,True
4467AOsnQ70,positive,0.85,neutral,0.85,disagreement,0.0,0.0,Equal,False
siebDicc1-A,negative,0.5,positive,0.95,disagreement,-0.44999999999999996,0.44999999999999996,Llama,False
n5z4D1qY3V4,positive,0.85,positive,0.95,agreement,-0.09999999999999998,0.09999999999999998,Llama,True
5yYOfzkKbZY,negative,0.85,positive,0.95,disagreement,-0.09999999999999998,0.09999999999999998,Llama,False
P_OY70ulOZI,neutral,0.45,neutral,0.85,agreement,-0.39999999999999997,0.39999999999999997,Llama,False
Gj4L5NpyaxE,neutral,0.45,positive,0.55,disagreement,-0.10000000000000003,0.10000000000000003,Llama,False
gAgGhxBKnJI,positive,0.85,positive,0.95,agreement,-0.09999999999999998,0.09999999999999998,Llama,True
x3C1oAneHR4,neutral,0.7,neutral,0.85,agreement,-0.15000000000000002,0.15000000000000002,Llama,False
AxVdpdXnRiM,negative,0.7,neutral,0.85,disagreement,-0.15000000000000002,0.15000000000000002,Llama,False
yrf3thLngVA,negative,0.53,negative,0.55,agreement,-0.020000000000000018,0.020000000000000018,Llama,False
Y0wC7TAPpNE,negative,0.5,negative,0.8,agreement,-0.30000000000000004,0.30000000000000004,Llama,False
By6lPBZTBxg,negative,0.5,neutral,0.56,disagreement,-0.06000000000000005,0.06000000000000005,Llama,False
Ncr04i27KyU,negative,0.5,negative,0.5,agreement,0.0,0.0,Equal,False
24IZ7rk8YaM,positive,0.85,positive,0.95,agreement,-0.09999999999999998,0.09999999999999998,Llama,True
oegzCMibWWU,negative,0.5,neutral,0.53,disagreement,-0.030000000000000027,0.030000000000000027,Llama,False
rsJ3Il6t-Y0,negative,0.6,neutral,0.85,disagreement,-0.25,0.25,Llama,False
YcEAsBSF2lQ,neutral,0.85,neutral,1.0,agreement,-0.15000000000000002,0.15000000000000002,Llama,True
hzc35E0PJqM,positive,0.85,positive,0.95,agreement,-0.09999999999999998,0.09999999999999998,Llama,True
AQohSrAc0zU,neutral,0.7,neutral,0.85,agreement,-0.15000000000000002,0.15000000000000002,Llama,False
9t3_CdjrcvE,negative,0.5,neutral,0.85,disagreement,-0.35,0.35,Llama,False
kZD8OUGe-vc,negative,0.5,negative,0.55,agreement,-0.050000000000000044,0.050000000000000044,Llama,False
IQukOuSHUDY,negative,0.6,negative,0.55,agreement,0.04999999999999993,0.04999999999999993,Gemma,False
FN_MjAdElrw,positive,0.85,positive,0.95,agreement,-0.09999999999999998,0.09999999999999998,Llama,True
GzdS_hJVbNg,negative,0.53,neutral,0.85,disagreement,-0.31999999999999995,0.31999999999999995,Llama,False
OmWDEDYgGLg,negative,0.5,neutral,0.58,disagreement,-0.07999999999999996,0.07999999999999996,Llama,False
Vv-GoVLUIh8,negative,0.5,neutral,0.58,disagreement,-0.07999999999999996,0.07999999999999996,Llama,False
GWQNX8UtQ9s,negative,0.5,neutral,0.56,disagreement,-0.06000000000000005,0.06000000000000005,Llama,False
p_N2qgMoB0A,negative,0.5,neutral,0.85,disagreement,-0.35,0.35,Llama,False
UcTbsw4CYR4,negative,0.5,negative,0.5,agreement,0.0,0.0,Equal,False
6mz4F_MBeMA,positive,0.85,positive,0.95,agreement,-0.09999999999999998,0.09999999999999998,Llama,True
5ls6JGJgKC4,negative,0.78,negative,0.95,agreement,-0.16999999999999993,0.16999999999999993,Llama,False
RPyQQjg7ScE,negative,0.6,negative,0.5,agreement,0.09999999999999998,0.09999999999999998,Gemma,False
rvDt_w2QIE0,negative,0.8,negative,0.9,agreement,-0.09999999999999998,0.09999999999999998,Llama,True
EeP7VuKto3w,neutral,0.75,neutral,1.0,agreement,-0.25,0.25,Llama,False
J33W0uyvxuo,positive,0.78,neutral,0.85,disagreement,-0.06999999999999995,0.06999999999999995,Llama,False
VpPwCgfss_A,negative,0.6,negative,0.8,agreement,-0.20000000000000007,0.20000000000000007,Llama,False
ApXqwI9Np7E,neutral,0.7,neutral,0.85,agreement,-0.15000000000000002,0.15000000000000002,Llama,False
DsnzasYaeCQ,neutral,0.7,neutral,0.85,agreement,-0.15000000000000002,0.15000000000000002,Llama,False
iDU0E4HPP6g,neutral,0.7,neutral,0.85,agreement,-0.15000000000000002,0.15000000000000002,Llama,False
CaNV6PpaPIw,negative,0.75,negative,0.95,agreement,-0.19999999999999996,0.19999999999999996,Llama,False
GgrJSLQasjc,negative,0.7,,,disagreement,,,Equal,False
9B_gB7xdj9E,negative,0.7,,,disagreement,,,Equal,False
49IGUWXwLnw,neutral,0.68,,,disagreement,,,Equal,False
pbucp_9hk_A,negative,0.6,,,disagreement,,,Equal,False
Vqqr0uYC1wc,neutral,0.45,,,disagreement,,,Equal,False
krqexaRayJU,neutral,0.7,neutral,0.85,agreement,-0.15000000000000002,0.15000000000000002,Llama,False
idbUaRVNhBA,negative,0.6,negative,0.55,agreement,0.04999999999999993,0.04999999999999993,Gemma,False
H-7XEi8CHeE,neutral,0.7,neutral,0.85,agreement,-0.15000000000000002,0.15000000000000002,Llama,False
cgoCnmeJnVw,positive,0.82,positive,0.95,agreement,-0.13,0.13,Llama,True
lyJVdfUv5QY,positive,0.85,positive,0.85,agreement,0.0,0.0,Equal,True
hdI2UStSqH8,negative,0.7,neutral,0.85,disagreement,-0.15000000000000002,0.15000000000000002,Llama,False
jOjh07l-K64,positive,0.82,positive,0.95,agreement,-0.13,0.13,Llama,True
84-lYdFjPiA,neutral,0.78,neutral,0.85,agreement,-0.06999999999999995,0.06999999999999995,Llama,False
pw_5b54gq80,negative,0.5,neutral,0.85,disagreement,-0.35,0.35,Llama,False
SkBt4zfoxiw,neutral,0.7,neutral,0.85,agreement,-0.15000000000000002,0.15000000000000002,Llama,False
P0XCVSh5Gys,neutral,0.65,neutral,0.93,agreement,-0.28,0.28,Llama,False
IgLcSBDujoM,neutral,0.45,neutral,0.85,agreement,-0.39999999999999997,0.39999999999999997,Llama,False
tusQ48ZZiJs,neutral,0.45,neutral,0.85,agreement,-0.39999999999999997,0.39999999999999997,Llama,False
-1LFr0cveVk,neutral,0.7,neutral,0.85,agreement,-0.15000000000000002,0.15000000000000002,Llama,False
0s0pp_Ok808,negative,0.5,neutral,0.56,disagreement,-0.06000000000000005,0.06000000000000005,Llama,False
Us5rc-pPe8U,negative,0.6,neutral,0.85,disagreement,-0.25,0.25,Llama,False
NJ_-bz_FSMY,negative,0.6,neutral,0.85,disagreement,-0.25,0.25,Llama,False
qdrW4wmNK6E,positive,0.82,positive,0.95,agreement,-0.13,0.13,Llama,True
_PeCOwuwsXs,neutral,0.7,neutral,0.85,agreement,-0.15000000000000002,0.15000000000000002,Llama,False
39ywYN6GvWs,negative,0.5,neutral,0.85,disagreement,-0.35,0.35,Llama,False
e9nogfjOMZ0,neutral,0.78,neutral,0.85,agreement,-0.06999999999999995,0.06999999999999995,Llama,False
htpuYdEWvP8,neutral,0.78,neutral,0.85,agreement,-0.06999999999999995,0.06999999999999995,Llama,False
MIvbOvpR5V8,positive,0.85,positive,0.95,agreement,-0.09999999999999998,0.09999999999999998,Llama,True
dqwqSHbT6JY,neutral,0.68,neutral,0.85,agreement,-0.16999999999999993,0.16999999999999993,Llama,False
xxqKuFFA7vc,neutral,0.7,neutral,1.0,agreement,-0.30000000000000004,0.30000000000000004,Llama,False
KUw6CaDm4rY,positive,0.75,neutral,0.85,disagreement,-0.09999999999999998,0.09999999999999998,Llama,False
STwhzkW5gaQ,positive,0.78,positive,0.85,agreement,-0.06999999999999995,0.06999999999999995,Llama,False
vVowUktO_68,neutral,0.7,neutral,0.85,agreement,-0.15000000000000002,0.15000000000000002,Llama,False
L6bYjU_R5og,negative,0.5,negative,0.55,agreement,-0.050000000000000044,0.050000000000000044,Llama,False
N1w1iTBbni8,neutral,0.78,neutral,0.85,agreement,-0.06999999999999995,0.06999999999999995,Llama,False
CwG0LNNQb4w,negative,0.6,neutral,0.85,disagreement,-0.25,0.25,Llama,False
VZdbFB5zpxY,neutral,0.7,positive,0.95,disagreement,-0.25,0.25,Llama,False
DbNO8F4Ee38,positive,0.85,positive,0.95,agreement,-0.09999999999999998,0.09999999999999998,Llama,True
7fAgWtD0dP4,neutral,0.7,neutral,0.85,agreement,-0.15000000000000002,0.15000000000000002,Llama,False
z4ZAuSXP2pc,neutral,0.7,neutral,0.85,agreement,-0.15000000000000002,0.15000000000000002,Llama,False
HY1hLnnra-c,neutral,0.7,neutral,0.48,agreement,0.21999999999999997,0.21999999999999997,Gemma,False
dawrnf5M_u0,positive,0.85,positive,0.95,agreement,-0.09999999999999998,0.09999999999999998,Llama,True
EQOf5mJOptw,neutral,0.45,positive,0.85,disagreement,-0.39999999999999997,0.39999999999999997,Llama,False
FmPc8WANRHI,neutral,0.7,positive,0.95,disagreement,-0.25,0.25,Llama,False
DhVne22uEUY,neutral,0.45,neutral,0.85,agreement,-0.39999999999999997,0.39999999999999997,Llama,False
pEkebZlW9LM,negative,0.6,negative,0.55,agreement,0.04999999999999993,0.04999999999999993,Gemma,False
B82xHGB7FuY,negative,0.6,negative,0.8,agreement,-0.20000000000000007,0.20000000000000007,Llama,False
TKqXM5yeeoY,neutral,0.68,neutral,0.85,agreement,-0.16999999999999993,0.16999999999999993,Llama,False
mXIJTjqu8fw,neutral,0.7,neutral,0.85,agreement,-0.15000000000000002,0.15000000000000002,Llama,False
SnIPTnEVte0,negative,0.5,negative,0.95,agreement,-0.44999999999999996,0.44999999999999996,Llama,False
wZ0HKIAJoaQ,neutral,0.7,neutral,0.85,agreement,-0.15000000000000002,0.15000000000000002,Llama,False
zVrgoz7pykc,negative,0.5,positive,0.95,disagreement,-0.44999999999999996,0.44999999999999996,Llama,False
9aJKTharwzA,negative,0.6,positive,0.85,disagreement,-0.25,0.25,Llama,False
_bdSKo-40vw,neutral,0.7,neutral,0.85,agreement,-0.15000000000000002,0.15000000000000002,Llama,False
mmU8MvV2UOY,negative,0.5,negative,0.9,agreement,-0.4,0.4,Llama,False
bAGJ8TDVqaM,positive,0.78,positive,0.95,agreement,-0.16999999999999993,0.16999999999999993,Llama,False
23ft_KC3hQo,negative,0.5,neutral,0.85,disagreement,-0.35,0.35,Llama,False
So8ILXBd69k,negative,0.6,neutral,0.85,disagreement,-0.25,0.25,Llama,False
WAYom3Dfzfs,neutral,0.78,neutral,0.85,agreement,-0.06999999999999995,0.06999999999999995,Llama,False
Y_NHM2EgS6I,neutral,0.78,neutral,0.85,agreement,-0.06999999999999995,0.06999999999999995,Llama,False
LkeoMKpqCyc,negative,0.65,negative,0.95,agreement,-0.29999999999999993,0.29999999999999993,Llama,False
A33zpNK7LTw,negative,0.7,negative,0.9,agreement,-0.20000000000000007,0.20000000000000007,Llama,False
p-qlLj09y1c,positive,0.85,positive,0.95,agreement,-0.09999999999999998,0.09999999999999998,Llama,True
9nbaymroWaI,neutral,0.7,neutral,0.85,agreement,-0.15000000000000002,0.15000000000000002,Llama,False
LVrunB17a4E,positive,0.82,positive,0.95,agreement,-0.13,0.13,Llama,True
73ZwmGndqZ4,positive,0.75,positive,0.95,agreement,-0.19999999999999996,0.19999999999999996,Llama,False
01ajck2aNVg,positive,0.7879,positive,0.95,agreement,-0.1620999999999999,0.1620999999999999,Llama,False
aIvZ-GeWOTY,neutral,0.68,neutral,0.58,agreement,0.10000000000000009,0.10000000000000009,Gemma,False
x3cTiElCr4o,negative,0.5,negative,0.55,agreement,-0.050000000000000044,0.050000000000000044,Llama,False
V42776uWR4E,neutral,0.7,neutral,0.85,agreement,-0.15000000000000002,0.15000000000000002,Llama,False
E0Dwv_8nzGw,neutral,0.7,neutral,0.48,agreement,0.21999999999999997,0.21999999999999997,Gemma,False
-u-oSfCxE-0,negative,0.55,neutral,0.85,disagreement,-0.29999999999999993,0.29999999999999993,Llama,False
Fj85OANFj-U,positive,0.85,positive,0.95,agreement,-0.09999999999999998,0.09999999999999998,Llama,True
e2rocQfw1uQ,neutral,0.78,neutral,0.85,agreement,-0.06999999999999995,0.06999999999999995,Llama,False
8H5bj5HNlTw,negative,0.6,negative,0.75,agreement,-0.15000000000000002,0.15000000000000002,Llama,False
CTkL01_WA1Q,positive,0.7879,positive,0.85,agreement,-0.06209999999999993,0.06209999999999993,Llama,False
S4N9FeDGkkQ,positive,0.7879,positive,0.95,agreement,-0.1620999999999999,0.1620999999999999,Llama,False
DOmNqLp-f4k,neutral,0.78,neutral,0.85,agreement,-0.06999999999999995,0.06999999999999995,Llama,False
raXWCb-hAYI,neutral,0.7,neutral,0.85,agreement,-0.15000000000000002,0.15000000000000002,Llama,False
oMgLs6m6I5c,positive,0.75,neutral,0.85,disagreement,-0.09999999999999998,0.09999999999999998,Llama,False
Zx1CNxT6oGg,positive,0.85,positive,0.95,agreement,-0.09999999999999998,0.09999999999999998,Llama,True
GU3qLw8pu7c,negative,0.5,negative,0.9,agreement,-0.4,0.4,Llama,False
KAqFHUlnD6Q,positive,0.85,positive,0.95,agreement,-0.09999999999999998,0.09999999999999998,Llama,True
PGG5q0E1qeE,negative,0.6,neutral,0.85,disagreement,-0.25,0.25,Llama,False
suKsezhqKk4,negative,0.55,neutral,0.85,disagreement,-0.29999999999999993,0.29999999999999993,Llama,False
xWWoSOtOW1E,neutral,0.8,neutral,0.85,agreement,-0.04999999999999993,0.04999999999999993,Llama,True
6DPiy6yyjwY,neutral,0.7,neutral,0.85,agreement,-0.15000000000000002,0.15000000000000002,Llama,False
p5sMhQSQ388,negative,0.72,negative,0.9,agreement,-0.18000000000000005,0.18000000000000005,Llama,False
vru2pl4DIMg,neutral,0.65,neutral,0.85,agreement,-0.19999999999999996,0.19999999999999996,Llama,False
uVHiD4puSus,negative,0.55,neutral,0.85,disagreement,-0.29999999999999993,0.29999999999999993,Llama,False
8j1ccduOVwA,neutral,0.7,neutral,0.85,agreement,-0.15000000000000002,0.15000000000000002,Llama,False
SW-uWx7_7ts,positive,0.85,positive,0.85,agreement,0.0,0.0,Equal,True
zYD624nM35g,negative,0.75,neutral,0.85,disagreement,-0.09999999999999998,0.09999999999999998,Llama,False
aL1wIpGmcqw,positive,0.85,positive,0.95,agreement,-0.09999999999999998,0.09999999999999998,Llama,True
yV4tzx4Nvnc,negative,0.5,negative,0.5,agreement,0.0,0.0,Equal,False
pgncXkXvzkk,positive,0.85,positive,0.95,agreement,-0.09999999999999998,0.09999999999999998,Llama,True
NUz-lHT48Z0,neutral,0.7,positive,0.95,disagreement,-0.25,0.25,Llama,False
Mds_JCiKej0,neutral,0.7,neutral,0.85,agreement,-0.15000000000000002,0.15000000000000002,Llama,False
xXaRGLunHU0,positive,0.78,positive,0.85,agreement,-0.06999999999999995,0.06999999999999995,Llama,False
aYlhXyy0mg8,neutral,0.45,neutral,0.53,agreement,-0.08000000000000002,0.08000000000000002,Llama,False
6pw_CG6V5l8,neutral,0.7,neutral,0.85,agreement,-0.15000000000000002,0.15000000000000002,Llama,False
kFyL-Rjqf9E,neutral,0.45,neutral,0.58,agreement,-0.12999999999999995,0.12999999999999995,Llama,False
G6JcJiWvML8,negative,0.7,neutral,0.85,disagreement,-0.15000000000000002,0.15000000000000002,Llama,False
YLY_ggZCxVo,positive,0.78,neutral,0.48,disagreement,0.30000000000000004,0.30000000000000004,Gemma,False
t0Edmt2gxoE,negative,0.6,neutral,0.85,disagreement,-0.25,0.25,Llama,False
nq6f0FZXJD4,negative,0.5,neutral,0.85,disagreement,-0.35,0.35,Llama,False
NJSJ5-izMUA,negative,0.55,negative,0.94,agreement,-0.3899999999999999,0.3899999999999999,Llama,False
M8n3DBMC1ik,neutral,0.48,neutral,0.85,agreement,-0.37,0.37,Llama,False
cqv_wfc2tuU,positive,0.78,positive,0.85,agreement,-0.06999999999999995,0.06999999999999995,Llama,False
yvgvD7s9AJI,negative,0.55,negative,0.8,agreement,-0.25,0.25,Llama,False
E8JmJ9U_r98,positive,0.85,positive,0.95,agreement,-0.09999999999999998,0.09999999999999998,Llama,True
uDFozzFkVsQ,negative,0.5,neutral,0.85,disagreement,-0.35,0.35,Llama,False
KM2txtP4rp0,positive,0.85,neutral,0.85,disagreement,0.0,0.0,Equal,False
YS6bwZUMrVQ,neutral,0.7,neutral,0.85,agreement,-0.15000000000000002,0.15000000000000002,Llama,False
dt--Wth4W5g,negative,0.6,neutral,0.85,disagreement,-0.25,0.25,Llama,False
vC_dlDaNlzw,neutral,0.45,neutral,0.85,agreement,-0.39999999999999997,0.39999999999999997,Llama,False
Q9bIDNrfX0Q,positive,0.85,positive,0.95,agreement,-0.09999999999999998,0.09999999999999998,Llama,True
XI_heZpp9Wg,neutral,0.45,positive,0.95,disagreement,-0.49999999999999994,0.49999999999999994,Llama,False
D9DDI6iMvTg,negative,0.5,neutral,0.53,disagreement,-0.030000000000000027,0.030000000000000027,Llama,False
5OCvEJtJkd0,positive,0.85,positive,0.95,agreement,-0.09999999999999998,0.09999999999999998,Llama,True
4Fmzvu88vh4,neutral,0.7,neutral,0.85,agreement,-0.15000000000000002,0.15000000000000002,Llama,False
o8QKYK8GRsw,negative,0.75,negative,0.94,agreement,-0.18999999999999995,0.18999999999999995,Llama,False
3D0iSYtIbXw,neutral,0.75,negative,0.55,disagreement,0.19999999999999996,0.19999999999999996,Gemma,False
iKhq5V3-F-c,positive,0.75,neutral,0.58,disagreement,0.17000000000000004,0.17000000000000004,Gemma,False
ldMqME5Qw_g,neutral,0.7,neutral,0.85,agreement,-0.15000000000000002,0.15000000000000002,Llama,False
RHbdR_kTpEU,negative,0.5,negative,0.92,agreement,-0.42000000000000004,0.42000000000000004,Llama,False
uOuNmEnxZJA,negative,0.5,neutral,0.85,disagreement,-0.35,0.35,Llama,False
o2Vw8w5XYD0,negative,0.6,neutral,0.85,disagreement,-0.25,0.25,Llama,False
FhJswT8u9Hs,negative,0.6,neutral,0.85,disagreement,-0.25,0.25,Llama,False
7BCOAvPXc6E,positive,0.85,positive,0.95,agreement,-0.09999999999999998,0.09999999999999998,Llama,True
K29tH9nLz80,positive,0.78,positive,0.95,agreement,-0.16999999999999993,0.16999999999999993,Llama,False
OyJVRQAQaWE,neutral,0.45,neutral,0.85,agreement,-0.39999999999999997,0.39999999999999997,Llama,False
pXCtrzp9JTU,positive,0.85,neutral,0.85,disagreement,0.0,0.0,Equal,False
IqZRskHXX_o,positive,0.85,positive,0.95,agreement,-0.09999999999999998,0.09999999999999998,Llama,True
nryX2OJyhYY,negative,0.85,negative,0.95,agreement,-0.09999999999999998,0.09999999999999998,Llama,True
ZmePh_DIUm8,positive,0.85,positive,0.95,agreement,-0.09999999999999998,0.09999999999999998,Llama,True
8c8UBqoXG3Y,positive,0.85,positive,0.95,agreement,-0.09999999999999998,0.09999999999999998,Llama,True
SAw7t-hV-6w,neutral,0.7,neutral,0.85,agreement,-0.15000000000000002,0.15000000000000002,Llama,False
YPl76fmb3rA,negative,0.67,neutral,0.58,disagreement,0.09000000000000008,0.09000000000000008,Gemma,False
0-GVre4jAY0,positive,0.75,positive,0.85,agreement,-0.09999999999999998,0.09999999999999998,Llama,False
pCRKo1rAf1U,negative,0.5,positive,0.85,disagreement,-0.35,0.35,Llama,False
RpU_9bGqfG4,neutral,0.7,positive,0.95,disagreement,-0.25,0.25,Llama,False
hwhaWjT-hUE,negative,0.55,neutral,0.85,disagreement,-0.29999999999999993,0.29999999999999993,Llama,False
4VHYR5IIBbM,positive,0.75,neutral,0.85,disagreement,-0.09999999999999998,0.09999999999999998,Llama,False
jMmJgLuSuZc,negative,0.75,neutral,0.85,disagreement,-0.09999999999999998,0.09999999999999998,Llama,False
NKLh79BT-bI,positive,0.85,positive,0.95,agreement,-0.09999999999999998,0.09999999999999998,Llama,True
WDJQhCPEqTQ,negative,0.5,negative,0.95,agreement,-0.44999999999999996,0.44999999999999996,Llama,False
wKKkFu9YJ_o,neutral,0.7,neutral,0.85,agreement,-0.15000000000000002,0.15000000000000002,Llama,False
igBGI-tOf9s,neutral,0.7,neutral,0.48,agreement,0.21999999999999997,0.21999999999999997,Gemma,False
QlC6Q2m4Pvs,positive,0.85,positive,0.95,agreement,-0.09999999999999998,0.09999999999999998,Llama,True
9vx-hJWgc9s,negative,0.5,neutral,0.85,disagreement,-0.35,0.35,Llama,False
VitrTZPEkBA,negative,0.5,negative,0.55,agreement,-0.050000000000000044,0.050000000000000044,Llama,False
azHBDlO9km8,negative,0.5,neutral,0.85,disagreement,-0.35,0.35,Llama,False
ExwBx9SETmQ,negative,0.7,negative,0.55,agreement,0.1499999999999999,0.1499999999999999,Gemma,False
lHIpZGyqp7Y,negative,0.5,neutral,0.85,disagreement,-0.35,0.35,Llama,False
WjDhQI79mmM,neutral,0.7,neutral,0.85,agreement,-0.15000000000000002,0.15000000000000002,Llama,False
e9fgWzhRXaI,negative,0.8,negative,0.95,agreement,-0.1499999999999999,0.1499999999999999,Llama,True
crzUq8T-EfE,positive,0.7879,positive,0.95,agreement,-0.1620999999999999,0.1620999999999999,Llama,False
BsKyaJqn31w,neutral,0.7,neutral,0.85,agreement,-0.15000000000000002,0.15000000000000002,Llama,False
9cDwVKJaT_E,negative,0.53,neutral,0.85,disagreement,-0.31999999999999995,0.31999999999999995,Llama,False
I8mDo13zmRQ,positive,0.85,positive,0.95,agreement,-0.09999999999999998,0.09999999999999998,Llama,True
k7JxdN5oL7k,neutral,0.85,neutral,0.85,agreement,0.0,0.0,Equal,True
PZZzWev7IVs,negative,0.75,negative,0.95,agreement,-0.19999999999999996,0.19999999999999996,Llama,False
2xF9Lf79ND0,negative,0.8,negative,0.95,agreement,-0.1499999999999999,0.1499999999999999,Llama,True
aNGhmeXo1RY,neutral,0.7,positive,0.95,disagreement,-0.25,0.25,Llama,False
AZIRxs2gv-c,neutral,0.7,neutral,0.85,agreement,-0.15000000000000002,0.15000000000000002,Llama,False
tXIjqdXZYbU,neutral,0.7,neutral,0.85,agreement,-0.15000000000000002,0.15000000000000002,Llama,False
Uby9Ogl8Bes,negative,0.67,negative,0.9,agreement,-0.22999999999999998,0.22999999999999998,Llama,False
bG7iihLI6Uw,negative,0.85,negative,0.95,agreement,-0.09999999999999998,0.09999999999999998,Llama,True
5uq3rTMnKRQ,neutral,0.7,neutral,0.85,agreement,-0.15000000000000002,0.15000000000000002,Llama,False
3WUAtVqMBJo,neutral,0.7,neutral,0.85,agreement,-0.15000000000000002,0.15000000000000002,Llama,False
Zn499I2InlM,neutral,0.7,neutral,0.85,agreement,-0.15000000000000002,0.15000000000000002,Llama,False
KfuqrniCP8k,negative,0.7,negative,0.95,agreement,-0.25,0.25,Llama,False
cZ4GwS_FqNM,negative,0.5,positive,0.85,disagreement,-0.35,0.35,Llama,False
EUBKUeba2D8,negative,0.6,neutral,0.85,disagreement,-0.25,0.25,Llama,False
QqaTXrUXog4,negative,0.55,neutral,0.85,disagreement,-0.29999999999999993,0.29999999999999993,Llama,False
MyCiSZxi7Oo,negative,0.7,negative,0.95,agreement,-0.25,0.25,Llama,False
B7rLyS5huL8,negative,0.6,neutral,0.85,disagreement,-0.25,0.25,Llama,False
5HjJtG4sFiY,neutral,0.45,neutral,0.85,agreement,-0.39999999999999997,0.39999999999999997,Llama,False
fIGSbXx4vm0,positive,0.85,positive,0.95,agreement,-0.09999999999999998,0.09999999999999998,Llama,True
wkX-Q2pD0nY,negative,0.5,neutral,0.85,disagreement,-0.35,0.35,Llama,False
OLIksEQv-7E,neutral,0.78,neutral,0.85,agreement,-0.06999999999999995,0.06999999999999995,Llama,False
V-K8W5Cxkeg,neutral,0.7,positive,0.55,disagreement,0.1499999999999999,0.1499999999999999,Gemma,False
67PKa02I0AA,negative,0.5,neutral,0.98,disagreement,-0.48,0.48,Llama,False
W5vKVFFz9wM,neutral,0.7,neutral,0.85,agreement,-0.15000000000000002,0.15000000000000002,Llama,False
kvkk9_amQUM,neutral,0.75,neutral,0.85,agreement,-0.09999999999999998,0.09999999999999998,Llama,False
0AW_1CPTqsY,negative,0.5,neutral,0.58,disagreement,-0.07999999999999996,0.07999999999999996,Llama,False
hWqa2eP1Pvs,neutral,0.75,neutral,0.85,agreement,-0.09999999999999998,0.09999999999999998,Llama,False
fT0LHTf39Tc,positive,0.85,positive,0.95,agreement,-0.09999999999999998,0.09999999999999998,Llama,True
DgBKoR3P5V4,positive,0.85,neutral,0.85,disagreement,0.0,0.0,Equal,False
dqO4GvhGRHQ,positive,0.85,positive,0.95,agreement,-0.09999999999999998,0.09999999999999998,Llama,True
YHn44y7a6M0,negative,0.6,neutral,0.85,disagreement,-0.25,0.25,Llama,False
IWWW0LYU-9Q,negative,0.85,neutral,0.98,disagreement,-0.13,0.13,Llama,False
zg6MUz2r6LI,neutral,0.7,neutral,0.85,agreement,-0.15000000000000002,0.15000000000000002,Llama,False
S_baQGmVSs4,neutral,0.8,neutral,0.95,agreement,-0.1499999999999999,0.1499999999999999,Llama,True
Wfy835lJNOo,neutral,0.7,neutral,0.85,agreement,-0.15000000000000002,0.15000000000000002,Llama,False
jfAq83QDxbg,positive,0.85,positive,0.95,agreement,-0.09999999999999998,0.09999999999999998,Llama,True
lECfNSnivpk,negative,0.5,neutral,0.48,disagreement,0.020000000000000018,0.020000000000000018,Gemma,False
OVeHUrdXkW0,neutral,0.75,positive,0.95,disagreement,-0.19999999999999996,0.19999999999999996,Llama,False
r1Enq8qLDBo,negative,0.5,negative,0.55,agreement,-0.050000000000000044,0.050000000000000044,Llama,False
o5VOAjAY-Y0,neutral,0.45,neutral,0.85,agreement,-0.39999999999999997,0.39999999999999997,Llama,False
zRWkryqF1Ys,negative,0.5,negative,0.53,agreement,-0.030000000000000027,0.030000000000000027,Llama,False
YCu_3YdvZgM,positive,0.82,positive,0.95,agreement,-0.13,0.13,Llama,True
DRKWmeAe3G0,negative,0.5,negative,0.95,agreement,-0.44999999999999996,0.44999999999999996,Llama,False
ezbX8xYVb8A,negative,0.53,negative,0.94,agreement,-0.4099999999999999,0.4099999999999999,Llama,False
rARgUJznwRk,neutral,0.7,neutral,0.85,agreement,-0.15000000000000002,0.15000000000000002,Llama,False
AQiEy3tQoqk,negative,0.55,neutral,0.85,disagreement,-0.29999999999999993,0.29999999999999993,Llama,False
9-s8jK-XFIk,negative,0.7,negative,0.8,agreement,-0.10000000000000009,0.10000000000000009,Llama,False
u4Q929yFH6k,negative,0.75,neutral,0.85,disagreement,-0.09999999999999998,0.09999999999999998,Llama,False
dLvFwoP32zQ,neutral,0.7,neutral,0.85,agreement,-0.15000000000000002,0.15000000000000002,Llama,False
UA9uOgFih-4,negative,0.5,negative,0.55,agreement,-0.050000000000000044,0.050000000000000044,Llama,False
L0Sks5DNvqs,negative,0.85,negative,0.9,agreement,-0.050000000000000044,0.050000000000000044,Llama,True
yywsOeQ2X04,neutral,0.7,neutral,0.85,agreement,-0.15000000000000002,0.15000000000000002,Llama,False
6FtI5z6Q0wo,negative,0.6,negative,0.9,agreement,-0.30000000000000004,0.30000000000000004,Llama,False
gNoKVuId1Fs,negative,0.55,negative,0.8,agreement,-0.25,0.25,Llama,False
mowRQWtnATo,positive,0.85,positive,0.95,agreement,-0.09999999999999998,0.09999999999999998,Llama,True
YQrXB0b0J3w,negative,0.7,neutral,0.85,disagreement,-0.15000000000000002,0.15000000000000002,Llama,False
JKBAa6ZZuFE,neutral,0.7,neutral,0.85,agreement,-0.15000000000000002,0.15000000000000002,Llama,False
Wn9w6MkGhdw,neutral,0.85,neutral,0.85,agreement,0.0,0.0,Equal,True
4dEA3b4hLGY,neutral,0.75,neutral,0.85,agreement,-0.09999999999999998,0.09999999999999998,Llama,False
my4moQ3KYAc,negative,0.55,neutral,0.85,disagreement,-0.29999999999999993,0.29999999999999993,Llama,False
dSc0V4fc4oc,negative,0.5,negative,0.9,agreement,-0.4,0.4,Llama,False
7cOWwMFGPJg,negative,0.55,neutral,0.95,disagreement,-0.3999999999999999,0.3999999999999999,Llama,False
NrPtpN_JYP8,negative,0.7,negative,0.95,agreement,-0.25,0.25,Llama,False
fHYXaFuv_dw,neutral,0.7,neutral,0.85,agreement,-0.15000000000000002,0.15000000000000002,Llama,False
f4UFtKEdYLE,neutral,0.7,positive,0.95,disagreement,-0.25,0.25,Llama,False
tccNJ_bI7Qk,positive,0.85,positive,0.95,agreement,-0.09999999999999998,0.09999999999999998,Llama,True
9Dg2QRxg5AE,neutral,0.7,neutral,1.0,agreement,-0.30000000000000004,0.30000000000000004,Llama,False
EKyjlo6kGsA,negative,0.5,neutral,0.85,disagreement,-0.35,0.35,Llama,False
1aLwQoTZcYo,neutral,0.7,neutral,0.85,agreement,-0.15000000000000002,0.15000000000000002,Llama,False
26B868ziEDA,neutral,0.7,neutral,0.85,agreement,-0.15000000000000002,0.15000000000000002,Llama,False
8UmrG96GW_o,neutral,0.45,neutral,0.85,agreement,-0.39999999999999997,0.39999999999999997,Llama,False
MbLnnV5ly5c,neutral,0.7,neutral,0.85,agreement,-0.15000000000000002,0.15000000000000002,Llama,False
MUus7G_lHoA,negative,0.7,negative,0.94,agreement,-0.24,0.24,Llama,False
JNSRyP8KTHQ,positive,0.85,positive,0.95,agreement,-0.09999999999999998,0.09999999999999998,Llama,True
VNwORgb2sIU,neutral,0.65,neutral,0.85,agreement,-0.19999999999999996,0.19999999999999996,Llama,False
tqr8YCKQW5E,neutral,0.6,neutral,0.85,agreement,-0.25,0.25,Llama,False
Grh_CQ1bjYI,positive,0.75,positive,0.85,agreement,-0.09999999999999998,0.09999999999999998,Llama,False
zGhnXbEzVa0,neutral,0.7,neutral,0.48,agreement,0.21999999999999997,0.21999999999999997,Gemma,False
K0frYGwKBoQ,neutral,0.78,neutral,0.55,agreement,0.22999999999999998,0.22999999999999998,Gemma,False
95vktwSZoVM,neutral,0.7,neutral,0.58,agreement,0.12,0.12,Gemma,False
hFiyKWLNA5o,neutral,0.78,neutral,0.85,agreement,-0.06999999999999995,0.06999999999999995,Llama,False
8ITaBIoDSJA,negative,0.5,neutral,0.58,disagreement,-0.07999999999999996,0.07999999999999996,Llama,False
s7bktSvvMl0,neutral,0.7,neutral,0.85,agreement,-0.15000000000000002,0.15000000000000002,Llama,False
P4NmYk8CO-w,negative,0.7,negative,0.95,agreement,-0.25,0.25,Llama,False
srAdTcD69wY,negative,0.55,negative,0.5,agreement,0.050000000000000044,0.050000000000000044,Gemma,False
7DD1RdT4-FY,negative,0.5,negative,0.55,agreement,-0.050000000000000044,0.050000000000000044,Llama,False
gTLcpux-PwI,negative,0.5,negative,0.95,agreement,-0.44999999999999996,0.44999999999999996,Llama,False
SxG85kcb4ec,neutral,0.45,neutral,0.98,agreement,-0.53,0.53,Llama,False
xGN7oYPz_fY,neutral,0.65,positive,0.65,disagreement,0.0,0.0,Equal,False
rjo4ZFdDd4w,neutral,0.7,neutral,0.85,agreement,-0.15000000000000002,0.15000000000000002,Llama,False
6wkVExva6E4,negative,0.55,neutral,0.48,disagreement,0.07000000000000006,0.07000000000000006,Gemma,False
32--4n1vje8,neutral,0.75,neutral,0.85,agreement,-0.09999999999999998,0.09999999999999998,Llama,False
gD9yZNNIjUU,negative,0.5,negative,0.55,agreement,-0.050000000000000044,0.050000000000000044,Llama,False
EH3_H0X-lqA,neutral,0.74,positive,0.85,disagreement,-0.10999999999999999,0.10999999999999999,Llama,False
zCF_NboH7NQ,negative,0.85,negative,0.8,agreement,0.04999999999999993,0.04999999999999993,Gemma,True
ZQcVmbx3wf8,negative,0.5,negative,0.95,agreement,-0.44999999999999996,0.44999999999999996,Llama,False
JGef7sfr8G4,negative,0.7,negative,0.55,agreement,0.1499999999999999,0.1499999999999999,Gemma,False
oFP3J9K4DyA,neutral,0.7,negative,0.5,disagreement,0.19999999999999996,0.19999999999999996,Gemma,False
VBw_BmgauiI,positive,0.85,positive,0.95,agreement,-0.09999999999999998,0.09999999999999998,Llama,True
7PLdIdQX0Yc,negative,0.5,negative,0.9,agreement,-0.4,0.4,Llama,False
Qj9muKFcSiI,negative,0.65,negative,0.95,agreement,-0.29999999999999993,0.29999999999999993,Llama,False
ED4wo75t7JQ,neutral,0.45,neutral,0.85,agreement,-0.39999999999999997,0.39999999999999997,Llama,False
rBkBwo9Zjrs,neutral,0.7,neutral,0.85,agreement,-0.15000000000000002,0.15000000000000002,Llama,False
hiEaYIjBl84,positive,0.85,neutral,0.85,disagreement,0.0,0.0,Equal,False
b8HRlOIM9ts,negative,0.5,neutral,0.68,disagreement,-0.18000000000000005,0.18000000000000005,Llama,False
hiyD0A1Is-Q,negative,0.5,neutral,0.56,disagreement,-0.06000000000000005,0.06000000000000005,Llama,False
_thIKUt7N58,neutral,0.45,neutral,0.85,agreement,-0.39999999999999997,0.39999999999999997,Llama,False
YFH5uqCWhxM,neutral,0.7,neutral,0.85,agreement,-0.15000000000000002,0.15000000000000002,Llama,False
yJFkZOim9I4,positive,0.85,positive,0.95,agreement,-0.09999999999999998,0.09999999999999998,Llama,True
r8_3Z1ey6BY,positive,0.85,positive,1.0,agreement,-0.15000000000000002,0.15000000000000002,Llama,True
_MljBBTLEI0,negative,0.5,neutral,0.85,disagreement,-0.35,0.35,Llama,False
Kg05zHnhbvI,negative,0.7,neutral,0.85,disagreement,-0.15000000000000002,0.15000000000000002,Llama,False
mZ2BHXkNR2c,neutral,0.7,neutral,0.85,agreement,-0.15000000000000002,0.15000000000000002,Llama,False
OiXNQaMmIMU,positive,0.75,positive,0.85,agreement,-0.09999999999999998,0.09999999999999998,Llama,False
OL2td-y6A-c,positive,0.85,positive,0.95,agreement,-0.09999999999999998,0.09999999999999998,Llama,True
x5gcmklkkdw,negative,0.5,negative,0.95,agreement,-0.44999999999999996,0.44999999999999996,Llama,False
BiXtop6SxMY,neutral,0.7,neutral,0.85,agreement,-0.15000000000000002,0.15000000000000002,Llama,False
olSrc8qTSHs,negative,0.8,negative,0.5,agreement,0.30000000000000004,0.30000000000000004,Gemma,False
j3zFVpvb-zA,neutral,0.7,positive,0.95,disagreement,-0.25,0.25,Llama,False
Vl9qDUCtXa0,positive,0.75,neutral,0.95,disagreement,-0.19999999999999996,0.19999999999999996,Llama,False
QDjPYMrY-xA,negative,0.5,negative,0.55,agreement,-0.050000000000000044,0.050000000000000044,Llama,False
V0n0Hz7iFbE,negative,0.7,negative,0.95,agreement,-0.25,0.25,Llama,False
wSg11DyfJTw,positive,0.85,positive,0.98,agreement,-0.13,0.13,Llama,True
PHMQ4lN4Y7g,neutral,0.75,neutral,0.85,agreement,-0.09999999999999998,0.09999999999999998,Llama,False
BRJ_wTcJxF4,negative,0.8,negative,0.9,agreement,-0.09999999999999998,0.09999999999999998,Llama,True
ZXt9LuW_KN0,negative,0.5,negative,0.95,agreement,-0.44999999999999996,0.44999999999999996,Llama,False
2mJBxZ4DFxQ,negative,0.7,negative,0.75,agreement,-0.050000000000000044,0.050000000000000044,Llama,False
C9aOLyFe2T4,negative,0.85,negative,0.95,agreement,-0.09999999999999998,0.09999999999999998,Llama,True
bOfdwsy2mEU,negative,0.7,negative,0.95,agreement,-0.25,0.25,Llama,False
XxLaGVRZ94Y,negative,0.7,negative,0.95,agreement,-0.25,0.25,Llama,False
kcdXZU6-h_Y,negative,0.6,neutral,0.85,disagreement,-0.25,0.25,Llama,False
lDJCdGE3dqY,neutral,0.7,neutral,0.48,agreement,0.21999999999999997,0.21999999999999997,Gemma,False
YbiYfZIFeO0,neutral,0.7,neutral,0.85,agreement,-0.15000000000000002,0.15000000000000002,Llama,False
fIeZvbQLQqs,neutral,0.7,neutral,0.85,agreement,-0.15000000000000002,0.15000000000000002,Llama,False
s0pkMpRbQp4,neutral,0.7,neutral,0.85,agreement,-0.15000000000000002,0.15000000000000002,Llama,False
hiDKMlIe4bc,negative,0.55,neutral,0.85,disagreement,-0.29999999999999993,0.29999999999999993,Llama,False
TXmyM3WwoFc,negative,0.55,negative,0.5,agreement,0.050000000000000044,0.050000000000000044,Gemma,False
H0WzI4JzA80,negative,0.5,neutral,0.85,disagreement,-0.35,0.35,Llama,False
xhPCQQs4p5A,negative,0.5,neutral,0.85,disagreement,-0.35,0.35,Llama,False
jm_QAPezr5c,neutral,0.7,neutral,1.0,agreement,-0.30000000000000004,0.30000000000000004,Llama,False
A_LGR5uxzNc,negative,0.55,negative,0.8,agreement,-0.25,0.25,Llama,False
WtTwdPUBuS4,neutral,0.7,neutral,0.85,agreement,-0.15000000000000002,0.15000000000000002,Llama,False
YG3XcdQeVhY,neutral,0.7,positive,0.95,disagreement,-0.25,0.25,Llama,False
pxtMVLkPUnk,negative,0.7,negative,0.94,agreement,-0.24,0.24,Llama,False
MGDGSN3ts2o,negative,0.5,neutral,0.85,disagreement,-0.35,0.35,Llama,False
yp_AXkxxtFk,negative,0.5,negative,0.9,agreement,-0.4,0.4,Llama,False
FrjJYg1mOOU,neutral,0.7,neutral,0.85,agreement,-0.15000000000000002,0.15000000000000002,Llama,False
f-Ae7UtYRmM,negative,0.5,neutral,0.68,disagreement,-0.18000000000000005,0.18000000000000005,Llama,False
ZqHNjY1b0tM,negative,0.6,neutral,0.85,disagreement,-0.25,0.25,Llama,False
8T1QXyZXoEI,negative,0.5,neutral,0.85,disagreement,-0.35,0.35,Llama,False
jLf_IKftP6k,negative,0.57,neutral,0.85,disagreement,-0.28,0.28,Llama,False
ESBS_xvxr-0,neutral,0.7,positive,0.95,disagreement,-0.25,0.25,Llama,False
jT_Vd3IF_-8,neutral,0.7,positive,0.85,disagreement,-0.15000000000000002,0.15000000000000002,Llama,False
jXZ8wPk9g4g,neutral,0.7,positive,0.85,disagreement,-0.15000000000000002,0.15000000000000002,Llama,False
Gqf0K3Y1gFA,negative,0.5,neutral,0.85,disagreement,-0.35,0.35,Llama,False
1CBEpl9OurQ,neutral,0.78,positive,0.95,disagreement,-0.16999999999999993,0.16999999999999993,Llama,False
IDzKZ0vCbys,negative,0.5,neutral,0.85,disagreement,-0.35,0.35,Llama,False
J5BfdxkUU2A,negative,0.8,negative,0.95,agreement,-0.1499999999999999,0.1499999999999999,Llama,True
P4wJXvs-Zjw,negative,0.6,neutral,0.85,disagreement,-0.25,0.25,Llama,False
8H1FbGsP4vY,negative,0.67,negative,0.55,agreement,0.12,0.12,Gemma,False
GUCM75JeTwA,negative,0.5,neutral,0.85,disagreement,-0.35,0.35,Llama,False
14eDp6Ourq4,positive,0.65,neutral,0.58,disagreement,0.07000000000000006,0.07000000000000006,Gemma,False
Kcn4MhraXbI,negative,0.5,neutral,0.48,disagreement,0.020000000000000018,0.020000000000000018,Gemma,False
bp64_NIo2SA,neutral,0.6,neutral,0.85,agreement,-0.25,0.25,Llama,False
k1EQJhCjyiw,negative,0.5,positive,0.95,disagreement,-0.44999999999999996,0.44999999999999996,Llama,False
aSTTS1K3FKI,neutral,0.7,neutral,0.85,agreement,-0.15000000000000002,0.15000000000000002,Llama,False
RbVKqOS4Wuo,neutral,0.85,neutral,1.0,agreement,-0.15000000000000002,0.15000000000000002,Llama,True
OYI8_6t7tJQ,neutral,0.7,neutral,0.85,agreement,-0.15000000000000002,0.15000000000000002,Llama,False
JioHhGkGQAQ,negative,0.5,neutral,0.68,disagreement,-0.18000000000000005,0.18000000000000005,Llama,False
-AyfK4WcdyQ,positive,0.85,positive,0.95,agreement,-0.09999999999999998,0.09999999999999998,Llama,True
GFwrfNxaSXw,negative,0.5,negative,0.55,agreement,-0.050000000000000044,0.050000000000000044,Llama,False
Nyi_i4xePQY,negative,0.6,neutral,0.85,disagreement,-0.25,0.25,Llama,False
49Ahwxu8EBE,neutral,0.7,positive,0.95,disagreement,-0.25,0.25,Llama,False
XY6U6TLJs-8,positive,0.85,negative,0.95,disagreement,-0.09999999999999998,0.09999999999999998,Llama,False
aV11RiD3-ls,neutral,0.7,neutral,0.85,agreement,-0.15000000000000002,0.15000000000000002,Llama,False
WsL71uZTc8Q,neutral,0.7,neutral,0.85,agreement,-0.15000000000000002,0.15000000000000002,Llama,False
U79Qs-BdkaE,negative,0.85,negative,0.55,agreement,0.29999999999999993,0.29999999999999993,Gemma,False
OnXeVabwAJA,neutral,0.65,neutral,0.85,agreement,-0.19999999999999996,0.19999999999999996,Llama,False
oxIbwALJ7yo,neutral,0.45,neutral,0.85,agreement,-0.39999999999999997,0.39999999999999997,Llama,False
zECH8cqCs1Y,negative,0.85,negative,0.95,agreement,-0.09999999999999998,0.09999999999999998,Llama,True
j5JVQWC2gGQ,neutral,0.7,neutral,1.0,agreement,-0.30000000000000004,0.30000000000000004,Llama,False
R_jHctgxyog,positive,0.75,positive,0.95,agreement,-0.19999999999999996,0.19999999999999996,Llama,False
Bbi6fhMcGME,neutral,0.7,neutral,0.85,agreement,-0.15000000000000002,0.15000000000000002,Llama,False
iuLMt3Vlr28,negative,0.8,negative,0.95,agreement,-0.1499999999999999,0.1499999999999999,Llama,True
DMZmEdg4AGk,positive,0.75,neutral,0.85,disagreement,-0.09999999999999998,0.09999999999999998,Llama,False
2mWylmKuuX0,positive,0.85,positive,0.95,agreement,-0.09999999999999998,0.09999999999999998,Llama,True
ttsLIPx6-Nw,negative,0.55,neutral,0.85,disagreement,-0.29999999999999993,0.29999999999999993,Llama,False
rQUDS1QaqMU,neutral,0.7,neutral,0.85,agreement,-0.15000000000000002,0.15000000000000002,Llama,False
Et8-zcdx3xs,neutral,0.7,neutral,0.85,agreement,-0.15000000000000002,0.15000000000000002,Llama,False
lsRoTTKe6UA,positive,0.78,positive,0.95,agreement,-0.16999999999999993,0.16999999999999993,Llama,False
P8lf_6edh6I,negative,0.5,negative,0.55,agreement,-0.050000000000000044,0.050000000000000044,Llama,False
rAWpaWNQcMw,negative,0.5,neutral,0.98,disagreement,-0.48,0.48,Llama,False
ziALlBvqz98,neutral,0.68,positive,0.85,disagreement,-0.16999999999999993,0.16999999999999993,Llama,False
v2-M82tRW0g,negative,0.7,neutral,0.85,disagreement,-0.15000000000000002,0.15000000000000002,Llama,False
PfMly58KllA,neutral,0.7,neutral,0.85,agreement,-0.15000000000000002,0.15000000000000002,Llama,False
7oXTlvyg0qQ,negative,0.85,neutral,0.85,disagreement,0.0,0.0,Equal,False
rYLyv43i9Xw,negative,0.55,neutral,0.98,disagreement,-0.42999999999999994,0.42999999999999994,Llama,False
XvFLLmWsZ74,negative,0.5,negative,0.55,agreement,-0.050000000000000044,0.050000000000000044,Llama,False
aHio4bABiPo,neutral,0.7,neutral,0.55,agreement,0.1499999999999999,0.1499999999999999,Gemma,False
gSp300a_i6U,neutral,0.78,neutral,0.85,agreement,-0.06999999999999995,0.06999999999999995,Llama,False
0EwLhxLLStE,neutral,0.78,neutral,0.85,agreement,-0.06999999999999995,0.06999999999999995,Llama,False
dXqGMJC7mRA,negative,0.7,negative,0.9,agreement,-0.20000000000000007,0.20000000000000007,Llama,False
0vR7dE8BA1I,negative,0.7,negative,0.55,agreement,0.1499999999999999,0.1499999999999999,Gemma,False
QcZ6VGXz_TQ,neutral,0.7,neutral,0.85,agreement,-0.15000000000000002,0.15000000000000002,Llama,False
7V5Uio9F8o0,negative,0.6,neutral,0.85,disagreement,-0.25,0.25,Llama,False
tPjYRVigazU,neutral,0.7,neutral,0.85,agreement,-0.15000000000000002,0.15000000000000002,Llama,False
qBU8DNAafoM,negative,0.7,positive,0.95,disagreement,-0.25,0.25,Llama,False
xJ7N7mretNg,negative,0.85,negative,0.95,agreement,-0.09999999999999998,0.09999999999999998,Llama,True
YdDjYKGG8vE,neutral,0.45,neutral,0.85,agreement,-0.39999999999999997,0.39999999999999997,Llama,False
C-G8k8c8JVc,positive,0.75,positive,0.85,agreement,-0.09999999999999998,0.09999999999999998,Llama,False
_1yuFOZpbUc,negative,0.5,neutral,0.85,disagreement,-0.35,0.35,Llama,False
0hU_zLdUUqI,negative,0.5,negative,0.55,agreement,-0.050000000000000044,0.050000000000000044,Llama,False
dA85sZE7SoY,positive,0.85,positive,0.95,agreement,-0.09999999999999998,0.09999999999999998,Llama,True
JAb2r522MFw,negative,0.7,negative,0.95,agreement,-0.25,0.25,Llama,False
dIoCO6kSV8k,positive,0.75,positive,0.95,agreement,-0.19999999999999996,0.19999999999999996,Llama,False
VpWtGFwZr3M,neutral,0.7,neutral,0.85,agreement,-0.15000000000000002,0.15000000000000002,Llama,False
MZsEyjNw8Go,positive,0.75,positive,0.95,agreement,-0.19999999999999996,0.19999999999999996,Llama,False
9ydCZ6s4GZ8,negative,0.75,negative,0.95,agreement,-0.19999999999999996,0.19999999999999996,Llama,False
rbfXYz62USw,neutral,0.45,positive,0.85,disagreement,-0.39999999999999997,0.39999999999999997,Llama,False
AwSiWGgBq9M,negative,0.5,negative,0.62,agreement,-0.12,0.12,Llama,False
C_A2yM8UrJE,positive,0.85,positive,0.95,agreement,-0.09999999999999998,0.09999999999999998,Llama,True
YQHe2oclTh4,neutral,0.78,neutral,1.0,agreement,-0.21999999999999997,0.21999999999999997,Llama,False
Tt-W-vnUDXY,negative,0.5,neutral,0.55,disagreement,-0.050000000000000044,0.050000000000000044,Llama,False
EFLGmWHx_0U,negative,0.75,negative,0.55,agreement,0.19999999999999996,0.19999999999999996,Gemma,False
D4f6jT0IWm8,negative,0.7,positive,0.95,disagreement,-0.25,0.25,Llama,False
89eQNYbdqzs,neutral,0.7,neutral,0.53,agreement,0.16999999999999993,0.16999999999999993,Gemma,False
a1QJNIV8Ago,neutral,0.7,neutral,0.85,agreement,-0.15000000000000002,0.15000000000000002,Llama,False
ACV9BWy1Vzs,neutral,0.78,neutral,0.85,agreement,-0.06999999999999995,0.06999999999999995,Llama,False
I0WE3teSlWY,negative,0.85,negative,0.95,agreement,-0.09999999999999998,0.09999999999999998,Llama,True
zBpJK3WLKY0,negative,0.67,negative,0.8,agreement,-0.13,0.13,Llama,False
pLQtYjQ-X5w,negative,0.5,positive,0.85,disagreement,-0.35,0.35,Llama,False
5VI03VQlpY4,positive,0.75,positive,0.85,agreement,-0.09999999999999998,0.09999999999999998,Llama,False
R6vtUfmkY3s,negative,0.6,neutral,0.48,disagreement,0.12,0.12,Gemma,False
mp0VmEszidA,negative,0.6,neutral,0.85,disagreement,-0.25,0.25,Llama,False
rI9macnvg5k,neutral,0.7,positive,0.95,disagreement,-0.25,0.25,Llama,False
JiPOnbsUhQM,negative,0.75,neutral,0.98,disagreement,-0.22999999999999998,0.22999999999999998,Llama,False
6RGkPaujGrs,positive,0.7879,positive,0.95,agreement,-0.1620999999999999,0.1620999999999999,Llama,False
X5nPufhsLRc,negative,0.75,negative,0.95,agreement,-0.19999999999999996,0.19999999999999996,Llama,False
XMq8xXfYUQg,positive,0.85,positive,0.95,agreement,-0.09999999999999998,0.09999999999999998,Llama,True
ENqkUBXRYyo,negative,0.7,negative,0.75,agreement,-0.050000000000000044,0.050000000000000044,Llama,False
CH-rjMhbQP4,negative,0.85,negative,0.95,agreement,-0.09999999999999998,0.09999999999999998,Llama,True
whGq5tP0FjI,negative,0.7,negative,0.9,agreement,-0.20000000000000007,0.20000000000000007,Llama,False
H-bve4ja6Xk,neutral,0.7,neutral,0.85,agreement,-0.15000000000000002,0.15000000000000002,Llama,False
i6J87opMRFw,negative,0.55,negative,0.55,agreement,0.0,0.0,Equal,False
NHAXZL3mw-s,negative,0.5,neutral,0.6,disagreement,-0.09999999999999998,0.09999999999999998,Llama,False
kztrU51_tYM,positive,0.85,positive,0.95,agreement,-0.09999999999999998,0.09999999999999998,Llama,True
qyI0v1jxeik,negative,0.5,neutral,0.85,disagreement,-0.35,0.35,Llama,False
4D0T7hzZsy0,positive,0.85,positive,0.95,agreement,-0.09999999999999998,0.09999999999999998,Llama,True
MLwX_cwjc_Q,negative,0.5,neutral,0.48,disagreement,0.020000000000000018,0.020000000000000018,Gemma,False
p6AAcU946Io,negative,0.5,negative,0.55,agreement,-0.050000000000000044,0.050000000000000044,Llama,False
EYDbGRXygU4,positive,0.85,positive,0.95,agreement,-0.09999999999999998,0.09999999999999998,Llama,True
J2vPbjbUAt8,neutral,0.45,neutral,0.85,agreement,-0.39999999999999997,0.39999999999999997,Llama,False
F6NPlWPIVhQ,positive,0.75,positive,0.85,agreement,-0.09999999999999998,0.09999999999999998,Llama,False
_jNbTCUbJhg,negative,0.7,negative,0.8,agreement,-0.10000000000000009,0.10000000000000009,Llama,False
QgnL0rx6zvI,negative,0.55,neutral,0.85,disagreement,-0.29999999999999993,0.29999999999999993,Llama,False
jwa_7QmxYEo,neutral,0.7,neutral,0.85,agreement,-0.15000000000000002,0.15000000000000002,Llama,False
k1-YDDVgBH4,negative,0.55,neutral,0.85,disagreement,-0.29999999999999993,0.29999999999999993,Llama,False
jaBUV__O0w8,negative,0.5,negative,0.95,agreement,-0.44999999999999996,0.44999999999999996,Llama,False
WzGs0ic6mQA,negative,0.5,neutral,0.85,disagreement,-0.35,0.35,Llama,False
hdycmo3pqIE,neutral,0.78,positive,0.95,disagreement,-0.16999999999999993,0.16999999999999993,Llama,False
jGYwACXnWZ8,negative,0.5,neutral,0.58,disagreement,-0.07999999999999996,0.07999999999999996,Llama,False
TuR38_7Ew5o,negative,0.5,neutral,0.85,disagreement,-0.35,0.35,Llama,False
aOAT2M-TTSE,neutral,0.45,neutral,0.85,agreement,-0.39999999999999997,0.39999999999999997,Llama,False
dLPk5XJ-y74,negative,0.5,neutral,0.85,disagreement,-0.35,0.35,Llama,False
ldh4VR84n4I,negative,0.7,negative,0.95,agreement,-0.25,0.25,Llama,False
QkADxU0KcqY,neutral,0.7,neutral,0.85,agreement,-0.15000000000000002,0.15000000000000002,Llama,False
kcd5ugO3bCY,neutral,0.75,positive,0.95,disagreement,-0.19999999999999996,0.19999999999999996,Llama,False
vV72_tbyxNc,neutral,0.7,neutral,0.48,agreement,0.21999999999999997,0.21999999999999997,Gemma,False
8S_g31M674s,neutral,0.65,positive,0.85,disagreement,-0.19999999999999996,0.19999999999999996,Llama,False
N205RC6hFLY,negative,0.6,neutral,0.85,disagreement,-0.25,0.25,Llama,False
GY_MseQwwzo,negative,0.55,neutral,0.85,disagreement,-0.29999999999999993,0.29999999999999993,Llama,False
gdr6oPUqXps,negative,0.8,negative,0.94,agreement,-0.1399999999999999,0.1399999999999999,Llama,True
v9DAqSTEaaE,negative,0.5,neutral,0.85,disagreement,-0.35,0.35,Llama,False
RZidzhevl2Q,positive,0.75,neutral,0.85,disagreement,-0.09999999999999998,0.09999999999999998,Llama,False
3dqe9NM7-JQ,negative,0.5,negative,0.55,agreement,-0.050000000000000044,0.050000000000000044,Llama,False
tpDVNxeME_c,negative,0.5,neutral,0.85,disagreement,-0.35,0.35,Llama,False
k5zT4ZSP9vY,negative,0.5,negative,0.95,agreement,-0.44999999999999996,0.44999999999999996,Llama,False
PRoWw1p0enw,negative,0.5,negative,0.5,agreement,0.0,0.0,Equal,False
5TNJlVt19Hs,negative,0.7,neutral,0.85,disagreement,-0.15000000000000002,0.15000000000000002,Llama,False
CztfImfJIBY,negative,0.5,negative,0.94,agreement,-0.43999999999999995,0.43999999999999995,Llama,False
f6Ks3sPb6Mk,positive,0.85,positive,0.95,agreement,-0.09999999999999998,0.09999999999999998,Llama,True
gvplrhWAhFc,negative,0.5,negative,0.55,agreement,-0.050000000000000044,0.050000000000000044,Llama,False
-pnBz3TaZaE,negative,0.7,negative,0.95,agreement,-0.25,0.25,Llama,False
DDyuxL7_EI8,negative,0.5,negative,0.9,agreement,-0.4,0.4,Llama,False
SxeruF4Qf8U,neutral,0.75,neutral,0.85,agreement,-0.09999999999999998,0.09999999999999998,Llama,False
wTf4Hok-O1Q,negative,0.67,negative,0.9,agreement,-0.22999999999999998,0.22999999999999998,Llama,False
nzA9mCorR4A,negative,0.7,neutral,0.85,disagreement,-0.15000000000000002,0.15000000000000002,Llama,False
6gqdU1Yfvo0,negative,0.7,negative,0.94,agreement,-0.24,0.24,Llama,False
VoP6xoS3PAg,neutral,0.7,neutral,0.85,agreement,-0.15000000000000002,0.15000000000000002,Llama,False
yKPSixbDfN8,positive,0.7879,positive,1.0,agreement,-0.21209999999999996,0.21209999999999996,Llama,False
LHBIMM-wFsA,negative,0.55,neutral,0.85,disagreement,-0.29999999999999993,0.29999999999999993,Llama,False
gqoBJC_0lEQ,negative,0.7,neutral,0.85,disagreement,-0.15000000000000002,0.15000000000000002,Llama,False
FZXDZVOiy7c,negative,0.53,neutral,0.85,disagreement,-0.31999999999999995,0.31999999999999995,Llama,False
IkbaiwzFlBU,neutral,0.45,negative,0.5,disagreement,-0.04999999999999999,0.04999999999999999,Llama,False
wd7EQiMx59M,positive,0.85,positive,0.95,agreement,-0.09999999999999998,0.09999999999999998,Llama,True
FWuVHGPPDZg,positive,0.7879,positive,1.0,agreement,-0.21209999999999996,0.21209999999999996,Llama,False
U8ihxV10E40,neutral,0.75,neutral,0.85,agreement,-0.09999999999999998,0.09999999999999998,Llama,False
tHNj1V0EluY,negative,0.7,negative,0.9,agreement,-0.20000000000000007,0.20000000000000007,Llama,False
b5YnGNATasc,negative,0.5,neutral,0.85,disagreement,-0.35,0.35,Llama,False
6i4TLEEw_wM,neutral,0.75,neutral,0.85,agreement,-0.09999999999999998,0.09999999999999998,Llama,False
AZ6fH4_ziGU,positive,0.85,positive,0.95,agreement,-0.09999999999999998,0.09999999999999998,Llama,True
QQU2Babg7B8,neutral,0.7,positive,0.95,disagreement,-0.25,0.25,Llama,False
EnKY5MmaYvg,neutral,0.68,neutral,0.85,agreement,-0.16999999999999993,0.16999999999999993,Llama,False
G3Uv-qwtKcc,neutral,0.7,neutral,0.85,agreement,-0.15000000000000002,0.15000000000000002,Llama,False
vAdxsq4a3Tk,negative,0.55,negative,0.55,agreement,0.0,0.0,Equal,False
hUDA-hii-UA,negative,0.67,negative,0.8,agreement,-0.13,0.13,Llama,False
vXXBXOdndqE,neutral,0.6,neutral,0.85,agreement,-0.25,0.25,Llama,False
naG6AXNAcDw,positive,0.85,positive,0.95,agreement,-0.09999999999999998,0.09999999999999998,Llama,True
PHOcA3DBPxs,neutral,0.78,neutral,0.85,agreement,-0.06999999999999995,0.06999999999999995,Llama,False
itGsFEkVzqw,neutral,0.7,neutral,0.85,agreement,-0.15000000000000002,0.15000000000000002,Llama,False
hFKN8soj4h8,negative,0.6,positive,1.0,disagreement,-0.4,0.4,Llama,False
QretokZE-UM,positive,0.65,neutral,0.85,disagreement,-0.19999999999999996,0.19999999999999996,Llama,False
tgZdhP3JVus,negative,0.6,neutral,0.85,disagreement,-0.25,0.25,Llama,False
PalS0cytsFM,negative,0.7,negative,0.9,agreement,-0.20000000000000007,0.20000000000000007,Llama,False
osiHmfH-51Y,neutral,0.45,neutral,0.85,agreement,-0.39999999999999997,0.39999999999999997,Llama,False
zXEDW8ESlmE,negative,0.5,neutral,0.85,disagreement,-0.35,0.35,Llama,False
BJ9mJ0VIJM4,negative,0.5,negative,0.95,agreement,-0.44999999999999996,0.44999999999999996,Llama,False
8tOR58u9Lak,neutral,0.7,neutral,0.85,agreement,-0.15000000000000002,0.15000000000000002,Llama,False
CisPu9YcrVQ,negative,0.6,neutral,0.85,disagreement,-0.25,0.25,Llama,False
MdRIf3Qe95I,negative,0.5,negative,0.9,agreement,-0.4,0.4,Llama,False
mvUff-OmN-w,negative,0.57,negative,0.9,agreement,-0.33000000000000007,0.33000000000000007,Llama,False
jHT-9wely2g,neutral,0.7,positive,0.95,disagreement,-0.25,0.25,Llama,False
b-B8grtjxjs,positive,0.85,positive,0.95,agreement,-0.09999999999999998,0.09999999999999998,Llama,True
kAFhHaeU38A,negative,0.55,neutral,0.85,disagreement,-0.29999999999999993,0.29999999999999993,Llama,False
5XfBdf6FQT4,negative,0.5,neutral,0.85,disagreement,-0.35,0.35,Llama,False
e0IL06ZXHFs,negative,0.7,negative,0.55,agreement,0.1499999999999999,0.1499999999999999,Gemma,False
NfoYRHvaqkQ,neutral,0.75,neutral,0.85,agreement,-0.09999999999999998,0.09999999999999998,Llama,False
YvjDtjCAdJE,negative,0.7,neutral,0.85,disagreement,-0.15000000000000002,0.15000000000000002,Llama,False
RJzYkMvQNrw,neutral,0.7,neutral,1.0,agreement,-0.30000000000000004,0.30000000000000004,Llama,False
IJrEyRFrZA4,negative,0.55,neutral,0.85,disagreement,-0.29999999999999993,0.29999999999999993,Llama,False
Q_L6biJsdwE,neutral,0.45,neutral,0.85,agreement,-0.39999999999999997,0.39999999999999997,Llama,False
eHw89s7cEqo,positive,0.85,positive,0.95,agreement,-0.09999999999999998,0.09999999999999998,Llama,True
azpXFBvKjxQ,negative,0.85,negative,0.95,agreement,-0.09999999999999998,0.09999999999999998,Llama,True
T8F00H_VFuw,neutral,0.7,neutral,0.85,agreement,-0.15000000000000002,0.15000000000000002,Llama,False
E1PFy1DGbzc,neutral,0.7,positive,0.95,disagreement,-0.25,0.25,Llama,False
2mcyLCbRlMk,positive,0.75,positive,0.95,agreement,-0.19999999999999996,0.19999999999999996,Llama,False
uPT9QC4lElg,negative,0.7,negative,0.95,agreement,-0.25,0.25,Llama,False
1hSqpEkwRLM,negative,0.55,negative,0.55,agreement,0.0,0.0,Equal,False
dXvjZ8hIfQA,negative,0.7,neutral,0.85,disagreement,-0.15000000000000002,0.15000000000000002,Llama,False
QXwU-nZWJt4,negative,0.55,neutral,0.85,disagreement,-0.29999999999999993,0.29999999999999993,Llama,False
LlqpnRLmidI,positive,0.85,positive,0.95,agreement,-0.09999999999999998,0.09999999999999998,Llama,True
vw8K1vYlvoo,negative,0.5,neutral,1.0,disagreement,-0.5,0.5,Llama,False
2PxwbwDiamU,positive,0.85,positive,0.95,agreement,-0.09999999999999998,0.09999999999999998,Llama,True
mJ5_7oJSbYc,negative,0.85,negative,0.95,agreement,-0.09999999999999998,0.09999999999999998,Llama,True
jdexrepbavI,negative,0.6,neutral,0.85,disagreement,-0.25,0.25,Llama,False
aGzDeXqV-L4,negative,0.7,neutral,0.85,disagreement,-0.15000000000000002,0.15000000000000002,Llama,False
sDAMSarXTYc,negative,0.7,negative,0.95,agreement,-0.25,0.25,Llama,False
LlxjD1fnC5M,negative,0.5,negative,0.9,agreement,-0.4,0.4,Llama,False
zLDpplQZLsg,negative,0.7,negative,0.9,agreement,-0.20000000000000007,0.20000000000000007,Llama,False
iu0G0ndovX8,neutral,0.7,neutral,0.85,agreement,-0.15000000000000002,0.15000000000000002,Llama,False
tL0xlE_V2-E,negative,0.6,negative,0.8,agreement,-0.20000000000000007,0.20000000000000007,Llama,False
YfnZOB0R19g,neutral,0.78,neutral,1.0,agreement,-0.21999999999999997,0.21999999999999997,Llama,False
26NRBIUSbGA,negative,0.7,neutral,0.85,disagreement,-0.15000000000000002,0.15000000000000002,Llama,False
LV76n8d0T1A,neutral,0.7,neutral,0.85,agreement,-0.15000000000000002,0.15000000000000002,Llama,False
xbR9rIvpnRQ,negative,0.55,neutral,1.0,disagreement,-0.44999999999999996,0.44999999999999996,Llama,False
rKFsUwxjEsA,negative,0.55,neutral,0.85,disagreement,-0.29999999999999993,0.29999999999999993,Llama,False
M51xsa_ZEak,neutral,0.7,positive,0.95,disagreement,-0.25,0.25,Llama,False
ux-aErLbeSY,negative,0.85,negative,0.9,agreement,-0.050000000000000044,0.050000000000000044,Llama,True
RTOk_UoLEvw,negative,0.7,negative,0.95,agreement,-0.25,0.25,Llama,False
odeM3Hbz7Sw,negative,0.6,neutral,0.85,disagreement,-0.25,0.25,Llama,False
l5Hr6vw0yBg,negative,0.7,neutral,0.85,disagreement,-0.15000000000000002,0.15000000000000002,Llama,False
HDidYFPIFAI,neutral,0.7,neutral,0.85,agreement,-0.15000000000000002,0.15000000000000002,Llama,False
YJfnxYB3hh4,neutral,0.7,neutral,0.85,agreement,-0.15000000000000002,0.15000000000000002,Llama,False
sEqQBLnZavE,negative,0.5,neutral,0.85,disagreement,-0.35,0.35,Llama,False
81stlvF-Hak,neutral,0.65,negative,0.9,disagreement,-0.25,0.25,Llama,False
nZgFB6cx_T4,neutral,0.85,neutral,0.85,agreement,0.0,0.0,Equal,True
ipXOg3K51RI,positive,0.85,positive,0.95,agreement,-0.09999999999999998,0.09999999999999998,Llama,True
0hSrOVIOv1Q,negative,0.8,negative,0.95,agreement,-0.1499999999999999,0.1499999999999999,Llama,True
7ul9hCZtJH0,positive,0.85,positive,0.95,agreement,-0.09999999999999998,0.09999999999999998,Llama,True
EhvZ9qHzxPk,positive,0.85,positive,0.95,agreement,-0.09999999999999998,0.09999999999999998,Llama,True
zqAQ96uUx0A,negative,0.5,negative,0.95,agreement,-0.44999999999999996,0.44999999999999996,Llama,False
liUBw7El5O0,positive,0.65,positive,0.85,agreement,-0.19999999999999996,0.19999999999999996,Llama,False
HRUYmD8VqIg,positive,0.85,positive,0.85,agreement,0.0,0.0,Equal,True
BNLiAKMmJfA,negative,0.47,neutral,0.85,disagreement,-0.38,0.38,Llama,False
i6twLNWLcSI,neutral,0.75,neutral,0.95,agreement,-0.19999999999999996,0.19999999999999996,Llama,False
tFDQ0pSOm4k,negative,0.5,negative,0.55,agreement,-0.050000000000000044,0.050000000000000044,Llama,False
9u92u3eg6Jw,negative,0.8,negative,0.95,agreement,-0.1499999999999999,0.1499999999999999,Llama,True
yZ1L8ABB7OQ,negative,0.5,neutral,0.85,disagreement,-0.35,0.35,Llama,False
7wPpDz0JGDU,neutral,0.7,neutral,0.85,agreement,-0.15000000000000002,0.15000000000000002,Llama,False
up91yoJPdTQ,negative,0.6,neutral,0.85,disagreement,-0.25,0.25,Llama,False
imtiA0H4E5U,neutral,0.7,neutral,0.85,agreement,-0.15000000000000002,0.15000000000000002,Llama,False
ZiUcIkT1vZg,negative,0.55,neutral,0.85,disagreement,-0.29999999999999993,0.29999999999999993,Llama,False
YZR3zKboHI0,positive,0.85,positive,0.95,agreement,-0.09999999999999998,0.09999999999999998,Llama,True
8Bli9bM-a-Y,negative,0.5,negative,0.95,agreement,-0.44999999999999996,0.44999999999999996,Llama,False
BKd-1bQu5pY,neutral,0.7,neutral,1.0,agreement,-0.30000000000000004,0.30000000000000004,Llama,False
x8F9tfM_Ens,positive,0.85,positive,0.95,agreement,-0.09999999999999998,0.09999999999999998,Llama,True
DPMRkXViC7c,neutral,0.75,neutral,0.85,agreement,-0.09999999999999998,0.09999999999999998,Llama,False
SSIG7w_OBOM,positive,0.85,positive,0.95,agreement,-0.09999999999999998,0.09999999999999998,Llama,True
16Js3IFtFOY,negative,0.5,neutral,0.85,disagreement,-0.35,0.35,Llama,False
xujO_f9XcpE,negative,0.5,neutral,0.85,disagreement,-0.35,0.35,Llama,False
QYgCDXK0YjM,negative,0.5,negative,0.95,agreement,-0.44999999999999996,0.44999999999999996,Llama,False
sheEEBs_HuM,neutral,0.7,neutral,0.85,agreement,-0.15000000000000002,0.15000000000000002,Llama,False
p6f1MvYFLuM,negative,0.7,neutral,0.85,disagreement,-0.15000000000000002,0.15000000000000002,Llama,False
pcFdMlRw1Nw,negative,0.85,negative,0.9,agreement,-0.050000000000000044,0.050000000000000044,Llama,True
iJhYTLP6hRM,neutral,0.7,neutral,0.85,agreement,-0.15000000000000002,0.15000000000000002,Llama,False
BZ6-yEqGM6U,positive,0.85,positive,0.95,agreement,-0.09999999999999998,0.09999999999999998,Llama,True
BKPDhePdjZ4,neutral,0.7,positive,0.95,disagreement,-0.25,0.25,Llama,False
3bWnBKAlAoU,positive,0.85,positive,0.95,agreement,-0.09999999999999998,0.09999999999999998,Llama,True
tU9M_bS6nLY,positive,0.85,positive,0.95,agreement,-0.09999999999999998,0.09999999999999998,Llama,True
aOBs-PlEPTs,neutral,0.7,neutral,0.85,agreement,-0.15000000000000002,0.15000000000000002,Llama,False
zZeO7qdd-LQ,negative,0.7,negative,0.95,agreement,-0.25,0.25,Llama,False
5r3noRvnbBI,negative,0.5,neutral,0.55,disagreement,-0.050000000000000044,0.050000000000000044,Llama,False
aLLUfYgDpd4,negative,0.7,negative,0.9,agreement,-0.20000000000000007,0.20000000000000007,Llama,False
iFedfrlFFw8,neutral,0.85,neutral,0.85,agreement,0.0,0.0,Equal,True
jO-bDaZOIPY,positive,0.85,positive,0.95,agreement,-0.09999999999999998,0.09999999999999998,Llama,True
GpnD4FAZ-EE,positive,0.85,positive,0.95,agreement,-0.09999999999999998,0.09999999999999998,Llama,True
LZDgEHOAPC0,neutral,0.7,positive,0.95,disagreement,-0.25,0.25,Llama,False
N2zEVwjtGAw,negative,0.85,negative,0.95,agreement,-0.09999999999999998,0.09999999999999998,Llama,True
rzTWbb8IIW8,neutral,0.7,neutral,0.85,agreement,-0.15000000000000002,0.15000000000000002,Llama,False
vBAOLRfQbgw,neutral,0.7,neutral,0.85,agreement,-0.15000000000000002,0.15000000000000002,Llama,False
gytDD0EXPXQ,negative,0.8,neutral,0.85,disagreement,-0.04999999999999993,0.04999999999999993,Llama,False
BO89ZuOJIfs,positive,0.85,positive,0.95,agreement,-0.09999999999999998,0.09999999999999998,Llama,True
xs4S-F8gaeM,negative,0.5,negative,0.5,agreement,0.0,0.0,Equal,False
2eTsGcHWdcY,negative,0.7,negative,0.95,agreement,-0.25,0.25,Llama,False
yAqYE4fwe44,negative,0.7,negative,0.95,agreement,-0.25,0.25,Llama,False
-pkTXL3L9AE,negative,0.5,negative,0.55,agreement,-0.050000000000000044,0.050000000000000044,Llama,False
MkQHPghS2gc,positive,0.85,positive,0.95,agreement,-0.09999999999999998,0.09999999999999998,Llama,True
c_mRcMJ8F6c,neutral,0.7,neutral,0.85,agreement,-0.15000000000000002,0.15000000000000002,Llama,False
ZFe5Z4ilU8U,neutral,0.85,positive,0.95,disagreement,-0.09999999999999998,0.09999999999999998,Llama,False
qiFPzNBe-Bk,positive,0.85,neutral,0.85,disagreement,0.0,0.0,Equal,False
XMHzNBL3xPg,neutral,0.7,neutral,1.0,agreement,-0.30000000000000004,0.30000000000000004,Llama,False
z5jvMNyAz_0,negative,0.6,negative,0.95,agreement,-0.35,0.35,Llama,False
Fi5BzGUrfBQ,positive,0.85,positive,0.95,agreement,-0.09999999999999998,0.09999999999999998,Llama,True
cfmHLtkVGvM,negative,0.7,negative,0.94,agreement,-0.24,0.24,Llama,False
5EdqO0RC0ck,negative,0.5,neutral,0.85,disagreement,-0.35,0.35,Llama,False
hvSPc6PL4DI,neutral,0.7,neutral,1.0,agreement,-0.30000000000000004,0.30000000000000004,Llama,False
vEaq_EFzSns,neutral,0.45,neutral,0.85,agreement,-0.39999999999999997,0.39999999999999997,Llama,False
iLv0P4h3qlY,negative,0.67,negative,0.8,agreement,-0.13,0.13,Llama,False
netEKi1gRJw,negative,0.7,neutral,0.85,disagreement,-0.15000000000000002,0.15000000000000002,Llama,False
4iRijyKI3uA,negative,0.55,neutral,0.85,disagreement,-0.29999999999999993,0.29999999999999993,Llama,False
cA7kQTdwSDM,neutral,0.7,neutral,0.85,agreement,-0.15000000000000002,0.15000000000000002,Llama,False
hyyAztKUPdQ,neutral,0.7,neutral,0.85,agreement,-0.15000000000000002,0.15000000000000002,Llama,False
MaQeVEB7sAU,neutral,0.7,neutral,0.85,agreement,-0.15000000000000002,0.15000000000000002,Llama,False
W3WEMEGtK8M,negative,0.6,neutral,0.85,disagreement,-0.25,0.25,Llama,False
5w80em2xTTE,negative,0.5,negative,0.9,agreement,-0.4,0.4,Llama,False
6E0vLPCHUMk,neutral,0.7,negative,0.9,disagreement,-0.20000000000000007,0.20000000000000007,Llama,False
8EDyAIllbgw,neutral,0.75,positive,0.95,disagreement,-0.19999999999999996,0.19999999999999996,Llama,False
ccXbtSwtn0g,neutral,0.7,neutral,0.85,agreement,-0.15000000000000002,0.15000000000000002,Llama,False
ZTxakmfeH1s,positive,0.65,positive,0.95,agreement,-0.29999999999999993,0.29999999999999993,Llama,False
j7WGA4Uf44o,neutral,0.7,neutral,0.85,agreement,-0.15000000000000002,0.15000000000000002,Llama,False
jatUln64v_U,neutral,0.8,neutral,1.0,agreement,-0.19999999999999996,0.19999999999999996,Llama,True
8P7Gi1JbqPo,neutral,0.7,neutral,0.85,agreement,-0.15000000000000002,0.15000000000000002,Llama,False
S-e2vK3Fg-g,positive,0.85,positive,0.95,agreement,-0.09999999999999998,0.09999999999999998,Llama,True
l85PyMImEII,neutral,0.7,neutral,0.85,agreement,-0.15000000000000002,0.15000000000000002,Llama,False
OXQZ1MN9lFY,neutral,0.65,positive,0.85,disagreement,-0.19999999999999996,0.19999999999999996,Llama,False
gw2Y8FzgZXQ,negative,0.7,negative,0.9,agreement,-0.20000000000000007,0.20000000000000007,Llama,False
PH_sLSByqhE,neutral,0.7,neutral,0.85,agreement,-0.15000000000000002,0.15000000000000002,Llama,False
Dm9n81dOiHQ,neutral,0.45,neutral,0.85,agreement,-0.39999999999999997,0.39999999999999997,Llama,False
6FGhxLWxfzc,negative,0.67,neutral,0.85,disagreement,-0.17999999999999994,0.17999999999999994,Llama,False
_PI66sr4vNg,negative,0.5,neutral,0.85,disagreement,-0.35,0.35,Llama,False
8pYlQaqQRU8,neutral,0.75,neutral,1.0,agreement,-0.25,0.25,Llama,False
SvzFhM9nEc0,neutral,0.7,neutral,0.85,agreement,-0.15000000000000002,0.15000000000000002,Llama,False
0xZsBz1Mbo8,negative,0.7,neutral,0.85,disagreement,-0.15000000000000002,0.15000000000000002,Llama,False
wgfKpkfEvDM,neutral,0.75,neutral,0.85,agreement,-0.09999999999999998,0.09999999999999998,Llama,False
E63R_pIzXWs,negative,0.5,negative,0.95,agreement,-0.44999999999999996,0.44999999999999996,Llama,False
pknJjObGyP8,neutral,0.7,neutral,0.85,agreement,-0.15000000000000002,0.15000000000000002,Llama,False
OpG4n-FN95I,negative,0.7,negative,0.9,agreement,-0.20000000000000007,0.20000000000000007,Llama,False
5il7YlonaCE,negative,0.5,neutral,0.85,disagreement,-0.35,0.35,Llama,False
j0VNEBDpLfU,negative,0.5,negative,1.0,agreement,-0.5,0.5,Llama,False
VOcjo6UKCO8,negative,0.5,negative,0.55,agreement,-0.050000000000000044,0.050000000000000044,Llama,False
KhRUB9q-jYQ,negative,0.85,neutral,0.85,disagreement,0.0,0.0,Equal,False
YbipIjms2Do,neutral,0.7,neutral,0.85,agreement,-0.15000000000000002,0.15000000000000002,Llama,False
_LPVZa6mR9k,negative,0.57,negative,0.9,agreement,-0.33000000000000007,0.33000000000000007,Llama,False
LuM-dB2MPTo,neutral,0.7,neutral,0.85,agreement,-0.15000000000000002,0.15000000000000002,Llama,False
MIObmzKFUII,negative,0.7,neutral,1.0,disagreement,-0.30000000000000004,0.30000000000000004,Llama,False
SlZFoUZI9fI,neutral,0.7,neutral,0.85,agreement,-0.15000000000000002,0.15000000000000002,Llama,False
6-0mj8QRjh4,neutral,0.85,neutral,1.0,agreement,-0.15000000000000002,0.15000000000000002,Llama,True
ZQgHDLPS24Q,neutral,0.8,neutral,1.0,agreement,-0.19999999999999996,0.19999999999999996,Llama,True
WPhK8SSNdDc,neutral,0.7,neutral,0.85,agreement,-0.15000000000000002,0.15000000000000002,Llama,False
CmLpsoRGxIA,positive,0.85,positive,0.95,agreement,-0.09999999999999998,0.09999999999999998,Llama,True
kRHNpsuulUU,neutral,0.7,neutral,0.85,agreement,-0.15000000000000002,0.15000000000000002,Llama,False
ItS9q3JasnY,positive,0.85,positive,0.95,agreement,-0.09999999999999998,0.09999999999999998,Llama,True
9Bk48knjs-o,positive,0.85,positive,0.95,agreement,-0.09999999999999998,0.09999999999999998,Llama,True
PFEy4q2G7qs,negative,0.85,negative,0.95,agreement,-0.09999999999999998,0.09999999999999998,Llama,True
cVW8IJ5WCeo,negative,0.55,neutral,0.85,disagreement,-0.29999999999999993,0.29999999999999993,Llama,False
HlJ_Njek7qs,neutral,0.7,positive,0.85,disagreement,-0.15000000000000002,0.15000000000000002,Llama,False
o9ubBcBfyuc,negative,0.75,neutral,0.85,disagreement,-0.09999999999999998,0.09999999999999998,Llama,False
oMRArWZsG1Q,negative,0.7,neutral,0.85,disagreement,-0.15000000000000002,0.15000000000000002,Llama,False
ZDSnrixdW2s,negative,0.55,negative,0.95,agreement,-0.3999999999999999,0.3999999999999999,Llama,False
zoJXlaC4Zk8,neutral,0.7,neutral,0.85,agreement,-0.15000000000000002,0.15000000000000002,Llama,False
lGc6yv9Y_oc,negative,0.7,negative,1.0,agreement,-0.30000000000000004,0.30000000000000004,Llama,False
D_vo40hSJQ4,negative,0.5,negative,0.55,agreement,-0.050000000000000044,0.050000000000000044,Llama,False
oEXDEyA8zhk,negative,0.55,neutral,1.0,disagreement,-0.44999999999999996,0.44999999999999996,Llama,False
ECfkzk-VJIs,negative,0.5,positive,0.85,disagreement,-0.35,0.35,Llama,False
GBc47Pok9UY,negative,0.55,neutral,0.85,disagreement,-0.29999999999999993,0.29999999999999993,Llama,False
X_6aEfMKM4A,negative,0.67,negative,0.55,agreement,0.12,0.12,Gemma,False
lGiR7Dw62kE,neutral,0.85,positive,0.95,disagreement,-0.09999999999999998,0.09999999999999998,Llama,False
1tR5T8Qm5Uw,negative,0.5,neutral,0.85,disagreement,-0.35,0.35,Llama,False
YNcGrmpVnmM,negative,0.7,neutral,0.85,disagreement,-0.15000000000000002,0.15000000000000002,Llama,False
f8Iqv1e20NM,negative,0.55,negative,0.94,agreement,-0.3899999999999999,0.3899999999999999,Llama,False
IjGhU67tlo4,positive,0.85,positive,0.95,agreement,-0.09999999999999998,0.09999999999999998,Llama,True
6mKWQ_RdN8c,neutral,0.8,neutral,0.85,agreement,-0.04999999999999993,0.04999999999999993,Llama,True
cfMABm6Uocg,neutral,0.75,neutral,1.0,agreement,-0.25,0.25,Llama,False
hYuIfNxGR-4,neutral,0.75,neutral,1.0,agreement,-0.25,0.25,Llama,False
jekxqVWJYlA,neutral,0.78,neutral,1.0,agreement,-0.21999999999999997,0.21999999999999997,Llama,False
uVwrBpes9UQ,neutral,0.7,neutral,0.85,agreement,-0.15000000000000002,0.15000000000000002,Llama,False
co5mkiuThl8,negative,0.7,negative,0.9,agreement,-0.20000000000000007,0.20000000000000007,Llama,False
ruFDRQPcCes,negative,0.7,neutral,0.85,disagreement,-0.15000000000000002,0.15000000000000002,Llama,False
Xnb9EE823j8,negative,0.7,negative,0.94,agreement,-0.24,0.24,Llama,False
18TrgKrQjIQ,positive,0.85,positive,0.95,agreement,-0.09999999999999998,0.09999999999999998,Llama,True
Rw5Cp1czWbA,neutral,0.85,neutral,0.85,agreement,0.0,0.0,Equal,True
CoCUeG_-iEE,negative,0.5,negative,0.55,agreement,-0.050000000000000044,0.050000000000000044,Llama,False
VjfPFcRUYg0,neutral,0.7,neutral,0.85,agreement,-0.15000000000000002,0.15000000000000002,Llama,False
GVoIT02se9Y,neutral,0.7,neutral,1.0,agreement,-0.30000000000000004,0.30000000000000004,Llama,False
At0Vc28tnuE,negative,0.6,neutral,1.0,disagreement,-0.4,0.4,Llama,False
5_gCqDwlWLI,negative,0.55,negative,0.95,agreement,-0.3999999999999999,0.3999999999999999,Llama,False
SLuW92aMNss,neutral,0.7,neutral,0.85,agreement,-0.15000000000000002,0.15000000000000002,Llama,False
4AbWg1t4YAw,neutral,0.7,neutral,1.0,agreement,-0.30000000000000004,0.30000000000000004,Llama,False
ImFdawvN-yQ,neutral,0.7,neutral,0.85,agreement,-0.15000000000000002,0.15000000000000002,Llama,False
3yF9qh6-IEo,neutral,0.45,neutral,0.85,agreement,-0.39999999999999997,0.39999999999999997,Llama,False
r2NmGGkF8-I,negative,0.5,negative,0.95,agreement,-0.44999999999999996,0.44999999999999996,Llama,False
LOLoJfLaxfI,negative,0.8,neutral,1.0,disagreement,-0.19999999999999996,0.19999999999999996,Llama,False
5lg8zynurSw,neutral,0.75,neutral,0.85,agreement,-0.09999999999999998,0.09999999999999998,Llama,False
nOUfNQsRDwc,neutral,0.45,neutral,0.85,agreement,-0.39999999999999997,0.39999999999999997,Llama,False
KFgmn4wQdT4,negative,0.7,negative,0.9,agreement,-0.20000000000000007,0.20000000000000007,Llama,False
68KPMtEtFHY,neutral,0.7,neutral,1.0,agreement,-0.30000000000000004,0.30000000000000004,Llama,False
862MHBm-5Iw,negative,0.7,neutral,0.85,disagreement,-0.15000000000000002,0.15000000000000002,Llama,False
UOGoQ1Pyu0o,neutral,0.7,neutral,1.0,agreement,-0.30000000000000004,0.30000000000000004,Llama,False
iY4htNG4MWU,neutral,0.8,neutral,1.0,agreement,-0.19999999999999996,0.19999999999999996,Llama,True
uASH881BxE8,neutral,0.7,neutral,0.85,agreement,-0.15000000000000002,0.15000000000000002,Llama,False
3-TBjPQBNZ4,neutral,0.65,neutral,0.85,agreement,-0.19999999999999996,0.19999999999999996,Llama,False
HtZ4yNsWrKQ,negative,0.7,neutral,0.98,disagreement,-0.28,0.28,Llama,False
c2gJsj0kRH4,negative,0.55,neutral,0.85,disagreement,-0.29999999999999993,0.29999999999999993,Llama,False
AqC7IfQ41uY,negative,0.7,negative,0.95,agreement,-0.25,0.25,Llama,False
dEI6rCIrnyc,negative,0.7,neutral,0.85,disagreement,-0.15000000000000002,0.15000000000000002,Llama,False
1EWTzsqBRwk,negative,0.75,negative,0.54,agreement,0.20999999999999996,0.20999999999999996,Gemma,False
