comment_id,text,CardiffNLP,NLPTown,BERTweet,Gemma,Gemma_confidence,Llama,Llama_confidence,valid_model_count,majority_label,number_of_unique_labels,full_agreement,majority_count,consensus_strength,CardiffNLP_agrees_with_majority,NLPTown_agrees_with_majority,BERTweet_agrees_with_majority,Gemma_agrees_with_majority,Llama_agrees_with_majority,outlier_models
UgxYhS_PpEi7HFJf4VR4AaABAg,"May you be alive and well, you are the true head of your country of our Macedonia... MACEDONIA FOREVER.",positive,positive,positive,positive,0.95,positive,0.95,5,positive,1,True,5,1.0,True,True,True,True,True,
UgxU_bkCF7H4r2gNRkp4AaABAg,Thank you. Greetings from Serbia. Ziveo Ivanov.,positive,positive,positive,positive,0.95,positive,1.0,5,positive,1,True,5,1.0,True,True,True,True,True,
Ugw9an0RQY4BYGhstFB4AaABAg,"Well done, our president, long live the Republic of Macedonia",positive,positive,positive,positive,0.85,positive,0.95,5,positive,1,True,5,1.0,True,True,True,True,True,
UgxzZZ0sSkbFQS5Ufx94AaABAg,"Kudos, political lesson for all. Only go forward boldly and wisely; there must be responsibility from those who imposed this situation.",positive,negative,neutral,positive,0.85,positive,0.85,5,positive,3,False,3,0.6,True,False,False,True,True,"NLPTown, BERTweet"
Ugy6lx_YUi3x8X9IbTB4AaABAg,Mr. Ivanov is a decent man. Well done predecessor,positive,positive,positive,positive,0.85,positive,0.95,5,positive,1,True,5,1.0,True,True,True,True,True,
UgzvK7jK2kv6C70081h4AaABAg,WELL DONE PRESIDENT💓,positive,positive,positive,positive,0.98,positive,0.95,5,positive,1,True,5,1.0,True,True,True,True,True,
UgxiE2NrGC6xP0zllnJ4AaABAg,"Well done Mr. President Ivanov, clean, cleaner health. Now, you gentlemen from the ""authority"", yesterday the people told you to open your mouth. The door is open to you and let's march on the battlefield of history. In fact, you have been there for a long time, but no one clearly told you that. The people told you yesterday. Don't you want? Still hoping that someone will save you? Okay then. The people will come back again and don't say afterwards that you didn't know, because then you will regret that you didn't come out in time. That's why it's pleasant without goodbye, forever. And those foreigners who support you all the time and even now in the face of a clear, constitutional and legal defeat, I will tell them. If you want them in power so much, take them to your countries and put them there as politicians, let them lead you. We don't need them anymore. Neither they nor you who come uninvited to harass us in front of the eyes of the whole peace-loving world. Thank you.",positive,positive,positive,negative,0.5,negative,0.95,5,positive,2,False,3,0.6,True,True,True,False,False,"Gemma, Llama"
UgxRbvbZrVwDlrCV6R94AaABAg,The Macedonian people came together and said yes to Macedonia - down North,positive,positive,positive,negative,0.8,positive,0.95,5,positive,2,False,4,0.8,True,True,True,False,True,Gemma
UgzysfIySZ7T629GPZd4AaABAg,President Gorgi Ivanov 👌 💪 ❤,positive,positive,neutral,positive,0.95,positive,0.95,5,positive,2,False,4,0.8,True,True,False,True,True,BERTweet
Ugz0lUJwHCmD0cMTuWx4AaABAg,The predecessor confirmed the Macedonian reality... Macedonia of the Macedonians🇲🇰...,neutral,positive,neutral,positive,0.85,positive,0.95,5,positive,2,False,3,0.6,False,True,False,True,True,"CardiffNLP, BERTweet"
UgwxFWcUGcA9D63xfch4AaABAg,A true Orthodox Macedonian!,positive,positive,positive,positive,0.85,positive,0.95,5,positive,1,True,5,1.0,True,True,True,True,True,
UgwA6LF-N-zvHPczF994AaABAg,"Well done, President, the best President of the Macedonian people. And the country, so far, you should remain as the defender of your people. And continue to be President, so that Macedonia may live with you.",positive,positive,positive,positive,0.85,positive,0.95,5,positive,1,True,5,1.0,True,True,True,True,True,
Ugwa0i9VRwYirUIGpqN4AaABAg,"FILLING BOXES WITH BALLOTS EVERYWHERE, EVEN OUTSIDE OF MACEDONIA SOMEONE HAS VOTED FOR THEM ON THEIR NAME, THE PERCENTAGE IS LESS THAN 25% AND IF THE ALBANIAN VOTES ARE SUBTRACTED, THEN JUST AMONG THE MACEDONIANS THE TURNOUT IS LESS THAN 15 OR 10%",negative,negative,neutral,negative,0.75,negative,0.95,5,negative,2,False,4,0.8,True,True,False,True,True,BERTweet
UgxnerEEwN8DXJGKsGd4AaABAg,"Yes, those who hoped for a convincing Euro-Atlantic result in the referendum were disappointed. At least 150-200 thousand votes were missing for a big celebration of a better future for Macedonia. As many times before, the Party of Seirot (""abstinents"", in modern terms) ""won"", that unregistered political entity of those who think that everyone is the same, that nothing is worth taking sides and that onion kebabs were originally invented in the Turkish bazaar in Skopje. How much I envy them! It is not simple to achieve such ease of existence, although sometimes it seems to me that that ignorant discourse requires more engagement than living in the world of real, calculated possibilities in politics. It's not easy not to be bothered by anything, behind that there is probably a deeper frustration than for those who show that something bothers them. But the trick is that it doesn't matter if you love ""politics"" – whatever that means – because she doesn't care, she loves you. It produces daily consequences for the followers as well, all the more so when you do not resist. Politics likes them the most. In such a ""harsh reality"" of our everyday life, Zaev's argument does not seem bad to me: with 600+ thousand votes FOR, even if the opposition took out its 400+ thousand voters in the referendum and all of them voted AGAINST - they would have been convincingly defeated. (While the seirs watch each other's seir.)",negative,negative,negative,negative,0.6,neutral,0.56,5,negative,2,False,4,0.8,True,True,True,True,False,Llama
UgxnerEEwN8DXJGKsGd4AaABAg.8lsDiI9dARo8lxE3qf4FwO,"hahahaha, Child, Child...................................................",neutral,negative,neutral,negative,0.8,negative,1.0,5,negative,2,False,3,0.6,False,True,False,True,True,"CardiffNLP, BERTweet"
Ugw_UoxqiP0ORTCLg3x4AaABAg,Disease of the 21st century: what could this ficus be?,negative,negative,negative,negative,0.65,neutral,1.0,5,negative,2,False,4,0.8,True,True,True,True,False,Llama
UgwYtcAtFZL-GYBbBHh4AaABAg,How come you don't fear God. You are using a tragedy for political purposes.,negative,positive,negative,negative,0.8,negative,0.95,5,negative,2,False,4,0.8,True,False,True,True,True,NLPTown
Ugxp4Wyjr6Rj90Zv8pJ4AaABAg,"According to me, this is treason against Macedonia and the Macedonian nation. Regards.",negative,negative,negative,negative,0.8,negative,0.95,5,negative,1,True,5,1.0,True,True,True,True,True,
UgxryTwM9rlTKn2t2UB4AaABAg,"When both parties are NOT satisfied, then the solution is GOOD!!! Whenever one party is satisfied, it is at the expense of the other.",positive,neutral,neutral,neutral,0.65,negative,0.8,5,neutral,3,False,3,0.6,False,True,True,True,False,"CardiffNLP, Llama"
UgxCReJLW8uIjm006X14AaABAg,Just go ahead REPUBLIC OF NORTH MACEDONIA BRAVO,positive,positive,positive,positive,0.95,positive,0.95,5,positive,1,True,5,1.0,True,True,True,True,True,
UgxCReJLW8uIjm006X14AaABAg.8hjsDvT5IiZ9wgfIltiW8h,MACEDONIA is in SOUTHEAST EUROPE -- 25TH CENTURY. from PHILIP KING 4th century BC to the present 36th century.,neutral,positive,neutral,neutral,0.8,neutral,1.0,5,neutral,2,False,4,0.8,True,False,True,True,True,NLPTown
UgwQukWyqgVAGo7QSMV4AaABAg,Why don't you ask the people for one kopuk.,negative,negative,neutral,negative,0.8,negative,0.9,5,negative,2,False,4,0.8,True,True,False,True,True,BERTweet
UgyyoA6fuPL4T4IW0jV4AaABAg,"who will stay in Macedonia for 100-200 euros monthly salary, everyone will leave Macedonia",negative,negative,neutral,negative,0.8,negative,0.95,5,negative,2,False,4,0.8,True,True,False,True,True,BERTweet
Ugy4MfH_Do1bfVH_VJx4AaABAg,REPUBLIC ARNOLD SCHARZENEGGER FINAL DECISION ON THE NAME.......HA HA HA ODIN GUIDE OUR OUR SHIPS TO VALHALLA ...PERUN IS BESIDE JO......NOW IT'S THE TURN OF ORTHODOX CHRISTIANS TO SING ODIN THOR FREYA,negative,positive,neutral,negative,0.8,negative,0.95,5,negative,3,False,3,0.6,True,False,False,True,True,"NLPTown, BERTweet"
Ugy4MfH_Do1bfVH_VJx4AaABAg.8hPSHiAOO9x9wgejf-PvyE,Apostle Paul introduced CHRISTIANITY to MACEDONIA. MACEDONIAN PEOPLE BLESSED BY GOD. 20th century.,positive,positive,positive,positive,0.85,positive,0.95,5,positive,1,True,5,1.0,True,True,True,True,True,
UgxnQIDq_KvTCyCxMpZ4AaABAg,Well done!! Support until the end! Better times are coming.,positive,positive,positive,positive,0.85,positive,0.95,5,positive,1,True,5,1.0,True,True,True,True,True,
Ugwy7VV3v0NreeopYIt4AaABAg,"Minister Rada is the cutest, without her the image on TV is not the same",positive,neutral,positive,positive,0.85,positive,0.95,5,positive,2,False,4,0.8,True,False,True,True,True,NLPTown
Ugx5AHLYd04JCnaE99J4AaABAg,Final...,neutral,positive,neutral,neutral,0.7,neutral,1.0,5,neutral,2,False,4,0.8,True,False,True,True,True,NLPTown
UgwBuTTh0W9fvkmh2H14AaABAg,Only forward with Macedonia. Better life for our children. Insallah!! God willing!!!,positive,positive,positive,positive,0.85,positive,0.95,5,positive,1,True,5,1.0,True,True,True,True,True,
UgwBuTTh0W9fvkmh2H14AaABAg.8hPXcqCsVtp8hPZYZqFENE,"There are no Macedonian children, with that agreement we don't exist forever!",negative,negative,negative,negative,0.8,negative,0.95,5,negative,1,True,5,1.0,True,True,True,True,True,
UgwBuTTh0W9fvkmh2H14AaABAg.8hPXcqCsVtp9wggLmhXtlv,<USER> breached contract - crime. sds program 2016 does not change the NAME of MACEDONIA anywhere. sds j baybook. agreement j vc.,negative,negative,negative,negative,0.65,negative,0.95,5,negative,1,True,5,1.0,True,True,True,True,True,
UgzYXL9mNmZb5RuJW1t4AaABAg,"It should have been called Old Serbia, which it is. Who fought in the Balkan wars for Macedonia?! Who freed Macedonia from Turkey and Bulgaria? That would not be a problem at all with the Greeks. And this fabrication and taking other people's history is ridiculous!",negative,negative,negative,negative,0.8,negative,0.95,5,negative,1,True,5,1.0,True,True,True,True,True,
UgzYXL9mNmZb5RuJW1t4AaABAg.8hTnvJC9ogN8pJSmjsZ3BH,so we are Macedonia and not the Greeks or Bulgaria.,neutral,neutral,neutral,negative,0.8,positive,0.95,5,neutral,3,False,3,0.6,True,True,True,False,False,"Gemma, Llama"
UgzYXL9mNmZb5RuJW1t4AaABAg.8hTnvJC9ogN8pJUmppUtYg,southern serbia should or fjrom. From Skopje Macedonia.,neutral,negative,neutral,negative,0.8,negative,0.95,5,negative,2,False,3,0.6,False,True,False,True,True,"CardiffNLP, BERTweet"
UgzYXL9mNmZb5RuJW1t4AaABAg.8hTnvJC9ogN9wgdM7GWvai,<USER>............ nerd.,negative,negative,neutral,negative,0.8,negative,1.0,5,negative,2,False,4,0.8,True,True,False,True,True,BERTweet
UgziIeLsspfR5c91iYN4AaABAg,"Macedonia should be divided to its proper rightful owners Albania, Bulgaria and Greece. Tetovo is Albania!",negative,negative,neutral,negative,0.8,negative,0.95,5,negative,2,False,4,0.8,True,True,False,True,True,BERTweet
UgziIeLsspfR5c91iYN4AaABAg.8hRgDxVEJrO8pJTBAvgrxQ,teto is fjrom. Presevo is Serbia. the end,neutral,negative,neutral,neutral,0.78,negative,0.95,5,neutral,2,False,3,0.6,True,False,True,True,False,"NLPTown, Llama"
UgziIeLsspfR5c91iYN4AaABAg.8hRgDxVEJrO9wge3E0eqLh,MACEDONIA IS MACEDONIA. another - junc.,negative,negative,neutral,neutral,0.78,neutral,0.85,5,neutral,2,False,3,0.6,False,False,True,True,True,"CardiffNLP, NLPTown"
UgzUFlOBkh5S_rJp_il4AaABAg,What do you Macedonians think about this?,neutral,negative,neutral,negative,0.8,neutral,0.85,5,neutral,2,False,3,0.6,True,False,True,False,True,"NLPTown, Gemma"
Ugzkr538H_mPWe1HzA94AaABAg,in which language did alexander the great speak with aristotles??? nightingale? but also you Greek. and where is macedonia? right in heat. with whatf is this disneycountrj???? You are doing a favor for ur politician,negative,negative,neutral,negative,0.75,negative,0.95,5,negative,2,False,4,0.8,True,True,False,True,True,BERTweet
Ugzkr538H_mPWe1HzA94AaABAg.8hPdaJg67rw8hPj9Ms0sTF,believe me sad for u cause u dont knov ANYTHING about history.....open some books please and then talk about ancient greece and inform urself how the political situation u hahaha in 1821 u werent even existing just an ottoman sperm......anjwaj yo slavuric state and u slavic people knov that u don't have nothing in common with Macedonia and Alexander the Great. Europe is just pushing you for their own advantages and they are using you. Yow are só sillj that u need a nev name but if u vere real Macedonians u wouldn't allov it. You cant even tell me why all macedonians had greek names and how are they talking to greeks? in slavic? and don't think so. fuck off disneyland. And btw pavlovska is with slavic and 0% macedonian name im sorry,negative,negative,negative,negative,0.8,negative,0.95,5,negative,1,True,5,1.0,True,True,True,True,True,
Ugzkr538H_mPWe1HzA94AaABAg.8hPdaJg67rw8hPlAYp8VOP,"Costa Gazis hmmm there's a theory that when the Slavic ppl came in the 7th century mixed with the ppl who were already there... all it ancient or whatever. The youth doesn't care about anjthing ve try to migrate somevhere far from this land anjway, so have that in mind when hating...however, have a great day and regards from me.",negative,negative,neutral,neutral,0.7,neutral,0.48,5,neutral,2,False,3,0.6,False,False,True,True,True,"CardiffNLP, NLPTown"
Ugzkr538H_mPWe1HzA94AaABAg.8hPdaJg67rw8hPlqXZFoDG,ve have dna test evrybodj tsan do it.....hov tsan a slavic state with a slavic alphabet tsall themselves Macedonians when the Macedonians had Greek alphabet....its with sillj.,neutral,negative,neutral,negative,0.8,negative,0.95,5,negative,2,False,3,0.6,False,True,False,True,True,"CardiffNLP, BERTweet"
Ugzkr538H_mPWe1HzA94AaABAg.8hPdaJg67rw9wgdmIVHB3O,<USER> ALEXANDER speak Macedonian language. before 25 centuries -- EMPEROR OF MACEDONIA.,neutral,negative,neutral,positive,0.85,positive,0.95,5,,3,False,0,0.0,False,False,False,False,False,
Ugzkr538H_mPWe1HzA94AaABAg.8hPdaJg67rw9wgeqw7O_6-,<USER> is Macedonian and Greek not Slavic,neutral,negative,neutral,negative,0.7,negative,0.95,5,negative,2,False,3,0.6,False,True,False,True,True,"CardiffNLP, BERTweet"
Ugzkr538H_mPWe1HzA94AaABAg.8hPdaJg67rw9wgh6h5sJKc,"and PHILIP and SON ALEXANDER -- MACEDONIANS. 25 centuries ago PHILIP KING, ALEXANDER EMPEROR OF MACEDONIA !!!",neutral,positive,neutral,negative,0.8,positive,0.95,5,,3,False,0,0.0,False,False,False,False,False,
UgzNDUOIc3TwNFCpuYZ4AaABAg,Better to be called Southern Serbia,negative,neutral,neutral,neutral,0.7,negative,0.9,5,neutral,2,False,3,0.6,False,True,True,True,False,"CardiffNLP, Llama"
UgzNDUOIc3TwNFCpuYZ4AaABAg.9g2LQ3V8a579wglN4j7Ku_,@...... gnjuri y Danube. TATIANA MAKEDONKA,neutral,negative,neutral,neutral,0.7,negative,1.0,5,neutral,2,False,3,0.6,True,False,True,True,False,"NLPTown, Llama"
UgzulEVEWZtJnsse5DV4AaABAg,"Unconditional surrender! Keski Precedent and VMRO will save us from this foolishness. If VMRO saves the name, I will never vote for SDSM again!",negative,negative,negative,positive,0.7879,positive,0.95,5,negative,2,False,3,0.6,True,True,True,False,False,"Gemma, Llama"
UgzulEVEWZtJnsse5DV4AaABAg.8hP_DiY_Omc8hWs3Yps2oT,I didn't understand you at all. Write in English!,negative,negative,negative,negative,0.7,negative,0.9,5,negative,1,True,5,1.0,True,True,True,True,True,
UgzulEVEWZtJnsse5DV4AaABAg.8hP_DiY_Omc8hWw_5KDwC0,Byak TTM!,negative,neutral,neutral,neutral,0.7,positive,1.0,5,neutral,3,False,3,0.6,False,True,True,True,False,"CardiffNLP, Llama"
UgzulEVEWZtJnsse5DV4AaABAg.8hP_DiY_Omc8hXLGFXdrjj,+wannabe Samuil Mrsh Tatar!,neutral,negative,negative,negative,0.8,negative,1.0,5,negative,2,False,4,0.8,False,True,True,True,True,CardiffNLP
UgzulEVEWZtJnsse5DV4AaABAg.8hP_DiY_Omc8hZizkb7q2n,"I called you a dead Tatar, but I didn't understand you! ;)",positive,negative,negative,negative,0.8,negative,0.95,5,negative,2,False,4,0.8,False,True,True,True,True,CardiffNLP
UgzulEVEWZtJnsse5DV4AaABAg.8hP_DiY_Omc8h_DnwyQql-,I don't want you under my post. You are Turano-Tataro-Mongolian! Gitla!,negative,negative,negative,negative,0.8,negative,1.0,5,negative,1,True,5,1.0,True,True,True,True,True,
UgzulEVEWZtJnsse5DV4AaABAg.8hP_DiY_Omc8hajnPOLxsH,"I don't understand you Tatarce, write English!",negative,negative,negative,negative,0.8,negative,0.9,5,negative,1,True,5,1.0,True,True,True,True,True,
UgzulEVEWZtJnsse5DV4AaABAg.8hP_DiY_Omc8hawCRhKrUT,Abe Turano Tataro-Mongolian writes in English. I don't understand you at all!,negative,negative,negative,negative,0.8,negative,0.95,5,negative,1,True,5,1.0,True,True,True,True,True,
UgzulEVEWZtJnsse5DV4AaABAg.8hP_DiY_Omc8hbBXe2uDpM,"Hey Bulgarian, Tatar, I don't understand you, did you speak English?",negative,negative,negative,negative,0.8,negative,0.9,5,negative,1,True,5,1.0,True,True,True,True,True,
UgyhE8NSXBsY1MwSRvN4AaABAg,You will lie down.,neutral,negative,neutral,negative,0.8,negative,1.0,5,negative,2,False,3,0.6,False,True,False,True,True,"CardiffNLP, BERTweet"
UgyhE8NSXBsY1MwSRvN4AaABAg.8hPfsdVZ5zh9wgfa9mibTe,and k'e lez'i. sds program 2016 does not change the NAME of MACEDONIA anywhere.,negative,negative,negative,neutral,0.85,negative,0.95,5,negative,2,False,4,0.8,True,True,True,False,True,Gemma
UgxZ4jQxJAvP_r_Fpv54AaABAg,"The government of Z. Zaev hastened, not the Macedonian people...",negative,negative,negative,negative,0.8,negative,0.95,5,negative,1,True,5,1.0,True,True,True,True,True,
Ugy1GZRJVMX8uPYxgdF4AaABAg,"YOU JOURNALISTS ARE JUST FOR SHOOTING. BUT I UNDERSTAND YOU. HOW WILL YOU BE VIEWED IF YOU DON'T SAY YELLOW PRESS AND YELLOW NEWS. YOU ARE SICK OF JAUNDICE, JOURNALISTS. YOU HAVE NOT EVEN 0.1% PROFESSIONALISM.",negative,negative,negative,negative,0.8,negative,0.95,5,negative,1,True,5,1.0,True,True,True,True,True,
Ugy1GZRJVMX8uPYxgdF4AaABAg.90BkIzxUUUs90DWYWfw_3Q,"And of course, a stupid kumunyar called.",negative,negative,negative,negative,0.8,negative,1.0,5,negative,1,True,5,1.0,True,True,True,True,True,
Ugy1GZRJVMX8uPYxgdF4AaABAg.90BkIzxUUUs90He3zm1rIJ,"Well, he wrote something... you're done!!",positive,positive,neutral,negative,0.8,negative,0.95,5,,3,False,0,0.0,False,False,False,False,False,
UgwAAFNrdgAKDq88oJJ4AaABAg,"Respect from Prilep, Macedonia brother!",positive,positive,positive,positive,0.95,positive,0.95,5,positive,1,True,5,1.0,True,True,True,True,True,
UgyX5btxSSeg62Hdg8h4AaABAg,Just Forward Macedonia 🇲🇰🦁🇲🇰🦁🇲🇰🦁🇲🇰🦁,neutral,positive,neutral,positive,0.95,positive,0.95,5,positive,2,False,3,0.6,False,True,False,True,True,"CardiffNLP, BERTweet"
UgzH3RbwD7Nx0B-fD4x4AaABAg,"As long as such characters, with a clearly expressed Yugoslav (read pro-Serbian) mental matrix, create public opinion and politics, Macedonia will be where it is! In the garbage dump of Europe. We can thank Nikovski and people like him for everything that happens to us and has happened to us in the past three decades and more. The only question is: Until when?",negative,positive,neutral,negative,0.8,negative,0.95,5,negative,3,False,3,0.6,True,False,False,True,True,"NLPTown, BERTweet"
UgxxCNyayvi9bkw3nYx4AaABAg,Greetings from Kumanovo,positive,positive,positive,neutral,0.78,neutral,1.0,5,positive,2,False,3,0.6,True,True,True,False,False,"Gemma, Llama"
UgwYYToowadJllBEWTt4AaABAg,"This one works secretly for ""Serbian World""!",neutral,positive,neutral,positive,0.85,negative,0.95,5,,3,False,0,0.0,False,False,False,False,False,
UgzGN3YSg4IB-b7zF354AaABAg,"Let's repeat the signs. Nikovski, as a former EU ambassador, swore an oath of allegiance to Yugoslavia (read Greater Serbia). And it was never revoked!!😂😂😂",negative,positive,negative,negative,0.8,negative,0.95,5,negative,2,False,4,0.8,True,False,True,True,True,NLPTown
UgzsV3TPryCUV1Jq2uF4AaABAg,"Well done Mr. Nikovski!!! But to what extent can you act towards the EU for this ""silent"" betrayal of Macedonia?",negative,positive,neutral,negative,0.5,positive,0.85,5,,3,False,0,0.0,False,False,False,False,False,
Ugxl-yoC48Sr-bAFAu54AaABAg,"Nikovski is right, if Macedonia changes the constitution and brings in the Bulgarians, it will be the beginning of assimilation. Macedonia must not do that.",neutral,negative,neutral,negative,0.8,negative,0.95,5,negative,2,False,3,0.6,False,True,False,True,True,"CardiffNLP, BERTweet"
UgxUyDie1ZIqDK6yyjN4AaABAg,"If Bulgaria continues to deny Macedonia and the Macedonian language and identity, Macedonia must declare FASCISM and cut off all relations, the EU must know that.",negative,negative,negative,negative,0.8,negative,0.95,5,negative,1,True,5,1.0,True,True,True,True,True,
UgwIEd2q6gt2E8tStrt4AaABAg,"Most lies are made before elections, during war and after hunting.",negative,neutral,negative,negative,0.8,negative,0.95,5,negative,2,False,4,0.8,True,False,True,True,True,NLPTown
UgwyGtal2icGJEUzqaR4AaABAg,Ion Treneski is Vlav????Or am I wrong?,negative,negative,neutral,negative,0.8,negative,0.95,5,negative,2,False,4,0.8,True,True,False,True,True,BERTweet
UgwyGtal2icGJEUzqaR4AaABAg.ANeBHi__mY1ANxQaWlr-E6,"Mr. Petrov, the Vlachs are people too! Regarding your offer to be ""godfather"" and ""registrar"" Thank you, but I proudly bear the name of my grandfather who was purely ethnically Macedonian. He did not divide them, nor do I divide people by ethnicity, but by humanity.",positive,positive,positive,positive,0.85,positive,0.85,5,positive,1,True,5,1.0,True,True,True,True,True,
UgzzVD2AEEtuN0bOGmp4AaABAg,Grandfather Risto is sick of Yugoslavia. And you can see it from the plane,negative,positive,negative,negative,0.8,negative,0.9,5,negative,2,False,4,0.8,True,False,True,True,True,NLPTown
Ugx1zKIIM9Nr0ugrOj94AaABAg,"If you were so smart and if you were not so friendly, Koenig returned the archives and history...",negative,negative,neutral,negative,0.8,negative,0.95,5,negative,2,False,4,0.8,True,True,False,True,True,BERTweet
Ugw0UE6VrlMmnCpsBv14AaABAg,"Can the Bulgarians (Tatars) understand, Alexander is not a Tatar (nor a Bulgarian), don't spew more hatred, you spew verbal Hate, shame on you",negative,negative,negative,negative,0.8,negative,0.95,5,negative,1,True,5,1.0,True,True,True,True,True,
Ugw0UE6VrlMmnCpsBv14AaABAg.ANcTzLYRogjANcVPsvIbM-,Do the Yugoslavs still understand that Aleksandar is not JUGOIstarsak!,negative,negative,neutral,negative,0.8,negative,0.95,5,negative,2,False,4,0.8,True,True,False,True,True,BERTweet
Ugw0UE6VrlMmnCpsBv14AaABAg.ANcTzLYRogjANe2TuvMxxL,Will the Pinjuras understand that they are an artificial state?,negative,negative,negative,negative,0.7,negative,0.9,5,negative,1,True,5,1.0,True,True,True,True,True,
UgzDzWqop75qYPqWu8d4AaABAg,"Macedonia is one of the last partners of America, Greece, Albania and Bulgaria are much ahead and more influential than the Macedonians in America, they are the back hole of a whistle.",negative,positive,neutral,negative,0.8,negative,0.95,5,negative,3,False,3,0.6,True,False,False,True,True,"NLPTown, BERTweet"
UgwdUH0FnLEAX0qgw914AaABAg,"Risto Nikov (ski) old UDBAsh, works only for his own personal interest",neutral,neutral,negative,negative,0.8,negative,0.95,5,negative,2,False,3,0.6,False,False,True,True,True,"CardiffNLP, NLPTown"
UgwdUH0FnLEAX0qgw914AaABAg.ANcW0WpkkSeANckywYw922,EAT SHIT TARTAR,negative,negative,negative,negative,0.8,negative,1.0,5,negative,1,True,5,1.0,True,True,True,True,True,
UgwdUH0FnLEAX0qgw914AaABAg.ANcW0WpkkSeANclE8JGTON,"Mr. Kiryakov. It does not befit your age to spread lies. Instead, if you are Macedonian, try to use Macedonian letters",neutral,negative,negative,negative,0.75,negative,0.95,5,negative,2,False,4,0.8,False,True,True,True,True,CardiffNLP
UgwdUH0FnLEAX0qgw914AaABAg.ANcW0WpkkSeANdGekt36KV,"@salvatoretotoriina9523 You are wrong TATAROMONGOL, he is not a Tatar",negative,negative,negative,negative,0.8,negative,0.9,5,negative,1,True,5,1.0,True,True,True,True,True,
UgwdUH0FnLEAX0qgw914AaABAg.ANcW0WpkkSeANducw9ufRT,"Yes, for sure Pishman is a Macedonian, that's why he cares about the Macedonian language and people, let him go to Bulgaria and live there until his Tatars 😂😂😅",neutral,neutral,neutral,negative,0.8,negative,0.95,5,neutral,2,False,3,0.6,True,True,True,False,False,"Gemma, Llama"
UgwdUH0FnLEAX0qgw914AaABAg.ANcW0WpkkSeANeALZfez7A,"@mmakedonskikorenijb9559 There are no Macedonian letters, only Cyrillic letters.",neutral,negative,neutral,neutral,0.85,negative,0.9,5,neutral,2,False,3,0.6,True,False,True,True,False,"NLPTown, Llama"
UgwdUH0FnLEAX0qgw914AaABAg.ANcW0WpkkSeANicnOAXcBC,"Danny, you're shaving Ricky's jjcezo lov ace cabbage 🫵🤣",negative,negative,neutral,negative,0.8,negative,0.95,5,negative,2,False,4,0.8,True,True,False,True,True,BERTweet
UgwdUH0FnLEAX0qgw914AaABAg.ANcW0WpkkSeANv6IciVNPf,"@vanetrajkovski125 Tatar Macedonian from Tatarinovac with father from Tatar Elevci and mother from Tatarli, you don't exist.",negative,negative,negative,negative,0.8,negative,1.0,5,negative,1,True,5,1.0,True,True,True,True,True,
Ugz8AON86xVg8o7fT7p4AaABAg,ma,neutral,neutral,neutral,neutral,0.85,neutral,1.0,5,neutral,1,True,5,1.0,True,True,True,True,True,
UgzrzreYy-MgAW0S9f14AaABAg,Your Russians are a hundred mosele and can do for Bulgaria and against Macedonia,negative,positive,neutral,negative,0.8,negative,0.95,5,negative,3,False,3,0.6,True,False,False,True,True,"NLPTown, BERTweet"
UgwYYq54_Stcj7iQy7p4AaABAg,"Brussels wants you to change the constitution, Bulgaria has other demands. Bulgaria only wants the truth about history to be told, the documents of the secret services to be opened and no hate speech. For us in North Macedonia, all are Bulgarians.",negative,negative,neutral,negative,0.5,negative,0.54,5,negative,2,False,4,0.8,True,True,False,True,True,BERTweet
UgwYYq54_Stcj7iQy7p4AaABAg.ANcLdvi8ZCNANcXTA4mJYu,"Bulgaria ""wants"" the whole universe, everyone knows that well. Macedonians are aware of Bulgarian appetites. It's good to see that Bulgarians were never friends with Macedonians, and the main goal is the destruction of Macedonia and Macedonians. Now, Macedonians can see clearly, who are Bulgarians and what their intentions are against Macedonians.",negative,positive,negative,negative,0.8,negative,0.95,5,negative,2,False,4,0.8,True,False,True,True,True,NLPTown
UgwYYq54_Stcj7iQy7p4AaABAg.ANcLdvi8ZCNANcZGbokynR,"@intertsooler740i I don't understand English, German yes. Write in Cyrillic. I am from Pirinski Del and we do not agree that Vardar Macedonia lies and changes historical facts. Not others, but precisely we from Pirin Macedonia want and strive to tell the truth. About Mr. I also shared about all the other actors of VMORO. Enough lies",negative,negative,negative,negative,0.8,negative,0.95,5,negative,1,True,5,1.0,True,True,True,True,True,
UgwYYq54_Stcj7iQy7p4AaABAg.ANcLdvi8ZCNANccF6jCeGh,"Just a little while ago, I saw one of your erudites, who confirmed what we have been saying for a long time, not out of hatred, but such is science, which is inaccessible to you! A state, before 1908, when the Sultan recognized you, did not exist, named Bulgaria. Fortified Samuel is your king, his country was called Sclavinia. The crown was Bulgarian, on which crown is written the name, Bulgarian! Nor to her, to Ferdinand?",neutral,negative,neutral,negative,0.5,negative,0.92,5,negative,2,False,3,0.6,False,True,False,True,True,"CardiffNLP, BERTweet"
UgwYYq54_Stcj7iQy7p4AaABAg.ANcLdvi8ZCNANcl0AhMx7j,"@GjokoVelkovski-dm5vvIf it didn't exist, how togas existed, it lasted for a short time, Serbian-Bulgarian warrior 1885, 1908 is the recognition. There was a first and a second Bulgarian monarchy. And regarding Tsar Samuil, secular historiography has created him to be a Bulgarian king. The stories you are talking about, in the secular encyclopedias, the heroes (before 1945), who are celebrated in North Macedonia, are written as Bulgarians! You have a lot of health 😊.",neutral,negative,neutral,neutral,0.65,positive,0.85,5,neutral,3,False,3,0.6,True,False,True,True,False,"NLPTown, Llama"
UgwYYq54_Stcj7iQy7p4AaABAg.ANcLdvi8ZCNANclE7vUjel,FASCIST,negative,negative,negative,negative,0.8,negative,1.0,5,negative,1,True,5,1.0,True,True,True,True,True,
UgwYYq54_Stcj7iQy7p4AaABAg.ANcLdvi8ZCNANcoQ3ic7ci,"@MariaZlateva-j4u Where are they written by Kanchev. You refer to the Exarchate, which was an unrecognized church until World War 2, an illegal church that was not allowed to operate outside the principality, but it operated because the ""Turks"" allowed you and they are your brotherly people, your language was the same, and they are Islam, they really didn't care, and they suffered pressure from Germany and Russia who banned the name Macedonia in 1902, they changed the Bible and wrote 3 vilayets where MK was. isn't that god's sin? You want to be against God!?",negative,negative,neutral,negative,0.8,negative,0.95,5,negative,2,False,4,0.8,True,True,False,True,True,BERTweet
UgwYYq54_Stcj7iQy7p4AaABAg.ANcLdvi8ZCNANctUSorhsa,"@GjokoVelkovski-dm5vv For example, you can see who was defeated by Badwin the Latin Emperor of Constantinople in 1205. You are citing the same data from the secular historiography.",neutral,neutral,neutral,neutral,0.68,neutral,1.0,5,neutral,1,True,5,1.0,True,True,True,True,True,
UgwYYq54_Stcj7iQy7p4AaABAg.ANcLdvi8ZCNANctw5dD_2I,"@GjokoVelkovski-dm5vvThe historiography of which state in the world recognizes the identity of North Macedonia from before 1945? I have no delusions, dear Djoko.",negative,positive,neutral,neutral,0.68,neutral,0.85,5,neutral,3,False,3,0.6,False,False,True,True,True,"CardiffNLP, NLPTown"
UgwYYq54_Stcj7iQy7p4AaABAg.ANcLdvi8ZCNANctwaqmVVg,"@MariaZlateva-j4uMatvej Sokolov wrote history for you. ARCHONT is translated as king. Michael is the Archon in Kutmichevica and he relates that he is Prince Boris. The Russians had their own interests by creating a large Slavic state on 3 seas. The exarchate operates illegally, the millet system causes confusion in the censuses, Kanchev writes everything Macedonian in Bulgarian.",negative,negative,neutral,neutral,0.7,negative,0.55,5,negative,2,False,3,0.6,True,True,False,False,True,"BERTweet, Gemma"
UgwYYq54_Stcj7iQy7p4AaABAg.ANcLdvi8ZCNANcvjn5PCNh,"@GjokoVelkovski-dm5vv I am asking you, Gjoko, to check in any historiography (including the Serbian one) - the same characters (before '45) are written by Bulgarians! It is no coincidence that common history is written in the agreement (supported by the EU)! Read it, think about it, it is not difficult to inform a person!",neutral,negative,neutral,negative,0.5,negative,0.95,5,negative,2,False,3,0.6,False,True,False,True,True,"CardiffNLP, BERTweet"
UgwYYq54_Stcj7iQy7p4AaABAg.ANcLdvi8ZCNANcyvWAPYOh,"@MariaZlateva-j4u We distinguish between common and general history, you don't. A people and a nation are the same for you, I watched your historians from the committee and I was surprised what people were saying, Imagine the Jews did not exist as a nation before 1948. The Palestinians, the Kurds, it's funny what you teach!? Pleasant, it is more absurd to comment.",negative,negative,neutral,negative,0.8,negative,0.8,5,negative,2,False,4,0.8,True,True,False,True,True,BERTweet
UgwYYq54_Stcj7iQy7p4AaABAg.ANcLdvi8ZCNANd6SBd5gY1,"@GjokoVelkovski-dm5vv Common Bulgarian signs exist, because in Dog. it is a matter of common markings of the most significant events. There are nations that existed and exist without their own state, but there are no signs that it is mandatory for every geographical or administrative region to embody a nation - there are no Dalmatians, Voivodeships, Saxons, Bavarians, Transylvanians in the ethnic sense.",neutral,neutral,neutral,neutral,0.78,neutral,0.85,5,neutral,1,True,5,1.0,True,True,True,True,True,
UgwYYq54_Stcj7iQy7p4AaABAg.ANcLdvi8ZCNANdAFYtaqsg,"@MariaZlateva-j4uMaria, history was written at the Berlin Congress, Serbia was banned from history, including the calendar for Tsar Dusan. 1896. The Russian Tsar says I will give MK to the one who will be obedient, 1902 they banned the name MK and they are remaking the Bible. At that time, the British Prime Minister announced MK to the Macedonians. 1690 Leopold 1 gives a letter to recognize the rights of the Macedonians in A and Ung. after the defeat of Karposh, 1849 Sakharov in a meeting in Petersburg says Macedonian language in MK. 1750 Macedonian regiment in Ukraine. Bishop Danilo Petrovic, great-grandfather of Karađorđević, killed in Marseilles, in a letter to the Russian Tsar, says he comes from MK and calls the believers Macedonians, read an epic poem by Vuk Karadžić, Death of Duke Kajice, says Smederevo city in MK. John of Tzimis, king of Byzantium, says from the Danube down everything is MK. In 1810, the Germans changed the MK island to the Balkans. In 1720, 100 scholars were supposed to write Russian history, 96 were Germans, 4 were Russians, they collected documents and took them to Germany, Lomonosov rebelled and was sentenced to death. That is why the Russians speak of Tartary",negative,negative,neutral,negative,0.5,neutral,0.98,5,negative,2,False,3,0.6,True,True,False,True,False,"BERTweet, Llama"
UgwYYq54_Stcj7iQy7p4AaABAg.ANcLdvi8ZCNANdCZdmukD2,"@GjokoVelkovski-dm5vv Excuse me, but there is secular historiography, in which your interpretation of history does not exist! There are documents and evidence, on which the official history remained! Until now, your historians at the secular level have been able to participate in seminars and prove their theses (that's what your TV analyst said too!) but I have NOT even seen one on Serbian TV! History has already been written Djoko, including the events up to '45. Your chairman explained that the SM appropriates history from the neighbors, your chairman Mr. Pendarovski said how the greatest hero of the state declared himself ethnically. Don't think it's a coincidence. Read the biographies of the same personalities and the entire book of Misirkov! Regards.",neutral,negative,neutral,negative,0.8,negative,0.83,5,negative,2,False,3,0.6,False,True,False,True,True,"CardiffNLP, BERTweet"
UgwYYq54_Stcj7iQy7p4AaABAg.ANcLdvi8ZCNANdDm8hhcrP,"@GjokoVelkovski-dm5vvI wonder, by what ""logic"" do you consider, for example, Tsar Samuil to be a king, and Tsar Dusan, who was crowned in Skopje? What explanation do you have?",neutral,negative,neutral,negative,0.55,neutral,0.88,5,neutral,2,False,3,0.6,True,False,True,False,True,"NLPTown, Gemma"
UgwYYq54_Stcj7iQy7p4AaABAg.ANcLdvi8ZCNANdTYPGUATN,"We were under Serbia for a long time, under pressure, the first page of the Dushan Code is gone! He is the king of Macedonia, that's how he was crowned, he later proclaimed the Patriarchate of Pec, the OA crowned him. Where have you seen a king crowned on a bridge? He is proclaimed NEMANIĆ and ic was introduced in 1860. Stefan is his title. Drangov's granddaughter showed the grandfather's grave in Skopje, I didn't write Drangov but Drango, at that time there was no Exarchate in Skopje to change the names to ov, ev, later the Bulgarians changed them, then the Serbs, then the Bulgarians, then the Serbs again in 1941 the Bulgarians. The Serbs say go to the cemetery and you will see that your grandfather is a Serb, the same with the Bulgarians, the Greeks, not only the names but also the toponyms. Why would you fight with the Serbs when they don't recognize us and they recognized our church? The problem is you are not looking for Bulgarians in Aegean Mk and Macedonia is Bulgarian if there are no Bulgarians there why did you occupy it in World War 2. @MariaZlateva-j4u",negative,negative,neutral,negative,0.5,neutral,0.68,5,negative,2,False,3,0.6,True,True,False,True,False,"BERTweet, Llama"
UgwYYq54_Stcj7iQy7p4AaABAg.ANcLdvi8ZCNANdcaR9iHKW,"Ristovich, don't get involved in politics, but go to the church to pray for your sins, and you are a sinner, because soon you will present yourself before St. Peter and he will judge you according to your merits in the fiery Gehenna, at least for 1000 years!😅",negative,positive,neutral,negative,0.8,negative,0.95,5,negative,3,False,3,0.6,True,False,False,True,True,"NLPTown, BERTweet"
UgwYYq54_Stcj7iQy7p4AaABAg.ANcLdvi8ZCNANeeyq9GUTM,"@GjokoVelkovski-dm5vv The Greeks paid Bulgaria, Aegean Macedonia, and White Sea Thrace. A reparations agreement was signed between Kafandaris - Stambolov. They admitted that these are Bulgarian lands. And for that in 1919 they paid the money. It's not bad to read a little.",negative,negative,neutral,negative,0.75,positive,0.95,5,negative,3,False,3,0.6,True,True,False,True,False,"BERTweet, Llama"
UgwYYq54_Stcj7iQy7p4AaABAg.ANcLdvi8ZCNANeuEj9kCI2,"@todorbuzov842 With her agreement, not only did Bulgaria pay war reparations, it lost territories with Serbia, Greece and Romania over 2 billion French francs. What do they teach you to protect God 27.11 1919",negative,negative,negative,negative,0.8,negative,0.95,5,negative,1,True,5,1.0,True,True,True,True,True,
UgwYYq54_Stcj7iQy7p4AaABAg.ANcLdvi8ZCNANfCnKvwnof,"@GjokoVelkovski-dm5vvHaven't you seen what they're saying on sr.tv? The Serbs have recognized you since 1945. Tsar Dusan is Serbian, Tsar Samuil is Bulgarian, you write what you want and you will be happy!",neutral,positive,neutral,negative,0.75,positive,0.95,5,,3,False,0,0.0,False,False,False,False,False,
UgwYYq54_Stcj7iQy7p4AaABAg.ANcLdvi8ZCNANnvBcQMQ_-,"@GjokoVelkovski-dm5vvGjoko, as for the name of Northern Bulgaria, Bulgaria has actually lost nothing, you, the old Serbs, have lost, and an important ally has won with world rights; Turkey, which makes things more and more important!😆",negative,positive,positive,negative,0.8,negative,0.95,5,negative,2,False,3,0.6,True,False,False,True,True,"NLPTown, BERTweet"
UgxeK5T3CtNIKvv037x4AaABAg,"From such satraps as Risto, the North is where it is. And for you northerners, Bulgaria does not come out of your mouth. Do not run away from the negotiation framework.",negative,negative,neutral,negative,0.8,negative,0.95,5,negative,2,False,4,0.8,True,True,False,True,True,BERTweet
Ugwl03XSzmXWBhYBuSp4AaABAg,"Nikov/ski/, you are worse for your father. Bulgarian serf of the city of Resen, Kiril Hristov Nikov-1941/1943. Risto was born when his father was a serf. Now Risto has become trash!",negative,negative,negative,negative,0.8,negative,1.0,5,negative,1,True,5,1.0,True,True,True,True,True,
UgxbATQheqkk4uth57Z4AaABAg,"titopiteci, bye",negative,negative,neutral,negative,0.8,negative,1.0,5,negative,2,False,4,0.8,True,True,False,True,True,BERTweet
UgxbATQheqkk4uth57Z4AaABAg.ANcMzeOFOd8ANclJST9hlQ,FASCISTS BYE BYE,negative,negative,negative,negative,0.8,negative,1.0,5,negative,1,True,5,1.0,True,True,True,True,True,
UgxbATQheqkk4uth57Z4AaABAg.ANcMzeOFOd8ANe4NcVnc_Q,"<USER> And that Fascist with Horns, the Macedonians gave Literacy and Faith to the Russians and the Serbs, otherwise they will remain Pagans to this day, and the Serbs were Knights of Malta until the 1st century, they think they can sell us Muda for Kidneys ... 🤦‍♂😂 ...",negative,negative,negative,negative,0.8,negative,0.95,5,negative,1,True,5,1.0,True,True,True,True,True,
UgzpDkLxeD_Gu9x_TWt4AaABAg,There is no need for arguments. Parliament and the government were suspended. WE ADMINISTER YOU FROM BULGARIA 🇧🇬,negative,negative,negative,negative,0.8,negative,0.95,5,negative,1,True,5,1.0,True,True,True,True,True,
UgzpDkLxeD_Gu9x_TWt4AaABAg.9iMcpwvLUiY9iMeNLeiKmP,<USER> communist ancient hunza rom-firom northern mongolian northern banovin banana-badenter -balancer,neutral,negative,neutral,negative,0.8,negative,0.95,5,negative,2,False,3,0.6,False,True,False,True,True,"CardiffNLP, BERTweet"
UgxSvG09lUoWF6LNAVV4AaABAg,There is almost no EC,negative,negative,negative,negative,0.7,negative,0.95,5,negative,1,True,5,1.0,True,True,True,True,True,
UgwOyIzdkTPIb98P_bV4AaABAg,you don't put Jundeva for any K.R,negative,negative,neutral,negative,0.8,negative,0.9,5,negative,2,False,4,0.8,True,True,False,True,True,BERTweet
UgwOyIzdkTPIb98P_bV4AaABAg.9iO-AB8HEac9rvbuFdvreA,freak. put cabbages and potatoes. j zundze.,negative,negative,neutral,negative,0.8,negative,1.0,5,negative,2,False,4,0.8,True,True,False,True,True,BERTweet
UgwdfuxuSaliFH6HnF54AaABAg,"Well done and greetings to the LEFT. Someone has to give up to lead order in the country, if someone is going crazy, someone is with respect for the people and the country.",positive,positive,neutral,positive,0.85,positive,0.95,5,positive,2,False,4,0.8,True,True,False,True,True,BERTweet
Ugz9HiQbldjbGrzQyUF4AaABAg,"Well done for the Left, the only party that fights for Macedonia and the rights of Macedonians",positive,positive,positive,positive,0.85,positive,0.95,5,positive,1,True,5,1.0,True,True,True,True,True,
UgxfMrLZ49O7dFbywyR4AaABAg,POZ LEVICA IS TAKING YOUR TIME,negative,positive,neutral,negative,0.7,negative,0.95,5,negative,3,False,3,0.6,True,False,False,True,True,"NLPTown, BERTweet"
UgwSVHahKqFqMwHe_Z94AaABAg,"Congratulations ..... well done guys, I'm glad you are united around MACEDONIA",positive,positive,positive,positive,0.85,positive,0.95,5,positive,1,True,5,1.0,True,True,True,True,True,
Ugx8erCQv5V3eO_qnq94AaABAg,Kudos to the initiative on the occasion of Victory Day over fascism. And especially for the wearing of St. George ribbons.,positive,positive,positive,positive,0.85,positive,0.95,5,positive,1,True,5,1.0,True,True,True,True,True,
UgwcAht59RNBxeORgax4AaABAg,"R. Radev, a calm man, says that we will come to an agreement without an intermediary, translation is expensive! everything will be sorted out in Sofia, only S. Pendarovski, like everything until now, will just have to sign simply 🤣😂🤣...",neutral,negative,neutral,negative,0.8,negative,0.95,5,negative,2,False,3,0.6,False,True,False,True,True,"CardiffNLP, BERTweet"
UgwIVmbWMVyeHN8dsMt4AaABAg,Village meeting...,neutral,positive,neutral,neutral,0.73,neutral,0.85,5,neutral,2,False,4,0.8,True,False,True,True,True,NLPTown
UgyIszhJEaq9a9Yqurd4AaABAg,The boycott is just murder for Macedonia and the Macedonian people,negative,negative,negative,negative,0.8,negative,1.0,5,negative,1,True,5,1.0,True,True,True,True,True,
UgwhAxBsWZmgK0Oh25t4AaABAg,Well done,positive,positive,positive,positive,0.98,positive,0.95,5,positive,1,True,5,1.0,True,True,True,True,True,
UgyuCkejn1CZ1x14eGN4AaABAg,"AFERIM PROFESSOR AFERIM 👏❣️YOU SPEAK THE TRUTH, WE SHOULD VOTE YOU PRIME MINISTER, BY THE PEOPLE FOR THE PEOPLE🙏❣️👏👏👏💋",positive,positive,positive,positive,0.98,positive,0.98,5,positive,1,True,5,1.0,True,True,True,True,True,
Ugy4wKXkfFHR8lLhJRV4AaABAg,"Well done. Long live the independent and free Macedonia of the Macedonians. I never want to look at you or look after you. Because of you, Bulgaria has only suffered and is still suffering. I'm a politician, a piper, what's going on between the two countries, don't let a bird bite you.",negative,positive,negative,negative,0.8,negative,0.95,5,negative,2,False,4,0.8,True,False,True,True,True,NLPTown
Ugy4wKXkfFHR8lLhJRV4AaABAg.9spjDU4s5mW9spwqsm7Bol,"Yes, but not all of them are like these, there are many normal people. The San Stefano Agreement is the beginning of the end of Turkish slavery.",negative,neutral,negative,negative,0.7,negative,0.75,5,negative,2,False,4,0.8,True,False,True,True,True,NLPTown
Ugy4wKXkfFHR8lLhJRV4AaABAg.9spjDU4s5mW9sxGEn4FKPf,@-kr8206 yadi z'abi. j Black Sea.,neutral,negative,neutral,negative,0.8,neutral,1.0,5,neutral,2,False,3,0.6,True,False,True,False,True,"NLPTown, Gemma"
UgyNiWx_lxSxgIBtuMd4AaABAg,"Teach them, professor! Let them learn something because empty bins knock loudly.",negative,positive,negative,negative,0.8,negative,0.95,5,negative,2,False,4,0.8,True,False,True,True,True,NLPTown
UgzqOba7ne2ToRakPa54AaABAg,May you be alive and well.,positive,positive,positive,positive,0.98,positive,0.95,5,positive,1,True,5,1.0,True,True,True,True,True,
UgxKTldF6dTFzqQXNtR4AaABAg,"And you should celebrate properly, then it is confirmed that you are not a Turkish province. And when the agreement does not enter into force in Macedonia, riots begin. Your ancestors rejoiced when the San Stefano Agreement was signed, it is a pity that the great powers did not want a large Christian state in the Balkans and returned Macedonia and Thrace to the Turks.",negative,negative,negative,negative,0.5,negative,0.95,5,negative,1,True,5,1.0,True,True,True,True,True,
UgxKTldF6dTFzqQXNtR4AaABAg.9spwXYJsOjB9sxGUrNDEex,Apostle Paul introduced CHRISTIANITY to MACEDONIA. MACEDONIA IS A LAND BLESSED BY THE LORD. 20TH CENTURY.,positive,positive,positive,positive,0.85,positive,0.95,5,positive,1,True,5,1.0,True,True,True,True,True,
UgxKTldF6dTFzqQXNtR4AaABAg.9spwXYJsOjB9t-IBXKIZpU,<USER> 🤣😂🤣😂,neutral,neutral,neutral,positive,0.95,negative,1.0,5,neutral,3,False,3,0.6,True,True,True,False,False,"Gemma, Llama"
UgxKTldF6dTFzqQXNtR4AaABAg.9spwXYJsOjB9t2rVHb7HLO,@-кр8206 MACEDONIA BLESSED LAND by the LORD. smile.,positive,positive,positive,positive,0.95,positive,0.95,5,positive,1,True,5,1.0,True,True,True,True,True,
UgzxqS2IfnYgUlTx7xN4AaABAg,"""Tribilistic, primitive concept""?! Go shave yourself first, you'll come to your senses.😂",negative,positive,negative,negative,0.85,negative,0.95,5,negative,2,False,4,0.8,True,False,True,True,True,NLPTown
UgzxqS2IfnYgUlTx7xN4AaABAg.9snQI08cyHT9snghlooBRO,"His beard left you from the beginning. Go there, with your ignorance you are equal to a deflated balloon",negative,negative,negative,negative,0.8,negative,0.95,5,negative,1,True,5,1.0,True,True,True,True,True,
UgzxqS2IfnYgUlTx7xN4AaABAg.9snQI08cyHT9snhyymW6tg,A good book is not judged by its cover.,neutral,neutral,positive,neutral,0.78,neutral,1.0,5,neutral,2,False,4,0.8,True,True,False,True,True,BERTweet
UgzxqS2IfnYgUlTx7xN4AaABAg.9snQI08cyHT9snimXr30-O,"That's right 👏👏👏, but don't tell illiterate people about books, let alone about covers",neutral,neutral,neutral,negative,0.75,negative,0.95,5,neutral,2,False,3,0.6,True,True,True,False,False,"Gemma, Llama"
UgzxqS2IfnYgUlTx7xN4AaABAg.9snQI08cyHT9snyJosWJQ_,"Well, I hope you don't ""citrate"" a good book in the beard of one crazy Bolshevik",negative,negative,negative,negative,0.8,negative,0.95,5,negative,1,True,5,1.0,True,True,True,True,True,
UgzxqS2IfnYgUlTx7xN4AaABAg.9snQI08cyHT9so4VFL3OYr,"<USER> I don't know if he is a Bolshevik. I don't judge him by his appearance, I appreciate his statements. These people also comment in his favor, they don't judge by his appearance. And when it comes to Bolshevism, tell me that this government is running corruptly, whether it is ""democratic"" as it claims and proclaims itself. why are you crying?",negative,negative,neutral,negative,0.5,positive,0.85,5,negative,3,False,3,0.6,True,True,False,True,False,"BERTweet, Llama"
UgzxqS2IfnYgUlTx7xN4AaABAg.9snQI08cyHT9so66W4dtJd,<USER> What he wrote has no logic,negative,negative,negative,negative,0.8,negative,0.95,5,negative,1,True,5,1.0,True,True,True,True,True,
UgzxqS2IfnYgUlTx7xN4AaABAg.9snQI08cyHT9soAmgoJnJU,<USER> And let me just add that it is an inaccessible book for you because you obviously don't understand it and it's silly for you to debate because it looks like you haven't read anything. It's because of people like you who are sitting in armchairs that this country has come to this level.,negative,negative,negative,negative,0.8,negative,0.95,5,negative,1,True,5,1.0,True,True,True,True,True,
UgzxqS2IfnYgUlTx7xN4AaABAg.9snQI08cyHT9sotYDYTNBa,<USER> didn't understand the saying my friend. I don't judge people by how they look. I value them through their ideas and what they say. Is it clearer now?,neutral,negative,neutral,positive,0.85,positive,0.95,5,,3,False,0,0.0,False,False,False,False,False,
UgzxqS2IfnYgUlTx7xN4AaABAg.9snQI08cyHT9sp9BAdITco,<USER> It stings your chin or the truth it tells,negative,negative,neutral,negative,0.8,positive,0.95,5,negative,3,False,3,0.6,True,True,False,True,False,"BERTweet, Llama"
UgzxqS2IfnYgUlTx7xN4AaABAg.9snQI08cyHT9spECGywZXa,"From people like you, we are at such a low level.",negative,negative,negative,negative,0.8,negative,0.95,5,negative,1,True,5,1.0,True,True,True,True,True,
UgzxqS2IfnYgUlTx7xN4AaABAg.9snQI08cyHT9spnhm82fOA,<USER> I don't have a beard,neutral,negative,neutral,neutral,0.85,neutral,1.0,5,neutral,2,False,4,0.8,True,False,True,True,True,NLPTown
UgzxqS2IfnYgUlTx7xN4AaABAg.9snQI08cyHT9sxGq6gw_SY,<USER> sds tile.,neutral,positive,neutral,neutral,0.74,negative,0.9,5,neutral,3,False,3,0.6,True,False,True,True,False,"NLPTown, Llama"
UgzxqS2IfnYgUlTx7xN4AaABAg.9snQI08cyHT9sxGyKhAn9W,<USER> GREETINGS. LONG LIVE M A K E D O N I Y A !! Tatiana,positive,positive,positive,positive,0.95,positive,0.95,5,positive,1,True,5,1.0,True,True,True,True,True,
UgzxqS2IfnYgUlTx7xN4AaABAg.9snQI08cyHT9t-ba4OKKXJ,"She's hot, she's sexy, but she hides that face crumpled up like a newspaper",negative,neutral,neutral,negative,0.8,negative,0.95,5,negative,2,False,3,0.6,True,False,False,True,True,"NLPTown, BERTweet"
UgyZHQImt-3P7SUpgBt4AaABAg,"In 2018, in the REFERENDUM, the citizens of MACEDONIA said no to the EU. sds program 2020 there are no Bulgarians in the CONSTITUTION. and blgari and sds j vc.",negative,negative,neutral,negative,0.8,negative,0.94,5,negative,2,False,4,0.8,True,True,False,True,True,BERTweet
UgzpSoinpH5113x6KNh4AaABAg,Great news that we didn't get a date for negotiations. This means that in a referendum everyone will boycott or vote NO for NATO and the EU. Finally there will be early elections to bring down this no government!,negative,negative,positive,negative,0.8,negative,0.95,5,negative,2,False,4,0.8,True,True,False,True,True,BERTweet
Ugy9OXnt5OEVg1uQiah4AaABAg,>>>>--------------<3-----------> UAE,neutral,neutral,neutral,neutral,0.74,positive,0.95,5,neutral,2,False,4,0.8,True,True,True,True,False,Llama
Ugwz6dmZRaBerG7fLcV4AaABAg,Propagandistan,negative,neutral,neutral,negative,0.7,negative,0.95,5,negative,2,False,3,0.6,True,False,False,True,True,"NLPTown, BERTweet"
UgxZ6ftVbzuol5-6kq14AaABAg,Banking—a solid contender…….?,neutral,positive,neutral,neutral,0.65,positive,0.6,5,neutral,2,False,3,0.6,True,False,True,True,False,"NLPTown, Llama"
Ugwy1K6hb4zwGa3ZRuR4AaABAg,Well done for the video. Keep it up,positive,positive,positive,positive,0.95,positive,0.95,5,positive,1,True,5,1.0,True,True,True,True,True,
Ugwfp47Ipsh0LFsQFqZ4AaABAg,Great video bro,positive,positive,positive,positive,0.95,positive,0.95,5,positive,1,True,5,1.0,True,True,True,True,True,
UgzfmDodZTR21vTc9Lp4AaABAg,Well done for the videos 👍,positive,positive,positive,positive,0.98,positive,0.95,5,positive,1,True,5,1.0,True,True,True,True,True,
UgxmZyK482uTs-i3YRB4AaABAg,Very serious video👍🏿,positive,negative,neutral,positive,0.98,positive,0.95,5,positive,3,False,3,0.6,True,False,False,True,True,"NLPTown, BERTweet"
Ugx2Lx01zlwdtAHAA1p4AaABAg,Great video Bravo.,positive,positive,positive,positive,0.98,positive,0.95,5,positive,1,True,5,1.0,True,True,True,True,True,
Ugx1OTKpmEVMd-W49-t4AaABAg,Greetings to the Thessalonians,positive,positive,positive,neutral,0.85,positive,1.0,5,positive,2,False,4,0.8,True,True,True,False,True,Gemma
UgxMRRIxZxSl923B29t4AaABAg,Go on!,positive,positive,positive,neutral,0.7,positive,0.95,5,positive,2,False,4,0.8,True,True,True,False,True,Gemma
Ugw1xkECAHLZHdndHaV4AaABAg,"The name Pajak is not from an insect but from the Macedonian modern pop star Pajak, one and only simply the best",positive,positive,positive,positive,0.95,positive,0.95,5,positive,1,True,5,1.0,True,True,True,True,True,
UgxqMChKrYWa4z8XG9R4AaABAg,That's right,neutral,neutral,positive,positive,0.95,positive,0.95,5,positive,2,False,3,0.6,False,False,True,True,True,"CardiffNLP, NLPTown"
UgyHXS_8PgpGHaA_YU94AaABAg,"Dear Macedonia, our beautiful video 💖❤💖💕...",positive,positive,positive,positive,0.95,positive,0.95,5,positive,1,True,5,1.0,True,True,True,True,True,
UgyHXS_8PgpGHaA_YU94AaABAg.ADDV-l4xLwQADDhZsCfBXV,"It's not ""Macedonians and Macedonia""....but you are a paid and made-up northern troll....your pumpkin is in a hollow bucket....",negative,neutral,negative,negative,0.8,negative,0.95,5,negative,2,False,4,0.8,True,False,True,True,True,NLPTown
UgzxQayxkbV0O5l081F4AaABAg,🇲🇰🇲🇰❤️❤️❤️,positive,positive,neutral,positive,0.98,positive,0.95,5,positive,2,False,4,0.8,True,True,False,True,True,BERTweet
UgzhqDYxZC34zp9AeXF4AaABAg,Well done Phillips,positive,positive,positive,positive,0.98,positive,0.95,5,positive,1,True,5,1.0,True,True,True,True,True,
UgzhqDYxZC34zp9AeXF4AaABAg.ADUOsZI6lOtADUPnTCChoI,<USER> BRAVO BE,positive,positive,positive,positive,0.85,positive,0.95,5,positive,1,True,5,1.0,True,True,True,True,True,
UgzhqDYxZC34zp9AeXF4AaABAg.ADUOsZI6lOtADUR_uu2DEO,<USER> I love you so much mom's explanation,positive,positive,positive,positive,0.98,positive,1.0,5,positive,1,True,5,1.0,True,True,True,True,True,
UgzhqDYxZC34zp9AeXF4AaABAg.ADUOsZI6lOtADUUq7s7tie,@ how you love me,positive,positive,neutral,positive,0.95,positive,0.95,5,positive,2,False,4,0.8,True,True,False,True,True,BERTweet
Ugz5YB9F-LCwWmPennJ4AaABAg,Wonderful Macedonian land which belongs to the Macedonian people only for ever and ever 🇲🇰🇲🇰🇲🇰🇲🇰🇰🇲🇲🇰🇰🇲🇱 ❤️❤️❤️❤️❤️❤️❤️❤️❤️❤️❤️❤️❤️❤️❤️❤️❤️❤️❤️❤️😀😀😀😀😀😀😀😀😀😀😀😀😀😀😀😀😀😀😀😀,positive,positive,positive,positive,0.98,positive,0.98,5,positive,1,True,5,1.0,True,True,True,True,True,
Ugyo_G-45U43-Tj54T54AaABAg,Kamen is not a Turkish word,negative,negative,neutral,negative,0.8,negative,0.9,5,negative,2,False,4,0.8,True,True,False,True,True,BERTweet
UgzCwbLCAGt3fENbc3p4AaABAg,BEAUTIFUL MACEDONIAN CITIES NEVER NORTH,positive,positive,positive,positive,0.85,negative,0.95,5,positive,2,False,4,0.8,True,True,True,True,False,Llama
Ugwd8sKG8NZj0hNzS1V4AaABAg,north wind from the south side :D,positive,neutral,positive,positive,0.98,positive,0.95,5,positive,2,False,4,0.8,True,False,True,True,True,NLPTown
Ugwd8sKG8NZj0hNzS1V4AaABAg.ADCGkk5PtcIADDcgqmW0tB,😅,neutral,positive,neutral,neutral,0.74,neutral,0.85,5,neutral,2,False,4,0.8,True,False,True,True,True,NLPTown
Ugwd8sKG8NZj0hNzS1V4AaABAg.ADCGkk5PtcIADE0_h8v3tF,"<USER> which north, north to break through, the traitors",negative,negative,negative,negative,0.8,negative,0.95,5,negative,1,True,5,1.0,True,True,True,True,True,
Ugwd8sKG8NZj0hNzS1V4AaABAg.ADCGkk5PtcIADE0qxPBJ5x,"<USER> doesn't delete, but it hurts a lot",negative,neutral,negative,negative,0.8,negative,0.95,5,negative,2,False,4,0.8,True,False,True,True,True,NLPTown
UgxdcLRIBNhUI-ZELY94AaABAg,Macedonia 🇲🇰🇲🇰🇲🇰🇲🇰🇲🇰 eternal,neutral,positive,neutral,positive,0.85,positive,0.95,5,positive,2,False,3,0.6,False,True,False,True,True,"CardiffNLP, BERTweet"
UgzXjt5IQbd-MBtvXPl4AaABAg,Can you have a video about boarding in Bansko?,neutral,negative,neutral,neutral,0.7,positive,0.95,5,neutral,3,False,3,0.6,True,False,True,True,False,"NLPTown, Llama"
UgzXjt5IQbd-MBtvXPl4AaABAg.ADCGFCKIoeBADCGrGRty5y,"no thanks, but if you want, you can record it on Gazi baba",neutral,neutral,neutral,negative,0.8,neutral,0.85,5,neutral,2,False,4,0.8,True,True,True,False,True,Gemma
UgzXjt5IQbd-MBtvXPl4AaABAg.ADCGFCKIoeBADCkv-NEVVE,<USER> You can!,positive,positive,positive,positive,0.95,positive,1.0,5,positive,1,True,5,1.0,True,True,True,True,True,
Ugz8p00458PSLOjFZ5h4AaABAg,"To learn more about names, you should read the book of Dimitar of the Rainbow, who devoted his whole life to folklore, the names and culture of the Macedonian people. Only such uneducated people can spread falsehoods, first of all, that language you call Greek was spoken in Pannonia and had no name and was spoken by the entire Balkans, from where the Greeks",negative,positive,negative,negative,0.75,negative,0.95,5,negative,2,False,4,0.8,True,False,True,True,True,NLPTown
Ugz8p00458PSLOjFZ5h4AaABAg.ADE5w1q3c4FAEkpm4ATIBt,"<USER> Aleksandar, what is the name of the book you are referring to, and is it on sale? Regards",neutral,negative,neutral,neutral,0.78,neutral,1.0,5,neutral,2,False,4,0.8,True,False,True,True,True,NLPTown
UgxTLuCxqLsypZLXBSt4AaABAg,*M A K E D O N I J A* 🇲🇰 ☦️ ☀️ 👑 🦁 🔆 ❤️‍🔥,neutral,positive,neutral,positive,0.85,positive,0.95,5,positive,2,False,3,0.6,False,True,False,True,True,"CardiffNLP, BERTweet"
UgxTLuCxqLsypZLXBSt4AaABAg.ADDqStKCc7BADEDT7dPa-N,White Sea Thrace...,neutral,neutral,neutral,negative,0.8,neutral,0.85,5,neutral,2,False,4,0.8,True,True,True,False,True,Gemma
UgxTLuCxqLsypZLXBSt4AaABAg.ADDqStKCc7BADEPpdHwERi,@IvanIvanov-rv2bs burlesque,neutral,negative,neutral,negative,0.8,negative,0.9,5,negative,2,False,3,0.6,False,True,False,True,True,"CardiffNLP, BERTweet"
UgxTLuCxqLsypZLXBSt4AaABAg.ADDqStKCc7BADERfllLRXI,<USER>-rv2bs THRACIA -- MACEDONIAN LAND. 25 CENTURIES! !,neutral,positive,neutral,positive,0.85,positive,0.95,5,positive,2,False,3,0.6,False,True,False,True,True,"CardiffNLP, BERTweet"
UgxTLuCxqLsypZLXBSt4AaABAg.ADDqStKCc7BADLhsBILI5E,"@salvatoretotoriina9523 Run away, I faked and made up a northern paid troll bot....",negative,negative,negative,negative,0.8,negative,1.0,5,negative,1,True,5,1.0,True,True,True,True,True,
UgxTLuCxqLsypZLXBSt4AaABAg.ADDqStKCc7BADLi0g-3iw1,"@tatjanavelkova5814 Thrace has nothing to do with the fake and invented ""Macedonia"", a work of cheap Serbian-communist propaganda... White Sea Thrace is a primordial Bulgarian country...",negative,negative,negative,negative,0.8,negative,0.95,5,negative,1,True,5,1.0,True,True,True,True,True,
UgxTLuCxqLsypZLXBSt4AaABAg.ADDqStKCc7BADNLz9OTnKO,@ИванИванов-рв2бс You mean White Sea Macedonia 🇲🇰☦️,neutral,negative,neutral,negative,0.8,positive,0.95,5,,3,False,0,0.0,False,False,False,False,False,
UgxTLuCxqLsypZLXBSt4AaABAg.ADDqStKCc7BAE5QX-u_0_f,"@Goksiii25 ABOUT THIS THOUGHT...MYSIA, THRACIA AND MACEDONIA 🇧🇬❤️💪🇧🇬",neutral,negative,neutral,positive,0.85,positive,0.95,5,,3,False,0,0.0,False,False,False,False,False,
UgxTLuCxqLsypZLXBSt4AaABAg.ADDqStKCc7BAKH5v1rqtw4,. THRACIA --- 25 CENTURIES MACEDONIAN LAND! !,neutral,positive,neutral,negative,0.8,positive,0.95,5,,3,False,0,0.0,False,False,False,False,False,
UgxTLuCxqLsypZLXBSt4AaABAg.ADDqStKCc7BAKHOrdixhU3,@tatjanavelkova5814LIES FROM A PROVEN FULLY PAID SEVERDZAN TROLL FROM NORTH MACEDONIA WITH RUSSIAN NAME TATJANA WHO SPEAKS A SERBINIZED DIALECT OF BULGARIAN LANGUAGE AND DOES HAVE A BULGARIAN DNA!!! VIVA NORTH MACEDONIA!!!,negative,negative,negative,negative,0.8,negative,1.0,5,negative,1,True,5,1.0,True,True,True,True,True,
UgyiD6fMK6SYUzwoBeJ4AaABAg,Princess Thessalonica lived in 315BC and the city was founded by the Romans as part of a victory in Thessaly.,neutral,positive,neutral,neutral,0.85,neutral,1.0,5,neutral,2,False,4,0.8,True,False,True,True,True,NLPTown
Ugz-eWZ4iEwWfU7EsOZ4AaABAg,hey grandma plays with her teeth...,neutral,positive,neutral,negative,0.8,negative,0.95,5,,3,False,0,0.0,False,False,False,False,False,
UgxECvtu3BP_8xxRwP94AaABAg,Year 315 BC or BC (before Christ)? ☦️,neutral,negative,neutral,negative,0.7,neutral,1.0,5,neutral,2,False,3,0.6,True,False,True,False,True,"NLPTown, Gemma"
Ugzf8UtFPrP2kF02Fix4AaABAg,"Halki + diki from halki - copper, diki - mine, Halkidiki is full of ancient copper mines. Edessa (Brygian shortened Vedu -water), Beroia (gathering place)",neutral,positive,neutral,neutral,0.7,neutral,1.0,5,neutral,2,False,4,0.8,True,False,True,True,True,NLPTown
UgyMFzFi3b6ITY5_Gul4AaABAg,Aegean 🇲🇰☦️,neutral,positive,neutral,negative,0.8,positive,1.0,5,,3,False,0,0.0,False,False,False,False,False,
Ugy5r1f6ffnz9HDWscZ4AaABAg,There was an old Macedonian language 🤣😂😁...,neutral,negative,neutral,negative,0.85,positive,0.95,5,,3,False,0,0.0,False,False,False,False,False,
UgzVdljLica3KcTBDvx4AaABAg,If there are NO stars ancient Greece. Where did the old Greek language come from?!,negative,negative,neutral,negative,0.8,neutral,1.0,5,negative,2,False,3,0.6,True,True,False,True,False,"BERTweet, Llama"
UgzVdljLica3KcTBDvx4AaABAg.ADDwsu3UQA4ADDxSFx1NZZ,<USER> so there is,neutral,neutral,neutral,neutral,0.74,neutral,0.85,5,neutral,1,True,5,1.0,True,True,True,True,True,
UgzVdljLica3KcTBDvx4AaABAg.ADDwsu3UQA4ADE0jnpznqU,"<USER> there is, there is",neutral,negative,neutral,neutral,0.74,neutral,0.85,5,neutral,2,False,4,0.8,True,False,True,True,True,NLPTown
UgzVdljLica3KcTBDvx4AaABAg.ADDwsu3UQA4ADE6N8xQjJf,"There is no ancient Greek language, but there is an ancient Greek script, and the script that is still used is called KOINE, which was created during the campaigns of Alexander to serve the needs of the empire, which script was appropriated by the neighbors and is still being used today.",neutral,positive,neutral,neutral,0.78,neutral,1.0,5,neutral,2,False,4,0.8,True,False,True,True,True,NLPTown
UgzVdljLica3KcTBDvx4AaABAg.ADDwsu3UQA4ADELffc6uMn,"Well, no! @objasnuvac",negative,negative,negative,negative,0.7,negative,0.9,5,negative,1,True,5,1.0,True,True,True,True,True,
UgzVdljLica3KcTBDvx4AaABAg.ADDwsu3UQA4ADES55wnpxH,25 centuries ago ALEXANDER spoke the Koine Macedonian language. in EGYPT there is a Rosetta Monument with Koine Macedonian language. The Rosetta monument is from 23 centuries ago! !,neutral,negative,neutral,neutral,0.7,neutral,0.98,5,neutral,2,False,4,0.8,True,False,True,True,True,NLPTown
UgzVdljLica3KcTBDvx4AaABAg.ADDwsu3UQA4ADFSDSyD0UD,"<USER> Read it about rosetta in today's new Macedonia. You will see how the propaganda is going on. When we Macedonians were born, all today's deniers were as silent as a speck under a shirt.",negative,positive,negative,negative,0.8,negative,0.95,5,negative,2,False,4,0.8,True,False,True,True,True,NLPTown
UgzVdljLica3KcTBDvx4AaABAg.ADDwsu3UQA4ADGbpkKkOfO,"<USER>.carnation do you understand Koine language? No? Because Alexandros Omegas wrote in Koine, the Gracian language (and he spread the Hellenic, Gracian culture everywhere he went), and you were a drummer in peasant Bulgarian language!",neutral,negative,neutral,negative,0.8,negative,0.95,5,negative,2,False,3,0.6,False,True,False,True,True,"CardiffNLP, BERTweet"
UgzVdljLica3KcTBDvx4AaABAg.ADDwsu3UQA4ADLiJpLsZS2,@tatjanavelkova5814 Drink your medicine every day...mentally ill and illiterate paid troll....,negative,negative,negative,negative,0.8,negative,1.0,5,negative,1,True,5,1.0,True,True,True,True,True,
UgzVdljLica3KcTBDvx4AaABAg.ADDwsu3UQA4ADObONKKhVn,@IvanIvanov-rv2bsne seri was the hoof,neutral,positive,neutral,negative,0.8,negative,0.95,5,,3,False,0,0.0,False,False,False,False,False,
UgzVdljLica3KcTBDvx4AaABAg.ADDwsu3UQA4AE6VNWXiA6d,"@Гоксии25КАМ MOTHER BULGARIA, FOREVER MYSIA, THRACIA AND MACEDONIA 🇧🇬❤️💪🇧🇬",positive,positive,neutral,positive,0.98,positive,0.95,5,positive,2,False,4,0.8,True,True,False,True,True,BERTweet
UgzVdljLica3KcTBDvx4AaABAg.ADDwsu3UQA4AKH6JSqcrEz,<USER>-rv2bs MACEDONIA 25TH CENTURY IS MACEDONIA! ! !,neutral,positive,positive,positive,0.98,positive,0.95,5,positive,2,False,4,0.8,False,True,True,True,True,CardiffNLP
UgzVdljLica3KcTBDvx4AaABAg.ADDwsu3UQA4AKHOw0jDhya,@tatjanavelkova5814 NORTH MACEDONIA IS ALWAYS... NORTH MACEDONIA... FROM 2018,neutral,positive,neutral,negative,0.6,positive,0.95,5,,3,False,0,0.0,False,False,False,False,False,
Ugw_t1FdRoK8oxVijHt4AaABAg,MACEDONIA IS ONLJ GREECE,negative,negative,neutral,negative,0.8,negative,0.95,5,negative,2,False,4,0.8,True,True,False,True,True,BERTweet
UgxB3JE9N9ICS2zsJFF4AaABAg,"Greek language, people, nation and state DO NOT EXIST!!!",negative,negative,negative,negative,0.8,negative,1.0,5,negative,1,True,5,1.0,True,True,True,True,True,
UgxB3JE9N9ICS2zsJFF4AaABAg.ADGxKDIUG2KADJBDIisd1V,That's right! Such morons do not exist!!,negative,negative,negative,negative,0.8,negative,1.0,5,negative,1,True,5,1.0,True,True,True,True,True,
UgzP-VEwFFHkn47VJ2l4AaABAg,"Saturday is not Saturday, huh! Poorly maintained video with glitches and bugs.",negative,negative,negative,negative,0.8,negative,0.95,5,negative,1,True,5,1.0,True,True,True,True,True,
UgzP-VEwFFHkn47VJ2l4AaABAg.ADEL0qLfqP2ADELPQOqmwB,"<USER> people read subocco, sobocco, sabocco variants are these",neutral,negative,neutral,neutral,0.7,neutral,1.0,5,neutral,2,False,4,0.8,True,False,True,True,True,NLPTown
UgzP-VEwFFHkn47VJ2l4AaABAg.ADEL0qLfqP2ADFSLUsIhEs,<USER> detached and left the Macedonians alone.,negative,negative,neutral,positive,0.85,negative,0.9,5,negative,3,False,3,0.6,True,True,False,False,True,"BERTweet, Gemma"
UgzP-VEwFFHkn47VJ2l4AaABAg.ADEL0qLfqP2ADGcav1Lt-r,"<USER> ""SABOTSKA"" is correct, Sarboman! Are you talking like the Serbs (of U)?",neutral,neutral,neutral,negative,0.8,negative,0.95,5,neutral,2,False,3,0.6,True,True,True,False,False,"Gemma, Llama"
UgyMVtDDSVGCEApecyB4AaABAg,Tatars and Greeks in a campaign against Macedonia 🇲🇰☦️,neutral,positive,neutral,negative,0.8,negative,0.9,5,,3,False,0,0.0,False,False,False,False,False,
UgyMVtDDSVGCEApecyB4AaABAg.ADObHII4QQxAHAi0v-XxEt,"Eat it in Tatar style and ask for more, that's sweet!",positive,positive,positive,positive,0.85,positive,0.95,5,positive,1,True,5,1.0,True,True,True,True,True,
UgyMVtDDSVGCEApecyB4AaABAg.ADObHII4QQxAKH6Dzd1PGA,<USER> MACEDONIANS IN MACEDONIA. 25 CENTURIES! ! !,neutral,positive,neutral,negative,0.8,positive,0.95,5,,3,False,0,0.0,False,False,False,False,False,
UgyMVtDDSVGCEApecyB4AaABAg.ADObHII4QQxAKHODrtJc6X,@tatjanavelkova5814 IN NORTH MACEDONIA... NORTH MACEDONIANS... FROM 2018,neutral,positive,neutral,neutral,0.7,negative,0.9,5,neutral,3,False,3,0.6,True,False,True,True,False,"NLPTown, Llama"
Ugxi3w3VP470hbKaT0x4AaABAg,"Well done, my friend! But I want to draw your attention to something very interesting. Why does this current Greek language have only 20 or 21 sounds? Such a phenomenon does not exist at all in the science of linguistics! All languages ​​spoken by choirs are formed with 32 sounds and more! For me, there is only one explanation! The language spoken by the ""ancient"" people is simply artificial, fake, fabricated stupidly and not professionally in any ""linguistics"" laboratory! Study it and hit bingo!",positive,positive,neutral,negative,0.55,negative,0.95,5,,3,False,0,0.0,False,False,False,False,False,
Ugxz3x3ttHWiNWyYRt54AaABAg,It is very strange to me how Macedonia got the new name North Macedonia.,negative,negative,negative,neutral,0.7,neutral,0.85,5,negative,2,False,3,0.6,True,True,True,False,False,"Gemma, Llama"
Ugxz3x3ttHWiNWyYRt54AaABAg.ADVoInvMWOiADljQ6CMsFL,It's very strange to me how mother sold herself for a red one?,negative,negative,negative,negative,0.8,negative,0.95,5,negative,1,True,5,1.0,True,True,True,True,True,
Ugxz3x3ttHWiNWyYRt54AaABAg.ADVoInvMWOiAEjthQp_On6,"There is no such thing, there is only one Macedonia, with Aegean, Pirin and Vardar. You are not informed",negative,negative,neutral,negative,0.7,negative,0.95,5,negative,2,False,4,0.8,True,True,False,True,True,BERTweet
Ugxz3x3ttHWiNWyYRt54AaABAg.ADVoInvMWOiAEkh9h86mJ7,@ thanks for the info,positive,positive,positive,neutral,0.78,neutral,0.85,5,positive,2,False,3,0.6,True,True,True,False,False,"Gemma, Llama"
Ugxz3x3ttHWiNWyYRt54AaABAg.ADVoInvMWOiAEnGyK7_UQV,"@peritsaivanoski9027 THERE IS ONE TRUTH - MYSIA, THRACIA AND MACEDONIA = MOTHER BULGARIA 🇧🇬💪❤️🇧🇬",positive,negative,neutral,positive,0.85,positive,0.95,5,positive,3,False,3,0.6,True,False,False,True,True,"NLPTown, BERTweet"
Ugxz3x3ttHWiNWyYRt54AaABAg.ADVoInvMWOiAK83V8tZVrZ,"Take your medicine and go to sleep, clown. 😂@peritsaivanoski9027",negative,negative,neutral,negative,0.8,negative,0.95,5,negative,2,False,4,0.8,True,True,False,True,True,BERTweet
Ugxz3x3ttHWiNWyYRt54AaABAg.ADVoInvMWOiAKH67rwEVVi,<USER> MACEDONIANS SPEAK MACEDONIAN LANGUAGE ! !,neutral,negative,neutral,negative,0.8,positive,0.95,5,,3,False,0,0.0,False,False,False,False,False,
Ugxz3x3ttHWiNWyYRt54AaABAg.ADVoInvMWOiAKHO0McOjtt,@tatjanavelkova5814 IN NORTH MACEDONIA ARE SPEAKING A SERBINIZED DIALECT OF BULGARIAN LANGUAGE...VIVA NORTH MACEDONIA...,negative,negative,neutral,negative,0.8,positive,0.95,5,negative,3,False,3,0.6,True,True,False,True,False,"BERTweet, Llama"
UgxHFvKYhfD2M0K4eDt4AaABAg,😂😂😂😂,neutral,positive,neutral,positive,0.98,negative,1.0,5,,3,False,0,0.0,False,False,False,False,False,
UgyaTK3vMgqL2n6v-IF4AaABAg,"Big jokers, You have no shame!😂😂😂😂😂😂😂😂😂😂😂😂😂",negative,positive,negative,negative,0.8,negative,1.0,5,negative,2,False,4,0.8,True,False,True,True,True,NLPTown
UgyaTK3vMgqL2n6v-IF4AaABAg.ADEWB-z_C3ZADEahQr2fL3,Lainar😂,neutral,positive,neutral,negative,0.8,positive,0.95,5,,3,False,0,0.0,False,False,False,False,False,
UgyaTK3vMgqL2n6v-IF4AaABAg.ADEWB-z_C3ZADLha0kaH03,"@venciarsov4678 Run away, you empty-headed northern tsingoid....",negative,negative,negative,negative,0.8,negative,1.0,5,negative,1,True,5,1.0,True,True,True,True,True,
UgyaTK3vMgqL2n6v-IF4AaABAg.ADEWB-z_C3ZADNMDntOe2J,"Tatar, come on, leave the room, go to Mongolia 🇲🇳",neutral,negative,neutral,negative,0.8,negative,0.95,5,negative,2,False,3,0.6,False,True,False,True,True,"CardiffNLP, BERTweet"
UgyaTK3vMgqL2n6v-IF4AaABAg.ADEWB-z_C3ZAE5QQYftEbK,@Гоксии25 You recently went to the Pamir mountain... to see your Asian roots... paid Northern-Seljuk Tataroid trolloid...,negative,negative,negative,negative,0.8,negative,1.0,5,negative,1,True,5,1.0,True,True,True,True,True,
Ugz8GZgyQZHzFJvNrwd4AaABAg,"Alexandros and the Macedonians spoke and spoke Greek. His father is Philippos, his mother is Olympias. His teacher is Aristotelis. His sister the Thessalonica. Macedonians and all Greeks worshiped the 12 years of Olympus. The Slavs came to the Balkans 900 years after Alexander. Please stop the dirty propaganda. Macedonia is only Greece. Slavs, Bulgars, Aldanos, Turks, Gypsies are not Macedonia .... Macdonalds are .... MACEDONIA IS ONLY GREEK ...... 1921 Vardarska, 1941 Yugoslavia, 1992 From, 2018 North of Macedonia, 2045 ??????? ... And do not knov the Slavitz language that you warmed to me. And I know Greek, the language that Alexander spoke and spoke, and all the Macedonians.",neutral,positive,neutral,negative,0.8,negative,0.92,5,,3,False,0,0.0,False,False,False,False,False,
Ugz8GZgyQZHzFJvNrwd4AaABAg.AIOs4ZJCYR0AIOuGjx6LhB,This video has nothing to do with Alexander the Great,neutral,negative,neutral,negative,0.7,negative,0.9,5,negative,2,False,3,0.6,False,True,False,True,True,"CardiffNLP, BERTweet"
Ugz8GZgyQZHzFJvNrwd4AaABAg.AIOs4ZJCYR0AJury-n76pC,"Alexander the Macedonian didn't speak Greek he always had translators. You, Greeks say that he was a barbarian, you didn't understand his language.",negative,negative,neutral,negative,0.75,negative,0.9,5,negative,2,False,4,0.8,True,True,False,True,True,BERTweet
Ugz8GZgyQZHzFJvNrwd4AaABAg.AIOs4ZJCYR0AJv13kSGdCX,"<USER>.9613 ""What's going on when a Macedonian is occupying? Clean a Bulgarian! 😜""",neutral,negative,neutral,negative,0.8,negative,0.95,5,negative,2,False,3,0.6,False,True,False,True,True,"CardiffNLP, BERTweet"
Ugz8GZgyQZHzFJvNrwd4AaABAg.AIOs4ZJCYR0AJv1I_RG_md,"<USER>.9613 Do they teach you this in your schools? Do you know where the Macedonians started from? [from Argos in Peloponnese] Do you know who Karanos you, and all the other names of the king of Macedonia before Alexander? The Slavs came to the Balkans 900 years after Alexander",neutral,negative,neutral,negative,0.8,negative,0.94,5,negative,2,False,3,0.6,False,True,False,True,True,"CardiffNLP, BERTweet"
Ugz8GZgyQZHzFJvNrwd4AaABAg.AIOs4ZJCYR0AKCRJIAKfHN,<USER>.9613 What happens when a Macedonian is occupied? Pure Bulgarian! 😜,neutral,negative,neutral,negative,0.75,negative,0.94,5,negative,2,False,3,0.6,False,True,False,True,True,"CardiffNLP, BERTweet"
Ugz8GZgyQZHzFJvNrwd4AaABAg.AIOs4ZJCYR0AKH6radzGR7,<USER> KARAN is First MACEDONIAN KING. ALL KINGS and CARS in MACEDONIA are MACEDONIANS! ! !,neutral,positive,positive,positive,0.95,positive,0.95,5,positive,2,False,4,0.8,False,True,True,True,True,CardiffNLP
Ugz8GZgyQZHzFJvNrwd4AaABAg.AIOs4ZJCYR0AKHP3X_ihww,@tatjanavelkova5814LIES FROM A PROVEN FULLJ PAID SEVERDZAN TROLL FROM NORTH MACEDONIA WITH RUSSIAN NAME TATJANA WHO SPEAKS A SERBINIZED DIALECT OF BULGARIAN LANGUAGE AND DO HAVE A BULGARIAN DNA!!! FOREVER NORTH MACEDONIA... FROM 2018,negative,negative,negative,negative,0.8,negative,1.0,5,negative,1,True,5,1.0,True,True,True,True,True,
UgxLExOIIoIKzj3XEWp4AaABAg,Don't spout nonsense... you have no idea...,negative,negative,negative,negative,0.8,negative,0.95,5,negative,1,True,5,1.0,True,True,True,True,True,
UgxLExOIIoIKzj3XEWp4AaABAg.ADGMBB1kefDADGTEq-F-7-,<USER> you are right chairman 🫡,neutral,positive,positive,positive,0.95,positive,0.95,5,positive,2,False,4,0.8,False,True,True,True,True,CardiffNLP
UgxLK9SJgZezR-DmZDJ4AaABAg,Chop harder! You have a shared history with Bulgaria until 1945.,negative,positive,neutral,negative,0.75,negative,0.9,5,negative,3,False,3,0.6,True,False,False,True,True,"NLPTown, BERTweet"
UgxLK9SJgZezR-DmZDJ4AaABAg.AEWwjiPbxxRAEWywDDOi30,<USER> macedonia has shared history with sudan until 1945 not bulgaria,neutral,negative,neutral,negative,0.75,negative,0.9,5,negative,2,False,3,0.6,False,True,False,True,True,"CardiffNLP, BERTweet"
UgxLK9SJgZezR-DmZDJ4AaABAg.AEWwjiPbxxRAEjtTykdPx7,"Realljjjj, Jorgo, what the hell??? They are from Tataristan and we are proud MACEDONIANS. Those are 2 different worlds, one is probably the oldest civilization in Europe - Macedonian civilization and another is an Asian nation. We think that you dear GREECE have not just shared but exactly the same history as Turkey because you have the same psychology and shared genes, and 100 years ago you have colonized Macedonia with people from Turkey - in fact Orthodox Turks (you knov Nea that Nea this). A bit earlier in centuries you can find your roots in Ethiopia and Sub-Saharan Africa from where you arrived in the Balkans. Be prepared to face the truth which you state has been systematically falsified and keep you misinformed to shame the occupation of Macedonia.",negative,negative,neutral,negative,0.8,negative,0.95,5,negative,2,False,4,0.8,True,True,False,True,True,BERTweet
UgxLK9SJgZezR-DmZDJ4AaABAg.AEWwjiPbxxRAEjvCD8Tszb,"@ our history is taught through international academia….ur history is written in pencil…..where are all ur “Macedonian” churches, priests, schools, students, teachers? All Bulgarians. You can't talk to flat earthers. Nothing ancient about you. But you know that.",negative,positive,negative,negative,0.8,negative,0.95,5,negative,2,False,4,0.8,True,False,True,True,True,NLPTown
UgxLK9SJgZezR-DmZDJ4AaABAg.AEWwjiPbxxRAEkpYiwI8rE,"<USER> George just check the historical sources which your state is hiding from you and you will be much better informed. At the end of the Ottoman Empire, the Bulgarian Exarchy was the only Slavic allowed church, and as an alternative to the Greek Partriarchy which most of Macedonians did not understand, it became also a church of ethnic Macedonians. Soon after, Macedonians realized that it is an element for their assimilation and there were strong reactions in many places in the whole ethnic Macedonia from Ohrid, Prilep, Kostur, Voden etc. to have their own national schools and church. In Kukush, most of the population turned to Protestants and even wanted to establish a separate Macedonian Church under Rome, the Pope that would guarantee their own nationality. Search Teodosij Gologanov, an archpriest from Neurokop who started establishing separate Macedonian church from Bulgarian. Codifier of Macedonian language from 1903 you Macedonian from Pella or Postol in Macedonian. Thousands of records of foreign diplomats and statements for separate Macedonian distinctiveness exist but you have been kept in the dark because of pure nationalist purposes to justify the systematic terror over non-Greek population. Concerning your state, in the early time of occupation of Macedonia, they made census using separate line for the Macedonian language and have printed alphabet in Macedonian language. Of course, their real goal was the extinction of Macedonia and colonization with hundreds of thousands of Turkish origin Orthodox from Asia Minor, with such confirmation stopped at that point. All the rest is brutal ethnic cleansing of occupied territory. Good luck and get out of Megali idea if you want to consider yourself an intelligent person.",negative,positive,neutral,negative,0.6,negative,0.95,5,negative,3,False,3,0.6,True,False,False,True,True,"NLPTown, BERTweet"
UgxLK9SJgZezR-DmZDJ4AaABAg.AEWwjiPbxxRAKH6aWkid4l,"<USER> you "" "". MACEDONIANS -- 25 CENTURIES! ! !",neutral,positive,neutral,negative,0.85,positive,0.95,5,,3,False,0,0.0,False,False,False,False,False,
UgxLK9SJgZezR-DmZDJ4AaABAg.AEWwjiPbxxRAKH7PWQhoHW,<USER> harder flat earther…did u see what happened with the EU yesterday? Get a life flat earthher,negative,negative,negative,negative,0.8,negative,0.95,5,negative,1,True,5,1.0,True,True,True,True,True,
UgxLK9SJgZezR-DmZDJ4AaABAg.AEWwjiPbxxRAKHP9PSh9Vt,@tatjanavelkova5814 FOREVER NORTH MACEDONIA... FROM 2018,neutral,positive,neutral,neutral,0.7,positive,0.95,5,neutral,2,False,3,0.6,True,False,True,True,False,"NLPTown, Llama"
UgxLK9SJgZezR-DmZDJ4AaABAg.AEWwjiPbxxRAOo_BzAnxWm,North Macedonia has nothing to do with Aegean Macedonia. Macedonians were Bulgarians until 1945. Nobody believes your fairy tales. Bulgaria and Garcia are old and serious men.,negative,negative,negative,negative,0.8,negative,0.95,5,negative,1,True,5,1.0,True,True,True,True,True,
UgwHGW3BbusnlDOweDt4AaABAg,"AND YOU MACEDONIAN BROTHERS, WHAT LANGUAGE DO YOU SPEAK AND WHO MADE YOU CHRISTIANS???? YOU KNOW THE ANSWER 😜😜😜",negative,negative,negative,negative,0.8,negative,0.95,5,negative,1,True,5,1.0,True,True,True,True,True,
UgwHGW3BbusnlDOweDt4AaABAg.ADEWjSzU53MADEagK89nfE,in macedonia there is christianity from which apostle paul came here and at that time you were in russia,neutral,negative,neutral,neutral,0.7,negative,0.9,5,neutral,2,False,3,0.6,True,False,True,True,False,"NLPTown, Llama"
UgwHGW3BbusnlDOweDt4AaABAg.ADEWjSzU53MADFDkQqxVsb,"@objasnuvac Christianity has existed in Mysia since the Apostle Andrew came here to preach in the city of Οδησσός, today Varna, on the Black Sea. As soon as you are biblical Macedonians, then we from Mysia are biblical Mysians. Varna is in Bulgaria. Is the city of the biblical Macedonians Βέροια located in RSM? Pray that Saint Boris Michael forgives you!",neutral,negative,neutral,neutral,0.7,negative,0.9,5,neutral,2,False,3,0.6,True,False,True,True,False,"NLPTown, Llama"
UgwHGW3BbusnlDOweDt4AaABAg.ADEWjSzU53MADFEegRELQg,"<USER> There has been Christianity in Mysia since the Apostle Andrew came here to preach in the city of Οδησσός, today Varna, on the Black Sea. As soon as you are biblical Macedonians, then we from Mysia are biblical Mysians. Varna is in Bulgaria. Is the city of the biblical Macedonians Βέροια located in RSM? Pray that Saint Boris Michael forgives you!",neutral,negative,neutral,neutral,0.7,neutral,0.88,5,neutral,2,False,4,0.8,True,False,True,True,True,NLPTown
UgwHGW3BbusnlDOweDt4AaABAg.ADEWjSzU53MADFSYWiL8YN,<USER> Bulgarian occupier just like the Greeks.,negative,positive,negative,negative,0.8,negative,1.0,5,negative,2,False,4,0.8,True,False,True,True,True,NLPTown
UgwHGW3BbusnlDOweDt4AaABAg.ADEWjSzU53MADFYgrMfrgw,<USER> is a Tatar with 100 YouTube profiles Just report him,negative,negative,negative,negative,0.75,negative,1.0,5,negative,1,True,5,1.0,True,True,True,True,True,
UgwHGW3BbusnlDOweDt4AaABAg.ADEWjSzU53MADFYpYgeEb3,"Your brother is Asparuh, so ask him in which language he prayed at Tangra",neutral,negative,neutral,negative,0.7,negative,0.9,5,negative,2,False,3,0.6,False,True,False,True,True,"CardiffNLP, BERTweet"
UgwHGW3BbusnlDOweDt4AaABAg.ADEWjSzU53MADFeGDwxm-a,"<USER> Your brother is Karanos, so ask him in what language he prayed to Zagreos.",neutral,negative,neutral,negative,0.8,negative,0.95,5,negative,2,False,3,0.6,False,True,False,True,True,"CardiffNLP, BERTweet"
UgwHGW3BbusnlDOweDt4AaABAg.ADEWjSzU53MADH6Wtn7P7O,ETERNAL MACEDONIA MACEDONIA OF THE MACEDONIANS.,negative,positive,neutral,negative,0.8,positive,0.95,5,,3,False,0,0.0,False,False,False,False,False,
UgwHGW3BbusnlDOweDt4AaABAg.ADEWjSzU53MADHg0ZSFyQS,<USER> ETERNAL MISIA MISIA OF THE MISIANS .,negative,positive,negative,negative,0.8,positive,0.95,5,negative,2,False,3,0.6,True,False,True,True,False,"NLPTown, Llama"
UgwHGW3BbusnlDOweDt4AaABAg.ADEWjSzU53MADLhLeByvl1,@objasnuvacHa..ha ...Apostle Paul and the Roman province of Macedonia never had anything to do with you...the fake and fabricated ones...you don't even know...what the first Bible is (let alone read it)...the whole world laughs at you for this 😂😂😂,negative,negative,negative,negative,0.8,negative,0.95,5,negative,1,True,5,1.0,True,True,True,True,True,
UgwHGW3BbusnlDOweDt4AaABAg.ADEWjSzU53MADLhQkiOR9q,@vesnamateska1680 It's almost time for the Albanians... you're the bosses....,negative,negative,positive,negative,0.8,positive,1.0,5,negative,2,False,3,0.6,True,True,False,True,False,"BERTweet, Llama"
UgwHGW3BbusnlDOweDt4AaABAg.ADEWjSzU53MADOavWfNT8L,@MagnusKeanusBugarofilche one,neutral,negative,neutral,neutral,0.74,neutral,1.0,5,neutral,2,False,4,0.8,True,False,True,True,True,NLPTown
UgwHGW3BbusnlDOweDt4AaABAg.ADEWjSzU53MADOazFnrLru,@IvanИvanov-rv2bsVas Romas and Turks are your bosses in Bulgaria 🇹🇷,neutral,positive,neutral,negative,0.8,negative,0.95,5,,3,False,0,0.0,False,False,False,False,False,
UgwHGW3BbusnlDOweDt4AaABAg.ADEWjSzU53MAE5QHeVCoWu,"@Гоксии25BULGARIA=MYSIA, THRACIA AND MACEDONIA 🇧🇬💪❤️🇧🇬",neutral,positive,neutral,positive,0.85,positive,0.95,5,positive,2,False,3,0.6,False,True,False,True,True,"CardiffNLP, BERTweet"
UgwHGW3BbusnlDOweDt4AaABAg.ADEWjSzU53MAG90ZWbj-H4,<USER>-rv2bs BULGARIANS TATAR TRIBE JADI TRUCI MARSSSSS BRE.......K R A L'S MACEDONIA... PHILIP.. M A K E D O N S K I......,negative,negative,neutral,negative,0.8,negative,0.99,5,negative,2,False,4,0.8,True,True,False,True,True,BERTweet
UgwHGW3BbusnlDOweDt4AaABAg.ADEWjSzU53MAG90kfYbnCS,<USER>-rv2bs MARSSSS ....TATARS...YOU ARE THE MACEDONIA OF THE MACEDIANS AND OF K RA L.. PHILIP...MACEDONIAN....MARSSSS BRE GUBRE BROKEN...,negative,negative,neutral,negative,0.8,negative,0.95,5,negative,2,False,4,0.8,True,True,False,True,True,BERTweet
UgwHGW3BbusnlDOweDt4AaABAg.ADEWjSzU53MAG90wNwLUt-,<USER>-rv2bs ..YOU ARE TATARS .MARSSS BRE .....KRAM'S MACEDONIA PHILIP OF MACEDONSKI.....BROKEN...MARSSSSSSS,negative,negative,neutral,negative,0.8,negative,0.95,5,negative,2,False,4,0.8,True,True,False,True,True,BERTweet
UgwHGW3BbusnlDOweDt4AaABAg.ADEWjSzU53MAKH6UWSVUPV,. MACEDONIA = MACEDONIA. 25 CENTURIES! !,neutral,positive,positive,positive,0.85,positive,0.95,5,positive,2,False,4,0.8,False,True,True,True,True,CardiffNLP
UgwHGW3BbusnlDOweDt4AaABAg.ADEWjSzU53MAKHOdih27jH,@vesnamateska1680 ALWAYS NORTHERN TARTAR... NEVER MACEDONIA...MASTIJO NARYTANA SARBOMANSKA...,negative,negative,neutral,negative,0.8,negative,1.0,5,negative,2,False,4,0.8,True,True,False,True,True,BERTweet
UgwHGW3BbusnlDOweDt4AaABAg.ADEWjSzU53MAKHOgdMQLZF,@tatjanavelkova5814 IN NORTH MACEDONIA... NORTH MACEDONIANS... FROM 2018,neutral,positive,neutral,neutral,0.7,negative,0.95,5,neutral,3,False,3,0.6,True,False,True,True,False,"NLPTown, Llama"
Ugz_sEQXP56jLjT19Ax4AaABAg,People like you shouldn't be making videos like this!,negative,positive,negative,negative,0.8,negative,0.95,5,negative,2,False,4,0.8,True,False,True,True,True,NLPTown
UgypO5JFCBwLYM8_qux4AaABAg,Northern Greece,neutral,neutral,neutral,neutral,0.73,neutral,0.85,5,neutral,1,True,5,1.0,True,True,True,True,True,
UgypO5JFCBwLYM8_qux4AaABAg.ADE1VbR8-dgADESHWjOfEr,MACEDONIA 25TH CENTURY is in SOUTHERN EUROPE! !,neutral,positive,neutral,negative,0.85,positive,0.95,5,,3,False,0,0.0,False,False,False,False,False,
UgypO5JFCBwLYM8_qux4AaABAg.ADE1VbR8-dgADF7Txnl8hf,Which Northern Greece was Kopuk a Northerner?,neutral,negative,neutral,negative,0.7,negative,1.0,5,negative,2,False,3,0.6,False,True,False,True,True,"CardiffNLP, BERTweet"
UgypO5JFCBwLYM8_qux4AaABAg.ADE1VbR8-dgADH-1ceGSUO,<USER> <URL>,neutral,negative,neutral,negative,0.8,negative,0.75,5,negative,2,False,3,0.6,False,True,False,True,True,"CardiffNLP, BERTweet"
UgypO5JFCBwLYM8_qux4AaABAg.ADE1VbR8-dgADLhlBtHDnM,"@tatjanavelkova5814 There was no ""Macedonia"" either... there are only pumpkins in your Udbas, filled with blackberries and pomegranates....",negative,negative,neutral,negative,0.8,negative,0.95,5,negative,2,False,4,0.8,True,True,False,True,True,BERTweet
UgxGpsMtbZaZuctwVO94AaABAg,90% of the time you don't have data or you don't know. So why don't you get busy with something else.,neutral,negative,negative,negative,0.8,negative,0.95,5,negative,2,False,4,0.8,False,True,True,True,True,CardiffNLP
UgxGpsMtbZaZuctwVO94AaABAg.AE4nVeE8YrzAE4rWVLYoaR,"<USER> come on, boss, say what you mean to ask",neutral,positive,neutral,neutral,0.7,neutral,0.85,5,neutral,2,False,4,0.8,True,False,True,True,True,NLPTown
Ugz64JkjNPBxgH-VXsp4AaABAg,<URL>,neutral,neutral,neutral,negative,0.65,negative,0.75,5,neutral,2,False,3,0.6,True,True,True,False,False,"Gemma, Llama"
Ugz64JkjNPBxgH-VXsp4AaABAg.ADECQUyTl9SADEJCJtKwMO,"<USER> long live Micko, we will change the name of Skopje to Micko in his honor (just kidding)",positive,negative,positive,positive,0.85,positive,0.95,5,positive,2,False,4,0.8,True,False,True,True,True,NLPTown
Ugy-VRN-FvHE0ASDb4x4AaABAg,Wich is calf in Albanian,neutral,positive,neutral,neutral,0.7,neutral,1.0,5,neutral,2,False,4,0.8,True,False,True,True,True,NLPTown
UgxQHdqTUx65iAzh_X14AaABAg,"There is no Greek or Macedonia here, that is Deo DARDANIA, the capital is SCUPI, ILLJRICUM SACRUM DANIELE PHILIPPO RICEPUTI",neutral,negative,neutral,neutral,0.7,negative,0.95,5,neutral,2,False,3,0.6,True,False,True,True,False,"NLPTown, Llama"
UgxQHdqTUx65iAzh_X14AaABAg.ADUq9Hk116RADljX3r_St3,"Shipo, come on, get out of here and go with your suitcases to the Caucasus, where you came from, come on and you call Kosovo Serbia 🇷🇸😅",negative,negative,negative,negative,0.8,negative,0.95,5,negative,1,True,5,1.0,True,True,True,True,True,
UgxQHdqTUx65iAzh_X14AaABAg.ADUq9Hk116RAE5Pvxwkequ,@Гоксии25 And you go see your Tatar-Mongolian roots...mentally offended Northern troll....,negative,negative,negative,negative,0.8,negative,0.95,5,negative,1,True,5,1.0,True,True,True,True,True,
UgxQHdqTUx65iAzh_X14AaABAg.ADUq9Hk116RAKH6ytXvwGu,. SKOPJE --- 25 CENTURIES MACEDONIAN TOWN ! !,neutral,positive,neutral,neutral,0.7,positive,1.0,5,neutral,2,False,3,0.6,True,False,True,True,False,"NLPTown, Llama"
UgxQHdqTUx65iAzh_X14AaABAg.ADUq9Hk116RAKHO5XpHFFD,@tatjanavelkova5814 SKOPJE - CAPITAL OF NORTH MACEDONIA... ALWAYS AND FOREVER...,neutral,positive,neutral,positive,0.98,positive,0.95,5,positive,2,False,3,0.6,False,True,False,True,True,"CardiffNLP, BERTweet"
UgyFze6MbaXRhgVkv3V4AaABAg,"Ehhhh Macedonia, Thessaloniki, Kurlevci, not Skopje, I got it for you Natsuka ubo And posteno",neutral,negative,neutral,negative,0.8,negative,0.95,5,negative,2,False,3,0.6,False,True,False,True,True,"CardiffNLP, BERTweet"
UgyFze6MbaXRhgVkv3V4AaABAg.ADQLUk8gYY2ADljZYwYQUn,Thessaloniki 🇲🇰☦️,neutral,positive,neutral,neutral,0.7,neutral,1.0,5,neutral,2,False,4,0.8,True,False,True,True,True,NLPTown
UgyFze6MbaXRhgVkv3V4AaABAg.ADQLUk8gYY2AE6VANtryYC,"MYSIA, THRACE AND MACEDONIA=BULGARIA 🇧🇬💪❤️🇧🇬",positive,positive,neutral,positive,0.95,positive,0.95,5,positive,2,False,4,0.8,True,True,False,True,True,BERTweet
UgyFze6MbaXRhgVkv3V4AaABAg.ADQLUk8gYY2AEju3_4Ot9C,<USER>-rv2bs Sorry this Misery refers to BULGARIA right?,negative,negative,negative,negative,0.8,neutral,1.0,5,negative,2,False,4,0.8,True,True,True,True,False,Llama
UgyFze6MbaXRhgVkv3V4AaABAg.ADQLUk8gYY2AEnH4I9H3VN,"@peritsaivanoski9027 EVERYTHING IS KNOWN ABOUT BULGARIA - MYSIA, THRACIA AND MACEDONIA 🇧🇬❤️💪🇧🇬",neutral,positive,neutral,positive,0.85,positive,0.95,5,positive,2,False,3,0.6,False,True,False,True,True,"CardiffNLP, BERTweet"
UgyFze6MbaXRhgVkv3V4AaABAg.ADQLUk8gYY2AKH762x9mTr,<USER>-rv2bs bg 140 years. MACEDONIA -- 25 CENTURIES ! !,neutral,positive,neutral,negative,0.8,positive,0.95,5,,3,False,0,0.0,False,False,False,False,False,
UgyFze6MbaXRhgVkv3V4AaABAg.ADQLUk8gYY2AKHBu7D7jIo,@tatjanavelkova5814 FOREVER NORTH MACEDONIA... FROM 2018,neutral,positive,neutral,neutral,0.7,positive,0.95,5,neutral,2,False,3,0.6,True,False,True,True,False,"NLPTown, Llama"
UgyUFVa27g6nfnE4W8B4AaABAg,The only man in Macedonia who does not care about the millions from Europe.,negative,negative,negative,negative,0.8,negative,0.9,5,negative,1,True,5,1.0,True,True,True,True,True,
UgzkuOm74Xdb54wpF9R4AaABAg,"United, right and left, for the salvation of the Macedonian State and Nation!",positive,positive,positive,positive,0.85,positive,0.95,5,positive,1,True,5,1.0,True,True,True,True,True,
UgyfbflDaeNLa11G5Pt4AaABAg,This is from the heart for all Macedonians and fellow citizens! Well done brother Apasiev ✊,positive,positive,positive,positive,0.85,positive,0.95,5,positive,1,True,5,1.0,True,True,True,True,True,
UgyNVTsKUnMQEBVq5wJ4AaABAg,"SDS is going down in history, that's it with that party, they will be gone!",negative,positive,negative,negative,0.8,negative,0.95,5,negative,2,False,4,0.8,True,False,True,True,True,NLPTown
UgyNVTsKUnMQEBVq5wJ4AaABAg.9sabbJmxY-n9sb8D5nSFbe,And DPNE together with them with Shpitsniy at the head.,neutral,positive,neutral,negative,0.8,negative,0.9,5,,3,False,0,0.0,False,False,False,False,False,
UgxqqvFGojOkQPxHBa14AaABAg,Only forward to the Macedonian People's Government!,positive,negative,positive,positive,0.85,negative,0.9,5,positive,2,False,3,0.6,True,False,True,True,False,"NLPTown, Llama"
UgwznHXsBwnTZKhH7pR4AaABAg,"Well done to Apasiev, this is how a country is defended",positive,positive,positive,positive,0.85,positive,0.95,5,positive,1,True,5,1.0,True,True,True,True,True,
UgxJQAyxcNPw82O5tkN4AaABAg,Hit Bro!!!,positive,positive,neutral,negative,0.8,positive,0.95,5,positive,3,False,3,0.6,True,True,False,False,True,"BERTweet, Gemma"
UgxN1LEABwLjCkGTSvV4AaABAg,Full support! Well done! FOR WHO???? FOR MACEDONIA!!!!!!,positive,positive,positive,positive,0.85,positive,0.95,5,positive,1,True,5,1.0,True,True,True,True,True,
UgzHXClRN0l4_4ezphJ4AaABAg,I vote for the LEFT with two hands!,neutral,negative,neutral,positive,0.95,positive,0.95,5,,3,False,0,0.0,False,False,False,False,False,
UgzZH-XyNQfnc-11Ma54AaABAg,"Bravos, speech of the decade!!! He showed how he loves and defends Macedonia to the spineless of SDS!!!!",positive,positive,positive,positive,0.85,positive,0.95,5,positive,1,True,5,1.0,True,True,True,True,True,
Ugz7Fkcuk2DnaDEQF4N4AaABAg,"I am not a leftist, on the contrary, I am a rightist, but you will have a vote!!!!!",neutral,negative,neutral,positive,0.85,positive,0.95,5,,3,False,0,0.0,False,False,False,False,False,
UgxQ94FqewjWiyM_3Bp4AaABAg,"BRAVO APASIEV!!! SO VOTE. Otherwise well said!? BUT, FOR WHICH BAG???",positive,neutral,positive,negative,0.5,positive,0.85,5,positive,3,False,3,0.6,True,False,True,False,True,"NLPTown, Gemma"
Ugxl4mVVqezRSeAj6IN4AaABAg,"Well done Professor Apasiev, everything has been said to the bone, but they are deaf and do not understand. They just look and in front of their eyes are: $$& Eh. Greetings 21st Century Sailor!!!",negative,positive,positive,negative,0.6,negative,0.8,5,negative,2,False,3,0.6,True,False,False,True,True,"NLPTown, BERTweet"
Ugxl4mVVqezRSeAj6IN4AaABAg.9saYdLXv6sI9saaVYzDgkG,❤❤❤❤❤❤❤❤❤,positive,positive,neutral,positive,0.98,positive,1.0,5,positive,2,False,4,0.8,True,True,False,True,True,BERTweet
UgyuKy7m9M9QrCgbQWN4AaABAg,"I am not a leftist at all, but in the next elections I will vote for the Left with both hands",neutral,neutral,positive,positive,0.85,positive,0.95,5,positive,2,False,3,0.6,False,False,True,True,True,"CardiffNLP, NLPTown"
UgyuKy7m9M9QrCgbQWN4AaABAg.9saXk-4ECR0A2PxGonIVKg,we will see,neutral,positive,neutral,neutral,0.7,neutral,0.85,5,neutral,2,False,4,0.8,True,False,True,True,True,NLPTown
Ugz-39KpFVsCT0Ukpe54AaABAg,"THE MACEDONIAN LIVES, THE PEOPLE WAKE UP!! Apasiev will be the first prime minister/leader of the FIRST TRUE FREE MACEDONIAN STATE.",positive,positive,positive,positive,0.85,positive,0.95,5,positive,1,True,5,1.0,True,True,True,True,True,
Ugz8aMjpGU0diPHOnkh4AaABAg,"Full support, great talk everyone must hear, share!",positive,positive,positive,positive,0.85,positive,0.95,5,positive,1,True,5,1.0,True,True,True,True,True,
UgxEiCGIkEj-z2rl32Z4AaABAg,"Tsar is a small word, bravo. Just like that. And finally, before the truth, even the gods are silent.",positive,positive,positive,negative,0.8,negative,0.95,5,positive,2,False,3,0.6,True,True,True,False,False,"Gemma, Llama"
UgypNS72P2kSjvRa-EV4AaABAg,"Before the truth, even the Gods are silent! Thank you for existing for the Macedonian people Great Leader! You gave a HISTORIC SPEECH in our parliament about our RIGHTS and JUSTICE FOR R. MACEDONIA. Well done!",positive,positive,positive,positive,0.92,positive,0.95,5,positive,1,True,5,1.0,True,True,True,True,True,
UgzU6PZ2M1RttCmztJF4AaABAg,"Well done Apasiev, just go ahead. Greetings",positive,positive,positive,positive,0.85,positive,0.95,5,positive,1,True,5,1.0,True,True,True,True,True,
UgyxgdmSzIuE5dZnS4h4AaABAg,"Step on hard, the people are with you!",positive,positive,positive,positive,0.85,positive,0.95,5,positive,1,True,5,1.0,True,True,True,True,True,
UgyxgdmSzIuE5dZnS4h4AaABAg.9saH1ei1pfJ9sbVmG0BqI3,❤❤❤❤❤❤❤❤❤❤❤❤❤❤❤❤❤❤❤,positive,positive,neutral,positive,0.98,positive,1.0,5,positive,2,False,4,0.8,True,True,False,True,True,BERTweet
UgwiA8Z6jLX4-fjWpnx4AaABAg,"Mine have never gone out to vote, but I am mobilizing them for the next elections and we are all going for the Left!!! Apasiyev is king!",positive,positive,positive,positive,0.85,positive,0.95,5,positive,1,True,5,1.0,True,True,True,True,True,
UgyqH2a0pzWOkrM5zGd4AaABAg,He paves them. Well done,positive,positive,positive,positive,0.85,positive,0.95,5,positive,1,True,5,1.0,True,True,True,True,True,
UgxxtGA6NjrDIT8y_Cp4AaABAg,"They made a multi-cult state out of Macedonia, listen Macedonian people... Hard words but well done Professor D.Apasiev.",positive,positive,neutral,negative,0.8,positive,0.85,5,positive,3,False,3,0.6,True,True,False,False,True,"BERTweet, Gemma"
UgxcSYHHzDhxKCPOFUN4AaABAg,Master,positive,positive,neutral,neutral,0.72,positive,0.95,5,positive,2,False,3,0.6,True,True,False,False,True,"BERTweet, Gemma"
UgxAezZDKrejzBiIti54AaABAg,"A deep bow for a historic performance, Professor! an intellectual in the true sense, a patriot, a sage, a fighter for his nation. Congratulations, with great respect!!!",positive,positive,positive,positive,0.98,positive,0.98,5,positive,1,True,5,1.0,True,True,True,True,True,
UgzyODrh8dnZBrIal1l4AaABAg,Well done ❤ they are in their place,positive,positive,positive,positive,0.85,positive,0.95,5,positive,1,True,5,1.0,True,True,True,True,True,
UgwP3dMh44cfei8dxu54AaABAg,Well done,positive,positive,positive,positive,0.98,positive,0.95,5,positive,1,True,5,1.0,True,True,True,True,True,
UgwaT3qf2sQlhSBAmNh4AaABAg,And a hundred other things are needed! To vote for the LEFT. Amen PROFESSOR. 🙏,positive,positive,neutral,positive,0.85,positive,0.95,5,positive,2,False,4,0.8,True,True,False,True,True,BERTweet
UgwNEFp6E-H_g2Ym7qx4AaABAg,"Professor, I have nothing to say to you. If I were alive, even CICERON, the greatest orator, would be silent before these truths. I would even envy you for your oratory. I see you as a LEADER NOT OF A PARTY, A LEADER OF THE MACEDONIAN PEOPLE. LONG LIVE THE LEFT... WITH THE LEFT TO VICTORY✊️🇲🇰",negative,positive,negative,positive,0.85,positive,0.95,5,positive,2,False,3,0.6,False,True,False,True,True,"CardiffNLP, BERTweet"
UgwNEFp6E-H_g2Ym7qx4AaABAg.9saCUCibni59u8gjapTS8J,😂,neutral,positive,neutral,neutral,0.8,positive,0.95,5,neutral,2,False,3,0.6,True,False,True,True,False,"NLPTown, Llama"
Ugw5Klb6wgxn9f_L7Hd4AaABAg,"Well done master, that's how it should be",positive,positive,positive,positive,0.95,positive,0.95,5,positive,1,True,5,1.0,True,True,True,True,True,
Ugx81tYCEUh-vZF_qet4AaABAg,BRAVO SON ‼️ THAT'S HOW EVERYONE NEEDS A REAL SEPTIC TANK JUST FOR THERE AND NOTHING MORE ‼️✊🇲🇰🌞🍀👌❤️,positive,positive,positive,negative,0.8,positive,0.95,5,positive,2,False,4,0.8,True,True,True,False,True,Gemma
Ugx81tYCEUh-vZF_qet4AaABAg.9sa6FHAvYOM9saVQr0yQX2,❤❤❤❤❤❤❤❤❤❤❤,positive,positive,neutral,positive,0.98,positive,1.0,5,positive,2,False,4,0.8,True,True,False,True,True,BERTweet
Ugx81tYCEUh-vZF_qet4AaABAg.9sa6FHAvYOM9saWSxLsar-,❤❤❤❤❤❤❤❤❤❤❤❤❤❤❤❤❤❤❤,positive,positive,neutral,positive,0.98,positive,1.0,5,positive,2,False,4,0.8,True,True,False,True,True,BERTweet
Ugxr_VOawoOcQMFnc-t4AaABAg,"They are aware even without you telling them. But it's nice to repeat this. These speeches should be in the memory of the Macedonian people every day. It is a pity that there are still many undecided potential voters who live here and do not vote. And I didn't vote when I had to choose between the two evils, but now there is an alternative and I see no reason not to vote. I know many people who voted before, and now disillusioned they do not support anyone. When they could vote for DRPMNE or SDS several times, why not once try to support the Left.",negative,positive,neutral,neutral,0.68,positive,0.85,5,,3,False,0,0.0,False,False,False,False,False,
UgwY_2kEVkbaq6xY0dV4AaABAg,"God bless you, Mr. Apasiev, well done",positive,positive,positive,positive,0.98,positive,0.95,5,positive,1,True,5,1.0,True,True,True,True,True,
UgxdBd-NoLfjnScfOLN4AaABAg,You are king!,positive,positive,positive,positive,0.98,positive,0.95,5,positive,1,True,5,1.0,True,True,True,True,True,
UgzzfL1GLnmuj3Aa11B4AaABAg,BRAVO 👏,positive,positive,positive,positive,0.98,positive,0.95,5,positive,1,True,5,1.0,True,True,True,True,True,
Ugzz22YoRA8EUyk0B1x4AaABAg,Well done ❤,positive,positive,positive,positive,0.98,positive,0.95,5,positive,1,True,5,1.0,True,True,True,True,True,
Ugywz5Du7ch86X7yRIB4AaABAg,King!,positive,positive,positive,positive,0.95,positive,1.0,5,positive,1,True,5,1.0,True,True,True,True,True,
UgzpLN4zH7jX3wBTS8d4AaABAg,"Well done!!! Pissing! 👏👏👏 In the next elections, all the hundred left in Northern Zanistan are for the LEFT! If they do this with only 2 MPs, imagine with 10+ hundreds they will do 😎 MACEDONIA OF THE MACEDONIANS 💪💪💪",positive,negative,negative,positive,0.8947,positive,0.95,5,positive,2,False,3,0.6,True,False,False,True,True,"NLPTown, BERTweet"
UgzdDFSK-WVwygciJdh4AaABAg,Bravo Apasiev,positive,positive,positive,positive,0.95,positive,1.0,5,positive,1,True,5,1.0,True,True,True,True,True,
UgzdDFSK-WVwygciJdh4AaABAg.9sa92mJ3You9saViNIWzwv,❤❤❤❤❤❤❤❤❤❤❤❤❤❤❤❤❤,positive,positive,neutral,positive,0.98,positive,1.0,5,positive,2,False,4,0.8,True,True,False,True,True,BERTweet
UgzdDFSK-WVwygciJdh4AaABAg.9sa92mJ3You9saVt97r2M9,❤❤❤❤❤❤❤❤❤❤❤❤❤❤❤❤❤❤❤❤❤❤❤❤❤❤❤❤❤❤❤❤❤❤❤❤❤❤❤❤❤❤❤❤❤❤❤,positive,positive,neutral,positive,0.98,positive,1.0,5,positive,2,False,4,0.8,True,True,False,True,True,BERTweet
UgwojIlK6uSPkj1jOTh4AaABAg,"I'm even moving, I'll only vote for the Left, period!",neutral,negative,neutral,negative,0.8,negative,0.95,5,negative,2,False,3,0.6,False,True,False,True,True,"CardiffNLP, BERTweet"
UgwSN3nUXmQI8Sk6_mx4AaABAg,Well done,positive,positive,positive,positive,0.98,positive,0.95,5,positive,1,True,5,1.0,True,True,True,True,True,
UgwSN3nUXmQI8Sk6_mx4AaABAg.9saUq_PC28U9saW1QgSf24,❤❤❤❤❤❤❤❤❤❤❤❤❤❤❤❤,positive,positive,neutral,positive,0.98,positive,1.0,5,positive,2,False,4,0.8,True,True,False,True,True,BERTweet
UgwioEDkYIvcUpijab14AaABAg,BRAVO CARU... I listened to the 3 paths... everything was said in the right place... just go ahead... full support,positive,positive,positive,positive,0.85,positive,0.98,5,positive,1,True,5,1.0,True,True,True,True,True,
UgzR7JNoK62wycDEsed4AaABAg,said word for word every time ❤,positive,positive,neutral,positive,0.95,positive,0.95,5,positive,2,False,4,0.8,True,True,False,True,True,BERTweet
UgzR7JNoK62wycDEsed4AaABAg.9scQhx0TyrB9sk2loAw0n-,❤😮,positive,positive,neutral,positive,0.65,positive,0.95,5,positive,2,False,4,0.8,True,True,False,True,True,BERTweet
UgzqAMnUvt9EKxelSYl4AaABAg,Well done!,positive,positive,positive,positive,0.98,positive,0.95,5,positive,1,True,5,1.0,True,True,True,True,True,
UgzqAMnUvt9EKxelSYl4AaABAg.9saaP79M6gc9scGPOAqzFU,❤❤❤❤❤❤❤❤,positive,positive,neutral,positive,0.98,positive,1.0,5,positive,2,False,4,0.8,True,True,False,True,True,BERTweet
UgyFuDD0LQOZUzSkjVR4AaABAg,Church northerners.!. Macedonia of the Macedonians ❤,positive,positive,neutral,positive,0.85,positive,0.95,5,positive,2,False,4,0.8,True,True,False,True,True,BERTweet
UgxiAzxNUYOBNxtp4SB4AaABAg,Tsar..si.,neutral,neutral,neutral,negative,0.8,negative,0.95,5,neutral,2,False,3,0.6,True,True,True,False,False,"Gemma, Llama"
UgxiAzxNUYOBNxtp4SB4AaABAg.9saHW11qpZP9sbVsnGvWHl,❤❤❤❤❤❤❤❤❤❤❤,positive,positive,neutral,positive,0.98,positive,1.0,5,positive,2,False,4,0.8,True,True,False,True,True,BERTweet
UgxiAzxNUYOBNxtp4SB4AaABAg.9saHW11qpZP9t3XqoWFo0Y,❤,positive,positive,neutral,positive,0.98,positive,1.0,5,positive,2,False,4,0.8,True,True,False,True,True,BERTweet
UgwPPToZ3cVMf6DwqXt4AaABAg,Vote MACEDONIA! Vote for transparency!,neutral,positive,neutral,positive,0.85,positive,0.95,5,positive,2,False,3,0.6,False,True,False,True,True,"CardiffNLP, BERTweet"
UgybO56UsByxjphuFLd4AaABAg,👍👏👏,positive,positive,neutral,positive,0.98,positive,0.95,5,positive,2,False,4,0.8,True,True,False,True,True,BERTweet
UgxOlpq56_9KmR6Rsc14AaABAg,Chess Mat,neutral,positive,neutral,neutral,0.7,neutral,1.0,5,neutral,2,False,4,0.8,True,False,True,True,True,NLPTown
UgxOlpq56_9KmR6Rsc14AaABAg.9sa6yqprI_49u8i-P9Vh3n,❤,positive,positive,neutral,positive,0.98,positive,1.0,5,positive,2,False,4,0.8,True,True,False,True,True,BERTweet
UgyfYC3YMz80TeRyTuh4AaABAg,👏👏👏👏,positive,positive,neutral,positive,0.98,positive,0.95,5,positive,2,False,4,0.8,True,True,False,True,True,BERTweet
UgwUo5iwVVhY_Mx_GHJ4AaABAg,🔥🔥🔥🔥🔥🔥🔥👏👏👏👏🙏🙏🙏🙏,positive,positive,neutral,positive,0.98,positive,0.95,5,positive,2,False,4,0.8,True,True,False,True,True,BERTweet
UgwdUng8789m15WbPwd4AaABAg,Vote for President,neutral,positive,neutral,positive,0.98,neutral,1.0,5,neutral,2,False,3,0.6,True,False,True,False,True,"NLPTown, Gemma"
UgzqUSAExq2ZjKitwet4AaABAg,There was no MACEDONIAN speech like this at an assembly!!!,negative,negative,positive,negative,0.8,negative,0.95,5,negative,2,False,4,0.8,True,True,False,True,True,BERTweet
UgzN7Rs96me6SwOpjY54AaABAg,I can't understand how they want to change the constitution!,negative,negative,negative,negative,0.7,negative,0.9,5,negative,1,True,5,1.0,True,True,True,True,True,
UgzmnpjgQGvMORDLE8J4AaABAg,"It's not whether someone is LEFT or RIGHT, but let's widen our eyes and open our minds, because we are LOADED in the last WAGON of the train. There's a beer, hit and miss CHARACTERS and with a clear mind and thought to turn the WHEEL OF LIFE ❤",neutral,positive,neutral,negative,0.75,positive,0.85,5,,3,False,0,0.0,False,False,False,False,False,
UgzcWsPGmjZw_Yu24JN4AaABAg,If you are MACEDONIAN ??? Listen to this!!!!!,neutral,negative,positive,negative,0.8,negative,0.95,5,negative,3,False,3,0.6,False,True,False,True,True,"CardiffNLP, BERTweet"
UgwdpOy6rUWdrclpnyN4AaABAg,Rags!,negative,positive,neutral,negative,0.8,negative,1.0,5,negative,3,False,3,0.6,True,False,False,True,True,"NLPTown, BERTweet"
UgwXn5gn3wfBSuO3kX94AaABAg,You are our salvation,positive,positive,positive,positive,0.85,positive,0.95,5,positive,1,True,5,1.0,True,True,True,True,True,
UgxL2yv_J8N9Cclfced4AaABAg,"Everything is in place, professor, because there is no one who will understand you",neutral,positive,negative,negative,0.5,negative,0.95,5,negative,3,False,3,0.6,False,False,True,True,True,"CardiffNLP, NLPTown"
Ugxp2AJPBeNXyQctd5N4AaABAg,360 likes. What cans live in MKD is a miracle. Cans.,positive,positive,positive,negative,0.8,positive,0.95,5,positive,2,False,4,0.8,True,True,True,False,True,Gemma
UgycP7HjB__V_Apc5Ox4AaABAg,🇲🇰🪂,neutral,positive,neutral,neutral,0.73,neutral,1.0,5,neutral,2,False,4,0.8,True,False,True,True,True,NLPTown
Ugyu57BfSmDPBrEar2Z4AaABAg,"All of them are unrealized, it's not just Maricic...",negative,negative,neutral,negative,0.7,negative,0.95,5,negative,2,False,4,0.8,True,True,False,True,True,BERTweet
Ugzn_cxnztJh7xxhxC14AaABAg,Zaferi Nesa,neutral,negative,neutral,neutral,0.7,neutral,1.0,5,neutral,2,False,4,0.8,True,False,True,True,True,NLPTown
Ugxfa0VNDBDoFJLukA54AaABAg,"It's just a suggestion, it doesn't matter who makes it! 👇",neutral,positive,neutral,neutral,0.74,neutral,0.85,5,neutral,2,False,4,0.8,True,False,True,True,True,NLPTown
UgxvT2v_-TkrR_4yMjR4AaABAg,And so that (twice a deserter and once a terrorist) is coming from behind!!!,negative,positive,negative,negative,0.8,negative,1.0,5,negative,2,False,4,0.8,True,False,True,True,True,NLPTown
UgyA2VcBsmtqc99tFgd4AaABAg,Apasiev is a demagogue and primitive populist.,negative,negative,negative,negative,0.8,negative,1.0,5,negative,1,True,5,1.0,True,True,True,True,True,
UgyA2VcBsmtqc99tFgd4AaABAg.9sadaeFVb4w9sagU3VyU27,But he is smarter than you. 😂,positive,neutral,neutral,negative,0.8,positive,0.95,5,,3,False,0,0.0,False,False,False,False,False,
UgyA2VcBsmtqc99tFgd4AaABAg.9sadaeFVb4w9sahvzouES7,"To confirm what was said, you need to put him in power. After that, you will either be right, or you won't be right. But if you vote again like in the previous 30 years, then you should not bother with Apasiev, but with your own diagnosis....",negative,neutral,neutral,negative,0.75,negative,0.8,5,negative,2,False,3,0.6,True,False,False,True,True,"NLPTown, BERTweet"
UgyA2VcBsmtqc99tFgd4AaABAg.9sadaeFVb4w9saj2Xd7zna,<USER> . You don't have the intelligence to understand the man. The radar in your head is working so well.. you are not aware of how many thousands of leftist people are joining..,negative,positive,negative,negative,0.8,negative,0.95,5,negative,2,False,4,0.8,True,False,True,True,True,NLPTown
UgyA2VcBsmtqc99tFgd4AaABAg.9sadaeFVb4w9sb06FgzyTC,@draganmarkoski8069 Well done for the comment. I wanted to write the same to him but you overtook me2👏👏👏,positive,positive,positive,positive,0.85,positive,0.95,5,positive,1,True,5,1.0,True,True,True,True,True,
UgyA2VcBsmtqc99tFgd4AaABAg.9sadaeFVb4w9slclm1BKgG,@langgrot291And you are just a BOT,negative,negative,negative,negative,0.6,negative,0.95,5,negative,1,True,5,1.0,True,True,True,True,True,
UgyA2VcBsmtqc99tFgd4AaABAg.9sadaeFVb4w9t6AsD2Yqj6,I don't know if you have enough breadth of mind to grasp the full dimension of this nonsense you have written. Because this is no ordinary nonsense. This is King Kong bullshit.,negative,negative,negative,negative,0.8,negative,0.95,5,negative,1,True,5,1.0,True,True,True,True,True,
UgwSPYFodnWKCiQEeTF4AaABAg,"I'm not left-oriented, but I would certainly vote for Levica, purely because of this video and because this is the only source for Macedonians who care about everything in Macedonia.",positive,negative,positive,positive,0.82,positive,0.95,5,positive,2,False,4,0.8,True,False,True,True,True,NLPTown
Ugx8F-IQ_zHzELShTt54AaABAg,"RESPECT PROFESSOR, GO AHEAD",positive,positive,positive,neutral,0.78,positive,0.95,5,positive,2,False,4,0.8,True,True,True,False,True,Gemma
UgzxfGTpnp3Ijn096th4AaABAg,Bravo Apasiev,positive,positive,positive,positive,0.95,positive,1.0,5,positive,1,True,5,1.0,True,True,True,True,True,
Ugxli4_JChYS6D2tKzJ4AaABAg,Well done!,positive,positive,positive,positive,0.98,positive,0.95,5,positive,1,True,5,1.0,True,True,True,True,True,
Ugyb0Q6EVMYKETmm2LZ4AaABAg,Well done,positive,positive,positive,positive,0.98,positive,0.95,5,positive,1,True,5,1.0,True,True,True,True,True,
Ugyb0Q6EVMYKETmm2LZ4AaABAg.9saVT8UTrVo9sa_lU_Qk3r,❤❤❤❤❤❤❤❤❤,positive,positive,neutral,positive,0.98,positive,1.0,5,positive,2,False,4,0.8,True,True,False,True,True,BERTweet
Ugxsj83zPeoJ4jfA1-t4AaABAg,Well done,positive,positive,positive,positive,0.98,positive,0.95,5,positive,1,True,5,1.0,True,True,True,True,True,
Ugxsj83zPeoJ4jfA1-t4AaABAg.9sv88BX3wHg9szGGoy6PWu,❤,positive,positive,neutral,positive,0.98,positive,1.0,5,positive,2,False,4,0.8,True,True,False,True,True,BERTweet
UgyKaZKZnbJPsSlSlnV4AaABAg,Well done!,positive,positive,positive,positive,0.98,positive,0.95,5,positive,1,True,5,1.0,True,True,True,True,True,
UgyKaZKZnbJPsSlSlnV4AaABAg.9sam8fSog8m9tO1KGk6-Ex,❤❤❤❤❤❤❤❤❤❤❤❤❤❤❤❤❤❤❤❤❤❤❤❤❤❤❤❤,positive,positive,neutral,positive,0.98,positive,1.0,5,positive,2,False,4,0.8,True,True,False,True,True,BERTweet
Ugzu_ovbvHmBXf0b96Z4AaABAg,"First Greece did not brake, now Albania? 😐",negative,negative,negative,negative,0.7,negative,0.5,5,negative,1,True,5,1.0,True,True,True,True,True,
Ugzu_ovbvHmBXf0b96Z4AaABAg.8vl4gvbi9wh9APJotuC5H7,"As long as we have prostitutes in power, there will be many.",positive,positive,negative,negative,0.8,negative,0.95,5,negative,2,False,3,0.6,False,False,True,True,True,"CardiffNLP, NLPTown"
UgyRyGc3lpboEU5HpAt4AaABAg,Northern...communist goods...👎,negative,negative,neutral,negative,0.8,negative,1.0,5,negative,2,False,4,0.8,True,True,False,True,True,BERTweet
UgwB_r1ODWyI5XxbFb94AaABAg,ANY..........',neutral,negative,neutral,negative,0.7,neutral,1.0,5,neutral,2,False,3,0.6,True,False,True,False,True,"NLPTown, Gemma"
UgwXF0NI3i78QF4MrLp4AaABAg,from all Bulgarians Veto for the northern janissaries,neutral,negative,neutral,negative,0.8,negative,0.95,5,negative,2,False,3,0.6,False,True,False,True,True,"CardiffNLP, BERTweet"
UgwS08RR6RkN9QbWbex4AaABAg,Ashes for the Traitors. Macedonia of the Macedonians! The Northerners are ashes!,negative,negative,negative,negative,0.8,negative,1.0,5,negative,1,True,5,1.0,True,True,True,True,True,
Ugw2tf-dzkWHOyvs_8p4AaABAg,"As of today, you have gained another supporter of your country",positive,positive,positive,positive,0.85,positive,0.95,5,positive,1,True,5,1.0,True,True,True,True,True,
Ugy5Gek5KnVEFXZRLuZ4AaABAg,like who sees this in 2019 :D,positive,positive,neutral,positive,0.85,positive,0.95,5,positive,2,False,4,0.8,True,True,False,True,True,BERTweet
UgzE-NqqIksrh6u1tKl4AaABAg,I love you Mother Macedonia,positive,positive,positive,positive,0.98,positive,0.95,5,positive,1,True,5,1.0,True,True,True,True,True,
UgzIQqWVPJOVq0-Akjl4AaABAg,🔥🔥🔥🔥🔥,positive,positive,neutral,positive,0.98,positive,1.0,5,positive,2,False,4,0.8,True,True,False,True,True,BERTweet
UgyywgsaHYpiga740uV4AaABAg,VITAL !!!!!!!!!!!!!!!!!!!!,positive,positive,neutral,negative,0.8,positive,0.95,5,positive,3,False,3,0.6,True,True,False,False,True,"BERTweet, Gemma"
UgyjgX3BW5pyrvsNCVJ4AaABAg,Republic of Ancient Macedonia!,neutral,positive,neutral,positive,0.85,positive,0.95,5,positive,2,False,3,0.6,False,True,False,True,True,"CardiffNLP, BERTweet"
UgyrwYlCtLsj3KIDzWh4AaABAg,Macedonian is Greek <URL>,neutral,negative,neutral,negative,0.7,negative,0.95,5,negative,2,False,3,0.6,False,True,False,True,True,"CardiffNLP, BERTweet"
UgyM9-OAC-xJM0xYRwt4AaABAg,well done antonio you are king,positive,positive,positive,positive,0.98,positive,0.95,5,positive,1,True,5,1.0,True,True,True,True,True,
Ugy7CGIZIiZvEzz55tl4AaABAg,Bad for Macedonian propaganda. Bad for Vucic,negative,negative,negative,negative,0.8,negative,1.0,5,negative,1,True,5,1.0,True,True,True,True,True,
Ugzu2QVQKxLTJeduQwt4AaABAg,Congratulations on the green light😎😁,positive,positive,positive,positive,0.95,positive,0.95,5,positive,1,True,5,1.0,True,True,True,True,True,
UgzZbT89rJUVk8lnrF54AaABAg,"But those proposals are prepared by the EU, they are sent to the EU member country, that is, Bulgaria. The member country familiarizes itself with the proposal and tells the partners (EU Council) whether it accepts it or not. And if the EU member country (Bulgaria) accepts it, then a letter is sent to the candidate country (RSM). And in principle, the candidate members have no choice and accept the proposals whether they want to or not! And the proposals are, in fact, the conditions that the candidate member country should fulfill. This is how the negotiations are conducted. The negotiations themselves represent the conditions under which the negotiations are conducted and the clusters are opened and closed...",neutral,neutral,neutral,neutral,0.7,neutral,0.68,5,neutral,1,True,5,1.0,True,True,True,True,True,
UgyfeN3IDSHiJAdGEkt4AaABAg,"You always make drums after a wedding. That's why you brought us to this state. Hello, when will you come to your senses.",positive,positive,neutral,negative,0.8,negative,0.95,5,,3,False,0,0.0,False,False,False,False,False,
Ugx9eI0KXugt-xAxe7N4AaABAg,"I came to send you congratulations, and that's what work is for condolences!!!",positive,positive,positive,negative,0.8,positive,0.95,5,positive,2,False,4,0.8,True,True,True,False,True,Gemma
Ugx9eI0KXugt-xAxe7N4AaABAg.9cdbzylu_Rg9chdtwlLiSe,"how did you come, and you will go because there is no guest here and it is being chatted. Come on sixter",neutral,positive,neutral,negative,0.7,negative,0.95,5,,3,False,0,0.0,False,False,False,False,False,
Ugx2xwIyrCkoiaOe-Nd4AaABAg,"ES was even very soft and very good with you and let you see the suggestions and think about them. There was no such thing with the other darravas! They directly sent lists with the conditions that you MUST fire! Difficult, easy, even impossible, you have to burn them. Even one of the conditions, that is, even one of the sentences that are written on the list, if you don't fire, that's it, the negotiations are over. The EU expansion is happening and you are leaving it out…",negative,positive,neutral,negative,0.85,negative,0.95,5,negative,3,False,3,0.6,True,False,False,True,True,"NLPTown, BERTweet"
UgwIYIHqMOXcudTq6_14AaABAg,Welcome to GREAT BULGARIA 🇧🇬🇧🇬🇧🇬,positive,positive,positive,positive,0.95,positive,0.95,5,positive,1,True,5,1.0,True,True,True,True,True,
UgwIYIHqMOXcudTq6_14AaABAg.9ceeJsIDS759chdzyoRI5b,"Welcome to our place, brother, lead for two red ones ;)",positive,positive,positive,positive,0.85,positive,0.95,5,positive,1,True,5,1.0,True,True,True,True,True,
UgwIYIHqMOXcudTq6_14AaABAg.9ceeJsIDS759chiUkg9cJJ,"<USER> Ha,ha,ha Reborn, say something new!",neutral,positive,neutral,negative,0.8,negative,0.9,5,,3,False,0,0.0,False,False,False,False,False,
UgwIYIHqMOXcudTq6_14AaABAg.9ceeJsIDS759chioNIK_tg,"<USER> why was this also new, don't be angry 😀😉",negative,positive,neutral,positive,0.85,negative,0.55,5,,3,False,0,0.0,False,False,False,False,False,
UgwIYIHqMOXcudTq6_14AaABAg.9ceeJsIDS759chj1HtO5hw,"<USER> don't let the truth hurt you, as you say, only you are telling the truth and others are reborn and brainwashed",negative,negative,neutral,negative,0.75,negative,0.95,5,negative,2,False,4,0.8,True,True,False,True,True,BERTweet
UgwIYIHqMOXcudTq6_14AaABAg.9ceeJsIDS759chjczeJicS,"<USER> I never get angry with Otroden Blgarin, I just feel sorry for him.",negative,negative,negative,positive,0.85,negative,0.95,5,negative,2,False,4,0.8,True,True,True,False,True,Gemma
UgwIYIHqMOXcudTq6_14AaABAg.9ceeJsIDS759chjpWp7VKa,"<USER> Not others, only you! <URL>",neutral,negative,neutral,negative,0.8,negative,0.9,5,negative,2,False,3,0.6,False,True,False,True,True,"CardiffNLP, BERTweet"
UgwIYIHqMOXcudTq6_14AaABAg.9ceeJsIDS759chlNLexMcD,<USER> Please don't xD,neutral,negative,neutral,neutral,0.85,negative,0.9,5,neutral,2,False,3,0.6,True,False,True,True,False,"NLPTown, Llama"
UgwIYIHqMOXcudTq6_14AaABAg.9ceeJsIDS759chlR_Jedo7,<USER> I am MACEDONIAN,neutral,negative,neutral,neutral,0.73,positive,0.95,5,neutral,3,False,3,0.6,True,False,True,True,False,"NLPTown, Llama"
UgwIYIHqMOXcudTq6_14AaABAg.9ceeJsIDS759chmJXb2fVr,<USER> Ancient or from 1945?,neutral,neutral,neutral,neutral,0.85,negative,0.9,5,neutral,2,False,4,0.8,True,True,True,True,False,Llama
UgxLj8y5nr9ENnFDTF14AaABAg,The name Macedonia back,neutral,negative,neutral,negative,0.72,neutral,1.0,5,neutral,2,False,3,0.6,True,False,True,False,True,"NLPTown, Gemma"
UgxLj8y5nr9ENnFDTF14AaABAg.9cdjlQ30-yU9che7fumVhS,The name Macedonia is holy,positive,positive,positive,negative,0.7,positive,0.95,5,positive,2,False,4,0.8,True,True,True,False,True,Gemma
UgxLj8y5nr9ENnFDTF14AaABAg.9cdjlQ30-yU9chiKittXJw,<USER> Macedonia only as a geographical term!,neutral,negative,neutral,neutral,0.7,neutral,1.0,5,neutral,2,False,4,0.8,True,False,True,True,True,NLPTown
UgxLj8y5nr9ENnFDTF14AaABAg.9cdjlQ30-yU9chj93ynfil,"<USER> first learn to write literary Macedonian language, then comment and say your opinion, there you go.",neutral,negative,neutral,negative,0.8,negative,0.95,5,negative,2,False,3,0.6,False,True,False,True,True,"CardiffNLP, BERTweet"
UgxYLU6DnjpwV_ZkvOx4AaABAg,"If things change in the EU for what Funder Leino is proposing, one side can't dictate what you have to wait 🤣 because in order to vote for this in the EU, you need to vote unanimously 🤣 and we are against it and not only us. 🇧🇬🇧🇬🇧🇬",negative,negative,neutral,negative,0.55,negative,0.95,5,negative,2,False,4,0.8,True,True,False,True,True,BERTweet
UgxYLU6DnjpwV_ZkvOx4AaABAg.9ceg_6DlyVC9chdwL2GXRR,.l.,neutral,neutral,neutral,neutral,0.85,neutral,1.0,5,neutral,1,True,5,1.0,True,True,True,True,True,
Ugz9FaiVMeQi5NitDPl4AaABAg,💼 5000💣,neutral,positive,neutral,negative,0.85,negative,1.0,5,,3,False,0,0.0,False,False,False,False,False,
UgzDz3LUKlTud1rlTSl4AaABAg,😅,neutral,positive,neutral,neutral,0.74,neutral,0.85,5,neutral,2,False,4,0.8,True,False,True,True,True,NLPTown
UgwGuqeWjK2muqaX8lB4AaABAg,M. Knin,neutral,neutral,neutral,neutral,0.73,neutral,1.0,5,neutral,1,True,5,1.0,True,True,True,True,True,
UgwqiKECpp1q-pfg6d14AaABAg,"North Macedonia - the only country, blocked for the EU by three different countries (Garcia, France, Bulgaria).",negative,negative,neutral,negative,0.8,negative,0.9,5,negative,2,False,4,0.8,True,True,False,True,True,BERTweet
UgwqiKECpp1q-pfg6d14AaABAg.9cdmkskRnkG9d0s8Vit4VY,"Hello, Euro, we live better than all of you if we were in the EU, we were in the EU 30 years ago, this fragile EU.",negative,negative,positive,negative,0.8,negative,0.95,5,negative,2,False,4,0.8,True,True,False,True,True,BERTweet
UgwPg4bGMWBbhLL-a2B4AaABAg,This one from SDSM is lying!!!,negative,negative,neutral,negative,0.8,negative,1.0,5,negative,2,False,4,0.8,True,True,False,True,True,BERTweet
UgwPg4bGMWBbhLL-a2B4AaABAg.9cdHXMBh45A9cdWNz-woiE,When are these from SDS not creeping?,negative,negative,negative,negative,0.7,negative,0.9,5,negative,1,True,5,1.0,True,True,True,True,True,
UgwPg4bGMWBbhLL-a2B4AaABAg.9cdHXMBh45A9cecYn1GIKr,those ancient ones from DPMN-Valevo are not lying 😆😂🤣,neutral,negative,neutral,positive,0.95,negative,0.95,5,,3,False,0,0.0,False,False,False,False,False,
UgyHrd0CUW18gsw7gul4AaABAg,Well done DPMNE!!!,positive,positive,positive,positive,0.98,positive,0.95,5,positive,1,True,5,1.0,True,True,True,True,True,
UgyTgzcUNOm-8LEzmxJ4AaABAg,"this is us, this is the Macedonian people",neutral,positive,neutral,neutral,0.7,positive,0.95,5,neutral,2,False,3,0.6,True,False,True,True,False,"NLPTown, Llama"
UgwJs2gyrSOk0k3FJ2J4AaABAg,"Long live Macedonia and the Macedonian people, smart for traitors.",negative,positive,positive,negative,0.8,negative,0.95,5,negative,2,False,3,0.6,True,False,False,True,True,"NLPTown, BERTweet"
UgzDsm0wiTuTs8MvZZ54AaABAg,👹,neutral,positive,neutral,negative,0.8,negative,1.0,5,,3,False,0,0.0,False,False,False,False,False,
UgxGlAoWcU_bVe_RKM94AaABAg,What a pity you North Macedonians are,negative,negative,negative,negative,0.8,negative,1.0,5,negative,1,True,5,1.0,True,True,True,True,True,
UgxGlAoWcU_bVe_RKM94AaABAg.8q2d7eRfROy8q9nUNFQIiR,"You better shut up, because you have no idea what is waiting for you together with the traitors, sons of freaks, they sold you for money! Your hatred will not stop you! Macedonia is my love!",negative,positive,negative,negative,0.8,negative,0.95,5,negative,2,False,4,0.8,True,False,True,True,True,NLPTown
Ugyy0zagXOD58XggJ9B4AaABAg,The woman said that they are alive and well.,positive,positive,positive,neutral,0.7,neutral,1.0,5,positive,2,False,3,0.6,True,True,True,False,False,"Gemma, Llama"
Ugz86yVc9LnGX4O63Ip4AaABAg,"...""MEDRANO""...circus....👎",negative,positive,neutral,negative,0.8,negative,0.95,5,negative,3,False,3,0.6,True,False,False,True,True,"NLPTown, BERTweet"
UgxmdkyDR1cg-Q8Du4t4AaABAg,Hall after hall will enter the EU,neutral,neutral,neutral,neutral,0.7,negative,0.9,5,neutral,2,False,4,0.8,True,True,True,True,False,Llama
UgxmdkyDR1cg-Q8Du4t4AaABAg.8wCdh7JB6zT9APJa_OShUZ,Just let it be deeper for them😂,neutral,neutral,neutral,negative,0.7,negative,0.95,5,neutral,2,False,3,0.6,True,True,True,False,False,"Gemma, Llama"
Ugwq4LzQpQSU0Jj39m54AaABAg,the body is more corrupt than before,negative,negative,negative,negative,0.7,negative,0.95,5,negative,1,True,5,1.0,True,True,True,True,True,
UgyDOC1PYlX66A64v9J4AaABAg,"That filth has something wrong with her head!!!!! He waves his hands like a ""Fan"" and rolls his eyes",negative,negative,negative,negative,0.8,negative,0.95,5,negative,1,True,5,1.0,True,True,True,True,True,
UgwwEV6nT62AaQU02Ch4AaABAg,"Macedonians love PUTIN the most, WE ARE WAITING FOR RUSSIA TO HELP MACEDONIA",positive,positive,neutral,negative,0.8,positive,0.95,5,positive,3,False,3,0.6,True,True,False,False,True,"BERTweet, Gemma"
UgxF7mXRTyHW1LfxSfF4AaABAg,"You will be looking for Russia, but it will be too late, remember.",neutral,neutral,negative,negative,0.8,negative,0.95,5,negative,2,False,3,0.6,False,False,True,True,True,"CardiffNLP, NLPTown"
UgznYwwikPFgSO09wxh4AaABAg,I can't wait for Amar to be prime minister,positive,negative,positive,positive,0.85,positive,0.95,5,positive,2,False,4,0.8,True,False,True,True,True,NLPTown
Ugy84muGASJSCQ-dJeB4AaABAg,"You are all dedicated to everyone, you are acting as a bigger circus performer than you, you are all for zaleyna",positive,positive,positive,negative,0.5,negative,0.95,5,positive,2,False,3,0.6,True,True,True,False,False,"Gemma, Llama"
UgxIStzpIpF3IdYra6R4AaABAg,"The Bulgarian president was very clear when asked. ""Revocation of the veto does not depend on the time, but on the results"" Bulgaria stated why this veto is and what Sev should do. Macedonia to fall. Everything depends on North Macedonia, we want nothing more than the truth. We don't want to make anyone Bulgarian, but we want Bulgarians from the past, born-agains, kings, dukes, revolutionaries, etc. to remain Bulgarians. If someone in North Macedonia thinks that we will give up our own history, so that someone can create a fake identity, they are seriously lying, this will never happen. Every Bulgarian politician has allowed himself to commit such a betrayal of Bulgaria, that the people have been swept away.",neutral,negative,neutral,negative,0.8,negative,0.92,5,negative,2,False,3,0.6,False,True,False,True,True,"CardiffNLP, BERTweet"
UgxAFq1yqJ9oRSJT9XB4AaABAg,👏👏👏,positive,positive,neutral,positive,0.98,positive,0.99,5,positive,2,False,4,0.8,True,True,False,True,True,BERTweet
Ugz_Qvs9sf7-3Apo4z14AaABAg,thnks 🍻,positive,positive,neutral,positive,0.95,positive,0.95,5,positive,2,False,4,0.8,True,True,False,True,True,BERTweet
Ugx_G7QeUTiKjASAQSt4AaABAg,"Gemidzia, let's invest something small in oil, isn't it smart?",positive,neutral,neutral,positive,0.85,positive,0.95,5,positive,2,False,3,0.6,True,False,False,True,True,"NLPTown, BERTweet"
Ugx_G7QeUTiKjASAQSt4AaABAg.AJakXKIFbzHAK1RFDAJ7wC,"In retrospect ... what we were saying, how quickly it started can end quickly - that's why we don't risk exiting positions and investing in risky positions like oil",neutral,neutral,neutral,negative,0.8,negative,0.55,5,neutral,2,False,3,0.6,True,True,True,False,False,"Gemma, Llama"
UgwOUcyFbWqY3KESI2R4AaABAg,"North Macedonian is a dialect of the Bulgarian language, it's so easy to understand = North Macedonian is a dialect of the Bulgarian language, it's so easy to understand.",positive,positive,positive,negative,0.5,positive,0.95,5,positive,2,False,4,0.8,True,True,True,False,True,Gemma
Ugzt4LeY-0H_l-ZxUWp4AaABAg,That's right!,positive,neutral,positive,positive,0.95,positive,0.95,5,positive,2,False,4,0.8,True,False,True,True,True,NLPTown
Ugzxuh6L-MsypEJ5rY94AaABAg,You have a huge support,positive,positive,positive,positive,0.85,positive,0.95,5,positive,1,True,5,1.0,True,True,True,True,True,
UgwJCR5HJ0u18L22FRF4AaABAg,Amen,positive,positive,positive,positive,0.95,positive,0.95,5,positive,1,True,5,1.0,True,True,True,True,True,
UgxBeGueO-GgK18eadp4AaABAg,"Well done Apasiev! As always, now every word of yours is on point. You have the support of the people, which is growing every day.",positive,positive,positive,positive,0.85,positive,0.95,5,positive,1,True,5,1.0,True,True,True,True,True,
Ugyy3OtAqR6r08FUDH14AaABAg,"Long live the Left, Apasiev",negative,positive,positive,positive,0.85,positive,0.95,5,positive,2,False,4,0.8,False,True,True,True,True,CardiffNLP
UgzQhUSgO2WyhA0taqZ4AaABAg,Macedonia should be baptized the VETO REPUBLIC,positive,negative,neutral,negative,0.7,negative,0.95,5,negative,3,False,3,0.6,False,True,False,True,True,"CardiffNLP, BERTweet"
UgxXhfBNbWU-TAepRrh4AaABAg,Greetings to the left and the resolution that was accepted by Macedonia together ☀️☀️☀️ the sun will shine forever greetings Bitola,positive,positive,positive,positive,0.85,positive,0.95,5,positive,1,True,5,1.0,True,True,True,True,True,
Ugzz4e7TZuDIJlN7N6Z4AaABAg,Zaev said that language and identity will not be negotiated,negative,negative,neutral,negative,0.8,positive,0.95,5,negative,3,False,3,0.6,True,True,False,True,False,"BERTweet, Llama"
Ugzz4e7TZuDIJlN7N6Z4AaABAg.9QWIIwf1FfM9R4m3NuIvq2,"Zaev will destroy Macedonia. At his pace, an Albanian will be a precedent in any case, if only to get votes",negative,positive,negative,negative,0.8,negative,0.95,5,negative,2,False,4,0.8,True,False,True,True,True,NLPTown
UgyfbYXbRlC_8qqOAcl4AaABAg,"Well done, Professor Apasiev, well, you say that Pirin is among the Bulgarians.",positive,positive,positive,positive,0.85,positive,0.95,5,positive,1,True,5,1.0,True,True,True,True,True,
UgyfbYXbRlC_8qqOAcl4AaABAg.9QPqWVtPSLc9T81h-uNeox,"There are NO Macedonians! There are TITO Macedonians, after the new NORTH MACEDONIANS.",negative,negative,negative,negative,0.8,negative,0.95,5,negative,1,True,5,1.0,True,True,True,True,True,
UgxSGyksrN7o5b3zL4R4AaABAg,"There was no way that the worms wouldn't block us, hahaha, Friday's work",positive,negative,neutral,negative,0.8,positive,0.95,5,,3,False,0,0.0,False,False,False,False,False,
UgxSGyksrN7o5b3zL4R4AaABAg.9QPfiSNemaH9QUnx50Z_TZ,"That ""five-legged thing"", the five-legged one, we will dream about - who knows!!!! SF/SN",positive,positive,neutral,negative,0.7,negative,0.95,5,,3,False,0,0.0,False,False,False,False,False,
UgxSGyksrN7o5b3zL4R4AaABAg.9QPfiSNemaH9QXFHcUs9ox,<USER> he who dreams of five legs for Macedonia may not wake up from his dream.,negative,neutral,neutral,negative,0.8,negative,0.95,5,negative,2,False,3,0.6,True,False,False,True,True,"NLPTown, BERTweet"
UgxBiG9FIQvr47BJcYR4AaABAg,"Once again, we must make it clear that no one in Bulgaria has ever challenged the right of people in North Macedonia to call themselves what they want and, accordingly, to identify their language in the same way. However, the right to self-determination belongs to the living. No one gives them the right to change the declared identity of the dead, who for twelve centuries have been defined as Bulgarians: The Bitola plate of Tsar John Vladislav from 1015, exhibited in the Bitola museum, in which the grandson of Samuil is called ""Bulgarian autocrat"" and ""Bulgarian born"", who rebuilt the Bitola fortress ""for refuge and salvation and for the life of the Bulgarians"". <URL> Another indisputable fact is the existing request of Nikola Delchev, Gotse Delchev's father, to the National Assembly of Bulgaria (24.06.1914) for granting a pension: <URL> Or a letter from Gotse Delchev to Nikola Maleshevski (5/1/1899), written in literary Bulgarian language: ""It is unfortunate, but what should we do when we are Bulgarians and we all suffer from the same disease!"" (<URL> Here you can see the ethnic composition of the population can be easily seen in Turkish tax collection registers. <URL> <URL>",negative,positive,neutral,negative,0.5,negative,0.95,5,negative,3,False,3,0.6,True,False,False,True,True,"NLPTown, BERTweet"
UgxBiG9FIQvr47BJcYR4AaABAg.9QPy_vxLuRV9QQ3i7NQo9K,"Your brother is sick. You have commented on every video that is in the Macedonian language with the same or similar message. Do you even have a life? Get out, see the real world.",negative,negative,negative,negative,0.8,negative,0.95,5,negative,1,True,5,1.0,True,True,True,True,True,
UgxBiG9FIQvr47BJcYR4AaABAg.9QPy_vxLuRV9T9CSfNUJiL,"<USER> User If you had read more, you would have known that of the 200 thousand inhabitants of the Byzantine territory of today's North Macedonia (in the seventh century), 70 thousand (more than one third) were Kuber's Bulgarians. You can read it here: ""Medieval cities and fortresses in Macedonia"", Ivan Mikulčić - III. 2. Restoration of Byzantine rule in Macedonia (since YouTube is deleting the link, type the title in the search engine). After you read it, think about whether you are not 1/3 Proto-Bulgarian and two-thirds pure Bulgarian (if you like more Mongol-Tatar, fine). Boo-ha-ha! That is why historical sources should be read, not modern interpretations of Serbian chauvinists.",neutral,neutral,neutral,negative,0.8,negative,0.95,5,neutral,2,False,3,0.6,True,True,True,False,False,"Gemma, Llama"
UgyQJNrTUWFDlY2Wyxh4AaABAg,"I can't wait to win the elections, professor",positive,positive,positive,positive,0.95,positive,0.95,5,positive,1,True,5,1.0,True,True,True,True,True,
UgwPatIJmS8lDOaWont4AaABAg,EXACTLY.,neutral,positive,neutral,neutral,0.74,negative,0.95,5,neutral,3,False,3,0.6,True,False,True,True,False,"NLPTown, Llama"
Ugwb4VJbtWfvV8ByPBN4AaABAg,RECOGNITION NEW FOR THE MACEDONIANS OF BULGARIA !!!!!!!!,neutral,positive,neutral,negative,0.8,positive,0.95,5,,3,False,0,0.0,False,False,False,False,False,
UgxHYWi4l8IP2NbF62p4AaABAg,"In his time, Churchill stated, among other things, that Bulgaria and Greece will not allow an independent state. Time will tell how right he was.",negative,positive,neutral,neutral,0.7,neutral,0.85,5,neutral,3,False,3,0.6,False,False,True,True,True,"CardiffNLP, NLPTown"
UgxHYWi4l8IP2NbF62p4AaABAg.9QVn2HDhDhH9T81dQ_qdwi,"There are NO Macedonians! There are TITO Macedonians, after the new NORTH MACEDONIANS.",negative,negative,negative,negative,0.8,negative,0.95,5,negative,1,True,5,1.0,True,True,True,True,True,
Ugx4EjrXmw11Viq350x4AaABAg,"There are NO Macedonians! There are TITO Macedonians, after the new NORTH MACEDONIANS.",negative,negative,negative,negative,0.8,negative,0.95,5,negative,1,True,5,1.0,True,True,True,True,True,
Ugx4EjrXmw11Viq350x4AaABAg.9QP5EpxFEbL9QQKkNjDftY,Eat poop,neutral,positive,negative,negative,0.8,negative,1.0,5,negative,3,False,3,0.6,False,False,True,True,True,"CardiffNLP, NLPTown"
UgzrmAhxeAe4jU5kOvp4AaABAg,"interesting, for me Prof. Apasiev is the Macedonian Seselj, we know how Seselj fought with the Hague tribunal in a personal and in a posture of justice. a little strange parallel, both are well ""shod"" and excessively vulgar, mozebi and that turns on",negative,neutral,neutral,negative,0.6,negative,0.95,5,negative,2,False,3,0.6,True,False,False,True,True,"NLPTown, BERTweet"
UgzrmAhxeAe4jU5kOvp4AaABAg.9QQXSxIMvJe9QRN-1e1Du2,"Why is Apasiev excessively vulgar? you compare it with the raw material Seselj !!!??? the only thing that makes Apasiev stand out is that he tells the truth directly to your face, without putting on rose-colored glasses, and it seems that you are not used to someone telling you the truth, it's even worse that for 30 years they from SDSM and DPMNE keep telling you that we haven't entered the EU, that we are the best, blah-blah-blah!",negative,negative,neutral,negative,0.8,negative,0.92,5,negative,2,False,4,0.8,True,True,False,True,True,BERTweet
UgyzygK3NBezxWF9QtZ4AaABAg,There is no Albania promised to visit us!!!!!!!!!!,negative,negative,negative,negative,0.8,negative,1.0,5,negative,1,True,5,1.0,True,True,True,True,True,
UgyzygK3NBezxWF9QtZ4AaABAg.9QNzwn-7X6B9QWGGY7rodY,Ziezi The First We'll see,neutral,positive,neutral,negative,0.7,neutral,0.85,5,neutral,3,False,3,0.6,True,False,True,False,True,"NLPTown, Gemma"
UgyzygK3NBezxWF9QtZ4AaABAg.9QNzwn-7X6B9QWGHVNyDza,Love Truth I wouldn't say,neutral,positive,positive,neutral,0.65,neutral,0.85,5,neutral,2,False,3,0.6,True,False,False,True,True,"NLPTown, BERTweet"
UgyzygK3NBezxWF9QtZ4AaABAg.9QNzwn-7X6B9QWGwgwmI5r,Ziezi The First Tatar tribe want to steal history from other states,negative,negative,negative,negative,0.8,negative,0.95,5,negative,1,True,5,1.0,True,True,True,True,True,
UgyzygK3NBezxWF9QtZ4AaABAg.9QNzwn-7X6B9QWH-RY5ohb,"Love Truth, it's not the North, it's Macedonia, if you don't like Macedonia, go somewhere else, get one",negative,positive,positive,negative,0.7,negative,0.95,5,negative,2,False,3,0.6,True,False,False,True,True,"NLPTown, BERTweet"
UgyzygK3NBezxWF9QtZ4AaABAg.9QNzwn-7X6B9QWIz1GgiRy,Ziezi The First will shoot you when the Apaches come to power,neutral,positive,negative,negative,0.8,negative,1.0,5,negative,3,False,3,0.6,False,False,True,True,True,"CardiffNLP, NLPTown"
UgyzygK3NBezxWF9QtZ4AaABAg.9QNzwn-7X6B9QWWcyt2-Af,Ziezi The First You will burn when the Russian fleet will shoot at you,negative,positive,negative,negative,0.8,negative,1.0,5,negative,2,False,4,0.8,True,False,True,True,True,NLPTown
UgxbkAI3kL-JFBr86gd4AaABAg,"Serbia does not recognize our church, so yes, if it enters the EU before us, it will give us a veto and it will enter, so get ready, rabbit and company hehe.....",negative,negative,neutral,negative,0.8,negative,0.95,5,negative,2,False,4,0.8,True,True,False,True,True,BERTweet
UgxbkAI3kL-JFBr86gd4AaABAg.9QOIqQ5Ciff9QPsb4SDyRq,"Vucic won't recognize Kosovo. Eid Rama made him talk to him, he said I won't talk, he won't recognize Kosovo, we won't negotiate with him. He won't go there anymore. He's good.",negative,negative,neutral,negative,0.75,positive,0.85,5,negative,3,False,3,0.6,True,True,False,True,False,"BERTweet, Llama"
UgxjJ8VAa4Wvhh8vR9t4AaABAg,"They will sign that we are Bulgarians and that's it. Realistically, the longer they are in power, the more they will whistle us through similar agreements like the Prespa one. On the other hand, they have built such businesses that Bezos would envy. From the legalization of cannabis oil, to the abnormal increase in product prices. Foreign investments are popping up everywhere, and it is known where the money is going. It is being built as if we were the Middle East, building at every step. Utilities are too expensive, fuels are only getting more expensive, and everything else is falling into place. We are just looking to escape from the country, and in reality there are not many reasons to stay.",negative,negative,neutral,negative,0.5,negative,0.83,5,negative,2,False,4,0.8,True,True,False,True,True,BERTweet
UgxjJ8VAa4Wvhh8vR9t4AaABAg.9QOHFGgC4Gv9QOYzO5LDs0,"Love Truth They move friend and how. I also lived outside the country for several years and I would go abroad again, if nothing changes. Only the Left can change things in the country, and that is why I am very optimistic. We live in a society where educated and smart people sit at home and mommy and daddy's boys run businesses. In a country where crime flourishes and no one bothers with it.",positive,positive,positive,positive,0.78,positive,0.85,5,positive,1,True,5,1.0,True,True,True,True,True,
UgxjJ8VAa4Wvhh8vR9t4AaABAg.9QOHFGgC4Gv9QOf1YT7fCM,<USER> Everything will be sorted out as soon as Tagliatche and Zajche end up in Shutka for broadcasting and crime. Such Apaches are rarely born.,negative,negative,neutral,negative,0.8,negative,0.95,5,negative,2,False,4,0.8,True,True,False,True,True,BERTweet
UgxjJ8VAa4Wvhh8vR9t4AaABAg.9QOHFGgC4Gv9QOfJUR2zYK,"Love Truth Yes, I agree with you. You allude to unskilled labor. However, this does not apply only to minorities, because there are also many people here who want to leave but cannot for similar reasons. The fact is that in the last 2 decades, many people have moved out of the country, not only young people, but also entire families.",negative,positive,neutral,positive,0.78,neutral,0.48,5,,3,False,0,0.0,False,False,False,False,False,
UgxjJ8VAa4Wvhh8vR9t4AaABAg.9QOHFGgC4Gv9QOfb7fDvvH,"<USER> It's good if it's just them. If they could arrest that many people, the Left would have grounds to arrest 10 times as many people.",positive,neutral,neutral,negative,0.75,positive,0.85,5,,3,False,0,0.0,False,False,False,False,False,
UgxjJ8VAa4Wvhh8vR9t4AaABAg.9QOHFGgC4Gv9QY18zh-h1q,"Ziezi The First Ami Bulgarians are gypsies, and we are not gypsies.",neutral,negative,neutral,negative,0.8,negative,1.0,5,negative,2,False,3,0.6,False,True,False,True,True,"CardiffNLP, BERTweet"
Ugwa-NXnKOZrg-zz_LN4AaABAg,"Mr. Apasiev, come to Pirinsko and find at least one ""ethnic Macedonian""... Not a minority, at least one! And what are you talking about a possible VETO from Albania, when it will forever be in the EU, there will be no veto, why will you forever be part of the entire Albania in the EU... You are not ashamed! Mother traitors!",negative,negative,negative,negative,0.8,negative,0.95,5,negative,1,True,5,1.0,True,True,True,True,True,
Ugwa-NXnKOZrg-zz_LN4AaABAg.9QScJfhmjFT9QSgrbzyuQa,"You really only need one, so there is a whole organization called OMO ILINDEN from Pirin Macedonia. I don't think I need to explain the meaning of the second letter ""M"".",neutral,negative,neutral,neutral,0.78,negative,0.95,5,neutral,2,False,3,0.6,True,False,True,True,False,"NLPTown, Llama"
Ugwa-NXnKOZrg-zz_LN4AaABAg.9QScJfhmjFT9QSjhIifw1o,"<USER>-bm3px They are psychiatric cases, which have been documented for a long time. There are 8 (eight) in number, one May died, may God forgive him, but there are still 7 (seven)...",negative,positive,negative,negative,0.8,negative,0.95,5,negative,2,False,4,0.8,True,False,True,True,True,NLPTown
Ugwa-NXnKOZrg-zz_LN4AaABAg.9QScJfhmjFT9QSlODP3mCr,<USER> so you know how to count?... Cheers. So don't you need at least one ethnic Macedonian from Pirin?,neutral,negative,neutral,negative,0.8,negative,0.8,5,negative,2,False,3,0.6,False,True,False,True,True,"CardiffNLP, BERTweet"
Ugwa-NXnKOZrg-zz_LN4AaABAg.9QScJfhmjFT9QTHj18ad_c,"<USER>-bm3px No. I don't need it. Why have I never heard of such a thing... And you, Cole, what alphabet do you use, why don't I understand...",negative,negative,negative,negative,0.8,negative,0.95,5,negative,1,True,5,1.0,True,True,True,True,True,
Ugwa-NXnKOZrg-zz_LN4AaABAg.9QScJfhmjFT9QTe2ff2f2w,"<USER> lol,... well, you are really illiterate when someone has to tell you that the alphabet is in Latin.",negative,negative,negative,negative,0.8,negative,0.95,5,negative,1,True,5,1.0,True,True,True,True,True,
Ugwa-NXnKOZrg-zz_LN4AaABAg.9QScJfhmjFT9QXdbK32UmW,"<USER>-bm3px .... do you know, what is this - ""sarcasm"" ..... ?",neutral,negative,negative,neutral,0.7,neutral,0.98,5,neutral,2,False,3,0.6,True,False,False,True,True,"NLPTown, BERTweet"
Ugwa-NXnKOZrg-zz_LN4AaABAg.9QScJfhmjFT9QXe4aAu5JS,<USER> what or what kind? ... You're dead there in Bulgaria.,negative,negative,negative,negative,0.8,negative,0.95,5,negative,1,True,5,1.0,True,True,True,True,True,
Ugwa-NXnKOZrg-zz_LN4AaABAg.9QScJfhmjFT9QXjthWK6pb,"<USER>-bm3px ... firstly, I'm not alone in Bulgaria ... secondly, you really don't know what ""sarcasm"" is - of course he knows that it's Latin .... he just made a ""joke"" with you - that's what ""sarcasm"" means - to make fun of someone .... .... who is ""illiterate"" now .... ? .... in BG and children know what ""sarcasm"" means ... ... Good day ...",negative,negative,negative,negative,0.8,negative,0.92,5,negative,1,True,5,1.0,True,True,True,True,True,
Ugwa-NXnKOZrg-zz_LN4AaABAg.9QScJfhmjFT9QalOQ8osBC,"<USER> hey Annj, do you also need to change your mind, this is for you too.... bujrum. Oh, tell me something about the Latin language you know. 😂 ... with sarcasm if you can, because you're blackmailing like your predecessor... And good luck.",negative,negative,negative,negative,0.8,negative,0.85,5,negative,1,True,5,1.0,True,True,True,True,True,
Ugwa-NXnKOZrg-zz_LN4AaABAg.9QScJfhmjFT9QamBNpHL0s,<USER>-bm3px ... why don't you open a beer and play a sports channel ... writing is not for you ... .... All the best ...,negative,positive,negative,negative,0.7,negative,0.95,5,negative,2,False,4,0.8,True,False,True,True,True,NLPTown
Ugwa-NXnKOZrg-zz_LN4AaABAg.9QScJfhmjFT9QyS8TkiKN5,"<USER> abe sixter, where did you come from? What connection do you have with us Macedonians?",neutral,negative,neutral,negative,0.85,neutral,0.85,5,neutral,2,False,3,0.6,True,False,True,False,True,"NLPTown, Gemma"
Ugwa-NXnKOZrg-zz_LN4AaABAg.9QScJfhmjFT9R-TxWQV3OJ,"<USER>-bm3px Because of people with such simple manners, like yours ... RSM will almost never enter the EU .... .... Don't you remember, what is my/our ""connection"" with the ""Macedonians"" ..... ? ... public ""thinking"" is not an activity suitable for you ... but what did it help you then .... It depends on BG, when the preliminary negotiations for the joining of the RSM to ES have started ...",negative,negative,negative,negative,0.8,negative,0.94,5,negative,1,True,5,1.0,True,True,True,True,True,
Ugwa-NXnKOZrg-zz_LN4AaABAg.9QScJfhmjFT9R0BlwRwSNM,"<USER> ugh, the sea scared me. Your veto for the European Union is a blessing to us. If only we were a hundred away from you and you finally made it possible for us. And whoever wants us Macedonians to fish in Europe, will buy a Bulgarian passport from you Bulyas and Bujrum. Goose, finally realized that you Bulgarians have nothing to do with us.",negative,negative,neutral,negative,0.8,negative,0.97,5,negative,2,False,4,0.8,True,True,False,True,True,BERTweet
Ugwa-NXnKOZrg-zz_LN4AaABAg.9QScJfhmjFT9R5vJvbGMO0,<USER>-bm3px ... stay healthy in the south ....😅,neutral,positive,positive,neutral,0.74,positive,0.95,5,positive,2,False,3,0.6,False,True,True,False,True,"CardiffNLP, Gemma"
Ugwa-NXnKOZrg-zz_LN4AaABAg.9QScJfhmjFT9R62Cx8E_8o,<USER> better south than him in Bulgarian democracy.,neutral,positive,neutral,negative,0.8,negative,0.95,5,,3,False,0,0.0,False,False,False,False,False,
Ugwa-NXnKOZrg-zz_LN4AaABAg.9QScJfhmjFT9R65dgqUwMr,<USER>-bm3px ..... hello ... you don't need anyone in Bulgaria ...,neutral,negative,negative,negative,0.8,negative,0.95,5,negative,2,False,4,0.8,False,True,True,True,True,CardiffNLP
Ugwa-NXnKOZrg-zz_LN4AaABAg.9QScJfhmjFT9R6eBBgl3zT,"<USER> so you stick togas for us Macedonians. Oh, there's a corpse in your closet. What a tripper you are.",negative,negative,negative,negative,0.8,negative,0.95,5,negative,1,True,5,1.0,True,True,True,True,True,
UgzrJiUgA3InHEEQr3F4AaABAg,"Eh, Professor APASIEV!!! you tensed up, like a little child when he's about to climb the stairs. You stopped the citizenship law!!! with 800 amendments. The people support you, encourage you, you promise, and ooppppp the child climbed into the gakti and that without blinking an eye. You did not submit any amendments, nor did you open your mouth. This job/party stinks, with this you have shown that you too pushed the gacts, or you were wearing a thong. WHEN once a woman pushes the gaktas, she will push them further, such women, the people called them, PROSTITUTES. And today's politicians are no different from these women, called prostitutes. With this behavior of yours, you have proven that you are also going to lend a hand to Kale, or some other ""democratic"" embassy. So they advised you not to raise a lot of dust about the states. You have lost many many votes with this, I was a supporter of yours, as were many of my acquaintances, but now it is gone. Unfortunately, you are also part of the puppet theater for the destruction of Macedonia. MACEDONIA ETERNAL",negative,negative,negative,negative,0.8,negative,0.95,5,negative,1,True,5,1.0,True,True,True,True,True,
UgwC4YnoMq08DX0ONk14AaABAg,Well done Prof. there are no negotiations with Tatar fascists,positive,positive,negative,negative,0.8,negative,0.95,5,negative,2,False,3,0.6,False,False,True,True,True,"CardiffNLP, NLPTown"
UgwC4YnoMq08DX0ONk14AaABAg.9QQnG5Gmc7V9QXodhb1-tq,"Ziezi The First, you have written a lot and said nothing, you are spinning it like a gramophone record. You are boring and get rid of us Macedonians once and for all",negative,negative,negative,negative,0.8,negative,0.95,5,negative,1,True,5,1.0,True,True,True,True,True,
UgwC4YnoMq08DX0ONk14AaABAg.9QQnG5Gmc7V9T81jKjUU-y,"There are NO Macedonians! There are TITO Macedonians, after the new NORTH MACEDONIANS.",negative,negative,negative,negative,0.8,negative,0.95,5,negative,1,True,5,1.0,True,True,True,True,True,
Ugwmz44VYKc44Prswph4AaABAg,"We let Albania and Serbia go ahead, and let Macedonia wait. You cannot enter the European Union with Stalin's boots. You don't stop beating every man for being a Bulgarian. So watch what the professor says: <URL>",negative,negative,negative,negative,0.8,negative,0.95,5,negative,1,True,5,1.0,True,True,True,True,True,
Ugwmz44VYKc44Prswph4AaABAg.9QO0_YsZDwn9QOKy75FgLF,"Oh, you moron, bow down to Stalin for not crushing you in World War 2. You know very well which side Bulgaria was on. Don't think that if you vetoed us that you are somehow stronger, don't think that you can imitate Greece in politics. The veto is your weakness and fear of reality. communism, because it was imposed by Todor Zhivkov. Bye Asparuh Caucasian.",negative,negative,negative,negative,0.8,negative,0.95,5,negative,1,True,5,1.0,True,True,True,True,True,
Ugwmz44VYKc44Prswph4AaABAg.9QO0_YsZDwn9QOUQlFx9JK,"<USER> Because of people like you, you have been waiting for a long time.",positive,positive,negative,negative,0.8,negative,0.95,5,negative,2,False,3,0.6,False,False,True,True,True,"CardiffNLP, NLPTown"
Ugwmz44VYKc44Prswph4AaABAg.9QO0_YsZDwn9QOWSndc06G,E*avi I eu if Russia takes our side,negative,negative,neutral,negative,0.7,positive,0.95,5,negative,3,False,3,0.6,True,True,False,True,False,"BERTweet, Llama"
Ugwmz44VYKc44Prswph4AaABAg.9QO0_YsZDwn9QOXMCN4TKC,"In a little over 10 years, the European Union will be called EUROABDULISTAN",neutral,negative,neutral,negative,0.8,negative,0.95,5,negative,2,False,3,0.6,False,True,False,True,True,"CardiffNLP, BERTweet"
Ugwmz44VYKc44Prswph4AaABAg.9QO0_YsZDwn9QOXzNTKUPF,"<USER> and let's go and shoot, so the Bulgarians are red for one hahaha 🤣🤣🤣",positive,negative,neutral,negative,0.8,negative,0.95,5,negative,3,False,3,0.6,False,True,False,True,True,"CardiffNLP, BERTweet"
Ugwmz44VYKc44Prswph4AaABAg.9QO0_YsZDwn9QOg4RfTbLg,"<URL> Well, even if you want us to enter, we are not entering the company of fascists. Macedonians are PROUD people. Leave Tagliat and Zaev the fifth columnists - FASCISTS who will sell everything just to please the Germans and the Americans, their employers.",negative,negative,negative,negative,0.8,negative,0.95,5,negative,1,True,5,1.0,True,True,True,True,True,
Ugwmz44VYKc44Prswph4AaABAg.9QO0_YsZDwn9QOgh8xL5JH,"if only we were a hundred away from the Bulgarians, for us the veto is a blessing. 😂😂😂",positive,positive,positive,positive,0.85,positive,0.95,5,positive,1,True,5,1.0,True,True,True,True,True,
Ugwmz44VYKc44Prswph4AaABAg.9QO0_YsZDwn9QOxKjB-_YR,<URL>,neutral,neutral,neutral,negative,0.65,negative,0.75,5,neutral,2,False,3,0.6,True,True,True,False,False,"Gemma, Llama"
Ugwmz44VYKc44Prswph4AaABAg.9QO0_YsZDwn9QuDLAxWYXv,"<USER> Wait, it's very important. Hahaha",positive,positive,neutral,negative,0.7,positive,0.95,5,positive,3,False,3,0.6,True,True,False,False,True,"BERTweet, Gemma"
Ugwmz44VYKc44Prswph4AaABAg.9QO0_YsZDwn9T7s_pbwCkk,<USER> User Here some TitoMacedonian women are making noise in the gauze for ONLY ONE GREEN! Hahaha bums😂😂😂,negative,negative,negative,negative,0.8,negative,0.95,5,negative,1,True,5,1.0,True,True,True,True,True,
Ugx6JeOtlED46FuFjWt4AaABAg,Don't rub my comments,negative,negative,negative,negative,0.8,negative,0.9,5,negative,1,True,5,1.0,True,True,True,True,True,
Ugx9QkLRnEJztGcaW3R4AaABAg,"There are NO Macedonians! There are TITO Macedonians, after the new NORTH MACEDONIANS.",negative,negative,negative,negative,0.8,negative,0.95,5,negative,1,True,5,1.0,True,True,True,True,True,
Ugx9QkLRnEJztGcaW3R4AaABAg.9QP5FsrANo-9QQ3xoZnuQ6,"That's why we hate Bulgarians, brother. How come there are no Macedonians? What are we then? And if ""Northern"" Macedonia is the official name of the country, the people and culture are called Macedonian and Macedonians. The name of the state does not equal the nation.",negative,negative,negative,negative,0.8,negative,0.95,5,negative,1,True,5,1.0,True,True,True,True,True,
Ugx9QkLRnEJztGcaW3R4AaABAg.9QP5FsrANo-9QQ6RZb4m6Z,"<USER> you are Comintern fabricators. PRADNJA PEOPLE DON'T GET IT. What are you kidding with a Bulgarian slogan, Tito's bum? We are napping at that thing, that some inventors hate us. Enjoy the Serbo-Albanian ""free Balkans"" and don't bother us anymore! Ai siktir, Aman ot tsarvuli.",negative,negative,negative,negative,0.85,negative,0.95,5,negative,1,True,5,1.0,True,True,True,True,True,
Ugx9QkLRnEJztGcaW3R4AaABAg.9QP5FsrANo-9QQ79HPoEv5,"<USER> If the name of the state was not the name of the nation. Hahaha. Who sells these smiles to you, man? Theses from SOUTH Africa are not South Africans, they are simply Africans. Hahaha. You are a North Macedonian, ratified, recognized, stamped and there is no mardane. What real nation has changed the name of the country for a red one? As I said, PRADNJA PEOPLE DON'T GET IT!",negative,negative,negative,negative,0.8,negative,0.95,5,negative,1,True,5,1.0,True,True,True,True,True,
Ugx9QkLRnEJztGcaW3R4AaABAg.9QP5FsrANo-9QQL4ASA7yI,<USER> You are Nazis and lost WWII.....,negative,negative,negative,negative,0.85,negative,1.0,5,negative,1,True,5,1.0,True,True,True,True,True,
Ugx9QkLRnEJztGcaW3R4AaABAg.9QP5FsrANo-9QQOIicmHFi,<USER> translation?,neutral,negative,neutral,neutral,0.7,neutral,0.85,5,neutral,2,False,4,0.8,True,False,True,True,True,NLPTown
Ugx9QkLRnEJztGcaW3R4AaABAg.9QP5FsrANo-9QXpvIaS5Kl,"There are no Bulgarians, only Tatar-Mongols",neutral,negative,neutral,negative,0.8,negative,0.95,5,negative,2,False,3,0.6,False,True,False,True,True,"CardiffNLP, BERTweet"
Ugx9QkLRnEJztGcaW3R4AaABAg.9QP5FsrANo-9QXq0jpvBGn,Tri-red nation,negative,positive,neutral,negative,0.8,positive,0.95,5,,3,False,0,0.0,False,False,False,False,False,
Ugx9QkLRnEJztGcaW3R4AaABAg.9QP5FsrANo-9T87piBsvpn,"Pav: Get out of here Fascists damned, you are killing the Macedonian children Now let it come back to you.",negative,negative,negative,negative,0.8,negative,1.0,5,negative,1,True,5,1.0,True,True,True,True,True,
Ugx9QkLRnEJztGcaW3R4AaABAg.9QP5FsrANo-9T88S2qMqfM,<USER> Tatar-Mongolian fascists,negative,negative,negative,negative,0.8,negative,1.0,5,negative,1,True,5,1.0,True,True,True,True,True,
Ugx9QkLRnEJztGcaW3R4AaABAg.9QP5FsrANo-9T88ax6CJ7W,"<USER>-7c There are NO Macedonians! There are TITO Macedonians, after the new NORTH MACEDONIANS.",neutral,negative,negative,negative,0.8,negative,1.0,5,negative,2,False,4,0.8,False,True,True,True,True,CardiffNLP
Ugx9QkLRnEJztGcaW3R4AaABAg.9QP5FsrANo-9T88e6gK5T-,"<USER> There are NO Macedonians! There are TITO Macedonians, after the new NORTH MACEDONIANS.",neutral,negative,negative,negative,0.8,negative,0.95,5,negative,2,False,4,0.8,False,True,True,True,True,CardiffNLP
Ugx9QkLRnEJztGcaW3R4AaABAg.9QP5FsrANo-9T88gVyeb89,"<USER> There are NO Macedonians! There are TITO Macedonians, after the new NORTH MACEDONIANS.",neutral,negative,negative,negative,0.8,negative,0.95,5,negative,2,False,4,0.8,False,True,True,True,True,CardiffNLP
Ugx9QkLRnEJztGcaW3R4AaABAg.9QP5FsrANo-9T88hkd5y9S,"There are NO Macedonians! There are TITO Macedonians, after the new NORTH MACEDONIANS.",negative,negative,negative,negative,0.8,negative,0.95,5,negative,1,True,5,1.0,True,True,True,True,True,
Ugx9QkLRnEJztGcaW3R4AaABAg.9QP5FsrANo-9T88jf7eTvv,"<USER> There are NO Macedonians! There are TITO Macedonians, after the new NORTH MACEDONIANS.",neutral,negative,negative,negative,0.8,negative,0.95,5,negative,2,False,4,0.8,False,True,True,True,True,CardiffNLP
Ugx9QkLRnEJztGcaW3R4AaABAg.9QP5FsrANo-9T9J3r3uAAP,<USER>-7c Gotse Delchev wrote: WHAT IS THE WAY EVERYTHING IS SHIT!,negative,negative,negative,negative,0.8,negative,1.0,5,negative,1,True,5,1.0,True,True,True,True,True,
UgzXfrZeZBgdi5KvkCh4AaABAg,"There are NO Macedonians! There are TITO Macedonians, after the new NORTH MACEDONIANS.",negative,negative,negative,negative,0.8,negative,0.95,5,negative,1,True,5,1.0,True,True,True,True,True,
UgzXfrZeZBgdi5KvkCh4AaABAg.9QP5GWDPeFX9QQKmoBAeEI,Eat the line,neutral,positive,neutral,negative,0.8,negative,1.0,5,,3,False,0,0.0,False,False,False,False,False,
UgzXfrZeZBgdi5KvkCh4AaABAg.9QP5GWDPeFX9QQac3JimDN,SHIT TO EAT.,negative,negative,negative,negative,0.85,negative,1.0,5,negative,1,True,5,1.0,True,True,True,True,True,
UgzXfrZeZBgdi5KvkCh4AaABAg.9QP5GWDPeFX9QSRfm8fUY2,Poor baby!!,negative,negative,negative,negative,0.8,negative,1.0,5,negative,1,True,5,1.0,True,True,True,True,True,
UgzXfrZeZBgdi5KvkCh4AaABAg.9QP5GWDPeFX9QSfjkBwPWr,TITUS'S FICTITIOUS THUGS WENT UP. HAHAHAHA 😂😂😂😂😂😂😂😂,neutral,negative,neutral,negative,0.8,negative,1.0,5,negative,2,False,3,0.6,False,True,False,True,True,"CardiffNLP, BERTweet"
UgwTJcepAqr-cxPaMOp4AaABAg,"There are NO Macedonians! There are TITO Macedonians, after the new NORTH MACEDONIANS.",negative,negative,negative,negative,0.8,negative,0.95,5,negative,1,True,5,1.0,True,True,True,True,True,
UgwTJcepAqr-cxPaMOp4AaABAg.9QP5H8lEFRu9T81mE0MPTG,"<USER> There is NO User Macedonian! There are TITO Macedonians, after the new NORTH MACEDONIANS.",neutral,negative,neutral,negative,0.8,negative,0.95,5,negative,2,False,3,0.6,False,True,False,True,True,"CardiffNLP, BERTweet"
UgwTJcepAqr-cxPaMOp4AaABAg.9QP5H8lEFRu9T9LZ_Lys3l,"<USER> User There are Tatars and Bulgarians, but there are no Macedonians. There are only North Macedonians, former Tito-Macedonians.",neutral,negative,neutral,negative,0.8,negative,0.95,5,negative,2,False,3,0.6,False,True,False,True,True,"CardiffNLP, BERTweet"
UgwTJcepAqr-cxPaMOp4AaABAg.9QP5H8lEFRu9T9LhZz-fcR,<USER> User Balgarskiat Tsar Samuil said: WHAT IS IT ALL IS SHIT!,negative,negative,negative,negative,0.8,negative,1.0,5,negative,1,True,5,1.0,True,True,True,True,True,
UgwTJcepAqr-cxPaMOp4AaABAg.9QP5H8lEFRu9T9OqXipxKG,"<USER> You are Tito-Macedonians, User. There are real Macedonians in Bulgaria and Garcia. There are only North Macedonians with you. Isn't that why you changed your name, so that there is a clear difference between the real Macedonians and the fake North Macedonians (former Tito-Macedonians).",negative,negative,neutral,negative,0.8,negative,0.95,5,negative,2,False,4,0.8,True,True,False,True,True,BERTweet
Ugz-1Nn2o3efz6sRdgJ4AaABAg,"There are NO Macedonians! There are TITO Macedonians, after the new NORTH MACEDONIANS.",negative,negative,negative,negative,0.8,negative,0.95,5,negative,1,True,5,1.0,True,True,True,True,True,
Ugz-1Nn2o3efz6sRdgJ4AaABAg.9QP5Hh46W4A9QPqLCsIk24,"Pav. There are Macedonians, and quite a few in Pirin Macedonia, as there is Bulgaria, and they are still looking for it, there is no more.",neutral,neutral,neutral,negative,0.72,negative,0.9,5,neutral,2,False,3,0.6,True,True,True,False,False,"Gemma, Llama"
Ugz-1Nn2o3efz6sRdgJ4AaABAg.9QP5Hh46W4A9QQ38bCBWHc,"<USER> There are NO Macedonians! There are only North Macedonians in TIT'S MACEDONIA. In Pirin Macedonia, they are Bulgarians, not invented Tito-Macedonians. Macedonian in Bulgaria is a geographical concept, not some invented by the Comintern nation. You have Macedonians, Thracians, Dobrudzians, Shopians, Rodopians, etc. The same is the case in Garcia, and there Macedonian is a regional characteristic, not an invented people. They have brainwashed you so much that nothing is left of them. Anyway, you are almost proud Eastern Albanians. Hahaha. 😂😂😂😂😂😂😂",negative,negative,negative,negative,0.8,negative,0.95,5,negative,1,True,5,1.0,True,True,True,True,True,
Ugz-1Nn2o3efz6sRdgJ4AaABAg.9QP5Hh46W4A9QQ3o4FYyRy,"<USER> The people of Bulgarian Macedonia, so-called Blagoevgrad Ski District, are fed up with organized Tito-Macedonians who steal towels from hotels from Bansko to Sandanski. Ai siktir be CHOKALII, Sarbi with a speech impediment!",negative,negative,negative,negative,0.8,negative,0.95,5,negative,1,True,5,1.0,True,True,True,True,True,
Ugz-1Nn2o3efz6sRdgJ4AaABAg.9QP5Hh46W4A9QQ5gfEZrlN,"<USER> Many of you know where you come from, but you don't want to admit it, Macedonia was here for thousands of years, even when the Romans were there, Sparta, Macedonia was here, the Macedonians were found here, and all of you others came here, don't be afraid to eat us all.",negative,positive,neutral,negative,0.8,negative,0.95,5,negative,3,False,3,0.6,True,False,False,True,True,"NLPTown, BERTweet"
Ugz-1Nn2o3efz6sRdgJ4AaABAg.9QP5Hh46W4A9QQLOITXk0m,Bulgarian VOL,neutral,neutral,neutral,negative,0.8,positive,0.95,5,neutral,3,False,3,0.6,True,True,True,False,False,"Gemma, Llama"
Ugz-1Nn2o3efz6sRdgJ4AaABAg.9QP5Hh46W4A9T81pX4RJtE,"<USER> There are NO Macedonians! There are TITO Macedonians, after the new NORTH MACEDONIANS.",neutral,negative,negative,negative,0.8,negative,0.95,5,negative,2,False,4,0.8,False,True,True,True,True,CardiffNLP
Ugz-1Nn2o3efz6sRdgJ4AaABAg.9QP5Hh46W4A9T81qX0Lb66,"<USER> There are NO Macedonians! There are TITO Macedonians, after the new NORTH MACEDONIANS.",neutral,negative,negative,negative,0.8,negative,0.95,5,negative,2,False,4,0.8,False,True,True,True,True,CardiffNLP
UgwQdIARf2tlkh02PMV4AaABAg,"There are NO Macedonians! There are TITO Macedonians, after the new NORTH MACEDONIANS.",negative,negative,negative,negative,0.8,negative,0.95,5,negative,1,True,5,1.0,True,True,True,True,True,
UgwQdIARf2tlkh02PMV4AaABAg.9QP5IIrCR-e9QQKoJhrLSj,Dibek,neutral,neutral,neutral,neutral,0.85,neutral,1.0,5,neutral,1,True,5,1.0,True,True,True,True,True,
UgwQdIARf2tlkh02PMV4AaABAg.9QP5IIrCR-e9QQKwOyXYIn,"Wretched...Coward, tell me who you are so we know you, don't hide",negative,negative,negative,negative,0.8,negative,1.0,5,negative,1,True,5,1.0,True,True,True,True,True,
UgwQdIARf2tlkh02PMV4AaABAg.9QP5IIrCR-e9T81nekh5k2,"<USER> There are NO Macedonians! There are TITO Macedonians, after the new NORTH MACEDONIANS.",neutral,negative,negative,negative,0.8,negative,0.95,5,negative,2,False,4,0.8,False,True,True,True,True,CardiffNLP
Ugw8PIn12rOpm3il1Ct4AaABAg,"Well done guys, correct and correct thinking and that's it.",positive,positive,positive,positive,0.85,positive,0.95,5,positive,1,True,5,1.0,True,True,True,True,True,
UgyS4EvuKnG83a3EMnR4AaABAg,"Congratulations, great interlocutors who opened a discussion",positive,positive,positive,positive,0.85,positive,0.95,5,positive,1,True,5,1.0,True,True,True,True,True,
Ugy8SVqjBoAXLlbvZPR4AaABAg,"Just hearing ""so good"" and...",positive,positive,neutral,neutral,0.68,positive,0.95,5,positive,2,False,3,0.6,True,True,False,False,True,"BERTweet, Gemma"
UgxOR8SY1LYCH20ZdZl4AaABAg,"Macedonia is the Mother of Europe, can Bulgaria be saved because no one can erase it, Macedonia, they should apologize to Macedonia, and sometimes they will return to the past, Macedonia is the past, Macedonia is the worst country in the eutopia created by God",negative,negative,negative,negative,0.8,negative,0.95,5,negative,1,True,5,1.0,True,True,True,True,True,
Ugx2zR3-gbn_wL0IqmN4AaABAg,"So young, yet so stoned!?",negative,negative,neutral,negative,0.8,negative,0.95,5,negative,2,False,4,0.8,True,True,False,True,True,BERTweet
UgxKmsakD1oljceMvnR4AaABAg,"You show a lot, but show the documents. E.g. the letters of Gotse Delchev - all written in the Bulgarian language. Something more - in some of them, he declares himself as a Bulgarian. Why are you afraid of historical documents?",negative,neutral,neutral,negative,0.75,negative,0.55,5,negative,2,False,3,0.6,True,False,False,True,True,"NLPTown, BERTweet"
UgxKmsakD1oljceMvnR4AaABAg.9hIfOwGhIk-9u-dD397wzf,1872 GOCE DELC'EV WAS BORN in Kukus' -- AEGEAN MACEDONIA. GOCE DELC'EV IS A MACEDONIAN.,neutral,negative,neutral,positive,0.85,positive,1.0,5,,3,False,0,0.0,False,False,False,False,False,
UgxKmsakD1oljceMvnR4AaABAg.9hIfOwGhIk-9u-gy06bwl_,"<USER> Goce has declared everything as a Bulgarian. He wrote this himself. Have you read his letters? It is difficult to read them, because they are in Bulgarian. And his name is Georgi. Dame, Jane and others. have declared themselves as Bulgarians. Not Bulgarians, but Bulgarians. The Serbs ordered ""Bulgarians"" instead of ""Bulgarians"". Your country is under Serbian control. They won't let you enter the EU before Serbia. And the Albanians born in Skopje, are they Macedonians by nationality? Because you say that Gotse is Macedonian because he was born in Macedonia.",neutral,negative,neutral,negative,0.8,negative,0.94,5,negative,2,False,3,0.6,False,True,False,True,True,"CardiffNLP, BERTweet"
UgxKmsakD1oljceMvnR4AaABAg.9hIfOwGhIk-9u-gztIirBO,"<USER> Goce has declared everything as a Bulgarian. He wrote this himself. Have you read his letters? It is difficult to read them, because they are in Bulgarian. And his name is Georgi. Dame, Jane and others. have declared themselves as Bulgarians. Not Bulgarians, but Bulgarians. The Serbs ordered ""Bulgarians"" instead of ""Bulgarians"". Your country is under Serbian control. They won't let you enter the EU before Serbia. And the Albanians born in Skopje, are they Macedonians by nationality? Because you say that Gotse is Macedonian because he was born in Macedonia.",neutral,negative,neutral,negative,0.8,negative,0.94,5,negative,2,False,3,0.6,False,True,False,True,True,"CardiffNLP, BERTweet"
UgzLJb7qthbtk6YM1i14AaABAg,"An example of brainwashed people, I have a habit of commenting by minutes and seconds, but here you have to point out every second as a wrong statement.",negative,negative,negative,negative,0.8,negative,0.95,5,negative,1,True,5,1.0,True,True,True,True,True,
UgyBBkbReRukfFZsZQJ4AaABAg,"And guys, ""Hello"", ""Thank you"", how are you? Southern Serbs or straight Serbs. And it is clear that you are communists, you just don't understand that Yugoslavia has never existed. Alive and healthy and may God give you wisdom because you don't have it.",negative,positive,negative,negative,0.8,negative,0.92,5,negative,2,False,4,0.8,True,False,True,True,True,NLPTown
UgyBBkbReRukfFZsZQJ4AaABAg.9h7ZZBo_AD_9hCI-mWB8r5,"Dear Tatar, let us Macedonians piss on that Tatar pumpkin of yours.",negative,negative,negative,negative,0.8,negative,1.0,5,negative,1,True,5,1.0,True,True,True,True,True,
UgyBBkbReRukfFZsZQJ4AaABAg.9h7ZZBo_AD_9u-d-t5x-No,Apostle Paul introduced CHRISTIANITY to MACEDONIA. MACEDONIA and the MACEDONIAN PEOPLE BLESSED by the LORD. 20TH CENTURY.,positive,positive,positive,positive,0.85,positive,0.95,5,positive,1,True,5,1.0,True,True,True,True,True,
UgxN4pC5dxaG2ie0Gk54AaABAg,smileys 😅😅,neutral,positive,neutral,neutral,0.78,positive,0.95,5,neutral,2,False,3,0.6,True,False,True,True,False,"NLPTown, Llama"
UgzlV1EL7KMXfqBDo8h4AaABAg,"but as if there is none, here are Macedonians and Serbs, today they are the same people, bruka",neutral,neutral,neutral,negative,0.8,negative,0.95,5,neutral,2,False,3,0.6,True,True,True,False,False,"Gemma, Llama"
UgzlV1EL7KMXfqBDo8h4AaABAg.9h4huHPmEOb9hCFzF9rFTT,"What are the interests of the Macedonians and Macedonia.... Are you Tatar or Macedonian by origin? If you are a Tatar, you have no business with us Macedonians..... A thousand times closer to Serbia than to Bulgaria..... The Serbs did not recognize us and you Tatars are assholes, you just want to creep and steal...",negative,negative,negative,negative,0.8,negative,0.95,5,negative,1,True,5,1.0,True,True,True,True,True,
Ugz76pSp3eLNH-6jEUh4AaABAg,"you have read, but not enough, when will you stop talking nonsense",negative,negative,negative,negative,0.7,negative,0.95,5,negative,1,True,5,1.0,True,True,True,True,True,
Ugz76pSp3eLNH-6jEUh4AaABAg.9h4icnAjh5C9hCG2qT_QQg,Gjorgi Dimitrov recognized the Macedonian people,positive,positive,neutral,positive,0.85,positive,0.95,5,positive,2,False,4,0.8,True,True,False,True,True,BERTweet
Ugz76pSp3eLNH-6jEUh4AaABAg.9h4icnAjh5C9hJydPkezCD,"<USER> he recognized both Dobrudja and Thracian nations, but Thracian and Dobrudja states were not created",neutral,negative,neutral,negative,0.75,neutral,1.0,5,neutral,2,False,3,0.6,True,False,True,False,True,"NLPTown, Gemma"
Ugz76pSp3eLNH-6jEUh4AaABAg.9h4icnAjh5C9u-cexPfg4g,<USER> eats worms. j Black Sea.,negative,positive,negative,negative,0.8,neutral,1.0,5,negative,3,False,3,0.6,True,False,True,True,False,"NLPTown, Llama"
UgzSGWtOXW54kEMNx4p4AaABAg,"Until 3:39, you made so many mistakes about real events, but you are not young and green, you still have history to study, don't lie",negative,neutral,negative,negative,0.8,negative,0.95,5,negative,2,False,4,0.8,True,False,True,True,True,NLPTown
UgxDb1GcOOCdO5FXOkV4AaABAg,"On one of the foreheads, VMRO is written on the other, lapam is written in Mickoski",neutral,negative,neutral,negative,0.8,negative,0.95,5,negative,2,False,3,0.6,False,True,False,True,True,"CardiffNLP, BERTweet"
UgxDb1GcOOCdO5FXOkV4AaABAg.9hJz-gJotrc9hLDxlJ1wn7,"Thanks for the comment. Only if you can specify which of the two speakers has ""VMRO"" written on their forehead, and who has ""lapam na Mickoski"" written on their foreheads. I'm afraid we didn't understand you because you weren't precise about who it was for. Срдечен братски поздрав од македонските комунисти",negative,positive,negative,negative,0.8,negative,0.55,5,negative,2,False,4,0.8,True,False,True,True,True,NLPTown
UgxEIvdEAjNqdT2Dd854AaABAg,Compliments and greetings to the show and guests! MACEDONIA ETERNAL!!!,positive,positive,positive,positive,0.95,positive,0.95,5,positive,1,True,5,1.0,True,True,True,True,True,
Ugww70tVWyEx7R92-Kh4AaABAg,"the only person who is from the common people, for the people and for Macedonia. Go ahead brothers, all the best Mr. Bachev",positive,positive,positive,positive,0.85,positive,0.95,5,positive,1,True,5,1.0,True,True,True,True,True,
UgzNvzK0A-C4cIu_LPF4AaABAg,"Russian-SPY (for 650 euros or 3000 Russian rubles, your soul is sold, Bacev) a Russian caricature",negative,negative,negative,negative,0.8,negative,0.95,5,negative,1,True,5,1.0,True,True,True,True,True,
UgwdZOo4xlgHVUtjnt54AaABAg,the Russians were Macedonians... go look outside and look for me,negative,negative,neutral,negative,0.8,negative,0.95,5,negative,2,False,4,0.8,True,True,False,True,True,BERTweet
UgxQuh__f1ebR10SYzl4AaABAg,Bacev for the predecessor of MKD,neutral,positive,neutral,neutral,0.7,positive,0.95,5,neutral,2,False,3,0.6,True,False,True,True,False,"NLPTown, Llama"
UgxHs1ZGhMzY78bt1A14AaABAg,Macedonians should stand aside for their survival in MK Bacev is the leader of the Macedonians many times the people have come out most from SDS Bacev and United Macedonia we go with them and if we don't go in that direction it will belong let's leave Macedonia and us Macedonians,negative,negative,neutral,negative,0.8,negative,0.95,5,negative,2,False,4,0.8,True,True,False,True,True,BERTweet
UgxCwAsTxC_1yxaJ0xR4AaABAg,"The agreement between Macedonia and Greece will definitely go down in the history of diplomacy. It will be the only agreement in history between two states, in which one state voluntarily capitulates and renounces its history and culture for the first time in human history. It changes the name of its own country, and thus the nationality of its citizens. **This phenomenon will represent an example in the history of diplomacy, that the biggest threat to democracies and national states is a group of people in power supported and paid by powerful centers, who work to destroy national sovereign states and shamelessly lie and manipulate their own people! **This so-called prime minister will go down in history as the biggest and only violator of the constitution of his country without being sanctioned or eliminated. The proposal for the use of bilingualism - the Albanian language, the Desecration of the Orthodox Church, the agreement with Bulgaria, and this agreement with Greece. It is a gross and brutal violation of the constitution. After the gross and brutal violation of the constitution, gross and brutal sanctions and punishments must follow if we want to have a healthy national state! **That the people will win in these difficult times and will defend and preserve their homeland and that this SDS(M) government will be completely wiped out, I am deeply confident of that! The people do not forget and do not forgive! **What I am not sure of and seriously worries me is; Will the new government, regardless of the political composition, have courage and motivation and will most seriously sanction and strictly condemn the traitors Zaev and Dimitrov and the people close to them for the sale of our homeland Macedonia?",positive,negative,neutral,negative,0.6,negative,0.95,5,negative,3,False,3,0.6,False,True,False,True,True,"CardiffNLP, BERTweet"
Ugw2iJhLutQ3Ah0IXPp4AaABAg,"Mr. Mickovski has said several times that; He will not support changing the constitution in order to change the name! However, Mr. Mickovski NEVER publicly said that; He will not support a referendum or that he will boycott a possible referendum in order to change his name! Anyone who conspires and supports a referendum when it is known for sure that the referendum will be manipulated - is a bigger traitor than Zaev's illegitimate government!",negative,negative,negative,negative,0.8,negative,0.95,5,negative,1,True,5,1.0,True,True,True,True,True,
UgwaK2eddiJRVjksm6F4AaABAg,Haha 😂 true,positive,negative,positive,positive,0.85,positive,0.95,5,positive,2,False,4,0.8,True,False,True,True,True,NLPTown
UgyY2ILkEQYRG_8Dnl94AaABAg,Why is he banning me from Tik Tok?,negative,negative,negative,negative,0.7,negative,0.95,5,negative,1,True,5,1.0,True,True,True,True,True,
UgxafUBv1WLhlSwj9PN4AaABAg,"Asli, can I ask you something?",neutral,negative,neutral,neutral,0.74,positive,0.95,5,neutral,3,False,3,0.6,True,False,True,True,False,"NLPTown, Llama"
UgwnI00QW9qpriV8vnl4AaABAg,I didn't insult you or anything,negative,positive,neutral,neutral,0.7,negative,0.9,5,,3,False,0,0.0,False,False,False,False,False,
Ugw6A6oSCdLRV0dZ1HB4AaABAg,"Dream Skopje Year November 27, 2017 Kosovo Monday 19:15 19:30 Moscow Europe 01.12.2017. Skopje Weather December Firms Trajan Risteski In Suto Orizari 01.12.2017. Mtv 1 Advertisement Business News November 30, 2017 Thrusday Ljupco Zlatev 10.07.2018.",neutral,negative,neutral,neutral,0.9,neutral,1.0,5,neutral,2,False,4,0.8,True,False,True,True,True,NLPTown
UgwAWCSdkd_pWZpMk5x4AaABAg,Who set this one up to be a University Professor Just know how to eat Lanya,negative,positive,neutral,negative,0.8,negative,0.95,5,negative,3,False,3,0.6,True,False,False,True,True,"NLPTown, BERTweet"
Ugy3cLTVptw6-hDZQAl4AaABAg,"Who would pass with you be shutraku, maybe someone who is not salam.",neutral,negative,neutral,negative,0.8,negative,0.95,5,negative,2,False,3,0.6,False,True,False,True,True,"CardiffNLP, BERTweet"
Ugy3cLTVptw6-hDZQAl4AaABAg.ANGqQECGO3cANW_6TzjR3U,It can be seen that you are not a salami.,neutral,neutral,negative,negative,0.8,negative,0.95,5,negative,2,False,3,0.6,False,False,True,True,True,"CardiffNLP, NLPTown"
Ugz9HYWZLaVqOdKchxR4AaABAg,Kuropusac 😂,neutral,neutral,neutral,negative,0.8,negative,1.0,5,neutral,2,False,3,0.6,True,True,True,False,False,"Gemma, Llama"
Ugy5ez-wGeJFF5dea014AaABAg,Faction with one minus two Hahahahahaha,neutral,neutral,neutral,negative,0.8,negative,0.95,5,neutral,2,False,3,0.6,True,True,True,False,False,"Gemma, Llama"
UgwyUKlNFwDh7izsZg14AaABAg,"Macedonians everywhere?! 90% in the Bulgarian army. In other words, Macedonian Bulgarians. Enough of politics. Get rid of Serbian constraints",negative,negative,neutral,negative,0.8,negative,0.95,5,negative,2,False,4,0.8,True,True,False,True,True,BERTweet
Ugx-zwKlTZZ_suef1pJ4AaABAg,A corrupt tribe like this Bastard is rarely raga An abomination not seen,negative,negative,negative,negative,0.8,negative,1.0,5,negative,1,True,5,1.0,True,True,True,True,True,
UgyoBja-FwFaZ43VoGp4AaABAg,Tataro-Bugarophilic hoof,negative,negative,neutral,negative,0.8,negative,0.99,5,negative,2,False,4,0.8,True,True,False,True,True,BERTweet
UgyoBja-FwFaZ43VoGp4AaABAg.ANRqXIMDqnaANS1FRLoXVd,Look at his face. Classic tartar buttercream.,negative,positive,neutral,negative,0.8,negative,0.95,5,negative,3,False,3,0.6,True,False,False,True,True,"NLPTown, BERTweet"
UgxZvAHQvcBd9-IwfL54AaABAg,Don't believe it! Where does this quasi-theory come from - the Russians conquered the Balkans!,negative,negative,negative,negative,0.8,negative,0.95,5,negative,1,True,5,1.0,True,True,True,True,True,
UgxZvAHQvcBd9-IwfL54AaABAg.ANLXFKvkDRgANS0ZHHpIn1,This one is more and more reminiscent of that Tentov retard... It seems that the capacity of Bardovci needs to be expanded.,negative,neutral,negative,negative,0.8,negative,0.95,5,negative,2,False,4,0.8,True,False,True,True,True,NLPTown
UgzM4g7h_phD1F7Ghot4AaABAg,"If we are the target of a hybrid attack, then that hybrid attack started with the fire and the grave tragedy that blackened Kočani, in which 62 young people died and 200 were injured. This Tragedy happened in the night when the AV regime in Serbia was supposed to fall and instead from the early hours of 16.03. all the attention in the region and the whole world was focused on the terrible accident in Kočani. Is that a coincidence?!",negative,negative,negative,negative,0.8,negative,0.55,5,negative,1,True,5,1.0,True,True,True,True,True,
UgzM4g7h_phD1F7Ghot4AaABAg.ANLvxcHaSlIANS0NjUc1OE,hahahahahaha. Bardovci direction for you.,positive,positive,positive,negative,0.8,negative,0.95,5,positive,2,False,3,0.6,True,True,True,False,False,"Gemma, Llama"
Ugzb-9NakpyLsIGAlQh4AaABAg,GRANDMOTHER FLAX SOIL... 😄😄😄,positive,positive,neutral,positive,0.98,positive,0.95,5,positive,2,False,4,0.8,True,True,False,True,True,BERTweet
Ugw7LdzK_HBRUpZXa654AaABAg,"Nobody in Bulgaria cares what you are - Macedonian, Albanian or Martian. Bulgaria is interested in Bulgarians from Macedonia today, as well as in the founders of VMORO and VMRO, who defined themselves as Bulgarians and fought against Turks, Serbs and Greeks, for the freedom of Bulgarian Macedonia. Bulgaria will not allow these Bulgarian heroes to be turned into Serb-Macedonians. Bulgaria will never allow today's Serb-Macedonians to fly Serbian flags over the graves of Bulgarian Macedonian heroes, as circus performer Micko Serbomana did on the anniversary of the Battle of Bregalnica. He waved the Serbian flag over the graves of Macedonian Bulgarians who fought against Serbia. Because this is a mockery of their memory. The mockery came from Belgrade, the oppressor of the Bulgarian land in Macedonia.",negative,negative,neutral,negative,0.8,negative,0.95,5,negative,2,False,4,0.8,True,True,False,True,True,BERTweet
Ugw7LdzK_HBRUpZXa654AaABAg.ANFs1k7H9JOANH7wgC42lR,Up to one of the so-called Bulgarian minority in Macedonia should be expelled from Macedonia Who doesn't want to know what to do,negative,negative,negative,negative,0.8,negative,0.95,5,negative,1,True,5,1.0,True,True,True,True,True,
Ugw7LdzK_HBRUpZXa654AaABAg.ANFs1k7H9JOANHHAlEF-TU,"@georgesekuloski6097 Write in Bulgarian like Gotse, Dame, Todor and Vancho, otherwise such nonsense is in your head if you can't read it in the original. Surely you can only read Titus and Serbian lies. You will remain illiterate people with a history falsified by Belgrade. 😢",negative,negative,negative,negative,0.8,negative,0.95,5,negative,1,True,5,1.0,True,True,True,True,True,
Ugw7LdzK_HBRUpZXa654AaABAg.ANFs1k7H9JOANKsUKXcyIT,"<USER> As Nazi Germany expelled the Jews - So will Northern Serb Macedonia expel the Bulgarians - and then you know what awaits you, right?",negative,negative,neutral,negative,0.85,negative,1.0,5,negative,2,False,4,0.8,True,True,False,True,True,BERTweet
Ugw7LdzK_HBRUpZXa654AaABAg.ANFs1k7H9JOANRqKzzrO_T,TataraBugar nazat in Asia,neutral,neutral,neutral,negative,0.8,negative,1.0,5,neutral,2,False,3,0.6,True,True,True,False,False,"Gemma, Llama"
Ugw7LdzK_HBRUpZXa654AaABAg.ANFs1k7H9JOANS12ceGrQf,"1. You (Tatro-Mongols) are newcomers from distant Asia 2. You, in Macedonia, have only done occupation 3. You have done several massacres during the Second World War (Vatasha, killers of CHILDREN), because you were FASCISTS 4. Today your policies towards Macedonia are NEO-FASCIST. 5. The heroes you celebrate in your country (Tatarstan) are MACEDONIAN, not Tatar.",negative,positive,negative,negative,0.8,negative,0.95,5,negative,2,False,4,0.8,True,False,True,True,True,NLPTown
Ugw7LdzK_HBRUpZXa654AaABAg.ANFs1k7H9JOANSV4qe-SLI,"<USER>-hb6hu Skopje Tatar Serbo- ""Macedonian"".",neutral,negative,neutral,neutral,0.85,neutral,0.85,5,neutral,2,False,4,0.8,True,False,True,True,True,NLPTown
UgwIEvFrbUyeDNGtWC14AaABAg,"In order for Macedonia to move forward as a European country, it needs to admit some truths. After correctly admitting the Bulgarian past, and Bulgaria has already recognized the modern nation and language, but he did not confirm it. However, there are forces - Russian, Serbian and to a lesser extent Hungarian - who want the country to be outside the European family.",negative,neutral,neutral,negative,0.5,negative,0.55,5,negative,2,False,3,0.6,True,False,False,True,True,"NLPTown, BERTweet"
UgwIEvFrbUyeDNGtWC14AaABAg.ANDUo9Gg7-6ANE1s5I1ZS7,"Here, two topics are interwoven: pozari and Russian influence on Macedonia. For pozari, Andonov analyzes their weaknesses well. While he is responding to another topic that he INVENTS himself.. Russian influence on Macedonia is almost non-existent, while NATO AND EU DOMINATE. Only a fool does not see them. They destroyed Macedonian culture. On the other hand, they keep Aegean Macedonia under their influence. 200 YEARS. ANGLO-SAXONS ORDERED 1878 MACEDONIA DOES NOT GET FREE FROM TURKS - If not Russia and Bulgaria will have a war with them..England and Turkey 1878 form the Prizren League-Greater Albania 1908 They make Albanian alphabet. 1912 They make them an Albanian state. 1921 to 1923 They order Greece to Evicted Macedonians from Aegean Macedonia. Field 2 world war CHILDREN REFUGEES - BY THEIR DIRECTIVE THEY ARE EVICTED 1999 NATO and EC make them a second Albanian state. 2001 NATO AND EC INITIATES A WAR IN MACEDONIA.. Proclaims the Macedonian people a minority with Sultan SOLANA SIGNATURE IN Ohrid. Introduces Albanian language to them be an official language in Macedonia Now NATO and the EC are making a big Albania until the NIS FREE Balkans. Like NATO and the EU ATTACKED SERBIA in 1999 - Andonov didn't say anything about that influence. They made bases in the Serbian space. They didn't say a word about their influence - Azboruvas Russians had influence Russians. When there is not a single proof of Russian influence. It's better than you.",negative,positive,neutral,negative,0.62,negative,0.93,5,negative,3,False,3,0.6,True,False,False,True,True,"NLPTown, BERTweet"
UgwIEvFrbUyeDNGtWC14AaABAg.ANDUo9Gg7-6ANEMioquVMn,"Everyone chooses for himself whether to confess, what to confess and to whom to confess... And to explain to them about European integration, the European Union and full legal membership in it is pointless... It's already too late. The train left and you didn't get on it. You know very well that when the EU expansion comes, if you dare to enter it, the end... You don't know when the next expansion will happen and where it will happen. Which may or may not be your business. You should remember very well how 2007 was. and before her. 🙃",negative,negative,negative,negative,0.8,negative,0.95,5,negative,1,True,5,1.0,True,True,True,True,True,
UgwIEvFrbUyeDNGtWC14AaABAg.ANDUo9Gg7-6ANEPz-9NjsN,"@трайкот3256 Everyone else is to blame, everyone else wants you gone. 😅 And the enslaver from Belgrade is right and so are your politicians bought from there. You can wake up or not. How long will they make you monkeys.😊",negative,negative,negative,negative,0.8,negative,0.95,5,negative,1,True,5,1.0,True,True,True,True,True,
UgwIEvFrbUyeDNGtWC14AaABAg.ANDUo9Gg7-6ANFlV-KofoN,You will not admit that you are Tatars,negative,negative,negative,negative,0.8,negative,1.0,5,negative,1,True,5,1.0,True,True,True,True,True,
UgwIEvFrbUyeDNGtWC14AaABAg.ANDUo9Gg7-6ANFrz9JyGTI,<USER>-e5n When ? When Belgrade quarries the name of the street called Gotse Delchev in Bulgarian. Then it will become! 😂😂👌👌🤣🤣,neutral,negative,neutral,negative,0.8,negative,0.95,5,negative,2,False,3,0.6,False,True,False,True,True,"CardiffNLP, BERTweet"
UgwIEvFrbUyeDNGtWC14AaABAg.ANDUo9Gg7-6ANG7cyiuAct,<USER> You will be gone by then 🤣🤣,neutral,neutral,neutral,negative,0.8,negative,0.95,5,neutral,2,False,3,0.6,True,True,True,False,False,"Gemma, Llama"
UgwIEvFrbUyeDNGtWC14AaABAg.ANDUo9Gg7-6ANG7hMW-dAG,"<USER> Gotse is a Macedonian, there is no one named Gotse in your fake country brainwashed Zivkovist",negative,negative,negative,negative,0.8,negative,0.95,5,negative,1,True,5,1.0,True,True,True,True,True,
UgwIEvFrbUyeDNGtWC14AaABAg.ANDUo9Gg7-6ANGqm8y3UkZ,"@oneuser-e5n We have been around for 1500 years 😊. You from 11.01.1934 when Stalin issued decree N 815 to the Balkan Department of the Comintern for the creation of a ""Macedonian"" nation in Moscow. 😢 Do you understand who will be gone very soon? 😮 Come on, with such Serbian patriots as Micko 😊 You decided your own fate with Tito's lies and the false past. .",negative,negative,neutral,negative,0.6,negative,0.97,5,negative,2,False,4,0.8,True,True,False,True,True,BERTweet
UgwIEvFrbUyeDNGtWC14AaABAg.ANDUo9Gg7-6ANLWn3wi-qS,"<USER> to your grandmother that Gotse was a Bulgarian, a Tatar",neutral,negative,neutral,negative,0.8,negative,0.95,5,negative,2,False,3,0.6,False,True,False,True,True,"CardiffNLP, BERTweet"
UgwsGNbYlpqVK3FZrSZ4AaABAg,"Which other country allows on its territory a former occupier to celebrate victories in which they ""liberated Southern Serbia"". The vassalage of North Macedonia to that hegemonic state is high time to end!",negative,positive,negative,negative,0.8,negative,0.95,5,negative,2,False,4,0.8,True,False,True,True,True,NLPTown
UgwsGNbYlpqVK3FZrSZ4AaABAg.ANLx0g_doA1ANS0HQa-hEC,"Serbia is Macedonia's best neighbor. Macedonians and Serbs are the real brothers. Unlike Tatarstan (Bulgaria), which has a totally negative policy towards Macedonia. He doesn't recognize people hey?? In the 21st century? You are the Tatar Mongols...",negative,positive,negative,negative,0.8,positive,0.85,5,negative,2,False,3,0.6,True,False,True,True,False,"NLPTown, Llama"
UgyHud9L8EVE_gjQUtd4AaABAg,"They are from Macedonia. It doesn't matter, how they decided ethnically😃😄😄😄😄😄😄 smileyyyyyyyyyyyyyyyyyyyyyyy",positive,negative,positive,positive,0.95,positive,0.95,5,positive,2,False,4,0.8,True,False,True,True,True,NLPTown
UgyHud9L8EVE_gjQUtd4AaABAg.ANF56M53cbfANFl_obRfr-,There are no lies,negative,negative,neutral,positive,0.95,negative,0.9,5,negative,3,False,3,0.6,True,True,False,False,True,"BERTweet, Gemma"
UgzlYBBGZikvFTp5u2h4AaABAg,"That's what you're talking about, professor",neutral,negative,positive,negative,0.7,positive,0.95,5,,3,False,0,0.0,False,False,False,False,False,
Ugxrvt6yhLC7dSyzlrJ4AaABAg,"Well done, Mr. Zaev, you are a champion, I'm moving forward.",positive,positive,positive,positive,0.85,positive,0.95,5,positive,1,True,5,1.0,True,True,True,True,True,
UgwYo_ZiSdscNpGv58p4AaABAg,just forward,neutral,neutral,neutral,neutral,0.7,neutral,1.0,5,neutral,1,True,5,1.0,True,True,True,True,True,
Ugw4Gk-4dMZvsvMijdl4AaABAg,B. R. A. C. OOOOOOOOOOOOO,negative,neutral,neutral,negative,0.8,positive,0.95,5,,3,False,0,0.0,False,False,False,False,False,
UgwJqLk8k8JjoKhNijd4AaABAg,Kopuk Murtinsky,neutral,positive,neutral,neutral,0.7,neutral,1.0,5,neutral,2,False,4,0.8,True,False,True,True,True,NLPTown
UgxaJYEQL-1TeA5ckWt4AaABAg,Bravo to Trendafilov. A smart and good Bulgarian.,positive,positive,positive,positive,0.98,positive,0.95,5,positive,1,True,5,1.0,True,True,True,True,True,
UgxaJYEQL-1TeA5ckWt4AaABAg.9XZU44CfNEp9Xc1kdAq7U1,"Stupid Tatar, like you.",negative,negative,negative,negative,0.8,negative,1.0,5,negative,1,True,5,1.0,True,True,True,True,True,
UgxaJYEQL-1TeA5ckWt4AaABAg.9XZU44CfNEp9Xc2hviBlUL,"<USER> Genetically, Bulgarians and Macedonians are almost identical. brotherly nations. They have one and the same root. They have almost the same mentality, language and many other things that connect them.",neutral,negative,positive,positive,0.85,positive,0.95,5,positive,3,False,3,0.6,False,False,True,True,True,"CardiffNLP, NLPTown"
UgxaJYEQL-1TeA5ckWt4AaABAg.9XZU44CfNEp9XiCXgOtsFw,<USER> Stupid Tatars are called Macedonians.,negative,negative,negative,negative,0.8,negative,1.0,5,negative,1,True,5,1.0,True,True,True,True,True,
UgxaJYEQL-1TeA5ckWt4AaABAg.9XZU44CfNEp9Xkuel5y6nZ,"<USER> Reborn, you will have no future, Serbian scum!",negative,negative,negative,negative,0.85,negative,1.0,5,negative,1,True,5,1.0,True,True,True,True,True,
UgxaJYEQL-1TeA5ckWt4AaABAg.9XZU44CfNEp9YJyPHDvjk-,"<USER> A Macedonian cannot be identical with someone who is Bulgarian! Bulgarians are a Turkish people, with a Turkish language!",neutral,negative,neutral,negative,0.8,negative,0.95,5,negative,2,False,3,0.6,False,True,False,True,True,"CardiffNLP, BERTweet"
UgxZiu-z444mmCsxk9B4AaABAg,"don't be afraid, the process has started, we are with you",positive,positive,positive,positive,0.95,positive,0.95,5,positive,1,True,5,1.0,True,True,True,True,True,
UgwCPb78tlAHmz1aIwJ4AaABAg,I am very sick of North Macedonian Communism.,negative,negative,negative,negative,0.8,negative,1.0,5,negative,1,True,5,1.0,True,True,True,True,True,
UgwCPb78tlAHmz1aIwJ4AaABAg.9Z9YDNhxJKh9aUWnmpOXI_,Macedonia is a mess bigger than communism,negative,negative,negative,negative,0.8,negative,0.95,5,negative,1,True,5,1.0,True,True,True,True,True,
Ugzq2YgJT9i582EQSX14AaABAg,"Every day I play the news from Macedonia, and every day they preach hatred in direct and indirect mode, as well as inertia.",negative,positive,negative,negative,0.8,negative,0.95,5,negative,2,False,4,0.8,True,False,True,True,True,NLPTown
UgyP7whzBuwgPciBIrp4AaABAg,Hahahaha Hahahaha Hahahaha,neutral,negative,neutral,negative,0.8,negative,1.0,5,negative,2,False,3,0.6,False,True,False,True,True,"CardiffNLP, BERTweet"
Ugy9UWU_wmCoODih7LF4AaABAg,I sold you all to Gratzki,neutral,negative,neutral,negative,0.8,negative,1.0,5,negative,2,False,3,0.6,False,True,False,True,True,"CardiffNLP, BERTweet"
UgzDRg3GPyj_MdDtYwJ4AaABAg,"As I can see and know that in Deltsevo, even the candidates for councilors did not meet you, you were met by 5 people and where are the remaining 10",negative,negative,neutral,negative,0.75,negative,0.95,5,negative,2,False,4,0.8,True,True,False,True,True,BERTweet
UgwpauMPzP9ZLk74r3l4AaABAg,👏 Bacev💓,positive,positive,neutral,positive,0.95,positive,0.95,5,positive,2,False,4,0.8,True,True,False,True,True,BERTweet
Ugzs-8HNqxqVlan-HJp4AaABAg,"Go ahead, Janko! Well done.",positive,positive,positive,positive,0.85,positive,0.95,5,positive,1,True,5,1.0,True,True,True,True,True,
UgzMtQhBsyy2DZSpA3h4AaABAg,BRAVO...YOU AND LEVICA ARE THE SAVE FOR MACEDONIA,positive,positive,positive,positive,0.85,positive,0.95,5,positive,1,True,5,1.0,True,True,True,True,True,
UgyRn5nrJJaB8x4gjMZ4AaABAg,"We are waiting for a new government. Forward Bacev, together with other patriots Long live Macedonia",positive,positive,positive,positive,0.85,positive,0.95,5,positive,1,True,5,1.0,True,True,True,True,True,
Ugyq3mcl17hiHghXifV4AaABAg,Congratulations Mr. Bachev. 🇲🇰🇲🇰🇲🇰🇲🇰🇰🇲🇲🇰🇰🇲🇰🇲🇰🇲🇰🇲🇰🇲🇰🇲🇰🇲🇰🇲🇰🇲🇰 GO AHEAD!!! 💪,positive,positive,positive,positive,0.95,positive,0.95,5,positive,1,True,5,1.0,True,True,True,True,True,
Ugx6ihoLMU1Qp3c-Ngx4AaABAg,bless Janko Bachev. long live macedonia!,positive,negative,positive,positive,0.95,positive,0.95,5,positive,2,False,4,0.8,True,False,True,True,True,NLPTown
Ugy-wrsKgOQQM-aP1j94AaABAg,"Mr. Bacev, give new early parliamentary elections now, so that we can give you a chance because you are fighting honestly without anyone crying for you.",positive,positive,neutral,positive,0.82,positive,0.95,5,positive,2,False,4,0.8,True,True,False,True,True,BERTweet
UgwHEH1-8AHuj6-fOi14AaABAg,"Wait, Macedonian brothers. Only VMRO is sent to power And for SDS it will be fucking dead.",negative,negative,negative,negative,0.8,negative,0.95,5,negative,1,True,5,1.0,True,True,True,True,True,
UgwHEH1-8AHuj6-fOi14AaABAg.8itAJiRMgSD8jJ1Kgs2R8J,"iGorast, EITHER ONE OR THE OTHER DOESN'T GET MORE CHANCES LIKE THIS AND IN THEIR PRIVATE LIVES, THEY LET THEM DO WHAT THEY WANT, WE ARE NOT AT ALL INTERESTED IN LET THEM DELIVER THEMSELVES AND PAY THEIR BILLS FOR THE PEOPLE, THEY ARE A CLOSED THOUGHT AND SUBJECT!!!!!",negative,negative,negative,negative,0.8,negative,0.95,5,negative,1,True,5,1.0,True,True,True,True,True,
UgxqI49EoZnkvqn5xiB4AaABAg,"When it comes to love, anything can be said!",neutral,positive,positive,neutral,0.65,positive,0.95,5,positive,2,False,3,0.6,False,True,True,False,True,"CardiffNLP, Gemma"
UgxqI49EoZnkvqn5xiB4AaABAg.9cxQUCRyIq29cyv6abBKD1,🇲🇰🇲🇰🇲🇰💪👌🦁🐅❤️,positive,positive,neutral,positive,0.85,positive,0.95,5,positive,2,False,4,0.8,True,True,False,True,True,BERTweet
UgxqI49EoZnkvqn5xiB4AaABAg.9cxQUCRyIq29d3_zm6Eogs,"here I will tell you with ""love"", you are a bad tribe!",negative,positive,negative,negative,0.8,negative,0.95,5,negative,2,False,4,0.8,True,False,True,True,True,NLPTown
Ugy3S3RVQwECDtGSQYJ4AaABAg,"Stop calling this Ivanov already, I can't listen to him anymore with his pathetic attempts to justify the unjustifiable.",negative,negative,negative,negative,0.8,negative,0.95,5,negative,1,True,5,1.0,True,True,True,True,True,
Ugy3S3RVQwECDtGSQYJ4AaABAg.9d0ZrrRPf-W9d3_tr0tmgN,<USER> sikter shit Tatar !,negative,negative,negative,negative,0.8,negative,1.0,5,negative,1,True,5,1.0,True,True,True,True,True,
UgzjiEXicAUdhzibBed4AaABAg,Congratulations to Dimitar Kovacevski...,positive,positive,positive,positive,0.95,positive,1.0,5,positive,1,True,5,1.0,True,True,True,True,True,
UgzMHmbYA6eNTlZ1htl4AaABAg,"He will say yes, you are a traitor, you don't listen to the people",negative,negative,negative,negative,0.8,negative,0.95,5,negative,1,True,5,1.0,True,True,True,True,True,
UgzESKCluoTMywVujy94AaABAg,"It's true that money is a pain in the ass, we would sell everything for money and for a mere government",negative,negative,negative,negative,0.8,negative,0.55,5,negative,1,True,5,1.0,True,True,True,True,True,
UgywQYeHK-bxrEl7zwp4AaABAg,They will enter the cuckoo summer,neutral,positive,neutral,negative,0.7,negative,1.0,5,,3,False,0,0.0,False,False,False,False,False,
UgynIfa5Zp9Az8wvHAp4AaABAg,the one with the bare head is a typical Yugoslavian,negative,neutral,neutral,negative,0.75,negative,0.95,5,negative,2,False,3,0.6,True,False,False,True,True,"NLPTown, BERTweet"
UgynIfa5Zp9Az8wvHAp4AaABAg.9cxtzGZIEy_9cyv8CAa1nO,🇲🇰🇲🇰🇲🇰💪👌🦁🐅🐷🙈,neutral,positive,neutral,negative,0.5,positive,0.95,5,,3,False,0,0.0,False,False,False,False,False,
Ugyy6G4aQ3UQg6-2OFd4AaABAg,"He is not telling the truth, the Macedonian people are being manipulated again, similar to the one in Prespa...shameful and shameful...insincerity...",negative,negative,negative,negative,0.8,negative,0.95,5,negative,1,True,5,1.0,True,True,True,True,True,
UgwlfzfqnN4QnjZ---N4AaABAg,"Tell me from which nation you got to be prime minister, go to the elections, if you are voted for, be prime minister",neutral,negative,neutral,negative,0.8,negative,0.95,5,negative,2,False,3,0.6,False,True,False,True,True,"CardiffNLP, BERTweet"
Ugzs4PXCHo1zZN6ZVE94AaABAg,"Zoki learns from Bisevac, he has a hundred things to learn, where he defends his homeland.",neutral,positive,neutral,negative,0.8,positive,0.95,5,,3,False,0,0.0,False,False,False,False,False,
UgwXzs3MwgE6P-2WOsh4AaABAg,"Well done Zoki, do you feel comfortable on the field dressed in a green jersey with a French coach",positive,positive,positive,positive,0.85,positive,0.95,5,positive,1,True,5,1.0,True,True,True,True,True,
UgwXzs3MwgE6P-2WOsh4AaABAg.9cyEzeEQg8K9d0VIrmtzKz,"EVERY Macedonian who has only M from Macedonia, this government should not even try to negotiate for our country",negative,negative,negative,negative,0.8,negative,0.95,5,negative,1,True,5,1.0,True,True,True,True,True,
UgxL2TrrD5pCarJWgTJ4AaABAg,"See the link that proves that Macedonians did not exist until 1944 (<URL>). The United States has officially declared that there is no Macedonian nation, no Macedonian homeland and no Macedonian self-awareness. U.S. Secretary of State Edward Stettinius to the U.S. Missions (Washington, Dec. 26, 1944) This Government considers talk of ""Macedonian Nation"", ""Macedonian Fatherland"", or ""Macedonian National Consciousness"" to be unjustified demagoguery representing ethnic or political reality, and sees in this present revival a possible cloak for aggressive intentions against Greece. [Source: U.S. Department of State, Foreign Relations vol viii, Washington, D.C., Circular Airgram (868.014/26 Dec 1944)]",negative,negative,negative,negative,0.8,negative,0.95,5,negative,1,True,5,1.0,True,True,True,True,True,
UgxL2TrrD5pCarJWgTJ4AaABAg.9czu3IjGCBH9dPidFs958X,Two red ones,neutral,negative,neutral,negative,0.8,positive,0.95,5,,3,False,0,0.0,False,False,False,False,False,
UgwIXLtP2ICrM6U3M714AaABAg,"Well done Macedonians, just go ahead.",positive,positive,positive,positive,0.85,positive,0.95,5,positive,1,True,5,1.0,True,True,True,True,True,
UgzaHISx69n3bqU1WsB4AaABAg,"Zaev's illegitimate government tried to bury us, but they forgot that we are seeds...",negative,negative,negative,negative,0.8,positive,0.95,5,negative,2,False,4,0.8,True,True,True,True,False,Llama
UgxChU1ioDDZCC1d16J4AaABAg,Congratulations to us.,positive,positive,positive,positive,0.85,positive,0.95,5,positive,1,True,5,1.0,True,True,True,True,True,
UgxChU1ioDDZCC1d16J4AaABAg.8nFBHhv16c38nFCGrWJ6Wa,"This treacherous Government must go, if it doesn't want to, we have to occupy the Parliament! In mass protests. I know that these traitors are finished! They will be under great pressure from us Macedonians!",negative,negative,negative,negative,0.8,negative,0.95,5,negative,1,True,5,1.0,True,True,True,True,True,
UgxChU1ioDDZCC1d16J4AaABAg.8nFBHhv16c38nkLjAKiJEX,"Goce Strezoski; When we the people come out en masse, then the police will withdraw! * I could not imagine that the police would rape their fellow citizens; relatives and friends! * Only MASS PROTESTS are a solution and a way out of this chaos✊",negative,negative,negative,negative,0.8,positive,0.95,5,negative,2,False,4,0.8,True,True,True,True,False,Llama
UgxChU1ioDDZCC1d16J4AaABAg.8nFBHhv16c38nkjg7sGKGb,<USER> and I think only mass protests and without fear! They cannot arrest a whole nation! This treacherous government was only put in place by the west to change our name and nothing else! We have a problem from the west! They do not want Macedonia and the Balkans to move forward!,negative,negative,negative,negative,0.65,negative,0.95,5,negative,1,True,5,1.0,True,True,True,True,True,
UgwUWMfEPon7BWy_76h4AaABAg,MACEDONIA TO THESSALONIKI,negative,positive,neutral,negative,0.8,neutral,0.85,5,,3,False,0,0.0,False,False,False,False,False,
Ugz4m-x42ow8Em8rc5B4AaABAg,THESE SHOULD GO TO ZOLOSKA NOT TO STINK OUR PLACE,negative,positive,negative,negative,0.8,negative,0.95,5,negative,2,False,4,0.8,True,False,True,True,True,NLPTown
UgwT2DZaMm1Cjv4t4C14AaABAg,How much money were the traitors sold for???,negative,negative,negative,negative,0.8,negative,1.0,5,negative,1,True,5,1.0,True,True,True,True,True,
UgwrfilmMQPNHaI75r94AaABAg,"Don't get your hopes up, for France it used to be most important to solve the problem with Greece, now it's the problem with the law, so then it will ask to solve something third and until further notice, France will not allow the entry of a country with a large percentage of Muslims, no country from Western Europe wants a member with a large population of Muslims",negative,negative,negative,negative,0.8,negative,0.95,5,negative,1,True,5,1.0,True,True,True,True,True,
UgyE7-MPxs7Luv85vxp4AaABAg,"Don't give up, fellow Macedonians ✊✊",positive,positive,positive,positive,0.85,positive,0.95,5,positive,1,True,5,1.0,True,True,True,True,True,
UgyE7-MPxs7Luv85vxp4AaABAg.8hUVakcBthU8prj5FPzFSn,made in Macedonia. 1. r. Macedonia. 2. North Macedonia (Soros propaganda). 3. slavic Macedonia ju.,neutral,negative,negative,negative,0.8,negative,0.95,5,negative,2,False,4,0.8,False,True,True,True,True,CardiffNLP
UgwKh-rO7YPplPPRgdN4AaABAg,"Do not moan if you continue and Hungary will veto our entry because justice does not work, that they are persecuted politically, and the Mercedes is exactly that political persecution",negative,negative,negative,negative,0.8,negative,0.95,5,negative,1,True,5,1.0,True,True,True,True,True,
Ugw2v2T3In8ONCsevS14AaABAg,"Ha, ha, ha Europe's reputation will be damaged because the Macedonians did not believe in the value of Europe, they changed our name and identity and the stick did not hurt them, so now you are shaking them Blagoja Markovski",negative,negative,negative,negative,0.8,negative,0.95,5,negative,1,True,5,1.0,True,True,True,True,True,
UgxwpQL88KPDzJ-Hf0R4AaABAg,"The minister should resign due to command and moral responsibility, only that applies to normal countries, like Zaev should have resigned after the unsuccessful Referendum, like Charles de Gaulle did at the time, as well as Prime Minister Cameron, but because of the successful Brexit Referendum, he opposed it!?",negative,negative,neutral,negative,0.75,negative,0.95,5,negative,2,False,4,0.8,True,True,False,True,True,BERTweet
UgxJj6QWvp4pLnBG9ad4AaABAg,"The presenter doesn't know which camera is filming, so she's looking somewhere in a phone!?",neutral,negative,negative,negative,0.8,negative,0.95,5,negative,2,False,4,0.8,False,True,True,True,True,CardiffNLP
UgxT19roW5085XhEtnp4AaABAg,"Ha, ha, ha Spasovski would have resigned himself if he was in Sweden, but there is no resignation in the Balkans, even if they ask for it with a Kalashnikov, and all the criminals should escape, ha, ha, ha, we will soon enter the EU",negative,negative,negative,negative,0.8,negative,0.95,5,negative,1,True,5,1.0,True,True,True,True,True,
UgymsHcpq-UCCsKRFQB4AaABAg,"Even the renowned lawyer Arben Golja stated on a television that he does not see any crime in the verdict for ""Mercedes"", a hundred more is needed to assess that it is a political persecution, as is the accusation about the samaras in Center, that's why on the recording he was heard saying ""hit him with a few samaras"", and that is characterized as incitement to violence!?",negative,negative,neutral,negative,0.8,negative,0.94,5,negative,2,False,4,0.8,True,True,False,True,True,BERTweet
UgxI2RqX79aohpj16g54AaABAg,"Bray calf Nikola was running along Vardar, he was getting ready to swim across the lake in condition, in case Lihnida's boat failed, ha, ha, ha. Lihnida was the one who carried him across the lake, Spasovski went to arrest her",neutral,negative,neutral,negative,0.8,negative,0.94,5,negative,2,False,3,0.6,False,True,False,True,True,"CardiffNLP, BERTweet"
UgxI2RqX79aohpj16g54AaABAg.8njPMTY2pic8nk0Y-46otY,HE GAVE HIM A GOOD IDEA AND NOW HE'S LOOKING FOR IT HAHA,positive,positive,positive,positive,0.85,negative,0.95,5,positive,2,False,4,0.8,True,True,True,True,False,Llama
UgyTEv9ldymWNoIknXN4AaABAg,Why are you defocusing the people? The real conversation should be how the real SDSSoros criminals should be put in prison for the crimes they committed and continue to commit against the Macedonian people.,negative,negative,negative,negative,0.8,negative,0.95,5,negative,1,True,5,1.0,True,True,True,True,True,
UgxEXeV7325GixBfmOl4AaABAg,manel,neutral,neutral,neutral,neutral,0.85,neutral,1.0,5,neutral,1,True,5,1.0,True,True,True,True,True,
Ugy_nEKyuVhlLR3TX394AaABAg,"It is important that the lawyer is instructed that the SJO and the Minister are not to blame for anything, it is not important if he is instructed about the extradition!",negative,neutral,neutral,negative,0.75,negative,0.95,5,negative,2,False,3,0.6,True,False,False,True,True,"NLPTown, BERTweet"
UgwprFkPBDBwZXflE794AaABAg,"And does the security expert expect that the 8 outlaws will vote Yes in the Parliament, if they are not amnestied!?",negative,negative,neutral,negative,0.8,negative,0.95,5,negative,2,False,4,0.8,True,True,False,True,True,BERTweet
UgxxkCHlqi_vxQc25Qd4AaABAg,"They didn't focus or anything, it's simply because of Gruevski's escape, that's what Katica Janeva told her, and she didn't mention any assessment!?",negative,negative,neutral,negative,0.7,negative,0.95,5,negative,2,False,4,0.8,True,True,False,True,True,BERTweet
Ugw-xr2-q13F-2V3FeB4AaABAg,"At the Hungarian border itself, Gruevski could say that he was seeking political asylum, in which case he did not have to show a travel document! In the case of Guevski, he most likely escaped in order to disclose the ""independent"" judiciary and the ""independent"" SJO before the EU, with the possibility of renewing the court processes!?",negative,negative,neutral,negative,0.8,negative,0.95,5,negative,2,False,4,0.8,True,True,False,True,True,BERTweet
UgyXNmtR8rL72I7ShiJ4AaABAg,"You defend the SJO enough, lawyer, so they were the prosecutors, they are the ones who should have demanded special measures, how come they asked the court to detain Janakieski and Lazarevski!?",negative,negative,neutral,negative,0.8,negative,0.95,5,negative,2,False,4,0.8,True,True,False,True,True,BERTweet
UgwPdxN9JfqVFaeHAK54AaABAg,"Well, it won't sit well with you to play a joke with him, to sue him for encouraging him to buy a ""Mercedes"", because he wanted to drive sometimes, and to sentence him to two years in prison, for which even a renowned lawyer declared on a television that he did not see any crime, or for inciting violence, because in the recording he was heard saying, ""hit him with a few samaras""!?",negative,negative,negative,negative,0.8,negative,0.95,5,negative,1,True,5,1.0,True,True,True,True,True,
UgyUCSFY-t3GUf37Cj14AaABAg,Someone here needs to improve the sex life,neutral,neutral,negative,negative,0.8,negative,0.9,5,negative,2,False,3,0.6,False,False,True,True,True,"CardiffNLP, NLPTown"
UgzFOBdUHDQnKxUhFkx4AaABAg,So Markovski allowed that for many Gruevski is a star!,positive,positive,positive,positive,0.85,negative,0.9,5,positive,2,False,4,0.8,True,True,True,True,False,Llama
Ugy0KcY1VIpnsZaLR2h4AaABAg,how absurd it is when one listens to the servants of the devil....,negative,negative,negative,negative,0.8,negative,1.0,5,negative,1,True,5,1.0,True,True,True,True,True,
UgwqUUnyxdjDACAKgMV4AaABAg,"OPEN YOUR EYES AND SEE A RABBIT, YOU'VE BEEN CHASING US TO KNOW HOW HE ESCAPED, YOU WILL NEVER EVEN KNOW HE'S GONE AND HOPEFULLY YOU'LL HELP WHEN THE EU SEES WHAT'S HAPPENING AND UNTIL THEN YOU'RE LOOKING FOR REVENGE ON SAMAR FOR THIS",neutral,positive,negative,negative,0.8,negative,0.95,5,negative,3,False,3,0.6,False,False,True,True,True,"CardiffNLP, NLPTown"
Ugw4kvKo5AnC3RxP4jt4AaABAg,"Lawyer and former public prosecutor, you do not claim anything responsible!",negative,negative,negative,negative,0.8,negative,0.95,5,negative,1,True,5,1.0,True,True,True,True,True,
UgzEAgxP6PgOZpKCE114AaABAg,"Lawyer, you defend the SJO and the Minister a lot, so I guess you don't expect the banks to report when their customers withdraw their money!? This is a question of principle!",negative,negative,negative,negative,0.85,negative,0.95,5,negative,1,True,5,1.0,True,True,True,True,True,
UgwR2kPsSMmjrKCl11h4AaABAg,These. Petpare. Um. Si. It doesn't have. A. The hostess. Disaster stories. Si. They say,negative,negative,negative,neutral,0.7,negative,0.94,5,negative,2,False,4,0.8,True,True,True,False,True,Gemma
UgwWHgHxmMobkWgrfLF4AaABAg,left in a yellow van,neutral,negative,neutral,negative,0.7,negative,1.0,5,negative,2,False,3,0.6,False,True,False,True,True,"CardiffNLP, BERTweet"
UgyH_wunkgM16UPyAS14AaABAg,No withdrawal from Ancient Macedonia...,negative,negative,neutral,neutral,0.7,negative,0.9,5,negative,2,False,3,0.6,True,True,False,False,True,"BERTweet, Gemma"
UgyH_wunkgM16UPyAS14AaABAg.8oWl8qGkc1M8oWyvf2RFlj,"<USER>-ksb9gd Our history is everyday for generations, only Greeks write history, who are you and what kind of history are you defending, that's your job, jerk...",negative,negative,negative,negative,0.8,negative,0.95,5,negative,1,True,5,1.0,True,True,True,True,True,
UgyH_wunkgM16UPyAS14AaABAg.8oWl8qGkc1M8oX0hASDCQe,"<USER> It can be seen from the composition of the sentences that you have an IQ coefficient lower than the number of barrels, that history, which you believe applies from Kumanovo to Gevgelija and nowhere else, and after the ratification of the agreement it will not apply here either, so you can just grab your penis and be self-satisfied.",neutral,negative,neutral,negative,0.85,negative,1.0,5,negative,2,False,3,0.6,False,True,False,True,True,"CardiffNLP, BERTweet"
UgyH_wunkgM16UPyAS14AaABAg.8oWl8qGkc1M8oX3RJsTiPH,"<USER>-ksb9gd If you show culture and behavior you have not impressed me, cut your nose.",negative,negative,negative,negative,0.8,negative,0.95,5,negative,1,True,5,1.0,True,True,True,True,True,
Ugwi_o3g7B9lMSewI814AaABAg,"Well done, that's how the name should be changed, we need to join the EU and then enter",positive,positive,neutral,negative,0.8,positive,0.95,5,positive,3,False,3,0.6,True,True,False,False,True,"BERTweet, Gemma"
UgwkwYIYKoFwLFKkuxh4AaABAg,This man deserves to be president,positive,positive,positive,positive,0.95,positive,0.95,5,positive,1,True,5,1.0,True,True,True,True,True,
UgxKz7yBv-PS5pJ3qZN4AaABAg,"Nice guests came to you, well done, which deredje you came to",positive,positive,positive,negative,0.5,positive,0.85,5,positive,2,False,4,0.8,True,True,True,False,True,Gemma
UgzRVzBpmc0uBFdr0594AaABAg,"Come on, walk",neutral,positive,neutral,negative,0.8,neutral,1.0,5,neutral,3,False,3,0.6,True,False,True,False,True,"NLPTown, Gemma"
UgzkSbpZunEZgPqmsT14AaABAg,You don't have a normal friend,negative,positive,negative,negative,0.7,negative,1.0,5,negative,2,False,4,0.8,True,False,True,True,True,NLPTown
UgySMJ7eN-Mv2sD-clF4AaABAg,Exactly Micho....,neutral,positive,neutral,negative,0.8,neutral,1.0,5,neutral,3,False,3,0.6,True,False,True,False,True,"NLPTown, Gemma"
UgwAr8lMh0pom20YD1R4AaABAg,The Macedonian is only in slavery when he feels like it,negative,neutral,negative,negative,0.7,negative,0.95,5,negative,2,False,4,0.8,True,False,True,True,True,NLPTown
UgwZJu6UmfRgaGInlHR4AaABAg,"THERE ARE DEFINITELY YOUNG, QUALIFIED STAFF...THE SAME STAFF THEMSELVES SHOULD INVEST PUBLICLY WITH THEIR CAPACITIES FOR THEIR OWN GOOD, AND THIS IS ACHIEVED WITH SELECTIVE TOP DEBATES THAT EVERY NEWS AGENCY SHOULD BE HE IS INTERESTED NOT IN USELESS CRITICISM..AND THEY ARE ALWAYS OUTSTANDING..IT IS A SHAME IN TODAY'S TIME WITH THE INTERNET ACHIEVEMENTS TO LEAVE THE ABILITY TO THE INCAPABLE..CULTURE IS LEARNED BY DEEDS NOT BY RELATIONSHIPS WITH ADVANCED GALAXISTS IN EVERYTHING..",negative,positive,neutral,positive,0.7879,positive,0.85,5,positive,3,False,3,0.6,False,True,False,True,True,"CardiffNLP, BERTweet"
UgyAlwLUWZorDItVW5Z4AaABAg,WHAT IS MICKO TALKING ABOUT? DOES HE KNOW WHAT HE WANTS TO SAY...!!,negative,negative,neutral,negative,0.8,negative,0.95,5,negative,2,False,4,0.8,True,True,False,True,True,BERTweet
UgyAlwLUWZorDItVW5Z4AaABAg.9tT9SxnIlXz9tWqKDw4_HE,"THERE IS A PLAN, AND ACCORDING TO THAT PLAN IT IS ACCOMPLISHING",positive,positive,positive,positive,0.85,positive,0.95,5,positive,1,True,5,1.0,True,True,True,True,True,
UgyAlwLUWZorDItVW5Z4AaABAg.9tT9SxnIlXz9tXs7uKTBuE,<USER> Is it possible to lend a hand for the good of Macedonia? If we don't unite we are gone.,negative,negative,neutral,positive,0.85,positive,0.95,5,,3,False,0,0.0,False,False,False,False,False,
UgzmAW7D4IkD80cYKHZ4AaABAg,"Trajko will burst from pain because he is not a minister, he is so prudent and jealous. Mr. Minister, we have seen your potential for the development of the Macedonian economy. Enough of watching shows, your time has passed!",negative,positive,negative,negative,0.8,negative,0.95,5,negative,2,False,4,0.8,True,False,True,True,True,NLPTown
UgyxlTpgin1-JKM9Ant4AaABAg,"Tevdovski's domestic enterprises belong to those Branko who divided their property and their capital should be confiscated and sold at a real auction, and not be given more money from the budget",negative,negative,negative,negative,0.8,negative,0.95,5,negative,1,True,5,1.0,True,True,True,True,True,
UgwnPDFGLf-dbMr_ksB4AaABAg,You will have 25 000 000 Euros more to steal Monkeys Aramishta you are not scared,neutral,negative,negative,negative,0.8,negative,0.99,5,negative,2,False,4,0.8,False,True,True,True,True,CardiffNLP
Ugyhbl7ptTPhHU-zCQV4AaABAg,woe to the people with such ministers and government,negative,negative,negative,negative,0.8,negative,0.95,5,negative,1,True,5,1.0,True,True,True,True,True,
Ugw5XOu5gtuEAQeVkuh4AaABAg,"Minister, the debate is weak, good for Mrs. Daniela, let the old Albanian learn money",negative,neutral,neutral,negative,0.8,negative,0.8,5,negative,2,False,3,0.6,True,False,False,True,True,"NLPTown, BERTweet"
Ugz7irjMDMJ85yYMHWB4AaABAg,"That Chepreganov is a northerner, a traitor to the Macedonian people.",negative,negative,negative,negative,0.8,negative,1.0,5,negative,1,True,5,1.0,True,True,True,True,True,
Ugxjz2nZzalv0GCke5R4AaABAg,"A younger, more retarded and twisted version of Tsomovski",negative,negative,negative,negative,0.8,negative,1.0,5,negative,1,True,5,1.0,True,True,True,True,True,
Ugxjz2nZzalv0GCke5R4AaABAg.8tLY4TzFRPo8tMRB7tt1UW,"Vladimir Ristevski Yes, the pear does not fall far from the tree! Otherwise, the small CHOMO is a complete disaster!",negative,negative,negative,negative,0.65,negative,0.95,5,negative,1,True,5,1.0,True,True,True,True,True,
Ugz7h_YuVJ054dJ50aN4AaABAg,"Instead of dreaming that the EU will help them and solve their life problems, the Macedonians are lying. Just ask the Bulgarians and Romanians, the Macedonians don't need the EU, they need harmony and effort, not to sit in bars. The EU will bring only high fees and corruption.",negative,negative,negative,negative,0.8,negative,0.95,5,negative,1,True,5,1.0,True,True,True,True,True,
Ugwswzoe2aMy42eAB3d4AaABAg,Yes for the constitutional name R. Macedonia. Not with blackmail in the EU and NATO..,negative,negative,neutral,negative,0.8,positive,0.95,5,negative,3,False,3,0.6,True,True,False,True,False,"BERTweet, Llama"
Ugx7hooNU5o5DsgPHKB4AaABAg,"in Kyustendil and Gotse Delchev there were many ""Macedonians""..... ha ha ha ha ha ha ha ha ha ha ha ha ha ha ha ha ha ha ha ha ha ha ha",neutral,negative,neutral,negative,0.8,negative,1.0,5,negative,2,False,3,0.6,False,True,False,True,True,"CardiffNLP, BERTweet"
Ugx0bpqo5eabgVFQP-R4AaABAg,All traitor to traitor 😢,negative,negative,negative,negative,0.8,negative,1.0,5,negative,1,True,5,1.0,True,True,True,True,True,
Ugy4DWmjJVcVLR_oBsZ4AaABAg,"Come back to VMRO DPMNE and be the director of the museum again, because when you were the museum, you worked most successfully.👍",positive,positive,positive,positive,0.85,positive,0.95,5,positive,1,True,5,1.0,True,True,True,True,True,
Ugxq9gbhsmA6Pd3wXR14AaABAg,Macedonia needs managers who have contacts who will ensure its placement in the markets,neutral,positive,neutral,neutral,0.7,negative,0.9,5,neutral,3,False,3,0.6,True,False,True,True,False,"NLPTown, Llama"
UgxOXWVryawUl8I8yYV4AaABAg,"With the mere ""push of the salary up"" there will be masters without masters there is no way forward",negative,negative,negative,negative,0.75,negative,0.95,5,negative,1,True,5,1.0,True,True,True,True,True,
UgwSALKI1YMK61rTxuZ4AaABAg,Macedonians have been complaining for 35 years.. you as a revolutionary party should propose the death penalty and not complaining activities,negative,negative,negative,negative,0.8,negative,0.95,5,negative,1,True,5,1.0,True,True,True,True,True,
UgwiP_zFofy6H7Sz4MZ4AaABAg,"Demiri and all Albanians have Ohrid and the creation of Ilirida in his head, his stick hurts for Asnom and for Macedonia, and you ask Aneta.",negative,negative,negative,negative,0.8,negative,0.95,5,negative,1,True,5,1.0,True,True,True,True,True,
UgwJD-2NPAmZ6GoqZxl4AaABAg,"The public prosecutor is silent about the violation of all legal regulations by the government, why are you silent?? That's why he is CORRUPT and should go to court and jail. That will not happen because the first people of the government are protecting it. Everyone knows about it.",negative,negative,negative,negative,0.8,negative,0.95,5,negative,1,True,5,1.0,True,True,True,True,True,
UgywgPyDrLGkR_Nx9594AaABAg,It's hard for the people with this policy. Only the people suffer,negative,neutral,negative,negative,0.7,negative,0.95,5,negative,2,False,4,0.8,True,False,True,True,True,NLPTown
UgxQqqlsvJpzT_kdTFx4AaABAg,"Ah,.. die Aneta.....",neutral,negative,negative,negative,0.8,negative,0.95,5,negative,2,False,4,0.8,False,True,True,True,True,CardiffNLP
UgyaATkg9Alt8SNCxWl4AaABAg,"if the macedonian language is south slavic, then what is the language spoken by the macedonians in greece. or they are also South Slavic Greeks",neutral,negative,neutral,negative,0.75,neutral,0.85,5,neutral,2,False,3,0.6,True,False,True,False,True,"NLPTown, Gemma"
UgwD65iGStGV0br7kPt4AaABAg,"Macedonia is a country of three constitutive peoples: Macedonians, Albanians, Turks and other nationalities with three official state languages ​​ASNOM",neutral,positive,neutral,neutral,0.7,neutral,1.0,5,neutral,2,False,4,0.8,True,False,True,True,True,NLPTown
UgwD65iGStGV0br7kPt4AaABAg.8nJ1FB6Zm3Y8nJdZG8TaOV,Voskre Glavintsevska And why are those hairs or their tongues thickened FROM licking the Slavo-Macedonian Gaz,negative,negative,negative,negative,0.8,negative,0.95,5,negative,1,True,5,1.0,True,True,True,True,True,
UgykrJlISsDbjRQe1DF4AaABAg,the geographical and ethnic borders of Macedonia are not the same,negative,neutral,neutral,neutral,0.7,neutral,1.0,5,neutral,2,False,4,0.8,False,True,True,True,True,CardiffNLP
Ugyje0Dktoy4a-Ubim14AaABAg,The child is an example of intelligent and critical thought for every young person! All the best!,positive,positive,positive,positive,0.85,positive,0.95,5,positive,1,True,5,1.0,True,True,True,True,True,
UgzkqlRZ5xWyzfQ4hmJ4AaABAg,What an orator and a great man Amar is! ALL IN on Levica!,positive,positive,positive,positive,0.98,positive,0.95,5,positive,1,True,5,1.0,True,True,True,True,True,
UgwpmpsLN4hGjrJLrp14AaABAg,"Lipco Petreski, how did you word this comment, God bless you. 👏👏👏👍 0:20",positive,negative,positive,positive,0.98,positive,1.0,5,positive,2,False,4,0.8,True,False,True,True,True,NLPTown
UgxmHfrctGWECnVl5GB4AaABAg,"Well done! Simply the right man in the right place! Every normal person would like to see and hear a normal person AND a good MP and not parrots like many! Of course, the ability to criticize with arguments allows him to speak like that, unlike those who defend INDEFENDABLE AND SELF-INTEREST!",positive,positive,positive,positive,0.7879,positive,0.85,5,positive,1,True,5,1.0,True,True,True,True,True,
Ugysz-0EidufyCVA3-t4AaABAg,"I am proud to have voted for you. Pance is not even up to your wits. It takes him 3 minutes to make a sentence. Don't let God be your lawyer, you will lose the case and if you don't need 100%. You, bless that mother who gave birth to you and those parents who raised you. Let them raise their heads proudly and high. You SHINE in the congregation. Pance is not even close to your little finger. I don't know if Apasiev will gave you less than 10 for oratory👏👏👏👏AMAR❤",positive,positive,positive,positive,0.8947,positive,0.98,5,positive,1,True,5,1.0,True,True,True,True,True,
UgwVzEuKKGFDBxhTGIx4AaABAg,"PS Friends, your colleagues from the government with 81.9 do not understand your vocabulary",negative,negative,negative,negative,0.75,negative,0.95,5,negative,1,True,5,1.0,True,True,True,True,True,
UgwJWCDovzVfLS3aTeN4AaABAg,This man is arguing several times in the Parliament with thoughts of the basic thing about the crying money and those only guides for the blind who do not see more than the nose or what they wrote on a piece of book!,negative,negative,negative,negative,0.72,negative,0.95,5,negative,1,True,5,1.0,True,True,True,True,True,
UgxqAJxj6ZDwi6kUbC54AaABAg,The lives of their mafia children matter,negative,neutral,negative,negative,0.7,negative,0.95,5,negative,2,False,4,0.8,True,False,True,True,True,NLPTown
UgxKrVeDVl-saj_EbqR4AaABAg,"Boy, do you think that this tragedy affects the MPs: VMROVCI, SDSOVCI, PavletrajanOVCI, ZINGOVCI, TitopetkovCI, BUNTUROVCI, Stojanche ANGELOVCI., ZNAMOVCI...?????? About 850,000 ""Macedonians"" voted for them?????",negative,negative,negative,negative,0.8,negative,0.94,5,negative,1,True,5,1.0,True,True,True,True,True,
UgxKrVeDVl-saj_EbqR4AaABAg.AHYARyQhb6HAHbYnqPGm7v,"Ljupco Petreski, how did you say this message, God bless you. You named all the python parties that are running around in the name of patriotism of Macedonia and sucking the blood and sweat of this people. PEOPLE OF MACEDONIA WAKE UP YOUR CONSCIOUSNESS, IT IS A BIG SHAME FOR YOU TO NOT KNOW YOURSELF Long live the Left ✊️🇲🇰",negative,negative,negative,negative,0.8,negative,0.97,5,negative,1,True,5,1.0,True,True,True,True,True,
UgyXRxBCfN9VmeRoxLR4AaABAg,"There is no such thing. You are making noise about Minister Toskovski, he is the best, because now these things are not from now on, these things are from the very beginning a shame for you, you are only talking about talking, you are fine",negative,negative,negative,positive,0.85,negative,0.93,5,negative,2,False,4,0.8,True,True,True,False,True,Gemma
Ugy18nluU44_mlR1QAR4AaABAg,"The pain of those who have lost their loved ones and those who are injured, permanently damaged and traumatized does not deserve such discussions, Shame on you all who refer to unhappiness as a subject for discussion in the arena, Let them limit themselves to finish their work, they are under pressure from all of us, the public, and journalists and you politicians, even you from the left are not for shouting, you are fighting for points and a better position for your personal interests and party goals",negative,negative,negative,negative,0.8,negative,0.92,5,negative,1,True,5,1.0,True,True,True,True,True,
UgzVKE_KZ8nNASbyeiB4AaABAg,"🤣 VETO, VETO AND AGAIN VETO",neutral,negative,negative,negative,0.8,negative,0.95,5,negative,2,False,4,0.8,False,True,True,True,True,CardiffNLP
UgzgIWIP340658H05Id4AaABAg,And told you so. VETO MEANS VETO!,neutral,negative,negative,negative,0.8,negative,0.95,5,negative,2,False,4,0.8,False,True,True,True,True,CardiffNLP
Ugw5hQO-XC3AE8Z4mzp4AaABAg,Well done to Bulgaria,positive,positive,positive,positive,0.85,positive,1.0,5,positive,1,True,5,1.0,True,True,True,True,True,
Ugw5hQO-XC3AE8Z4mzp4AaABAg.AC9hoXko6dyACBK8WImyaf,"Well done, but not well done that Bulgaria did not learn its lesson on how to deal with Macedonia. Both sides are for a stick. We who pretend to be bigger Serbs and you who let nationalists do hatred, i.e. make Macedonia even more Serbized by the will of the people.",negative,neutral,negative,negative,0.85,negative,0.8,5,negative,2,False,4,0.8,True,False,True,True,True,NLPTown
Ugwq_5enUAWhKdkqeOl4AaABAg,So just hard,negative,negative,negative,negative,0.7,negative,0.9,5,negative,1,True,5,1.0,True,True,True,True,True,
UgzYYyXIicSik0toOot4AaABAg,<URL>,neutral,neutral,neutral,negative,0.65,negative,0.75,5,neutral,2,False,3,0.6,True,True,True,False,False,"Gemma, Llama"
UgyQlGVn_LYxdXhUFYR4AaABAg,"Keep your spine firm and straight, northerners! Say NO to Bulgarianization! No Bulgarians in the constitution, no ultimatums!",negative,positive,negative,negative,0.8,negative,0.95,5,negative,2,False,4,0.8,True,False,True,True,True,NLPTown
Ugx2A1ysazcupIzoVj14AaABAg,"Serbia is stopping North Macedonia from starting negotiations, not Bulgaria.",negative,negative,neutral,negative,0.72,negative,0.9,5,negative,2,False,4,0.8,True,True,False,True,True,BERTweet
Ugx2A1ysazcupIzoVj14AaABAg.ACAT4ZaUdhnACB2tIzhCsr,"<USER> That bro is from a long time ago. Plus, it's your fault that you haven't learned how to deal with us (especially our Serbs), which Serbia decided to use to spread its goal. Watch the interview of Ljubco Georgievski by Vasko Eftov from 2022 to understand what I mean.",negative,positive,negative,negative,0.8,negative,0.95,5,negative,2,False,4,0.8,True,False,True,True,True,NLPTown
Ugx2A1ysazcupIzoVj14AaABAg.ACAT4ZaUdhnACBunsIkKfb,😂😂😂😂 Is Serbia in the EU???,neutral,negative,neutral,negative,0.8,negative,0.9,5,negative,2,False,3,0.6,False,True,False,True,True,"CardiffNLP, BERTweet"
Ugx2A1ysazcupIzoVj14AaABAg.ACAT4ZaUdhnACBxvdEt2ZB,<USER> He talks about us who are passionate about Serbia and what we listen to. It does not lag behind.,neutral,positive,positive,positive,0.85,positive,0.95,5,positive,2,False,4,0.8,False,True,True,True,True,CardiffNLP
Ugx2A1ysazcupIzoVj14AaABAg.ACAT4ZaUdhnACBySiDmaqk,"<USER> No, it almost doesn't sting.",negative,negative,negative,negative,0.8,negative,0.8,5,negative,1,True,5,1.0,True,True,True,True,True,
Ugx2A1ysazcupIzoVj14AaABAg.ACAT4ZaUdhnACHRqlwztkk,<USER> that you are a Serbian mekereta,neutral,negative,neutral,negative,0.75,negative,0.95,5,negative,2,False,3,0.6,False,True,False,True,True,"CardiffNLP, BERTweet"
UgwVFEJuhsbPWbyo5SF4AaABAg,This is a living truth,positive,positive,positive,positive,0.85,positive,0.95,5,positive,1,True,5,1.0,True,True,True,True,True,
UgwlSQRdzaoShVDTuuZ4AaABAg,"Liar, liar, panz on fire! B O Y C O T T!",negative,negative,negative,negative,0.8,negative,1.0,5,negative,1,True,5,1.0,True,True,True,True,True,
UgxDlWSa81T1PS96RFp4AaABAg,<URL> Launch an app :) we will publish another one here tomorrow.,positive,positive,positive,positive,0.85,positive,0.95,5,positive,1,True,5,1.0,True,True,True,True,True,
Ugw9V-Anfc0p6ClBUvd4AaABAg,Sarah you are so beautiful that many people would overlook the fact that you believe absolutely outdated and inconsistent nonsense...,positive,negative,negative,negative,0.8,negative,0.95,5,negative,2,False,4,0.8,False,True,True,True,True,CardiffNLP
UgyGDccb2ZlorwHS_ZJ4AaABAg,👍,positive,positive,neutral,positive,0.98,positive,1.0,5,positive,2,False,4,0.8,True,True,False,True,True,BERTweet
Ugzh_y34tJft4cdg23t4AaABAg,"One of the few beautiful neoclassical palaces in Macedonia. You should also make a video about the palaces next to the Ristician palace, which also belonged to one of the richest businessmen in old Skopje.",positive,positive,positive,positive,0.85,positive,0.95,5,positive,1,True,5,1.0,True,True,True,True,True,
UgxhKIX8rouX9_DCB6x4AaABAg,"As for us endless conditions, these are gravediggers...",negative,positive,neutral,negative,0.7,negative,0.95,5,negative,3,False,3,0.6,True,False,False,True,True,"NLPTown, BERTweet"
UgzI8n2TSr_V7rVTJf54AaABAg,"Macedonians should forget about the EU, it will never happen, the EU's plan is the division of Macedonia, nothing more, nothing less, Greece, Bulgaria and Albania will never allow Macedonia to enter the EU.",negative,negative,negative,negative,0.8,negative,0.95,5,negative,1,True,5,1.0,True,True,True,True,True,
UgwV1YBMM9pGAV9-XSl4AaABAg,"Stop blocking yourself from starting negotiations, in the interest of third parties.",negative,negative,negative,neutral,0.7,neutral,0.85,5,negative,2,False,3,0.6,True,True,True,False,False,"Gemma, Llama"
UgxyMTWa0lp2UP63t514AaABAg,VETO BY BULGARIA FOR CORRIDOR 8,neutral,negative,neutral,negative,0.8,negative,0.95,5,negative,2,False,3,0.6,False,True,False,True,True,"CardiffNLP, BERTweet"
UgxyMTWa0lp2UP63t514AaABAg.A9bytI7y6Z_A9cAEpWylkf,well done,positive,positive,positive,positive,0.98,positive,1.0,5,positive,1,True,5,1.0,True,True,True,True,True,
UgxyMTWa0lp2UP63t514AaABAg.A9bytI7y6Z_A9cJNfb9fKo,"Only ""veto"" has been in your vocabulary in recent years.",neutral,neutral,neutral,negative,0.8,negative,0.9,5,neutral,2,False,3,0.6,True,True,True,False,False,"Gemma, Llama"
UgxyMTWa0lp2UP63t514AaABAg.A9bytI7y6Z_A9cPxuW-LEi,"<USER> Since 70 years ago, the Bulgarians have been making a career in Macedonia. Everyone at all levels, on every occasion, explains how Bulgarians are Tatars, Mongols, fascists, uncivilized, etc. Even the word ""bulgarin"" is often shortened to sound more ordinary, like a negro, a second-category person, etc. I've been watching your newspapers and television for 20 years - one and the same, regardless of the occasion: wild hatred towards Bulgaria and the Bulgarians and denial of any connections at any time. You can lie to the Europeans as much as you want, but we and nearly 2 million Bulgarians from families of refugees from Greek and Serbian Macedonia know the truth. The history of VMRO is our family history. Our grandfathers and grandmothers fought for autonomous Macedonia, they lay in the trenches of the First World War, the Serbs also fought during the Southern Banovina. We know Vdicko first hand, we remember, we protect, we celebrate. We won't let you lie anymore! The truth has come out - both for the employees of the UDBA and for the murdered ASNOM members and hundreds of others persecuted for their Bulgarian intelligence. Otherwise, you yourselves today in RSMacedonia are NOT AT ALL interested in us. The truth about grandfathers needs to come out and it has. You Macedonians of today do what you want. It's your business. You are neither important nor ever important to us.",negative,negative,neutral,negative,0.6,negative,0.95,5,negative,2,False,4,0.8,True,True,False,True,True,BERTweet
UgxyMTWa0lp2UP63t514AaABAg.A9bytI7y6Z_A9cQrIQ88dz,<USER> as you don't have peace of mind ax,negative,negative,negative,negative,0.8,negative,0.95,5,negative,1,True,5,1.0,True,True,True,True,True,
UgxyMTWa0lp2UP63t514AaABAg.A9bytI7y6Z_A9dadFFzHNi,They are committed @Dac_DT_MKD,negative,positive,positive,negative,0.85,positive,0.95,5,positive,2,False,3,0.6,False,True,True,False,True,"CardiffNLP, Gemma"
UgxGMAAWN7w73vq3LaB4AaABAg,We must admit that we Bulgarians are actually Mongolians. 💪🏿✌🏿🇧🇬🇲🇳,positive,negative,neutral,positive,0.85,positive,0.95,5,positive,3,False,3,0.6,True,False,False,True,True,"NLPTown, BERTweet"
UgxvWCoDr2HKEfg2y9t4AaABAg,We are proud of our country Mongolia. We are proud Mongolians! 🇧🇬🇲🇳👌🏿👷🏿‍♀️,positive,positive,positive,positive,0.95,positive,0.95,5,positive,1,True,5,1.0,True,True,True,True,True,
UgxvWCoDr2HKEfg2y9t4AaABAg.9atSQgCU-sP9atUM5FNL98,"Mongolia has its own history, it was not created by Cominternists, the Mongolian nation is not artificial, the Mongolian language is real, I can't understand why you bother with Mongolia? This is a real country, a real people, a real language, and they have a history, and they ruled the world. We do not forget that they also have a culture. North Macedonia is like North Korea. A communist creation, it has nothing of its own, no traditions. Even North Korea has more than you. They have nothing of their own, they went with those who have something to worry about. Laughter in the hall!",negative,positive,neutral,negative,0.8,negative,0.95,5,negative,3,False,3,0.6,True,False,False,True,True,"NLPTown, BERTweet"
UgxvWCoDr2HKEfg2y9t4AaABAg.9atSQgCU-sP9atUwNXfytu,<USER> In Bulgaria we respect Mongolian traditions and history 🇲🇳🇧🇬✌🏿💪🏿👌🏿👋🏿,positive,positive,neutral,positive,0.85,positive,0.95,5,positive,2,False,4,0.8,True,True,False,True,True,BERTweet
UgxvWCoDr2HKEfg2y9t4AaABAg.9atSQgCU-sP9atWzdTcFbn,"<USER>.1.1 Mongolian no, but they at least have it, unlike you and this was asked.😇",neutral,negative,neutral,positive,0.85,negative,0.9,5,,3,False,0,0.0,False,False,False,False,False,
UgxvWCoDr2HKEfg2y9t4AaABAg.9atSQgCU-sP9atXxPVr3Xv,@ace1.1.1 is the euro integration going on?,neutral,negative,neutral,neutral,0.7,neutral,0.95,5,neutral,2,False,4,0.8,True,False,True,True,True,NLPTown
UgxvWCoDr2HKEfg2y9t4AaABAg.9atSQgCU-sP9atYL5vYUbl,<USER> we in Bulgaria honor and are proud of our national Mongolian heroes.. 🇲🇳🇧🇬💪🏿👋🏿👨🏿‍🎤,positive,positive,positive,positive,0.95,positive,0.95,5,positive,1,True,5,1.0,True,True,True,True,True,
UgxvWCoDr2HKEfg2y9t4AaABAg.9atSQgCU-sP9atYgM5c_bD,Glory to Mongolia—on our side,positive,positive,positive,positive,0.85,positive,0.95,5,positive,1,True,5,1.0,True,True,True,True,True,
UgxvWCoDr2HKEfg2y9t4AaABAg.9atSQgCU-sP9atYqljX3Yk,<USER>.1.1 We have our own. We don't need the Mongolian ones. Unlike some people.,neutral,positive,neutral,negative,0.7,negative,0.95,5,,3,False,0,0.0,False,False,False,False,False,
UgxvWCoDr2HKEfg2y9t4AaABAg.9atSQgCU-sP9atZQw9pSJZ,<USER>.1.1Super. And you will make us a company from neighboring North Korea.😁,positive,positive,neutral,negative,0.75,negative,0.94,5,,3,False,0,0.0,False,False,False,False,False,
UgxvWCoDr2HKEfg2y9t4AaABAg.9atSQgCU-sP9atZh7_mUa9,<USER>.1.1 I love Korea more than Mongolia.🤷‍♂️,positive,positive,positive,positive,0.85,positive,0.95,5,positive,1,True,5,1.0,True,True,True,True,True,
UgxvWCoDr2HKEfg2y9t4AaABAg.9atSQgCU-sP9atZiLF8UYg,<USER> Bulgarians 🇧🇬 should marry in their homeland in Mongolia 🇲🇳 or Tatarstan,neutral,negative,neutral,negative,0.8,neutral,0.98,5,neutral,2,False,3,0.6,True,False,True,False,True,"NLPTown, Gemma"
UgxvWCoDr2HKEfg2y9t4AaABAg.9atSQgCU-sP9avNOFgAG50,<USER> North Korea is your friend,neutral,positive,neutral,positive,0.85,positive,0.95,5,positive,2,False,3,0.6,False,True,False,True,True,"CardiffNLP, BERTweet"
Ugxq1blcLDA2LCbC0wd4AaABAg,we in Bulgaria honor and are proud of our national Mongolian heroes.. 🇲🇳🇧🇬💪🏿👋🏿👨🏿‍🎤,positive,positive,positive,positive,0.95,positive,0.95,5,positive,1,True,5,1.0,True,True,True,True,True,
UgzMK2FH_bLkLWqLt154AaABAg,Long live Macedonia 🇲🇰🇲🇰🇰🇲💪🏼💪🏼💪🏼,positive,positive,positive,positive,0.95,positive,0.95,5,positive,1,True,5,1.0,True,True,True,True,True,
UgxWs2dyx47_AjsW_LN4AaABAg,Bulgarians 🇧🇬 should marry in their homeland in Mongolia 🇲🇳,neutral,negative,neutral,negative,0.8,negative,0.95,5,negative,2,False,3,0.6,False,True,False,True,True,"CardiffNLP, BERTweet"
UgxcDSz9m9S_RlAXACZ4AaABAg,"In Bulgaria 🇧🇬 there are no churches, only mosques🕌 one state - one faith 🇧🇬🇲🇳🕌🇲🇳🇧🇬",neutral,negative,neutral,negative,0.75,negative,0.95,5,negative,2,False,3,0.6,False,True,False,True,True,"CardiffNLP, BERTweet"
UgzkRLz5ud4KvWHzpN54AaABAg,The Macedonian channel has been turned into a wail of tears for the Bulgarians 🤣🤣🤣🤣,negative,negative,negative,negative,0.8,negative,1.0,5,negative,1,True,5,1.0,True,True,True,True,True,
UgwGzbXwA7egKhA-nZZ4AaABAg,"Osmani nee from the Ottomans, he is a minister in Macedonia with great responsibility for all greetings from me",positive,positive,positive,positive,0.85,positive,0.95,5,positive,1,True,5,1.0,True,True,True,True,True,
UgwGzbXwA7egKhA-nZZ4AaABAg.9avhCY6BcXj9ax6Uj46LEm,That's right,neutral,neutral,positive,positive,0.95,positive,0.95,5,positive,2,False,3,0.6,False,False,True,True,True,"CardiffNLP, NLPTown"
UgxhUYWgCZHqxesnnd54AaABAg,"For a private, normal person, Daya leads Bulgaria",neutral,neutral,neutral,positive,0.85,positive,0.95,5,neutral,2,False,3,0.6,True,True,True,False,False,"Gemma, Llama"
UgwkFckx6CNOc5bjj2V4AaABAg,"I think that the EU doesn't care about the ""credibility"" of the Western Balkans. Somehow we manage to exist, even without the poorest and most corrupt part of the continent.",negative,neutral,negative,negative,0.72,negative,0.55,5,negative,2,False,4,0.8,True,False,True,True,True,NLPTown
UgwrAgij7TXqcKCJC3J4AaABAg,John Smith lost his temper.....I see that his head is not listening to something...it must be from the shale weather..,negative,negative,negative,negative,0.7,negative,0.95,5,negative,1,True,5,1.0,True,True,True,True,True,
UgwrAgij7TXqcKCJC3J4AaABAg.9avn5ZID3c39aw1RoTg2f4,all of us Mongolian Bulgarians are like that from birth. HAHAHAHAHAHA 🤣🤣,neutral,positive,neutral,negative,0.8,positive,0.95,5,,3,False,0,0.0,False,False,False,False,False,
UgwrAgij7TXqcKCJC3J4AaABAg.9avn5ZID3c39aw2l2Ele2e,one state — one faith 🇧🇬🇲🇳🕌,neutral,negative,neutral,negative,0.8,positive,0.95,5,,3,False,0,0.0,False,False,False,False,False,
Ugz9oVkS3NqG-vYObRx4AaABAg,We are proud of our country Mongolia. We are proud Mongolians! 🇧🇬🇲🇳👌🏿👷🏿‍♀️,positive,positive,positive,positive,0.95,positive,0.95,5,positive,1,True,5,1.0,True,True,True,True,True,
UgwAOL7URRxHkT0umTZ4AaABAg,Marionette,neutral,positive,neutral,neutral,0.7,negative,0.95,5,neutral,3,False,3,0.6,True,False,True,True,False,"NLPTown, Llama"
Ugyrhf7HEnAyU77l4mB4AaABAg,"The EU is reforming into EA-Eurasia. Every Turkish woman has 5 Kinder, how many are there from Africa.",neutral,negative,neutral,negative,0.8,negative,0.95,5,negative,2,False,3,0.6,False,True,False,True,True,"CardiffNLP, BERTweet"
Ugyrhf7HEnAyU77l4mB4AaABAg.90EfgctMdSp90Ep56Ahu8v,Igor KUCKO who told you that it would be like that,negative,positive,neutral,negative,0.75,negative,0.9,5,negative,3,False,3,0.6,True,False,False,True,True,"NLPTown, BERTweet"
Ugyrhf7HEnAyU77l4mB4AaABAg.90EfgctMdSp90EpdL032WP,"<USER> you quote poorly, and you don't observe the situation.",negative,negative,negative,negative,0.8,negative,0.95,5,negative,1,True,5,1.0,True,True,True,True,True,
UgxijRquj2VQQv84gw94AaABAg,We are just like Bulgarians!!!!,neutral,positive,positive,negative,0.85,positive,0.95,5,positive,3,False,3,0.6,False,True,True,False,True,"CardiffNLP, Gemma"
UgxijRquj2VQQv84gw94AaABAg.90BtyTMVBap90Bz7kqwwXZ,"What are we looking for in the EU and NATO, they will disintegrate one day, I know as a proud Macedonian that western civilization is about to end! They will impoverish you, but only with the East and Russia do we have a future! When they impoverish the west, then the east will flourish, that means the eastern countries will be rich countries, but today's western countries will be poor countries! Everything will change in the future, today's first will be the last, but today's last will be the first, in the future, when the west falls, we will be the first! Richer than a hundred the west was, Switzerland will be like a carousel, we will be much richer than a hundred Switzerland is now! That means many Balkans will return you to their countries and other countries in the east!",negative,positive,negative,negative,0.5,negative,0.95,5,negative,2,False,4,0.8,True,False,True,True,True,NLPTown
UgxijRquj2VQQv84gw94AaABAg.90BtyTMVBap90BzrDk7dFu,"The Germans and other countries in the west, when they impoverish you, they themselves will be refugees in the future! Now even many Germans are starting to leave Germany, some of them are planning to do that, Germany is not what it used to be, Germany is flooded with migrants, mainly from Muslim countries, Arab countries and other countries! That's why many Germans are running away from Germany, what happened, at the moment I don't like Germany anymore, and I think I'll leave Germany forever and I'll never return to Germany!",negative,negative,negative,negative,0.85,negative,0.95,5,negative,1,True,5,1.0,True,True,True,True,True,
UgxijRquj2VQQv84gw94AaABAg.90BtyTMVBap90CCddRMNLx,"<USER> Where did a Russian boot enter, no grass sprouted. We were with the USSR for 45 years and what? Now we have 2,000,000 emigrants, but every year they unofficially send 4-5 billion €, build 3-story huts, buy 2-3 apartments, help mothers and fathers, etc. And they return to Bulgaria with European pensions. No one goes to Russia. On the contrary, in Bulgaria there is a Russian diaspora of 60-70,000 Russians, who have hooks here and are enough. Don't be mistaken, the future is with the West!!!",negative,negative,neutral,negative,0.8,negative,0.92,5,negative,2,False,4,0.8,True,True,False,True,True,BERTweet
UgxijRquj2VQQv84gw94AaABAg.90BtyTMVBap90CDm1Z1DoS,"<USER> you're going to lie yourself, the future is us to the east to Russia, the EU and NATO will separate you, I'm very sure of this, boy!",negative,positive,negative,negative,0.8,negative,0.95,5,negative,2,False,4,0.8,True,False,True,True,True,NLPTown
UgxijRquj2VQQv84gw94AaABAg.90BtyTMVBap90EE2POM5F5,"<USER> I'm not a boy, but thanks. Stay alive and well!",positive,positive,positive,positive,0.98,positive,0.95,5,positive,1,True,5,1.0,True,True,True,True,True,
UgxijRquj2VQQv84gw94AaABAg.90BtyTMVBap90EQYchSyeq,"<USER> I am personally annoyed that Macedonia will enter the EU and NATO, as Macedonians because of the terrible history that Macedonia has, what kind of nimogas do they have to accept us there! They are asking us to declare from Macedonia what is sacred to us, that's the only way they will accept us there, they as Macedonians will never accept us, above all never as proud Macedonians and Macedonian women!",negative,negative,negative,negative,0.8,negative,0.95,5,negative,1,True,5,1.0,True,True,True,True,True,
UgxijRquj2VQQv84gw94AaABAg.90BtyTMVBap90ETi01a1L3,"<USER> I somehow feel great joy every day and I look and wonder where this joy and smile comes from, it makes me a very brave boy like a proud Macedonian! I suffer a lot and still I feel great joy in me with great energy! That joy is a blessing from God, because only he gives me a great incredible joy in me! Others are very aggressive, but I, as a proud Macedonian, feel great joy, something you have never seen before! When I go to work with a smile, when I go to work with a smile, that makes me very successful! From before until today, my salary will be more than double, I am trapped under the floor! If you go to work, you have to invest love in your work, everything will come to you after all! I am a very intelligent child, above all very wise, because wisdom is also given to me by my beloved dear God! This is how I can endure everything, because only with joy can I endure everything, but the others become very aggressive boys for me! I have nicknames like stone, because I see the nickname as a challenge, because I have to master every nickname that God gives me, just like a master! It gives me breath, to wake up to wake up as many people as possible! Those who are sleeping, I have to wake them up with my intellect, for a better ziv, a ziv with love and harmony, more precisely a ziv with meaning! But the meaning of life is only love, I have to give the love that God gives me to everyone, even to you! For a better ziv, a ziv with love and harmony, I wish you from the bottom of my heart! I suffer a lot because I am a very good boy, full of love that gives to everyone, but it doesn't stay for him, he has to give everyone this love that I receive, every day God gives me love, it is for others! One day, the love that I give to everyone will return to me double! For example, I give love to a beautiful girl who doesn't know me, after one day, when I didn't like it, that love will return to me double! It's like a miracle? I am giving them this post, so that they all have great respect for me! When I give love, I give it unconditionally, unconditional love, unconditionally! But for me, love will come back to me, double as a boomerang!",positive,positive,positive,positive,0.82,positive,0.98,5,positive,1,True,5,1.0,True,True,True,True,True,
UgxijRquj2VQQv84gw94AaABAg.90BtyTMVBap90ETwfkLFUm,"<USER> even those who hated me wished to have great respect for me, before they laughed at me, then they teased me and in the end they kept me private, exactly as I am, a boy full of love!",negative,positive,positive,positive,0.85,positive,0.95,5,positive,2,False,4,0.8,False,True,True,True,True,CardiffNLP
UgxijRquj2VQQv84gw94AaABAg.90BtyTMVBap90E_vmr7Cg0,"<USER> this world is like that, because there is a lack of love in this world, because we live in a world of lies, but the lies are precisely from the will, but the truth is from God, what is love with that and the truth! Only God knows the truth, but the majority of the people have no idea of ​​the truth, because they will go crazy from the truth, it hurts them very much! From Albanians, Bulgarians, Serbs and Greeks, we have no problem! The biggest problem we have is precisely from our traitors, just because of them if we are not careful, we will lose the Macedonian state! Those Macedonians hate Macedonia, just like the devil, those who believe only in lies, it's just because of the devil, such people will go crazy from the truth, it's from God! But for me they are not Macedonians, they are just fake Macedonians, but as Macedonians they are erased for us, they are Macedonians, they say they were Macedonians, full of hypocrisy! Anyone who is a proud Macedonian is a true Macedonian, who loves Macedonia from the heart and soul! But these sneaky Macedonians hate Macedonia, just like the devil, Satan!",negative,positive,negative,negative,0.65,negative,0.93,5,negative,2,False,4,0.8,True,False,True,True,True,NLPTown
UgxijRquj2VQQv84gw94AaABAg.90BtyTMVBap90EanAsWCCC,"<USER> it's nice that they blocked us in the EU and NATO, they will help us to bring down this treacherous, treacherous government! When it falls, the entire traitorous SDS party will fall as well! If they are from the Macedonian people voted as traitors? Do you know what awaits them? Tosno, life imprisonment, or even the death penalty! Togas, the SDS party will not participate in the next early elections in Macedonia! EU and NATO will fall at the same time from the heaviest stone Macedonia is written in the Bible, Macedonian is written by Macedonians, for example the Thessalonikians are Macedonians but never Greeks!",negative,negative,negative,negative,0.8,negative,0.95,5,negative,1,True,5,1.0,True,True,True,True,True,
UgxijRquj2VQQv84gw94AaABAg.90BtyTMVBap90EcO1P5N71,"<USER> do you know when the Balkans will move forward? When the West falls, if the West falls, then we have no future with the West, we only have a future with the East, for example Russia and China! The EU and NATO are about to collapse, Great Britain is just a visit, it will collapse anyway! One day Scotland will become an independent state and then Northern Ireland and Wales will follow and only England will remain, it will no longer be a superpower, they will lose all the colonies they have now! This also applies to France and the USA, today's superpowers! We have no future in the EU and NATO, because they will disintegrate!",negative,negative,negative,negative,0.8,negative,0.95,5,negative,1,True,5,1.0,True,True,True,True,True,
UgxijRquj2VQQv84gw94AaABAg.90BtyTMVBap90Fb5WAg276,They did not care about Kirilica,negative,negative,negative,negative,0.7,negative,1.0,5,negative,1,True,5,1.0,True,True,True,True,True,
Ugwhyoz7LhdEdJy40pd4AaABAg,"Well done, you have proven yourself",positive,positive,positive,positive,0.85,positive,0.95,5,positive,1,True,5,1.0,True,True,True,True,True,
UgzYX14NmovSJdUJ-t54AaABAg,"Mr. Mickovski has said several times that; He will not support changing the constitution in order to change the name! However, Mr. Mickovski NEVER publicly said that; He will not support a referendum or that he will boycott a possible referendum in order to change his name! Anyone who conspires and supports a referendum when it is known for sure that the referendum will be manipulated - is a bigger traitor than Zaev's illegitimate government!",negative,negative,negative,negative,0.8,negative,0.95,5,negative,1,True,5,1.0,True,True,True,True,True,
UgyyHETbiSwyDmKfryl4AaABAg,Why did I see Ilija Dimovski at that Ross-Rot seminar where our country was called North Macedonia?,negative,negative,neutral,negative,0.7,neutral,1.0,5,negative,2,False,3,0.6,True,True,False,True,False,"BERTweet, Llama"
UgwQzwj3iBoyvMmGXHB4AaABAg,We will see if you will catch them in a net..if they organize a referendum to call the members of the boycott...or if they fake it so that the MPs resign...like this in front of the camera you all know,negative,negative,negative,negative,0.8,negative,0.75,5,negative,1,True,5,1.0,True,True,True,True,True,
UgwTc4W5VhMbjYiKYL14AaABAg,"you advised Grueski very badly about the local elections, you should resign",negative,negative,negative,negative,0.8,negative,1.0,5,negative,1,True,5,1.0,True,True,True,True,True,
UgzuvG3NE8RT1--4-NB4AaABAg,That's right Mr. Mickowski. Let them not lie to the people. Aren't they going to resign if we don't get a date for negotiations!,negative,negative,negative,negative,0.5,negative,0.95,5,negative,1,True,5,1.0,True,True,True,True,True,
UgzYGmNrzKNvp06AsgR4AaABAg,Northern countries never in the EU,negative,negative,negative,negative,0.7,negative,0.9,5,negative,1,True,5,1.0,True,True,True,True,True,
UgyJZoL_noWQhugF_bF4AaABAg,😂😂😂😂😂😂 When he writes the Bulgarians in the constitution,neutral,negative,neutral,negative,0.8,negative,0.95,5,negative,2,False,3,0.6,False,True,False,True,True,"CardiffNLP, BERTweet"
UgyJZoL_noWQhugF_bF4AaABAg.ADRNO8rhzcKADRmwIhGklv,Fuck you Bulgarian mommy,negative,negative,negative,negative,0.85,negative,1.0,5,negative,1,True,5,1.0,True,True,True,True,True,
UgyJZoL_noWQhugF_bF4AaABAg.ADRNO8rhzcKADS-15ZdKZA,<USER> report Tatars Mongolian,negative,negative,neutral,negative,0.8,negative,0.95,5,negative,2,False,4,0.8,True,True,False,True,True,BERTweet
Ugzu9RjCJGLvRX-S8q54AaABAg,Northern never in the EU. Azzo and Mickey Mouse smileys.,neutral,positive,neutral,negative,0.8,negative,0.95,5,,3,False,0,0.0,False,False,False,False,False,
UgzHtQJ41xCfbLmG0Tt4AaABAg,"Which European Union, the EU will disintegrate within 6 months and there will be no U from any union",negative,negative,negative,negative,0.8,negative,0.95,5,negative,1,True,5,1.0,True,True,True,True,True,
UgxjIR3H4825iHcm3fZ4AaABAg,"You from channel 5 are spreading fake news, they did not make any decision for Macedonia but for Zaev and Dimitrov's Severgenia and those 600,000 Severgenians",negative,negative,negative,negative,0.8,negative,0.95,5,negative,1,True,5,1.0,True,True,True,True,True,
UgxU8B364Kf5cG5dtC54AaABAg,"Abre mame their mother, who do you trust, a mafia, so shouldn't they respect the Law on a distance of 2 meters and they are hugging us, they made us sit at home like idiots and they also introduced a curfew",negative,negative,negative,negative,0.8,negative,0.95,5,negative,1,True,5,1.0,True,True,True,True,True,
Ugx9jn0eXw4fbqTE13x4AaABAg,England left the EU but stayed in Europe why? Maybe that is why it is difficult to survive in a federation like in JU.,negative,negative,negative,negative,0.8,neutral,0.85,5,negative,2,False,4,0.8,True,True,True,True,False,Llama
UgwWputSVXBhQf6HQJx4AaABAg,"WHERE ARE YOU FLYING, DID YOU SEE WHAT IS ""EU"". THEY LEFT ITALY IN THE MUD WITH COVID 19, IS THAT SOLIDARITY, THE NEXT COUNTRY TO LEAVE THE EU WILL BE ITALY, AND THE FATE OF SPAIN IS ALSO UNKNOWN. DO NOT BE GLAD ABOUT THE EU .THE WORKSHOP THEN ASKED US TO DELIVER IT.",negative,negative,negative,negative,0.8,negative,0.95,5,negative,1,True,5,1.0,True,True,True,True,True,
UgyyexlQsdtkRLTEVJ94AaABAg,"I really don't understand what kind of European Union we are in, because first of all we don't have house numbers in the villages of Prilep.",negative,negative,negative,neutral,0.75,negative,0.95,5,negative,2,False,4,0.8,True,True,True,False,True,Gemma
UgxaIK8FKVaX_8CqbR54AaABAg,Macedonian idiots,negative,positive,negative,negative,0.8,negative,1.0,5,negative,2,False,4,0.8,True,False,True,True,True,NLPTown
UgxtbDJYsJeVADGUCu94AaABAg,"Oh, the comments are gone, and you will become a TV curton, I thought you were real.",negative,negative,negative,negative,0.8,negative,0.95,5,negative,1,True,5,1.0,True,True,True,True,True,
Ugy6ORyG31GvZKNj02F4AaABAg,"A conditional date is worse than an unreceived date,",negative,negative,negative,negative,0.7,negative,0.95,5,negative,1,True,5,1.0,True,True,True,True,True,
Ugx8l-eWX0oBtcUAHSt4AaABAg,"Sorry for profanity, but kneel down and you'll be fucked!",negative,negative,negative,negative,0.8,negative,1.0,5,negative,1,True,5,1.0,True,True,True,True,True,
UgzNEiIsykFCeZGhrLt4AaABAg,"This work is to soften the French president and to save Macedonia. Only the Guardian, my friends, can be gzzzz and gakiii with the president. Again, the fate of Macedonia depends on us, the Roma from Shutka 😀",positive,positive,neutral,negative,0.8,positive,0.95,5,positive,3,False,3,0.6,True,True,False,False,True,"BERTweet, Gemma"
UgzPdUJbo8ZZUPlfcdp4AaABAg,Feel free to move the celebration in Prilep away from Pivofest. So that we will not be part of those who will baptize an unborn child.,negative,positive,negative,negative,0.7,negative,0.9,5,negative,2,False,4,0.8,True,False,True,True,True,NLPTown
Ugw5Gr0uSmWM29hSwEN4AaABAg,"by spending like this, you will destroy the country, as in the proverb, the grandmother combs her hair and the village burns",negative,positive,negative,negative,0.8,negative,0.95,5,negative,2,False,4,0.8,True,False,True,True,True,NLPTown
Ugz11k0oAawOxsIYofZ4AaABAg,"Who are these people who ""say"" that they have been manipulated. Let them say publicly that they do not know anything about who hired them. ABOMINATION OF A PARTY.",negative,negative,negative,negative,0.8,negative,0.95,5,negative,1,True,5,1.0,True,True,True,True,True,
UgzZt7Ifc-KEzx1jzHB4AaABAg,"What this incompetent government has done is a great shame for Macedonia. They have shown how they came to power, and now they are proving to us how to stay in power.",negative,positive,negative,negative,0.75,negative,0.95,5,negative,2,False,4,0.8,True,False,True,True,True,NLPTown
UgyjQBG83bPtUqxrV5R4AaABAg,"Albanians have always been deserters... ""Besa"" means not from the word.",negative,negative,negative,negative,0.8,negative,0.95,5,negative,1,True,5,1.0,True,True,True,True,True,
UgwEUhDSfFLBovgrdnx4AaABAg,Sad story Macedonian people,negative,negative,negative,negative,0.8,negative,0.9,5,negative,1,True,5,1.0,True,True,True,True,True,
UgzaFjuFzyo5WoGdB3Z4AaABAg,Who is this man? Well done Madina.,positive,positive,positive,positive,0.85,positive,0.95,5,positive,1,True,5,1.0,True,True,True,True,True,
UgzJQF2HjbSMCH-P__p4AaABAg,"We are not failing in the EU, we are cultural and moral people, the greatest praise for Macron, who did not refuse to speak realistically, Macedonia is an example for the whole world, the highest ranked culturally and morally, this date we should celebrate a holiday for Macedonia",positive,positive,positive,positive,0.85,positive,0.95,5,positive,1,True,5,1.0,True,True,True,True,True,
UgwmKhC3LfEi9OANowZ4AaABAg,"Come on, Europeans, have fun with Macedonia",positive,positive,positive,positive,0.85,positive,0.95,5,positive,1,True,5,1.0,True,True,True,True,True,
UgzjKUaM_X5H3wtYOn54AaABAg,😂😂😂😂,neutral,positive,neutral,positive,0.98,negative,1.0,5,,3,False,0,0.0,False,False,False,False,False,
UgyuvS0SujKQZZ6GRCR4AaABAg,"Apparently, Macedonians do not know the activities of VMRO, its original name and the goals of the organization. Here is the statute. Pay attention to articles 2 and 3: <URL>",neutral,negative,negative,negative,0.8,negative,0.95,5,negative,2,False,4,0.8,False,True,True,True,True,CardiffNLP
Ugzir2vqk4Ib_62to0d4AaABAg,"The decision to find an agreement is only one - the Bulgarians recognize the present, and the Macedonians the past - as written in historical sources and throughout world historiography.",neutral,positive,neutral,neutral,0.78,neutral,0.95,5,neutral,2,False,4,0.8,True,False,True,True,True,NLPTown
Ugw3i6AI_6i5-RSUmol4AaABAg,"Come on, Borisov, disappear! Lots of movies, 12 years was enough. We are not Russia to choose one person for life. Quot done, done, time to retire.",negative,negative,negative,negative,0.8,negative,0.95,5,negative,1,True,5,1.0,True,True,True,True,True,
Ugz2SwpHh2tU07-FbDx4AaABAg,Words of a failed politician.,negative,negative,negative,negative,0.8,negative,1.0,5,negative,1,True,5,1.0,True,True,True,True,True,
UgxBVdKWECiTe8sFX354AaABAg,"And if the Republic of Macedonia starts negotiations, it will take another 20 years.",negative,neutral,negative,negative,0.8,negative,0.95,5,negative,2,False,4,0.8,True,False,True,True,True,NLPTown
UgxBVdKWECiTe8sFX354AaABAg.9Ue7vdUHZBc9UeTS7JWbHf,"That's the way it is, kid. Negotiations for EU membership last at least 10 years. However, in your case, there will surely be more. It is clear that they will break our veto, but after that we can sleep on the negotiations, you know. And the EU has moved in such a direction that it may disintegrate while you are negotiating. Sad.",negative,neutral,negative,negative,0.8,negative,0.75,5,negative,2,False,4,0.8,True,False,True,True,True,NLPTown
UgxBVdKWECiTe8sFX354AaABAg.9Ue7vdUHZBc9UeuJ143zuO,"<USER> my boy, you don't have our case because they have been preparing it since 1994 when it was in the World Football Championship and entered the EU after 15 years. It's the same with the Republic of Macedonia, European, now we have a chance for a worldly one, and it's common for people to swallow live frogs, for politicians to fill themselves with billions and enjoy themselves everywhere with luxurious haciendas, but we as a people should take out our eyes, stumble, and be happy that the neighbor's goat she died and things like that",neutral,positive,neutral,negative,0.8,negative,0.92,5,,3,False,0,0.0,False,False,False,False,False,
UgxBVdKWECiTe8sFX354AaABAg.9Ue7vdUHZBc9UewcZwx4aa,"<USER> Yes, in secular!🤣 They let you in European for free. Weak teams, Bulgaria, Georgia, Kosovo. In Bulgaria, apart from conifers and broad-leaved trees, there are also football trees. They immediately kicked you out. What worldly? If you agree with your friends from Portugal? Armenia won. Armenia are weak. PS I am not interested in football and I did NOT hate the people from Macedonia, but Bulgaria is simply protecting its interests. And the Americans are not happy that Russia does not let American ships into the Black Sea, but Russia does not let them. He protects his interests. And the Chinese feel guilty that they don't want them in Hong Kong, but they don't want them either. They protect their interests. Such is the situation. Can you? I'm sorry if I'm a little salty. Once upon a time, everyone in Bulgaria loved Macedonia, but you yourself say how the neighbor peeks through the fence and is happy that the other's goat died. Sad but true.",negative,negative,negative,negative,0.5,negative,0.8,5,negative,1,True,5,1.0,True,True,True,True,True,
UgxBVdKWECiTe8sFX354AaABAg.9Ue7vdUHZBc9Ueyfox3Cv8,"<USER> I'm sorry, on the one hand, they hit you low on the chest, it hurts with tears, then on the other hand, you go to the European team, you're happy, they make you a kid, I told you it's possible for the Macedonian national team to go to the world championship, there are chances, it depends on what kind of frog you have to swallow and how hard you're going to be hit on the chest 😂😂😂, will they be in pain and won't have time to rejoice or the other way around? the stake of the politicians and us, the people who do not farm, we will take out our eyes for other people's empty yards and we will still understand each other without English 😂😂😂",negative,negative,neutral,negative,0.8,neutral,0.48,5,negative,2,False,3,0.6,True,True,False,True,False,"BERTweet, Llama"
UgxBVdKWECiTe8sFX354AaABAg.9Ue7vdUHZBc9UrAiI_6VIC,"<USER> wow, what has Macedonia become in the secular world!!! did I tell you that everything is the same, it's just that it's 2021, they made you Catholics to celebrate Christmas at 25, and to calm you down in 94, go to Svecko, people, you live in that time, Macedonia, when it was Europe, you thought that the girls came from Mars, for the girls and the music records, let's not talk, you thought they were from another galaxy as long as we are like that, someone will cut us slowly, you have no fear of me if I'm Macedonian or I of you if you're Bulgarian, we need to take out the mud and piss off everyone who makes us fools and that's how we'll be Scandinavia in the Balkans, otherwise we'll just hope the frog isn't a cucumber because we'll have to swallow it, Kapish!!!",negative,negative,neutral,negative,0.8,negative,0.92,5,negative,2,False,4,0.8,True,True,False,True,True,BERTweet
UgxBVdKWECiTe8sFX354AaABAg.9Ue7vdUHZBc9UrJzF16E0l,"<USER> It's a boat, man. Christmas or Christmas on December 24 is not Catholic or Orthodox. It is according to the GREGORIAN calendar. If you have a problem when Christmas is celebrated in Bulgaria, put the gun down and put the trigger. What happened in Yugoslavia is beyond me. I was born alone in 2002, 10 years after Yugoslavia collapsed, and I have no idea what happened there. There were taxes in Bulgaria then, but there were no taxes. And do you know that Arabs were once the most advanced among people? I am asking why you still live in Yugoslavia. Now do you want to say something? RSM is as big as Sofia. You have only seen the sea on video. As soon as you look at us as half-humans because we were not in Yugoslavia and our Christmas was according to the GREGORIAN calendar, then we will hang out with you as half-humans. You don't know the language. 🙂 You don't know the history. 🙃 Your flag is Japanese. 🇯🇵 Your politicians are dangerous Albanian terrorists. They are already being dragged to The Hague, and you are moving them to the parliament. 😬😵 Yugoslavia C 2.0. Except that the front one has sucked from both the East and the West for more than 40 years, as a result of which it had the standard of one Garcia, and you of one Armenia.😳",negative,negative,neutral,negative,0.8,negative,0.95,5,negative,2,False,4,0.8,True,True,False,True,True,BERTweet
UgxBVdKWECiTe8sFX354AaABAg.9Ue7vdUHZBc9UrL0V0fUe1,"<USER> And don't forget that in 1994, when Bulgaria was in 4th place at the world championships, you were still wondering if you were a Serbian or an Albanian. 😂 At the Olympics in Tokyo, you won only one medal, a silver one. 😂 Bulgaria has 3 gold medals. 1-2 goals. 1 coffee and 2 cigarettes. Do you know what troubles you? Bulgarian football was at a level that they will never match. 1994 Bulgaria defeats France and Argentina and that after the time of Diego Maradona. 4th place on the worldly. Since then, our football players and fans suddenly gained a very high self-esteem and forgot themselves, became hooligans and as a result there is practically no Bulgarian football. You are walking that way, but you are even worse. They went to the secular world and she comes here to swear at me and pay attention to me when I celebrated Christmas alone. Wow, wow! You haven't caught the fish yet, but you've heated the pan. Now the situation with Bulgarian football will be the same with yours. Ritnitopkovci will become talentless with high self-esteem without a cover, and fans will become hooligans. At least that's how it happened here, but Bulgaria was in 4th place. You have just qualified and followed that path.",neutral,negative,neutral,negative,0.8,negative,0.95,5,negative,2,False,3,0.6,False,True,False,True,True,"CardiffNLP, BERTweet"
UgxBVdKWECiTe8sFX354AaABAg.9Ue7vdUHZBc9UrO0PvRMAq,"<USER> Yugoslavia was a hundred times stronger than Bulgaria, I don't dispute who it was and what kind of scum it was, I forgive you to such an extent that you have been brainwashed, that you live on the edge of not being left with nothing, a person can't argue with you, fuck the illiterates, I wrote to you what the great powers are doing, Macedonia has always had strong football, but now we never have a chance, but on the other hand, another bill has to be paid, stupid, didn't they change? name, don't you want us Macedonians, Bulgarians, to be in the constitution of Macedonia, or with 500 people to be part of the constitution Plachkovci, and I'm telling you that until 90 you celebrate Christmas just like us on January 6, after that you become Catholics and start celebrating Christmas on December 25. he's 6 years old and you've already been fighting for 30 or so years, it's a tokmak to me, first jump and then shout oops and not the other way around",negative,negative,negative,negative,0.8,negative,0.93,5,negative,1,True,5,1.0,True,True,True,True,True,
UgxBVdKWECiTe8sFX354AaABAg.9Ue7vdUHZBc9UrQGWEFCUa,"<USER> I told you that I am not interested in Yugoslavia, and during communism there was no Christmas in Bulgaria, because the national religion was atheism, de facto. Christmas with you is on January 6-7, since you are on a different calendar. Somewhere 100-200 years ago, they moved everything 14 days ahead. In the GREGORIAN calendar, however, they do NOT move the date of Christ's birth, but yours also moves it by 14 days, like everything else. Christmas is on the 25th in Garcia and Romania, because they have a different calendar like us. Most Orthodox Christians do not use the GREGORIAN calendar, and that's why Christmas is January for you. And Macedonian football interests me as much as a lot of snow. And Bulgarians, you don't even have to recognize your constitution. We forced you to not let you negotiate. It is simply not in our interest that you are in the EU. I already told you. I keep my interest, only that Petkov is now ready to sell it for his business interests. But he has not said definitively whether he will let you go or not. With this policy towards Bulgaria, even if Tito's bones become our prime minister, we will still have a hard time letting you go. It's just not in our interest. And the Chinese are not interested in not letting them into Hong Kong. Hong Kong will not let China go, take care of its interests. We do not allow RSM into the EU, we protect our interests. Even if we have blocked you for 1 year, it is still in our favor. You will be in negotiations for 15 years without you. And the EU can take it until 2030. And with this corruption of yours, the 111th place behind all African tribes, I'm sure that the other members don't want you either. The USA wants to surround Serbia. Can you? 🧐",negative,positive,negative,negative,0.8,negative,0.95,5,negative,2,False,4,0.8,True,False,True,True,True,NLPTown
UgxBVdKWECiTe8sFX354AaABAg.9Ue7vdUHZBc9UrQVfyODDP,"<USER> He wants to take revenge on a whole nation, because Christmas was on the 25th and the calendar was different?!😳 And we should let you into the EU?😳 Forget it!😵 The EU is a big spoon for your mouths, which know nothing else but to curse, insult and blaspheme.🤐",negative,negative,negative,negative,0.8,negative,0.95,5,negative,1,True,5,1.0,True,True,True,True,True,
UgxBVdKWECiTe8sFX354AaABAg.9Ue7vdUHZBc9Urhtv5JFyw,"<USER> now it is clear to me that you are a student of the new program, I am sure like your father, that generation, now I understand why you are talking nonsense, the flag of Japan and Macedonia have a big difference, even before you were your father, Macedonia had a different flag, they changed it in order to humiliate us, but now they are screwing up with that flag, which is the same old Macedonian flag from 10,000 years ago, but you have no way of understanding that you are bajmak, look at your boyfriend, no matter if he's male or female, it's important that you have Europe 😃😃😃fight history, you're young, it'll only destroy you because you're not a generation, you're a degeneration 😂😂😂😂, ask your father if he knows who Gotse Delchev is and if he was allowed to mention that name 😂😂😂 or directly your grandfather or your father right to arrest, plus you don't know about the d'fks about the women and about the red one 😂😂😂😂 come on baby right to sleep now",negative,neutral,negative,negative,0.8,negative,0.95,5,negative,2,False,4,0.8,True,False,True,True,True,NLPTown
UgxBVdKWECiTe8sFX354AaABAg.9Ue7vdUHZBc9UrlHCmxyUm,<USER> 🇲🇰🇯🇵🇰🇲🇯🇵🇲🇰🇯🇵🇲🇰🇯🇵 Tekino horoburu sore made ua Susumeya susume moroto moni Tamachiru tsurugi nuki tsurete Shisuru kakugo de susumu beshi! 🇲🇰🇯🇵🇲🇰🇯🇵🇰🇲🇯🇵🇲🇰🇯🇵,neutral,neutral,neutral,negative,0.8,negative,0.95,5,neutral,2,False,3,0.6,True,True,True,False,False,"Gemma, Llama"
UgxBVdKWECiTe8sFX354AaABAg.9Ue7vdUHZBc9UroiJdjNWl,"<USER> listen, little ones, let your ass grow in Christianity, we have three major religions, the largest one is the Orthodox, then the Catholic, then the Presbyterian, which are similar to each other, Rome, that is, the Roman Catholic Church in the winter, and it appropriates many of the Orthodox countries, why is everything free as long as you pay in Orthodoxy, that is, all the poor join that church, why was it not possible to pay for every celebration plus the schism in the orthodoxy between the Macedonian archbishopric, the Serbian church, the Greek and the Russian, let us be obedient or let the strong be the rulers, that is why Catholicism is gaining momentum and many countries are becoming Catholic all over the world, Catholics and converts celebrate Christmas according to the new calendar or covenant and that is why it is called among the Orthodox Catholic Christmas, which is actually celebrated by Bulgaria, part of Greece, but the Ecumenical Patriarch in Constantinople ""Istanbul"" celebrates it according to the old one vow, that is, the Greeks were always colorful, which Bulgaria did as well 😂😂😂, in no communism is it allowed to celebrate Christian holidays on the Balkan peninsula, but in Macedonia they hid from communism and went to monasteries and at home all the customs were followed and we celebrate it according to the old calendar always on January 6, I remember even more dates from my grandmother who was born in 1923, she was alive until 3 years ago so you lie because there was communism only in Bulgaria, your great uncles changed you to wash away your stram, now in the European Union a few years ago they want to impose it in Macedonia as well to celebrate Catholic Christmas when the Pope was on an excursion through the Balkans but the Macedonian church said clearly and clearly that it cannot be accepted after the new covenant Christmas is like that for now but for the future as you have burned all the neighbors like flies on shit and there will be much bigger problems , that is, the people in all countries should freeze to the point of extermination until the last one",neutral,positive,neutral,negative,0.8,negative,0.95,5,,3,False,0,0.0,False,False,False,False,False,
UgxBVdKWECiTe8sFX354AaABAg.9Ue7vdUHZBc9UrqMmxBF4Q,"<USER> Uncle, 1st, I'm not a Christian and I don't care about Christmas, Christmas or Easter. 2nd, stop writing to me, it will come with a tank and I will administer it as before.",neutral,neutral,negative,negative,0.8,negative,0.95,5,negative,2,False,3,0.6,False,False,True,True,True,"CardiffNLP, NLPTown"
UgxBVdKWECiTe8sFX354AaABAg.9Ue7vdUHZBc9Urs6WiSrpB,"<USER> what language is this, Mongolian or Tatar, it is not understandable for a Macedonian with a 10-millennium civilization, I think that the difference between the two flags is big, what is similar to you, I don't know, maybe you have a mental disorder and you have a problem with distinguishing colors and differences, that's proof that your whole nation has a problem with distinguishing reality from a lie, when you tell me tokmak, don't be angry, say sorry, bro tokmak si so da chinum, 🇧🇬🇮🇳🇧🇬🇮🇳🇮🇷🇰🇼🇲🇼🇴🇲🇵🇰🇳🇪, see the similarities of your descendants, starting with the Gyup flag and the white moon on a green background 🤣🤣🤣🤣🤣",negative,negative,negative,negative,0.8,negative,0.95,5,negative,1,True,5,1.0,True,True,True,True,True,
Ugw_cZ0nWpdYdO-GLhN4AaABAg,"we people of Pirin say VETO, not Radev or Borisov period",negative,negative,neutral,negative,0.8,negative,0.95,5,negative,2,False,4,0.8,True,True,False,True,True,BERTweet
Ugw_cZ0nWpdYdO-GLhN4AaABAg.9UeEY8vRKNu9Uft289D3gH,"alexandar b, we are theses that you people of Titov dream of studying 😃",positive,positive,neutral,positive,0.85,positive,0.95,5,positive,2,False,4,0.8,True,True,False,True,True,BERTweet
Ugw_cZ0nWpdYdO-GLhN4AaABAg.9UeEY8vRKNu9Ug1nV021QE,"alexandar b titovche, when you're on the topic of music, play the alexander dance from Melbourne, you have awesome folklore 😂",positive,positive,positive,positive,0.85,positive,0.95,5,positive,1,True,5,1.0,True,True,True,True,True,
UgxE2SQj9AqgpvNV7ER4AaABAg,"Wow, poor people will have to speak Pirin-Macedonian👍☀️ 🇲🇰...",negative,negative,negative,negative,0.8,negative,0.95,5,negative,1,True,5,1.0,True,True,True,True,True,
UgxE2SQj9AqgpvNV7ER4AaABAg.9Ue7APuu1Pb9UeFJjEU5G3,"D Blaze, if you are smart, you will learn literary BULGARIAN, not Serbian (Northern) Macedonian. Today's caricatured Serbian (Northern) Macedonians never gathered in Pirin Macedonia",neutral,negative,negative,negative,0.8,negative,0.95,5,negative,2,False,4,0.8,False,True,True,True,True,CardiffNLP
UgxE2SQj9AqgpvNV7ER4AaABAg.9Ue7APuu1Pb9UeOrgzKOYq,<USER> You need someone like Blaze Konevski for letters and culture🤣😂🤣...,neutral,neutral,neutral,positive,0.85,positive,0.95,5,neutral,2,False,3,0.6,True,True,True,False,False,"Gemma, Llama"
UgxE2SQj9AqgpvNV7ER4AaABAg.9Ue7APuu1Pb9UeT6N9_xx0,"<USER> Blaze Koneski? Blaze Koneski was born as Blagoj Konev. His father was a heavy drinker. And Koneski or Konev was teased even as a child because he did not want to speak the local language and ""spoke"" in Serbian. After that he changed his name from Blagoj Konev to Blaže Koneski and in 1945 he coded written Macedonian language. What is our Koneski for? 😳😳😳",neutral,negative,neutral,negative,0.8,positive,0.95,5,,3,False,0,0.0,False,False,False,False,False,
UgxE2SQj9AqgpvNV7ER4AaABAg.9Ue7APuu1Pb9UeTp9tUyv_,"<USER> You need a tissue to wipe away the tears, you are crying bitterly.",negative,negative,negative,negative,0.8,negative,1.0,5,negative,1,True,5,1.0,True,True,True,True,True,
UgxE2SQj9AqgpvNV7ER4AaABAg.9Ue7APuu1Pb9Ues9dIwuCD,"<USER> Yes, yes, it looks funny, but it's a joke. 😭 And you still won't enter the EU.",negative,negative,negative,negative,0.5,negative,0.75,5,negative,1,True,5,1.0,True,True,True,True,True,
UgxE2SQj9AqgpvNV7ER4AaABAg.9Ue7APuu1Pb9UgS7IFvxGn,"<USER> There is no EU for us, so be it, we will eat bread and salt, we are Macedonians...",neutral,negative,neutral,negative,0.8,positive,0.95,5,,3,False,0,0.0,False,False,False,False,False,
UgxE2SQj9AqgpvNV7ER4AaABAg.9Ue7APuu1Pb9UgdE7ppnK2,<USER> No one said you weren't. 😅,neutral,negative,neutral,neutral,0.65,positive,0.8,5,neutral,3,False,3,0.6,True,False,True,True,False,"NLPTown, Llama"
Ugw3NXjgtNzHtza6-xl4AaABAg,Hahaaaaaaaaaaaaaaaaaaaaaaaaaaaaaaaaaaaaaaaaaaaaaaaaaaaaaaaaaaaaaaaaaaaa by December you will remove the veto,neutral,negative,neutral,negative,0.8,positive,0.95,5,,3,False,0,0.0,False,False,False,False,False,
Ugw3NXjgtNzHtza6-xl4AaABAg.9UewvaBmlrA9Uf0CqsCWLu,"Hahaha, December is coming, you just prepare. We lift the veto.",positive,negative,positive,negative,0.8,positive,0.95,5,positive,2,False,3,0.6,True,False,True,False,True,"NLPTown, Gemma"
Ugw3NXjgtNzHtza6-xl4AaABAg.9UewvaBmlrA9Uf2Y3U-yVh,We'll see about that!✊,positive,positive,neutral,negative,0.5,negative,0.8,5,,3,False,0,0.0,False,False,False,False,False,
Ugw3NXjgtNzHtza6-xl4AaABAg.9UewvaBmlrA9UnEuac1LUr,"Until December, but not this year!",neutral,negative,neutral,negative,0.8,negative,0.9,5,negative,2,False,3,0.6,False,True,False,True,True,"CardiffNLP, BERTweet"
Ugw3NXjgtNzHtza6-xl4AaABAg.9UewvaBmlrA9UwWyfWfJ5C,you didn't mention which December?,negative,negative,neutral,neutral,0.75,negative,0.9,5,negative,2,False,3,0.6,True,True,False,False,True,"BERTweet, Gemma"
Ugxv1KiTvTJnl2fXejd4AaABAg,"Now go to the ticket office again to buy tickets for Mickivski's concert, maybe there will be a better concert than Gruevski, he sang better",positive,neutral,positive,positive,0.78,positive,0.85,5,positive,2,False,4,0.8,True,False,True,True,True,NLPTown
Ugx6_j766GXY92rADD94AaABAg,"Macedonia will never enter the European Union. France does not want other countries in Europe anymore. Now they will make other rules and Macedonia will get a privileged partnership for that, Macron hinted. Greetings from Bulgaria",negative,negative,negative,negative,0.72,negative,0.9,5,negative,1,True,5,1.0,True,True,True,True,True,
Ugx6_j766GXY92rADD94AaABAg.90GDoRt6WJ_90I6OPgFZ5C,"Rumen Bonev (what I'm writing is that they failed us, you need to understand that these people from the government are failed, not the common people) There is no end to the partnerships, first they will destroy Macedonia and then they will offer us a partnership, they failed us in Bucharest 2008 to enter NATO and the Americans offered us a strategic partner, the Greeks failed us with the Prespa agreement and now we are strategic partners even the sky They control us, these guys in Brussels, i.e. France, and they offer us a privileged partner with France, they all cheat us and want us to be their partners, and they want us to be their partners, and they can't cheat us for membership, it's strange that you Bulgarians don't offer us a partnership, you want to be the same people, i.e. Macedonian Bulgarians, so that you can cheat us and continue ha, ha, ha, how many more partners will we get?",negative,negative,negative,negative,0.5,negative,0.95,5,negative,1,True,5,1.0,True,True,True,True,True,
Ugx6_j766GXY92rADD94AaABAg.90GDoRt6WJ_90Ij1GXRZe_,"<USER> Why should we punch you? How bad do you see us living together in the European Union? We speak the same language, we have common customs and history Or will North Macedonia be stronger and richer in Eurasia independently? Why can't we live like the Catalans and the Spaniards or the Flemish and the Belgians? Are they smarter than us?",negative,negative,negative,negative,0.8,neutral,0.88,5,negative,2,False,4,0.8,True,True,True,True,False,Llama
UgyEI-IB3wy_ZTdZrQh4AaABAg,This is a defeat for Europe and not Macedonia?!,negative,negative,negative,negative,0.8,negative,0.95,5,negative,1,True,5,1.0,True,True,True,True,True,
UgyUddewOHBrJYtJjdt4AaABAg,"This one has been singing to us until now about the love of marijuana, the other will sing to us about hydroelectric plants, and we will be working in slaveholding foreign investments for 300 days a day, and for 220 days we will be crying for concert tickets.",neutral,negative,negative,negative,0.8,negative,0.94,5,negative,2,False,4,0.8,False,True,True,True,True,CardiffNLP
UgxFnCcZ590-jmEQh4h4AaABAg,You are left with no alternative,negative,negative,negative,negative,0.8,negative,0.95,5,negative,1,True,5,1.0,True,True,True,True,True,
UgzfLPB9bR6QLAW2LDB4AaABAg,"Now, rabbit, what hurts you?",negative,positive,negative,negative,0.8,negative,0.9,5,negative,2,False,4,0.8,True,False,True,True,True,NLPTown
UgzfLPB9bR6QLAW2LDB4AaABAg.90Ed5PaqFwe90En7Hty4n1,It hurts k.. sorry brother like the next and the previous one and that's how we eat it for 30 years,negative,negative,negative,negative,0.8,negative,0.92,5,negative,1,True,5,1.0,True,True,True,True,True,
UgxUVrjRR5cw70xE0CZ4AaABAg,"It didn't make me sick on the left, but who fulfilled what!!! Breakup of prespanaki or the Left comes to power so it knows VMRO!!!!",negative,positive,negative,negative,0.8,negative,0.95,5,negative,2,False,4,0.8,True,False,True,True,True,NLPTown
UgxUVrjRR5cw70xE0CZ4AaABAg.A4cdoEYdNq0A4d7TEZSs_M,"My right side hurts too, man, but Bulgarians must be in the constitution!",negative,negative,neutral,negative,0.8,positive,0.85,5,negative,3,False,3,0.6,True,True,False,True,False,"BERTweet, Llama"
UgxUVrjRR5cw70xE0CZ4AaABAg.A4cdoEYdNq0A4dA4HRy-ns,"<USER> that can only enter your Tatar ass, where it came from 🤣",neutral,negative,neutral,negative,0.8,negative,1.0,5,negative,2,False,3,0.6,False,True,False,True,True,"CardiffNLP, BERTweet"
UgxUVrjRR5cw70xE0CZ4AaABAg.A4cdoEYdNq0A4dFNw6nQnw,"<USER> Odroden, the Bulgarians in the constitution!",neutral,positive,neutral,positive,0.85,neutral,0.85,5,neutral,2,False,3,0.6,True,False,True,False,True,"NLPTown, Gemma"
UgxUVrjRR5cw70xE0CZ4AaABAg.A4cdoEYdNq0A4dHZYz-bfN,<USER> not even a dream,neutral,negative,neutral,negative,0.8,negative,0.95,5,negative,2,False,3,0.6,False,True,False,True,True,"CardiffNLP, BERTweet"
UgxUVrjRR5cw70xE0CZ4AaABAg.A4cdoEYdNq0A4dYrAJ-bPS,"<USER>, if your right side hurts... go to an Ivan doctor and he'll take a bite out of you to make you come to your senses and stop blabbering",negative,negative,negative,negative,0.8,negative,0.95,5,negative,1,True,5,1.0,True,True,True,True,True,
UgxUVrjRR5cw70xE0CZ4AaABAg.A4cdoEYdNq0A4eNV9t39h7,"<USER> Friend, you lost your mind a long time ago, you put a Serbian chip on you!",negative,positive,negative,negative,0.8,negative,0.95,5,negative,2,False,4,0.8,True,False,True,True,True,NLPTown
UgxUVrjRR5cw70xE0CZ4AaABAg.A4cdoEYdNq0A4fYZMgwQHZ,"Who will come? This bum, he used to beat with the barrels! Abdali Titoski. 😅",negative,negative,neutral,negative,0.8,negative,0.95,5,negative,2,False,4,0.8,True,True,False,True,True,BERTweet
Ugzu6uFLPgTe6tTkvo14AaABAg,"Mickovski and Mitsotakis are both Vlachs or Cintsars, they are neither Macedonians nor Greeks. That's another detail. And so does the guest... What is it that isn't a rooster and the chickens are the conversation",negative,negative,neutral,negative,0.8,negative,0.94,5,negative,2,False,4,0.8,True,True,False,True,True,BERTweet
Ugzu6uFLPgTe6tTkvo14AaABAg.A49PQ6yoQtiA4AcIeWS-Pm,The guest is the son of a kodos and unfortunately this is happening because of the bad lustration in the state!,negative,negative,negative,negative,0.8,negative,0.95,5,negative,1,True,5,1.0,True,True,True,True,True,
UgxTUWznUqEbXChFqYt4AaABAg,This is THE MUPPET SHOW amped up,negative,positive,neutral,negative,0.8,positive,0.95,5,,3,False,0,0.0,False,False,False,False,False,
UgzmkpdfgWo5eK7rABl4AaABAg,"Micko and the previous ones play dick with people, it's time for something else",negative,neutral,negative,negative,0.8,negative,0.95,5,negative,2,False,4,0.8,True,False,True,True,True,NLPTown
UgxrcREWJV35DidGfbh4AaABAg,You are Macedonian garbage together with Infomax,negative,negative,negative,negative,0.8,negative,1.0,5,negative,1,True,5,1.0,True,True,True,True,True,
UgzCXSQoTUamBdeXQcp4AaABAg,"No one can solve this problem because the whole world is looking for it. If they didn't want us in NA T O, you don't have to be a condition of impeto. And for all the angels to come down, IT IS IN VAIN. A",negative,negative,negative,negative,0.8,negative,0.94,5,negative,1,True,5,1.0,True,True,True,True,True,
UgwFeLuoQR3g52Ttr7p4AaABAg,Resignation Zaev! GO AWAY!,negative,negative,negative,negative,0.8,negative,1.0,5,negative,1,True,5,1.0,True,True,True,True,True,
UgzJaLIuP0U6Zln7ie54AaABAg,Let's go to the Bulgarian passports,neutral,negative,neutral,negative,0.7,neutral,0.85,5,neutral,2,False,3,0.6,True,False,True,False,True,"NLPTown, Gemma"
UgzJaLIuP0U6Zln7ie54AaABAg.90EcRejYcW490EdFX6Zc11,No shit bro,negative,negative,negative,negative,0.8,negative,0.95,5,negative,1,True,5,1.0,True,True,True,True,True,
UgzJaLIuP0U6Zln7ie54AaABAg.90EcRejYcW490EsFQtugi4,Cifsa micron,neutral,positive,neutral,neutral,0.73,negative,0.9,5,neutral,3,False,3,0.6,True,False,True,True,False,"NLPTown, Llama"
UgwmLaD2Be6VrW7hncJ4AaABAg,"Everyone can define themselves as they want, even as an alien and, accordingly, identify their language in the same way. However, the right to self-determination belongs to the living. No one gives them the right to change the declared identity of the dead, who have been defined as Bulgarians for twelve centuries. The Bitola tablet of Tsar John Vladislav from 1015, exhibited in the museum in Bitola, in which Samuel's grandson is called ""Bulgarian autocrat"" and ""Bulgarian born"", who rebuilt the Bitola fortress ""for refuge and salvation and for the life of the Bulgarians"". Another indisputable fact is a letter from Gotse Delchev to Nikola Maleshevski (January 5, 1899), written in literary Bulgarian: ""It's unfortunate, but what can we do when we are Bulgarians and we all suffer from the same disease."" Or the existing request of Nikola Delchev, father of Gotse Delchev, to the National Assembly of Bulgaria (June 24, 1914) for granting a pension!",neutral,negative,neutral,negative,0.8,neutral,0.85,5,neutral,2,False,3,0.6,True,False,True,False,True,"NLPTown, Gemma"
UgypALfFzGISMP00S7F4AaABAg,Little minds sold souls.,negative,negative,neutral,negative,0.8,negative,1.0,5,negative,2,False,4,0.8,True,True,False,True,True,BERTweet
Ugyi-gFMjlRw6gbFdPJ4AaABAg,"If the ostriches have change from 500e to the quisling <USER>, let them buy themselves 100g of dignity.",negative,negative,neutral,negative,0.8,negative,0.95,5,negative,2,False,4,0.8,True,True,False,True,True,BERTweet
Ugyi-gFMjlRw6gbFdPJ4AaABAg.8gq_S1zjMJz8hRdE9SuGlv,"Ricardo Campo, don't be a patriot, the patriots have died now, to be a patriot, you should think well of the people, and of the country without the EU, and NATO, you are nobody, but nobody, you should tell your fellow Macedonians that they took 150,000 Bulgarian passports?",negative,negative,negative,negative,0.75,negative,0.94,5,negative,1,True,5,1.0,True,True,True,True,True,
Ugyi-gFMjlRw6gbFdPJ4AaABAg.8gq_S1zjMJz8hRdStA6Opg,"Come on Taliban, don't eat cutek again like in Aracinovo and Brodec! italiano :)))) off shoshone!",negative,negative,neutral,negative,0.8,negative,0.95,5,negative,2,False,4,0.8,True,True,False,True,True,BERTweet
UgwuiDHmB13hutDBaQF4AaABAg,No beginning of the negotiations! Rakovija tumor FJROM - no place in the EU!,negative,negative,negative,negative,0.8,negative,0.95,5,negative,1,True,5,1.0,True,True,True,True,True,
UgwXlE-EFsEZpNro3tV4AaABAg,Everything is garlic and water...,neutral,negative,neutral,negative,0.7,neutral,1.0,5,neutral,2,False,3,0.6,True,False,True,False,True,"NLPTown, Gemma"
UgwOORm6MDRNfWwZKsp4AaABAg,Talking is cheap...,negative,negative,negative,negative,0.7,negative,0.95,5,negative,1,True,5,1.0,True,True,True,True,True,
UgzFOfumfTs_EO4Euud4AaABAg,"You are spouting all kinds of nonsense. The fact that some politician told you that he liked the EU, that you have a Prespa agreement and you get along with García does not mean that all people are of that opinion. Bulgaria is not at all warmed by this Prespa agreement, and now you come out and say we have done so much. To me, nothing has been done between Bulgaria and RSM, or at least it is visible, whatever the result might be....",negative,negative,negative,negative,0.8,negative,0.95,5,negative,1,True,5,1.0,True,True,True,True,True,
UgzhNygpKa_Z_3BuL8l4AaABAg,"Look how the creator of the ""Macedonian language"" Lazar Kolishev/ski gets muddled, that he is Bulgarian! <USER>",negative,negative,neutral,negative,0.8,negative,0.95,5,negative,2,False,4,0.8,True,True,False,True,True,BERTweet
Ugxu9nQpDo_-n-EV4aR4AaABAg,sleeping contract - crime. sds program 2016 does not change the NAME of MACEDONIA anywhere. sds j baybook. agreement j vc.,negative,negative,negative,neutral,0.85,negative,0.95,5,negative,2,False,4,0.8,True,True,True,False,True,Gemma
UgyFIPSGVAkGBEOtBC54AaABAg,Skopje will be ruled by Bulgarian Danela Arsovska. We are slowly returning to our roots...,neutral,positive,neutral,negative,0.8,positive,0.95,5,,3,False,0,0.0,False,False,False,False,False,
UgzLx2CwkQcssuk8N7N4AaABAg,Zoki Zoki Zoki you're in it to the bone..ah!!!😂😂😂,positive,negative,neutral,positive,0.95,positive,0.95,5,positive,3,False,3,0.6,True,False,False,True,True,"NLPTown, BERTweet"
UgyDWIISpkKSxDzDoed4AaABAg,"We wish you, Zajko, to be happy like this even after voting in the parliament and especially after the early elections...and so happy that today we send you down in history...somewhere there with a loving branko chubby...I believe you will be happy together LONG LIVE THE REPUBLIC OF MACEDONIA",positive,positive,positive,positive,0.85,negative,0.95,5,positive,2,False,4,0.8,True,True,True,True,False,Llama
UgyrvJtSD6DTcxp6xTJ4AaABAg,Vmro will never come to power,negative,negative,negative,negative,0.8,negative,0.95,5,negative,1,True,5,1.0,True,True,True,True,True,
UgxdGkBbC_Fw20bpzYF4AaABAg,"About 1,300,000 boycotted and about 500,000 voted for treason. The traitors lost",negative,negative,negative,negative,0.8,negative,0.95,5,negative,1,True,5,1.0,True,True,True,True,True,
UgzuEylgOhBYaUxEJyx4AaABAg,Ahahahahah ahahhahahahah ahahahaha,neutral,negative,neutral,negative,0.8,negative,1.0,5,negative,2,False,3,0.6,False,True,False,True,True,"CardiffNLP, BERTweet"
UgxHYvHltgiQf0Au3A14AaABAg,"I congratulate the Macedonians for keeping their dignity!! I support the majority of the citizens of Macedonia, who voluntarily signed an agreement with García on behalf of their country to change the name of the country. I hope that the politicians in Skopje start listening to the voice of their people and do not seek their interests. I congratulate our neighbors, who managed to keep their dignity by not allowing external forces to play with their fate and influence the decisions for their welfare!! All the lies about ""European Macedonia"" are just a pretext for joining NATO and being occupied, and these are foreign interests!! You don't need NATO or this toilet called ES!! There is nothing worse than NATO and the EU!! And Zoran Zaev is an absolute traitor, who betrays the interests of the people, that's a fact... History... recent, from the beginning of the 20th century - how many tons of human blood has been spilled in the name of ""democracy""!! For the entire 118 years, democracy managed to win the right way - in Macedonia!!",positive,positive,positive,negative,0.5,positive,0.85,5,positive,2,False,4,0.8,True,True,True,False,True,Gemma
UgxHYvHltgiQf0Au3A14AaABAg.8lrMFLK-WCx8psiLK9ZBng,exactly,neutral,positive,neutral,neutral,0.7,neutral,1.0,5,neutral,2,False,4,0.8,True,False,True,True,True,NLPTown
Ugz7D8SKYZknyYCfiPJ4AaABAg,Lazes again,negative,positive,neutral,negative,0.8,negative,0.95,5,negative,3,False,3,0.6,True,False,False,True,True,"NLPTown, BERTweet"
UgwKTp1_0Wx13J3oIvx4AaABAg,Macedonia. Never North.,negative,negative,neutral,negative,0.7,negative,0.95,5,negative,2,False,4,0.8,True,True,False,True,True,BERTweet
UgzwKGt8gwFzbxGAhON4AaABAg,"These have neither shame nor veil,,,,,,,,just a swallow,,,,,",negative,negative,negative,neutral,0.78,negative,0.95,5,negative,2,False,4,0.8,True,True,True,False,True,Gemma
UgzgCc5A9ZduwqItK_N4AaABAg,"Resign Manipulantu, Macedonia does not like you, do not revolt the people even more. They will throw you out of the parliament like rags. Do not play with the feelings of the people, lest you end up like Ceausescu in the square.",negative,negative,negative,negative,0.8,negative,0.95,5,negative,1,True,5,1.0,True,True,True,True,True,
UgynezRE5yqs3Um_q8Z4AaABAg,It will happen this year,positive,positive,neutral,positive,0.85,neutral,0.85,5,positive,2,False,3,0.6,True,True,False,True,False,"BERTweet, Llama"
UgyZsutSjpV_p9hWNUl4AaABAg,Sort for the traitors of Macedonia.,negative,positive,negative,negative,0.8,negative,1.0,5,negative,2,False,4,0.8,True,False,True,True,True,NLPTown
UgzHTIAHBLsLfOEydaZ4AaABAg,Give me the phone from the dealer. This is your drug. Haha,neutral,negative,neutral,negative,0.8,negative,0.95,5,negative,2,False,3,0.6,False,True,False,True,True,"CardiffNLP, BERTweet"
UgyJ2_7qv2wMxiXwhpR4AaABAg,"I played with the people, all in Zoran Zaev's statement, after that you will notice that he is abnormal",neutral,neutral,neutral,negative,0.75,negative,0.95,5,neutral,2,False,3,0.6,True,True,True,False,False,"Gemma, Llama"
Ugz1CwtlBCbO-Ne5Tmp4AaABAg,It is high time for a psychiatrist to join the party. They are seriously trying to send us Bosnia here.,negative,positive,negative,negative,0.8,negative,0.95,5,negative,2,False,4,0.8,True,False,True,True,True,NLPTown
UgytrR-gwuzVqWuo60F4AaABAg,"These celebrate loss. The referendum failed miserably. Now you are obliged to call early parliamentary elections if you have so much democracy, humanity and morality",negative,negative,negative,negative,0.8,negative,0.95,5,negative,1,True,5,1.0,True,True,True,True,True,
UgytrR-gwuzVqWuo60F4AaABAg.8lq1xYODE6s8lqNCnYbNmg,The referendum succeeded for those hundred hungry people.,positive,positive,positive,negative,0.5,negative,0.9,5,positive,2,False,3,0.6,True,True,True,False,False,"Gemma, Llama"
UgytrR-gwuzVqWuo60F4AaABAg.8lq1xYODE6s8lqVEhwopB4,"<USER> about 1,300,000 boycotted the other 500,000 or voted no or either. The first number is almost 3 times more than the second. If you know math, you will know the result",neutral,negative,negative,negative,0.8,negative,0.9,5,negative,2,False,4,0.8,False,True,True,True,True,CardiffNLP
UgytrR-gwuzVqWuo60F4AaABAg.8lq1xYODE6s8lqpSw3D6nM,<USER> you either don't know the law or you are playing as deaf as a rabbit.,negative,negative,negative,negative,0.8,negative,0.95,5,negative,1,True,5,1.0,True,True,True,True,True,
UgytrR-gwuzVqWuo60F4AaABAg.8lq1xYODE6s8lrzoOcpJ8O,"<USER> maria, I told you better than this, don't think that you will get more than the minimum, and nothing essential has changed, the name has not changed, I was a little skeptical, only now it is geographically indicated in detail, the language does not change, so what is the problem. Korea also exists as south and north and nothing bad, you just need to know that the problem with Gerzia is that the Macedonians are not descendants of Alexander and are not Hellenes but of Slavic origin and speak one of the Slavic languages. greetings.",negative,negative,negative,negative,0.8,negative,0.83,5,negative,1,True,5,1.0,True,True,True,True,True,
UgytrR-gwuzVqWuo60F4AaABAg.8lq1xYODE6s8psiCQ-xHRD,<USER> ha ha ha tres nonsense,negative,negative,negative,negative,0.8,negative,0.95,5,negative,1,True,5,1.0,True,True,True,True,True,
UgzQeikz0BdNBiddQkR4AaABAg,Coca grujo gave you all his MPs for the government and you left with an ali for bilingualism to give him,negative,negative,neutral,negative,0.75,negative,0.95,5,negative,2,False,4,0.8,True,True,False,True,True,BERTweet
UgzuFOpzvnOYX1xrkAp4AaABAg,EU and NATO That's right Mr. Zaev,neutral,positive,positive,positive,0.85,positive,0.95,5,positive,2,False,4,0.8,False,True,True,True,True,CardiffNLP
UgwAY83Z1szSvq6YS1d4AaABAg,He is not a man in your shoes,negative,negative,negative,negative,0.7,neutral,0.85,5,negative,2,False,4,0.8,True,True,True,True,False,Llama
UgwSnFFP0UHNi2TcD3N4AaABAg,"Done, MK will be in the EU and that's it",neutral,neutral,neutral,negative,0.8,negative,0.95,5,neutral,2,False,3,0.6,True,True,True,False,False,"Gemma, Llama"
Ugx5LRHQdcAI2upkHBp4AaABAg,At home,neutral,positive,neutral,neutral,0.72,neutral,1.0,5,neutral,2,False,4,0.8,True,False,True,True,True,NLPTown
Ugx5LRHQdcAI2upkHBp4AaABAg.8lpzBtSlAfm8lq0o4_WY4N,"cattle, you still don't understand that you lost the referendum, you get carried away as if you had a new baby",negative,negative,negative,negative,0.7,negative,0.95,5,negative,1,True,5,1.0,True,True,True,True,True,
Ugwftb6mRz5B7EqWp154AaABAg,monkeys,neutral,positive,neutral,negative,0.8,neutral,1.0,5,neutral,3,False,3,0.6,True,False,True,False,True,"NLPTown, Gemma"
UgyCUMyGFwR5iVDZDW14AaABAg,Maleeeeeeeeeeeeeeeeeeeeeeeeeeeeeeeeeeeeeeeee... He is not ashamed of the Lord!,negative,negative,positive,negative,0.8,positive,0.95,5,negative,2,False,3,0.6,True,True,False,True,False,"BERTweet, Llama"
UgyCUMyGFwR5iVDZDW14AaABAg.9q61nufD-Dv9uy7ALjuHre,little <USER>....4c -- s'vrk.,neutral,negative,neutral,neutral,0.7,negative,0.95,5,neutral,2,False,3,0.6,True,False,True,True,False,"NLPTown, Llama"
UgwzVu0AV797nEPcgz54AaABAg,Sarbickoski.,neutral,positive,neutral,neutral,0.73,negative,1.0,5,neutral,3,False,3,0.6,True,False,True,True,False,"NLPTown, Llama"
Ugwl7JJKop-sQfxE8jB4AaABAg,"Micko, where are the other parts when you have a lot of comments",neutral,neutral,neutral,neutral,0.7,negative,0.9,5,neutral,2,False,4,0.8,True,True,True,True,False,Llama
Ugy7V92fChB_AMomhHB4AaABAg,the old one from DPMN-VALEVO is fooling himself that he entered the EU. 😂😂😂,negative,positive,neutral,negative,0.8,negative,0.95,5,negative,3,False,3,0.6,True,False,False,True,True,"NLPTown, BERTweet"
Ugy7V92fChB_AMomhHB4AaABAg.9q5lOEFHp4A9q5umClSGFx,"True, VMRO-vec is against the EU and pro-Russia. Micko is not Grujo and he will not make Macedonia great like Grujo.",negative,negative,neutral,negative,0.8,negative,0.95,5,negative,2,False,4,0.8,True,True,False,True,True,BERTweet
Ugy7V92fChB_AMomhHB4AaABAg.9q5lOEFHp4A9q6BNkgaY8x,"<USER> The last ""real"" VMORO-vec is Vancho Mihailov, who was anti-RuZZia! And you ""Valevians"" are scumbags and gypsies!",negative,negative,negative,negative,0.8,negative,0.95,5,negative,1,True,5,1.0,True,True,True,True,True,
Ugy7V92fChB_AMomhHB4AaABAg.9q5lOEFHp4A9q6MASmzA-i,"<USER> VMRO is a Bulgarian organization, God, how sorry you are!!!",negative,negative,negative,negative,0.8,negative,1.0,5,negative,1,True,5,1.0,True,True,True,True,True,
Ugy7V92fChB_AMomhHB4AaABAg.9q5lOEFHp4A9uy6h_cEOJ1,VMRO FOUNDED 1893 in PIRINA MACEDONIA. VMRO -- Internal Macedonian Revolutionary Organization.,neutral,negative,neutral,neutral,0.7,neutral,1.0,5,neutral,2,False,4,0.8,True,False,True,True,True,NLPTown
UgxtQBaJEc_4mbBhmJV4AaABAg,Why is the opposition making a fool of itself in public when it is not what it should be?,negative,negative,negative,negative,0.8,negative,0.95,5,negative,1,True,5,1.0,True,True,True,True,True,
UgxtQBaJEc_4mbBhmJV4AaABAg.9q6eRTVga7g9uy6obwE9c8,Jerrj .................... tile.,negative,positive,neutral,neutral,0.73,negative,0.95,5,,3,False,0,0.0,False,False,False,False,False,
Ugzu7jFDL0OMbSE77kF4AaABAg,"Bullshit, just like that.",negative,negative,negative,negative,0.8,negative,1.0,5,negative,1,True,5,1.0,True,True,True,True,True,
Ugzu7jFDL0OMbSE77kF4AaABAg.9VAaE_4Vaq49VAdyCR-gPt,"Šumadinja, are you going to take a walk around your hometown?",neutral,positive,neutral,negative,0.7,negative,0.9,5,,3,False,0,0.0,False,False,False,False,False,
Ugzu7jFDL0OMbSE77kF4AaABAg.9VAaE_4Vaq49VAegUSiuKM,<USER> Block Deutsch? 🤔,neutral,negative,neutral,neutral,0.7,neutral,0.85,5,neutral,2,False,4,0.8,True,False,True,True,True,NLPTown
Ugzu7jFDL0OMbSE77kF4AaABAg.9VAaE_4Vaq49VB1lvLYY7v,<USER> 日本語は話たる？,neutral,negative,neutral,negative,0.8,neutral,0.85,5,neutral,2,False,3,0.6,True,False,True,False,True,"NLPTown, Gemma"
Ugzu7jFDL0OMbSE77kF4AaABAg.9VAaE_4Vaq49VB1oLa9uqh,<USER> Nothing sweinstein. 🤔,neutral,negative,neutral,negative,0.8,neutral,0.85,5,neutral,2,False,3,0.6,True,False,True,False,True,"NLPTown, Gemma"
Ugzu7jFDL0OMbSE77kF4AaABAg.9VAaE_4Vaq49VB1tjWP3eA,<USER> 😂,neutral,neutral,neutral,positive,0.95,positive,0.95,5,neutral,2,False,3,0.6,True,True,True,False,False,"Gemma, Llama"
Ugzu7jFDL0OMbSE77kF4AaABAg.9VAaE_4Vaq49VDg8tAT3qF,It's about time you got down!,neutral,negative,negative,negative,0.7,negative,1.0,5,negative,2,False,4,0.8,False,True,True,True,True,CardiffNLP
Ugzu7jFDL0OMbSE77kF4AaABAg.9VAaE_4Vaq49VDgWCly_Nu,<USER> Du bist eine sheize?,neutral,negative,neutral,negative,0.8,negative,1.0,5,negative,2,False,3,0.6,False,True,False,True,True,"CardiffNLP, BERTweet"
Ugy--TRtf3E10aDK9hB4AaABAg,"There are hundreds of guernseys, there is no parvo guernsey, there is a lot of porstkuke 😉😡",negative,negative,neutral,negative,0.8,negative,0.95,5,negative,2,False,4,0.8,True,True,False,True,True,BERTweet
Ugy--TRtf3E10aDK9hB4AaABAg.8d3-W1iq5a58d3QqHPAcQ0,Ennis Studio Deluxe I don't understand you?,negative,negative,negative,negative,0.8,neutral,1.0,5,negative,2,False,4,0.8,True,True,True,True,False,Llama
UgyozzzkNqBh1Ot_LiZ4AaABAg,sleeping contract - crime. sds program 2016 does not change the NAME of MACEDONIA anywhere. sds j baybook. agreement j vc.,negative,negative,negative,neutral,0.85,negative,0.95,5,negative,2,False,4,0.8,True,True,True,False,True,Gemma
Ugx1fZB8KxnLXEqujuh4AaABAg,Let them not eat a lot of bran..every agreement can be canceled or at least not cited...there are agreements that are much more serious (for nuclear programs).so they are not cited,negative,negative,negative,negative,0.75,negative,0.95,5,negative,1,True,5,1.0,True,True,True,True,True,
UgyePwe6oIgCiQhilK14AaABAg,"You did the worst thing by accepting the Prespa agreement, so if it is possible, let it be annulled, because the agreement is capitulist on everything that is MACEDONIAN.",negative,negative,negative,negative,0.8,negative,0.95,5,negative,1,True,5,1.0,True,True,True,True,True,
Ugyfaqx9su7aNDLovUJ4AaABAg,sleeping contract - crime. sds program 2016 does not change the NAME of MACEDONIA anywhere. agreement j vc.,negative,negative,negative,negative,0.6,negative,0.95,5,negative,1,True,5,1.0,True,True,True,True,True,
UgzSYA2ZmDhqxTieKWB4AaABAg,"The agreement between Macedonia and Greece will definitely go down in the history of diplomacy. It will be the only agreement in history between two states, in which one state voluntarily capitulates and renounces its history and culture for the first time in human history. It changes the name of its own country, and thus the nationality of its citizens. **This phenomenon will represent an example in the history of diplomacy, that the biggest threat to democracies and national states is a group of people in power supported and paid by powerful centers, who work to destroy national sovereign states and shamelessly lie and manipulate their own people! **This so-called prime minister will go down in history as the biggest and only violator of the constitution of his country without being sanctioned or eliminated. The proposal for the use of bilingualism - the Albanian language, the Desecration of the Orthodox Church, the agreement with Bulgaria, and this agreement with Greece. It is a gross and brutal violation of the constitution. After the gross and brutal violation of the constitution, gross and brutal sanctions and punishments must follow if we want to have a healthy national state! **That the people will win in these difficult times and will defend and preserve their homeland and that this SDS(M) government will be completely wiped out, I am deeply confident of that! The people do not forget and do not forgive! **What I am not sure of and seriously worries me is; Will the new government, regardless of the political composition, have the courage to most seriously and strictly condemn the traitors Zaev, Dimitrov and the people close to them for the sale of our homeland Macedonia? Otherwise, the Macedonian people must judge everyone!",positive,negative,neutral,negative,0.6,negative,0.95,5,negative,3,False,3,0.6,False,True,False,True,True,"CardiffNLP, BERTweet"
UgzSYA2ZmDhqxTieKWB4AaABAg.8hbGIYHfdUK8hbe6suOQkN,"jagviljagvil1 I understand, but the Macedonian PEOPLE are to blame for voting him to power And if they knew about his plans And we will remain SHEEP for shearing",negative,neutral,negative,negative,0.8,negative,0.95,5,negative,2,False,4,0.8,True,False,True,True,True,NLPTown
UgyCXY3EiX6_Zg-bnjZ4AaABAg,"Sir... Have you even wondered or thought about what will happen when the patting on the backs stops and when the EU and the rest of the Hippocrates turn their backs on you! And that this will happen soon, that is a guaranteed rule in diplomacy? How will you withstand the anger you created in the Macedonian people? May God help you",negative,negative,negative,negative,0.8,negative,0.95,5,negative,1,True,5,1.0,True,True,True,True,True,
UgyPmGVcvmeZawPI7KN4AaABAg,"About ALFA TV ❤️ I follow regularly, on the portals.. The economy, domestic AND global, is missing.",negative,neutral,negative,neutral,0.7,negative,0.55,5,negative,2,False,3,0.6,True,False,True,False,True,"NLPTown, Gemma"
Ugypycuo1r13Jd12azl4AaABAg,"Everyone can define themselves as they want, even as an alien and, accordingly, identify their language in the same way. However, the right to self-determination belongs to the living. No one gives them the right to change the declared identity of the dead, who have been defined as Bulgarians for twelve centuries. The Bitola tablet of Tsar John Vladislav from 1015, exhibited in the museum in Bitola, in which Samuel's grandson is called ""Bulgarian autocrat"" and ""Bulgarian born"", who rebuilt the Bitola fortress ""for refuge and salvation and for the life of the Bulgarians"". Another indisputable fact is a letter from Gotse Delchev to Nikola Maleshevski (January 5, 1899), written in literary Bulgarian: ""It's unfortunate, but what can we do when we are Bulgarians and we all suffer from the same disease."" Or the existing request of Nikola Delchev, father of Gotse Delchev, to the National Assembly of Bulgaria (June 24, 1914) for granting a pension!",neutral,negative,neutral,negative,0.8,neutral,0.85,5,neutral,2,False,3,0.6,True,False,True,False,True,"NLPTown, Gemma"
UgwlkwN5gpTBhHGShlV4AaABAg,"The future of North Macedonia is in Albania, and the future of Albania is not in Europe, but in the Serbian-Albanian mini-Schengen.",neutral,neutral,neutral,negative,0.7,negative,0.95,5,neutral,2,False,3,0.6,True,True,True,False,False,"Gemma, Llama"
UgxR9t2o0S5yEUqMCYN4AaABAg,"Sir... Have you even wondered or thought about what will happen when the patting on the backs stops and when the EU and the rest of the Hippocrates turn their backs on you! And that this will happen soon, that is a guaranteed rule in diplomacy? How will you withstand the anger you created in the Macedonian people? God help you...",negative,negative,negative,negative,0.8,negative,0.95,5,negative,1,True,5,1.0,True,True,True,True,True,
UgyvVxewY9oi_M_WRRl4AaABAg,"This is the first step towards the end of the vile artificial Comintern creation Severzhano-Banovina. Dear severjano-banovina, fortunately, the end of the filthy artificial Comintern work has come, severjano-banovina 🎪🇲🇰🎪",negative,positive,negative,negative,0.8,negative,0.95,5,negative,2,False,4,0.8,True,False,True,True,True,NLPTown
UgznUXs9OYyzl4tayVp4AaABAg,This is the result of traitors from Macedonia,negative,negative,negative,negative,0.8,negative,1.0,5,negative,1,True,5,1.0,True,True,True,True,True,
Ugwy_hcep1k4qzw7J1R4AaABAg,"When the emotions are gone, maybe you can look at the ""report"" itself?! There are many problems, pointed out by your friend Weitz, which Mitsika does not want you to notice ;)",neutral,positive,negative,negative,0.7,negative,0.95,5,negative,3,False,3,0.6,False,False,True,True,True,"CardiffNLP, NLPTown"
Ugwy_hcep1k4qzw7J1R4AaABAg.AKMVkxYEWEuAKMp8pIuGZS,. CHRISTIAN is the NAME of the Prime Minister of the Government! !,neutral,positive,neutral,positive,0.85,positive,0.95,5,positive,2,False,3,0.6,False,True,False,True,True,"CardiffNLP, BERTweet"
Ugwy_hcep1k4qzw7J1R4AaABAg.AKMVkxYEWEuAKMsmtNaLqm,@tatjanavelkova5814 What is the prime minister 😅 of Northern Pinjur?,neutral,negative,neutral,neutral,0.75,neutral,1.0,5,neutral,2,False,4,0.8,True,False,True,True,True,NLPTown
Ugwy_hcep1k4qzw7J1R4AaABAg.AKMVkxYEWEuAKMvDkxghDh,"and Weitz, will he return the money?",neutral,negative,neutral,negative,0.7,negative,0.9,5,negative,2,False,3,0.6,False,True,False,True,True,"CardiffNLP, BERTweet"
Ugwy_hcep1k4qzw7J1R4AaABAg.AKMVkxYEWEuAKMvH5SKhF5,<USER> that crazy has no stop,negative,negative,negative,negative,0.8,negative,1.0,5,negative,1,True,5,1.0,True,True,True,True,True,
Ugwy_hcep1k4qzw7J1R4AaABAg.AKMVkxYEWEuAKOcoFDF92Y,Bulgarian fascists and Greek fascists!!!,negative,negative,negative,negative,0.8,negative,1.0,5,negative,1,True,5,1.0,True,True,True,True,True,
Ugwy_hcep1k4qzw7J1R4AaABAg.AKMVkxYEWEuAKOlVZPMxEO,<USER> which.... money?,neutral,negative,neutral,neutral,0.75,neutral,1.0,5,neutral,2,False,4,0.8,True,False,True,True,True,NLPTown
Ugxfwex40qtjjpxE6IN4AaABAg,"Severdjants are like children who believe in Santa Claus. By telling them that it's not true, that's it, sardjat. It's time to face reality.",negative,negative,negative,negative,0.8,negative,0.95,5,negative,1,True,5,1.0,True,True,True,True,True,
Ugyk9RrYfHoL69U5nLp4AaABAg,And now eat the pepper of the Serbs when you don't have akal PINJURI 😅,negative,positive,negative,negative,0.8,negative,0.95,5,negative,2,False,4,0.8,True,False,True,True,True,NLPTown
Ugyk9RrYfHoL69U5nLp4AaABAg.AKMVWugW10-AKMYpvHQt6a,You Bulgarians don't know what akal is because you don't have it. You are fascists and that's how fascists will be born with you Chinese wall 😂😂😂 Tatar fantasized oguri Turkish asparagus Tatars 😛😛😛 0:01,negative,negative,negative,negative,0.8,negative,0.95,5,negative,1,True,5,1.0,True,True,True,True,True,
Ugyk9RrYfHoL69U5nLp4AaABAg.AKMVWugW10-AKMZ6bli2DX,"2:33 YOUR MOM NOW THAT YOU THINK THAT YOU HAVE ACHIEVED ONLY A TERRIBLE HATRED THAT WE HAVE TOWARDS YOU AND THE SERBS WE LIVED AND WE WILL LIVE AS BROTHERS AND YOU WILL ONLY WATCH FROM A DISTANCE, AND LITTLE BY LITTLE THE GYPSIES WILL TAKE IT OVER. THE STATE",negative,positive,negative,negative,0.8,negative,0.95,5,negative,2,False,4,0.8,True,False,True,True,True,NLPTown
Ugyk9RrYfHoL69U5nLp4AaABAg.AKMVWugW10-AKMpcTt22vY,25 CENTURY OF MACEDONIANS IN MACEDONIA! ! Serbs... in the Danube.,neutral,positive,neutral,negative,0.8,negative,0.95,5,,3,False,0,0.0,False,False,False,False,False,
UgyhRF_HMYq5ZkcnQx54AaABAg,"NO ONE IN THIS WORLD HAS A RIGHT TO SAY ABOUT IDENTITY ISSUES, NOT EVEN IN THE EU PARLIAMENT. Macedonia is a sovereign independent state according to this ASNOM DECISION. No one has the right to that feature! NO ONE in this world to demand or change. Thus, from FIROM until today, everything that has been said has NO LEGAL BASIS. It is up to the lawyers to explain, and the politicians to respect the law and ASNOM DECISIONS.",negative,negative,negative,negative,0.8,negative,0.95,5,negative,1,True,5,1.0,True,True,True,True,True,
UgxRSeVtfQvQJnFjMBl4AaABAg,"You don't want the European Union, you should close the era to the EU. Move to East, BRICS",negative,negative,negative,negative,0.85,negative,0.95,5,negative,1,True,5,1.0,True,True,True,True,True,
UgxRSeVtfQvQJnFjMBl4AaABAg.AKND-KwTwwuAKOHE-I5JeQ,But you're going to study and work in Western European countries and not Russia 🙂,neutral,neutral,neutral,negative,0.8,negative,0.9,5,neutral,2,False,3,0.6,True,True,True,False,False,"Gemma, Llama"
UgxRSeVtfQvQJnFjMBl4AaABAg.AKND-KwTwwuAKOd9Z1Gguy,"@Georgi.Delchev.Rebornako, that doesn't bother you, so you are a resident of Macedonia",neutral,negative,neutral,negative,0.7,negative,0.9,5,negative,2,False,3,0.6,False,True,False,True,True,"CardiffNLP, BERTweet"
UgxRSeVtfQvQJnFjMBl4AaABAg.AKND-KwTwwuAKOlS0p6091,MACEDONIA --- 25TH CENTURY is in SOUTHERN EUROPE! !,neutral,positive,positive,negative,0.8,positive,0.95,5,positive,3,False,3,0.6,False,True,True,False,True,"CardiffNLP, Gemma"
UgxRSeVtfQvQJnFjMBl4AaABAg.AKND-KwTwwuAKP7MByXpOh,There are countries on the east who are much better and more stable than Europe. Just because they don't expose too much around the world that doesn't mean they are no good. Russia is not the only country in Britain. Did you go and see what's on east side?.. maybe you should. But anjway there is no such a thing that can change my nationality and language. The principle of the thing is that my values ​​and morals are more important than anything.,negative,negative,neutral,negative,0.5,neutral,0.48,5,negative,2,False,3,0.6,True,True,False,True,False,"BERTweet, Llama"
UgxRSeVtfQvQJnFjMBl4AaABAg.AKND-KwTwwuAKP7xiReWOu,"@tatjanavelkova5814 so if it is. Strangers that they have to humiliate me and blackmail me. Somehow the face AND the character have been forgotten in these last times. Time has come just give hundred Das. Well, not everything is like that. They need us and they need us, we are the center as well, it is not for nothing that they invest in connecting the south and the north with corridors. They have a need too.",negative,negative,negative,negative,0.5,positive,0.85,5,negative,2,False,4,0.8,True,True,True,True,False,Llama
UgxRSeVtfQvQJnFjMBl4AaABAg.AKND-KwTwwuAKPP6FNtARq,"<USER> Great, work there. But you won't. I wonder why your fellow citizens work and study in Western Europe and not in China, India, Turkey, South Korea or Pakistan.",negative,neutral,negative,negative,0.8,negative,0.95,5,negative,2,False,4,0.8,True,False,True,True,True,NLPTown
UgxRSeVtfQvQJnFjMBl4AaABAg.AKND-KwTwwuAKPQd73I2rL,@Georgi.Delchev.Reborn because of people like you where are you.. 🙄 sadlj,negative,negative,negative,negative,0.8,negative,0.95,5,negative,1,True,5,1.0,True,True,True,True,True,
UgxRSeVtfQvQJnFjMBl4AaABAg.AKND-KwTwwuAKPRhdfsmWe,<USER> It's not our fault. Bulgaria lifted the veto 3 years ago. You agreed in front of the entire EU that you would implement the French proposal and the EU's membership requirement. You've been doing nothing for the last 3 years to join the union.,negative,negative,neutral,negative,0.8,negative,0.95,5,negative,2,False,4,0.8,True,True,False,True,True,BERTweet
UgybwsOttyoE7QxaJex4AaABAg,"I thought until now, and now I guarantee that what SDSS did with identity issues, Mickovski in the background supported both the Greek and Bulgarian agreements, if it was not so, by now these from dpmne would have initiated not one but 101 criminal cases against Zaev, Dimitrov, Osmani, Maricic, Pederovski and Tacheta for putting the state in a subordinate position, and there is evidence, Zaev signed a document with Ivanov for demolition of the constitutional order, if these people from SDSSH start to be tried, everything will be brought to light for Mickovski for everything that was agreed in the background! If it is not so, by now all 6 people would be in prison, and there would still be no clinical cases! First, the domestic traitors and snitches are cleared, and only then can you fight with foreign forces!",negative,negative,neutral,negative,0.5,negative,0.92,5,negative,2,False,4,0.8,True,True,False,True,True,BERTweet
Ugw9JXJsFbFjPYhom0l4AaABAg,"I am waiting, after the Bulgarians are included in the constitution, to see an apology from the prime minister and the president to the Bulgarian community, because it has been repressed and humiliated for 70 years",negative,negative,negative,negative,0.8,negative,0.95,5,negative,1,True,5,1.0,True,True,True,True,True,
Ugw9JXJsFbFjPYhom0l4AaABAg.AKMufSLnKppAKO7JASD7S2,It will go in the B'lwari's mouth😂😂😂,negative,positive,neutral,negative,0.8,negative,1.0,5,negative,3,False,3,0.6,True,False,False,True,True,"NLPTown, BERTweet"
Ugw9JXJsFbFjPYhom0l4AaABAg.AKMufSLnKppAKOp1r8ebRR,<USER>-an illiterate Martian,neutral,negative,negative,negative,0.8,negative,1.0,5,negative,2,False,4,0.8,False,True,True,True,True,CardiffNLP
Ugw9JXJsFbFjPYhom0l4AaABAg.AKMufSLnKppAKcsacCvb9X,Animalism in Macedonia is a classic type😢😢😂😂😂❤ And the sexual impulse is also very strong 😎😎. There will always be patients of sexologists,positive,positive,neutral,negative,0.7,positive,0.85,5,positive,3,False,3,0.6,True,True,False,False,True,"BERTweet, Gemma"
Ugw9JXJsFbFjPYhom0l4AaABAg.AKMufSLnKppAKcxzo-Cnjh,The fools in the MOUTH🖕🖕🖕,negative,positive,negative,negative,0.8,negative,1.0,5,negative,2,False,4,0.8,True,False,True,True,True,NLPTown
Ugy1MsW43AHi1o3py2N4AaABAg,to break up Prespa and Bulgarian and stop the negotiations with the EU!!!!,negative,negative,negative,negative,0.8,negative,0.95,5,negative,1,True,5,1.0,True,True,True,True,True,
Ugy1MsW43AHi1o3py2N4AaABAg.AKMUJ-8Xit3AKMVBAdai2N,"That's right, even if you leave NATO 😅 that's all your ass cares 😅😅😅",neutral,positive,negative,negative,0.8,negative,0.95,5,negative,3,False,3,0.6,False,False,True,True,True,"CardiffNLP, NLPTown"
Ugy1MsW43AHi1o3py2N4AaABAg.AKMUJ-8Xit3AKMVCNFByac,And for Macedonia to become a bigger country than Albania during the time of Enver Hoxha. Very good idea!,positive,positive,positive,positive,0.85,positive,0.95,5,positive,1,True,5,1.0,True,True,True,True,True,
Ugy1MsW43AHi1o3py2N4AaABAg.AKMUJ-8Xit3AKMVXMFPSTP,Your right. You don't need the EU. You have Serbian World ;),neutral,positive,positive,positive,0.85,positive,0.95,5,positive,2,False,4,0.8,False,True,True,True,True,CardiffNLP
Ugy1MsW43AHi1o3py2N4AaABAg.AKMUJ-8Xit3AKMVaCjMOvj,maybe then a Tatar like you will return to Mongolia as soon as Macedonia is miserable for you @MKD-BGR,negative,negative,negative,negative,0.8,negative,1.0,5,negative,1,True,5,1.0,True,True,True,True,True,
Ugy1MsW43AHi1o3py2N4AaABAg.AKMUJ-8Xit3AKMXQL5C5Qt,<USER> MACEDONIAN WORLD CLEARLY,neutral,positive,neutral,negative,0.8,positive,0.95,5,,3,False,0,0.0,False,False,False,False,False,
Ugy1MsW43AHi1o3py2N4AaABAg.AKMUJ-8Xit3AKMXfaSx6hH,"<USER>.7 We will go to Mother Bulgaria then, and we will laugh at your hunger and misery😂😂",negative,positive,negative,negative,0.8,negative,0.95,5,negative,2,False,4,0.8,True,False,True,True,True,NLPTown
Ugy1MsW43AHi1o3py2N4AaABAg.AKMUJ-8Xit3AKMXwdpkGCX,"<USER> What was the Macedonian world? You sing ""kafana is my destiny"" in a bar, you watch Zvezde Granda on television like hyptomized sheep. When you see Serbs, you immediately serve them as if they were beys, and tell them ""We are bracha"", and they say under their mustache ""stupid Southern Serbs"". It is ""Macedonian World"".",negative,negative,negative,negative,0.8,negative,0.95,5,negative,1,True,5,1.0,True,True,True,True,True,
Ugy1MsW43AHi1o3py2N4AaABAg.AKMUJ-8Xit3AKMY4CpsD_s,"Oh, stupid Bulgarians, when this time comes, you will create misery in the Balkans, pensioners will go to Macedonian markets.",negative,negative,negative,negative,0.8,negative,1.0,5,negative,1,True,5,1.0,True,True,True,True,True,
Ugy1MsW43AHi1o3py2N4AaABAg.AKMUJ-8Xit3AKMYCY6uiuk,don't wait and collect the Tatar rags and be gone <USER>-BGR,negative,negative,neutral,negative,0.8,negative,1.0,5,negative,2,False,4,0.8,True,True,False,True,True,BERTweet
Ugy1MsW43AHi1o3py2N4AaABAg.AKMUJ-8Xit3AKMYG_xMqHY,"😂you eat all shit and that ""big Fadhiska Dö bespectacled journalist of Boykov mistress Tatars Mongolian baptized Muslims 😂😂😂😂",negative,negative,negative,negative,0.8,negative,1.0,5,negative,1,True,5,1.0,True,True,True,True,True,
Ugy1MsW43AHi1o3py2N4AaABAg.AKMUJ-8Xit3AKMY_ffaX9z,"<USER>.7 No, my friend, we will terrorize Yugoslavs like you here, as Vancho Mihailov did to you in the past. We will restore the correct VMRO and show you what Macedonian means.",negative,positive,negative,negative,0.8,negative,1.0,5,negative,2,False,4,0.8,True,False,True,True,True,NLPTown
Ugy1MsW43AHi1o3py2N4AaABAg.AKMUJ-8Xit3AKMYlz4Lft2,"@vesnazlateva2527 You have hot peppers, but it is not clear where they are from 😅 Look, you are many centuries old, the monkey came from you and not the man from the monkey 😅.",negative,neutral,neutral,negative,0.8,negative,0.95,5,negative,2,False,3,0.6,True,False,False,True,True,"NLPTown, BERTweet"
Ugy1MsW43AHi1o3py2N4AaABAg.AKMUJ-8Xit3AKMYr2Dk824,"<USER> Clear?! Use Cyrillic or whatever is left of it... And how do you enter ""that Macedonian world""?! I love there too... ;)",positive,positive,positive,positive,0.85,positive,0.95,5,positive,1,True,5,1.0,True,True,True,True,True,
Ugy1MsW43AHi1o3py2N4AaABAg.AKMUJ-8Xit3AKMooBrfkcI,"Easy on your nerves😅😅😅😅, you have a 30-year-old formation, which changed your name 3 times, with that mentality, you can't be hurt@vesnazlateva2527",negative,positive,neutral,negative,0.8,negative,0.95,5,negative,3,False,3,0.6,True,False,False,True,True,"NLPTown, BERTweet"
Ugy1MsW43AHi1o3py2N4AaABAg.AKMUJ-8Xit3AKMpGThjH3g,12 centuries ago NAUM and KLIMENT OF OHRID -- AUTHORS OF CYRILLIC! !,neutral,positive,neutral,negative,0.8,positive,1.0,5,,3,False,0,0.0,False,False,False,False,False,
Ugy1MsW43AHi1o3py2N4AaABAg.AKMUJ-8Xit3AKMpv3PiU7c,<USER> Why don't you use it?!,negative,negative,negative,negative,0.8,negative,0.95,5,negative,1,True,5,1.0,True,True,True,True,True,
Ugy1MsW43AHi1o3py2N4AaABAg.AKMUJ-8Xit3AKMqUX5lXEx,@tatjanavelkova5814 but what do you write in (Albanian),neutral,neutral,neutral,neutral,0.85,neutral,1.0,5,neutral,1,True,5,1.0,True,True,True,True,True,
Ugy1MsW43AHi1o3py2N4AaABAg.AKMUJ-8Xit3AKMutF6t9tq,"and if you break up, you will have to accept that you are chipped by a filthy Macedonian",negative,negative,negative,negative,0.8,negative,1.0,5,negative,1,True,5,1.0,True,True,True,True,True,
Ugy1MsW43AHi1o3py2N4AaABAg.AKMUJ-8Xit3AKMv0WdEThP,<USER> I doubt it matters since both states are NATO member states,neutral,neutral,neutral,neutral,0.7,neutral,0.95,5,neutral,1,True,5,1.0,True,True,True,True,True,
Ugy1MsW43AHi1o3py2N4AaABAg.AKMUJ-8Xit3AKMv7iVsy-2,"<USER> Vesna, run away to the countryside",neutral,neutral,neutral,negative,0.8,negative,0.95,5,neutral,2,False,3,0.6,True,True,True,False,False,"Gemma, Llama"
Ugy1MsW43AHi1o3py2N4AaABAg.AKMUJ-8Xit3AKMyEoQlHac,<USER> Wow....!? And where is this world...........???,negative,negative,negative,negative,0.7,neutral,0.85,5,negative,2,False,4,0.8,True,True,True,True,False,Llama
Ugy1MsW43AHi1o3py2N4AaABAg.AKMUJ-8Xit3AKOlaS-GSLc,<USER>-o4k MACEDONIAN LANGUAGE in MACEDONIA! ! !,neutral,negative,neutral,negative,0.8,negative,0.95,5,negative,2,False,3,0.6,False,True,False,True,True,"CardiffNLP, BERTweet"
Ugy1MsW43AHi1o3py2N4AaABAg.AKMUJ-8Xit3AKctEDBMyGQ,"@vesnazlateva2527 Dear Madam, are you Vesna or Spring? It seems to me that you are Vesna forever. Greetings to the Serbian world, 😊😊😊",positive,positive,positive,positive,0.85,positive,0.95,5,positive,1,True,5,1.0,True,True,True,True,True,
UgwKfJGT7hPWS-hRl5d4AaABAg,"Together, it's not so terrible, as it should be, because so many people were trembling in that country, pity the enemies, together we should!😮😢🎉",negative,neutral,neutral,positive,0.82,positive,0.85,5,,3,False,0,0.0,False,False,False,False,False,
UgwR7zQ50t6vdSGhdIJ4AaABAg,"You have yourself to blame. You raise the profile of identity and language, even though they are already recognized. Only a Macedonian can do this. Come on now start using ""Our language"" and ""Our people/nation"" as you use ""Our State"" instead of North Macedonia. Well done!",negative,positive,neutral,negative,0.5,negative,0.92,5,negative,3,False,3,0.6,True,False,False,True,True,"NLPTown, BERTweet"
UgwR7zQ50t6vdSGhdIJ4AaABAg.AKMVUVyEJyFAKMZEAEVON0,2:33 MAMETO YOUR BULGARIAN,negative,negative,neutral,negative,0.8,negative,0.95,5,negative,2,False,4,0.8,True,True,False,True,True,BERTweet
UgwR7zQ50t6vdSGhdIJ4AaABAg.AKMVUVyEJyFAKMZfGNBbx5,@dejansterjoski5654 And your Yugoslav cheat,negative,negative,negative,negative,0.8,negative,1.0,5,negative,1,True,5,1.0,True,True,True,True,True,
UgwR7zQ50t6vdSGhdIJ4AaABAg.AKMVUVyEJyFAKMicOMh8-Q,"@dejansterjoski5654 Don't worry, everything will fall into place, we are your best friends!",positive,positive,positive,positive,0.85,positive,0.95,5,positive,1,True,5,1.0,True,True,True,True,True,
UgwR7zQ50t6vdSGhdIJ4AaABAg.AKMVUVyEJyFAKMpFAlzllr,"@dejansterjoski5654😅😅😅😅 nervous northerner, Bulgaria is the oldest country in Europe, and you got used to losing, people beat you with facts, you show how low you are😅😅😅😅",negative,positive,negative,negative,0.8,negative,0.95,5,negative,2,False,4,0.8,True,False,True,True,True,NLPTown
UgwR7zQ50t6vdSGhdIJ4AaABAg.AKMVUVyEJyFAKMr7Ss3I_z,"<USER> That akal, that intellect?! Well done. Forget ""Tatar"" ;)",positive,positive,neutral,positive,0.85,positive,0.95,5,positive,2,False,4,0.8,True,True,False,True,True,BERTweet
UgwR7zQ50t6vdSGhdIJ4AaABAg.AKMVUVyEJyFAKMsH_jmNHw,"@dejansterjoski5654😅😅😅 another defeat, get used to it, Bulgaria is the oldest country in Europe, you think that someone cares about your opinion😅😅😅",negative,negative,negative,negative,0.8,negative,0.95,5,negative,1,True,5,1.0,True,True,True,True,True,
UgwR7zQ50t6vdSGhdIJ4AaABAg.AKMVUVyEJyFAKMsJgws-Eg,COME TO MACEDONIA AND YOU WILL SEE WHAT I HAVE,positive,positive,neutral,negative,0.7,neutral,0.85,5,,3,False,0,0.0,False,False,False,False,False,
UgwR7zQ50t6vdSGhdIJ4AaABAg.AKMVUVyEJyFAKMsyrl8232,@dejansterjoski5654north Macedonia 😅😅😅😅,neutral,positive,neutral,neutral,0.62,positive,0.95,5,neutral,2,False,3,0.6,True,False,True,True,False,"NLPTown, Llama"
UgwR7zQ50t6vdSGhdIJ4AaABAg.AKMVUVyEJyFAKMvXgBhuJH,<USER>,neutral,neutral,neutral,negative,0.5,negative,0.75,5,neutral,2,False,3,0.6,True,True,True,False,False,"Gemma, Llama"
UgwR7zQ50t6vdSGhdIJ4AaABAg.AKMVUVyEJyFAKN5feL9xYh,<USER> I am in Macedonia.,neutral,negative,neutral,neutral,0.85,neutral,1.0,5,neutral,2,False,4,0.8,True,False,True,True,True,NLPTown
UgwR7zQ50t6vdSGhdIJ4AaABAg.AKMVUVyEJyFAKctYzJ8ZJQ,@dejansterjoski5654 but it's obvious 😅😅😅,neutral,neutral,neutral,negative,0.7,positive,0.95,5,neutral,3,False,3,0.6,True,True,True,False,False,"Gemma, Llama"
Ugz9mPhwXHs2xY9lKcd4AaABAg,And we still need to be FOR 🇪🇺❓,neutral,positive,neutral,positive,0.85,positive,0.95,5,positive,2,False,3,0.6,False,True,False,True,True,"CardiffNLP, BERTweet"
Ugz9mPhwXHs2xY9lKcd4AaABAg.AKMX9CAk-KMAKMY2CDwK-k,Yes. And you should be even more FOR the EU now.,positive,positive,positive,positive,0.85,positive,0.95,5,positive,1,True,5,1.0,True,True,True,True,True,
Ugz9mPhwXHs2xY9lKcd4AaABAg.AKMX9CAk-KMAKMfp6nF8Dz,@MKD-BGRAma there will be no change to the constitution,negative,positive,negative,neutral,0.7,negative,0.9,5,negative,3,False,3,0.6,True,False,True,False,True,"NLPTown, Gemma"
Ugz9mPhwXHs2xY9lKcd4AaABAg.AKMX9CAk-KMAKMhmRrsAlV,"@BorisCheshlarovEpa no EU then. And with that, aid will dry up and visas will return again.",negative,negative,negative,negative,0.8,negative,0.95,5,negative,1,True,5,1.0,True,True,True,True,True,
Ugz9mPhwXHs2xY9lKcd4AaABAg.AKMX9CAk-KMAKMivq5xC58,"@MKD-BGRP, we have long wanted neither in 🇪🇺 nor in NATO, it's just a shame that we have stupid politicians who can't understand that",negative,negative,negative,negative,0.8,negative,0.95,5,negative,1,True,5,1.0,True,True,True,True,True,
Ugz9mPhwXHs2xY9lKcd4AaABAg.AKMX9CAk-KMAKMpW_B2mH0,<USER>-BGR cut you.... u poles.,negative,negative,negative,negative,0.8,negative,1.0,5,negative,1,True,5,1.0,True,True,True,True,True,
Ugz9mPhwXHs2xY9lKcd4AaABAg.AKMX9CAk-KMAKMuUW-ZGcs,Return the barbed wire with Bulgaria and be proud of the Serbian world,positive,negative,positive,negative,0.8,negative,0.95,5,negative,2,False,3,0.6,False,True,False,True,True,"CardiffNLP, BERTweet"
Ugz9mPhwXHs2xY9lKcd4AaABAg.AKMX9CAk-KMAKN5tUFX-qC,<USER> There is no other alternative. Either the EU or bankruptcy. BRICS is not an alternative. Plus we are surrounded by NATO and EU countries.,negative,negative,negative,negative,0.8,negative,0.95,5,negative,1,True,5,1.0,True,True,True,True,True,
Ugz9mPhwXHs2xY9lKcd4AaABAg.AKMX9CAk-KMAKOlpcfTkP3,"In 2018, in the REFERENDUM, the citizens of MACEDONIA said no to the EU.",negative,negative,neutral,negative,0.6,negative,0.9,5,negative,2,False,4,0.8,True,True,False,True,True,BERTweet
Ugz9mPhwXHs2xY9lKcd4AaABAg.AKMX9CAk-KMAKOn1im0xhC,@tatjanavelkova5814 Sea shut up with that referendum Goose Botovska. 95% said FOR EU. THE END!!,negative,negative,negative,negative,0.8,negative,0.95,5,negative,1,True,5,1.0,True,True,True,True,True,
Ugz9mPhwXHs2xY9lKcd4AaABAg.AKMX9CAk-KMAPM8SEazqMX,"@MKD-BGRO Which EU countries are we surrounded by the sea? Bulgaria and Greece? So go live in Bulgaria, the language is similar, you can buy a house for badiaka because the whole country has been evicted, your salary will be 450-500 euros, go to the European Union, see, try life in Bulgaria and think about what difference will happen with Macedonia?",negative,negative,neutral,negative,0.8,negative,0.92,5,negative,2,False,4,0.8,True,True,False,True,True,BERTweet
Ugz9mPhwXHs2xY9lKcd4AaABAg.AKMX9CAk-KMAPMAT-fCrBQ,"@ChristianChrastevski Abe, you think you are the smartest. Go for a walk you spoiled brat.",negative,positive,negative,negative,0.8,negative,1.0,5,negative,2,False,4,0.8,True,False,True,True,True,NLPTown
UgxihZC07Uyk4bn6K2Z4AaABAg,"To what extent does Bulgaria meet the criteria to be accepted into the EU today, they will not accept it and will block it",negative,negative,negative,negative,0.8,negative,0.95,5,negative,1,True,5,1.0,True,True,True,True,True,
UgxihZC07Uyk4bn6K2Z4AaABAg.AKMYU8uH8M9AKMYiievS_h,Meets 110%,neutral,positive,neutral,positive,0.85,positive,0.95,5,positive,2,False,3,0.6,False,True,False,True,True,"CardiffNLP, BERTweet"
UgxihZC07Uyk4bn6K2Z4AaABAg.AKMYU8uH8M9AKMaZ68lrj4,"Dear northerner, Bulgaria has been accepted into the EU and the Euro Zone, and we will use it from 2026. Dear Severzhano-Banovin, fortunately, the end of the filthy artificial Comintern creation Severzhano-Banovin has come.",positive,positive,positive,negative,0.8,negative,0.95,5,positive,2,False,3,0.6,True,True,True,False,False,"Gemma, Llama"
UgxihZC07Uyk4bn6K2Z4AaABAg.AKMYU8uH8M9AKMon0Ma0ge,"Bulgaria is in the EU and fulfills everything 110%, no matter how much you northerners deny it.",neutral,positive,positive,positive,0.85,negative,0.95,5,positive,3,False,3,0.6,False,True,True,True,False,"CardiffNLP, Llama"
UgxihZC07Uyk4bn6K2Z4AaABAg.AKMYU8uH8M9AKMqj_w-w8F,"<USER> you touch ""on the way to the EU"" then?!",neutral,negative,neutral,negative,0.8,negative,0.95,5,negative,2,False,3,0.6,False,True,False,True,True,"CardiffNLP, BERTweet"
UgxihZC07Uyk4bn6K2Z4AaABAg.AKMYU8uH8M9AKMw5-QWwKT,"Oh, you stupid Bulgarians, you're so happy, it's a great pleasure. We don't love you, nor the Greeks, nor Europe. We don't need a Europe like that, a whole life of lies with Bulgarian and Greek nationalists, it's not a good Europe, it's because you sent us, we don't want you, and we need to close the borders and we should turn our policy towards Russia and China, they are still worse than a lying Europe. To cancel the agreement between Prespa and Bulgaria. Let the citizens come out to protest No for the European Union and NATO",negative,negative,negative,negative,0.8,negative,0.95,5,negative,1,True,5,1.0,True,True,True,True,True,
UgxihZC07Uyk4bn6K2Z4AaABAg.AKMYU8uH8M9AKMyb5mNKgK,"Gorce, before entering the EU to fulfill the requirements, Bulgaria closed 4 nuclear reactors that cost twice as much as the entire RSM.....................!!!",negative,negative,negative,negative,0.8,negative,0.95,5,negative,1,True,5,1.0,True,True,True,True,True,
UgxihZC07Uyk4bn6K2Z4AaABAg.AKMYU8uH8M9AKNb5Nj47kG,"brother, they want us in the Eurozone already. we burned our criteria a long time ago.",negative,positive,negative,negative,0.8,negative,0.95,5,negative,2,False,4,0.8,True,False,True,True,True,NLPTown
UgxihZC07Uyk4bn6K2Z4AaABAg.AKMYU8uH8M9AKO5KScm0OB,@MKD-BGRmaykati plows it 110%😂😂😂,neutral,positive,neutral,positive,0.95,negative,1.0,5,,3,False,0,0.0,False,False,False,False,False,
UgxihZC07Uyk4bn6K2Z4AaABAg.AKMYU8uH8M9AKOGoMEARn_,@backo-e7rMajmuneeee🐒🐒🐒,neutral,positive,neutral,negative,0.8,negative,1.0,5,,3,False,0,0.0,False,False,False,False,False,
UgxihZC07Uyk4bn6K2Z4AaABAg.AKMYU8uH8M9AKOm9PnQv1Y,<USER>-u4u MACEDONIANS ARE MACEDONIANS. 25 CENTURIES! ! !,neutral,positive,neutral,negative,0.8,positive,0.95,5,,3,False,0,0.0,False,False,False,False,False,
UgxihZC07Uyk4bn6K2Z4AaABAg.AKMYU8uH8M9AKOtjQffgmM,"@tatjanavelkova5814 aren't you Albanian, you don't know what you're writing, Germany told Germans that's what Hitler said (pinjur)",negative,negative,negative,negative,0.8,negative,0.95,5,negative,1,True,5,1.0,True,True,True,True,True,
UgxihZC07Uyk4bn6K2Z4AaABAg.AKMYU8uH8M9APM83GUjZ_w,"@PavelPenchev-o4kTrue, it became more miserable without its own production and the entire population fled to Western Europe and Australia. Out of 10 million, barely 3 count today...",negative,negative,negative,negative,0.75,negative,0.95,5,negative,1,True,5,1.0,True,True,True,True,True,
UgxihZC07Uyk4bn6K2Z4AaABAg.AKMYU8uH8M9APM88SkRUwa,"@fleksparachute That's right brother, and out of 10 million you barely count 3 million.",negative,negative,neutral,negative,0.7,negative,0.95,5,negative,2,False,4,0.8,True,True,False,True,True,BERTweet
UgyfC-7AZYXFXHKdF_p4AaABAg,Translation from Bulgarian to Bulgarian-laughter 😂😂😂,neutral,negative,neutral,neutral,0.7,negative,0.95,5,neutral,2,False,3,0.6,True,False,True,True,False,"NLPTown, Llama"
UgyfC-7AZYXFXHKdF_p4AaABAg.9Fz07E9dowg9w2YDgsjjHx,12 centuries ago CYRIL and METHODIUS AUTHORS OF THE VERB. 12 centuries ago NAUM OF OHRID and KLIMENT AUTHORS OF CYRILLIC. and CYRILLIC and VERB -- MACEDONIAN ALPHABET.,neutral,positive,neutral,neutral,0.85,positive,0.95,5,neutral,2,False,3,0.6,True,False,True,True,False,"NLPTown, Llama"
UgzP7rYdAq6QSFSOQ1V4AaABAg,"For the more intellectually gifted, they repeated exactly what Heiko Maas said: 1. In order to start the negotiation process, the consensus of all EU members is necessary, and I hope that both sides will find a solution in the meantime.. (That is, we cannot force Bulgaria to vote positively); 2. Problems between the two sides are problems between the two sides only. (That is, don't confuse your problems with us. Even without them, many of the member countries are pessimistic about the enlargement of the EU. If you cannot agree, there will be no enlargement).",neutral,positive,neutral,neutral,0.78,neutral,0.85,5,neutral,2,False,4,0.8,True,False,True,True,True,NLPTown
UgzP7rYdAq6QSFSOQ1V4AaABAg.9FqkOO8qT2s9FqqmVRZk3c,"Yuri Stefanov, and the others to remember Uncle Chichovoto's soup.",neutral,positive,neutral,negative,0.8,positive,0.95,5,,3,False,0,0.0,False,False,False,False,False,
UgzP7rYdAq6QSFSOQ1V4AaABAg.9FqkOO8qT2s9w2YWDiTphy,MACEDONIAN PEOPLE HAVE EXISTED FOR 25 CENTURIES. from PHILIP KING OF MACEDONIA 4th century before this era to the present 36th century. LONG LIVE M A K E D O N I Y A !!,neutral,positive,positive,positive,0.85,positive,0.95,5,positive,2,False,4,0.8,False,True,True,True,True,CardiffNLP
UgzP7rYdAq6QSFSOQ1V4AaABAg.9FqkOO8qT2s9w2ta_t5R6X,"<USER> , Take your pills and don't skip because you're going into a hysterical crisis. Macedonian circus of the crazy, laughter in Europe.",negative,negative,negative,negative,0.8,negative,0.95,5,negative,1,True,5,1.0,True,True,True,True,True,
UgzP7rYdAq6QSFSOQ1V4AaABAg.9FqkOO8qT2s9wUmdfnliHJ,<USER> TATIANA MAKEDONKA. ox @.,neutral,negative,neutral,neutral,0.78,neutral,1.0,5,neutral,2,False,4,0.8,True,False,True,True,True,NLPTown
UgzRfM3SK0VSra5O5H14AaABAg,"Learn now the poem: ""I'm Bulgarian...""",neutral,negative,neutral,negative,0.8,neutral,1.0,5,neutral,2,False,3,0.6,True,False,True,False,True,"NLPTown, Gemma"
UgzRfM3SK0VSra5O5H14AaABAg.9FtVKmOLS5a9FuycfXQMXk,"red roses, say something about the German fascists too😀",neutral,negative,negative,negative,0.8,negative,0.9,5,negative,2,False,4,0.8,False,True,True,True,True,CardiffNLP
UgzRfM3SK0VSra5O5H14AaABAg.9FtVKmOLS5a9FuyhexAssd,And for the Italian fascist occupiers,negative,positive,negative,negative,0.8,negative,1.0,5,negative,2,False,4,0.8,True,False,True,True,True,NLPTown
UgzRfM3SK0VSra5O5H14AaABAg.9FtVKmOLS5a9FvfcidGMBH,"Gheorghe Pavlov, the problem is that even before 1944 there were and we were Macedonians, even though we didn't have a state, there were Macedonians! For example, there is no Kursk state, but the Kursk people exist to this day as one of the oldest nations! Turkey does not recognize the Kurds because they say that they are mountain Turks who want to turn them into Turks. There are also many Macedonians in Turkey, the majority are Muslims by faith, but they are proud Macedonians! I don't know if there are Bulgarians in Turkey, but I know for sure that there are Macedonians there, they are neither Bulgarians, nor Serbs, nor Greeks, nor Albanians, certainly not Turks with Turkish or Turkish names, but they are Macedonians, first and foremost proud Macedonians! The Turks are our greatest friends, but you Bulgarians are one of our greatest friends or enemies! Whoever does not recognize or hates the Macedonian people, you are our great enemies, and if you are Orthodox, you are one of the greatest friends, and if you don't like me, I want the same thing, and he won't be happy with me as a Bulgarian! For me, the Bulgarians do not exist, and they will haunt you to the same extent or twice as much as a boomerang! You fell into a big Bulgarian identity crisis, because you don't realize it! We Macedonians have something that you don't have, it's called the Macedonian spirit, which is indestructible! You yourself will destroy it only if the Macedonian holy spirit tries to destroy Macedonia! Because of us Macedonians, the Ottoman Empire fell, because of us Macedonians, the Roman Empire fell, remember now, because of us Macedonians, the EU and NATO Plus and the USA will also fall!",negative,negative,neutral,negative,0.8,negative,0.95,5,negative,2,False,4,0.8,True,True,False,True,True,BERTweet
UgzRfM3SK0VSra5O5H14AaABAg.9FtVKmOLS5a9Fvhhl5qcnw,"Gheorghe Pavlov, I'm not afraid of you, I'm not afraid of any man, I'm not afraid of God, I'm afraid of not making a mistake! We, the indestructible Macedonian spirit, do not give anyone the Macedonian spirit of love before evil! Out of jealousy you will draw a line, you can't be like us Macedonians! You want to be like us Macedonians, but you don't want to be Macedonians like us Macedonians! I know for sure that you are one of the Balkanized Macedonians, now today's Bulgarians hate Macedonia to the bone, roaring like hell! With you, it's as if they sold their souls for money on the fence! For you, the first place is money, for us, the first place is the almighty God! A very big difference between you Bulgarians, where the first place is your money so that you poor people can make many vases, compared to us Macedonians, only God is in the first place, but never money! To give God a hundred and I know how many millions or billions of money! God never works with money, God always works with love, the most divine love, but never with money! Well, if you are a big millionaire, you are nothing but very poor, I am blessed with God's greatest gift, love! Who doesn't have love for nothing lives in this world, money will be for you if you don't have the greatest wealth, love instead of money!",negative,negative,neutral,negative,0.67,negative,0.98,5,negative,2,False,4,0.8,True,True,False,True,True,BERTweet
UgzRfM3SK0VSra5O5H14AaABAg.9FtVKmOLS5a9FvoCOL6c2m,"Gheorghe Pavlov, feel free to block you in the EU, please block us, you will make a very big mistake, you will mostly help us not to enter the Fascist EU and then we entered NATO, but it's a shame even the USA will fall apart, let alone NATO, but even the EU will surely fall apart, not only because of us Macedonians, but also because of you Bulgarians! Even the EU will regret that they accepted you in the EU, they will regret that they accepted a very poor country called Bulgaria, the poorest country in the EU! A poor, poorest Bulgarian state will regret to receive one waste for the aurochs! In Germany, there are more Bulgarian women in public houses than there are Russian or Ukrainian women together! Everyone tells me that I'm a fucking Bulgarian woman, there are many Bulgarian women in German brothels!",negative,negative,negative,negative,0.8,negative,0.95,5,negative,1,True,5,1.0,True,True,True,True,True,
UgzRfM3SK0VSra5O5H14AaABAg.9FtVKmOLS5a9FvwzRD1mT7,"Gheorghe Pavlov, it is not the same to have only 200 euro salary in Macedonia or Albania in Macedonia, those 200 euro salary are worth much more than a hundred, there is only 200 euro salary in the stinking EU country Bulgaria! If you only have a salary of 200 euros, a salary in Macedonia or Albania is a thousand times much richer than a stinking 200 euros salary in an EU country or a tyrannical Bulgarian country! Who has only 200 euro salary in Macedonia is a thousand times richer than a Bulgarian EU salary! Even if I only have a 200 euro salary in Macedonia, I am much richer than your 200 euro Bulgarian salary! Having a salary of 200 euros in Macedonia is not the same as having only a salary of 200 euros in Bulgaria!",negative,negative,negative,negative,0.85,positive,0.95,5,negative,2,False,4,0.8,True,True,True,True,False,Llama
UgzRfM3SK0VSra5O5H14AaABAg.9FtVKmOLS5a9FvyJEDmTgX,"Gheorghe Pavlov, you can annoy me as much as you want with only 200 euros in Macedonia, I have more purchases than you have in Bulgaria in an EU country! In Macedonia, those 200 euros are worth a thousand times more than your Bulgaria! It is not the same to have a salary of only 200 euros in Bulgaria as to have a salary of only 200 euros in Macedonia! If you have only 200 euros salary in Macedonia, he is really rich compared to only 200 euros salary in Bulgaria! Who is richer if you only have 200 EUR salary in Macedonia or Bulgaria? As I know, a Macedonian from Macedonia who has only 200 euro salary is a thousand times richer than the smelly 200 euro Bulgarian salary! In fact, we are a thousand times richer with the Macedonian 200 euro bream than your 200 euro Bulgarian bream! Who is richer, you Bulgarians or us Macedonians? In Macedonia, those only 200 euro salary are worth a thousand times more than your 200 euro stinking European or Bulgarian salary!",negative,negative,negative,negative,0.85,negative,0.99,5,negative,1,True,5,1.0,True,True,True,True,True,
UgzRfM3SK0VSra5O5H14AaABAg.9FtVKmOLS5a9FvzFRkZ3OC,"Gheorghe Pavlov with only 200 euros I will live much better than I will live in Bulgaria with only 200 euros Bulgarian or European salary! A Macedonian in Macedonia is a thousand times richer than if you have only 200 euros Bulgarian salary! In fact, we are very rich or richer than just 200 euros Bulgarian or European salary! Who is richer if you only have a 200 euro salary in Macedonia or Bulgaria, surely I am much richer in Macedonia than if I have only a 200 euro salary in Bulgaria!",positive,negative,positive,negative,0.8,negative,0.95,5,negative,2,False,3,0.6,False,True,False,True,True,"CardiffNLP, BERTweet"
UgzRfM3SK0VSra5O5H14AaABAg.9FtVKmOLS5a9Fw0ONXdaS0,"Gheorghe Pavlov, even if I were a millionaire, if it costs only 5 euros for a coffee, it is much better to go to Albania, where not a single euro costs a coffee! Even as a millionaire, I don't take a vacation in Greece or Croatia, for example, Dubrovnik or Greece, I don't go on vacation because coffee is very expensive, it's much better to take a vacation in Egypt or Turkey, where my coffee is much cheaper! I don't pay for coffee or beer if it costs me only 5 euros for beer, for you beer or coffee! Even if I go to a disco, beer or coffee costs only 5 euros. I don't go to a disco, I'd rather sit at home. It is much better to take a vacation in Africa, where my beer or coffee is much cheaper than your Bulgaria! I have never paid for beer or coffee, only 5 euros, it is much better to sit at home, very expensive for me!",negative,negative,neutral,negative,0.8,negative,0.98,5,negative,2,False,4,0.8,True,True,False,True,True,BERTweet
UgzRfM3SK0VSra5O5H14AaABAg.9FtVKmOLS5a9Fw1XptlEam,"Gheorghe Pavlov in America would pay not only for a hamburger, even for beer, even 10 dollars for a beer, coffee or a hamburger in Bulgaria for one hamburger, he would not pay a single euro in a poor, very poor country like a hundred very poor countries! Even in Switzerland one Döner costs 13 francs one hundred costs in Germany 3 to 4 euros in Switzerland cost either for a Döner or Gyros with Zaziki only 13 francs Swiss francs or francs!",negative,negative,neutral,negative,0.8,negative,0.95,5,negative,2,False,4,0.8,True,True,False,True,True,BERTweet
UgzRfM3SK0VSra5O5H14AaABAg.9FtVKmOLS5a9Fw5iRtY7bV,"red roses, I have not been to the doctor, nor do I drink medicine, those who go to the doctor and take medicine at home cost a lot of money, they are a thousand times more healthy instead of healthy! A doctor tells me that those who are sick are essentially hypocrites full of some lack of love! The doctor is telling me in front of my eyes that I live from the sick, but I can never live from the healthy, because I can't make money from the healthy, only from the sick, I live from the healthy, I will starve! I feed my family only from the sick, if they were all healthy, I would be out of work, I wouldn't be able to feed my family! Because there are sick people, without the sick I wouldn't have a job, I wouldn't be able to feed my family without the sick, I can't feed my family thanks to the sick! I get my salary from the sick, but from the healthy my children will surely starve, that's what the doctor tells me! He tells me that I live from the sick but never from the healthy, I can only make money from the sick but never from the healthy! I can only make money from the sick, from the healthy, I can't make bread to feed my family, that's what a doctor tells me, he lives only from the sick, but never from the healthy, because I can only make money from the sick, from the healthy, a doctor or so-called doctor never admits to me! He tells me that only from illness can I make money from health, never! They live off the sick, but never off the healthy, because he can only make money off the sick, but he can't make money off the healthy, that's what the doctor tells me!",negative,negative,negative,negative,0.8,negative,0.99,5,negative,1,True,5,1.0,True,True,True,True,True,
UgzRfM3SK0VSra5O5H14AaABAg.9FtVKmOLS5a9Fw7Lb9uYq3,"red roses, I don't know how to tell you, the country lives off the sick, the country makes much more money from the sick than from the animals! The coronavirus is only for someone to profit, to make a lot of money! In the end, more people die from panic or loneliness from the coronavirus itself and then they say he or she died or died from the coronavirus, in the end they died from panic, his heart burst from fear! Panic or Fear of dying is much more dangerous than the coronavirus itself! 90 percent will die from the panic instead of the coronavirus itself because someone wants to profit from the panic!",negative,negative,negative,negative,0.8,negative,0.95,5,negative,1,True,5,1.0,True,True,True,True,True,
UgzRfM3SK0VSra5O5H14AaABAg.9FtVKmOLS5a9Fw8b8diNYm,"red roses I really write a lot, I admit it! 90 percent die from panic instead of the coronavirus, and they say that he or she passed away or died from the coronavirus, but they died from panic instead of the coronavirus, as they say! Yesterday I heard an unknown 27-year-old boy died from the coronavirus, he did not die from the coronavirus, he died from panic.",negative,negative,negative,negative,0.8,negative,0.85,5,negative,1,True,5,1.0,True,True,True,True,True,
UgzRfM3SK0VSra5O5H14AaABAg.9FtVKmOLS5a9FwB8iz1VJj,"Why are you wearing red roses? He will be the king who never decides for my zivot, I myself decide for my zivot, so whoever it is, I decide for my zivot, but no one else, whoever it is! There is a video of the Macedonian stories! The king is the one who decides for his life, but never what others say! I just don't know the name of the video with the king M!",neutral,negative,neutral,negative,0.8,negative,0.94,5,negative,2,False,3,0.6,False,True,False,True,True,"CardiffNLP, BERTweet"
UgzRfM3SK0VSra5O5H14AaABAg.9FtVKmOLS5a9FwHoa0LNTj,"red rose marriage is not from God, it is not a blessing, it is not certain, it is not eternal! Even if I find a 20-year-old girl and when I die, I will never see my children, but she will be faithful to me because she loves me with all her heart and soul, and even when I die she will be faithful to me! You do not understand something, as long as I am a bachelor, I will never allow my first girlfriend to be a non-girlfriend! As the first girl, I should make her a bitch first, but she's a sissy for me! Otherwise, there is no blessing from marriage, young or sissy! I am more like a child instead of a man, she should make me a man, but I her a woman! While she is not my wife, she is still my girlfriend, but not a woman, I want to make her a woman, but no one else! If a fucking woman can never be my wife, just to fuck my first wife or girlfriend, she must be innocent, otherwise she is a whore! So how old am I for you? It sounds strange, regardless of how old or young I am. My first girlfriend or woman must be unfucked, otherwise she can't be my wife, says a bachelor, but you bitch, how much do you want today, nowadays it's very difficult to find an 18-year-old unfucked, even a 16-year-old, it's very difficult to find a girl in Germany, even 90 percent of 12-year-olds are fucking, let alone 18 years old where it is very difficult to find a girlfriend! I'm not waiting for a 12-year-old bitch to turn 18. If she's only 12 years old, I can fuck her freely, she can never be my wife or girlfriend, I can only fuck her, even if it hurts, she can never be my wife! Nowadays, it is very difficult to even find an 18-year-old girl, let alone a 12-year-old girl! In Germany, even 12-year-olds are sexually active, let alone 18-year-olds! Nowadays, it is very difficult to find a girl who is only 18 years old, let alone a 12-year-old girl. Here in Germany, even 90 percent of German girls are fucking, let alone 18-year-old girls. Nowadays, an 18-year-old girl is like a lotto, more than 99 percent of you will never find a girl!",neutral,negative,positive,negative,0.8,negative,0.99,5,negative,3,False,3,0.6,False,True,False,True,True,"CardiffNLP, BERTweet"
UgzRfM3SK0VSra5O5H14AaABAg.9FtVKmOLS5a9FwJ7SJCVjW,"red roses, I married a 22-year-old so-called girl, Uzvari woman, she fell in love with me, but I had no interest in me, she would make me angry, she wants to fuck me like a bachelor, but fuck, let her be angry with me as much as she wants, as a bachelor, I want a girl, but never a fucking Uzvari woman, she can't be my wife, nor can a girl, Uzvari, I can only fuck her or we can only be friends, we can be like my girlfriend or woman, never only as friends, so if necessary, let him be angry with me as much as he wants, only as friends, but nikigas or girlfriend or woman!",neutral,negative,negative,negative,0.8,negative,0.95,5,negative,2,False,4,0.8,False,True,True,True,True,CardiffNLP
UgzRfM3SK0VSra5O5H14AaABAg.9FtVKmOLS5a9FyB_eKDcNr,"red roses, I can't wait to bring you back to Macedonia, this government must fall! I don't want to send you back to poor northern Macedonia where we lost our freedom to stay with our people! Here in Germany, I will never be on my own because we have become slaves like robots! I can't even go to Macedonian music here because there are none, I have no Macedonian friends or relatives, for example brothers! If you don't contact Macedonians, you don't know Macedonian women! Here is life, for me it is not life at work, and at home, I am bursting with boredom! In Macedonia, at least you have contact with your neighbors. In Germany, it's the same. Here, you don't know anyone. Unfortunately, I fell into depression because of boredom. Where can I go on a holiday or to the Macedonian church? I have to sit at home! Not that I don't want to, I have to!",negative,negative,negative,negative,0.8,negative,0.95,5,negative,1,True,5,1.0,True,True,True,True,True,
UgzRfM3SK0VSra5O5H14AaABAg.9FtVKmOLS5a9FyDzXzXL9a,"red roses nowadays it is very difficult to find a girl with self-confidence, to believe in herself, to be very smart and to see a sincere smile where I will fall on her knees, I will see her as a Goddess, my queen, a girl chosen by God! Of course, one only needs God's blessing without God's blessing to get married! I want a girl who wants me to return to Macedonia, but not for her to come to Germany! I hope I found one? Most of the girls want to go to Germany, they automatically think that they will be rich, and they will crawl! I need a soul from the heart who loves me sincerely, a shy soul spiritually connected! Not for money, let him love me, let him love me as I am, even with my mistakes! I don't need a naive one who isn't awake, she has to be educated, she has to be smart and very smart! Be brave and fight for me! Without struggle there is no success, you must never give up on your hope! People make me look very stupid and laugh at me, but now I will laugh at them because to me they are very stupid, but not me! I want to take you back to my girlfriend in Macedonia, not for her to come to Germany where there is no Ziv!",positive,negative,positive,negative,0.6,negative,0.92,5,negative,2,False,3,0.6,False,True,False,True,True,"CardiffNLP, BERTweet"
UgzRfM3SK0VSra5O5H14AaABAg.9FtVKmOLS5a9FyFH5DX9rs,"red roses I know that the truth hurts if I meet a girl first she asks me how much money I have or what kind of car I drive or do I have a motorbike? I reject them, they want me only for money, just to come to Germany? But I want to take you back to Macedonia, where I will be much happier than I was here in Germany once! I live in a city or settlement where there are few Macedonians, more foreigners, even Germans! There is no disco, no cinema, there is a restaurant, but no music! Just eat and drink, but no fun!",negative,negative,negative,negative,0.8,negative,0.92,5,negative,1,True,5,1.0,True,True,True,True,True,
UgzRfM3SK0VSra5O5H14AaABAg.9FtVKmOLS5a9FyFybaTybw,"red roses, what troubles do I have to go through, I can only solve you in four eyes, otherwise, you will marry me worse? I miss many words in Macedonian because I rarely hear Macedonian here! Over 90 percent of our friends are Turkish, but my mother speaks Turkish, but I don't understand anything, 9 percent is German, the remaining 1 percent is either Macedonian or Serbian, divided into 0.5 percent!",negative,negative,negative,neutral,0.68,negative,0.83,5,negative,2,False,4,0.8,True,True,True,False,True,Gemma
UgzRfM3SK0VSra5O5H14AaABAg.9FtVKmOLS5a9FyHi6KQ2kS,"red roses I live in Cologne where there are few Macedonians in Dusseldorf there are many Macedonians! Düsel is from the river Düsel dorf is a village, but it is a big city! Instead of Düsselstadt, the city of Stadt is known! But it's called Düsseldorf, the word Dorf means a German village, even though it's a city, it's not a village!",neutral,negative,neutral,neutral,0.78,neutral,1.0,5,neutral,2,False,4,0.8,True,False,True,True,True,NLPTown
UgzRfM3SK0VSra5O5H14AaABAg.9FtVKmOLS5a9FyJ9heOdnv,"red roses, you hurt me a lot, but we are still friends, I completely forgive you!",negative,positive,positive,positive,0.85,positive,0.95,5,positive,2,False,4,0.8,False,True,True,True,True,CardiffNLP
UgzRfM3SK0VSra5O5H14AaABAg.9FtVKmOLS5a9FyKiOKQ32a,"red roses, you can make me angry as much as you want, I know that the one who has love but no money is a thousand times richer than the one who has money, money is like a book or paper or toilet paper, it is fleeting! Today you are rich, but tomorrow you are poor, someone is today poor, very poor, but tomorrow he can be rich! The name Bogot is from God, you are Bogot full of love!",negative,positive,negative,positive,0.85,positive,0.95,5,positive,2,False,3,0.6,False,True,False,True,True,"CardiffNLP, BERTweet"
UgzRfM3SK0VSra5O5H14AaABAg.9FtVKmOLS5a9FyNqIUFfVa,"red roses, it's much better to be an azulan in Germany, he gets over 3000 thousand euros out of a hundred I have a salary, I have a job! The smartest thing would be to return you to Macedonia and then return you to Germany as an asylum seeker, I will receive much more money from my salary, barely 1200 euros, a salary that costs me 900 euros, rent, I live on 300 euros! Macedonians with only 200 euros live much better with a 200 euro salary like here in Germany only 300 euros plus I pay other bills instead of just rent, I live more properly with 100 euros, in fact, I'm hungry, I don't even have money to eat! You have a salary of 1200 euros, but you live off those damned 100 euros! Life in Germany is very expensive in a restaurant, a beer costs only 5 euros, brews 5 euros 50, and let's not talk about coffee, Germany is very expensive! 5 euros 50 costa for 0 coma 5 beer for 0 coma 33 liters costa 3 euro 30 HERE",negative,negative,neutral,negative,0.8,negative,0.95,5,negative,2,False,4,0.8,True,True,False,True,True,BERTweet
UgzRfM3SK0VSra5O5H14AaABAg.9FtVKmOLS5a9FyV8gcJnDQ,"I'm eating red roses for the first time since today, let it be for my birthday! 8 hours of work plus one hour of break is 9 hours plus of going to work, I need one hour of walking and one hour of screaming 11 hours of sleep I can't wait for my first meal right now!",positive,positive,positive,negative,0.75,positive,0.98,5,positive,2,False,4,0.8,True,True,True,False,True,Gemma
UgzRfM3SK0VSra5O5H14AaABAg.9FtVKmOLS5a9FyXSLAsu5U,red roses I have a lot of people who are very jealous of me if they are so jealous of me you know what I'm worth I spend a lot more money than a hundred I have probably over 1000 euros I spend money I'm rich but I've never been poor with my 1200 euros salary I feed 6 hungry mouths nobody works from them only I work!,negative,negative,neutral,negative,0.8,positive,0.95,5,negative,3,False,3,0.6,True,True,False,True,False,"BERTweet, Llama"
UgzRfM3SK0VSra5O5H14AaABAg.9FtVKmOLS5a9FyZXE0Ezqa,"red roses as Gotse Delcev said I understand the world or him I understand the world as a cultural competitor between nations! There is a song Gotse the baby never eats beans with pastrami, always with beer and wine with merak! At the moment I ate a pan of beans with meatballs, very sweet even with wine or a pint of sweet fresh beer!",positive,positive,positive,neutral,0.68,positive,0.95,5,positive,2,False,4,0.8,True,True,True,False,True,Gemma
UgzRfM3SK0VSra5O5H14AaABAg.9FtVKmOLS5a9Fy_wDVWRay,"red roses they always say to me, uncle, give me money, uncle, give me money, even though I don't have any, I still give him money as if I were a bank! I am not a bank, but I have become like a bank, there is a lot of money even though there is no money! In fact, I became a bank, I'm not a bank, but I became a bank, I became a bank, it has constant money, just like a bank! Uncle, give me money, otherwise I'll make you angry and I have to give money, actually I'm rich, but I've never been poor, it's like I'm a bank!",neutral,negative,positive,negative,0.65,negative,0.95,5,negative,3,False,3,0.6,False,True,False,True,True,"CardiffNLP, BERTweet"
UgzRfM3SK0VSra5O5H14AaABAg.9FtVKmOLS5a9FycBP6bMoS,"red roses, my nephew tells me that you are good, I tell him that it doesn't matter if I am good, the most important thing is that you are good, plus he tells me that you give me joy! What do you know if someone says to me, you give me joy? I am truly rich, filled with joy, the greatest divine joy! You give me joy, he says! Are you good? I'm happy when I see you. I'm very happy. It's not important to me, the most important thing is for you, son! For me, it's not important for you to be happy for me, the most important thing is for you to be very happy for me, my son-in-law, grandson!",positive,positive,positive,positive,0.85,positive,0.98,5,positive,1,True,5,1.0,True,True,True,True,True,
UgzRfM3SK0VSra5O5H14AaABAg.9FtVKmOLS5a9Fydgw4iaZc,"red roses, even though I have no money, they tell me uncle, you only have money because you go to work, I dare! You have to have money just because you go to work, really, they tell me that everyone who goes to work must have money, in fact, I have become like a bank, even with a measure I can laugh!",neutral,negative,neutral,negative,0.8,negative,0.95,5,negative,2,False,3,0.6,False,True,False,True,True,"CardiffNLP, BERTweet"
UgzRfM3SK0VSra5O5H14AaABAg.9FtVKmOLS5a9Fyebmv29N2,"red roses, that's exactly my problem, everyone thinks that I have a lot of money, just that I go to work and they are jealous of me, you have money, but he doesn't, they are very envious of me! That's the only problem with me, everyone thinks I have a lot of money, but I don't have a lot of money, they are jealous of me, they think I have a lot of money, no, I'm telling you, even though I'm not a bank, I've become exactly like a bank because you have a lot of money, but I'm sorry, he doesn't have any!",negative,negative,negative,negative,0.8,negative,0.92,5,negative,1,True,5,1.0,True,True,True,True,True,
UgzRfM3SK0VSra5O5H14AaABAg.9FtVKmOLS5a9Fz_tEWKj_i,"red roses at the moment it's like that everything will change! One day Macedonia will be a rich country, but Germany will become an orphan country! Boil, I hope! In Germany it will be like a war, we will run away from Germany anyway! Today's first will be the last, but the last are still the last first! If my mother is not alive, what am I doing alone here where I don't know anyone! It remains either to kill you or to return you to Macedonia? Here in Germany I will never have a girlfriend, and in Macedonia the girls are a thousand times cuter than here! One day we will return you to Macedonia to defend it! Only those who will return you will do something from Macedonia, those who live in Macedonia, we are all going to ruin! The stupidest live in Macedonia, but the smartest live abroad!",negative,positive,neutral,negative,0.8,negative,0.97,5,negative,3,False,3,0.6,True,False,False,True,True,"NLPTown, BERTweet"
UgzRfM3SK0VSra5O5H14AaABAg.9FtVKmOLS5a9G-qAi2hsV3,"red roses now that's it, no one can destroy my dream or my dream! I know what I want, no one has the right to interfere in my life! I decide for myself about my life, but never someone else! Those who are awake live for themselves, but those who are asleep live only for others! Those who live for others will be like sheep, who can only speak like sheep! They constantly sweep their sad yard instead of their yard! He who lives for others is better not to live, he does not know the true meaning of life! The true meaning of life is called love, to give and receive love! We have lost our spirituality without spirituality we are nobody and nothing without love! I am not as simple as others think! Whoever thinks is very smart, whoever doesn't think about a tooth has a brain, if he doesn't have a mind, he doesn't use his mind! One day the Macedonian people will unite, that's the only way we'll move forward, otherwise without harmony we're all falling into ruin instead of moving forward, we're standing in one place!",neutral,positive,positive,negative,0.6,positive,0.85,5,positive,3,False,3,0.6,False,True,True,False,True,"CardiffNLP, Gemma"
UgzRfM3SK0VSra5O5H14AaABAg.9FtVKmOLS5a9G0JRI6U7Ll,"red roses, someone else always decided or decided about my zivot, that's a long time ago, from now on, I myself decide about my zivot, if only I was srejken, uzri, my girl should be srejken for me! The girls tried hard to look at me as if I couldn't see, they gave me a smile! They look at me from afar and give me a smile as if they are in love, I think! I don't know why you know this, as if they are in love with me, not just one, many more than one, they are all watching me secretly! I don't have just one girlfriend, I have more than a thousand girls, and they love me, not just one, more than a thousand girls, not just one, a wonderful thing!",neutral,positive,neutral,negative,0.8,positive,0.95,5,,3,False,0,0.0,False,False,False,False,False,
UgzRfM3SK0VSra5O5H14AaABAg.9FtVKmOLS5a9G0KOU5rQhF,"red roses, now I don't want to talk or talk nonsense, the girls look at me, I walk constantly with a smile, even though many times! If I walk with a smile, I am very cheerful at a great speed with my thunderous voice! I have a thunderous voice, I was crying in the Balkans and somehow I said from my hope I will never teach you, then a young girl passed by and gave me a smile, a very pleasant smile, I'm surprised! The smile was very sincere!",neutral,positive,positive,positive,0.85,positive,0.95,5,positive,2,False,4,0.8,False,True,True,True,True,CardiffNLP
UgzRfM3SK0VSra5O5H14AaABAg.9FtVKmOLS5a9G0KqS9EBnP,red roses I used to remember with my head tilted now I remember with my head up my head brajka and sisters Macedonians and Macedonian women only head up never down only head up!,neutral,negative,neutral,negative,0.8,positive,0.95,5,,3,False,0,0.0,False,False,False,False,False,
UgzRfM3SK0VSra5O5H14AaABAg.9FtVKmOLS5a9G0S5TXDPkW,"red roses, you don't know or you know, I love a sincere smile, but never a fake smile! I'm still a bachelor, but I've never been married to one girl, not some hundred, not a girl! If I'm still a bachelor, I'm not a man, just a bachelor, you can't force me to have sex with one hundred, it's not a girl, I'm a bachelor, I'm not a man, just a bachelor! You can't take me as a bachelor, even if I'm only 24 years old, to tell me you can't have a girlfriend, it has to be a woman? She's fucked a hundred and 300 times, but I didn't fuck anyone, I didn't even fuck anyone in brothels! I have never made love and I hardly hope to make love one day! I'm a bachelor, I'm not married yet, I'm like a little child who is always happy because he's full of love, he wants to make love, but he never makes love for nothing! A girl follows me as a bachelor, but never a woman who is fucked with three hundred sorry cocks!",neutral,negative,neutral,negative,0.8,negative,0.95,5,negative,2,False,3,0.6,False,True,False,True,True,"CardiffNLP, BERTweet"
UgzRfM3SK0VSra5O5H14AaABAg.9FtVKmOLS5a9G0TQx0O1Az,"red roses, I'm sorry, you know, I'm followed by a girl, but not a woman, she's not a girl, I'm still a bachelor, you know, I'm followed by a girl, but never a woman! No one can force me, because I don't want, I want a girl, but I will make her a woman and she a man for me? You don't understand something, a bitch can only be my friend, but never my wife, I'm still a bachelor, I deserve a girl? Bachelors don't like women, they like girls! You can only be my friend, but never my wife, I want to have one from 18 to 29 at the latest, but if she is 30, it's a punishment, even if she's a girl, it's only until 29, 30, it's a punishment for me. Remember I never fucked one because I want to love not fuck?",neutral,negative,negative,negative,0.8,negative,0.98,5,negative,2,False,4,0.8,False,True,True,True,True,CardiffNLP
UgzRfM3SK0VSra5O5H14AaABAg.9FtVKmOLS5a9G0UEuvAD3Q,"red roses, I'm so sorry, you can't make me feel something I don't like, even if she's 30, she must be innocent, not someone else made her a woman, because I want to make her a woman, she must first be a girl, but then a woman! What do you not understand? My first girlfriend must be my girlfriend, but never a woman!",negative,negative,negative,negative,0.8,negative,0.95,5,negative,1,True,5,1.0,True,True,True,True,True,
UgzRfM3SK0VSra5O5H14AaABAg.9FtVKmOLS5a9G0VwDN33Tk,"red roses have fallen in love with two women or girls, one young, around 22, the other around 38, but I am interested in the younger one, the one who is only 22, but not the one who is only 38, who has an 18-year-old beautiful daughter, I would be more interested in her 18-year-old daughter than the 38-year-old one! I certainly have no interest in that 38-year-old, I only have an interest in her 18-year-old daughter, I have no interest in her 38-year-old Mother! That 38-year-old woman can only be my friend, but I've never fallen in love with her 18-year-old girlfriend, a very beautiful young girl, and the one who is only 38 is very beautiful, but the one who is only 18 years old is even more beautiful. I have no interest in the 38-year-old woman, I have an interest in her 18-year-old daughter! She is only 38 years old and she is very beautiful, but her 18 daughter is even more beautiful for me because she is young but never old!",neutral,neutral,neutral,negative,0.8,positive,0.92,5,neutral,3,False,3,0.6,True,True,True,False,False,"Gemma, Llama"
UgzRfM3SK0VSra5O5H14AaABAg.9FtVKmOLS5a9G0WTdzL7dO,"red roses, what's the problem now, I have an interest in my daughter, but never in her mother! The daughter is innocent, but the mother is guilty, she gave birth to that beautiful, not beautiful, but the most beautiful daughter, howl like a little girl, howl like a doll!",negative,positive,negative,negative,0.8,negative,0.95,5,negative,2,False,4,0.8,True,False,True,True,True,NLPTown
UgzRfM3SK0VSra5O5H14AaABAg.9FtVKmOLS5a9G0X5ujd8jd,"red roses, unfortunately, a mother and a daughter both fell in love with me, but I have no interest in the mother, I have an interest in the daughter! Are you clear? Both of them are in love with me, one is the young daughter like a doll, but the other is her mother, both of them are in love with me!",neutral,neutral,neutral,negative,0.8,negative,0.94,5,neutral,2,False,3,0.6,True,True,True,False,False,"Gemma, Llama"
UgzRfM3SK0VSra5O5H14AaABAg.9FtVKmOLS5a9G0Y6gOWYB5,"red roses, as if it were a miracle, not only one daughter, even her mother, both of them fell in love with me, there are even rumors that two sisters or three or more all fell in love with me! It's strange that all women or girls love only me, whether mothers or daughters love only me, they even fight because of me! It's amazing, this is amazing, I'm telling you, even mothers and daughters will fight because of me, they'll tear their hair out!",neutral,positive,positive,negative,0.57,positive,0.95,5,positive,3,False,3,0.6,False,True,True,False,True,"CardiffNLP, Gemma"
UgzRfM3SK0VSra5O5H14AaABAg.9FtVKmOLS5a9G0ZVwCjd2b,"red roses for you, you sound wonderful, every woman or woman wants to be my queen, one hundred wants to be one winner, one hundred wins all, I will never allow myself to become one loser because I want and will fight to be one winner! Everyone wants to hang out with winners, but never with losers! The winner is the one who never gives up on his hope, but the one who knows who gives up is the one who is only a loser but never a winner! Everyone wants to be a winner and beat everyone, but not everyone can be a winner, there must also be losers! A loser does not admit that he is a loser, but he wants to be a winner! Not everyone can be a winner, there must be losers, not only winners!",positive,positive,positive,positive,0.85,positive,0.85,5,positive,1,True,5,1.0,True,True,True,True,True,
UgzRfM3SK0VSra5O5H14AaABAg.9FtVKmOLS5a9G25Tdeb0bd,"I chose red roses and what kind of girl I want must accept and we calmed down! If I can't get a wife from Macedonia, I will ask Albania for her to be young, even for a loan, I will hurt her family in Albania, but in Macedonia the girls should be unmarried! I lie about myself, but I don't want someone else to tell me what I'm about! Because of your advice, there are many couples with a difference of over 25 years who will get along! If they can do it, so can I, because I'm looking for justice! I say to myself, how can he but I can't? If not an Albanian togas, a Belarusian, she is poor!",negative,negative,neutral,negative,0.8,negative,0.93,5,negative,2,False,4,0.8,True,True,False,True,True,BERTweet
UgzRfM3SK0VSra5O5H14AaABAg.9FtVKmOLS5a9G26EMrGsfA,"red roses, if necessary, I would live with my girlfriend in Albania, but from Germany it came to my nose! Germany is not the same as it was before, now it is called Germany!",negative,negative,neutral,negative,0.72,negative,0.94,5,negative,2,False,4,0.8,True,True,False,True,True,BERTweet
UgzRfM3SK0VSra5O5H14AaABAg.9FtVKmOLS5a9G28MKYHJK5,"red roses, I have money, I don't say no, if I have money, I will find a young girl, I found one! Being in love is not really a sin, because I need love, even if we are over 25 years apart, believe me, it is not a sin! For love, age does not matter, nor do you need to talk! Love doesn't even need words because we don't need words, we understand exactly without words! Spiritually connected! Why don't you understand now, think that you have a 25-year-old son, he must not have only an 18-year-old girlfriend, she must not be innocent! At 25, he can even have a 14-year-old girl, even if it's an 18-year-old girl, the most important thing is that they love you, those two lovebirds, that doesn't matter even if the boy is 27, let alone 25!",neutral,positive,positive,negative,0.77,positive,0.95,5,positive,3,False,3,0.6,False,True,True,False,True,"CardiffNLP, Gemma"
UgzRfM3SK0VSra5O5H14AaABAg.9FtVKmOLS5a9G28ujmCW2u,"red roses, as you say, I'm not even 29 years old, let me have a 29-year-old girl, I'm 44, but I can't. It must be only in my age, but never 30!",negative,negative,neutral,negative,0.8,negative,0.95,5,negative,2,False,4,0.8,True,True,False,True,True,BERTweet
UgzRfM3SK0VSra5O5H14AaABAg.9FtVKmOLS5a9G2BqL4iy_-,"red roses, I want a doll similar to Stojne Nikolova from Srumica! I love such women or girls who are similar to Stojne Nikolova, my girlfriend is similar to the beautiful Stojne Nikolova as if they were sisters or cousins! My girlfriend comes from Srumica or its surroundings, she lives in the slowest Macedonian city, Ohrid!",positive,positive,positive,positive,0.85,positive,0.95,5,positive,1,True,5,1.0,True,True,True,True,True,
UgzRfM3SK0VSra5O5H14AaABAg.9FtVKmOLS5a9G2CQuCcILP,"red roses, if I could I would even fall in love with Stojne Nikoliva, but I don't know her, I found a young girl or a girl similar to Stojne Nikolova! I used to have a girl who looked exactly like Stojne Nikolova, but she was engaged! I love girls similar to the beautiful Stoyne from Srumica Nikolova! I want such girls, similar to the beautiful Stoyne Nikolova, my doll!",positive,positive,positive,positive,0.85,positive,0.95,5,positive,1,True,5,1.0,True,True,True,True,True,
UgzRfM3SK0VSra5O5H14AaABAg.9FtVKmOLS5a9G2N4ZiDYPB,"red roses, I'm deciding what kind of girl I want for you, I can't dream of having a 29- or 30-year-old girl, it has to be the way you want it, but never the way I want it! Nowadays, it is very difficult to find an 18-year-old girl, and even more difficult to find a 29-year-old one! My first girlfriend must be a girl, not what others tell me! They tell me that they will laugh at me because they are looking for a girl, but I fight and say that I am looking for a girl, even if they laugh at me! I told you that I'm very brave, but you don't believe me, you think that I'm very stupid even though I'm smart!",negative,negative,negative,negative,0.8,positive,0.85,5,negative,2,False,4,0.8,True,True,True,True,False,Llama
UgzRfM3SK0VSra5O5H14AaABAg.9FtVKmOLS5a9G2OYw9aQmR,"red roses, according to your logic, the birth rate must fall even more, bachelors want and look for girls, never women! Fathers and stepsons have no objections, only mothers and I convinced her that I only want a girl, I never convinced her a woman! You can't ask a bachelor to only be a woman, but he can't have a girlfriend! I decided I want a girl but never a woman! Well, others will be angry with me, I love a girl, but never a woman who doesn't have such a smile as a girl with a very sincere smile!",neutral,negative,negative,negative,0.85,negative,0.92,5,negative,2,False,4,0.8,False,True,True,True,True,CardiffNLP
UgzRfM3SK0VSra5O5H14AaABAg.9FtVKmOLS5a9G2PsTSMWmr,"red roses, I fell in love with one similar to Stojne Nikolova, similar characteristics! I love her very much, if I had to, I would call her my princess or queen! I am rich, but I have never been poor, I will fight not to be poor, I want to be rich, I am rich, but I have never been poor! Even the rich love young girls, but never old women! I have an aunt around 65 who is looking for rich husbands here, there is no way for Chanci to find a rich husband unless she is young, somewhere around 18 to be young! I asked a lot of guys and girls, they all tell me I'm looking for or want a girl, not a whore!",positive,positive,positive,negative,0.8,negative,0.95,5,positive,2,False,3,0.6,True,True,True,False,False,"Gemma, Llama"
UgzRfM3SK0VSra5O5H14AaABAg.9FtVKmOLS5a9G2RxpN5YBQ,"red roses, you found me again, I am now feeding 5 or 6 hungry mouths, no one works from them, only I work in various work shifts! They tell me, uncle, give money, because you only work for yourself, you have money, uncle! I give him only if I have, if I don't have, I can't give, I have to say now I don't have money, you have to cut when my new salary comes! I only give it to him when I have money, when I don't have money I can't give it to them, they have to cut it when I get money again, give me money to buy my daughters!",neutral,negative,neutral,negative,0.8,negative,0.92,5,negative,2,False,3,0.6,False,True,False,True,True,"CardiffNLP, BERTweet"
UgzRfM3SK0VSra5O5H14AaABAg.9FtVKmOLS5a9G2SLZDK35z,red roses at the moment I see the boy counting his money from Macedonian old or new stories! The boy was counting his money!,neutral,positive,neutral,negative,0.8,negative,0.94,5,,3,False,0,0.0,False,False,False,False,False,
UgzRfM3SK0VSra5O5H14AaABAg.9FtVKmOLS5a9G59iHD4K2G,"red roses, I pray to you, does anyone have any advice for me? I have my own advice for me, not someone else! I know what I love, I believe in myself, I even give myself love, every time I look in the mirror I give myself a smile and tell myself that every day is a beautiful day! No one has advice for me, I only have advice for me! No one, no one, has the right to decide for me or my voice, I only decide for myself, but no one else! One day, my desire will come true with a goal or a dream and I will fight for this! If you are a winner, you become a king or an emperor, my girlfriend will be a royal empress even my princess! How do you spell it? My first girlfriend will be a girl, and I will make her a woman for the first time, but she also loves me!",positive,positive,positive,positive,0.85,positive,0.95,5,positive,1,True,5,1.0,True,True,True,True,True,
UgzRfM3SK0VSra5O5H14AaABAg.9FtVKmOLS5a9G7hl0qpBct,"red roses in my ears I'm an old bachelor but he's looking for a girl! It's normal since my father's stepmother went crazy when I was only 27 sweet years, an 18-year-old girl! Now children over 10 years old will wonder why I love a young girl! When I was only 27 years old as a bachelor, I was not allowed to have an 18-year-old girlfriend, but a few years younger, I had to tell her that I love a young girl, she must be innocent! You have to accept or accept I want a young girl not like a hundred they say! I have become a fighter, I love a young girl and I will make her a woman, but she is a man for me!",neutral,positive,neutral,negative,0.8,negative,0.94,5,,3,False,0,0.0,False,False,False,False,False,
UgzRfM3SK0VSra5O5H14AaABAg.9FtVKmOLS5a9GFtBcxEXNl,"red roses when from my perspective I never give up, fake friends or insincere friends will appear to stop me from my dream, just don't do that! It's like you're crazy about my life, but never me! You are the same as my mother, who never allows me to have a 29-year-old girl, let her be 30! Togas is not a girl, a woman, never a girl! She has to be around my age, but she can't be younger! In fact, they are forcing me to do something I don't want! A marriage or love without measure, if it is by force, it must be by measure! Now that I am 50 years old, if I want to have children, it would be better not to marry! Without children, it would be much better to die as a bachelor instead of such a marriage without children!",negative,negative,negative,negative,0.8,negative,0.95,5,negative,1,True,5,1.0,True,True,True,True,True,
UgzRfM3SK0VSra5O5H14AaABAg.9FtVKmOLS5a9GFuUpSSiaW,"red roses, let the people talk to me as much as they want, let them cry out of pain, I only want a young, but never old, grandmother! My measure is big, I love a young woman and I think about her constantly, even though we haven't seen each other in over 4 years, but I love only her and no one else! Only if you hurt me a lot, I dare to write nonsense! He says wake me up, did she wake up on her own, will I ask myself? With strength, a marriage without measure never happens! Money won't buy happiness without measure, it doesn't last forever, as the song says!",positive,positive,positive,negative,0.8,positive,0.85,5,positive,2,False,4,0.8,True,True,True,False,True,Gemma
UgzRfM3SK0VSra5O5H14AaABAg.9FtVKmOLS5a9GFw8Fc1Q_C,"red roses, I even give my life for my loved ones, even if we never come together, I will sacrifice for her, my unloved and all my most loved ones, I give my life for all of them, because I know that I am love, it fights, it does not want to live a meaningless life! How do I know that the true meaning of life is precisely the love of giving love and receiving love with the strongest weapon, how do I know what love is called! Against love, no evil can fight against love with the strongest weapon, love with love, you can even conquer the whole world, it will fall to your knees!",neutral,positive,positive,positive,0.85,positive,0.95,5,positive,2,False,4,0.8,False,True,True,True,True,CardiffNLP
UgzRfM3SK0VSra5O5H14AaABAg.9FtVKmOLS5a9GFwkrSKCfX,"red roses, they don't bite me while I'm alive, they can hardly wait for me to die so they can bite me! Togas punishment is togas, I will go right into the black family! They were supposed to stab me while I was alive, when I die, if they stab me, it will be a sure punishment!",negative,positive,negative,negative,0.8,negative,0.95,5,negative,2,False,4,0.8,True,False,True,True,True,NLPTown
UgzRfM3SK0VSra5O5H14AaABAg.9FtVKmOLS5a9GKlzTZ1nB7,"red roses, I don't want to die buried in Germany, I want to die in my and ours' most beloved Macedonia! If my girlfriend comes to Germany, I will die there as well, where I will fight to die there in the desolate sadness where I have never been streken there, I was born there but I have never been streken there! I want a girl and I want to bring you back to Macedonia, but not to come there in the desolate sadness! I hope I found such a girl, she is very smart, she doesn't want to come to Germany, she wants me to bring you back to Macedonia! I observe that whoever wants to come to Macedonia cannot be my girlfriend unless she wants me to take you back to her. A very smart girl who believes in herself but never in others can be my girlfriend!",negative,positive,negative,negative,0.8,positive,0.85,5,negative,2,False,3,0.6,True,False,True,True,False,"NLPTown, Llama"
UgzRfM3SK0VSra5O5H14AaABAg.9FtVKmOLS5a9GKx2J_puy7,"red roses, women and girls who know me tell me you're sweet even at your age, you're sweet, you're as sweet as a daughter! Others look old at my age, but look very young at my age! My calf is young, it is constantly smiling, it brings joy not only for itself, but also for others, those who are dearest to me! I am a bachelor, I want to have a girlfriend because I have heard about this! One of them tells me that she's an abandoned woman or a widow just to not be a girl, even though I'm still a bachelor! I told him that I want a girl, not as you say, and he immediately got angry and immediately ran away from fear!",positive,positive,positive,neutral,0.68,positive,0.85,5,positive,2,False,4,0.8,True,True,True,False,True,Gemma
UgzRfM3SK0VSra5O5H14AaABAg.9FtVKmOLS5a9GKyYOG5mBS,"red roses, I see how stupid my colleagues are, they work for me, but I will watch them instead of me working, let them watch me work! I became a boss and everyone calls me boss because you are a boss! They don't want to see me work, I have to see them work like a real boss!",negative,negative,negative,negative,0.8,negative,0.97,5,negative,1,True,5,1.0,True,True,True,True,True,
UgzRfM3SK0VSra5O5H14AaABAg.9FtVKmOLS5a9w2X9TGEWbc,<USER> GREETINGS and ALL THE BEST !! Tatiana,positive,positive,positive,positive,0.98,positive,0.95,5,positive,1,True,5,1.0,True,True,True,True,True,
Ugw0mmAHBmCdOzpC5pR4AaABAg,"There are no Bulgarian roots in Macedonia, they uprooted them themselves in WW2...",negative,negative,negative,negative,0.8,negative,0.95,5,negative,1,True,5,1.0,True,True,True,True,True,
Ugw0mmAHBmCdOzpC5pR4AaABAg.9Fr5zZaVx2P9FrU1lmFXsR,there is no way to eradicate them.,negative,negative,negative,negative,0.7,negative,1.0,5,negative,1,True,5,1.0,True,True,True,True,True,
Ugw0mmAHBmCdOzpC5pR4AaABAg.9Fr5zZaVx2P9FsIodhjbRf,"D Blaze, you don't know what you're talking about, there wasn't any, but they uprooted them. How can you eradicate something that doesn't exist.",negative,negative,negative,negative,0.8,negative,0.95,5,negative,1,True,5,1.0,True,True,True,True,True,
Ugw0mmAHBmCdOzpC5pR4AaABAg.9Fr5zZaVx2P9FuDfALibZt,"<USER> If there were ""roots"" (marriage relations) you shamefully ""uprooted"" them (you did evil) in WW2 with occupation and brutality for not apologizing to the Macedonian People and EU cultural people.",negative,negative,negative,negative,0.8,negative,0.95,5,negative,1,True,5,1.0,True,True,True,True,True,
Ugw0mmAHBmCdOzpC5pR4AaABAg.9Fr5zZaVx2P9Fv2K-4Cknt,"<USER>, I propose that we make a joint memorial to the victims of WW2 and the ""Bloody Christmas"" of January 1945. and to worship together.",neutral,positive,positive,positive,0.85,positive,0.95,5,positive,2,False,4,0.8,False,True,True,True,True,CardiffNLP
Ugw0mmAHBmCdOzpC5pR4AaABAg.9Fr5zZaVx2P9w2Xl0w3sAY,Bulgarians stole Pirin Macedonia. Greeks stole Aegean. agreement 1913 says: Bulgaria of MACEDONIA vrak'a Pirinska Macedonia. Greece of MACEDONIA vrak'a Aegean Macedonia.,neutral,negative,neutral,negative,0.75,negative,1.0,5,negative,2,False,3,0.6,False,True,False,True,True,"CardiffNLP, BERTweet"
Ugy5rXVjBykTFsPNnqV4AaABAg,"What kind of agreement was it? What are they agreeing on? Let Zaev make an agreement about the companies in Bulgaria, let him give half of them if he is friends with Borisov... Bujar, let him give him his wife.",neutral,negative,neutral,negative,0.8,negative,0.95,5,negative,2,False,3,0.6,False,True,False,True,True,"CardiffNLP, BERTweet"
Ugy5rXVjBykTFsPNnqV4AaABAg.9Fq_GG8C63Y9Fqp88Faswa,The work is done and there is no turning back!,positive,positive,positive,positive,0.85,negative,0.9,5,positive,2,False,4,0.8,True,True,True,True,False,Llama
Ugy5rXVjBykTFsPNnqV4AaABAg.9Fq_GG8C63Y9FuyvyGCtB0,"Nyama, nyama vrastane... end of Tito-Serbian Macedonia",negative,negative,negative,negative,0.8,negative,0.95,5,negative,1,True,5,1.0,True,True,True,True,True,
Ugy5rXVjBykTFsPNnqV4AaABAg.9Fq_GG8C63Y9Fv-vD6ccud,red roses learn the language of Gotse then😀,positive,positive,neutral,positive,0.85,positive,0.95,5,positive,2,False,4,0.8,True,True,False,True,True,BERTweet
Ugy5rXVjBykTFsPNnqV4AaABAg.9Fq_GG8C63Y9w2XG4qV-5e,<USER>.................... eats worms. j Black Sea.,negative,positive,negative,negative,0.8,negative,0.95,5,negative,2,False,4,0.8,True,False,True,True,True,NLPTown
Ugwi3GRtA_qK7YHRvzJ4AaABAg,"The proud name of Macedonia is an ancient heritage from Alexander... Who are Bulgarians, let them find their Volgo-Tatar roots, we have nothing in common.",neutral,negative,positive,negative,0.8,negative,0.95,5,negative,3,False,3,0.6,False,True,False,True,True,"CardiffNLP, BERTweet"
UgyyvwX8k8d28Hw8iuF4AaABAg,"Except one of my mother's side, all of my ancestors came from Bulgaria. And guess some of our relatives still live in Kirdjali and Ludogorie. And have never been in Bulgaria. I only know a few Bulgarian words. And have met a few Bulgarians vhile And you on holiday at Kusadasi. Some of them had tried to speak Bulgarian with me. And believe that most Bulgarians have TurkoMongolian roots. For this reason, Bulgaria is a special country for me.",neutral,neutral,neutral,positive,0.82,positive,0.95,5,neutral,2,False,3,0.6,True,True,True,False,False,"Gemma, Llama"
UgyyvwX8k8d28Hw8iuF4AaABAg.9cIXpCW3yPu9cJr37_MMp_,Yeh they are a tribe chorrecst.,negative,negative,neutral,negative,0.8,negative,0.95,5,negative,2,False,4,0.8,True,True,False,True,True,BERTweet
UgyyvwX8k8d28Hw8iuF4AaABAg.9cIXpCW3yPu9ctH6yA4PAi,"Anadolu uruspu ESKI SOORRII ESKI ADAM URUSPOU. WHICH TURKS ARE YOU TALKING ABOUT??? THOSE WHOSE NAME WAS CHANGED BY REDZEP ER IVEDIK FROM PUJKA???? RUN WAY TO CHASING THE GOATS, THOSE OTTOMAN SULTANS ARE NOT GOATERS AND SHEPHERDS OF TURKEYS LIKE YOU, THAT NOT ONE OF THEM WRITTEN IN TURKISH UNTIL 1922?????? NJAMA ONE SULTAN FERMAN ONE WORD WHICH THE SULTANS WROTE IN TURKISH EVERYTHING IS IN ARABIC OTTOMAN??????? PUJKI YOU ARE AT THE WILL OF POMAK KEMAL OF THESSALONIKI FROM THE YEAR 1922. AND THE LANGUAGE AND WRITING REFORM WERE AGAIN FROM POMAK KEMAL BASED ON AZERBAIJAN 70% AND KAZAKHSTAN 30% FROM 1926-27. HAYVAN NJAMA TURKS UNTIL 1922 THERE WAS A TURKISH LANGUAGE GROUP NOT A NATION. THE ONLY TURKS ARE THE MONGOLS IS YOUR SURAH MONGOLIAN BRE DAUL????CHENGENE ORKHONY ENISEE POETRY IS FROM THE 8TH CENTURY EX KUO VULGARES"" EOT 354 YEARS. ALL ATTEMPTS MADE UNTIL TODAY TO TRANSLATE THE OLD BULGARIAN LANGUAGE AND THE BULGARIAN RUNES???? THE ORKHONIAN TURKISH LETTER IS UNSUCCESSFUL. THE ANCIENT BULGARIAN LANGUAGE IS SIMILAR TO PERSIAN, INDO-EUROPEAN, INDO-IRANIAN LANGUAGES. NOTHING TO DO WITH THE ORKHONIAN LETTER, IT IS NOT A PROTO-BULGARIAN LANGUAGE. STAY SAFE PUIKOZ",negative,negative,negative,negative,0.8,negative,0.95,5,negative,1,True,5,1.0,True,True,True,True,True,
UgzNpG_zyJI4qHZnzHN4AaABAg,"Thank you for the translation... if we spoke the same language as the Bulgarians claim, wouldn't it be necessary? Without translation, I would not have understood 80-90%! I don't understand their language argument...at all! - Macedonian from Kitsevo.",negative,negative,negative,negative,0.85,positive,0.95,5,negative,2,False,4,0.8,True,True,True,True,False,Llama
UgxrhGk21igezF7EB894AaABAg,We will not join the EU and NATO 😌,negative,negative,negative,positive,0.85,negative,0.9,5,negative,2,False,4,0.8,True,True,True,False,True,Gemma
UgxrhGk21igezF7EB894AaABAg.9cIK0DtQoQO9cITcRxqz2j,First they beat you and then I knock you,negative,negative,negative,negative,0.8,negative,1.0,5,negative,1,True,5,1.0,True,True,True,True,True,
UgySuur4Mo3tNmsLrjR4AaABAg,"Whoever vetoes what, the wind blows you nothing else and you will not be heard, sow lies and corruption",negative,negative,negative,negative,0.8,negative,0.95,5,negative,1,True,5,1.0,True,True,True,True,True,
UgySuur4Mo3tNmsLrjR4AaABAg.9cIEZVhRtm69cIQoduW2WW,"Our poet, straight from the Elysée Palace",neutral,positive,neutral,positive,0.85,positive,0.95,5,positive,2,False,3,0.6,False,True,False,True,True,"CardiffNLP, BERTweet"
UgySuur4Mo3tNmsLrjR4AaABAg.9cIEZVhRtm69cISjCN-juQ,<USER> monument from Sofia,neutral,positive,neutral,neutral,0.7,neutral,1.0,5,neutral,2,False,4,0.8,True,False,True,True,True,NLPTown
UgySuur4Mo3tNmsLrjR4AaABAg.9cIEZVhRtm69cIUH0-C7SQ,"<USER> that was a compliment, vampire Vane, I'm your fan",positive,positive,positive,positive,0.98,positive,0.95,5,positive,1,True,5,1.0,True,True,True,True,True,
UgySuur4Mo3tNmsLrjR4AaABAg.9cIEZVhRtm69cIVEzV8JDu,<USER> you're gone super man,negative,positive,positive,negative,0.8,positive,0.95,5,positive,2,False,3,0.6,False,True,True,False,True,"CardiffNLP, Gemma"
UgyVEsMYXVCpi7FVEEh4AaABAg,Why do you include Goran from the park to comment on the parliament in Bulgaria?,negative,negative,neutral,negative,0.75,negative,0.95,5,negative,2,False,4,0.8,True,True,False,True,True,BERTweet
UgyVEsMYXVCpi7FVEEh4AaABAg.9cIB3ViP9xZ9cIJuYZzrld,Dove 😆,neutral,positive,neutral,positive,0.85,positive,0.95,5,positive,2,False,3,0.6,False,True,False,True,True,"CardiffNLP, BERTweet"
UgyVEsMYXVCpi7FVEEh4AaABAg.9cIB3ViP9xZ9cIRYYzv8uu,<USER> 😄 🔫,neutral,positive,neutral,negative,0.85,positive,0.95,5,,3,False,0,0.0,False,False,False,False,False,
UgyVEsMYXVCpi7FVEEh4AaABAg.9cIB3ViP9xZ9cIXV0CoxCz,Dove ke pitam mori TORBESH NEDEN with the DNA of GYUPTIN WHO CREATED KUMANOVA????TATAR ELEVTS???????NOGAEVTS??????TATARS????......WHO IN THE 13TH CENTURY SETTLED IN THE NORTHERN PART OF THE CELL TERRITORY OF MACEDONIA BARABAR WITH NOGAJ,negative,negative,neutral,negative,0.8,negative,0.99,5,negative,2,False,4,0.8,True,True,False,True,True,BERTweet
UgyVEsMYXVCpi7FVEEh4AaABAg.9cIB3ViP9xZ9cIYUmPVpjO,<USER> Tatar Mitko (mj beba tsalled me same) orada yorum japmak için para ödedin mi,neutral,negative,neutral,negative,0.8,negative,0.94,5,negative,2,False,3,0.6,False,True,False,True,True,"CardiffNLP, BERTweet"
UgyVEsMYXVCpi7FVEEh4AaABAg.9cIB3ViP9xZ9cIYbzpp3VF,<USER> Cumans are extinct 😇,negative,negative,negative,positive,0.95,negative,1.0,5,negative,2,False,4,0.8,True,True,True,False,True,Gemma
UgyVEsMYXVCpi7FVEEh4AaABAg.9cIB3ViP9xZ9cIZPwZV6Nl,"<USER> SAINT SARFOCHE MOU.??????? KEMAL MUSTAFA POMAKLAR, SEN NENE PAMAKLAR DEDE PAMAKLAR TURK YOK .VAR KAZALBASH, KARAMANLAR , CERKEZ, POMAKLAR, YURUK, KYRD, ARMENIA, YUNAN, BULGAR, EGYPT TAUK SEN NENE BILIOR COK GUZEL BULGAR VAR .",negative,negative,neutral,negative,0.8,negative,0.99,5,negative,2,False,4,0.8,True,True,False,True,True,BERTweet
UgyVEsMYXVCpi7FVEEh4AaABAg.9cIB3ViP9xZ9cIZWsFyOTM,<USER> sen para var mou?????? Lira Kats BULGARIAN COIN?????ADAM URUSPOU GIT PAMAKLAR,negative,negative,neutral,negative,0.8,negative,0.95,5,negative,2,False,4,0.8,True,True,False,True,True,BERTweet
UgyVEsMYXVCpi7FVEEh4AaABAg.9cIB3ViP9xZ9cIZpmzjk1M,"<USER> THERE ARE BRE IN THE NORTHERN PART OF NORTHERN MONKE DODONIJA SA KUMANOVO, TATAR ELEVCI NOGAJCI, TATARIANS.........TATAR TO TATAR. WHY ARE YOU ASHAMED TO CALL YOURSELF TATARINEZNAM ???? MA KING YOU HAVE PEACE GHAZAN FAR ALI KHAN.<URL>",negative,negative,negative,negative,0.8,negative,0.95,5,negative,1,True,5,1.0,True,True,True,True,True,
UgyVEsMYXVCpi7FVEEh4AaABAg.9cIB3ViP9xZ9cIa5k-Yu36,"<USER> they're not THERE, they're all BRAINWASHED THAT you're a shame for that country. You're not talking about it <URL> Come on, friend, Tito, put the heretics together, at least they're brainwashed after 1945 and IN THE NORTHERN HUNZ AFTER SLEEPING",negative,negative,negative,negative,0.8,negative,0.95,5,negative,1,True,5,1.0,True,True,True,True,True,
UgyVEsMYXVCpi7FVEEh4AaABAg.9cIB3ViP9xZ9cIgFMzM_Mi,"<USER> Tatar, you got lost in translation",negative,negative,neutral,negative,0.7,negative,0.95,5,negative,2,False,4,0.8,True,True,False,True,True,BERTweet
UgyVEsMYXVCpi7FVEEh4AaABAg.9cIB3ViP9xZ9cIitGcds98,<USER> <URL> BEGAI barge HUNZO NEDNA WHAT DO YOU HAVE IN COMMON WITH THE BULGARIANS FROM THE AEGEAN AND VARDAR ??? Re aman apo SKOPIANI MALAKES.SOOORRRJ ISE TROMBAROS ME DIO HERIA,negative,negative,neutral,negative,0.8,negative,0.95,5,negative,2,False,4,0.8,True,True,False,True,True,BERTweet
UgyVEsMYXVCpi7FVEEh4AaABAg.9cIB3ViP9xZ9cIj6odsoSh,"<USER> you don't need a translation, RUN TO LEARN THE ANCIENT BURUS LANGUAGE, HUNZA WITH THE DNA OF GYUPTIN TARTAR FROM THE TARTAR ELEVTS, NOGAEVTS, KUMANovo, TATARS..... THE NORTHERN PART OF SEVERDZHAN MONKEDONIA.",negative,positive,neutral,negative,0.8,negative,0.95,5,negative,3,False,3,0.6,True,False,False,True,True,"NLPTown, BERTweet"
UgyVEsMYXVCpi7FVEEh4AaABAg.9cIB3ViP9xZ9cJ2732mrTt,Because television has advanced for them.,neutral,positive,positive,positive,0.65,positive,0.95,5,positive,2,False,4,0.8,False,True,True,True,True,CardiffNLP
UgyVEsMYXVCpi7FVEEh4AaABAg.9cIB3ViP9xZ9cKhv9ZglQJ,"<USER> another mongol ve won't here, what is enough is enough",negative,negative,negative,negative,0.8,negative,0.95,5,negative,1,True,5,1.0,True,True,True,True,True,
UgyVEsMYXVCpi7FVEEh4AaABAg.9cIB3ViP9xZ9ctETr4SSRi,<USER> hiz pin sikimdi tsengene sen kimu.,negative,negative,neutral,negative,0.8,negative,0.95,5,negative,2,False,4,0.8,True,True,False,True,True,BERTweet
UgyFmvyX0lMMQWNHvHZ4AaABAg,"Tsar Samuil as a Bulgarian king, there is no Bulgarian king, there is a Bulgarian king, illiterate some of Alpha. Bulgaria was a Haganate, a Principality and a Kingdom, but not a kingdom.",neutral,negative,neutral,negative,0.75,negative,0.9,5,negative,2,False,3,0.6,False,True,False,True,True,"CardiffNLP, BERTweet"
UgyFmvyX0lMMQWNHvHZ4AaABAg.9caeG3dVTlT9ccGgZVIVLV,"Bulgaria has NEVER been a ""haganate"" in its history!!! There was an Avar Haganah, when we were under their rule... The Bulgarians had KANAS, an old variant of a prince, and we just had kings.",negative,negative,negative,negative,0.85,negative,0.95,5,negative,1,True,5,1.0,True,True,True,True,True,
UgyFmvyX0lMMQWNHvHZ4AaABAg.9caeG3dVTlT9cd-FNEIdJp,"<USER> The first Bulgarian state (in Old Bulgarian: ц︢rstvo bl︢garskoe), called by historians Danube Bulgaria to distinguish it from Volga Bulgaria, is the original khanate, and since the coronation of Simeon I the Great as a king - kingdom (empire), it existed on the Balkan Peninsula and adjacent parts of Southeastern Europe from 681 to 1018",neutral,positive,neutral,neutral,0.85,neutral,1.0,5,neutral,2,False,4,0.8,True,False,True,True,True,NLPTown
UgyFmvyX0lMMQWNHvHZ4AaABAg.9caeG3dVTlT9cd-PQKo3Pm,<USER> Don't rub what you find uncomfortable like the Macedonians.,negative,negative,negative,negative,0.8,negative,0.95,5,negative,1,True,5,1.0,True,True,True,True,True,
UgyFmvyX0lMMQWNHvHZ4AaABAg.9caeG3dVTlT9cm9T5AyKtE,"<USER>-št8ja Dran, dran, parviat internationally recognized Caesar of Bulgaria, Caesar of the Bulgarian Empire, Kaiser, is Tervel, more Slavicized Cr, Tsar. Kanas ubigi (u boga or Avar JAbgu) is the Krum dynasty, prince of god, knias, konung, king, kean, and before Tervel they were publicly Rex-Espererix, Telerix, Kormesis (Kormesix), i.e. Rua, Roa, Royal, Real. Kagan or Hegemon is a Khazarian, Avar and as a whole title from the Middle East before Islam. Harar in Armenia. Kubrat, forgiven is read by Werner as Hufraat, publicly related to Phraates, a Parthian-Thracian dynasty that ruled the Northern Black Sea region with the center of Crimea after the failure of Mithradates. The Mitredites are actually Phrygians, that is, Thracians. Why the Frisians are called Belgi is unclear :) And why Birgir brought a sword as a weapon to Scandinavia and founded Sweden in 1018 is not clear. There is no explanation for Arialandskiat, the Irish demigod Firn Bolg one-armed, as for example, for bugre and the bugres in France, it is clear that he is referring to despised heretics called the Bulgarian heresy, and vulgar after the time of the Christianization of Europe it meant simply folk, reference - Vulgate Bible of St. Jeronim Blaženi, as well as Joachim Karchovski's ""... simple Bulgarian language..."", t. is. egalitarian religion and philosophy, without hermeticism.",neutral,negative,neutral,neutral,0.7,neutral,0.88,5,neutral,2,False,4,0.8,True,False,True,True,True,NLPTown
UgyFmvyX0lMMQWNHvHZ4AaABAg.9caeG3dVTlT9cr0AbhGHbi,"<USER>-št8ja And who created the khanate, which is not very clear? After all, Kalojan was crowned king for a while.",neutral,neutral,neutral,negative,0.75,neutral,0.85,5,neutral,2,False,4,0.8,True,True,True,False,True,Gemma
UgyFmvyX0lMMQWNHvHZ4AaABAg.9caeG3dVTlT9d-vDi360GC,"You tell the illiterate Fascist Bulgarian Tatars. They don't know their history and not their grief. For them, everyone is Bulgarian Tatars. BUT THEY ARE NOT BULGARIANS. THEY WERE MACEDONIANS BEFORE THE BULGARIAN FASCISTS KILLED THEM — a bloody event that happened on June 16, 1943, when 12 youths from the village of Vatasha were shot in near Moklishte near the village ""Chair"", 2 km away from Vatasha. The college was carried out by the Bulgarian military and police detachments led by Captain Boris Zheglov, Lieutenant Boris Kostov and Petko Oprekov under the command of Colonel Ljuben Apostolov, commander of the 56th Velesh Infantry Regiment of the Fifth Bulgarian Army. a crime by the Fascist Bulgarian Tatars: S. Vatasa-""The young men were riddled with bullets from machine guns, and then they were stabbed with bayonets. Some had their hands cut off and their eyes taken out, and all were robbed."" Blaze's sister, Kata, who was taken to the place and witnessed this heinous act, remembers that her brother Blaze was still giving signs of life after the arrow. but the Bulgarians stabbed and cut 12 young people from Vatasha with bayonets. The fact that the parents were not allowed to bury their children speaks of the ferocity of the Bulgarian fascists, so they quickly threw earth and covered them with branches.[4][8] Today there is a small monument in that place. After the war, the actual funeral was organized. When the families dug up the bones themselves, they washed them in the river and buried them in small coffins in Moklishte.[4] And, for the third time, where there is a large monument today, they were buried in 1963. These are the Tatar names of the children you killed. First and last name Age Pero Videv 15 Vancho Gurev 19 Danko Davkov 18 Ilija Dimov 18 Risto Gjondev 18 Blaze Icev 20 Pane Meshkov 18 Gerasim Matakov 18 Fercho Popgyorjiev 26 Vaso Hadjijordanov 28 Dime Chekov 20 Pane Junov 18 Quote Fascist Bulgarian Tatars for you crimes. THIS IS NOT IN YOUR TARTAR FASCIST HISTORY. Your history is false. Who should apologize to whom. Until 1991, in S. Vatasa, if a Tatar Bulgarian entered a ziv, he would not leave. The police did not guarantee their ziv. Do you know how many villages like this there are in Macedonia.",negative,negative,negative,negative,0.8,negative,0.95,5,negative,1,True,5,1.0,True,True,True,True,True,
UgyFmvyX0lMMQWNHvHZ4AaABAg.9caeG3dVTlT9sx16r5KTuS,blgari junk. MACEDONIAN PEOPLE 25TH CENTURY. from PHILIP KING OF MACEDONIA 4th century before this era to the present 36th century. LONG LIVE M A K E D O N I Y A !!,negative,negative,positive,positive,0.85,positive,0.95,5,positive,2,False,3,0.6,False,False,True,True,True,"CardiffNLP, NLPTown"
UgyFmvyX0lMMQWNHvHZ4AaABAg.9caeG3dVTlT9wURhLu_aM5,"<USER> Macedonia has existed for 30 years, what 25 centuries 😂😂😂😂",neutral,positive,neutral,negative,0.8,negative,0.95,5,,3,False,0,0.0,False,False,False,False,False,
UgyFmvyX0lMMQWNHvHZ4AaABAg.9caeG3dVTlT9xtIABYXbho,<USER> MACEDONIA -- 25TH CENTURY. by PHILIP KING. you sds garbage.,negative,negative,negative,negative,0.8,negative,1.0,5,negative,1,True,5,1.0,True,True,True,True,True,
UgwL3NEsa__NUdJ87v54AaABAg,"If it wasn't tragic, it would be comical.",negative,neutral,negative,negative,0.7,negative,0.95,5,negative,2,False,4,0.8,True,False,True,True,True,NLPTown
Ugz8g7skeo8KvVcou4l4AaABAg,"French English Italians and Germans want us under slavery! I'm from a Slavic land full of gold, that's why they howl so much!",negative,negative,negative,negative,0.8,negative,0.95,5,negative,1,True,5,1.0,True,True,True,True,True,
Ugz8g7skeo8KvVcou4l4AaABAg.9cleTikowF19fXQVduTlSj,No. They want you to know the truth. Bulgarian from Macedonian region 🇲🇰=💩,neutral,negative,neutral,negative,0.8,negative,0.95,5,negative,2,False,3,0.6,False,True,False,True,True,"CardiffNLP, BERTweet"
Ugz8g7skeo8KvVcou4l4AaABAg.9cleTikowF19sx0ajdXuM0,<USER> TATIANA MAKEDONKA. ox @.,neutral,negative,neutral,neutral,0.78,neutral,1.0,5,neutral,2,False,4,0.8,True,False,True,True,True,NLPTown
Ugz8g7skeo8KvVcou4l4AaABAg.9cleTikowF19sx1MZhl3gB,<USER> 😂😂😂 does not exist,neutral,negative,negative,negative,0.8,negative,0.95,5,negative,2,False,4,0.8,False,True,True,True,True,CardiffNLP
Ugz8g7skeo8KvVcou4l4AaABAg.9cleTikowF19wTiUWLyfdd,<USER> hee hee hee. fool. from kenef.,negative,negative,negative,negative,0.8,negative,1.0,5,negative,1,True,5,1.0,True,True,True,True,True,
Ugz8g7skeo8KvVcou4l4AaABAg.9cleTikowF19wURZlec-dU,<USER> All of Macedonia is BULGARIAN Kenef 😂😂😂,neutral,negative,neutral,negative,0.8,negative,1.0,5,negative,2,False,3,0.6,False,True,False,True,True,"CardiffNLP, BERTweet"
Ugz8g7skeo8KvVcou4l4AaABAg.9cleTikowF19xtIPmhiiSX,<USER> - sds nerd. and fools and fools j HELL.,negative,negative,negative,negative,0.8,negative,1.0,5,negative,1,True,5,1.0,True,True,True,True,True,
Ugz8g7skeo8KvVcou4l4AaABAg.9cleTikowF19xtKtcPCyY_,<USER> Tatiana Bulgarian from Darzhava Severna😂😂😂,neutral,negative,neutral,positive,0.85,negative,0.9,5,,3,False,0,0.0,False,False,False,False,False,
Ugy7Mbxb3G2f64f46pV4AaABAg,Alpha the dumbest TV,negative,negative,negative,negative,0.8,negative,1.0,5,negative,1,True,5,1.0,True,True,True,True,True,
Ugy7Mbxb3G2f64f46pV4AaABAg.9cbJpOIIVs59d-vIdd33z7,"THESE ARE NOT BULGARIANS. THEY WERE MACEDONIANS BEFORE YOU FASCISTS KILLED THEM — a bloody event that happened on June 16, 1943, when 12 youths from the village of Vatasha were shot near Moklishte near the village of ""Chair"", 2 km away from Vatasha. The college was carried out by the Bulgarian military and police detachments led by Captain Boris Zheglov, Lieutenant Boris Kostov and Petko Oprekov under the command of Colonel Ljuben Apostolov, commander of the 56th Velesh Infantry Regiment of the Fifth Bulgarian Army. a crime by the Fascist Bulgarian Tatars: S. Vatasa-""The young men were riddled with bullets from machine guns, and then they were stabbed with bayonets. Some had their hands cut off and their eyes taken out, and all were robbed."" Blaze's sister, Kata, who was taken to the place and witnessed this heinous act, remembers that her brother Blaze was still giving signs of life after the arrow. but the Bulgarians stabbed and cut 12 young people from Vatasha with bayonets. The fact that the parents were not allowed to bury their children speaks of the ferocity of the Bulgarian fascists, so they quickly threw earth and covered them with branches.[4][8] Today there is a small monument in that place. After the war, the actual funeral was organized. When the families dug up the bones themselves, they washed them in the river and buried them in small coffins in Moklishte.[4] And, for the third time, where there is a large monument today, they were buried in 1963. These are the Tatar names of the children you killed. First and last name Age Pero Videv 15 Vancho Gurev 19 Danko Davkov 18 Ilija Dimov 18 Risto Gjondev 18 Blaze Icev 20 Pane Meshkov 18 Gerasim Matakov 18 Fercho Popgyorjiev 26 Vaso Hadjijordanov 28 Dime Chekov 20 Pane Junov 18 Quote Fascist Bulgarian Tatars for you crimes. THIS IS NOT IN YOUR TARTAR FASCIST HISTORY. Your history is false. Who should apologize to whom. Until 1991, in S. Vatasa, if a Tatar Bulgarian entered a ziv, he would not leave. The police did not guarantee their ziv. Do you know how many villages like this there are in Macedonia.",negative,negative,negative,negative,0.5,negative,0.95,5,negative,1,True,5,1.0,True,True,True,True,True,
Ugy7Mbxb3G2f64f46pV4AaABAg.9cbJpOIIVs59sx0jdBLjrt,@.....3826 sds tile.,neutral,positive,neutral,neutral,0.74,neutral,1.0,5,neutral,2,False,4,0.8,True,False,True,True,True,NLPTown
UgxoZWlXJXqLnIfDFYV4AaABAg,Bulgaria should apologize for the gold it made for fascism over Macedonia,negative,negative,negative,negative,0.8,negative,0.95,5,negative,1,True,5,1.0,True,True,True,True,True,
UgxoZWlXJXqLnIfDFYV4AaABAg.9cbthhIyNgt9ccjBS8vXZ8,"Communists should always beat each other, illiterates, those murders were on a political basis, not on a national basis!",negative,negative,negative,negative,0.8,negative,0.95,5,negative,1,True,5,1.0,True,True,True,True,True,
UgxoZWlXJXqLnIfDFYV4AaABAg.9cbthhIyNgt9d-vQ446pYD,"TO ASK THE QUESTION ABOUT WAR DAMAGE. THESE ARE NOT BULGARIANS. THEY WERE MACEDONIANS BEFORE YOU FASCISTS KILLED THEM — a bloody event that happened on June 16, 1943, when 12 youths from the village of Vatasha were shot near Moklishte near the village of ""Chair"", 2 km away from Vatasha. The college was carried out by the Bulgarian military and police detachments led by Captain Boris Zheglov, Lieutenant Boris Kostov and Petko Oprekov under the command of Colonel Ljuben Apostolov, commander of the 56th Velesh Infantry Regiment of the Fifth Bulgarian Army. a crime by the Fascist Bulgarian Tatars: S. Vatasa-""The young men were riddled with bullets from machine guns, and then they were stabbed with bayonets. Some had their hands cut off and their eyes taken out, and all were robbed."" Blaze's sister, Kata, who was taken to the place and witnessed this heinous act, remembers that her brother Blaze was still giving signs of life after the arrow. but the Bulgarians stabbed and cut 12 young people from Vatasha with bayonets. The fact that the parents were not allowed to bury their children speaks of the ferocity of the Bulgarian fascists, so they quickly threw earth and covered them with branches.[4][8] Today there is a small monument in that place. After the war, the actual funeral was organized. When the families dug up the bones themselves, they washed them in the river and buried them in small coffins in Moklishte.[4] And, for the third time, where there is a large monument today, they were buried in 1963. These are the Tatar names of the children you killed. First and last name Age Pero Videv 15 Vancho Gurev 19 Danko Davkov 18 Ilija Dimov 18 Risto Gjondev 18 Blaze Icev 20 Pane Meshkov 18 Gerasim Matakov 18 Fercho Popgyorjiev 26 Vaso Hadjijordanov 28 Dime Chekov 20 Pane Junov 18 Quote Fascist Bulgarian Tatars for you crimes. THIS IS NOT IN YOUR TARTAR FASCIST HISTORY. Your history is false. Who should apologize to whom. Until 1991, in S. Vatasa, if a Tatar Bulgarian entered a ziv, he would not leave. The police did not guarantee their ziv. Do you know how many villages like this there are in Macedonia.",negative,negative,negative,negative,0.8,negative,0.95,5,negative,1,True,5,1.0,True,True,True,True,True,
UgxoZWlXJXqLnIfDFYV4AaABAg.9cbthhIyNgt9sx1qfCzTtL,"Bulgarians stole Pirin Macedonia. Greeks stole Aegean. agreement 1913 says: Bulgaria to MACEDONIA vrak'a Pirinska Macedonia, Greece to MACEDONIA vrak'a Aegean Macedonia.",neutral,negative,negative,negative,0.75,negative,1.0,5,negative,2,False,4,0.8,False,True,True,True,True,CardiffNLP
UgxWcjVp2celLFPhHb14AaABAg,You gulped nice rubles through LukOil from the representative office in Switzerland. I am really surprised by the intellectual who denies it😮,positive,negative,negative,negative,0.8,negative,0.95,5,negative,2,False,4,0.8,False,True,True,True,True,CardiffNLP
UgxWcjVp2celLFPhHb14AaABAg.A0b0BkFBk-dA0fGvkKSJ7P,"That's why we don't have a country made up of such freaks, patriots, as much as you want for 30 years, who will come to power, they are plagiarizing, and no one sent Apsaana.",negative,negative,negative,negative,0.8,negative,0.95,5,negative,1,True,5,1.0,True,True,True,True,True,
UgwV7NacncBB5kj_Osl4AaABAg,Well done,positive,positive,positive,positive,0.98,positive,0.95,5,positive,1,True,5,1.0,True,True,True,True,True,
UgyVVmwJhLLWMBCL4h54AaABAg,STALIN STRIKES INTO YUGOSLAVIA IS THIS NOT THE INFLUENCE OF CATTLE 😮😮😮😮,negative,negative,negative,negative,0.8,negative,0.95,5,negative,1,True,5,1.0,True,True,True,True,True,
UgxALehVkE4Jcf50TLF4AaABAg,It's never too late,neutral,positive,neutral,positive,0.85,positive,0.95,5,positive,2,False,3,0.6,False,True,False,True,True,"CardiffNLP, BERTweet"
Ugxx8VLjAXtNYl-8UUR4AaABAg,Kawadarek influence😂,neutral,neutral,neutral,negative,0.8,negative,0.95,5,neutral,2,False,3,0.6,True,True,True,False,False,"Gemma, Llama"
UgzWMNpYSn1cS3KsEjx4AaABAg,"let Putin hear that we here in MK are shaking nonsense, Russia is bothering with us, in 2 hours the whole country will be leveled, we will not exist😂",negative,negative,negative,negative,0.8,negative,0.95,5,negative,1,True,5,1.0,True,True,True,True,True,
UgyfI1hA596pZAcyEdl4AaABAg,It's just bad that we have nothing good from Russia,negative,negative,negative,negative,0.8,negative,0.95,5,negative,1,True,5,1.0,True,True,True,True,True,
UgzmK7CeRCEe_WWnKC94AaABAg,They don't even count it for a living country,negative,negative,negative,negative,0.7,negative,0.95,5,negative,1,True,5,1.0,True,True,True,True,True,
UgzmK7CeRCEe_WWnKC94AaABAg.A1-S1OnE5oaA10JuZDq4PZ,You are right,neutral,positive,positive,positive,0.85,positive,0.95,5,positive,2,False,4,0.8,False,True,True,True,True,CardiffNLP
UgxJPtrfmVStBdUvOOR4AaABAg,"Over and over again ""the division, the division, the dismemberment blah, blah, blah.... of Macedonia!!!!"" What was shared, pieced??? The State of Macedonia or the Territory of Macedonia? The state was not, the Territory, Yes! Now, what do you have with that Territory (for those who want to know, and there are few, that territory went from above to below today's Prilep. From Prilep to Tabanovce, And that part never enters the Historical Territory of Macedonia. In that territory, those who declared themselves Macedonians were about 5%, of course you have to take the Serbs, the Bulgarians, among whom there were Macedonians who felt, but for many reasons were afraid. If you ask Bulgaria and Serbia, they will tell you, were native Serbs, that is, Bulgarians. A myth about ethnic, geographical Macedonia, volumes and volumes of history, folklore... is being built here. That's where the problems come from.",negative,negative,negative,negative,0.5,negative,0.83,5,negative,1,True,5,1.0,True,True,True,True,True,
UgxJPtrfmVStBdUvOOR4AaABAg.A0lkhajyaGwA0qPybSeI-W,😂😂😂😂,neutral,positive,neutral,positive,0.98,negative,1.0,5,,3,False,0,0.0,False,False,False,False,False,
UgxJPtrfmVStBdUvOOR4AaABAg.A0lkhajyaGwA20tjbG0Xla,"Tatar corpse in Tatarstan, there you have a state!",negative,positive,negative,negative,0.7,negative,0.95,5,negative,2,False,4,0.8,True,False,True,True,True,NLPTown
UgxJPtrfmVStBdUvOOR4AaABAg.A0lkhajyaGwA217TilfXmd,"<USER>-l1i Tsigo, sit madro a.",neutral,positive,neutral,negative,0.7,negative,0.95,5,,3,False,0,0.0,False,False,False,False,False,
UgxJPtrfmVStBdUvOOR4AaABAg.A0lkhajyaGwA2Lsb4ZrWyi,Let it go. Be supak @JaneSandanski-l1i,neutral,negative,neutral,neutral,0.65,negative,0.9,5,neutral,2,False,3,0.6,True,False,True,True,False,"NLPTown, Llama"
UgxJPtrfmVStBdUvOOR4AaABAg.A0lkhajyaGwA3HJVOj4jtY,Fool!!!!,negative,negative,negative,negative,0.8,negative,1.0,5,negative,1,True,5,1.0,True,True,True,True,True,
UgxJPtrfmVStBdUvOOR4AaABAg.A0lkhajyaGwA3HKcV1tBUC,<USER>-l1i blow the Macedonian rotten,negative,negative,negative,negative,0.7,negative,1.0,5,negative,1,True,5,1.0,True,True,True,True,True,
UgxJPtrfmVStBdUvOOR4AaABAg.A0lkhajyaGwA3HKeQcV0F-,<USER> 45 years ago there was no Macedonian state,neutral,negative,neutral,negative,0.8,negative,0.9,5,negative,2,False,3,0.6,False,True,False,True,True,"CardiffNLP, BERTweet"
UgxJPtrfmVStBdUvOOR4AaABAg.A0lkhajyaGwA3HR9Wmig1S,"<USER> The bitch is a nasty thing, Lucie has been touched for 10 years, she thinks half an hour, and it's late at night, almost at dawn.",negative,positive,negative,negative,0.8,negative,0.95,5,negative,2,False,4,0.8,True,False,True,True,True,NLPTown
UgxJPtrfmVStBdUvOOR4AaABAg.A0lkhajyaGwA3J_q3dGx4J,<USER>-l1i And you were Bulgarian before 45,neutral,negative,neutral,negative,0.7,negative,0.9,5,negative,2,False,3,0.6,False,True,False,True,True,"CardiffNLP, BERTweet"
UgxJPtrfmVStBdUvOOR4AaABAg.A0lkhajyaGwA3UW80-cUk3,@FilipVasilevski if there was no state does not mean that there was no Macedonian people. That's why in 1944 I unleashed the Tatarophilic curse on you born-again! Come on carrion!,negative,negative,negative,negative,0.8,negative,0.95,5,negative,1,True,5,1.0,True,True,True,True,True,
UgxJPtrfmVStBdUvOOR4AaABAg.A0lkhajyaGwA4Lq2vPaCMx,<USER> so one hundred if there was no state. Both Kurds and Palestinians have no state. What does that have to do with Asparukhov's horse?,negative,negative,neutral,negative,0.75,neutral,0.98,5,negative,2,False,3,0.6,True,True,False,True,False,"BERTweet, Llama"
UgzRGE2vjqUPQZ5QaPF4AaABAg,🇲🇰🇲🇰🇲🇰🇲🇰👍,positive,positive,neutral,positive,0.98,positive,0.95,5,positive,2,False,4,0.8,True,True,False,True,True,BERTweet
UgyI6aJ7r4nfDQQGO-l4AaABAg,Funny🤣😂🤣as bl'gars. Greetings to Pirin-Macedonians.,positive,positive,positive,negative,0.8,positive,0.95,5,positive,2,False,4,0.8,True,True,True,False,True,Gemma
UgyewdE1eQAB6oxcW3x4AaABAg,xaxa,neutral,positive,neutral,neutral,0.85,negative,0.9,5,neutral,3,False,3,0.6,True,False,True,True,False,"NLPTown, Llama"
UgzEkcJ_cHhwsrzQLoZ4AaABAg,We Bulgarians are actually Serbs. Would we speak Serbian like a Bulgarian if we were not Serbs?,negative,negative,neutral,negative,0.8,negative,0.9,5,negative,2,False,4,0.8,True,True,False,True,True,BERTweet
UgzEkcJ_cHhwsrzQLoZ4AaABAg.9UtW0uEGKme9ut0iULhME7,Serbian PEOPLE. Macedonians PEOPLE. Bulgarians - Junk.,negative,negative,neutral,negative,0.8,negative,1.0,5,negative,2,False,4,0.8,True,True,False,True,True,BERTweet
UgxMKf65kAYINY48eCZ4AaABAg,Veto!!!!,negative,negative,neutral,negative,0.8,negative,1.0,5,negative,2,False,4,0.8,True,True,False,True,True,BERTweet
UgxMKf65kAYINY48eCZ4AaABAg.9UsPddFRY9P9Usf_vbHrT_,"You have a brain veto. Even in Bulgaria, we know that Macedonians live in Macedonia, and Mongolian Tatars live in Bulgaria. *FACT*",negative,negative,neutral,negative,0.8,negative,0.82,5,negative,2,False,4,0.8,True,True,False,True,True,BERTweet
UgxMKf65kAYINY48eCZ4AaABAg.9UsPddFRY9P9ut17p1Bu2-,sds program 2020 there are no Bulgarians in the CONSTITUTION. and Bulgarians and sds j vc.,negative,negative,neutral,negative,0.8,negative,0.9,5,negative,2,False,4,0.8,True,True,False,True,True,BERTweet
Ugz03SYUrQQxV8meeYF4AaABAg,"In Bulgaria, no one talks about RSM. We only mention it after the Memorials!",neutral,negative,neutral,negative,0.75,negative,0.9,5,negative,2,False,3,0.6,False,True,False,True,True,"CardiffNLP, BERTweet"
Ugz03SYUrQQxV8meeYF4AaABAg.9UrbGicKYZk9UsfmsKZAmG,In Bulgaria 🇧🇬🇲🇳 we have 10% Gypsies🧔🏿 10% Turks 👳🏿‍♂️and 80% Mongolian Tatars🧑🏿‍🦲👩🏿‍🦱🇧🇬🇲🇳. *the most accurate* *statistics* 📊📈,neutral,negative,neutral,negative,0.8,negative,0.95,5,negative,2,False,3,0.6,False,True,False,True,True,"CardiffNLP, BERTweet"
Ugz03SYUrQQxV8meeYF4AaABAg.9UrbGicKYZk9UtkutKsNeX,"<USER>-j0kThat's why you will stay in the Yugoslav swamp, you obviously like it there, brainwashed. From there you will kick like frogs, such fools.",negative,negative,negative,negative,0.8,negative,0.95,5,negative,1,True,5,1.0,True,True,True,True,True,
Ugz03SYUrQQxV8meeYF4AaABAg.9UrbGicKYZk9ut0wHOJmrh,@.........1438 bark ...................... j bg kenef.,neutral,negative,neutral,negative,0.7,negative,1.0,5,negative,2,False,3,0.6,False,True,False,True,True,"CardiffNLP, BERTweet"
UgyR1ToqoYApuWTxugF4AaABAg,"If the EU accepts Albania, then all our Albanians will run away to European Albania, just then we will be nowhere.",negative,negative,neutral,negative,0.8,negative,0.95,5,negative,2,False,4,0.8,True,True,False,True,True,BERTweet
Ugym3uNVxNKsFljbZ-h4AaABAg,The number of contracts is one of the criteria that you do not fire 😀,neutral,positive,neutral,negative,0.5,positive,0.95,5,,3,False,0,0.0,False,False,False,False,False,
UgzVHvGQXwHoaSJNrBZ4AaABAg,Northern With this opinion will be part of EU 2098,neutral,positive,neutral,positive,0.85,negative,0.95,5,,3,False,0,0.0,False,False,False,False,False,
UgzVHvGQXwHoaSJNrBZ4AaABAg.9NER_qM9Ey69wc2xFWiXed,"In 2018, in the REFERENDUM, the citizens of MACEDONIA said no to the EU. sds program 2020 there are no Bulgarians in the CONSTITUTION. and Bulgarians and sds j vc.",negative,negative,neutral,negative,0.8,negative,0.95,5,negative,2,False,4,0.8,True,True,False,True,True,BERTweet
UgzTUuccob94E3EHGvt4AaABAg,BRAVO FOR POPOVSKI AND KALAIDGIEV!! BOTH ARE STRONG!,positive,positive,positive,positive,0.95,positive,0.95,5,positive,1,True,5,1.0,True,True,True,True,True,
UgyNhlZeWuNSxkRV3mx4AaABAg,For the First Time I See Smart Luge in Vasata Show Ovi Luge /Such Capacity and Need of Macedonia/,negative,positive,positive,positive,0.85,positive,0.95,5,positive,2,False,4,0.8,False,True,True,True,True,CardiffNLP
UgyQEDMRSc0QuxNxeC14AaABAg,"Regarding the last topic - taxes, prof. Kalajjiev is quite right about the fact that the tilings of finance completely drowned out the subject of progressive taxes. Instead of targeting total income, they want to tax only salary income. And so, instead of divinely just taxes, they will introduce another injustice: people who earn a lot (from capital gains, dividends, annuities, industrial rights, etc.) to pay lower tax rates than those who live on wages! Obviously, the citizens also understood the populist manner of this measure, so they reject it in the survey.",negative,negative,neutral,negative,0.5,negative,0.95,5,negative,2,False,4,0.8,True,True,False,True,True,BERTweet
UgwvS5ykhR2XflfOXx94AaABAg,"Aman from such ""academics"", it didn't matter what Bulgaria thinks, and Bulgaria demands that the signed protocols be implemented.",neutral,negative,neutral,negative,0.7,negative,0.95,5,negative,2,False,3,0.6,False,True,False,True,True,"CardiffNLP, BERTweet"
UgwvS5ykhR2XflfOXx94AaABAg.AHSZjA8kechAHWi3TinUHg,There is none,negative,negative,negative,neutral,0.65,neutral,1.0,5,negative,2,False,3,0.6,True,True,True,False,False,"Gemma, Llama"
UgySUeD8sYNxyzXffPF4AaABAg,what merchandise are these retards,negative,negative,negative,negative,0.8,negative,1.0,5,negative,1,True,5,1.0,True,True,True,True,True,
Ugy7Hd4g2iEZDx4BE194AaABAg,Primitivism is happening to VMRO! Hallelujah!,positive,positive,negative,negative,0.8,positive,0.95,5,positive,2,False,3,0.6,True,True,False,False,True,"BERTweet, Gemma"
Ugy7Hd4g2iEZDx4BE194AaABAg.9cweZqqdQu89xtGOKmrLC0,sds -- a crime. sds program 2016 does not change the NAME of MACEDONIA. sds j baybook.,negative,negative,negative,negative,0.6,negative,0.9,5,negative,1,True,5,1.0,True,True,True,True,True,
UgycoBD9kIV7qiJSBMZ4AaABAg,Why does Albania not give up on the Albanian residents in Macedonia?,negative,negative,negative,neutral,0.68,negative,0.9,5,negative,2,False,4,0.8,True,True,True,False,True,Gemma
UgwNMCv4AmXOI32Awhd4AaABAg,go to power you and NATO,negative,positive,neutral,negative,0.7,positive,0.95,5,,3,False,0,0.0,False,False,False,False,False,
Ugw2OZmPfTO16vxo3kB4AaABAg,Joining a hundred ton ship...very clever,positive,positive,positive,negative,0.8,positive,0.95,5,positive,2,False,4,0.8,True,True,True,False,True,Gemma
UgxjQvn7dqB1MgZIz6h4AaABAg,"To the Greek government, open the door for the Macedonians from Greece to come home to Macedonia... no protests, Australia and so on...",neutral,positive,neutral,negative,0.65,positive,0.95,5,,3,False,0,0.0,False,False,False,False,False,
Ugy3dXCfn7ufb1PhPQ14AaABAg,Death to the EU and NATO!!!,negative,negative,negative,negative,0.8,negative,1.0,5,negative,1,True,5,1.0,True,True,True,True,True,
UgxO7prmSQEZIolqNuJ4AaABAg,"Yes, that's right",neutral,neutral,positive,positive,0.95,positive,0.95,5,positive,2,False,3,0.6,False,False,True,True,True,"CardiffNLP, NLPTown"
Ugz57Q_dERgDtPNRr_p4AaABAg,We are proud of our country Mongolia. We are proud Mongolians! 🇧🇬🇲🇳👌🏿👷🏿‍♀️,positive,positive,positive,positive,0.95,positive,0.95,5,positive,1,True,5,1.0,True,True,True,True,True,
Ugz57Q_dERgDtPNRr_p4AaABAg.9b8R5Ikz1ih9b8SKJrPQqe,"Hey everyone, in the northern part of NORTHERN MONKEDODONIA, YOU ARE TATARS.????KUMANOVO, TATAR ELEVCI, NOGAIC, TATARS,..............TATARS SETTLED IN THE NORTHERN PART OF THE CELLAR, NORTHERN MONKEDODONIA (then you are NORTHERN MONKEDODONCI) IN THE SEVENTH CENTURY WHICH, AFTER DESTROYING HUNGARIAN AND CROATIA, THEY CAME BACK, BUT THE GRANDMOTHERS WERE SLEEPING, CAME OUT AND STAYED THERE.",negative,negative,neutral,negative,0.8,negative,0.95,5,negative,2,False,4,0.8,True,True,False,True,True,BERTweet
UgxNsXZ2yl_E7N0TIIZ4AaABAg,"Paris, 1913... ""A Macedonian, Gjorgi Delchev, used to say... The movement is Macedonian, not Bulgarian. [Macedonians] emphasized their role - as if the free spirit of the Macedonian could do it without foreign influences."" Georges Gaulis, ""La Ruine D'Un Empire"", 1913",neutral,neutral,neutral,negative,0.75,neutral,0.85,5,neutral,2,False,4,0.8,True,True,True,False,True,Gemma
Ugy9rd7-UzTbcLxh4sF4AaABAg,No one will have a referendum in the EU 🤣,negative,negative,neutral,negative,0.8,negative,0.9,5,negative,2,False,4,0.8,True,True,False,True,True,BERTweet
Ugy9rd7-UzTbcLxh4sF4AaABAg.9b8ZLTIET-j9uoClzJ9SDF,"In 2018, in the REFERENDUM, the citizens of MACEDONIA said no to the EU. sds program 2020 there are no Bulgarians in the CONSTITUTION. and Bulgarians and sds j vc.",negative,negative,neutral,negative,0.8,negative,0.95,5,negative,2,False,4,0.8,True,True,False,True,True,BERTweet
UgyyWxcmv3ZuOnpx-CV4AaABAg,"As British scientists proved, there is no such people as Bulgarians, there are only Mongol-Tatars🇲🇳🇧🇬",neutral,negative,neutral,negative,0.8,negative,0.95,5,negative,2,False,3,0.6,False,True,False,True,True,"CardiffNLP, BERTweet"
UgwGdOeYthjSJOMu5i94AaABAg,Our history is the history of Mongolia and Tataria. We should be proud of our true ancestors. 🇧🇬🇲🇳🤟🏿,positive,positive,positive,positive,0.85,positive,0.95,5,positive,1,True,5,1.0,True,True,True,True,True,
UgwGdOeYthjSJOMu5i94AaABAg.9b8TDs4O84J9uoAfwz2euj,<USER> yaaad worms. .................... j Mongolia.,negative,negative,neutral,negative,0.85,negative,0.9,5,negative,2,False,4,0.8,True,True,False,True,True,BERTweet
UgxK-qsN1HnDWl9Djwd4AaABAg,Let's remember the last interview of Gotse Delchev's granddaughter. Hear how his niece publicly and loudly announces that Gotse Delchev is a Macedonian who fights for Macedonia!,neutral,positive,neutral,positive,0.85,positive,0.95,5,positive,2,False,3,0.6,False,True,False,True,True,"CardiffNLP, BERTweet"
UgxK-qsN1HnDWl9Djwd4AaABAg.9b8UX55_CMg9bF2oVpU-VF,"the direct heirs of Georgi Nikolov Delchev are Sofia, and that grandmother is some kind of distant relative! Come on, run away to graze sheep, since you have nothing else to do!",negative,positive,neutral,negative,0.8,negative,0.95,5,negative,3,False,3,0.6,True,False,False,True,True,"NLPTown, BERTweet"
Ugw9C-S-6KOJO89aSsZ4AaABAg,The Mongol Tatars are fighting in agony. 🤣🤣🤣🤣,negative,positive,neutral,negative,0.8,negative,1.0,5,negative,3,False,3,0.6,True,False,False,True,True,"NLPTown, BERTweet"
UgyZJU1FJJePRTJOTH14AaABAg,one state — one faith 🇧🇬🇲🇳🕌,neutral,negative,neutral,negative,0.8,positive,0.95,5,,3,False,0,0.0,False,False,False,False,False,
UgyZJU1FJJePRTJOTH14AaABAg.9b8R3SD8p8p9uoB6d-r4jJ,MACEDONIAN PEOPLE HAVE EXISTED FOR 25 CENTURIES. by PHILIP KING OF MACEDONIA. Tatars - Germans 'made' Bulgaria 140 years ago.,neutral,positive,neutral,negative,0.65,negative,0.95,5,,3,False,0,0.0,False,False,False,False,False,
UgyDndAlG9Ej-LKf6xF4AaABAg,"If we go to North Macedonia, you'll be pissed off, but otherwise you're keyboard ninjas 🤣",negative,neutral,negative,negative,0.85,negative,0.95,5,negative,2,False,4,0.8,True,False,True,True,True,NLPTown
UgyDndAlG9Ej-LKf6xF4AaABAg.9b911NrHA0G9b9k-aj0JU7,Good luck over the mountains. We are not a plain like Ukraine.,positive,positive,positive,positive,0.85,positive,0.95,5,positive,1,True,5,1.0,True,True,True,True,True,
UgyDndAlG9Ej-LKf6xF4AaABAg.9b911NrHA0G9bB1Fs6RfLW,"<USER> And I can ask your wife, she stole the choke 🤣",neutral,negative,neutral,negative,0.8,negative,0.95,5,negative,2,False,3,0.6,False,True,False,True,True,"CardiffNLP, BERTweet"
UgyDndAlG9Ej-LKf6xF4AaABAg.9b911NrHA0G9bdJVEYN0-0,"<USER> let's use it 🤣 Well, let's send it to you so that you can have it, we can also send you more idiots.",neutral,positive,negative,negative,0.8,negative,0.95,5,negative,3,False,3,0.6,False,False,True,True,True,"CardiffNLP, NLPTown"
UgyDndAlG9Ej-LKf6xF4AaABAg.9b911NrHA0G9uoCF7_vBMm,"<USER> you one, buzz both in the mountain and in the meadow.",neutral,negative,neutral,negative,0.8,neutral,1.0,5,neutral,2,False,3,0.6,True,False,True,False,True,"NLPTown, Gemma"
UgyDndAlG9Ej-LKf6xF4AaABAg.9b911NrHA0G9uoCbkn1pJc,<USER> Wow botu! WOW!,positive,positive,positive,positive,0.95,positive,0.95,5,positive,1,True,5,1.0,True,True,True,True,True,
Ugz9s3HHYV96ATrrojR4AaABAg,"It is true that there are no Macedonians, only Bulgarians!",neutral,negative,neutral,negative,0.8,negative,0.95,5,negative,2,False,3,0.6,False,True,False,True,True,"CardiffNLP, BERTweet"
Ugz9s3HHYV96ATrrojR4AaABAg.9b8THBRE1vf9b8XLBfzw2W,Bulgarian is not even in the constitution of Bulgaria,negative,negative,neutral,negative,0.8,negative,0.95,5,negative,2,False,4,0.8,True,True,False,True,True,BERTweet
Ugz9s3HHYV96ATrrojR4AaABAg.9b8THBRE1vf9b8aEmgnKDG,"If you are not Turkish, please write in Tatar or Mongolian",neutral,neutral,neutral,neutral,0.65,negative,0.95,5,neutral,2,False,4,0.8,True,True,True,True,False,Llama
Ugz9s3HHYV96ATrrojR4AaABAg.9b8THBRE1vf9b9IxLgi9wW,<USER> how long ago is August 1903? because the USA has no problem with the fact that it has only 200 years of history? and RSM needs to urgently fabricate 1000,negative,negative,negative,negative,0.8,negative,0.95,5,negative,1,True,5,1.0,True,True,True,True,True,
Ugz9s3HHYV96ATrrojR4AaABAg.9b8THBRE1vf9bAMeZMBA-2,"<USER> username Bulgaria is the oldest name of a state in Europe, from the year 681. THERE IS NO OTHER",neutral,negative,positive,neutral,0.85,positive,0.95,5,,3,False,0,0.0,False,False,False,False,False,
Ugz9s3HHYV96ATrrojR4AaABAg.9b8THBRE1vf9bAQkvAjUrZ,<USER> username is why it doesn't exist? as the whole of Europe knows that Bulgaria is the oldest state? probably only in your brain?,negative,negative,negative,negative,0.8,negative,0.95,5,negative,1,True,5,1.0,True,True,True,True,True,
Ugz9s3HHYV96ATrrojR4AaABAg.9b8THBRE1vf9bAmaiYJKOO,"Unfortunately, you are Macedonians with Serbian self-awareness, which is strange here, the Bulgarians hate you, erase your monuments, erase your history!",negative,negative,negative,negative,0.8,negative,1.0,5,negative,1,True,5,1.0,True,True,True,True,True,
Ugz9s3HHYV96ATrrojR4AaABAg.9b8THBRE1vf9bB9LsO-Vuy,"<USER> if you are not Bulgarian, start writing in Albanian",neutral,negative,neutral,negative,0.8,negative,0.95,5,negative,2,False,3,0.6,False,True,False,True,True,"CardiffNLP, BERTweet"
Ugz9s3HHYV96ATrrojR4AaABAg.9b8THBRE1vf9uoBbQWQRNY,<USER> - sds nerd. and fools and fools j HELL.,negative,negative,negative,negative,0.8,negative,1.0,5,negative,1,True,5,1.0,True,True,True,True,True,
UgyWkxLv3jcVGBcVGnR4AaABAg,"Everyone can define themselves as they want, even as an alien and, accordingly, identify their language in the same way. However, the right to self-determination belongs to the living. No one gives them the right to change the declared identity of the dead, who have been defined as Bulgarians for twelve centuries. The Bitola tablet of Tsar John Vladislav from 1015, exhibited in the museum in Bitola, in which Samuel's grandson is called ""Bulgarian autocrat"" and ""Bulgarian born"", who rebuilt the Bitola fortress ""for refuge and salvation and for the life of the Bulgarians"". Another indisputable fact is a letter from Gotse Delchev to Nikola Maleshevski (January 5, 1899), written in literary Bulgarian: ""It's unfortunate, but what can we do when we are Bulgarians and we all suffer from the same disease."" Or the existing request of Nikola Delchev, father of Gotse Delchev, to the National Assembly of Bulgaria (June 24, 1914) for granting a pension!",neutral,negative,neutral,negative,0.8,neutral,0.85,5,neutral,2,False,3,0.6,True,False,True,False,True,"NLPTown, Gemma"
UgyWkxLv3jcVGBcVGnR4AaABAg.9bPhHSGQPhY9uoBMb13eWr,<USER>........6o d -- i -- b -- e -- k.,neutral,negative,neutral,negative,0.8,negative,1.0,5,negative,2,False,3,0.6,False,True,False,True,True,"CardiffNLP, BERTweet"
UgzZ9CYtkC2KwgsAM2V4AaABAg,VETO until you wake up from being brainwashed,negative,negative,negative,negative,0.8,negative,0.95,5,negative,1,True,5,1.0,True,True,True,True,True,
UgzZ9CYtkC2KwgsAM2V4AaABAg.9b8TmFBJ6r49b8aKV1pTdO,The Bulgarians are a Tatar-Mongol people,negative,neutral,neutral,negative,0.8,neutral,1.0,5,neutral,2,False,3,0.6,False,True,True,False,True,"CardiffNLP, Gemma"
UgzZ9CYtkC2KwgsAM2V4AaABAg.9b8TmFBJ6r49b8gCFyPQ5p,"<USER> if you are not Bulgarian, please write in Albanian or Greek",neutral,negative,neutral,negative,0.8,negative,0.95,5,negative,2,False,3,0.6,False,True,False,True,True,"CardiffNLP, BERTweet"
UgzZ9CYtkC2KwgsAM2V4AaABAg.9b8TmFBJ6r49b8mrkopOrD,"<USER> If you are not Turkish, please write in Mongolian or Tatar.",neutral,negative,neutral,negative,0.8,negative,0.95,5,negative,2,False,3,0.6,False,True,False,True,True,"CardiffNLP, BERTweet"
UgzZ9CYtkC2KwgsAM2V4AaABAg.9b8TmFBJ6r49uoBmI1QBs7,<USER> ......... eats both z'uto and green. j sds kenef.,neutral,positive,neutral,neutral,0.74,negative,0.95,5,neutral,3,False,3,0.6,True,False,True,True,False,"NLPTown, Llama"
Ugx1wMRkx8Zd-a7ZZgp4AaABAg,The French presidency with the Mazroncetone seems to be going back,negative,neutral,neutral,negative,0.7,neutral,0.85,5,neutral,2,False,3,0.6,False,True,True,False,True,"CardiffNLP, Gemma"
UgxWCLGrTBGPRnFaGbR4AaABAg,Why are you Hey 😈?,neutral,negative,neutral,negative,0.8,negative,0.9,5,negative,2,False,3,0.6,False,True,False,True,True,"CardiffNLP, BERTweet"
Ugwj0KpuKe2jrGJAuTN4AaABAg,Quitting the eu immediately!!!,negative,negative,negative,negative,0.8,negative,1.0,5,negative,1,True,5,1.0,True,True,True,True,True,
Ugwj0KpuKe2jrGJAuTN4AaABAg.9chKjXsYn8f9chPzSpuN8G,*FREEDOM AND INDEPENDENCE*,negative,positive,positive,positive,0.85,positive,1.0,5,positive,2,False,4,0.8,False,True,True,True,True,CardiffNLP
Ugwj0KpuKe2jrGJAuTN4AaABAg.9chKjXsYn8f9cheG5u1vAi,<USER> All for a free Serbian banovina.,neutral,positive,neutral,negative,0.8,positive,0.95,5,,3,False,0,0.0,False,False,False,False,False,
Ugwj0KpuKe2jrGJAuTN4AaABAg.9chKjXsYn8f9chjoq_0-qp,You will accept the conditions and you will play,neutral,positive,neutral,negative,0.8,positive,0.95,5,,3,False,0,0.0,False,False,False,False,False,
Ugwj0KpuKe2jrGJAuTN4AaABAg.9chKjXsYn8f9chkLUM9Vic,<USER> no one accepted even the most left 🤣🤣🤣,negative,negative,negative,negative,0.8,negative,0.95,5,negative,1,True,5,1.0,True,True,True,True,True,
Ugwj0KpuKe2jrGJAuTN4AaABAg.9chKjXsYn8f9chm5JyqMvN,"<USER> there's time, nobody's in a hurry ;)",neutral,positive,neutral,neutral,0.78,neutral,0.85,5,neutral,2,False,4,0.8,True,False,True,True,True,NLPTown
Ugwj0KpuKe2jrGJAuTN4AaABAg.9chKjXsYn8f9chmY3z76Tn,<USER> wait 🤣,neutral,negative,neutral,neutral,0.74,positive,0.95,5,neutral,3,False,3,0.6,True,False,True,True,False,"NLPTown, Llama"
Ugwj0KpuKe2jrGJAuTN4AaABAg.9chKjXsYn8f9cjGvo1nlt9,<USER> And you wait.,neutral,neutral,neutral,negative,0.7,negative,0.9,5,neutral,2,False,3,0.6,True,True,True,False,False,"Gemma, Llama"
Ugwj0KpuKe2jrGJAuTN4AaABAg.9chKjXsYn8f9cjHNT_tAYk,<USER> we will not join the EU if it does not accept the Macedonian referendum,negative,negative,negative,negative,0.75,negative,0.9,5,negative,1,True,5,1.0,True,True,True,True,True,
Ugwj0KpuKe2jrGJAuTN4AaABAg.9chKjXsYn8f9cjIYmCfIeU,Get your money back and shake your head!,neutral,negative,negative,negative,0.8,negative,0.95,5,negative,2,False,4,0.8,False,True,True,True,True,CardiffNLP
Ugwj0KpuKe2jrGJAuTN4AaABAg.9chKjXsYn8f9cjJVS9Wxv5,"<USER> sorry, I let you instead of the Bulgarian, so it's better not to be in the EU AND THEY are promoting Macedonia. 17 years and nothing And Ukraine is all Russian and they took it together with Moldova. Putin will continue to wave, we will come to an end, they say 3 billion people will starve with the war.",negative,negative,negative,negative,0.75,negative,0.85,5,negative,1,True,5,1.0,True,True,True,True,True,
Ugwj0KpuKe2jrGJAuTN4AaABAg.9chKjXsYn8f9cje6-6-2Ok,"<USER> you don't want it, but Kovacho and Micko do 💰.",neutral,neutral,neutral,negative,0.8,negative,0.9,5,neutral,2,False,3,0.6,True,True,True,False,False,"Gemma, Llama"
Ugwj0KpuKe2jrGJAuTN4AaABAg.9chKjXsYn8f9ckZ1BVl2Dn,<USER> you will become a gypsy state,negative,negative,neutral,negative,0.8,negative,0.95,5,negative,2,False,4,0.8,True,True,False,True,True,BERTweet
Ugwj0KpuKe2jrGJAuTN4AaABAg.9chKjXsYn8f9wbgc80FPAH,<USER>........................ eat z'uto. j sds vc.,negative,negative,neutral,neutral,0.74,negative,0.95,5,negative,2,False,3,0.6,True,True,False,False,True,"BERTweet, Gemma"
Ugxto6KFuyLdQUwP-9l4AaABAg,I congratulate Macron today on the separation of Albania and RSM.,positive,positive,positive,negative,0.8,positive,0.95,5,positive,2,False,4,0.8,True,True,True,False,True,Gemma
UgwyOrAMQALqIaewBXl4AaABAg,"World War II in Yugoslavia Macedonia Only 81 killed Macedonian partisans for the period 1941-1944. Final operations for the liberation of Macedonia Under the leadership of the new Bulgarian pro-Soviet government, four Bulgarian armies, 455,000 strong in total, were mobilized and reorganized. By the end of September, the Red Army 3rd Ukrainian Front troops were concentrated at the Bulgarian-Yugoslav border. In the early October 1944 three Bulgarian armies, consisting of around 340,000-man,[55] together with the Red Army reentered occupied Yugoslavia and moved from Sofia to Nis, Skopje and Pristina to block the German forces withdrawing from Greece.[56][57] In Macedonia the Bulgarians operated in conjunction with the fighters of the MNLA, but this operation did not proceed without difficulties.[58] From October 8 to November 19, the Stracin – Kumanovo operation was held and Kratovo, Kriva Palanka, Kumanovo and Skopje[59] were taken. At the same time the Bregalnica – Strumica operation was led, and the Wehrmacht was driven from the villages of Delchevo, Kočani, Stip, Strumica and Veles.[60] Southern and Eastern Serbia, Kosovo and Vardar Macedonia were liberated by the end of November.[61][62] The 3rd Ukrainian Front in collaboration with the People's Liberation Army of Yugoslavia and the Bulgarian People's Army carried out the Belgrade Offensive. The 130,000-strong Bulgarian First Army continued to Hungary, driving off the Germans, while the rest moved back to Bulgaria. On a series of maps from Army Group E, showing its withdrawal through Macedonia and Southern Serbia, as well as in the memoirs of its chief of staff, there is almost no indication of Yugoslav Partisan units, but only Bulgarian divisions. Despite these faces, the contribution of Bulgarian troops is still much debated in the Republic of Macedonia for political reasons.[63][64] <URL> War and Revolution in Yugoslavia, 1941–1945: Occupation and Collaboration, Jozo Tomasevic, Stanford University Press, 2001, ISBN 0-8047-3615-4, pp. 751–752. <URL> Casualties 1941-1945 <URL> Macedonia in the National Liberation Struggle In total, in Vardar Macedonia from 1941 to November 1944, about 24,000[1] people died, including: 7,000 Jews, 6,000 Serbs, 6,000 Macedonians, 4,000 Albanians and 1,000 Bulgarians.[2] About 3,000 ""collaborators"", ""counter-revolutionaries"" and civilian victims are included here. Jews mostly suffered in concentration camps, and about 14,000 people suffered in the struggle, of which 5,000 Macedonians. <URL> Apostolski - the army of the Patriotic Front of Bulgaria was actively involved in the final operations of the anti-fascist battle, and the Second Patriotic Front Bulgarian Army participated in the operation to liberate Skopje <URL> Svetozar Vukmanovic - Tempo Macedonia <URL> <URL> November 13, 1944 (Monday) The Bulgarian 1st Army captured Skopje. [15] The Japanese destroyers Akebono, Akishimo, Hatsuharu and Kiso were all bombed and sunk by the US. Navy aircraft in and around the Cavite Naval Yard in Manila, while the destroyer Okinawa was sunk 8 nautical miles west of the city. Japanese Submarine I-12 Was Hedgehogd and Sunk East of Hawaii by American Warships . Civil Air Service returned to London for the first time in September 1939.[5] <URL> Stone & Stone Books War Diary November 13, 1944 (Monday) Russian Front Finnish Forces Capture Inari in Northern Finland Arctic Front, June 1941 - May 1945 German Forces Withdraw from Skopje as Bulgarian 1st Army Advances Southern Flank of the Russian Front, 1944-1945 Bulgarian 1st Army captures Skopje Southern flank of the Russian Front, 1944-1945 <URL> Zaev did not speak by heart, Tito personally made a pact with the Bulgarian army for the liberation of Macedonia <URL> Stracin-Kumanovo operation <URL> Nis operation <URL> Kosovo Operation (1944) <URL> The Belgrade Offensive or the Belgrade Strategic Offensive Operation (Serbian: Београдска опереция / Београдска опереция; Russian: Белоградская стратегическая наспательная опереция, Белоградская стратегическая наспательная опереция) (September 15, 1944 – November 24, 1944)[6] was a military operation during World War II in Yugoslavia in which Belgrade was liberated from the German Wehrmacht through the joint effort of the Soviet Red Army, Yugoslav Partisans, and the Bulgarian Army.[7] <URL> bulgarian army world war 2 <URL> <URL> In the last week of October the Russians and Bulgarians made strong bids to take Kraljevo and Skopje. Having the troops to spare and the railroad, Loehr could meet the challenge, if in both places none too soon. On November 2, Army Group E stopped the Russians at Kraljevo and in the next several days halted the Bulgarians east of Skopje. The success of the withdrawal through Macedonia was then assured. 31 North of Skopje the army group would have to weather onto poorer roads, but it would be compared to the almost certain disaster of a winter march through the coastal mountains. Again Veitch's chief handicap was his own earlier indecision; he had potential reserves but no prospect of bringing them to bear in time. Army Group E's withdrawal had gone without a hitch through mid-November. Then, on the 18th, the Bulgarian Second Army had opened a strong attack north of Skopje. Again Veitch's chief handicap was his own earlier indecision; he had potential reserves but no prospect of bringing them to bear in time. Army Group E's withdrawal had gone without a hitch through mid-November. Then, on the 18th, the Bulgarian Second Army had opened a strong attack north of Skopje. The next day Balkan Air Force bombers had destroyed the Drina bridge at Visegrad, backing up truck and troop columns eighty five miles east to Kraljevo. In Albania strong partisan unit hemmed KSKSI Mountain Corps in on all sides as it tried to join the retreat. Army Group E had to put back into its own front some of the troops it had intended to release, and the rest were stalled in central Yugoslavia 200 miles and more from where they could do another year. <URL> Tito, Mikhailovich, and the Allies, 1941-1945 By Walter R. Roberts The Macedonian Partisans were not very numerous or active either. The majority of Macedonians apparently did not consider themselves ethnically Serbs but Bulgarians and, whether Communist or not, wanted to be united with their brothers.. . <URL>",neutral,negative,neutral,neutral,0.81,neutral,0.93,5,neutral,2,False,4,0.8,True,False,True,True,True,NLPTown
UgwyOrAMQALqIaewBXl4AaABAg.9coS2eALsTa9wbgSzzg3nt,Bulgarian fascists. German fascists. CRAZIES.,negative,negative,negative,negative,0.8,negative,1.0,5,negative,1,True,5,1.0,True,True,True,True,True,
UgyXkxI-aceiTvj2hZ14AaABAg,"Macedonia is Bulgaria, you are not Macedonia, you are NORTH MACEDONIA. 😂😂😂😂😂😂",neutral,negative,neutral,negative,0.8,negative,0.95,5,negative,2,False,3,0.6,False,True,False,True,True,"CardiffNLP, BERTweet"
UgyXkxI-aceiTvj2hZ14AaABAg.9chdzijiacf9cj-28WARaf,"We have nothing to do with Fascists, the Bulgarians can let the Macedonians eat our cock, let you enjoy the sweet food",neutral,positive,negative,negative,0.8,negative,0.95,5,negative,3,False,3,0.6,False,False,True,True,True,"CardiffNLP, NLPTown"
UgyXkxI-aceiTvj2hZ14AaABAg.9chdzijiacf9cjGfBVGamX,Eat Shit 100kg.,negative,negative,negative,negative,0.9,negative,1.0,5,negative,1,True,5,1.0,True,True,True,True,True,
UgyXkxI-aceiTvj2hZ14AaABAg.9chdzijiacf9ckYvdu-f0n,"you are not Bulgarians,..............you are Asians",negative,negative,negative,negative,0.8,negative,1.0,5,negative,1,True,5,1.0,True,True,True,True,True,
UgyXkxI-aceiTvj2hZ14AaABAg.9chdzijiacf9cn6Ae4R1xo,<USER> and you are the heir of Bulgarians,neutral,positive,neutral,negative,0.8,negative,0.95,5,,3,False,0,0.0,False,False,False,False,False,
UgyXkxI-aceiTvj2hZ14AaABAg.9chdzijiacf9cqQ2ZYRTc9,"Go back to the Tatar tribe stealing history does not make history. If it's not Soros, you'll sell yourself for money again 😅🤣😆😂",negative,negative,negative,negative,0.8,negative,0.95,5,negative,1,True,5,1.0,True,True,True,True,True,
UgyXkxI-aceiTvj2hZ14AaABAg.9chdzijiacf9wbgknPAUHF,<USER> TATIANA MAKEDONKA. ox @.,neutral,negative,neutral,neutral,0.78,neutral,1.0,5,neutral,2,False,4,0.8,True,False,True,True,True,NLPTown
UgwVshT5Q-mCSRnKHVR4AaABAg,long live the banovina,positive,positive,positive,positive,0.95,positive,0.95,5,positive,1,True,5,1.0,True,True,True,True,True,
UgwVshT5Q-mCSRnKHVR4AaABAg.9chjqlyZ0549wbh4x9Plt3,@...9307 disgusting. ........ j Danube.,negative,negative,negative,negative,0.8,negative,1.0,5,negative,1,True,5,1.0,True,True,True,True,True,
Ugx4VvM02cCXFqdAb5N4AaABAg,"Bulgarian labor love is rarely found in other nations; it has ennobled us; that was, is, and still awaits our salvation. Autobiography. От Гр. S. Парличева. (1830-1892).",positive,positive,positive,positive,0.85,positive,1.0,5,positive,1,True,5,1.0,True,True,True,True,True,
Ugx4VvM02cCXFqdAb5N4AaABAg.9enjMHFw9v-9x7G4ldZtla,GRIGOR BORN 1830 in Ohrid -- MACEDONIA. GRIGOR PRLIC'EV IS A MACEDONIAN.,neutral,neutral,neutral,neutral,0.65,positive,1.0,5,neutral,2,False,4,0.8,True,True,True,True,False,Llama
UgyiLIT3Bt1nidYGRxB4AaABAg,"... Not under the ""dictation"" of the ""Bulgarians"", but under the ""dictation"" of ... THE FACTS ...👍 ...",neutral,neutral,neutral,positive,0.85,positive,0.95,5,neutral,2,False,3,0.6,True,True,True,False,False,"Gemma, Llama"
UgyiLIT3Bt1nidYGRxB4AaABAg.9enpyheQRZS9kKaQwr5gcD,Bulgaria the greatest,positive,positive,positive,positive,0.95,positive,0.95,5,positive,1,True,5,1.0,True,True,True,True,True,
UgyiLIT3Bt1nidYGRxB4AaABAg.9enpyheQRZS9x7FFPzAR55,<USER> ...................... great. eat z'uto. j bg vc.,positive,positive,positive,neutral,0.78,negative,0.95,5,positive,3,False,3,0.6,True,True,True,False,False,"Gemma, Llama"
UgxjOzOh3xkmxS499lZ4AaABAg,"Everyone can define themselves as they want, even as an alien and, accordingly, identify their language in the same way. However, the right to self-determination belongs to the living. No one gives them the right to change the declared identity of the dead, who have been defined as Bulgarians for twelve centuries. The Bitola tablet of Tsar John Vladislav (he is the son of Aaron, Samuel's brother) from 1015, exhibited in the museum in Bitola, in which Samuel's grandson is called ""Bulgarian autocrat"" and ""Bulgarian born"", who rebuilt the Bitola fortress ""for refuge and salvation and for the life of the Bulgarians"". Another indisputable fact is a letter from Gotse Delchev to Nikola Maleshevski (January 5, 1899), written in literary Bulgarian: ""It's unfortunate, but what can we do when we are Bulgarians and we all suffer from the same disease."" Or the existing request of Nikola Delchev, father of Gotse Delchev, to the National Assembly of Bulgaria (June 24, 1914) for granting a pension!",neutral,negative,neutral,negative,0.8,negative,0.95,5,negative,2,False,3,0.6,False,True,False,True,True,"CardiffNLP, BERTweet"
UgxjOzOh3xkmxS499lZ4AaABAg.9end8tPguMw9ep9dBmJ2Fq,"So then as well as today. Until yesterday a Macedonian, from today an Albanian, for the sake of personal interest. When the Macedonians did not have a state, it is normal to respect them and obey the laws of that state. Otherwise, there is no job, no pension, no life. Like today's Macedonians, not that they feel Bulgarian, but because of the passport they sell their identity, a place to fight to preserve the country. Souls have been and will be sold. They don't deserve a state.😭😢",negative,negative,neutral,negative,0.8,negative,0.95,5,negative,2,False,4,0.8,True,True,False,True,True,BERTweet
UgxjOzOh3xkmxS499lZ4AaABAg.9end8tPguMw9x7FRdPnqzk,1872 GOCE DELC'EV BORN in Kukus' -- MACEDONIA. GOCE DELC'EV IS A MACEDONIAN.,neutral,negative,neutral,neutral,0.78,positive,1.0,5,neutral,3,False,3,0.6,True,False,True,True,False,"NLPTown, Llama"
UgwU6kBm1GxSZriYpoV4AaABAg,The truth will set you free from your troubles,neutral,positive,positive,positive,0.85,positive,0.95,5,positive,2,False,4,0.8,False,True,True,True,True,CardiffNLP
UgwU6kBm1GxSZriYpoV4AaABAg.9eqWbhAuldX9x7FaZlvEJI,TRUE!! MACEDONIAN PEOPLE 25TH CENTURY by PHILIP KING. others - junk.,negative,negative,neutral,negative,0.85,negative,0.95,5,negative,2,False,4,0.8,True,True,False,True,True,BERTweet
UgwU6kBm1GxSZriYpoV4AaABAg.9eqWbhAuldX9x7Ve6AJfRF,"<USER> Yes, yes, Jesus Christ is also Macedonian, you have a great fear of the truth..",negative,negative,neutral,negative,0.8,negative,0.95,5,negative,2,False,4,0.8,True,True,False,True,True,BERTweet
UgzG58zvy3kxpSGWkrd4AaABAg,"Hello, Bulgaria should be banned from discussion.",negative,negative,negative,negative,0.8,negative,0.95,5,negative,1,True,5,1.0,True,True,True,True,True,
UgyIt5qqpTRDCEmfUeV4AaABAg,APASHIIIIIIIII NO CHEEK,negative,negative,neutral,negative,0.8,negative,1.0,5,negative,2,False,4,0.8,True,True,False,True,True,BERTweet
UgyIt5qqpTRDCEmfUeV4AaABAg.9epNWl98xbD9ephgbO-sDB,"Apaches are the ones who steal BULGARIAN HISTORY, HEROES AND SABBITIA",negative,positive,negative,negative,0.8,negative,0.99,5,negative,2,False,4,0.8,True,False,True,True,True,NLPTown
UgyIt5qqpTRDCEmfUeV4AaABAg.9epNWl98xbD9epsUFuUyOQ,...,neutral,neutral,neutral,negative,0.6,negative,0.75,5,neutral,2,False,3,0.6,True,True,True,False,False,"Gemma, Llama"
UgxdYrjXmWcwEX1Rynt4AaABAg,We are all for the veto.,positive,negative,positive,positive,0.85,positive,0.95,5,positive,2,False,4,0.8,True,False,True,True,True,NLPTown
UgxmdoySSEnqmBTZi-B4AaABAg,"Milovan Djilas in front of 7000 people in NDK Sofia, 1990. He admits that he signed the decree for the creation of the Macedonian language and alphabet!",neutral,positive,positive,negative,0.75,positive,1.0,5,positive,3,False,3,0.6,False,True,True,False,True,"CardiffNLP, Gemma"
UgzxI2371SbEbC2fsD54AaABAg,Big bastard,negative,positive,negative,negative,0.8,negative,1.0,5,negative,2,False,4,0.8,True,False,True,True,True,NLPTown
UgxW1-VK6UQ8m3kpeWx4AaABAg,Whoever wins the Canadian fight between Zaev and Borisov takes Macedonia. This is the annex to the agreement.,neutral,positive,neutral,neutral,0.7,negative,0.95,5,neutral,3,False,3,0.6,True,False,True,True,False,"NLPTown, Llama"
UgxVM9_w9wrpihJRO0l4AaABAg,That's all there is to talk about,neutral,neutral,neutral,negative,0.7,negative,0.9,5,neutral,2,False,3,0.6,True,True,True,False,False,"Gemma, Llama"
UgzmOyUppgf49eCXIGZ4AaABAg,There is no way that Macedonia will remain Macedonia,negative,negative,negative,negative,0.7,negative,0.95,5,negative,1,True,5,1.0,True,True,True,True,True,
UgwgeciRyVaIpaO6uE94AaABAg,Only seedless pumpkins have Bulgarian roots👍...,neutral,negative,neutral,positive,0.95,positive,0.95,5,,3,False,0,0.0,False,False,False,False,False,
Ugw44JEVluxN9zcuH594AaABAg,Shapkar should visit psychiatry in Australia...,neutral,negative,neutral,negative,0.8,negative,0.95,5,negative,2,False,3,0.6,False,True,False,True,True,"CardiffNLP, BERTweet"
UgyVnUDgt4Jw7yyB7Wl4AaABAg,Official language of Romania (Byzantium was never called) Peter was Latin. Theodosius allowed by edict translation into other languages...,neutral,negative,neutral,neutral,0.65,neutral,0.95,5,neutral,2,False,4,0.8,True,False,True,True,True,NLPTown
Ugx1qyI2IZLEElhjZRh4AaABAg,"In the second part, you got hold of the Hellenes. The name Hellenes is mentioned by Homer as a small tribe. Today, Hellenes from Antiquity refers to many different terms and local names. Myonians, Mycenaeans, Achaeans, Danaans, Athenians are all terms for a population that came to the Mediterranean from the Caucasus through Asia Minor.",neutral,positive,neutral,neutral,0.78,neutral,1.0,5,neutral,2,False,4,0.8,True,False,True,True,True,NLPTown
UgxyWl-A2UCwSU_dmNl4AaABAg,A more stupid man than Goce will not be born,negative,negative,negative,negative,0.8,negative,1.0,5,negative,1,True,5,1.0,True,True,True,True,True,
UgyMYs1zsy0EYVmPpeV4AaABAg,"Right cannot arise from wrong. The agreement with Greece has not been legally adopted. Zosto Constitutional Court moths. Simply, it is not a legal institution, but a political one? The composition is not made up of top lawyers, but chosen by party. Pendarovski admitted to himself that the party names were submitted to me!?",negative,negative,neutral,negative,0.75,negative,0.94,5,negative,2,False,4,0.8,True,True,False,True,True,BERTweet
UgxfBPsp6tZjOoq1PyN4AaABAg,"Romanians lived in Romania. Constantinople, Constantinople, Istanbul were called New Roma during Romania. Today's Romania has its name because the Phanariots from Fanar wanted to return Romania. They were prevented by a western noble founder of Romania. Read about Sultana and the Fanar uprising ....",negative,negative,neutral,negative,0.8,neutral,0.85,5,negative,2,False,3,0.6,True,True,False,True,False,"BERTweet, Llama"
Ugxs4gcHPMJv-hT0jk94AaABAg,"The Greeks, unlike the Hellenes, lived in the south of the Apennine peninsula. Even today there are some of them and they are called Greco. They speak Greek with a mixture of Latin. There it was called Magna Graecia or Great Greece.",neutral,positive,neutral,neutral,0.78,neutral,1.0,5,neutral,2,False,4,0.8,True,False,True,True,True,NLPTown
UgxUA-dtx_RjjKhkelB4AaABAg,Gjulistana Markovska - empress!,positive,positive,neutral,positive,0.98,positive,0.95,5,positive,2,False,4,0.8,True,True,False,True,True,BERTweet
UgwiKiksBdyRgqiuDyl4AaABAg,"That's right, Mladen, everyone we see has thrown ashes in our eyes. Some have been released, some have been convicted",negative,negative,neutral,negative,0.75,negative,0.9,5,negative,2,False,4,0.8,True,True,False,True,True,BERTweet
Ugy_Z3-8tDv1O7czuhJ4AaABAg,Well done Taravari kazimu on this hoof,positive,positive,positive,negative,0.8,positive,0.95,5,positive,2,False,4,0.8,True,True,True,False,True,Gemma
UgyiuejXBq3ECGMCICh4AaABAg,I wonder who Pavle chose you as the chairman of this commission 👎👎,negative,positive,neutral,negative,0.8,negative,0.95,5,negative,3,False,3,0.6,True,False,False,True,True,"NLPTown, BERTweet"
Ugy1ieLjxhENMnFK--N4AaABAg,"If possible, you can change this Turkism aber. Somehow it doesn't look like it. Regards.",negative,neutral,negative,negative,0.8,neutral,0.85,5,negative,2,False,3,0.6,True,False,True,True,False,"NLPTown, Llama"
Ugy1ieLjxhENMnFK--N4AaABAg.AMnlZ4AeF7zAMnt7ZaT_eJ,Tell me how it is in Macedonian?,neutral,negative,neutral,neutral,0.7,neutral,1.0,5,neutral,2,False,4,0.8,True,False,True,True,True,NLPTown
Ugy1ieLjxhENMnFK--N4AaABAg.AMnlZ4AeF7zAMoGQSsJ2qI,@Desna24 It's a shame that you don't know how it is in Macedonian.,negative,negative,negative,negative,0.8,negative,0.9,5,negative,1,True,5,1.0,True,True,True,True,True,
UgxAGJagh1cKHv_WnaN4AaABAg,Never in the EU,negative,negative,negative,negative,0.7,negative,0.95,5,negative,1,True,5,1.0,True,True,True,True,True,
Ugz5q_N2IkBsQur3dfJ4AaABAg,Find yourself a better name.,neutral,negative,positive,negative,0.8,negative,1.0,5,negative,3,False,3,0.6,False,True,False,True,True,"CardiffNLP, BERTweet"
Ugz5q_N2IkBsQur3dfJ4AaABAg.AMPv5uwruNzAMPwtKS_L5M,What should we find a name for?,neutral,negative,neutral,neutral,0.7,neutral,1.0,5,neutral,2,False,4,0.8,True,False,True,True,True,NLPTown
Ugz5q_N2IkBsQur3dfJ4AaABAg.AMPv5uwruNzAMSdCul4WYb,<USER> refused him nonsense.,negative,negative,negative,negative,0.7,negative,1.0,5,negative,1,True,5,1.0,True,True,True,True,True,
UgzgmOZQ6Ldklrac1bl4AaABAg,"Not only in the region, in the whole world. The universe will collapse if the north is not part of NATO.",negative,positive,negative,negative,0.8,negative,0.95,5,negative,2,False,4,0.8,True,False,True,True,True,NLPTown
UgzgmOZQ6Ldklrac1bl4AaABAg.9jPXLl8WZDl9vx38LI7PM8,<USER>....4k scumbags. .......... j Black Sea.,negative,negative,neutral,negative,0.8,negative,1.0,5,negative,2,False,4,0.8,True,True,False,True,True,BERTweet
Ugwf9PTPSIG4jmOTjuZ4AaABAg,Hahahahs cccccccc who are you lying to? Americans will use us for their purposes!,negative,positive,negative,negative,0.8,negative,0.95,5,negative,2,False,4,0.8,True,False,True,True,True,NLPTown
UgyvyB8nFOxEOuhhZH14AaABAg,"It's good that Severdjistan entered the alliance, what are we supposed to do otherwise? 🤣🤣🤣 65 soldiers is a big force!!",positive,positive,positive,positive,0.82,positive,0.95,5,positive,1,True,5,1.0,True,True,True,True,True,
UgyvyB8nFOxEOuhhZH14AaABAg.9jOQL6X-aX79vx3UmgHLay,@......2482 bark. ................. j bg s'upa.,negative,negative,neutral,negative,0.8,negative,0.95,5,negative,2,False,4,0.8,True,True,False,True,True,BERTweet
UgwWDuwd2TAKHStU-gp4AaABAg,"Well, come on, you're accepting it, isn't it France, friends 🤣🇧🇬🇧🇬🇧🇬",positive,neutral,neutral,neutral,0.7,negative,0.95,5,neutral,3,False,3,0.6,False,True,True,True,False,"CardiffNLP, Llama"
UgxQCH8MMTygkX1Moyd4AaABAg,"In the EU, Western Balkans with Albania, Macedonia, Serbia, C. Gora and Bosnia without discrimination...",neutral,negative,neutral,neutral,0.78,positive,0.95,5,neutral,3,False,3,0.6,True,False,True,True,False,"NLPTown, Llama"
UgxQCH8MMTygkX1Moyd4AaABAg.9cav-7EIk0S9cbMaEWmv4-,You are almost to Anatolia.,negative,neutral,neutral,neutral,0.8,neutral,1.0,5,neutral,2,False,4,0.8,False,True,True,True,True,CardiffNLP
UgyyH41Dkl4b-kwxr-t4AaABAg,To prohibit the import and use of flammable and light props,negative,negative,neutral,negative,0.8,negative,0.9,5,negative,2,False,4,0.8,True,True,False,True,True,BERTweet
UgyyH41Dkl4b-kwxr-t4AaABAg.8nQ3YzInPXk8nQ90G7IgEg,"Yonce Celeski and whatever they achieve, they will shove in their mouths so that they don't shout, insult and spread multinational hatred, only respect for the laws and whoever breaks them, give him rigorous punishments and even prison, regardless of who he is and from which fan group he is. Let the police lead, let the Albanians be punished and you will see that Brussels will start crying and not the Albanian politicians. The laws are to punish the Macedonians and the privileges are for the Albanians to enjoy!",negative,positive,negative,negative,0.5,negative,0.95,5,negative,2,False,4,0.8,True,False,True,True,True,NLPTown
Ugw_ZKUeS6kUSFqSUbh4AaABAg,👍👍👍👏👏👏,positive,positive,neutral,positive,0.98,positive,0.95,5,positive,2,False,4,0.8,True,True,False,True,True,BERTweet
UgzIsWfjpDaTyqNMsEB4AaABAg,"And since we benefit from NATO, we will have to pay and the army to work, God forbid it dies for the benefit of America.",negative,negative,negative,negative,0.8,negative,0.95,5,negative,1,True,5,1.0,True,True,True,True,True,
Ugwijjic2UPQo-BFSnp4AaABAg,met 3 times???? And did Ajvar Mamas take it? And did you talk in English??? It is your mother tongue,neutral,negative,neutral,negative,0.7,negative,0.95,5,negative,2,False,3,0.6,False,True,False,True,True,"CardiffNLP, BERTweet"
UgwYEY6Z7aFY-OBazHp4AaABAg,TELL US WHAT THE JUDGE'S ORDER IS FOR TRYING AN IMMIGRANT'S CRIMINAL OFFENSE BEFORE THE COURT,negative,negative,neutral,negative,0.75,neutral,0.95,5,negative,2,False,3,0.6,True,True,False,True,False,"BERTweet, Llama"
UgwO6lW7HtViuHNoHrh4AaABAg,"LORD, IF YOU DON'T PAY MY DAMAGES, MATERIAL, IMMORTAL, AND THE INTEREST, YOU DON'T HAVE ANY DAMAGES, WHY ARE YOU GOING?",negative,negative,negative,negative,0.8,negative,0.99,5,negative,1,True,5,1.0,True,True,True,True,True,
UgwBaDRxhJLPGLM13-14AaABAg,"Well, you are all traitors, VMRO AND SDS, why don't you like Russia",negative,negative,negative,negative,0.8,negative,1.0,5,negative,1,True,5,1.0,True,True,True,True,True,
UgwlRWJfkNJfPutuPel4AaABAg,"First admission to the EU, we are not in a hurry to join NATO...",neutral,negative,neutral,negative,0.7,neutral,0.85,5,neutral,2,False,3,0.6,True,False,True,False,True,"NLPTown, Gemma"
Ugw7ZKlkUjyVaD-y_zJ4AaABAg,"Of course Kovacevski got to the hospital because of political stress. Zaev didn't have stress because he didn't have the brain to understand what happened, he had no idea if those contracts were useful or harmful. He is not aware of anything because he was not in his senses so that he could understand what could happen.",negative,negative,negative,negative,0.8,negative,0.95,5,negative,1,True,5,1.0,True,True,True,True,True,
UgyDJ4dzjO8felK56it4AaABAg,"Aegean Macedonians don't hate Greece, they just want to come home to Macedonia..regards...",negative,negative,neutral,positive,0.7879,positive,0.95,5,,3,False,0,0.0,False,False,False,False,False,
UgzTKO_nTsXUl3vh9TV4AaABAg,"In fact, the school would be called ""North Macedonia"" So if they want to name it, it's better not to name it at all. Either only Macedonia or nothing",neutral,negative,neutral,negative,0.72,negative,0.95,5,negative,2,False,3,0.6,False,True,False,True,True,"CardiffNLP, BERTweet"
UgytJtVhqa6Flw7tw6R4AaABAg,Ya💖R.Macedonia💖The End,neutral,negative,neutral,positive,0.98,positive,0.95,5,,3,False,0,0.0,False,False,False,False,False,
UgxANBWMapDD8Awg4Fd4AaABAg,"Well done Prof. Dr. Vesna, Thank you for your knowledge of history and the truth about the Macedonian language and culture. Long live Macedonia and the Macedonian people.",positive,positive,positive,positive,0.85,positive,0.95,5,positive,1,True,5,1.0,True,True,True,True,True,
Ugx-TngUjLkzsG7O6F14AaABAg,"Excellent, excellent edition! We like it a lot. Thank you! 🌹",positive,positive,positive,positive,0.95,positive,0.95,5,positive,1,True,5,1.0,True,True,True,True,True,
Ugze5IoRKSpLchThe3B4AaABAg,"Well done for the professor and others like her. Proud Macedonians, Macedonia was and will be Macedonians' and no one else's. May it be eternal.",positive,positive,positive,positive,0.85,positive,0.95,5,positive,1,True,5,1.0,True,True,True,True,True,
UgwE6edgB4Qq0Qqh0054AaABAg,"Forward Macedonia, well done for the professor❤",positive,positive,positive,positive,0.85,positive,0.95,5,positive,1,True,5,1.0,True,True,True,True,True,
UgwojJSXgYfRFrtot8Z4AaABAg,"And why in the so-called ""Macedonian"" folk songs collected by the brothers NOwhere mentions ANY Macedonians, only BALGARIANS? Were some ""pan-Slavists"" singing them again? 😂😂. And since they wanted DEMEK's songs to be PANSLAVIST, why didn't they record RUSSIAN folk songs? Are you Serbian, Croatian, Ukrainian, and even BULGARIAN?? Are you defending unity with nonsense? 😮😂😂",negative,negative,negative,negative,0.8,negative,0.95,5,negative,1,True,5,1.0,True,True,True,True,True,
UgxJckhRUAx-ERSV2Dp4AaABAg,"Propaganda show without a gram of science, or with a lot of Serbo-Goslav ""science"", it will more and more find laughter in the holy, near and far!",positive,positive,negative,negative,0.8,negative,0.95,5,negative,2,False,3,0.6,False,False,True,True,True,"CardiffNLP, NLPTown"
UgzHMhyQqI42Rc1uzlZ4AaABAg,❤,positive,positive,neutral,positive,0.98,positive,1.0,5,positive,2,False,4,0.8,True,True,False,True,True,BERTweet
UgzHMhyQqI42Rc1uzlZ4AaABAg.AIelvT-DmFUAIfD3NIkFyw,FOREVER NORTH MACEDONIA...,neutral,positive,neutral,negative,0.8,positive,0.95,5,,3,False,0,0.0,False,False,False,False,False,
UgzHMhyQqI42Rc1uzlZ4AaABAg.AIelvT-DmFUAIfqYOWnkk3,<USER>-rv2bs ALWAYS MACEDONIA ! !,neutral,positive,positive,positive,0.95,positive,0.95,5,positive,2,False,4,0.8,False,True,True,True,True,CardiffNLP
UgzHMhyQqI42Rc1uzlZ4AaABAg.AIelvT-DmFUAIfr7IAdmbV,@tatjanavelkova5814 FOREVER NORTH MACEDONIA... FROM 2018...,neutral,positive,neutral,positive,0.85,positive,0.95,5,positive,2,False,3,0.6,False,True,False,True,True,"CardiffNLP, BERTweet"
UgzHMhyQqI42Rc1uzlZ4AaABAg.AIelvT-DmFUAIful8QmT4L,Forever Pirin Macedonia Aegean Macedonia Vardar Macedonia and Prespa United Macedonia ♥️♥️♥️♥️♥️♥️♥️♥️,positive,positive,neutral,positive,0.95,positive,0.95,5,positive,2,False,4,0.8,True,True,False,True,True,BERTweet
UgzHMhyQqI42Rc1uzlZ4AaABAg.AIelvT-DmFUAIfv8xje68g,"You Tatars don't care about the Macedonians. You can't even care about little Prost. You can only see Macedonia from afar. You are with us in Macedonia, Bulgarians, Tatars are at the bottom.",negative,negative,negative,negative,0.8,negative,1.0,5,negative,1,True,5,1.0,True,True,True,True,True,
UgzHMhyQqI42Rc1uzlZ4AaABAg.AIelvT-DmFUAIfwvs0ZQXT,@vangelijanikoloska2566 ALWAYS NORTH GERMANY... NEVER MACEDONIA....,neutral,negative,negative,negative,0.8,negative,1.0,5,negative,2,False,4,0.8,False,True,True,True,True,CardiffNLP
UgzHMhyQqI42Rc1uzlZ4AaABAg.AIelvT-DmFUAIfwyzZepGb,"@vangelijanikoloska2566 MYSIA, THRACIA AND MACEDONIA=MOTHER BULGARIA 🇧🇬❤️💪🇧🇬",neutral,positive,neutral,positive,0.85,positive,0.95,5,positive,2,False,3,0.6,False,True,False,True,True,"CardiffNLP, BERTweet"
UgzHMhyQqI42Rc1uzlZ4AaABAg.AIelvT-DmFUAIfx0-747uD,"@vangelijanikoloska2566PIRIN, FOREVER HONORED BY MOTHER BULGARIA 🇧🇬💪❤️🇧🇬",positive,positive,positive,positive,0.98,positive,0.95,5,positive,1,True,5,1.0,True,True,True,True,True,
UgzHMhyQqI42Rc1uzlZ4AaABAg.AIelvT-DmFUAIfxMUEnL7c,@vangelijanikoloska2566 RUN TO PRAY AT TARTAR SINAN MOSQUE... NOGAEVSKA MONGOLIA ... FROM NORTHERN TATARSTAN...,neutral,negative,neutral,negative,0.8,neutral,1.0,5,neutral,2,False,3,0.6,True,False,True,False,True,"NLPTown, Gemma"
UgySfcw6WNM40MCkLyV4AaABAg,Thank you. I liked you very much.🎉,positive,positive,positive,positive,0.98,positive,0.95,5,positive,1,True,5,1.0,True,True,True,True,True,
UgyEByxz58p6u9GeVU14AaABAg,"Congratulations professor. Macedonians are traumatized?! So how were they not traumatized in the previous 1300 years when they called themselves Bulgarians?! The diagnosis is correct, now we need to explain to them what happened 80 years ago to reach this diagnostic state.😊",negative,positive,negative,negative,0.8,negative,0.83,5,negative,2,False,4,0.8,True,False,True,True,True,NLPTown
UgwPpufEY4x2IdgjlaN4AaABAg,"THE DWARF from Nebregovo, according to Antonio Miloshoski, Blaže Koneski (Blagoj Konev) was raised as an orphan in Serbia and was endowed with the Serbianism of the Kingdom of Yugoslavia.",neutral,positive,neutral,negative,0.8,neutral,0.95,5,neutral,3,False,3,0.6,True,False,True,False,True,"NLPTown, Gemma"
UgwPpufEY4x2IdgjlaN4AaABAg.AIYUr9qCQa_AIch2Io1hHw,What kind of kingdom of Yugoslavia is a creation of Satan...,negative,negative,negative,negative,0.8,negative,1.0,5,negative,1,True,5,1.0,True,True,True,True,True,
UgwPpufEY4x2IdgjlaN4AaABAg.AIYUr9qCQa_AId8CdPgUOq,MACEDONIA -- 25 CENTURIES ! ! Yugoslavia before 30 years.. end.,negative,positive,neutral,negative,0.8,negative,0.95,5,negative,3,False,3,0.6,True,False,False,True,True,"NLPTown, BERTweet"
UgwPpufEY4x2IdgjlaN4AaABAg.AIYUr9qCQa_AIeoECCV-RZ,So how come now you call the Macedonians Bulgarians from Vardar Macedonia and Blaze Chinese You call him Serbian Nemozes he was born in Macedonia and from Macedonia he was born and was created Literary language like Hundred in other countries it's the same and the Russians made you a new language and script made up of Russian and old Macedonian your language from Khan Asparukh and Kubart is an extinct language from Khan Asparukh and Kubart in which language they spoke in oguri turkish asparuh language onuguri gouguri gogunduri angaudi that is bulgarian 😛😛😂😂,negative,negative,neutral,negative,0.8,negative,0.95,5,negative,2,False,4,0.8,True,True,False,True,True,BERTweet
UgwPpufEY4x2IdgjlaN4AaABAg.AIYUr9qCQa_AIfE8Dnv332,@tatjanavelkova5814 VIVA NORTH MACEDONIA... FROM 2018,positive,positive,neutral,positive,0.85,positive,0.95,5,positive,2,False,4,0.8,True,True,False,True,True,BERTweet
UgwPpufEY4x2IdgjlaN4AaABAg.AIYUr9qCQa_AIfEA99mqbE,@vangelijanikoloska2566 FOREVER NORTH MACEDONIA... FROM 2018,neutral,positive,neutral,negative,0.6,positive,0.95,5,,3,False,0,0.0,False,False,False,False,False,
UgwPpufEY4x2IdgjlaN4AaABAg.AIYUr9qCQa_AIfqeulP0hF,. MACEDONIA 25 CENTURIES from KING PHILIP! ! !,neutral,positive,positive,negative,0.8,positive,1.0,5,positive,3,False,3,0.6,False,True,True,False,True,"CardiffNLP, Gemma"
UgwPpufEY4x2IdgjlaN4AaABAg.AIYUr9qCQa_AIfr40hHKaI,LIES FROM A PROVEN FULLY PAID SEVERDZAN TROLL FROM NORTH MACEDONIA WITH RUSSIAN NAME TATJANA WHO SPEAKS A SERBINIZED DIALECT OF BULGARIAN LANGUAGE AND LITTLE ENGLISH...VIVA NORTH MACEDONIA,negative,negative,negative,negative,0.85,negative,0.95,5,negative,1,True,5,1.0,True,True,True,True,True,
UgwPpufEY4x2IdgjlaN4AaABAg.AIYUr9qCQa_AIfto9q-ufD,"Hello, Ivan, terrible Ivan, you say a hundred times that we are Tatars, that we are from here since the time of the apostle Paul, blessed Macedonians ❤️ Christians ♥️ and you Tatars came from the Great Bulgarian, today's Tatarstan, there are inscriptions written about the Bulgarian Tatars, how they accepted Islam, and there is the largest book of the Koran and how they were baptized and adopted the Slavic script, that is the Bulgarians, there is also an extra Museum for the Bulgarian Tatars who have settled in the 9-10th century in Danube Bulgaria 😂😂😮 Turkish product with Slavic language and script and Faith 😛😂😂 the Bulgarian Tatars 😅😅",neutral,negative,neutral,negative,0.75,negative,0.95,5,negative,2,False,3,0.6,False,True,False,True,True,"CardiffNLP, BERTweet"
UgwPpufEY4x2IdgjlaN4AaABAg.AIYUr9qCQa_AIftzeZV7GB,Arya Tataria Bulgaria greetings to all Tatars in this world especially to Tatars from neighboring Tatar Bulgaria fascist 😛🤣🤣🤣😅😅😅,positive,positive,neutral,negative,0.8,positive,0.95,5,positive,3,False,3,0.6,True,True,False,False,True,"BERTweet, Gemma"
UgwPpufEY4x2IdgjlaN4AaABAg.AIYUr9qCQa_AIfu_wFgaB6,"Hello Zlatko pomotskov, you are poisoned with Asian piss and Nobody is an orphan, he has a family in Macedonia and you are poisoned with horse piss from the horses with the tail of Khan Asparukh, you came to Europe with a language and script with a stolen Chinese calendar, we gave you a language, script and Vera Bre Tartars, damned enemies of the Macedonian people 😅😂😂primates lemurs from Asia 😂😂😂🎉🎉",negative,negative,negative,negative,0.8,negative,1.0,5,negative,1,True,5,1.0,True,True,True,True,True,
UgwPpufEY4x2IdgjlaN4AaABAg.AIYUr9qCQa_AIfyBNTKgiW,@vangelijanikoloska2566 ALWAYS NORTH GERMANY... NEVER MACEDONIA...,neutral,negative,negative,negative,0.8,negative,0.95,5,negative,2,False,4,0.8,False,True,True,True,True,CardiffNLP
UgwPpufEY4x2IdgjlaN4AaABAg.AIYUr9qCQa_AIfyIOhoo9O,"@vangelijanikoloska2566 MYSIA, THRACIA AND MACEDONIA=MOTHER BULGARIA 🇧🇬❤️💪🇧🇬",neutral,positive,neutral,positive,0.85,positive,0.95,5,positive,2,False,3,0.6,False,True,False,True,True,"CardiffNLP, BERTweet"
UgwPpufEY4x2IdgjlaN4AaABAg.AIYUr9qCQa_AIicQY6h-YB,<USER>-rv2bs MACEDONIA = MACEDONIA. 25 CENTURIES! ! !,neutral,positive,neutral,positive,0.85,positive,0.95,5,positive,2,False,3,0.6,False,True,False,True,True,"CardiffNLP, BERTweet"
UgwPpufEY4x2IdgjlaN4AaABAg.AIYUr9qCQa_AIjUXswbCn-,@tatjanavelkova5814 NORTH MACEDONIA=NORTH MACEDONIA... FROM 2018,neutral,positive,neutral,neutral,0.75,neutral,1.0,5,neutral,2,False,4,0.8,True,False,True,True,True,NLPTown
UgwPpufEY4x2IdgjlaN4AaABAg.AIYUr9qCQa_AIkuQ4P_jsh,<USER>-rv2bs MACEDONIA in SOUTH EUROPE! !,neutral,positive,neutral,positive,0.95,positive,0.95,5,positive,2,False,3,0.6,False,True,False,True,True,"CardiffNLP, BERTweet"
UgwPpufEY4x2IdgjlaN4AaABAg.AIYUr9qCQa_AIkxmM3Oz4X,@tatjanavelkova5814 FOREVER NORTH MACEDONIA... FROM 2018,neutral,positive,neutral,positive,0.85,positive,0.95,5,positive,2,False,3,0.6,False,True,False,True,True,"CardiffNLP, BERTweet"
UgwPpufEY4x2IdgjlaN4AaABAg.AIYUr9qCQa_AIldgtUR5w8,"@ИванИванов-рв2бсслави your Khan Asparukh And don't be ashamed, so-called Bulgarians, everything you have today was given to you by the Macedonian people (culture, tradition, customs and literacy), be grateful otherwise you would still be Muslims (not that it's bad)",negative,positive,neutral,negative,0.8,negative,0.94,5,negative,3,False,3,0.6,True,False,False,True,True,"NLPTown, BERTweet"
UgwPpufEY4x2IdgjlaN4AaABAg.AIYUr9qCQa_AImFPtlquoQ,"@MartsoPolo-mp Run away from praying in the Tatar SINAN TATAR mosque...Nogaev Mongolian...fake, fabricated and retarded....",negative,negative,negative,negative,0.8,negative,1.0,5,negative,1,True,5,1.0,True,True,True,True,True,
UgwPpufEY4x2IdgjlaN4AaABAg.AIYUr9qCQa_AJ3d5-y7CJP,@MarcoPolo-mp ALWAYS NORTHERN TATARSTAN....NEVER MACEDONIA...,neutral,negative,negative,negative,0.8,negative,0.95,5,negative,2,False,4,0.8,False,True,True,True,True,CardiffNLP
UgwPpufEY4x2IdgjlaN4AaABAg.AIYUr9qCQa_AJ6tYxVuDq8,<USER>-rv2bs FOREVER MACEDONIA ! ! !,neutral,positive,positive,negative,0.8,positive,0.95,5,positive,3,False,3,0.6,False,True,True,False,True,"CardiffNLP, Gemma"
UgwPpufEY4x2IdgjlaN4AaABAg.AIYUr9qCQa_AJ7EbagA1dJ,@tatjanavelkova5814 VIVA NORTH MACEDONIA... FROM 2018,positive,positive,neutral,positive,0.85,positive,0.95,5,positive,2,False,4,0.8,True,True,False,True,True,BERTweet
UgwPpufEY4x2IdgjlaN4AaABAg.AIYUr9qCQa_AJ97ykUoS_j,<USER>-rv2bs MACEDONIA --- 25 CENTURIES ! !,neutral,positive,neutral,negative,0.8,positive,0.95,5,,3,False,0,0.0,False,False,False,False,False,
UgwPpufEY4x2IdgjlaN4AaABAg.AIYUr9qCQa_AJ9H9VxKU_L,@tatjanavelkova5814 FOREVER NORTH MACEDONIA... FROM 2018,neutral,positive,neutral,positive,0.85,positive,0.95,5,positive,2,False,3,0.6,False,True,False,True,True,"CardiffNLP, BERTweet"
Ugy0KARRYOUkX95d42F4AaABAg,I'm glad when Bulgarians follow this show [according to the comments] and they have a hundred to learn from this presentation of the professor.,positive,positive,positive,positive,0.85,positive,0.85,5,positive,1,True,5,1.0,True,True,True,True,True,
UgwgRHtI1Ayi34llHVp4AaABAg,"In the 19th century there was no difference between Bulgarian and Macedonian songs, this division appeared in the 20th century. One cannot retroactively attribute today's identities to long-dead people. I cannot understand why it is so difficult for you to admit that Bulgarians lived in Macedonia in the past, and modern Macedonians are a relatively new concept. One is the past, the other is the present, you have to differentiate between them. For example, how from 1918 to 1941 ""Southern Serbs"" lived in Macedonia, according to the then Yugoslav government, and Macedonians suddenly appear after the Second World War? These things should be considered objectively, from the point of view of historical sources and facts.",negative,negative,negative,neutral,0.7,neutral,0.68,5,negative,2,False,3,0.6,True,True,True,False,False,"Gemma, Llama"
UgwgRHtI1Ayi34llHVp4AaABAg.AJpkdbut_lEAJpwX8aNvsJ,. IN MACEDONIA 25 CENTURIES MACEDONIAN SONGS! !,neutral,positive,neutral,positive,0.85,positive,0.95,5,positive,2,False,3,0.6,False,True,False,True,True,"CardiffNLP, BERTweet"
UgyL2zXiUoBmbrcyswd4AaABAg,"Gotse Delchev, Dame Gruev, Jane Sandanski and many others wrote in Bulgarian! And they declared themselves as Bulgarians. Are you allowed to debate with Bulgarian linguists about languages? Why is the documentation of the Ilinden uprising in Bulgarian? Congratulations, however, for admitting the truth about the collection of the Miladin brothers. Stop stealing and falsifying Bulgarian history and everything is fine. The professor wonders how to belittle the collection of the brothers, but she makes it funny. This was one thing and another, but the truth is that the title is ""Bulgarian folk songs"". And the teacher's explanation, that the header is wrong.....HAHAHAHAHAHAHAHAHAHA",negative,negative,neutral,negative,0.8,negative,0.97,5,negative,2,False,4,0.8,True,True,False,True,True,BERTweet
UgzVK8kidlxtsKLCEld4AaABAg,"Being a Macedonian is a privilege, we have had And we have freaks And we will have, but remember, blessed are those who suffer, and that is the Macedonian people, because we are the servants of the Lord And to no one else, the west is propagating, thank God, Christianity to Europe started from Macedonia, with the holy apostle Paul, it was not by chance that God sent him to Macedonia, who goes against Macedonia is against God, so if you think you are stronger go ahead, Macedonia is eternal 👌🙏",positive,positive,positive,positive,0.82,positive,0.95,5,positive,1,True,5,1.0,True,True,True,True,True,
UgzVK8kidlxtsKLCEld4AaABAg.AIldC1Y56wZAIp3mSgogQr,"Tell me, my friend, what Macedonians are suffering from, including Macedonian women. The gentle half suffers for kisses and caresses, but the other sufferers?",negative,negative,negative,negative,0.8,negative,0.9,5,negative,1,True,5,1.0,True,True,True,True,True,
UgzVK8kidlxtsKLCEld4AaABAg.AIldC1Y56wZAIzDIWj_HAU,ALWAYS NORTHERN... NEVER MACEDONIA...,negative,negative,negative,negative,0.7,negative,0.95,5,negative,1,True,5,1.0,True,True,True,True,True,
UgzVK8kidlxtsKLCEld4AaABAg.AIldC1Y56wZAIzpLWwe78P,"@IvanIvanov-rv2bspukni was your Tatar, fascist tribe, Macedonia was and will be, Macedonians existed, exist and will exist, so-called Bulgarian-Tatars, celebrate your Khan Asparukh, don't be ashamed of yourself, I'm surprised you haven't learned to write in Bulgarian",negative,positive,negative,negative,0.8,negative,0.95,5,negative,2,False,4,0.8,True,False,True,True,True,NLPTown
UgzVK8kidlxtsKLCEld4AaABAg.AIldC1Y56wZAJ3cDclSiEf,@MartsoPolo-mpRUN TO PRAY IN THE TARTAR SINAN TARTAR MOSQUE IN THE ANCIENT TOWN OF KUMANOVO...MISERABLE AND RAPID SARBIZED TITOV MARCH....FAKE AND FICTIONAL.... ALWAYS NORTHERN MONGOLIA REPUBLIC.... NEVER MACEDONIA...,negative,negative,negative,negative,0.8,negative,0.95,5,negative,1,True,5,1.0,True,True,True,True,True,
Ugx0DIjkX7lLq1kGZyp4AaABAg,"Would you have the courage to speak like this when you were the marshal with such a discussion, the Macedonian language is codified, which means that it has been revised or has undergone violent changes, Serbian and Bulgarian, so I am returning it to its original form, or was it part of the Bulgarian and Serbian, so-called Old Shtokavian, or was it originally as it is now, so it has been Serbianized and Bulgarianized, it is now difficult to find out, one thing is known that it has been revised, we do not denies the fact that we understand our neighbors without an interpreter, but they were not here in ancient times, only us, how are they now similar to us?🤔 And they are not ancient peoples. These are interesting things, secondly, if we are direct descendants of those old Macedonians, as at that time there was a need to create a new Cyrillic alphabet and there was already an alphabet before that, don't forget that nationality is passed from ancestors to descendants, if we have a relationship with those Macedonians, we should know their language without learning it by inheritance, we should know it. Don't forget one thing, there is something called ASSIMILATION and it happened in the 6th and 9th centuries when the Slavs and the Roma melted the ancient peoples, they became more than them and their languages ​​disappeared due to the population size. Now, yes, our language is different from that of our neighbors, but its connection with the language of the ancient Macedonians cannot be proven",negative,negative,neutral,negative,0.7,neutral,0.68,5,negative,2,False,3,0.6,True,True,False,True,False,"BERTweet, Llama"
UgxsrEZFi_m-P6GN1cJ4AaABAg,Fantasers.,negative,positive,neutral,negative,0.8,negative,1.0,5,negative,3,False,3,0.6,True,False,False,True,True,"NLPTown, BERTweet"
UgzwEMcjViTCs2k-aPR4AaABAg,"Dear professor, My nation and my Macedonian language were used before the first Macedonian king Karan before our era 808 - 778, as well as the following 50 after him King Perseus (179 - 168), who in the Battle of Pydna in 168 BC, Macedonia was divided into four republics by the Romans. and since then Macedonia has been divided, but we Macedonians are still present and aware that we are Macedonians to this day, which means that Gjorgi Puleski was also aware that he was a descendant of the Macedonian kingdoms mentioned above.",neutral,positive,neutral,neutral,0.7,positive,0.95,5,neutral,2,False,3,0.6,True,False,True,True,False,"NLPTown, Llama"
UgwaGxlMDL0F5Q1msvd4AaABAg,"Pulevski is the only one - very correctly. There is no other, and there is a lot to the contrary, but it doesn't matter, right?",negative,positive,positive,positive,0.85,negative,0.82,5,positive,2,False,3,0.6,False,True,True,True,False,"CardiffNLP, Llama"
UgwaGxlMDL0F5Q1msvd4AaABAg.AIYplA815ZiAIYwByITDTU,"Why not say why Pulevski fought? And he fought for Macedonia to unite with Bulgaria. And he received a pension from the Bulgarian National Assembly. He lives in Sofia and dies there. And the fact that the Serbs gave him money and published his book, we are not talking about this",negative,negative,neutral,negative,0.8,negative,0.95,5,negative,2,False,4,0.8,True,True,False,True,True,BERTweet
UgwaGxlMDL0F5Q1msvd4AaABAg.AIYplA815ZiAId8HmAmw-M,MACEDONIANS 25 CENTURIES ARE MACEDONIANS! ! !,neutral,positive,positive,negative,0.8,positive,0.95,5,positive,3,False,3,0.6,False,True,True,False,True,"CardiffNLP, Gemma"
UgwaGxlMDL0F5Q1msvd4AaABAg.AIYplA815ZiAIfDexn6UKJ,@tatjanavelkova5814 NORTH MACEDONIANS ARE ALWAYS NORTH MACEDONIANS... FROM 2018,neutral,negative,neutral,neutral,0.65,negative,0.95,5,neutral,2,False,3,0.6,True,False,True,True,False,"NLPTown, Llama"
Ugz0rpuFBEwacDhyVNB4AaABAg,ROPE KURO MACEDONIAN DOGS,negative,negative,neutral,negative,0.8,negative,1.0,5,negative,2,False,4,0.8,True,True,False,True,True,BERTweet
UgzjzpNnXNzF0QvQgxt4AaABAg,"Misirkov says very clearly that there is no Macedonian language and nation, but it will be created, and Blaže Konevski's birth name is Blagoj Konev, who was Serbian.",neutral,positive,neutral,negative,0.8,negative,0.95,5,,3,False,0,0.0,False,False,False,False,False,
UgzjzpNnXNzF0QvQgxt4AaABAg.AIYXFPVL6BIAIYugEAiT6K,"Well said 😅😅😅😅 Only that it's Black Hand, Novakovic, UDBA, plus the beasts from Belgrade? In 1990, Milovan Djilas said in front of 7000 people that he had given a commandment until today's alphabet was adopted in Macedonia. They said what kind of language is spoken in Vardar Macedonia.",neutral,negative,neutral,negative,0.8,positive,0.95,5,,3,False,0,0.0,False,False,False,False,False,
UgzjzpNnXNzF0QvQgxt4AaABAg.AIYXFPVL6BIAId83PxAGWy,KRSTE MISIRKOV BORN 1874 in AEGEAN MACEDONIA! ! KRSTE IS A MACEDONIAN and the author of a book -- About Macedonian Affairs.,neutral,positive,neutral,positive,0.85,positive,0.95,5,positive,2,False,3,0.6,False,True,False,True,True,"CardiffNLP, BERTweet"
UgzjzpNnXNzF0QvQgxt4AaABAg.AIYXFPVL6BIAIfE13Qju9P,@tatjanavelkova5814BUT..YOU ARE A PROVEN FULLY PAID SEVERDZAN TROLL FROM NORTH MACEDONIA WITH RUSSIAN NAME TATJANA WHO SPEAKS A SERBINIZED DIALECT OF BULGARIAN LANGUAGE AND LITTLE ENGLISH...,negative,negative,negative,negative,0.85,negative,1.0,5,negative,1,True,5,1.0,True,True,True,True,True,
UgzjzpNnXNzF0QvQgxt4AaABAg.AIYXFPVL6BIAIi7z3oNLEm,"@tatjanavelkova5814 Tatjana, shut up, you seem illiterate!",negative,negative,negative,negative,0.8,negative,1.0,5,negative,1,True,5,1.0,True,True,True,True,True,
UgzjzpNnXNzF0QvQgxt4AaABAg.AIYXFPVL6BIAIlIwELPkqm,"Cyril and Methodius, that is, their disciples Clement and Naum, left a covenant that each nation should create its own alphabet according to the needs of its speech! What is so terrible that the Macedonians decided for the Prilep speaking area to be the basis for the officialization of the Macedonian language when the Macedonian uprising ""Ilinden"" from 1903 was known for centuries.",negative,negative,negative,neutral,0.68,neutral,0.85,5,negative,2,False,3,0.6,True,True,True,False,False,"Gemma, Llama"
Ugy1il0OIJCaqSVh5k54AaABAg,"Why are you deceiving the viewers, it is known that Macedonian is a dialect of Bulgarian, or to put it more clearly, Macedonian is Bulgarian written on a Serbian typewriter, that is the truth!",negative,negative,negative,negative,0.8,negative,0.95,5,negative,1,True,5,1.0,True,True,True,True,True,
Ugy1il0OIJCaqSVh5k54AaABAg.AIi7r0cOHioAIicXtJbvMU,in MACEDONIA --- 25th CENTURY OF THE MACEDONIAN LANGUAGE! ! !,neutral,positive,neutral,positive,0.85,positive,0.95,5,positive,2,False,3,0.6,False,True,False,True,True,"CardiffNLP, BERTweet"
Ugy1il0OIJCaqSVh5k54AaABAg.AIi7r0cOHioAIjTvcgNIqh,@tatjanavelkova5814 IN NORTH MACEDONIA ARE SPEAKING A SERBINIZED DIALECT OF BULGARIAN LANGUAGE... ALWAYS AND FOREVER,negative,positive,neutral,negative,0.75,positive,0.95,5,,3,False,0,0.0,False,False,False,False,False,
Ugy1il0OIJCaqSVh5k54AaABAg.AIi7r0cOHioAIkukEQllTG,<USER>-rv2bs MACEDONIAN LANGUAGE in MACEDONIA! ! !,neutral,positive,neutral,negative,0.8,negative,0.95,5,,3,False,0,0.0,False,False,False,False,False,
Ugy1il0OIJCaqSVh5k54AaABAg.AIi7r0cOHioAIkvu8skk-1,M A C E D O N I A N S SPEAK MACEDONIAN LANGUAGE ! ! !,neutral,negative,negative,negative,0.8,negative,0.95,5,negative,2,False,4,0.8,False,True,True,True,True,CardiffNLP
Ugy1il0OIJCaqSVh5k54AaABAg.AIi7r0cOHioAIkwHbSAQ4s,"@tatjanavelkova5814 There are no Macedonians, you are all Bulgarians!",neutral,negative,neutral,negative,0.8,negative,0.99,5,negative,2,False,3,0.6,False,True,False,True,True,"CardiffNLP, BERTweet"
Ugy1il0OIJCaqSVh5k54AaABAg.AIi7r0cOHioAIkwkz3vx12,@tatjanavelkova5814NOPE...IN NORTH MACEDONIA ARE SPEAKING A SERBINIZED DIALECT OF BULGARIAN LANGUAGE... ALWAYS AND FOREVER,negative,positive,neutral,negative,0.75,negative,0.95,5,negative,3,False,3,0.6,True,False,False,True,True,"NLPTown, BERTweet"
Ugy1il0OIJCaqSVh5k54AaABAg.AIi7r0cOHioAIkwsRHosZp,@tatjanavelkova5814AGAIN - IN NORTH MACEDONIA ARE SPEAKING A SERBINIZED DIALECT OF BULGARIAN LANGUAGE.. ALWAYS AND FOREVER,negative,positive,neutral,negative,0.75,negative,1.0,5,negative,3,False,3,0.6,True,False,False,True,True,"NLPTown, BERTweet"
Ugy1il0OIJCaqSVh5k54AaABAg.AIi7r0cOHioAIl0a59qvaP,MACEDONIANS HAVE BEEN SPEAKING THE MACEDONIAN LANGUAGE FOR 25 CENTURIES! ! !,negative,positive,neutral,negative,0.8,positive,0.95,5,,3,False,0,0.0,False,False,False,False,False,
Ugy1il0OIJCaqSVh5k54AaABAg.AIi7r0cOHioAIl2XdmirRp,@tatjanavelkova5814 AGAIN - IN NORTH MACEDONIA ARE SPEAKING A SERBINIZED DIALECT OF BULGARIAN LANGUAGE... ALWAYS AND FOREVER,negative,positive,negative,negative,0.8,negative,1.0,5,negative,2,False,4,0.8,True,False,True,True,True,NLPTown
Ugy1il0OIJCaqSVh5k54AaABAg.AIi7r0cOHioAIp0YzY7Zrt,<USER>-rv2bs MACEDONIAN LANGUAGE in MACEDONIA! ! !,neutral,positive,neutral,negative,0.8,negative,0.95,5,,3,False,0,0.0,False,False,False,False,False,
Ugy1il0OIJCaqSVh5k54AaABAg.AIi7r0cOHioAIpRW2eUS7m,<USER>-rv2bs in MACEDONIA SPEAK MACEDONIAN LANGUAGE! !,neutral,negative,neutral,negative,0.8,negative,0.95,5,negative,2,False,3,0.6,False,True,False,True,True,"CardiffNLP, BERTweet"
Ugy1il0OIJCaqSVh5k54AaABAg.AIi7r0cOHioAIuSYIOI0Kl,Dialect Bulgarians do not know what it is,negative,neutral,negative,negative,0.8,negative,0.95,5,negative,2,False,4,0.8,True,False,True,True,True,NLPTown
Ugy1il0OIJCaqSVh5k54AaABAg.AIi7r0cOHioAIzDNp3gOCk,@tatjanavelkova5814 IN NORTH MACEDONIA ARE SPEAKING A SERBINIZED DIALECT OF BULGARIAN LANGUAGE... ALWAYS AND FOREVER...,negative,positive,neutral,negative,0.75,positive,0.95,5,,3,False,0,0.0,False,False,False,False,False,
Ugy1il0OIJCaqSVh5k54AaABAg.AIi7r0cOHioAIzDR-uGLZf,@tatjanavelkova5814 IN NORTH MACEDONIA ARE SPEAKING A SERBINIZED DIALECT OF BULGARIAN LANGUAGE.. ALWAYS AND FOREVER...,negative,positive,neutral,negative,0.75,positive,0.95,5,,3,False,0,0.0,False,False,False,False,False,
Ugy1il0OIJCaqSVh5k54AaABAg.AIi7r0cOHioAJ-Mj7qhVYf,<USER>-rv2bs jou + dialect.... in rock.,neutral,positive,neutral,negative,0.8,positive,0.95,5,,3,False,0,0.0,False,False,False,False,False,
Ugy1il0OIJCaqSVh5k54AaABAg.AIi7r0cOHioAJ-NXMLCcGz,@tatjanavelkova5814U..in Vardar... AGAIN - IN NORTH MACEDONIA ARE SPEAKING A SERBINIZED DIALECT OF BULGARIAN LANGUAGE... ALWAYS AND FOREVER,negative,negative,negative,negative,0.8,negative,1.0,5,negative,1,True,5,1.0,True,True,True,True,True,
Ugy1il0OIJCaqSVh5k54AaABAg.AIi7r0cOHioAJ-OF5n1h-O,<USER>-rv2bs VARDAR --- MACEDONIAN RIVER ! !,neutral,negative,neutral,neutral,0.85,positive,0.95,5,neutral,3,False,3,0.6,True,False,True,True,False,"NLPTown, Llama"
Ugy1il0OIJCaqSVh5k54AaABAg.AIi7r0cOHioAJ3cJtTr0XF,@tatjanavelkova5814 VARDAROT - RIVER IN NORTH MACEDONIA... ALWAYS AND FOREVER,neutral,positive,positive,neutral,0.85,positive,0.95,5,positive,2,False,3,0.6,False,True,True,False,True,"CardiffNLP, Gemma"
UgwYCb4RqFexsBAiBaF4AaABAg,North Macedonia is Tito's invention.,neutral,positive,neutral,negative,0.8,negative,0.95,5,,3,False,0,0.0,False,False,False,False,False,
UgwjDzk6J0KjoPugiet4AaABAg,YOU ARE ALL BULGARIANS AND THAT'S IT,neutral,negative,negative,negative,0.8,negative,0.95,5,negative,2,False,4,0.8,False,True,True,True,True,CardiffNLP
Ugz8lua-pUlImVqpPcd4AaABAg,Severdjania is a state without history! And about the language ... is it a northern language - a language?,negative,negative,negative,negative,0.7,negative,0.95,5,negative,1,True,5,1.0,True,True,True,True,True,
Ugz8lua-pUlImVqpPcd4AaABAg.AIYeRIuh_8mAIZS8pp-G0y,"Let people like you become aware. Shame on you. Well, the whole world is laughing at you, were you aware of that? To deny an entire nation that calls you ""I'm Macedonian"" and you say it doesn't exist. So you must be mentally ill. Only some of you and the Greeks have such. Become aware. How would you feel if someone told you that Bulgarian doesn't exist?",negative,negative,negative,negative,0.75,negative,0.95,5,negative,1,True,5,1.0,True,True,True,True,True,
Ugz8lua-pUlImVqpPcd4AaABAg.AIYeRIuh_8mAIZhY6yKnO3,"<USER> No one in Bulgaria denies that there is currently a state called RSM. However, we do not recognize your South-Communist historical falsifications. We do not recognize ""the centuries-old Macedonian identity and language"" just like that.",negative,negative,negative,negative,0.75,negative,0.95,5,negative,1,True,5,1.0,True,True,True,True,True,
Ugz8lua-pUlImVqpPcd4AaABAg.AIYeRIuh_8mAId96gKmrgs,MACEDONIAN IDENTITY 25 CENTURIES from KING PHILIP! ! !,neutral,positive,neutral,negative,0.8,positive,0.95,5,,3,False,0,0.0,False,False,False,False,False,
Ugz8lua-pUlImVqpPcd4AaABAg.AIYeRIuh_8mAIemrcNvWtf,"The Macedonian language is taught in the Czech Republic as church Macedonian, the same is true in Russia, in Moscow there are teaching Macedonian philology and the Macedonian language is recognized in UNO and literacy comes from Macedonia and not from the small Drzavic parish, no Bulgaria, it is in 1876_8 like Bulgaria, and while we Macedonians are in Pirin Macedonia, two million Macedonians are harassing you in Strasbourg for Covetski rights What's wrong with them? Those Pirin Macedonians didn't have Tito there, just like in Aegean Macedonia there wasn't Tito and that's where the greatest Macedonians were born ❤️ Christians ♥️",neutral,negative,neutral,negative,0.65,positive,0.85,5,,3,False,0,0.0,False,False,False,False,False,
Ugz8lua-pUlImVqpPcd4AaABAg.AIYeRIuh_8mAIeoaXlzRhJ,"Yes, the language of the Macedonians ♥️❤️ Christians from the time of the apostle Paul, blessed Macedonians ❤️ Christians and you are Asians and tell me what language did Khan Asparukh and Kubrart speak, what language did Khan Asparukh and Kubrart speak when they are a Turkish tribe of Bulgarians and there is no tribe of Bulgarians and Tatars in the Slavic family of Slavs 😛😛 9:52",positive,negative,neutral,negative,0.85,positive,0.95,5,,3,False,0,0.0,False,False,False,False,False,
Ugz8lua-pUlImVqpPcd4AaABAg.AIYeRIuh_8mAIfDnj44JJ_,@tatjanavelkova5814 NORTH MACEDONIAN IDENTITY...FROM 2018,neutral,negative,neutral,neutral,0.7,neutral,0.85,5,neutral,2,False,4,0.8,True,False,True,True,True,NLPTown
Ugz8lua-pUlImVqpPcd4AaABAg.AIYeRIuh_8mAIfDqBWOS_R,@vangelijanikoloska2566 VIVA NORTH MACEDONIA... FROM 2018,positive,positive,neutral,positive,0.95,positive,0.95,5,positive,2,False,4,0.8,True,True,False,True,True,BERTweet
Ugz8lua-pUlImVqpPcd4AaABAg.AIYeRIuh_8mAIftGu-CYWV,<USER> MACEDONIANS IN MACEDONIA. 25 CENTURIES! ! !,neutral,positive,neutral,negative,0.8,positive,0.95,5,,3,False,0,0.0,False,False,False,False,False,
Ugz8lua-pUlImVqpPcd4AaABAg.AIYeRIuh_8mAIfy-tN0iaz,@tatjanavelkova5814 NORTH MACEDONIANS...IN NORTH MACEDONIA... FROM 2018,neutral,positive,neutral,negative,0.6,negative,0.9,5,,3,False,0,0.0,False,False,False,False,False,
Ugz8lua-pUlImVqpPcd4AaABAg.AIYeRIuh_8mAIle8223zUf,"Those Tatars, so-called Bulgarians, are afraid of the truth, the one hundred has a problem with himself, And his identity, he denies others, logic Tatars, logic",negative,negative,negative,negative,0.8,negative,0.95,5,negative,1,True,5,1.0,True,True,True,True,True,
Ugz8lua-pUlImVqpPcd4AaABAg.AIYeRIuh_8mAImFAR2sKoO,"@MarcoPolo-mp Invented and fake Northern Serbized paid troll...no one cares about the fake and invented virtual person, even the mental condition for which there is no cure...",negative,negative,negative,negative,0.8,negative,0.95,5,negative,1,True,5,1.0,True,True,True,True,True,
Ugyr3XjunhQ3oT4VNlN4AaABAg,"Well, the language is very different, let's change the gifted professor Deltsev and Lubco Georgievski on the Internet, they speak one sat bes previdac 😂 ebi mu miko😂",neutral,neutral,neutral,negative,0.7,negative,0.95,5,neutral,2,False,3,0.6,True,True,True,False,False,"Gemma, Llama"
Ugyr3XjunhQ3oT4VNlN4AaABAg.AIZ4Q1VwTF3AId8PbtQGRJ,GOCE DELC'EV SPOKE MACEDONIAN LANGUAGE ! !,negative,negative,neutral,positive,0.85,negative,1.0,5,negative,3,False,3,0.6,True,True,False,False,True,"BERTweet, Gemma"
Ugyr3XjunhQ3oT4VNlN4AaABAg.AIZ4Q1VwTF3AIfDKIJFwVc,@tatjanavelkova5814NOPE ...HE SPOKE A BULGARIAN LANGUAGE...YOU ARE A BULGARIAN HERO 🇧🇬❤️💪❤️,positive,negative,positive,positive,0.92,positive,0.95,5,positive,2,False,4,0.8,True,False,True,True,True,NLPTown
Ugyr3XjunhQ3oT4VNlN4AaABAg.AIZ4Q1VwTF3AIfqsIodyog,GOCE DELC'EV born 1872 in Kukus' -- AEGEAN MACEDONIA. GOCE DELC'EV IS A MACEDONIAN AND A MACEDONIAN REVOLUTIONARY! !,neutral,positive,positive,positive,0.85,positive,0.95,5,positive,2,False,4,0.8,False,True,True,True,True,CardiffNLP
Ugyr3XjunhQ3oT4VNlN4AaABAg.AIZ4Q1VwTF3AIfrBkX0LTj,@tatjanavelkova5814NOPE... FOREVER WILL BE A BULGARIAN HERO WHO SPOKE A BULGARIAN LANGUAGE 🇧🇬💪❤️🇧🇬,positive,positive,positive,positive,0.95,positive,0.98,5,positive,1,True,5,1.0,True,True,True,True,True,
Ugyr3XjunhQ3oT4VNlN4AaABAg.AIZ4Q1VwTF3AIfro3BYmMb,<USER>-rv2bs GOCE DELC'EV IS MACEDONIAN ! ! !,neutral,negative,neutral,negative,0.8,positive,0.95,5,,3,False,0,0.0,False,False,False,False,False,
Ugyr3XjunhQ3oT4VNlN4AaABAg.AIZ4Q1VwTF3AIfxmi_gpgT,@tatjanavelkova5814NOPE ... FOREVER WILL BE A BULGARIAN HERO WHO SPOKE A BULGARIAN LANGUAGE 🇧🇬💪❤️🇧🇬,positive,positive,positive,positive,0.96,positive,0.95,5,positive,1,True,5,1.0,True,True,True,True,True,
Ugyr3XjunhQ3oT4VNlN4AaABAg.AIZ4Q1VwTF3AIicgn2c3Ov,<USER>-rv2bs GOCE DELC'EV IS A MACEDONIAN BORN 1872 in AEGEAN MACEDONIA! ! !,neutral,negative,neutral,negative,0.8,positive,0.95,5,,3,False,0,0.0,False,False,False,False,False,
Ugyr3XjunhQ3oT4VNlN4AaABAg.AIZ4Q1VwTF3AIjUFkqnSTN,@tatjanavelkova5814NOPE ... FOREVER WILL BE A BULGARIAN HERO WHO SPOKE A BULGARIAN LANGUAGE 🇧🇬❤️💪🇧🇬,positive,positive,positive,positive,0.98,positive,0.98,5,positive,1,True,5,1.0,True,True,True,True,True,
Ugyr3XjunhQ3oT4VNlN4AaABAg.AIZ4Q1VwTF3AIkucczJntF,<USER>-rv2bs GOCE DELC'EV SPOKE MACEDONIAN LANGUAGE! !,neutral,negative,neutral,negative,0.8,negative,0.95,5,negative,2,False,3,0.6,False,True,False,True,True,"CardiffNLP, BERTweet"
Ugyr3XjunhQ3oT4VNlN4AaABAg.AIZ4Q1VwTF3AIkvmBOWb5Z,GOCE DELC'EV IS A MACEDONIAN AND SPOKE THE MACEDONIAN LANGUAGE! !,negative,positive,neutral,positive,0.85,positive,0.95,5,positive,3,False,3,0.6,False,True,False,True,True,"CardiffNLP, BERTweet"
Ugyr3XjunhQ3oT4VNlN4AaABAg.AIZ4Q1VwTF3AIkxNl8gs-B,@tatjanavelkova5814NOPE... FOREVER WILL BE A BULGARIAN HERO WHO SPOKE A BULGARIAN LANGUAGE 🇧🇬❤️💪🇧🇬,positive,positive,positive,positive,0.96,positive,0.95,5,positive,1,True,5,1.0,True,True,True,True,True,
Ugyr3XjunhQ3oT4VNlN4AaABAg.AIZ4Q1VwTF3AIkxRBcMxpc,@tatjanavelkova5814NOPE... FOREVER WILL BE A BULGARIAN HERO WHO SPOKE A BULGARIAN LANGUAGE....,negative,negative,positive,positive,0.95,positive,0.95,5,positive,2,False,3,0.6,False,False,True,True,True,"CardiffNLP, NLPTown"
Ugyr3XjunhQ3oT4VNlN4AaABAg.AIZ4Q1VwTF3AIl0S5VwUOL,. GOCE DELC'EV SPOKE MACEDONIAN LANGUAGE ! ! !,negative,negative,neutral,negative,0.8,positive,0.95,5,negative,3,False,3,0.6,True,True,False,True,False,"BERTweet, Llama"
Ugyr3XjunhQ3oT4VNlN4AaABAg.AIZ4Q1VwTF3AIl2jvlUEe9,@tatjanavelkova5814 FOREVER WILL BE A BULGARIAN HERO WHO SPOKE A BULGARIAN LANGUAGE 🇧🇬💪💪🇧🇬,positive,positive,positive,positive,0.98,positive,0.95,5,positive,1,True,5,1.0,True,True,True,True,True,
Ugyr3XjunhQ3oT4VNlN4AaABAg.AIZ4Q1VwTF3AIpwp2xgRCA,<USER>-rv2bs GOCE DELC'EV IS A MACEDONIAN REVOLUTIONARY! !,neutral,negative,positive,positive,0.98,positive,0.95,5,positive,3,False,3,0.6,False,False,True,True,True,"CardiffNLP, NLPTown"
Ugyr3XjunhQ3oT4VNlN4AaABAg.AIZ4Q1VwTF3AIpxEhDcVUf,@tatjanavelkova5814NEVER EVER... ALWAYS AND FOREVER... HE WILL BE A BULGARIAN HERO WHO SPOKE A BULGARIAN LANGUAGE 🇧🇬💪❤️🇧🇬,positive,positive,positive,positive,0.92,positive,0.98,5,positive,1,True,5,1.0,True,True,True,True,True,
Ugyr3XjunhQ3oT4VNlN4AaABAg.AIZ4Q1VwTF3AIqRZIRL3S2,<USER>-rv2bs GOCE DELC'EV IS A MACEDONIAN! ! ! BORN 1872 in Kukus' ---- AEGEAN MACEDONIA.,neutral,negative,positive,negative,0.8,positive,0.95,5,,3,False,0,0.0,False,False,False,False,False,
Ugyr3XjunhQ3oT4VNlN4AaABAg.AIZ4Q1VwTF3AIqSFxzbbYk,@tatjanavelkova5814 ALWAYS AND FOREVER...HE WILL BE A BULGARIAN HERO WHO SPOKE A BULGARIAN LANGUAGE 🇧🇬💪❤️🇧🇬,positive,positive,positive,positive,0.92,positive,0.98,5,positive,1,True,5,1.0,True,True,True,True,True,
Ugyr3XjunhQ3oT4VNlN4AaABAg.AIZ4Q1VwTF3AIqf9m6KiIO,<USER>-rv2bs GOCE DELC'EV IS A MACEDONIAN AND SPOKE THE MACEDONIAN LANGUAGE! ! !,neutral,negative,neutral,negative,0.8,positive,0.95,5,,3,False,0,0.0,False,False,False,False,False,
Ugyr3XjunhQ3oT4VNlN4AaABAg.AIZ4Q1VwTF3AIsR3Ktryk4,<USER>-rv2bs GOCE DELC'EV IS A MACEDONIAN! ! !,neutral,negative,neutral,negative,0.8,positive,0.95,5,,3,False,0,0.0,False,False,False,False,False,
Ugyr3XjunhQ3oT4VNlN4AaABAg.AIZ4Q1VwTF3AIsUhy-F0_B,@tatjanavelkova5814NEVER EVER... ALWAYS AND FOREVER... HE WILL BE A BULGARIAN HERO WHO SPOKE A BULGARIAN LANGUAGE 🇧🇬❤️💪🇧🇬,positive,positive,positive,positive,0.92,positive,0.98,5,positive,1,True,5,1.0,True,True,True,True,True,
Ugyr3XjunhQ3oT4VNlN4AaABAg.AIZ4Q1VwTF3AIwssXHVMnF,<USER>-rv2bs JES GOCE DELC'EV IS MACEDONIAN ! ! !,neutral,negative,neutral,negative,0.8,positive,0.95,5,,3,False,0,0.0,False,False,False,False,False,
Ugyr3XjunhQ3oT4VNlN4AaABAg.AIZ4Q1VwTF3AIwulP20lKE,@tatjanavelkova5814NOPE... ALWAYS AND FOREVER..HE WILL BE A BULGARIAN HERO WHO SPOKE A BULGARIAN LANGUAGE 🇧🇬💪❤️🇧🇬,positive,positive,positive,positive,0.92,positive,0.98,5,positive,1,True,5,1.0,True,True,True,True,True,
Ugyr3XjunhQ3oT4VNlN4AaABAg.AIZ4Q1VwTF3AIxlQuaoonq,<USER>-rv2bs GOCE DELC'EV IS A MACEDONIAN AND SPOKE THE MACEDONIAN LANGUAGE! ! !,neutral,negative,neutral,negative,0.8,positive,0.95,5,,3,False,0,0.0,False,False,False,False,False,
Ugyr3XjunhQ3oT4VNlN4AaABAg.AIZ4Q1VwTF3AIxlh0SQf8C,GOCE DELC'EV IS A MACEDONIAN AND SPOKE THE MACEDONIAN LANGUAGE! ! !,negative,negative,neutral,positive,0.85,positive,0.95,5,,3,False,0,0.0,False,False,False,False,False,
Ugyr3XjunhQ3oT4VNlN4AaABAg.AIZ4Q1VwTF3AIzDjbB_uYV,@tatjanavelkova5814NOPE...HE WILL BE A BULGARIAN HERO WHO SPOKE A BULGARIAN LANGUAGE... ALWAYS AND FOREVER 🇧🇬💪❤️🇧🇬,positive,positive,positive,positive,0.92,positive,0.95,5,positive,1,True,5,1.0,True,True,True,True,True,
Ugyr3XjunhQ3oT4VNlN4AaABAg.AIZ4Q1VwTF3AIzDmkkJxY-,@tatjanavelkova5814NOPE ....HE WILL BE A BULGARIAN HERO WHO SPOKE A BULGARIAN LANGUAGE... ALWAYS AND FOREVER 🇧🇬❤️💪🇧🇬,positive,positive,positive,positive,0.92,positive,0.95,5,positive,1,True,5,1.0,True,True,True,True,True,
Ugyr3XjunhQ3oT4VNlN4AaABAg.AIZ4Q1VwTF3AJ-N0VTQ4tG,<USER>-rv2bs GOCE DELC'EV SPOKE MACEDONIAN LANGUAGE ! !,neutral,negative,neutral,negative,0.8,negative,0.95,5,negative,2,False,3,0.6,False,True,False,True,True,"CardiffNLP, BERTweet"
Ugyr3XjunhQ3oT4VNlN4AaABAg.AIZ4Q1VwTF3AJ-NMMKnLeV,@tatjanavelkova5814NOPE...HE WILL BE A BULGARIAN HERO WHO SPOKE A BULGARIAN LANGUAGE... ALWAYS AND FOREVER 🇧🇬💪❤️🇧🇬,positive,positive,positive,positive,0.92,positive,0.95,5,positive,1,True,5,1.0,True,True,True,True,True,
Ugyr3XjunhQ3oT4VNlN4AaABAg.AIZ4Q1VwTF3AJ-NhVcixB7,<USER>-rv2bs GOCE DELC'EV IS MACEDONIAN. CHEERS! !,positive,negative,positive,positive,0.95,positive,0.95,5,positive,2,False,4,0.8,True,False,True,True,True,NLPTown
Ugyr3XjunhQ3oT4VNlN4AaABAg.AIZ4Q1VwTF3AJ3citJgbB1,@tatjanavelkova5814NOPE...HE WILL BE A BULGARIAN HERO WHO SPOKE A BULGARIAN LANGUAGE 🇧🇬💪❤️🇧🇬 ALWAYS AND FOREVER...AND YOU ARE A PROVEN FULLY PAID SEVERDZAN TROLL FROM NORTH MACEDONIA WITH RUSSIAN NAME TATJANA WHO SPEAKS A SERBINIZED DIALECT OF BULGARIAN LANGUAGE AND LITTLE ENGLISH...,negative,positive,negative,negative,0.8,negative,0.99,5,negative,2,False,4,0.8,True,False,True,True,True,NLPTown
UgwNBrBGIoJEBKjjru94AaABAg,"Why do you keep saying nonsense, that because of Bulgaria you can't enter the EU? When you fire the contracts you signed with the parties of the union you START NEGOTIATIONS for ENTRY, and when and whether you ENTER depends only on you. Turkey and Serbia have been negotiating for years, but they are not closing chapters, don't be caught, and you might be!",negative,negative,negative,negative,0.75,negative,0.95,5,negative,1,True,5,1.0,True,True,True,True,True,
UgwNBrBGIoJEBKjjru94AaABAg.AIYnfPwOa0ZAIZQjWq7R8O,Shame on you and those like you (not the entire Bulgarian people). How can it be the mentality of someone not to recognize an entire nation. Does anyone challenge you Bulgarians? The whole world is laughing at you about whether you are aware.,negative,negative,negative,negative,0.8,negative,0.95,5,negative,1,True,5,1.0,True,True,True,True,True,
UgwNBrBGIoJEBKjjru94AaABAg.AIYnfPwOa0ZAIZfv0QvLFG,"<USER> How can we not acknowledge you? Didn't Bulgaria just recognize your independence?!?!?! Currently, there is a RSM state, which has its own people. However, we do not recognize your South-Communist historical forgeries, which are not based on scientific facts.",negative,negative,negative,negative,0.8,negative,0.95,5,negative,1,True,5,1.0,True,True,True,True,True,
UgwNBrBGIoJEBKjjru94AaABAg.AIYnfPwOa0ZAIZhLAoxTZ2,"@blazomihailov516 Who is laughing at us? We are not told to celebrate sad heroes at a sports competition in Belgrade, right?!",negative,negative,negative,negative,0.75,negative,0.95,5,negative,1,True,5,1.0,True,True,True,True,True,
UgwNBrBGIoJEBKjjru94AaABAg.AIYnfPwOa0ZAI_NfFGDLwy,"@blazomihailov516 Are you normal? Who bothers you to call yourself whatever you want, if you want to be Patagonian too. Why should we acknowledge you or not? The whole world laughs at the peasants.",negative,negative,negative,negative,0.8,negative,0.95,5,negative,1,True,5,1.0,True,True,True,True,True,
UgzqMDxEzaKheSJEb0V4AaABAg,"Blagoi Konev, a student in Sofia, I am begging you to have mercy on me.",negative,positive,neutral,negative,0.8,negative,1.0,5,negative,3,False,3,0.6,True,False,False,True,True,"NLPTown, BERTweet"
UgzqMDxEzaKheSJEb0V4AaABAg.AIZ2oBnylJOAId9EMsNvxO,MACEDONIANS 25 CENTURIES HAVE MACEDONIAN PARENTS! !,neutral,positive,neutral,negative,0.8,positive,0.95,5,,3,False,0,0.0,False,False,False,False,False,
UgzqMDxEzaKheSJEb0V4AaABAg.AIZ2oBnylJOAIfDTIauBdB,@tatjanavelkova5814 FOREVER NORTH MACEDONIA... FROM 2018... ALWAYS AND FOREVER,positive,positive,neutral,positive,0.95,positive,0.95,5,positive,2,False,4,0.8,True,True,False,True,True,BERTweet
UgzqMDxEzaKheSJEb0V4AaABAg.AIZ2oBnylJOAIfqzvglyF4,<USER>-rv2bs MACEDONIA is in SOUTHERN EUROPE! !,neutral,negative,neutral,neutral,0.85,positive,0.95,5,neutral,3,False,3,0.6,True,False,True,True,False,"NLPTown, Llama"
UgzqMDxEzaKheSJEb0V4AaABAg.AIZ2oBnylJOAIfrS4GH37I,@tatjanavelkova5814NOPE... NORTH MACEDONIA.. FROM 2018,neutral,positive,neutral,neutral,0.7,negative,0.95,5,neutral,3,False,3,0.6,True,False,True,True,False,"NLPTown, Llama"
Ugw0rV7Sx271jjvydTx4AaABAg,all naturalists deny the words of the so-called professor are only valid for internal use,negative,negative,negative,negative,0.7,negative,0.95,5,negative,1,True,5,1.0,True,True,True,True,True,
Ugw0rV7Sx271jjvydTx4AaABAg.AIYVX3nbq9SAIYaY28xWu8,How important is this comment of yours to the teacher?,neutral,negative,neutral,neutral,0.7,neutral,1.0,5,neutral,2,False,4,0.8,True,False,True,True,True,NLPTown
Ugw0rV7Sx271jjvydTx4AaABAg.AIYVX3nbq9SAIYb0c9BOwV,"@macedonia.mk1 I am stating facts, and I am not interested in whether it is important for the so-called professor",neutral,negative,negative,neutral,0.8,negative,0.55,5,negative,2,False,3,0.6,False,True,True,False,True,"CardiffNLP, Gemma"
Ugw0rV7Sx271jjvydTx4AaABAg.AIYVX3nbq9SAIYpSgZFTrR,"<USER>.mk1 It may not be important to her, but it is true. Nothing matters to such people - just to blur the truth.",neutral,neutral,neutral,negative,0.7,negative,0.95,5,neutral,2,False,3,0.6,True,True,True,False,False,"Gemma, Llama"
Ugw0rV7Sx271jjvydTx4AaABAg.AIYVX3nbq9SAIYyJKdOuMp,@vassilrajtchev4736 DO YOU THINK THAT WHAT SUITS YOU IS TRUE?,negative,negative,neutral,negative,0.7,neutral,0.89,5,negative,2,False,3,0.6,True,True,False,True,False,"BERTweet, Llama"
Ugw0rV7Sx271jjvydTx4AaABAg.AIYVX3nbq9SAIZIn7is3ai,<USER>.mk1 Neither you nor I have anything to answer for. These are the facts simply. From Latin FACTUS - long ago done.,neutral,negative,neutral,neutral,0.74,neutral,0.95,5,neutral,2,False,4,0.8,True,False,True,True,True,NLPTown
Ugw0rV7Sx271jjvydTx4AaABAg.AIYVX3nbq9SAId8luAFmlU,<USER> MACEDONIAN PEOPLE -- PEOPLE! ! Hora... in the Black Sea.,neutral,positive,neutral,negative,0.8,positive,0.95,5,,3,False,0,0.0,False,False,False,False,False,
Ugw0rV7Sx271jjvydTx4AaABAg.AIYVX3nbq9SAIfE522A7fj,@tatjanavelkova5814U..in Vardarot...VIVA NORTH MACEDONIA... FROM 2018,neutral,positive,neutral,positive,0.93,positive,0.95,5,positive,2,False,3,0.6,False,True,False,True,True,"CardiffNLP, BERTweet"
Ugw0rV7Sx271jjvydTx4AaABAg.AIYVX3nbq9SAIiclo7Xuif,<USER> THIS IS MACEDONIAN MEDIUM! ! !,neutral,positive,neutral,negative,0.8,positive,0.95,5,,3,False,0,0.0,False,False,False,False,False,
Ugw0rV7Sx271jjvydTx4AaABAg.AIYVX3nbq9SAIjUTcrnWVq,@tatjanavelkova5814THIS IS A NORTH MACEDONIAN...WITH A SERBINIZED DIALECT OF BULGARIAN LANGUAGE...,negative,negative,neutral,negative,0.75,negative,0.95,5,negative,2,False,4,0.8,True,True,False,True,True,BERTweet
Ugw0rV7Sx271jjvydTx4AaABAg.AIYVX3nbq9SAIkuX59PBOg,<USER>-rv2bs MACEDONIAN LANGUAGE IN MACEDONIA. 25 CENTURIES! ! !,neutral,positive,neutral,positive,0.98,positive,0.95,5,positive,2,False,3,0.6,False,True,False,True,True,"CardiffNLP, BERTweet"
Ugw0rV7Sx271jjvydTx4AaABAg.AIYVX3nbq9SAIkvSJ6TN6N,@tatjanavelkova5814 IN NORTH MACEDONIA ARE SPEAKING A SERBINIZED DIALECT OF BULGARIAN LANGUAGE... ALWAYS AND FOREVER,negative,positive,neutral,negative,0.75,positive,0.95,5,,3,False,0,0.0,False,False,False,False,False,
Ugw0rV7Sx271jjvydTx4AaABAg.AIYVX3nbq9SAIkvaAsFwBH,<USER>-rv2bs MACEDONIAN LANGUAGE in MACEDONIA! !,neutral,positive,neutral,positive,0.85,negative,1.0,5,,3,False,0,0.0,False,False,False,False,False,
Ugw0rV7Sx271jjvydTx4AaABAg.AIYVX3nbq9SAIkxiP3ETjv,@tatjanavelkova5814 IN NORTH MACEDONIA ARE SPEAKING A SERBINIZED DIALECT OF BULGARIAN LANGUAGE... ALWAYS AND FOREVER,negative,positive,neutral,negative,0.75,positive,0.95,5,,3,False,0,0.0,False,False,False,False,False,
Ugw0rV7Sx271jjvydTx4AaABAg.AIYVX3nbq9SAIl0GBXxXjl,<USER>-rv2bs MACEDONIAN LANGUAGE IN MACEDONIA ! ! !,neutral,positive,neutral,negative,0.8,negative,1.0,5,,3,False,0,0.0,False,False,False,False,False,
Ugw0rV7Sx271jjvydTx4AaABAg.AIYVX3nbq9SAImFJW8gTb4,@tatjanavelkova5814 IN NORTH MACEDONIA ARE SPEAKING A SERBINIZED DIALECT OF BULGARIAN LANGUAGE... ALWAYS AND FOREVER,negative,positive,neutral,negative,0.75,positive,0.95,5,,3,False,0,0.0,False,False,False,False,False,
Ugw0rV7Sx271jjvydTx4AaABAg.AIYVX3nbq9SAIp0gM-neRp,<USER>-rv2bs dialect.... zero.,negative,negative,neutral,neutral,0.74,negative,0.95,5,negative,2,False,3,0.6,True,True,False,False,True,"BERTweet, Gemma"
Ugw0rV7Sx271jjvydTx4AaABAg.AIYVX3nbq9SAIp1Co9bTjU,@tatjanavelkova5814 IN NORTH MACEDONIA ARE SPEAKING A SERBINIZED DIALECT OF BULGARIAN LANGUAGE... ALWAYS AND FOREVER...,negative,positive,neutral,negative,0.75,positive,0.95,5,,3,False,0,0.0,False,False,False,False,False,
Ugw0rV7Sx271jjvydTx4AaABAg.AIYVX3nbq9SAIpRd66pxe1,<USER>-rv2bs MACEDONIAN LANGUAGE 25 CENTURIES ! ! !,neutral,positive,neutral,positive,0.98,negative,0.95,5,,3,False,0,0.0,False,False,False,False,False,
Ugw0rV7Sx271jjvydTx4AaABAg.AIYVX3nbq9SAIpSpt_Xq1v,@tatjanavelkova5814 IN NORTH MACEDONIA ARE SPEAKING A SERBINIZED DIALECT OF BULGARIAN LANGUAGE.. ALWAYS AND FOREVER,negative,positive,neutral,negative,0.7,positive,0.95,5,,3,False,0,0.0,False,False,False,False,False,
Ugw0rV7Sx271jjvydTx4AaABAg.AIYVX3nbq9SAIpweINf-HO,<USER>-rv2bs IN MACEDONIA --- MACEDONIAN LANGUAGE ! !,neutral,positive,neutral,negative,0.8,neutral,1.0,5,neutral,3,False,3,0.6,True,False,True,False,True,"NLPTown, Gemma"
Ugw0rV7Sx271jjvydTx4AaABAg.AIYVX3nbq9SAIpyQjYKNNI,@tatjanavelkova5814 IN NORTH MACEDONIA ARE SPEAKING A SERBINIZED DIALECT OF BULGARIAN LANGUAGE.. ALWAYS AND FOREVER,negative,positive,neutral,negative,0.7,positive,0.95,5,,3,False,0,0.0,False,False,False,False,False,
Ugw0rV7Sx271jjvydTx4AaABAg.AIYVX3nbq9SAIqRLHi2abO,<USER>-rv2bs Serbs.. u Danube. MACEDONIANS in MACEDONIA! !,neutral,negative,neutral,negative,0.8,negative,1.0,5,negative,2,False,3,0.6,False,True,False,True,True,"CardiffNLP, BERTweet"
Ugw0rV7Sx271jjvydTx4AaABAg.AIYVX3nbq9SAIqf-624f7v,<USER>-rv2bs MACEDONIAN LANGUAGE --- 25TH CENTURY! ! !,neutral,positive,neutral,negative,0.8,negative,0.95,5,,3,False,0,0.0,False,False,False,False,False,
Ugw0rV7Sx271jjvydTx4AaABAg.AIYVX3nbq9SAIqkyLUv__5,@tatjanavelkova5814 IN NORTH MACEDONIA ARE SPEAKING A SERBINIZED DIALECT OF BULGARIAN LANGUAGE... ALWAYS AND FOREVER...,negative,positive,neutral,negative,0.75,positive,0.95,5,,3,False,0,0.0,False,False,False,False,False,
Ugw0rV7Sx271jjvydTx4AaABAg.AIYVX3nbq9SAIsQuxuThiK,MACEDONIANS SPEAK MACEDONIAN LANGUAGE. 25 CENTURIES! ! !,neutral,positive,neutral,negative,0.8,positive,0.95,5,,3,False,0,0.0,False,False,False,False,False,
Ugw0rV7Sx271jjvydTx4AaABAg.AIYVX3nbq9SAIsUmFPauBj,@tatjanavelkova5814NOPE ...IN NORTH MACEDONIA ARE SPEAKING A SERBINIZED DIALECT OF BULGARIAN LANGUAGE... ALWAYS AND FOREVER...VIVA NORTH MACEDONIA,positive,positive,positive,negative,0.8,positive,0.95,5,positive,2,False,4,0.8,True,True,True,False,True,Gemma
Ugw0rV7Sx271jjvydTx4AaABAg.AIYVX3nbq9SAIwsh7Ty1AL,<USER>-rv2bs LONG LIVE M A K E D O N I Y A ! ! !,neutral,positive,positive,positive,0.98,positive,0.95,5,positive,2,False,4,0.8,False,True,True,True,True,CardiffNLP
Ugw0rV7Sx271jjvydTx4AaABAg.AIYVX3nbq9SAIwtE55Rhfe,<USER>-rv2bs MACEDONIAN LANGUAGE in MACEDONIA! ! !,neutral,positive,neutral,negative,0.8,negative,0.95,5,,3,False,0,0.0,False,False,False,False,False,
Ugw0rV7Sx271jjvydTx4AaABAg.AIYVX3nbq9SAIxlGl_cr0h,<USER>-rv2bs dialect.... out.,neutral,negative,neutral,negative,0.8,negative,0.9,5,negative,2,False,3,0.6,False,True,False,True,True,"CardiffNLP, BERTweet"
Ugw0rV7Sx271jjvydTx4AaABAg.AIYVX3nbq9SAIzE9dgfHmG,@tatjanavelkova5814 VIVA NORTH MACEDONIA... FROM 2018,positive,positive,neutral,positive,0.85,positive,0.95,5,positive,2,False,4,0.8,True,True,False,True,True,BERTweet
Ugw0rV7Sx271jjvydTx4AaABAg.AIYVX3nbq9SAIzEC9X_7YQ,@tatjanavelkova5814 IN NORTH MACEDONIA ARE SPEAKING A SERBINIZED DIALECT OF BULGARIAN LANGUAGE... ALWAYS AND FOREVER,negative,positive,neutral,negative,0.75,positive,0.95,5,,3,False,0,0.0,False,False,False,False,False,
Ugw0rV7Sx271jjvydTx4AaABAg.AIYVX3nbq9SAJ-Ms7aUvaa,<USER>-rv2bs MACEDONIANS SPEAK MACEDONIAN LANGUAGE ! !,neutral,negative,neutral,negative,0.8,negative,1.0,5,negative,2,False,3,0.6,False,True,False,True,True,"CardiffNLP, BERTweet"
Ugw0rV7Sx271jjvydTx4AaABAg.AIYVX3nbq9SAJ-N_h68CKc,@tatjanavelkova5814NOPE...IN NORTH MACEDONIA ARE SPEAKING A SERBINIZED DIALECT OF BULGARIAN LANGUAGE... ALWAYS AND FOREVER,negative,positive,neutral,negative,0.75,negative,0.95,5,negative,3,False,3,0.6,True,False,False,True,True,"NLPTown, BERTweet"
Ugw0rV7Sx271jjvydTx4AaABAg.AIYVX3nbq9SAJ-OMnQK3xb,<USER>-rv2bs MACEDONIAN LANGUAGE in MACEDONIA! ! !,neutral,positive,neutral,negative,0.8,negative,0.95,5,,3,False,0,0.0,False,False,False,False,False,
Ugw0rV7Sx271jjvydTx4AaABAg.AIYVX3nbq9SAJ0ooZTE5lC,<USER>-rv2bs MACEDONIAN LANGUAGE -- 25 CENTURIES ! ! !,neutral,positive,neutral,negative,0.8,negative,0.95,5,,3,False,0,0.0,False,False,False,False,False,
Ugw0rV7Sx271jjvydTx4AaABAg.AIYVX3nbq9SAJ3cwpz0UyW,@tatjanavelkova5814NOPE...IN NORTH MACEDONIA ARE SPEAKING A SERBINIZED DIALECT OF BULGARIAN LANGUAGE... ALWAYS AND FOREVER...,negative,negative,neutral,negative,0.8,negative,0.95,5,negative,2,False,4,0.8,True,True,False,True,True,BERTweet
Ugw0rV7Sx271jjvydTx4AaABAg.AIYVX3nbq9SAJ3cz_m0TnC,@tatjanavelkova5814NOPE...IN NORTH MACEDONIA ARE SPEAKING A SERBINIZED DIALECT OF BULGARIAN LANGUAGE... ALWAYS AND FOREVER,negative,positive,neutral,negative,0.75,negative,0.95,5,negative,3,False,3,0.6,True,False,False,True,True,"NLPTown, BERTweet"
Ugw0rV7Sx271jjvydTx4AaABAg.AIYVX3nbq9SAJ6tj7-Lu3F,IN MACEDONIA --- 25 CENTURIES MACEDONIAN LANGUAGE ! !,neutral,positive,neutral,negative,0.8,positive,0.95,5,,3,False,0,0.0,False,False,False,False,False,
Ugw0rV7Sx271jjvydTx4AaABAg.AIYVX3nbq9SAJ7Ei5Or2mV,@tatjanavelkova5814 IN NORTH MACEDONIA ARE SPEAKING A SERBINIZED DIALECT OF BULGARIAN LANGUAGE... ALWAYS AND FOREVER...,negative,positive,neutral,negative,0.75,positive,0.95,5,,3,False,0,0.0,False,False,False,False,False,
Ugw0rV7Sx271jjvydTx4AaABAg.AIYVX3nbq9SAJ988DN5AuV,<USER>-rv2bs dialect... 0. MACEDONIAN LANGUAGE --- 25 CENTURIES ! !,neutral,positive,neutral,negative,0.8,positive,1.0,5,,3,False,0,0.0,False,False,False,False,False,
Ugw0rV7Sx271jjvydTx4AaABAg.AIYVX3nbq9SAJ9H4ZaXzrz,@tatjanavelkova5814 THE TRUTH - IN NORTH MACEDONIA ARE SPEAKING A SERBINIZED DIALECT OF BULGARIAN LANGUAGE.. ALWAYS AND FOREVER,negative,negative,neutral,negative,0.8,positive,0.95,5,negative,3,False,3,0.6,True,True,False,True,False,"BERTweet, Llama"
Ugw0rV7Sx271jjvydTx4AaABAg.AIYVX3nbq9SAJ9dPQb9Ilz,. TRUTH: MACEDONIANS SPEAK MACEDONIAN LANGUAGE! !,neutral,negative,neutral,negative,0.8,positive,0.95,5,,3,False,0,0.0,False,False,False,False,False,
Ugw0rV7Sx271jjvydTx4AaABAg.AIYVX3nbq9SAJ9dnoueFuB,<USER>-rv2bs MACEDONIAN LANGUAGE in MACEDONIA! ! !,neutral,positive,neutral,negative,0.8,negative,0.95,5,,3,False,0,0.0,False,False,False,False,False,
Ugw0rV7Sx271jjvydTx4AaABAg.AIYVX3nbq9SAJBJY0C5-w-,<USER>-rv2bs TRUTH : IN MACEDONIA SPEAK MACEDONIAN LANGUAGE ! ! !,neutral,negative,neutral,negative,0.8,negative,0.95,5,negative,2,False,3,0.6,False,True,False,True,True,"CardiffNLP, BERTweet"
Ugw0rV7Sx271jjvydTx4AaABAg.AIYVX3nbq9SAJBLby_ewcT,@tatjanavelkova5814 REALITY: IN NORTH MACEDONIA ARE SPEAKING A SERBINIZED DIALECT OF BULGARIAN LANGUAGE... ALWAYS AND FOREVER,negative,negative,neutral,negative,0.75,positive,0.95,5,negative,3,False,3,0.6,True,True,False,True,False,"BERTweet, Llama"
Ugw0rV7Sx271jjvydTx4AaABAg.AIYVX3nbq9SAJBRtDPj0q5,<USER>-rv2bs serb... bulgar ? MACEDONIAN LANGUAGE --- 25 CENTURIES! !,neutral,negative,neutral,negative,0.8,negative,0.95,5,negative,2,False,3,0.6,False,True,False,True,True,"CardiffNLP, BERTweet"
Ugw0rV7Sx271jjvydTx4AaABAg.AIYVX3nbq9SAJBWbELQEB3,@tatjanavelkova5814AGAIN - IN NORTH MACEDONIA ARE SPEAKING A SERBINIZED DIALECT OF BULGARIAN LANGUAGE...LIKE YOU... ALWAYS AND FOREVER... ONLY IN NORTH MACEDONIA... FROM 2018,positive,negative,neutral,negative,0.8,negative,0.99,5,negative,3,False,3,0.6,False,True,False,True,True,"CardiffNLP, BERTweet"
Ugw0rV7Sx271jjvydTx4AaABAg.AIYVX3nbq9SAJBX5KONwva,@tatjanavelkova5814 IN NORTH MACEDONIA ARE SPEAKING A SERBINIZED DIALECT OF BULGARIAN LANGUAGE... LIKE YOU... ALWAYS AND FOREVER....,negative,positive,neutral,negative,0.8,negative,1.0,5,negative,3,False,3,0.6,True,False,False,True,True,"NLPTown, BERTweet"
Ugw0rV7Sx271jjvydTx4AaABAg.AIYVX3nbq9SAJBj4QoLmZr,<USER>-rv2bs you.... out. MACEDONIANS SPEAK MACEDONIAN LANGUAGE ! !,neutral,negative,negative,negative,0.8,negative,1.0,5,negative,2,False,4,0.8,False,True,True,True,True,CardiffNLP
Ugw0rV7Sx271jjvydTx4AaABAg.AIYVX3nbq9SAJBm75szuA7,<USER>-rv2bs MACEDONIAN LANGUAGE in MACEDONIA! !,neutral,positive,neutral,positive,0.85,negative,1.0,5,,3,False,0,0.0,False,False,False,False,False,
Ugw0rV7Sx271jjvydTx4AaABAg.AIYVX3nbq9SAJBmHlDG0tP,<USER>-rv2bs MACEDONIAN LANGUAGE in MACEDONIA. 25 CENTURIES! ! !,neutral,positive,neutral,positive,0.98,positive,0.95,5,positive,2,False,3,0.6,False,True,False,True,True,"CardiffNLP, BERTweet"
Ugw0rV7Sx271jjvydTx4AaABAg.AIYVX3nbq9SAJDJGuak4n0,@tatjanavelkova5814 IN NORTH MACEDONIA ARE SPEAKING A SERBINIZED DIALECT OF BULGARIAN LANGUAGE... ALWAYS AND FOREVER,negative,positive,neutral,negative,0.75,positive,0.95,5,,3,False,0,0.0,False,False,False,False,False,
Ugw0rV7Sx271jjvydTx4AaABAg.AIYVX3nbq9SAJDSsLw5yP_,<USER>-rv2bs dialect...####.,neutral,neutral,neutral,neutral,0.73,negative,0.9,5,neutral,2,False,4,0.8,True,True,True,True,False,Llama
Ugw0rV7Sx271jjvydTx4AaABAg.AIYVX3nbq9SAJDWe1FCbgf,@tatjanavelkova5814 IN NORTH MACEDONIA ARE SPEAKING A SERBINIZED DIALECT OF BULGARIAN LANGUAGE... ALWAYS AND FOREVER....VIVA NORTH MACEDONIA,negative,positive,neutral,negative,0.8,positive,0.95,5,,3,False,0,0.0,False,False,False,False,False,
Ugw0rV7Sx271jjvydTx4AaABAg.AIYVX3nbq9SAJDX7NNkvLD,<USER>-rv2bs you..... out. MACEDONIANS SPEAK MACEDONIAN LANGUAGE ! ! !,neutral,negative,negative,negative,0.8,negative,1.0,5,negative,2,False,4,0.8,False,True,True,True,True,CardiffNLP
Ugw0rV7Sx271jjvydTx4AaABAg.AIYVX3nbq9SAJDeUwwq_F3,@tatjanavelkova5814U...in Vardarot...and always and forever...In North Macedonia are speaking a SERBINIZED DIALECT OF BULGARIAN LANGUAGE....VIVA NORTH MACEDONIA...,positive,positive,neutral,negative,0.8,negative,0.95,5,,3,False,0,0.0,False,False,False,False,False,
Ugw0rV7Sx271jjvydTx4AaABAg.AIYVX3nbq9SAJDyMog0DS8,<USER>-rv2bs VARDAR --- RIVER IN MACEDONIA ! !,neutral,positive,neutral,neutral,0.85,positive,0.95,5,neutral,2,False,3,0.6,True,False,True,True,False,"NLPTown, Llama"
Ugw0rV7Sx271jjvydTx4AaABAg.AIYVX3nbq9SAJEN_1Xd0yL,@tatjanavelkova5814 ALWAYS AND FOREVER... VARDAROT - RIVER IN NORTH MACEDONIA....,positive,positive,neutral,neutral,0.85,positive,1.0,5,positive,2,False,3,0.6,True,True,False,False,True,"BERTweet, Gemma"
UgwSWl9uCT6Fl3wXJhd4AaABAg,"There are also northerners, there are also 3 other countries, blind people together,",negative,negative,neutral,neutral,0.85,negative,0.95,5,negative,2,False,3,0.6,True,True,False,False,True,"BERTweet, Gemma"
Ugxb6ZqGFArZIRQWNR94AaABAg,"What kind of pan-Slavism? Are you calling us Turks and Tatars? When you tell one lie, you have to tell another 100 lies to justify the first lie.",negative,negative,negative,negative,0.8,negative,0.95,5,negative,1,True,5,1.0,True,True,True,True,True,
Ugxb6ZqGFArZIRQWNR94AaABAg.AIYxi1W597tAJDTVafnH1R,. THIS IS MACEDONIAN MEDIUM! ! !,neutral,positive,neutral,negative,0.8,positive,0.95,5,,3,False,0,0.0,False,False,False,False,False,
Ugxb6ZqGFArZIRQWNR94AaABAg.AIYxi1W597tAJckuXTeVUY,"You, as Bulgarians, spoke a dialect of the Turkic language, Tangra Vera. You came to the Macedonian peninsula, you took the Slavic (Macedonian) language from the vicinity of Thessaloniki, the Greeks baptized you, you became Christians as a condition after the defeat with Byzantium. You kept the name Bulgarian, so you called the new language by that name. Why not they clearly, you have become Slavs. You know your origin, Tatar. The problem is that you want to deny, with lies, that you were Thracians and so on. We who gave you language and faith ""were Bulgarians"". Regards",neutral,positive,neutral,negative,0.8,negative,0.95,5,,3,False,0,0.0,False,False,False,False,False,
Ugxb6ZqGFArZIRQWNR94AaABAg.AIYxi1W597tAJd-zT_Tspp,<USER>-dm5vv That's how the Great Serbian propaganda lies to you. Macedonianism is a Great Serbian lie.,negative,negative,negative,negative,0.8,negative,0.95,5,negative,1,True,5,1.0,True,True,True,True,True,
Ugxb6ZqGFArZIRQWNR94AaABAg.AIYxi1W597tAJdg9c3ZCGx,PHILIP KINGDOM before 25 centuries. Byzantium before 13 centuries.,neutral,positive,neutral,neutral,0.85,neutral,1.0,5,neutral,2,False,4,0.8,True,False,True,True,True,NLPTown
Ugxb6ZqGFArZIRQWNR94AaABAg.AIYxi1W597tAJdnds74WGb,<USER>-dm5vv Your old Serbian lies.,negative,negative,negative,negative,0.8,negative,1.0,5,negative,1,True,5,1.0,True,True,True,True,True,
Ugxrb6IyYD1Mp-1rXOB4AaABAg,"Well, there was no one who was familiar with the Miladin brothers. Titus Macedonians 😂😂",negative,negative,neutral,negative,0.8,negative,0.9,5,negative,2,False,4,0.8,True,True,False,True,True,BERTweet
Ugxrb6IyYD1Mp-1rXOB4AaABAg.AIZ1zmI7VDaAId8dOTjsST,DIMITAR and KONSTANTIN born in Struga -- MACEDONIA. . MILADINO MARRIAGES ARE M A K E D O N C I ! !,negative,positive,negative,negative,0.8,negative,1.0,5,negative,2,False,4,0.8,True,False,True,True,True,NLPTown
Ugxrb6IyYD1Mp-1rXOB4AaABAg.AIZ1zmI7VDaAIdB3hO4hXU,MACEDONIAN PEOPLE --- 25TH CENTURY! ! Tito.. in Belgrade.,neutral,positive,neutral,negative,0.8,positive,0.95,5,,3,False,0,0.0,False,False,False,False,False,
Ugxrb6IyYD1Mp-1rXOB4AaABAg.AIZ1zmI7VDaAIfDYbSehNk,@tatjanavelkova5814 THEY HAVE ALWAYS BEEN BULGARIANS ❤️🇧🇬💪🇧🇬,positive,positive,negative,positive,0.92,positive,0.95,5,positive,2,False,4,0.8,True,True,False,True,True,BERTweet
Ugxrb6IyYD1Mp-1rXOB4AaABAg.AIZ1zmI7VDaAIfDaTNIuvl,@tatjanavelkova5814 IN NORTH MACEDONIA... NORTH MACEDONIANS... FROM 2018,neutral,positive,neutral,neutral,0.7,negative,0.9,5,neutral,3,False,3,0.6,True,False,True,True,False,"NLPTown, Llama"
Ugxrb6IyYD1Mp-1rXOB4AaABAg.AIZ1zmI7VDaAIfr5qzxKR2,MACEDONIANS 25 CENTURIES ARE MACEDONIANS! ! !,neutral,positive,positive,negative,0.8,positive,0.95,5,positive,3,False,3,0.6,False,True,True,False,True,"CardiffNLP, Gemma"
Ugxrb6IyYD1Mp-1rXOB4AaABAg.AIZ1zmI7VDaAIfrgAh6EaV,@tatjanavelkova5814 VIVA NORTH MACEDONIA.. FROM 2018,positive,positive,neutral,positive,0.85,positive,0.95,5,positive,2,False,4,0.8,True,True,False,True,True,BERTweet
UgyHBkVqWqO2EGcoEoN4AaABAg,"And Raiko Zinzifof, so we have the Macedonians incarcerated on him, Raiko cursed a bloody shirt. IN BULGARIA, my dear country, there is a small town called Prilep. That's where King Marko lived😂😂",negative,negative,negative,negative,0.8,neutral,0.85,5,negative,2,False,4,0.8,True,True,True,True,False,Llama
UgyHBkVqWqO2EGcoEoN4AaABAg.AIZ43FjbBTqAId7jPdLCt5,KING MARKO born in 1335 in Prilep -- MACEDONIA! ! !,neutral,positive,positive,positive,0.85,positive,1.0,5,positive,2,False,4,0.8,False,True,True,True,True,CardiffNLP
UgyHBkVqWqO2EGcoEoN4AaABAg.AIZ43FjbBTqAIfDNnT9qbS,@tatjanavelkova5814LIES FROM A PROVEN FULLY PAID SEVERDZAN TROLL FROM NORTH MACEDONIA WITH RUSSIAN NAME TATJANA WHO SPEAKS A SERBINIZED DIALECT OF BULGARIAN LANGUAGE...,negative,negative,negative,negative,0.8,negative,1.0,5,negative,1,True,5,1.0,True,True,True,True,True,
Ugzo-qg3Ohed9emGqxd4AaABAg,😂😂😂don't you have any shame breee😂,negative,positive,negative,negative,0.8,negative,1.0,5,negative,2,False,4,0.8,True,False,True,True,True,NLPTown
Ugzo-qg3Ohed9emGqxd4AaABAg.AIZ2t7E1QaMAJ6uCGgsmUD,. you.... bleey.,negative,negative,negative,negative,0.8,negative,1.0,5,negative,1,True,5,1.0,True,True,True,True,True,
Ugw46BiszmmPyWgg-r54AaABAg,He is mighty! Pčinjskobregalnica region of Serbia. Ljamevich's language! 🎉🎉🎉🎉,positive,positive,positive,positive,0.95,positive,0.95,5,positive,1,True,5,1.0,True,True,True,True,True,
Ugw46BiszmmPyWgg-r54AaABAg.AIYeRq6FQjQAId9MN9VASj,. The Bregalnica River has been in MACEDONIA for 25 centuries! !,neutral,positive,neutral,positive,0.85,positive,0.95,5,positive,2,False,3,0.6,False,True,False,True,True,"CardiffNLP, BERTweet"
Ugw46BiszmmPyWgg-r54AaABAg.AIYeRq6FQjQAIfDjltj-Ct,@tatjanavelkova5814NOPE ...IN NORTH MACEDONIA... FROM 2018,neutral,positive,neutral,neutral,0.7,negative,0.95,5,neutral,3,False,3,0.6,True,False,True,True,False,"NLPTown, Llama"
UgxNfVR3rb1IriRq_0J4AaABAg,You in RSM are Bibals/former Bulgarians/.Bibal.,neutral,negative,neutral,negative,0.8,negative,0.95,5,negative,2,False,3,0.6,False,True,False,True,True,"CardiffNLP, BERTweet"
UgxNfVR3rb1IriRq_0J4AaABAg.AIYe-rrWjfsAId9p-2LDCw,in MACEDONIA --- 25 CENTURY OF MACEDONIANS! ! !,neutral,positive,neutral,positive,0.85,positive,0.95,5,positive,2,False,3,0.6,False,True,False,True,True,"CardiffNLP, BERTweet"
UgxNfVR3rb1IriRq_0J4AaABAg.AIYe-rrWjfsAIfDxsVPjnr,@tatjanavelkova5814 VIVA NORTH MACEDONIA... FROM 2018,positive,positive,neutral,positive,0.85,positive,0.95,5,positive,2,False,4,0.8,True,True,False,True,True,BERTweet
UgxNfVR3rb1IriRq_0J4AaABAg.AIYe-rrWjfsAIfrNQE534i,<USER>-rv2bs LONG LIVE MACEDONIA! !,neutral,positive,positive,positive,0.98,positive,0.95,5,positive,2,False,4,0.8,False,True,True,True,True,CardiffNLP
UgxNfVR3rb1IriRq_0J4AaABAg.AIYe-rrWjfsAIfrmhnuNbK,@tatjanavelkova5814 VIVA NORTH MACEDONIA... FROM 2018,positive,positive,neutral,positive,0.85,positive,0.95,5,positive,2,False,4,0.8,True,True,False,True,True,BERTweet
UgxNfVR3rb1IriRq_0J4AaABAg.AIYe-rrWjfsAIfsA81LSgY,<USER>-rv2bs V I V A M A K E D O N I Y A ! ! !,neutral,negative,neutral,negative,0.8,negative,1.0,5,negative,2,False,3,0.6,False,True,False,True,True,"CardiffNLP, BERTweet"
UgxNfVR3rb1IriRq_0J4AaABAg.AIYe-rrWjfsAIft-kKsZHd,<USER>-rv2bs AND TATIANA LIVE IN MACEDONIA! ! yo.... where?,neutral,negative,neutral,negative,0.8,neutral,1.0,5,neutral,2,False,3,0.6,True,False,True,False,True,"NLPTown, Gemma"
UgxNfVR3rb1IriRq_0J4AaABAg.AIYe-rrWjfsAIfy2WxQmDV,@tatjanavelkova5814 VIVA NORTH MACEDONIA,positive,positive,neutral,positive,0.95,positive,1.0,5,positive,2,False,4,0.8,True,True,False,True,True,BERTweet
UgxNfVR3rb1IriRq_0J4AaABAg.AIYe-rrWjfsAIfy5ax43hr,@tatjanavelkova5814 YOU ARE A PROVEN FULLY PAID SEVERDZAN TROLL FROM NORTH MACEDONIA WITH RUSSIAN NAME TATJANA WHO SPEAKS A SERBINIZED DIALECT OF BULGARIAN LANGUAGE AND LITTLE ENGLISH...TO NOT FORGET THAT...,negative,negative,negative,negative,0.85,negative,1.0,5,negative,1,True,5,1.0,True,True,True,True,True,
Ugx7gX7P1maetqx1_x94AaABAg,"Koco racin, I write in Prosthesi BULGARIAN language 😂😂 what are you talking about bree tai te 😂",negative,negative,neutral,negative,0.8,positive,0.95,5,negative,3,False,3,0.6,True,True,False,True,False,"BERTweet, Llama"
Ugx7gX7P1maetqx1_x94AaABAg.AIZ35LacrZlAId8uP2nKeV,MACEDONIANS 25 CENTURIES SPEAK MACEDONIAN LANGUAGE ! !,neutral,positive,neutral,negative,0.8,positive,0.95,5,,3,False,0,0.0,False,False,False,False,False,
Ugx7gX7P1maetqx1_x94AaABAg.AIZ35LacrZlAIfDQJ2ENt5,@tatjanavelkova5814 IN NORTH MACEDONIA ARE SPEAKING A SERBINIZED DIALECT OF BULGARIAN LANGUAGE... ALWAYS AND FOREVER,negative,positive,neutral,negative,0.75,positive,0.95,5,,3,False,0,0.0,False,False,False,False,False,
Ugx7gX7P1maetqx1_x94AaABAg.AIZ35LacrZlAIfrG8oDJ4I,<USER>-rv2bs MACEDONIAN LANGUAGE in MACEDONIA ! !,neutral,positive,neutral,positive,0.85,negative,0.95,5,,3,False,0,0.0,False,False,False,False,False,
Ugx7gX7P1maetqx1_x94AaABAg.AIZ35LacrZlAIfrOWxV9aq,@tatjanavelkova5814 IN NORTH MACEDONIA ARE SPEAKING A SERBINIZED DIALECT OF BULGARIAN LANGUAGE... ALWAYS AND FOREVER,negative,positive,neutral,negative,0.75,positive,0.95,5,,3,False,0,0.0,False,False,False,False,False,
Ugx7gX7P1maetqx1_x94AaABAg.AIZ35LacrZlAIfrY--PYxN,@tatjanavelkova5814 IN NORTH MACEDONIA ARE SPEAKING A SERBINIZED DIALECT OF BULGARIAN LANGUAGE... ALWAYS AND FOREVER,negative,positive,neutral,negative,0.75,positive,0.95,5,,3,False,0,0.0,False,False,False,False,False,
Ugx7gX7P1maetqx1_x94AaABAg.AIZ35LacrZlAIfs3rmQfiA,<USER>-rv2bs MACEDONIAN LANGUAGE in MACEDONIA! ! !,neutral,positive,neutral,negative,0.8,negative,0.95,5,,3,False,0,0.0,False,False,False,False,False,
Ugx7gX7P1maetqx1_x94AaABAg.AIZ35LacrZlAIfsiKukGQd,MACEDONIANS HAVE BEEN SPEAKING THE MACEDONIAN LANGUAGE FOR 25 CENTURIES! ! !,negative,positive,neutral,negative,0.8,positive,0.95,5,,3,False,0,0.0,False,False,False,False,False,
Ugx7gX7P1maetqx1_x94AaABAg.AIZ35LacrZlAIfxqN5yNef,@tatjanavelkova5814 IN NORTH MACEDONIA ARE SPEAKING A SERBINIZED DIALECT OF BULGARIAN LANGUAGE.. ALWAYS AND FOREVER,negative,positive,neutral,negative,0.7,positive,0.95,5,,3,False,0,0.0,False,False,False,False,False,
Ugx7gX7P1maetqx1_x94AaABAg.AIZ35LacrZlAIfxtTxaqe5,@tatjanavelkova5814NOPE...IN NORTH MACEDONIA ARE SPEAKING A SERBINIZED DIALECT OF BULGARIAN LANGUAGE... ALWAYS AND FOREVER,negative,positive,neutral,negative,0.75,negative,0.95,5,negative,3,False,3,0.6,True,False,False,True,True,"NLPTown, BERTweet"
Ugx7gX7P1maetqx1_x94AaABAg.AIZ35LacrZlAIictJU5hct,<USER>-rv2bs MACEDONIAN LANGUAGE IN MACEDONIA ! ! !,neutral,positive,neutral,negative,0.8,negative,1.0,5,,3,False,0,0.0,False,False,False,False,False,
Ugx7gX7P1maetqx1_x94AaABAg.AIZ35LacrZlAIjUIis3owd,@tatjanavelkova5814 IN NORTH MACEDONIA ARE SPEAKING A SERBINIZED DIALECT OF BULGARIAN LANGUAGE... ALWAYS AND FOREVER,negative,positive,neutral,negative,0.75,positive,0.95,5,,3,False,0,0.0,False,False,False,False,False,
Ugx7gX7P1maetqx1_x94AaABAg.AIZ35LacrZlAIkv30zcXXE,<USER>-rv2bs dialect.... zero.,negative,negative,neutral,neutral,0.74,negative,0.95,5,negative,2,False,3,0.6,True,True,False,False,True,"BERTweet, Gemma"
Ugx7gX7P1maetqx1_x94AaABAg.AIZ35LacrZlAIkvLw3LLoA,@tatjanavelkova5814 IN NORTH MACEDONIA ARE SPEAKING A SERBINIZED DIALECT OF BULGARIAN LANGUAGE... ALWAYS AND FOREVER...,negative,positive,neutral,negative,0.75,positive,0.95,5,,3,False,0,0.0,False,False,False,False,False,
Ugx7gX7P1maetqx1_x94AaABAg.AIZ35LacrZlAIkw5rLIkXO,<USER>-rv2bs MACEDONIAN LANGUAGE ! ! ! dialect... zero.,neutral,negative,neutral,negative,0.8,negative,0.95,5,negative,2,False,3,0.6,False,True,False,True,True,"CardiffNLP, BERTweet"
Ugx7gX7P1maetqx1_x94AaABAg.AIZ35LacrZlAIkxVjTmOFp,@tatjanavelkova5814 IN NORTH MACEDONIA ARE SPEAKING A SERBINIZED DIALECT OF BULGARIAN LANGUAGE... ALWAYS AND FOREVER,negative,positive,neutral,negative,0.75,positive,0.95,5,,3,False,0,0.0,False,False,False,False,False,
Ugx7gX7P1maetqx1_x94AaABAg.AIZ35LacrZlAIl0w2F0L_H,<USER>-rv2bs MACEDONIAN LANGUAGE -- 25 CENTURIES ! ! !,neutral,positive,neutral,negative,0.8,negative,0.95,5,,3,False,0,0.0,False,False,False,False,False,
Ugx7gX7P1maetqx1_x94AaABAg.AIZ35LacrZlAIl2oG8NqOh,@tatjanavelkova5814 IN NORTH MACEDONIA... NORTH MACEDONIANS... FROM 2018,neutral,positive,neutral,neutral,0.7,negative,0.9,5,neutral,3,False,3,0.6,True,False,True,True,False,"NLPTown, Llama"
Ugx7gX7P1maetqx1_x94AaABAg.AIZ35LacrZlAIp11HwUSet,<USER>-rv2bs MACEDONIA IS MACEDONIA. MACEDONIANS ARE MACEDONIANS. 25 CENTURIES! ! !,neutral,positive,neutral,positive,0.85,positive,0.95,5,positive,2,False,3,0.6,False,True,False,True,True,"CardiffNLP, BERTweet"
Ugx7gX7P1maetqx1_x94AaABAg.AIZ35LacrZlAIpRsledXdd,<USER>-rv2bs MACEDONIA and MACEDONIANS --- 25TH CENTURY! ! !,neutral,positive,neutral,negative,0.8,positive,0.95,5,,3,False,0,0.0,False,False,False,False,False,
Ugx7gX7P1maetqx1_x94AaABAg.AIZ35LacrZlAIpwxZ0FYti,<USER>-rv2bs MACEDONIA IS MACEDONIA ! ! !,neutral,negative,positive,positive,0.95,positive,0.95,5,positive,3,False,3,0.6,False,False,True,True,True,"CardiffNLP, NLPTown"
Ugx7gX7P1maetqx1_x94AaABAg.AIZ35LacrZlAIzDr6fXMn_,@tatjanavelkova5814 VIVA NORTH MACEDONIA...FROM 2018,positive,positive,neutral,positive,0.85,positive,0.95,5,positive,2,False,4,0.8,True,True,False,True,True,BERTweet
Ugx7gX7P1maetqx1_x94AaABAg.AIZ35LacrZlAIzDt22MmZq,@tatjanavelkova5814 FOREVER NORTH MACEDONIA... FROM 2018,neutral,positive,neutral,positive,0.85,positive,0.95,5,positive,2,False,3,0.6,False,True,False,True,True,"CardiffNLP, BERTweet"
Ugx7gX7P1maetqx1_x94AaABAg.AIZ35LacrZlAIzDveCOs9s,@tatjanavelkova5814 NORTH MACEDONIA FOR NORTH MACEDONIANS... FROM 2018,neutral,positive,neutral,positive,0.85,positive,0.95,5,positive,2,False,3,0.6,False,True,False,True,True,"CardiffNLP, BERTweet"
Ugx7gX7P1maetqx1_x94AaABAg.AIZ35LacrZlAJ-N9ydOnFU,. MACEDONIA and MACEDONIANS --- 25 CENTURIES! ! !,neutral,positive,neutral,negative,0.8,positive,0.95,5,,3,False,0,0.0,False,False,False,False,False,
Ugx7gX7P1maetqx1_x94AaABAg.AIZ35LacrZlAJ-NSq2sxYW,@tatjanavelkova5814NOPE...VIVA NORTH MACEDONIA...FROM 2018,positive,positive,neutral,positive,0.85,positive,0.95,5,positive,2,False,4,0.8,True,True,False,True,True,BERTweet
UgxNZ5tVDJdDAo-xdcJ4AaABAg,ALL REVIVALS ARE BULGARIANS,negative,negative,neutral,negative,0.8,positive,0.95,5,negative,3,False,3,0.6,True,True,False,True,False,"BERTweet, Llama"
UgxNZ5tVDJdDAo-xdcJ4AaABAg.AIZ6P5KYNEwAId9-BinQlo,MACEDONIANS -- 25 CENTURIES! ! Bulgarians..140 years.,neutral,positive,neutral,negative,0.8,negative,0.95,5,,3,False,0,0.0,False,False,False,False,False,
UgxNZ5tVDJdDAo-xdcJ4AaABAg.AIZ6P5KYNEwAIfDDmkjCFx,@tatjanavelkova5814 NORTH MACEDONIA... FROM 2018... ALWAYS AND FOREVER...,neutral,positive,neutral,positive,0.93,positive,0.95,5,positive,2,False,3,0.6,False,True,False,True,True,"CardiffNLP, BERTweet"
UgxNZ5tVDJdDAo-xdcJ4AaABAg.AIZ6P5KYNEwAIfrBWPqDV6,MACEDONIA and MACEDONIANS --- 25 CENTURIES! ! !,neutral,positive,neutral,negative,0.8,positive,0.95,5,,3,False,0,0.0,False,False,False,False,False,
UgxNZ5tVDJdDAo-xdcJ4AaABAg.AIZ6P5KYNEwAIfrJw3u3Wr,@tatjanavelkova5814 IN NORTH MACEDONIA... NORTH MACEDONIANS... FROM 2018,neutral,positive,neutral,neutral,0.7,negative,0.9,5,neutral,3,False,3,0.6,True,False,True,True,False,"NLPTown, Llama"
UgxNZ5tVDJdDAo-xdcJ4AaABAg.AIZ6P5KYNEwAIfrzfq1kkS,<USER>-rv2bs where are you... live?,neutral,negative,neutral,negative,0.85,neutral,1.0,5,neutral,2,False,3,0.6,True,False,True,False,True,"NLPTown, Gemma"
UgxNZ5tVDJdDAo-xdcJ4AaABAg.AIZ6P5KYNEwAIfs_skKjML,<USER>-rv2bs MACEDONIA IS NAME ! !,neutral,positive,neutral,positive,0.95,positive,0.95,5,positive,2,False,3,0.6,False,True,False,True,True,"CardiffNLP, BERTweet"
UgxNZ5tVDJdDAo-xdcJ4AaABAg.AIZ6P5KYNEwAIfx58ZLh8h,Do you want to LAP@tatjanavelkova5814?,neutral,negative,neutral,negative,0.9,negative,0.9,5,negative,2,False,3,0.6,False,True,False,True,True,"CardiffNLP, BERTweet"
UgxNZ5tVDJdDAo-xdcJ4AaABAg.AIZ6P5KYNEwAIfxa4Hui0B,@tatjanavelkova5814 VIVA NORTH MACEDONIA... FROM 2018,positive,positive,neutral,positive,0.85,positive,0.95,5,positive,2,False,4,0.8,True,True,False,True,True,BERTweet
UgxNZ5tVDJdDAo-xdcJ4AaABAg.AIZ6P5KYNEwAIfxeDI86oI,@tatjanavelkova5814 DOES NOT MATTER...BUT YOU ARE A PROVEN FULLY PAID SEVERDZAN TROLL FROM NORTH MACEDONIA WITH RUSSIAN NAME TATJANA WHO SPEAKS A SERBINIZED DIALECT OF BULGARIAN LANGUAGE AND LITTLE ENGLISH...,negative,negative,negative,negative,0.85,negative,1.0,5,negative,1,True,5,1.0,True,True,True,True,True,
UgxNZ5tVDJdDAo-xdcJ4AaABAg.AIZ6P5KYNEwAIid4IDm90R,<USER>-rv2bs MACEDONIA FOR MACEDONIANS ! ! !,neutral,positive,neutral,positive,0.95,positive,0.95,5,positive,2,False,3,0.6,False,True,False,True,True,"CardiffNLP, BERTweet"
UgxNZ5tVDJdDAo-xdcJ4AaABAg.AIZ6P5KYNEwAIidiS-Sjoj,<USER>-rv2bs MACEDONIA 25 CENTURIES from KING PHILIP ! !,neutral,positive,neutral,negative,0.8,positive,0.95,5,,3,False,0,0.0,False,False,False,False,False,
UgxNZ5tVDJdDAo-xdcJ4AaABAg.AIZ6P5KYNEwAIjU9-MbldP,@tatjanavelkova5814 NORTH MACEDONIA... FOR NORTH MACEDONIANS... FROM 2018,neutral,positive,neutral,positive,0.85,positive,0.95,5,positive,2,False,3,0.6,False,True,False,True,True,"CardiffNLP, BERTweet"
UgxNZ5tVDJdDAo-xdcJ4AaABAg.AIZ6P5KYNEwAIjUBH_AiGW,@tatjanavelkova5814NOPE ... NORTH MACEDONIA... FROM 2018,neutral,positive,neutral,neutral,0.7,negative,0.95,5,neutral,3,False,3,0.6,True,False,True,True,False,"NLPTown, Llama"
UgxNZ5tVDJdDAo-xdcJ4AaABAg.AIZ6P5KYNEwAIkurhzbCv3,<USER>-rv2bs MACEDONIANS ARE MACEDONIANS. MACEDONIA IS MACEDONIA. 25 CENTURIES! ! !,neutral,positive,neutral,negative,0.8,positive,0.95,5,,3,False,0,0.0,False,False,False,False,False,
UgxNZ5tVDJdDAo-xdcJ4AaABAg.AIZ6P5KYNEwAIkxHajFbA3,@tatjanavelkova5814 IN NORTH MACEDONIA... NORTH MACEDONIANS... FROM 2018,neutral,positive,neutral,neutral,0.7,negative,0.9,5,neutral,3,False,3,0.6,True,False,True,True,False,"NLPTown, Llama"
UgxNZ5tVDJdDAo-xdcJ4AaABAg.AIZ6P5KYNEwAIl0jcHh6cm,. MACEDONIA and the MACEDONIAN PEOPLE --- 25TH CENTURY! ! !,neutral,positive,neutral,positive,0.85,positive,0.95,5,positive,2,False,3,0.6,False,True,False,True,True,"CardiffNLP, BERTweet"
UgxNZ5tVDJdDAo-xdcJ4AaABAg.AIZ6P5KYNEwAIzDaaZLI82,@tatjanavelkova5814 NORTH MACEDONIA... FROM 2018... ALWAYS AND FOREVER...,neutral,positive,neutral,positive,0.93,positive,0.95,5,positive,2,False,3,0.6,False,True,False,True,True,"CardiffNLP, BERTweet"
UgxNZ5tVDJdDAo-xdcJ4AaABAg.AIZ6P5KYNEwAIzDdKBjxR0,@tatjanavelkova5814 NORTH MACEDONIA... FROM 2018,neutral,positive,neutral,neutral,0.7,neutral,0.85,5,neutral,2,False,4,0.8,True,False,True,True,True,NLPTown
UgxNZ5tVDJdDAo-xdcJ4AaABAg.AIZ6P5KYNEwAJ-NHcWAoif,<USER>-rv2bs you from...2018.,neutral,negative,neutral,neutral,0.75,negative,0.95,5,neutral,2,False,3,0.6,True,False,True,True,False,"NLPTown, Llama"
UgxNZ5tVDJdDAo-xdcJ4AaABAg.AIZ6P5KYNEwAJ3c_dVx6yT,@tatjanavelkova5814 VIVA NORTH MACEDONIA...FROM 2018... ALWAYS AND FOREVER,positive,positive,positive,positive,0.95,positive,0.95,5,positive,1,True,5,1.0,True,True,True,True,True,
UgxNZ5tVDJdDAo-xdcJ4AaABAg.AIZ6P5KYNEwAJ6u0Uf4vmm,. V I V A M A K E D O N I Y A ! ! !,neutral,negative,neutral,negative,0.8,positive,0.95,5,,3,False,0,0.0,False,False,False,False,False,
UgxNZ5tVDJdDAo-xdcJ4AaABAg.AIZ6P5KYNEwAJ7EeJ295ZR,@tatjanavelkova5814 FOREVER NORTH MACEDONIA... FROM 2018,neutral,positive,neutral,positive,0.85,positive,0.95,5,positive,2,False,3,0.6,False,True,False,True,True,"CardiffNLP, BERTweet"
UgwYIdl2sOEdksYgDIV4AaABAg,"Haha...ha there were ""Macedonians and Macedonia""...but no one has seen and kept them...things like ""Macedonian books, written in the Macedonian language""....",neutral,negative,neutral,negative,0.5,negative,0.9,5,negative,2,False,3,0.6,False,True,False,True,True,"CardiffNLP, BERTweet"
UgwYIdl2sOEdksYgDIV4AaABAg.AIa6OWtOsXxAId9U5auTkB,"MACEDONIAN PEOPLE -- 25TH CENTURY. you... "" "".",negative,positive,neutral,negative,0.8,negative,1.0,5,negative,3,False,3,0.6,True,False,False,True,True,"NLPTown, BERTweet"
UgwYIdl2sOEdksYgDIV4AaABAg.AIa6OWtOsXxAIfD1LsWTMM,@tatjanavelkova5814 NORTH MACEDONIA... FROM 2018..,neutral,positive,neutral,neutral,0.7,neutral,0.85,5,neutral,2,False,4,0.8,True,False,True,True,True,NLPTown
Ugy7zHiRyHybnEtr5hB4AaABAg,"...your language is from Venko Markovski -1944, and Tito made you ""Macedonian by birth"" 50 years ago.",neutral,positive,neutral,negative,0.75,negative,0.95,5,,3,False,0,0.0,False,False,False,False,False,
Ugy7zHiRyHybnEtr5hB4AaABAg.AJvGLkP17veAJxL_eMmr6I,MACEDONIAN LANGUAGE -- 25 CENTURIES! ! Tito.. in Belgrade.,neutral,positive,neutral,negative,0.8,positive,0.95,5,,3,False,0,0.0,False,False,False,False,False,
Ugy7zHiRyHybnEtr5hB4AaABAg.AJvGLkP17veAJxq8bD0B6f,"@tatjanavelkova5814.... Venko invented your language in 1944, and Tito made you ""Macedonian by birth"" 50 years ago. , and now you can just lie and steal!!",negative,negative,negative,negative,0.8,negative,1.0,5,negative,1,True,5,1.0,True,True,True,True,True,
UgwppeW5hwZe85fWcZh4AaABAg,"Wrong name? The name is more than correct - it's just that there was no Macedonian nation. Now, it's all spin.",negative,negative,negative,negative,0.7,negative,0.9,5,negative,1,True,5,1.0,True,True,True,True,True,
UgwppeW5hwZe85fWcZh4AaABAg.AIYMewyFEx3AIYQQ_4ewjc,Angry Tatar's are everywhere 🤣,negative,negative,negative,negative,0.8,negative,1.0,5,negative,1,True,5,1.0,True,True,True,True,True,
UgwppeW5hwZe85fWcZh4AaABAg.AIYMewyFEx3AIYSYfW6nUo,"<USER> Are you obsessed with Tatars? It's probably because of the smaller Pechenegs who settled near the Vardar in the eleventh century. Blood does not make water. Otherwise, the Pechenegs as part of the Turco-Mongols were a decent people. Two centuries after the Pechenegs, a large horde of Nogai Tatars also came to the Vardar. Tatar Elevci, Nogaievci, Kumanovo, it's clear where the Tatars are. Macedonians look more like Tatars than Moesians and Thracians. It's because of the smaller Pechenegs...",negative,neutral,neutral,negative,0.72,negative,0.94,5,negative,2,False,3,0.6,True,False,False,True,True,"NLPTown, BERTweet"
UgwppeW5hwZe85fWcZh4AaABAg.AIYMewyFEx3AIYTRNOa-Xd,MACEDONIANS 25 CENTURIES ARE MACEDONIANS! ! !,neutral,positive,positive,negative,0.8,positive,0.95,5,positive,3,False,3,0.6,False,True,True,False,True,"CardiffNLP, Gemma"
UgwppeW5hwZe85fWcZh4AaABAg.AIYMewyFEx3AIYayoGRgti,"In fact, Tatars like you Mongol <USER> 🤣 are obsessed with Macedonians.",negative,negative,negative,negative,0.8,negative,0.95,5,negative,1,True,5,1.0,True,True,True,True,True,
UgwppeW5hwZe85fWcZh4AaABAg.AIYMewyFEx3AIYmcE-Yjga,"@hunter2149 Actually Tartars like you Mongol are obsessed with Mesians. It is written with commas, illiterate.",negative,negative,negative,negative,0.8,negative,0.95,5,negative,1,True,5,1.0,True,True,True,True,True,
UgwppeW5hwZe85fWcZh4AaABAg.AIYMewyFEx3AIYoBMXqnwx,"@hunter2149 Good luck, Bulgarian from AliExpress.",positive,negative,positive,negative,0.8,positive,0.95,5,positive,2,False,3,0.6,True,False,True,False,True,"NLPTown, Gemma"
UgwppeW5hwZe85fWcZh4AaABAg.AIYMewyFEx3AIYwc450RfJ,@hunter2149 what kind of Macedonians? Is it Sasha's? What did you smoke today?,neutral,negative,neutral,negative,0.8,negative,0.95,5,negative,2,False,3,0.6,False,True,False,True,True,"CardiffNLP, BERTweet"
UgwppeW5hwZe85fWcZh4AaABAg.AIYMewyFEx3AIZ2EOHFvOh,<USER> Ask your Tatar mother who smoked in the 90's 🟥🟥why did she turn out to be such a dumb Mongolian. 🤣,negative,negative,negative,negative,0.8,negative,1.0,5,negative,1,True,5,1.0,True,True,True,True,True,
UgwppeW5hwZe85fWcZh4AaABAg.AIYMewyFEx3AIZ6-FRzT2f,"<USER> In fact, Tartars like you, Mongol, are obsessed with Mysians.",negative,negative,negative,negative,0.8,negative,0.95,5,negative,1,True,5,1.0,True,True,True,True,True,
UgwppeW5hwZe85fWcZh4AaABAg.AIYMewyFEx3AIZ6XkBgKNm,"@hunter2149 Don't get upset, Bulgarian from AliExpress.",negative,negative,neutral,negative,0.8,negative,0.9,5,negative,2,False,4,0.8,True,True,False,True,True,BERTweet
UgwppeW5hwZe85fWcZh4AaABAg.AIYMewyFEx3AIdA3GSAbmc,25 centuries ago ALEXANDER OF MACEDONIA -- KING OF MACEDONIA! !,neutral,positive,positive,positive,0.85,positive,1.0,5,positive,2,False,4,0.8,False,True,True,True,True,CardiffNLP
UgwppeW5hwZe85fWcZh4AaABAg.AIYMewyFEx3AIdFe49fXX_,"<USER> What is written on marble inscriptions from the Macedonian Empire? Oh yes, I remembered: «ΕΓΏ, Ο ΈΛΛΛΗΝΑΣ ΑΛΈΞΑΝΔΡΟΣ».",neutral,negative,neutral,neutral,0.7,neutral,1.0,5,neutral,2,False,4,0.8,True,False,True,True,True,NLPTown
UgwppeW5hwZe85fWcZh4AaABAg.AIYMewyFEx3AIdUyuDchSn,"<USER> If anyone smoked, it was your mom, she smoked and blew it for 🟥🟥🤣",neutral,negative,neutral,negative,0.8,negative,0.95,5,negative,2,False,3,0.6,False,True,False,True,True,"CardiffNLP, BERTweet"
UgwppeW5hwZe85fWcZh4AaABAg.AIYMewyFEx3AIfEFDZcWT9,@tatjanavelkova5814 LIES FROM PROVEN FULLJ PAID SEVERDZAN TROLL FROM NORTH MACEDONIA WITH RUSSIAN NAME TATJANA WHO SPEAKS A SERBINIZED DIALECT OF BULGARIAN LANGUAGE AND LITTLE ENGLISH...,negative,negative,negative,negative,0.8,negative,1.0,5,negative,1,True,5,1.0,True,True,True,True,True,
UgwppeW5hwZe85fWcZh4AaABAg.AIYMewyFEx3AIfESn6PiaK,"@hunter2149 You, akal and for two reds ... you don't have ... a small-minded Tito Sarboman misunderstanding and a proven retarded troll...",negative,negative,negative,negative,0.8,negative,1.0,5,negative,1,True,5,1.0,True,True,True,True,True,
UgwppeW5hwZe85fWcZh4AaABAg.AIYMewyFEx3AIfEYBXEiWi,"@hunter2149 Take your pills, regular proven severdzan fully paid troll from North Macedonia with Albanian roots...",negative,negative,negative,negative,0.8,negative,1.0,5,negative,1,True,5,1.0,True,True,True,True,True,
Ugz-9Cfbm0PAk7MUKjd4AaABAg,"BRAVOOOOO, YES it lives, COMINTERNA, of course!?!?!?!?!?!?!",positive,negative,positive,positive,0.98,positive,0.95,5,positive,2,False,4,0.8,True,False,True,True,True,NLPTown
UgxE5zrNMM9EPQHNlix4AaABAg,The Thracians are another Bulgarian lie that today's Bulgarians are related to them and that the Thracian language has no continuity,negative,negative,negative,negative,0.8,negative,0.95,5,negative,1,True,5,1.0,True,True,True,True,True,
UgxE5zrNMM9EPQHNlix4AaABAg.AIc4cWumIn0AIi83VJyAIn,<URL>,neutral,neutral,neutral,negative,0.8,negative,0.75,5,neutral,2,False,3,0.6,True,True,True,False,False,"Gemma, Llama"
UgxE5zrNMM9EPQHNlix4AaABAg.AIc4cWumIn0AIiOWuZqq0Y,"You don't say anything with that video, here the problem is completely different, it is not possible to prove our origin culturally according to Europe, we use Cyrillic and it was created in the 9th century and before that?",negative,negative,negative,negative,0.75,negative,0.94,5,negative,1,True,5,1.0,True,True,True,True,True,
UgxE5zrNMM9EPQHNlix4AaABAg.AIc4cWumIn0AIiP9-xD6py,"@stevonedelkovski-dp1rk You are from 1945, what kind of 9th century?",neutral,negative,neutral,negative,0.75,negative,1.0,5,negative,2,False,3,0.6,False,True,False,True,True,"CardiffNLP, BERTweet"
UgxE5zrNMM9EPQHNlix4AaABAg.AIc4cWumIn0AIiPS3wK7VK,@stevonedelkovski-dp1rkWhat would you say?<URL>,neutral,negative,neutral,neutral,0.65,neutral,0.95,5,neutral,2,False,4,0.8,True,False,True,True,True,NLPTown
UgxE5zrNMM9EPQHNlix4AaABAg.AIc4cWumIn0AIidDseXAGu,1945 MACEDONIAN PEOPLE freed themselves from Hitler. and from fascists! !,negative,negative,positive,positive,0.8947,positive,0.95,5,positive,2,False,3,0.6,False,False,True,True,True,"CardiffNLP, NLPTown"
UgxE5zrNMM9EPQHNlix4AaABAg.AIc4cWumIn0AIjU1BZdb67,@tatjanavelkova5814 VIVA NORTH MACEDONIA... FROM 2018,positive,positive,neutral,positive,0.85,positive,0.95,5,positive,2,False,4,0.8,True,True,False,True,True,BERTweet
UgxE5zrNMM9EPQHNlix4AaABAg.AIc4cWumIn0AIkv73S_4Gj,<USER>-rv2bs MACEDONIA --- 25 CENTURIES ! ! !,neutral,positive,neutral,negative,0.8,positive,0.95,5,,3,False,0,0.0,False,False,False,False,False,
UgxE5zrNMM9EPQHNlix4AaABAg.AIc4cWumIn0AIkvO7wpuTG,@tatjanavelkova5814 NORTH MACEDONIA.. FROM 2018,neutral,positive,neutral,neutral,0.73,neutral,0.85,5,neutral,2,False,4,0.8,True,False,True,True,True,NLPTown
UgxJqux325SDwfV4uZN4AaABAg,"Until August 2, 1944, there were neither Macedonians nor the Macedonian language. What nonsense you are talking, read the archives.",negative,negative,negative,negative,0.65,negative,0.95,5,negative,1,True,5,1.0,True,True,True,True,True,
UgxJqux325SDwfV4uZN4AaABAg.AIZFs_PfBZRAId9i76-7nm,1944 MACEDONIAN PEOPLE freed themselves from Hitler. and from fascists! !,negative,negative,positive,positive,0.85,positive,0.95,5,positive,2,False,3,0.6,False,False,True,True,True,"CardiffNLP, NLPTown"
UgxJqux325SDwfV4uZN4AaABAg.AIZFs_PfBZRAIdBPneoSzo,MACEDONIAN LANGUAGE -- 25 CENTURIES! ! you...0.,neutral,positive,neutral,negative,0.8,negative,0.95,5,,3,False,0,0.0,False,False,False,False,False,
UgxJqux325SDwfV4uZN4AaABAg.AIZFs_PfBZRAIfD97hUx8d,@tatjanavelkova5814 VIVA NORTH MACEDONIA... FROM 2018,positive,positive,neutral,positive,0.85,positive,0.95,5,positive,2,False,4,0.8,True,True,False,True,True,BERTweet
UgxJqux325SDwfV4uZN4AaABAg.AIZFs_PfBZRAIfDAibmfC4,@tatjanavelkova5814 IN NORTH MACEDONIA ARE SPEAKING A SERBINIZED DIALECT OF BULGARIAN LANGUAGE... ALWAYS AND FOREVER,negative,positive,neutral,negative,0.75,positive,0.95,5,,3,False,0,0.0,False,False,False,False,False,
UgxJqux325SDwfV4uZN4AaABAg.AIZFs_PfBZRAIfrSX2tBsG,<USER>-rv2bs your dialect... zero.,negative,negative,neutral,negative,0.8,negative,0.95,5,negative,2,False,4,0.8,True,True,False,True,True,BERTweet
UgxJqux325SDwfV4uZN4AaABAg.AIZFs_PfBZRAIfsGbkB1rH,<USER>-rv2bs MACEDONIANS SPEAK MACEDONIAN LANGUAGE ! !,neutral,negative,neutral,negative,0.8,negative,1.0,5,negative,2,False,3,0.6,False,True,False,True,True,"CardiffNLP, BERTweet"
UgxJqux325SDwfV4uZN4AaABAg.AIZFs_PfBZRAIft4nqaQUI,<USER>-rv2bs you speak.... blah--blah.,negative,negative,negative,neutral,0.65,negative,0.94,5,negative,2,False,4,0.8,True,True,True,False,True,Gemma
UgxJqux325SDwfV4uZN4AaABAg.AIZFs_PfBZRAIfxSFUvmWL,@tatjanavelkova5814 IN NORTH MACEDONIA ARE SPEAKING A SERBINIZED DIALECT OF BULGARIAN LANGUAGE... ALWAYS AND FOREVER...,negative,positive,neutral,negative,0.75,positive,0.95,5,,3,False,0,0.0,False,False,False,False,False,
UgxJqux325SDwfV4uZN4AaABAg.AIZFs_PfBZRAIfxUYS6c-k,@tatjanavelkova5814 IN NORTH MACEDONIA ARE SPEAKING A SERBINIZED DIALECT OF BULGARIAN LANGUAGE... ALWAYS AND FOREVER...,negative,positive,neutral,negative,0.75,positive,0.95,5,,3,False,0,0.0,False,False,False,False,False,
UgxJqux325SDwfV4uZN4AaABAg.AIZFs_PfBZRAIfxXPPkQPE,@tatjanavelkova5814 JOU TO SPEAK A SERBINIZED DIALECT OF BULGARIAN LANGUAGE... ALWAYS AND FOREVER,neutral,positive,neutral,negative,0.8,positive,0.95,5,,3,False,0,0.0,False,False,False,False,False,
UgxJqux325SDwfV4uZN4AaABAg.AIZFs_PfBZRAIid-LVxoOp,<USER>-rv2bs MACEDONIANS SPEAK MACEDONIAN LANGUAGE ! !,neutral,negative,neutral,negative,0.8,negative,1.0,5,negative,2,False,3,0.6,False,True,False,True,True,"CardiffNLP, BERTweet"
UgxJqux325SDwfV4uZN4AaABAg.AIZFs_PfBZRAIjU5Qi9ZYT,@tatjanavelkova5814 IN NORTH MACEDONIA ARE SPEAKING A SERBINIZED DIALECT OF BULGARIAN LANGUAGE... ALWAYS AND FOREVER,negative,positive,neutral,negative,0.75,positive,0.95,5,,3,False,0,0.0,False,False,False,False,False,
UgxJqux325SDwfV4uZN4AaABAg.AIZFs_PfBZRAIkuy9uXhG3,<USER>-rv2bs MACEDONIANS SPEAK MACEDONIAN LANGUAGE ! !,neutral,negative,neutral,negative,0.8,negative,1.0,5,negative,2,False,3,0.6,False,True,False,True,True,"CardiffNLP, BERTweet"
UgxJqux325SDwfV4uZN4AaABAg.AIZFs_PfBZRAIkxCN1RSVq,@tatjanavelkova5814 IN NORTH MACEDONIA ARE SPEAKING A SERBINIZED DIALECT OF BULGARIAN LANGUAGE... ALWAYS AND FOREVER,negative,positive,neutral,negative,0.75,positive,0.95,5,,3,False,0,0.0,False,False,False,False,False,
UgxJqux325SDwfV4uZN4AaABAg.AIZFs_PfBZRAIl0q2tTihK,<USER>-rv2bs dialect __ __ .,neutral,positive,neutral,neutral,0.74,negative,0.95,5,neutral,3,False,3,0.6,True,False,True,True,False,"NLPTown, Llama"
UgxJqux325SDwfV4uZN4AaABAg.AIZFs_PfBZRAIl2fQbe5L5,@tatjanavelkova5814 IN NORTH MACEDONIA ARE SPEAKING A SERBINIZED DIALECT OF BULGARIAN LANGUAGE... ALWAYS AND FOREVER,negative,positive,neutral,negative,0.75,positive,0.95,5,,3,False,0,0.0,False,False,False,False,False,
UgxJqux325SDwfV4uZN4AaABAg.AIZFs_PfBZRAIp18-v_bij,<USER>-rv2bs MACEDONIAN LANGUAGE 25 CENTURIES ! ! !,neutral,positive,neutral,positive,0.98,negative,0.95,5,,3,False,0,0.0,False,False,False,False,False,
UgxJqux325SDwfV4uZN4AaABAg.AIZFs_PfBZRAIp1RcIs1xY,@tatjanavelkova5814 NORTH MACEDONIA... FROM 2018,neutral,positive,neutral,neutral,0.7,neutral,0.85,5,neutral,2,False,4,0.8,True,False,True,True,True,NLPTown
UgxJqux325SDwfV4uZN4AaABAg.AIZFs_PfBZRAIpRxSXGDye,<USER>-rv2bs MACEDONIA IS NAME ! ! !,neutral,positive,positive,negative,0.8,positive,0.95,5,positive,3,False,3,0.6,False,True,True,False,True,"CardiffNLP, Gemma"
UgxJqux325SDwfV4uZN4AaABAg.AIZFs_PfBZRAIpSioB5dhD,@tatjanavelkova5814 NORTH MACEDONIA IS YOUR COUNTRY...PLUS YOU ARE A PROVEN FULLY PAID SEVERDZAN TROLL FROM NORTH MACEDONIA WITH RUSSIAN NAME TATJANA WHO SPEAKS A SERBINIZED DIALECT OF BULGARIAN LANGUAGE AND LITTLE ENGLISH...VIVA NORTH MACEDONIA...,negative,negative,negative,negative,0.8,negative,0.99,5,negative,1,True,5,1.0,True,True,True,True,True,
UgxJqux325SDwfV4uZN4AaABAg.AIZFs_PfBZRAIuSzUSoSKk,"Oh blind man, you have nothing, Macedonia, Bulgaria are two different concepts",negative,negative,negative,negative,0.75,negative,0.95,5,negative,1,True,5,1.0,True,True,True,True,True,
UgyL7PyPeqIBczLlsEV4AaABAg,"Professor, don't you feel traumatized that your parents gave you a Serbian name?",negative,negative,negative,negative,0.8,negative,0.95,5,negative,1,True,5,1.0,True,True,True,True,True,
UgyL7PyPeqIBczLlsEV4AaABAg.AIYeQAep9FZAIdADXYA8IU,MACEDONIANS 25 CENTURIES ARE WITH MACEDONIAN NAMES! !,neutral,positive,positive,positive,0.85,positive,0.95,5,positive,2,False,4,0.8,False,True,True,True,True,CardiffNLP
UgyL7PyPeqIBczLlsEV4AaABAg.AIYeQAep9FZAIfDvW2FNKn,@tatjanavelkova5814 IN NORTH MACEDONIA... BULGARIAN LANGUAGE AND NAMES...,neutral,positive,neutral,negative,0.75,negative,0.95,5,,3,False,0,0.0,False,False,False,False,False,
UgzQkWJLLsdiYIx3uvJ4AaABAg,"Monster and alphabet are words from the source of Macedonian artificial culture and traditions / my grandmother's panties, my grandfather's pencil cases.",neutral,positive,neutral,negative,0.8,negative,0.95,5,,3,False,0,0.0,False,False,False,False,False,
UgzQkWJLLsdiYIx3uvJ4AaABAg.AIYytCr9BiWAIp1UAhiu_1,MACEDONIANS HAVE A MACEDONIAN GRANDFATHER FOR 25 CENTURIES! !,positive,positive,neutral,negative,0.8,positive,0.95,5,positive,3,False,3,0.6,True,True,False,False,True,"BERTweet, Gemma"
UgzQkWJLLsdiYIx3uvJ4AaABAg.AIYytCr9BiWAIzDziOriPl,@tatjanavelkova5814 FOREVER NORTH MACEDONIA... FROM 2018,neutral,positive,neutral,positive,0.85,positive,0.95,5,positive,2,False,3,0.6,False,True,False,True,True,"CardiffNLP, BERTweet"
UgxRvgpGxY_DnPWj_rR4AaABAg,"Since the appearance of the marriage of Cyril and Methodia in Bulgarian history, Bulgaria ceases to be a barbaric Asian, it was written by Cyril Christov 1875_1944 Bulgarian poets, writer and translator of the book ""tumultuous years""😂😂",negative,positive,neutral,positive,0.82,positive,0.95,5,positive,3,False,3,0.6,False,True,False,True,True,"CardiffNLP, BERTweet"
UgxRvgpGxY_DnPWj_rR4AaABAg.AIenXeJaliPAIfCzDIdcVx,LIES FROM A PROVEN FULLJ PAID SEVERDZAN TROLL FROM NORTH MACEDONIA WITH NAME VANGELIA WHO SPEAKS A SERBINIZED DIALECT OF BULGARIAN LANGUAGE... ALWAYS AND FOREVER... VIVA NORTH MACEDONIA...,negative,positive,negative,negative,0.85,negative,1.0,5,negative,2,False,4,0.8,True,False,True,True,True,NLPTown
UgxRvgpGxY_DnPWj_rR4AaABAg.AIenXeJaliPAIfswEFry1u,12 centuries ago KYRILL and METHODIUS -- AUTHORS OF THE VERB! !,neutral,positive,neutral,positive,0.95,positive,0.95,5,positive,2,False,3,0.6,False,True,False,True,True,"CardiffNLP, BERTweet"
UgxRvgpGxY_DnPWj_rR4AaABAg.AIenXeJaliPAIftpWbru0L,MACEDONIAN HISTORY 25 CENTURIES! ! Bulgaria..140 years.,neutral,positive,neutral,negative,0.6,negative,0.95,5,,3,False,0,0.0,False,False,False,False,False,
UgxRvgpGxY_DnPWj_rR4AaABAg.AIenXeJaliPAIfx7aVGJ0M,@tatjanavelkova5814NOPE... THEY HAVE CREATED A BULGARIAN ALPHABET....🇧🇬❤️💪🇧🇬,positive,positive,neutral,positive,0.92,positive,0.95,5,positive,2,False,4,0.8,True,True,False,True,True,BERTweet
UgxRvgpGxY_DnPWj_rR4AaABAg.AIenXeJaliPAIfxB6gJ7af,@tatjanavelkova5814 NORTH MACEDONIA... FROM 2018... ALWAYS AND FOREVER,neutral,positive,neutral,positive,0.95,positive,0.95,5,positive,2,False,3,0.6,False,True,False,True,True,"CardiffNLP, BERTweet"
UgxRvgpGxY_DnPWj_rR4AaABAg.AIenXeJaliPAIidNmP4G-h,<USER>-rv2bs bg 0. MACEDONIAN LANGUAGE 25 CENTURIES ! !,neutral,negative,neutral,negative,0.8,negative,0.95,5,negative,2,False,3,0.6,False,True,False,True,True,"CardiffNLP, BERTweet"
UgxRvgpGxY_DnPWj_rR4AaABAg.AIenXeJaliPAIjTyi85P-c,@tatjanavelkova5814 IN NORTH MACEDONIA ARE SPEAKING A SERBINIZED DIALECT OF BULGARIAN LANGUAGE... ALWAYS AND FOREVER,negative,positive,neutral,negative,0.75,positive,0.95,5,,3,False,0,0.0,False,False,False,False,False,
UgxRvgpGxY_DnPWj_rR4AaABAg.AIenXeJaliPAIkvE47hEST,<USER>-rv2bs you 0. MACEDONIAN LANGUAGE 25 CENTURIES ! !,neutral,negative,neutral,negative,0.8,negative,0.95,5,negative,2,False,3,0.6,False,True,False,True,True,"CardiffNLP, BERTweet"
UgxRvgpGxY_DnPWj_rR4AaABAg.AIenXeJaliPAIkwBARVaV0,<USER>-rv2bs flj in.... bg vc.,neutral,negative,neutral,negative,0.8,negative,0.95,5,negative,2,False,3,0.6,False,True,False,True,True,"CardiffNLP, BERTweet"
UgxRvgpGxY_DnPWj_rR4AaABAg.AIenXeJaliPAIkwz_ACMbJ,@tatjanavelkova5814U...in Vardarot (North Macedonia)...VIVA NORTH MACEDONIA.. FROM 2018,positive,positive,neutral,positive,0.85,positive,0.95,5,positive,2,False,4,0.8,True,True,False,True,True,BERTweet
UgxRvgpGxY_DnPWj_rR4AaABAg.AIenXeJaliPAIkx43pkSBv,@tatjanavelkova5814 And you even -1... FOREVER NORTH MACEDONIA... FROM 2018,neutral,positive,negative,negative,0.8,negative,0.95,5,negative,3,False,3,0.6,False,False,True,True,True,"CardiffNLP, NLPTown"
UgxRvgpGxY_DnPWj_rR4AaABAg.AIenXeJaliPAIl133ehrYr,<USER>-rv2bs VARDAR -- 25 CENTURIES MACEDONIAN RIVER ! !,neutral,positive,neutral,positive,0.98,positive,0.95,5,positive,2,False,3,0.6,False,True,False,True,True,"CardiffNLP, BERTweet"
UgxRvgpGxY_DnPWj_rR4AaABAg.AIenXeJaliPAIl2T4HhRg_,@tatjanavelkova5814 VARDAROT - RIVER IN NORTH MACEDONIA.. FROM 2018,neutral,positive,neutral,neutral,0.85,neutral,1.0,5,neutral,2,False,4,0.8,True,False,True,True,True,NLPTown
UgyTudDEE60u6jILaiN4AaABAg,"I'm curious, does this woman believe what she says? ""The Miladino brothers did not know and made a mistake."" ""That was a mistake."" She is educated enough and I'm sure she says one thing and thinks another?",negative,negative,negative,negative,0.7,negative,0.95,5,negative,1,True,5,1.0,True,True,True,True,True,
UgyNZrzIvHVTPxThlrh4AaABAg,THERE IS NO MACEDONIA,negative,negative,negative,negative,0.8,negative,1.0,5,negative,1,True,5,1.0,True,True,True,True,True,
UgyNZrzIvHVTPxThlrh4AaABAg.AIZ4jx2SMA8AId9uV1lok1,MACEDONIA 25 CENTURIES IS MACEDONIA! ! !,neutral,positive,positive,positive,0.98,positive,0.95,5,positive,2,False,4,0.8,False,True,True,True,True,CardiffNLP
UgyNZrzIvHVTPxThlrh4AaABAg.AIZ4jx2SMA8AIfDGN8IsQ1,@tatjanavelkova5814 VIVA NORTH MACEDONIA... FROM 2018,positive,positive,neutral,positive,0.85,positive,0.95,5,positive,2,False,4,0.8,True,True,False,True,True,BERTweet
UgyNZrzIvHVTPxThlrh4AaABAg.AIZ4jx2SMA8AIfrZU1T6CE,<USER>-rv2bs MACEDONIA 25TH CENTURY IS MACEDONIA! !,neutral,positive,positive,positive,0.98,positive,0.95,5,positive,2,False,4,0.8,False,True,True,True,True,CardiffNLP
UgyNZrzIvHVTPxThlrh4AaABAg.AIZ4jx2SMA8AIfxhka3b2s,@tatjanavelkova5814NOPE ... FOREVER NORTH MACEDONIA... FROM 2018,neutral,positive,neutral,neutral,0.75,negative,0.95,5,neutral,3,False,3,0.6,True,False,True,True,False,"NLPTown, Llama"
UgyLuR3z2INg1a8sbF54AaABAg,That's how G. Kovacevski has been playing and oppressing Macedonia for quite some time. And also a big thank you for the support of Macedonia from G. VUCIT AND G. RAMA.,positive,positive,neutral,negative,0.5,negative,0.95,5,,3,False,0,0.0,False,False,False,False,False,
UgytImLf2AJbdH22aW14AaABAg,How does Bulgaria say thank you in their own language? French preposition :D,neutral,negative,positive,neutral,0.78,neutral,1.0,5,neutral,3,False,3,0.6,True,False,False,True,True,"NLPTown, BERTweet"
UgzTc51CKZmaV4ToELx4AaABAg,SE plaisi from the people. the blacksmith,neutral,negative,neutral,positive,0.85,positive,0.95,5,,3,False,0,0.0,False,False,False,False,False,
UgwinfxjhigvksgFbtV4AaABAg,"With this veto and your impossible demands you know you just made another enemy. Then ask yourself why we are close to Serbia. And they are not flowers to be smelled, they have crazy ideas about us, like we are ""Southern Serbs"", but at least that is not in their official policy and they know how to mess with us.",negative,negative,negative,negative,0.5,negative,0.95,5,negative,1,True,5,1.0,True,True,True,True,True,
UgwinfxjhigvksgFbtV4AaABAg.9ccVXPPmUrj9ccZ7OxXGav,Okay,neutral,neutral,neutral,neutral,0.74,neutral,0.85,5,neutral,1,True,5,1.0,True,True,True,True,True,
UgwinfxjhigvksgFbtV4AaABAg.9ccVXPPmUrj9cccpZpntMu,"???????? THAT'S IT, SIT YOU A SOUTHERN SERAB FROM BANOVINA, SIT YOU A TARTAR FROM THE NORTHERN PART OF THE CELL TERRITORY OF MACEDONIA, WHERE IN THE 13TH CENTURY THE TATAR WOMEN SETTLED IN NOGAI THEN THEY CREATED TARTAR ELEVCI, NOGAJCI, TATARLI, KUMANOVO, TATARS....... SIT YOU HUNZA S KRAL MIR GHAZAN FAR ALI KHAN, SIT YOU GYPTIN, SIT YOU ANCIENT HEIR OF THE ANCIENT HELLENIC GAY MEGA ALEXANDROS BE WHAT YOU WANT AFTER 1945 HOW COMRADE TITO SAID I WILL MAKE YOU A LANGUAGE, I WILL MAKE YOU A LITERATURE, I ALSO DO NORTH MACEDONIANS.<URL> WHY ARE YOU SO PROS WHEN YOU AND YOUR FRIENDS TITO LET THE GRACE ARMY HIT THEIR CHEST BY ALLOWING THE AEGEAN PARTISANS TO PASS THROUGH THE YUGOSLAV BORDER ???? SO WAS IT NOT TITO WHO COMMANDED THE ARMY TO SHOOT AT THE AEGEAN PARTISANS IN GRACE TERRITORY????? ONLY SHOPLIFTERS AND WORKMANS LIKE YOU TALK LIKE THAT.",negative,negative,neutral,negative,0.8,negative,0.94,5,negative,2,False,4,0.8,True,True,False,True,True,BERTweet
UgwinfxjhigvksgFbtV4AaABAg.9ccVXPPmUrj9ccfKUpRVCm,<USER> I didn't understand anything you wrote.,negative,negative,negative,neutral,0.75,neutral,0.8,5,negative,2,False,3,0.6,True,True,True,False,False,"Gemma, Llama"
UgwinfxjhigvksgFbtV4AaABAg.9ccVXPPmUrj9cdR-PqgsgO,"Yes, that's right. But you are an enemy even now, that is, in the current generation of ""Macedonians"" we do not seek change or friendship. We pushed him in 1999, and one more time in 2017. You refused, brutally and with lies. We want to remove the falsifications in history - so that your grandchildren (yes, not children, but grandchildren), understand our closeness. You are already a ""lost"" generation. I apologize for the frankness.",negative,negative,negative,negative,0.8,negative,0.95,5,negative,1,True,5,1.0,True,True,True,True,True,
UgxDNEF0v6uKO42HHUN4AaABAg,"Well, that means you don't want to join the EU 🤣🇧🇬🇧🇬🇧🇬",negative,neutral,negative,negative,0.8,negative,0.95,5,negative,2,False,4,0.8,True,False,True,True,True,NLPTown
UgxDNEF0v6uKO42HHUN4AaABAg.9ccD_9Paa7g9ccECXQXL7y,TARTAR🖕🖕🖕,neutral,positive,neutral,negative,0.8,negative,1.0,5,,3,False,0,0.0,False,False,False,False,False,
UgxDNEF0v6uKO42HHUN4AaABAg.9ccD_9Paa7g9ccEYr1326k,<USER> Shiptar to swallow the cellia 🤣,neutral,negative,neutral,negative,0.8,negative,0.95,5,negative,2,False,3,0.6,False,True,False,True,True,"CardiffNLP, BERTweet"
UgxDNEF0v6uKO42HHUN4AaABAg.9ccD_9Paa7g9ccFdRdKH07,<USER> cig@nin,neutral,negative,neutral,negative,0.7,negative,0.8,5,negative,2,False,3,0.6,False,True,False,True,True,"CardiffNLP, BERTweet"
UgxDNEF0v6uKO42HHUN4AaABAg.9ccD_9Paa7g9ccGUDAdGYn,The Macedonian Referendum clearly said NO to EU and NATO.,negative,negative,neutral,negative,0.8,negative,0.9,5,negative,2,False,4,0.8,True,True,False,True,True,BERTweet
UgxDNEF0v6uKO42HHUN4AaABAg.9ccD_9Paa7g9ccIr_y-aN-,"<USER> let's start the EU negotiations, what are you waiting for???",neutral,negative,neutral,positive,0.85,negative,0.9,5,,3,False,0,0.0,False,False,False,False,False,
UgxDNEF0v6uKO42HHUN4AaABAg.9ccD_9Paa7g9ccJ9sStcrY,"Tatar, you screwed yourself up for entering the EU, you are the poorest country, you are a glutton, you have no bread to eat",negative,negative,negative,negative,0.8,negative,1.0,5,negative,1,True,5,1.0,True,True,True,True,True,
UgxDNEF0v6uKO42HHUN4AaABAg.9ccD_9Paa7g9ccKEewBv96,<USER> What negotiations?,neutral,negative,neutral,negative,0.7,negative,0.9,5,negative,2,False,3,0.6,False,True,False,True,True,"CardiffNLP, BERTweet"
UgxDNEF0v6uKO42HHUN4AaABAg.9ccD_9Paa7g9ccMXJNFPfS,"<USER> AS THE HEIR OF THE BALGARIANS FROM THE AEGEAN KAVALA AND LERIN AND RELATIVES IN THE KING'S COURT OF RESEN OHRID, I ASK YOU AL SI HABERLIA THAT IN THE 13TH CENTURY, WHEN THEY DESTROYED HUNGARY AND CROATIA, THE TARTARS OF NOGAI RETURNED BACK AND REMAINED IN THE NORTHERN PART OF THE DAMAGED TERRITORY OF MACEDONIA????YOU AS A TARTAR FROM KUMANOVO, TARTAR ELEVTS, NOGAEVTS, TATARS, TATARLS......ARE YOU WRITE NOW OR AS THE HEIR OF THE ANCIENT HELLENIC GAY MEGA ALEXANDROS??? NO MORI HUNZA IS WITH THE DNA OF GYUPTIN <URL> FROM KARAKORUM AND NORTHERN PAKISTAN WHO HAVE A LOT IN COMMON WITH THE NORTHERN TARTARS.",negative,positive,neutral,negative,0.85,negative,0.94,5,negative,3,False,3,0.6,True,False,False,True,True,"NLPTown, BERTweet"
UgxDNEF0v6uKO42HHUN4AaABAg.9ccD_9Paa7g9ccMt9Y5Bwx,<USER> That in your back yard!,neutral,positive,neutral,negative,0.8,negative,0.9,5,,3,False,0,0.0,False,False,False,False,False,
UgxDNEF0v6uKO42HHUN4AaABAg.9ccD_9Paa7g9ccN7Ap_AMQ,"<USER> THE NORTHERN TATAR WOMEN WHOSE GRANDMOTHERS IN THE 13TH CENTURY WERE ARRESTED WITH THE NOGAI TATARS WHO REMAINED IN THE NORTHERN PART OF THE COUNTRY TERRITORY OF MACEDONIA FROM KUMANOVO, TATAR ELEVTS, NOGAEVTS, TATARS.... THE NORTHERN PART OF SKOPSK YOU ARE ALL FOR NEGOTIATE WITH THE HUNS TO TAKE YOU INTO NORTHERN PAKISTAN AND KARAKORUM.<URL>",negative,positive,neutral,negative,0.8,negative,0.95,5,negative,3,False,3,0.6,True,False,False,True,True,"NLPTown, BERTweet"
UgxDNEF0v6uKO42HHUN4AaABAg.9ccD_9Paa7g9ccNAoRgRsD,<USER> I haven't heard of those,neutral,negative,neutral,neutral,0.7,neutral,1.0,5,neutral,2,False,4,0.8,True,False,True,True,True,NLPTown
UgxDNEF0v6uKO42HHUN4AaABAg.9ccD_9Paa7g9ccNH60ZbpV,<USER> IS SEND YOUR KING TO NEGOTIATE <URL> TARTAR S BRAINWASHED HAM YOU ARE ILLITRATE HAM STUPID,negative,negative,negative,negative,0.8,negative,0.95,5,negative,1,True,5,1.0,True,True,True,True,True,
UgxDNEF0v6uKO42HHUN4AaABAg.9ccD_9Paa7g9ccNgbwl44c,<USER> Turks Tatars Bulgarian Gyup tribe 🤣,neutral,negative,neutral,negative,0.8,positive,0.95,5,,3,False,0,0.0,False,False,False,False,False,
UgxDNEF0v6uKO42HHUN4AaABAg.9ccD_9Paa7g9ccPM-mpfsk,"<USER> NOW LET ME TELL YOU AGAIN AS A BULGARIAN FROM THE AEGEAN KAVALA AND LERIN AND RELATIVES IN Czarev Dvor RESEN AND OHRID I WILL TELL YOU THAT YOU ARE ILLITRATE HUNZA. THE THESSALONIKI POMAK KEMAL MUSTAFA CREATED THE REPUBLIC OF TURKEY IN 1923-24 LIKE THE SOVIET ALLIANCE. TATAR FROM KUMANovo, TATAR ELEVTS, NOGAEVTS.... NORTH FIND ME AN IDIOT ILLITERATE SULTAN OF THE OTTOMANS WHO HAS WRITTEN TURKISH? NEDNA TARTAR NORTHERN IDIOT S PEREN MOZUK TURKEY CHANGED YOUR NAME TOO. YOU'RE FORGIVED YOU'RE AN IDIOT YOU WANT TO KNOW. HUNZA NEDNA<URL>",negative,negative,negative,negative,0.85,negative,0.95,5,negative,1,True,5,1.0,True,True,True,True,True,
UgxDNEF0v6uKO42HHUN4AaABAg.9ccD_9Paa7g9ccPcFNIwW6,"<USER> BUT YOU BRAINWASHED HUNS AND NORTHERN TATARS ARE THE SAME BAG WITH THE GYUPTS AND TORBESH JUST LIKE THE OTTOMANS. GO WITH THEM <URL> SHAME ON THAT DAMN TERRITORY OF MACEDONIA, JABA YA TAPCHESH. THAT'S WHY AFTER SLEEPING YOU SIGNED THAT YOU ARE NORTHERN MONKE DODONS WITH A STOLEN FLAG, AN AIRPORT WITHOUT A NAME AND A MONUMENT WITH ONLY A HORSE NAMED BUCIFAL.",negative,negative,negative,negative,0.8,negative,0.95,5,negative,1,True,5,1.0,True,True,True,True,True,
UgxDNEF0v6uKO42HHUN4AaABAg.9ccD_9Paa7g9ccPljTudPi,<USER> preliminary negotiations!,neutral,positive,neutral,positive,0.85,neutral,0.85,5,neutral,2,False,3,0.6,True,False,True,False,True,"NLPTown, Gemma"
UgxDNEF0v6uKO42HHUN4AaABAg.9ccD_9Paa7g9ccQ4kClpe9,<USER> I don't understand that word write it in English no one has cooked anything before 🤣,negative,negative,negative,negative,0.8,negative,0.9,5,negative,1,True,5,1.0,True,True,True,True,True,
UgxDNEF0v6uKO42HHUN4AaABAg.9ccD_9Paa7g9ccQKadxLdX,"<USER> IF YOU HAVE EYES ON THAT FOUR, READ WHAT THE CREATOR OF TURKEY KEMAL MUSTAFA WROTE IN HIS AUTOBIOGRAPHY...""IN MY CHILDHOOD IN THESSALONIKI, I PLAYED WITH BULGARIANS ON THE COBLED STREETS, THAT'S WHY I KNOW THE BULGARIAN LANGUAGE..."" MORI HUNZO NEDNA TORBESH DOLEN WHICH YOU NORTHERN TATAR WOMEN WERE INVISIBLE AND THAT'S WHY NO ONE SAW YOU UNTIL 1945.????????????<URL> COME ON, FRIEND TITO, COLLECT YOUR VERSIONS FROM 1945 AND FOR A CENTURY AFTER SLEEP ON THE NORTHERN ONES TARTAR GIRL",negative,negative,neutral,negative,0.75,negative,0.95,5,negative,2,False,4,0.8,True,True,False,True,True,BERTweet
UgxDNEF0v6uKO42HHUN4AaABAg.9ccD_9Paa7g9ccRInId78A,<USER> Macedonians don't read stolen Russian letters and none of what you wrote is understandable for a Macedonian so write nonsense 🤣,negative,negative,negative,negative,0.8,negative,0.95,5,negative,1,True,5,1.0,True,True,True,True,True,
UgxDNEF0v6uKO42HHUN4AaABAg.9ccD_9Paa7g9ccS2-MezMu,Not under any condition like this.,negative,negative,negative,neutral,0.7,negative,0.95,5,negative,2,False,4,0.8,True,True,True,False,True,Gemma
UgxDNEF0v6uKO42HHUN4AaABAg.9ccD_9Paa7g9ccSlT1iI8x,"<USER> Macedonians are against joining the EU and not on condition, don't pretend that you were sent here by the government 🤣🤣",negative,negative,negative,negative,0.8,negative,0.95,5,negative,1,True,5,1.0,True,True,True,True,True,
UgxDNEF0v6uKO42HHUN4AaABAg.9ccD_9Paa7g9ccTDi4oEb3,"<USER> no, I wasn't sent by anyone, I'm telling it like it is. And where did you come from? We are all for the EU, but not under these conditions.",negative,negative,neutral,negative,0.5,negative,0.55,5,negative,2,False,4,0.8,True,True,False,True,True,BERTweet
UgxDNEF0v6uKO42HHUN4AaABAg.9ccD_9Paa7g9ccTPPC2qJ0,"<USER> WHEN THE BULGARIAN VERB WAS CREATED AND WRITTEN IN PLISKA AND THE PRESLAVIC SCHOOL, RUSSIA WASN'T THERE. THEY WERE STILL IN THE MUD AS ILLITERATE VARIANS. THE RELIGION IN THOSE NORTHERN COUNTRIES, THAT'S WHY THEY MADE CYPRIAN THE PATRIARCH OF KYIV, LITHUANIA AND ALL OF RUSSIA. AND YOU, WITH A LAW FROM 1945, COMRADE TITOS, WRITE IN THE BULGARIAN ALPHABET PRINTED ON A SERBIAN TYPEWRITER. DO YOU SEE HOW SIMPLE YOU ARE NORTHERN TATARINO. I KNOW THAT AS A NORTHERN TARTAR YOU ARE READING HARD SO LISTEN TO WHAT SRABINUT HAS SAID TO YOU.<URL>",negative,negative,neutral,negative,0.8,negative,0.95,5,negative,2,False,4,0.8,True,True,False,True,True,BERTweet
UgxDNEF0v6uKO42HHUN4AaABAg.9ccD_9Paa7g9ccUHNvOwgt,"<USER> The verb was made in Thessaloniki only for the Macedonian language on which all Slavic languages ​​are based. The Macedonian language killed the real Bulgarian language, which is Turkish, here is the literate everyone in Tataria from Britannica: ""Old Church Slavonic language, also called Old Church Slavic, Slavic language based primarily on the Macedonian (South Slavic) dialect around Thessalonica (Thessaloníki). It was used in the 9th century by the missionaries Saint Cyril and Methodius, who were natives of Thessalonica, for preaching to the Moravian Slavs and for translating the Bible.",neutral,negative,neutral,neutral,0.7,negative,0.82,5,neutral,2,False,3,0.6,True,False,True,True,False,"NLPTown, Llama"
UgxDNEF0v6uKO42HHUN4AaABAg.9ccD_9Paa7g9ccWcRn2jF0,"<USER> I am against joining the EU like everyone who boycotted the referendum, and if you are for the EU, get a Tatar passport and get fat for the EU 😇",negative,negative,negative,negative,0.8,negative,0.95,5,negative,1,True,5,1.0,True,True,True,True,True,
UgxDNEF0v6uKO42HHUN4AaABAg.9ccD_9Paa7g9ccXCnn_EwZ,"<USER> WELL DON'T MORRY HUNZO IS EXPOSED. NORTH TARTAR WHICH VERB MORI WAS WRITTEN IN THESSALONIKI. POLLY MALAKA ISE, PISTEPSE ME. O KYRILLUS KE O METHODIUS EGRAFAN KE EKANAN VERB STI MIKRI ASIA , STIN MONASTIRIES POLYCHRONU BRE MALAKA. DO YOU SEE HOW MUCH YOU ARE WASHED MOZUMKU, LIKE A SOVIET COLLEGE FLOOR WHO TOLD THEM THAT THE ALPHABET WAS CREATED BY LENIN AND STALIN. MORI TORBESH ONE NORTHERN TARTAR WHAT DO YOU HAVE TO DO WITH THE VERB WRITTEN IN THE MONASTERY POLYCHRON WHO IS IN ASIA MINOR?????HUNNNZAAA YOU'RE A TARTAR IDIOT. WHY IF THE VERB WAS WRITTEN IN THE TERRITORY OF MACEDONIA, THERE ARE RUPEIAN VERBS AND CHARACTERISTIC SOUNDS????? AND WHY DOES SCIENCE KNOW IT AS THE BULGARIAN OBLA AND THE CROATIAN ANGLE/ILLYRY VERSION/ AS PROVEN THE OBLA IS OLDER THAN THE ANGLE? JAPANESE FLEET AND IT WAS TAKEN THERE BY THE ANCIENT MACEDONIANS OF THE ANCIENT GAY MEGA ALEXANDROS.<URL> PROOF TO YOU WHAT IS LANGUAGE AND LITERATURE",negative,negative,neutral,negative,0.85,negative,0.95,5,negative,2,False,4,0.8,True,True,False,True,True,BERTweet
UgxDNEF0v6uKO42HHUN4AaABAg.9ccD_9Paa7g9ccXTIHUOHp,Bulgaria is the poorest in the EU haha ​​😄 😆 😂,negative,negative,negative,negative,0.8,negative,0.95,5,negative,1,True,5,1.0,True,True,True,True,True,
UgxDNEF0v6uKO42HHUN4AaABAg.9ccD_9Paa7g9ccY3uyqVRB,"<USER> I will say it again, the EU but without these conditions. I don't need a Tatar passport...",neutral,negative,neutral,negative,0.8,negative,0.9,5,negative,2,False,3,0.6,False,True,False,True,True,"CardiffNLP, BERTweet"
UgxDNEF0v6uKO42HHUN4AaABAg.9ccD_9Paa7g9ccYP8wsUZL,"<USER> go to the EU, you and the other 32%, the rest of us won't 🤣🤣🤣",neutral,negative,neutral,negative,0.8,negative,0.95,5,negative,2,False,3,0.6,False,True,False,True,True,"CardiffNLP, BERTweet"
UgxDNEF0v6uKO42HHUN4AaABAg.9ccD_9Paa7g9ccZZEjQs4m,"<USER> well, I won't go anyway, I want to stay in Macedonia, but you know what the benefits are 😀",positive,negative,neutral,positive,0.85,positive,0.85,5,positive,3,False,3,0.6,True,False,False,True,True,"NLPTown, BERTweet"
UgxDNEF0v6uKO42HHUN4AaABAg.9ccD_9Paa7g9cc_81nPp9a,"<USER> the majority will not benefit from the EU, that's why you are a traitor, a snake that needs to be struck on the head, but now say goodbye to the EU, because Severenistan will never enter there, because we will cancel Prespa and Bulgarian and tyrannical and bilingualism and flag and framework.",negative,negative,negative,negative,0.8,negative,0.95,5,negative,1,True,5,1.0,True,True,True,True,True,
UgxDNEF0v6uKO42HHUN4AaABAg.9ccD_9Paa7g9ccbSIP_uAE,"<USER> AND THIS AND THIS AND THIS WILL BE FOREVER THERE WILL BE NO ESCAPE IF YOU ARE FROM THE NORTH AND YOU WILL AWARE THAT YOU ARE TITO'S NORTHERN AFTER 1945 WITH AN INVENTED LANGUAGE AND LITERATURE AGAIN FROM TITOS <URL> AND WE WILL BE BALGARIANS FROM THE AEGEAN , VARDARO AND PIRIN. THIS IS HOW IT WILL BE THE NORTHERN WITH BRAINWASHED. SIT DOWN TATARS, HUNZ, GYUPTI BUT BE WHATEVER YOU WANT NOBODY IS ASKING FOR YOUR IDENTITY AFTER 1945. SO YOU CAN'T ACCEPT IT LIKE THIS",negative,positive,neutral,negative,0.8,negative,0.95,5,negative,3,False,3,0.6,True,False,False,True,True,"NLPTown, BERTweet"
UgxDNEF0v6uKO42HHUN4AaABAg.9ccD_9Paa7g9cdRwMZELqu,"<USER> Hey boy, read it first. Until 1945, you used the Bulgarian alphabet, you used a coded alphabet. The entire ""Macedonian"" literature, Misirkov, Gotse Delchev, before that Jinzifov, all ""revivalists and revolutionaries"" wrote only in the literary Bulgarian language. And you don't even understand it - do you understand where your problem is? For 70 years, the Serbs and the Serbomans drank your brains... Well, that's a choice you made - we respect it. But why do you lie?",negative,negative,negative,negative,0.8,negative,0.95,5,negative,1,True,5,1.0,True,True,True,True,True,
UgxDNEF0v6uKO42HHUN4AaABAg.9ccD_9Paa7g9cdSX23ScwZ,"<USER> Mitko, there are no Macedonians after that time. All Slavic-speakers around Thessaloniki are Bulgarians. There is not a single source, document, chronicle - NOTHING that mentions the name ""Macedonian"", Macedonian. NJAMA. Apart from being a district in northern Garcia, the district is mentioned in the Middle Ages - only in one document from the 11th century. No people, who were called ""Macedonian"". How can you argue about anything.",negative,negative,neutral,negative,0.8,negative,0.95,5,negative,2,False,4,0.8,True,True,False,True,True,BERTweet
UgxDNEF0v6uKO42HHUN4AaABAg.9ccD_9Paa7g9cdSy3COOcq,"<USER> It's always been that way, it's no surprise. Our country was not richer than Austria, Germany. Czech Republic, Poland... But Bulgaria has GDP = $25,000 per person per year. RSM (you) have $13,000. So you better shut up. Your brothers from Belgrade have $16,000. That's how far they've fallen.",negative,negative,negative,negative,0.75,negative,0.95,5,negative,1,True,5,1.0,True,True,True,True,True,
UgxDNEF0v6uKO42HHUN4AaABAg.9ccD_9Paa7g9cgSVrcgbOR,"<USER> russian letters?, who taught you history? How the whole world knows, even Russia, that the letters are Bulgarian. After that time, the entire Balkan peninsula was Bulgarian, go and see on the map what it was like in 852. ... They have brainwashed you with a false history.",negative,negative,negative,negative,0.8,negative,0.95,5,negative,1,True,5,1.0,True,True,True,True,True,
UgxDNEF0v6uKO42HHUN4AaABAg.9ccD_9Paa7g9cghbmBe02S,<USER>. B Bulgarian letters are Asian and such in Europe are no longer used because the Bulgarian language is a dead Turkish language and what Bulgaria speaks is not a Bulgarian language 😌,negative,negative,negative,negative,0.8,negative,0.95,5,negative,1,True,5,1.0,True,True,True,True,True,
UgxDNEF0v6uKO42HHUN4AaABAg.9ccD_9Paa7g9cgjtup9oAu,"<USER> You don't believe yourself... Thanks to Bulgaria and the work of Prince Boris, which was continued by his son Tsar Simeon the Great - we all Slavic peoples have an alphabet. And this is recognized all over the world. You ""Macedonians"" do not deserve to be in the EU. When you accept the truth, you enter the EU. The Serbs have brainwashed you, because they have never beaten Bulgaria over the years. The Serbs have always been a small country that wants to attack the big one, the Serbs have tried to attack Bulgaria over the years, but without success. That's why they hate Bulgarians. And Dove, while you continue to write lies, I will continue to write answers.",negative,negative,neutral,negative,0.8,negative,0.95,5,negative,2,False,4,0.8,True,True,False,True,True,BERTweet
UgxDNEF0v6uKO42HHUN4AaABAg.9ccD_9Paa7g9cmMMo1KVHl,"<USER> Bobco, you make a lot of spelling mistakes and use Serbian letters. Please, use Cyrillic, which is the alphabet of the Bulgarians - Aryans, Slavs and Scythians.",negative,negative,negative,negative,0.8,negative,0.95,5,negative,1,True,5,1.0,True,True,True,True,True,
UgxDNEF0v6uKO42HHUN4AaABAg.9ccD_9Paa7g9cmNL5df4LR,"<USER> The Macedonian language is the basis of all Slavic languages and the Cyrillic alphabet was made only for the Macedonian language and the whole world knows that as you can read on Britannica yourself: ""Old Church Slavonic language, also called Old Church Slavic, Slavic language based primarily on the Macedonian (South Slavic) dialects around Thessalonica (Thessaloníki). It you used in the 9th century by the missionaries Saints Cyril and Methodius, who were natives of Thessalonica, for preaching to the Moravian Slavs and for translating the Bible""",neutral,negative,neutral,neutral,0.7,positive,0.95,5,neutral,3,False,3,0.6,True,False,True,True,False,"NLPTown, Llama"
UgxDNEF0v6uKO42HHUN4AaABAg.9ccD_9Paa7g9cmaLplHqK5,"<USER> Cyrillic is nowadays the name of a group of similar alphabetic systems used by various languages ​​in Eastern Europe and Asia. Historically, the Cyrillic alphabet, together with the Glagolitic alphabet, is one of the two alphabets used to write down the Old Bulgarian literary language. The Cyrillic script was created in the Preslav Literary School at the end of the IX or the beginning of the KS century. Nowadays, the Cyrillic alphabet is widespread both among the southern and eastern Slavic peoples, as well as among some non-Slavic peoples in Russia. The Cyrillic alphabet is the basis of the official literacy of Mongolia and some republics of the former Soviet Union, and until the end of the 70s of the 19th century it was also used in Romania. Read more! Do not abandon yourself intellectually!",neutral,neutral,neutral,neutral,0.7,neutral,0.98,5,neutral,1,True,5,1.0,True,True,True,True,True,
UgxDNEF0v6uKO42HHUN4AaABAg.9ccD_9Paa7g9cmb7vediLF,"<USER>'' Although the vocabulary and grammar of the early text written in the Old Church Slavonic language includes some Old Bulgarian features, the language was never originally based on a Macedonian dialect.'' Same from Britannica of Slavic languages. Bulgaria is illiterate and steals Macedonian history.",negative,negative,negative,negative,0.8,negative,0.95,5,negative,1,True,5,1.0,True,True,True,True,True,
UgxDNEF0v6uKO42HHUN4AaABAg.9ccD_9Paa7g9cn3gJZFzzC,"<USER> But need to be angry on the people of our two countries and both on me and you. The people of modern North Macedonia and Bulgaria were the greatest of all Slavic people. The first state in the Slavic world is the Bulgarian Empire which included the geographic regions of Moesia, Thrace, Macedonia, Serbia and Romania (Balachia/Wallachia). Look in the Wikipedia when did the Serbian and Romanian kingdoms were created and you will be surprised just because they were part of your and mine country for many centuries. Khan Kuber and Khan Asparuh, two brothers of the famous Indo-European family from Pannonia to Macedonia and from Balachia to Moesia and Thrace. Soon they are united in one big state – The First Bulgarian Empire. It is natural that the first written Slavic language is the Bulgarian. As much as I knov khan Michail-Boris succeeded to prepare religious books only for 20000 villages and towns. In modern Bulgaria, there are only 5000 villages. The Glagolitic alphabet was created by Cyril and Methodius initially for the Slavs from Moravia. After Cyril and Methodius died, their disciples were exiled from Moravia and came to Bulgaria, which at that time was a large empire, which included many other countries to the west and north besides Mysia, Thrace and Macedonia. The verb spread throughout the Bulgarian lands and was used for the longest time in Croatia and today's RSM. After that time, Balagrad>Belgrade (>Belgrade) is a Bulgarian city, and almost all of today's Serbia, Romania and Albania. Our common ancestors also created Kievan Rus, and Volga Bulgaria, and Hungary, and two dominions in Italy, as well as in the Caucasus. The Cyrillic script was created in the Preslav Literary School at the end of the IX or the beginning of the KS century. Among the earliest written monuments in Cyrillic is the inscription from Krepcha, a village in Northeastern Bulgaria, dated to 921 AD. and a bilingual inscription in Greek and Cyrillic script on a ceramic vase from Preslav, dated ca 931. Traditionally, the Cyrillic alphabet is attributed to Kliment Ohridski, and the name is in honor of St. Cyril – Constantine the Philosopher, of whom Kliment Ohridski is a student. The hypothesis that Kliment Ohridski created it was disproved in the 90s of the last century for two basic reasons: a) the first Cyrillic inscriptions were found around Preslav, and not in Ohridsko, where Kliment worked, sent there by the Bulgarian Khan; b) Glagolitic has been preserved for the longest time precisely in the west, in today's North Macedonia and Croatia. In Croatia it was used until the 16th century. Cyrillic replaces Glagolitic, created earlier by Constantine the Philosopher-Kyril.",negative,neutral,neutral,negative,0.5,positive,0.98,5,,3,False,0,0.0,False,False,False,False,False,
UgxDNEF0v6uKO42HHUN4AaABAg.9ccD_9Paa7g9cn4Q8CgyjU,"<USER> We Macedonians are not Slavs, neither the Slavs nor the Bulgarians once conquered the Macedonian capital of Thessaloniki, where we Macedonians translated the Bible into the Macedonian language and made the Macedonian Alphabet the Glagolitic. We Macedonians destroyed the real Bulgarian language which was Turkish.",neutral,negative,neutral,negative,0.8,negative,0.95,5,negative,2,False,3,0.6,False,True,False,True,True,"CardiffNLP, BERTweet"
UgxDNEF0v6uKO42HHUN4AaABAg.9ccD_9Paa7g9cn4cHV_81R,"<USER> bulgaria or Bulgarian state never existed in the past because the Roman Empire never recognized such a thing on its Roman lands, and the wiki is worthless, anyone can write there.",negative,negative,neutral,negative,0.8,negative,0.95,5,negative,2,False,4,0.8,True,True,False,True,True,BERTweet
UgxDNEF0v6uKO42HHUN4AaABAg.9ccD_9Paa7g9coAourOBYX,"<USER> You signed the Prespa Agreement, according to which, you are not the heirs of the ancient Macedonians. They live today only in Northern Garcia. Please read the Prespa Agreement, which is on your government's (government) website. You write that you are not Slavic. You say that you are not Bulgarians. Come on, decide what race you are. I also deal with genetics and I told you that genetic studies determine today's North Macedonians and Bulgarians to be genetically indistinguishable. Your language is a dialect of Bulgarian and there is nothing wrong with that. Big nations have many dialects. It is nice to have a common language that includes all dialect words. Unfortunately, the Serbs ordered you to use the official westernmost dialect of the geographical area of ​​Macedonia, which is the closest to Serbian, and they ordered you to give up the Cyrillic alphabet and insert Serbianisms into your alphabet. In your current version of the language, you can no longer sing even the beautiful songs of the Macedonian Bulgarians. It's even worse that you have immersed yourself in Albanian-Serbian-Gracian Wednesday and I don't know why you try to soak in it and disfigure yourself further instead of sticking to your roots. I have been dealing with history for over 20 years and I told you that everything written so far about the origin of the Bulgarians, that they are Turks, speak the Turkic language and so on, are complete fabrications and lies. However, all that changed very soon. I also published a book (730 pages) about the glorious ancient past of the Bulgarians from the Balkans. It clearly shows that the proto-Balgars from Mysia, Thrace, Macedonia and Wallachia are an Aryan, Scythian (Saka) and Tocharian population, which together with the Slavs from the Balkans (Mysia, Thrace, Macedonia) and the local ancient strongly mixed Thracian-Macedonian population formed the Bulgars from the Balkans. I am currently finishing a book about the Aryan and Scythian origin of the Macedonian Bulgarians, place of origin and migrations as part of the rest of the proto-Bulgarians from today's Bulgaria. Everything is clear to me, but unfortunately I can't write so much on the sites and waste valuable time. It is better to work hard to raise money and publish my new books. The bad thing is that during this time both the Bulgarians in Bulgaria and the Macedonian Bulgarians are drowning in the darkness of more than 100 years of historical lies and instead of uniting, in order to survive in today's greedy world, they divide and divide each other. Tarsi is the help for ""pressure"" from France on Bulgaria. My grandfather died in World War I at the bend of the Cerna River in Macedonia, to protect you from the French, the Garcians, their Senegalese and the Serbs. Do you know what traumas his early smartness caused to our family? Hundreds of thousands of Bulgarian soldiers have died, so that there is today's North Macedonia. I personally have over 40-50 relatives with origins (refugees) from Macedonia, mainly from the lands of today's Northern Garcia. It is good to think about Badeshte at least 30-50 years ahead. How, in your opinion, will things develop after you rely on Garci (read the Prespa Agreement), Albanians and Serbs and divide yourself from your own people - the Bulgarians. When you enter the EU, the neighboring settlements, which are currently with all kinds of advantages in the RSM, will settle en masse among you and the states will pay them for this and what's next.....",negative,negative,neutral,negative,0.57,negative,0.95,5,negative,2,False,4,0.8,True,True,False,True,True,BERTweet
UgxDNEF0v6uKO42HHUN4AaABAg.9ccD_9Paa7g9coMIGL4Qjr,"<USER> that is not correct. Prespa is for the state, not for the people. The state is not the successor of Alexander the Great. The Macedonian Nation is the successor of Alexander the Great. And write in English I can't read the whole thing.",negative,negative,negative,negative,0.8,negative,0.95,5,negative,1,True,5,1.0,True,True,True,True,True,
UgxDNEF0v6uKO42HHUN4AaABAg.9ccD_9Paa7g9codpRbX3Ef,"<USER> I told you to read the Prespa treat and you haven't done this. Your government and you through it have accepted that you are not heirs of the ancient Macedonians and of Alexander the Great. We in Bulgaria are much more his successors. The Greeks have left you the name Northern Macedonia that it will be much more easy for them after 30-50 years penetrating in North Macedonia to incorporate you to Greece. This is your future if you all continue your relations with Bulgaria in the same hostile as in the last 30 years. This is my last post just because you are staying with closed eyes and can't see the black clouds over Macedonia. I'm sure you have seen in YouTube how the Bulgarians (Macedonians) that haven't escaped in Bulgaria are still living now in Northern Greece. From time to time they collect in small closed areas (baskets, eggs), not in the street or in a square place, and try with songs in broken language and dances to preserve something of their past. The future seems to be not very good for you in RNM and in consequence for us too. Be happy and think about the future of your heirs!",negative,negative,neutral,negative,0.8,negative,0.95,5,negative,2,False,4,0.8,True,True,False,True,True,BERTweet
UgxDNEF0v6uKO42HHUN4AaABAg.9ccD_9Paa7g9coempmezz0,"<USER> Prespa and frame and Bulgarian and bilingualism and flag will be annulled, there are already new parties in the assembly that stand for it, but Prespa is for the state not for the people. The Macedonian municipalities in Albania in Pustec have the Kutlesh for their flag, this is proof that the Macedonians are considered the heirs of Alexander the Great. We don't want friendship, we don't want anything with you. For us Macedonians, you Bulgarians have no meaning. We will never be friends and Macedonians will forever stand for the destruction of Greece and Bulgaria.",neutral,negative,negative,negative,0.8,negative,0.95,5,negative,2,False,4,0.8,False,True,True,True,True,CardiffNLP
UgxDNEF0v6uKO42HHUN4AaABAg.9ccD_9Paa7g9coi6EyAn96,"<УСЕР> Предполагам, че в РСМ хората нјамат много широки историческите познанија относно произхода си. ШТе се опитам накратко да го објаснја. На времето (след 668 година) балгарите решили от териториите на Велика Балгарија на север от Черно море да навлезат вав Византија на Балканите и там да организират своја даржава. Това навлизане те го направили с две колони, водени от братјата кан Аспарух и кан Кубер, синове на кан Кубрат от великија индоевропејски род Дуло от Балхика (Бактрија). Парвијат трјабвало да навлезе от североизток, а вторијат от северозапад. Кан Аспарух победил византијската армија и флот при Онгала при устието на река Дунав и навлјазал на југ от Дунава в Мизија, а след това и в Тракија. Кан Кубер се отправил за Сремска Митровица и приел властта на аварите. След нјаколко години тој победил в нјаколко битки аварите и навлјазал вав Вардарско, водејки освен балгарската си војска и народ сашто и голјам број траки и македонци отведени от аварите преди това в плен при обсадата на Солун и Цариград (626-628 г.). Кубер заел Прилепското (Керамисијско) поле. Около 50 години по-рано славјаните сашто били населили много рајони на Балканите, вклјучително и Македонија с 10-12 племена. Взаимодејствието между кан Кубер от рода Дуло и неговите наследници от земите на Долната земја балгарска – Македонија, и кан Аспарух и владетелите от рода Дуло от североизтока на Балканите не прекасвало. Това довело до формиране на известната днес даржава Дунавска Балгарија от териториите на Мизија, Тракија и Македонија. Затова балгарите в Тракија се наричат тракијци, балгарите от долна Мизија – мизијци или добруджанци, а балгарите от Македонија – македонци. Македонија е историческо-географски термин, заштото на Балканите не е имало даржава с името Македонија за доста повече от 2000 години. Генетичните проучванија показват, че населенијата в Мизија, Тракија и Македонија се слели напално и сега са напално еднакви и не могат да се отделјат географски нито прабалгари, нито славјани, а оште по-малко траки и македонци. Според надписа от скалнија паметник „Мадарски конник”, единствен от вида си в Европа, кан Тервел (управлјавал от 700 до 721 г.), којто наследил башта си кан Аспарух, сатрудничел с неговите “чичовци от Солун” срешту византијскија император ЈУстиниан ИИ (Јустиниан ИИ) Около фигурата на Мадарскија конник от скалнија паметник има надписи, от които единијат, макар и неоцелјал напално, гласи: “ЈУстаниан императорат направи д........при балгарите и при Тервел дојде. На носоотрјазанија император моите чичовци от Солун не повјарваха и си отидоха в Кисиниите.....”. (“Балгарски хроники”, Стефан Цанев. Том И). Кисиниите е друго обозначение за днешната Северна Македонија. Това наименование е от прабалгарски аријски произход. Саштијат текст е представен от археолога Магдалина Станчева в книгата „Мадарскијат конник”, Нов балгарски университет, Софија, 2013 г., в следнија вид: „ЈУстаниан императорат (Јустиниан Рхинотметус) направи договор и се опита....балгарите.... и при Тервел дојде. На носоотрјазанија император не повјарваха чичовците ми в Солунско и в Кисинските (селишта) си отидоха....”. За отбелјазване е определението за изклјучително тјасната родствена вразка между Тервел от рода Дуло и управлјаваштија род наново от рода Дуло в земите на Македонија и саответно между техните поданици. След много битки тези две населенија успели да се обединјат и да саздадат И Балгарска империја, којато обхваштала на запад Белоград (>Белград) и отвад него, на север Карпатите, днешната граница между Унгарија и Руманија, на североизток до гр. Запорожие (река Донецк), а на југ вклјучвала ЈУжна Тракија и ЈУжна Македонија единствено без Солун. Това е историјата много на кратко. Ето заради това балгарите от днешна Балгарија са отивали да војуват срешту турци, гарци, французи, сенегалци, сарби и други за свободата на братјата си в Македонија . The briefly presented data are described in city chronicles such as ""Chronicle of Monemvasia"" and ""Miracles of Saint Demetrius"" and are not invented.",neutral,negative,neutral,negative,0.8,neutral,0.88,5,neutral,2,False,3,0.6,True,False,True,False,True,"NLPTown, Gemma"
UgxDNEF0v6uKO42HHUN4AaABAg.9ccD_9Paa7g9coiZVFogMy,<USER> i can't read that write in english,negative,negative,negative,neutral,0.65,negative,1.0,5,negative,2,False,4,0.8,True,True,True,False,True,Gemma
UgylE8e8bM_yB_YXFuN4AaABAg,"The last train left, there is no Europe for Northern Titostan.",negative,negative,negative,negative,0.8,negative,0.95,5,negative,1,True,5,1.0,True,True,True,True,True,
UgylE8e8bM_yB_YXFuN4AaABAg.9cdJykWi81b9cdRbdfrcnp,Fascist Tatar Nazism in Asia,negative,negative,negative,negative,0.8,negative,1.0,5,negative,1,True,5,1.0,True,True,True,True,True,
UgylE8e8bM_yB_YXFuN4AaABAg.9cdJykWi81b9ch1tq9BYRf,Resignation,neutral,negative,negative,negative,0.8,negative,1.0,5,negative,2,False,4,0.8,False,True,True,True,True,CardiffNLP
UgylE8e8bM_yB_YXFuN4AaABAg.9cdJykWi81b9dBGSnMrgOb,"there is no stolen history from your side, Bulgarians, double spies, you are 18-45 on one side, you are 55 on the other, you do not have your own nationalist side, the words are half French, half Macedonian, half Russian, you have no people, you have no state Burglaria",negative,negative,negative,negative,0.8,negative,0.95,5,negative,1,True,5,1.0,True,True,True,True,True,
UgzYRBw0kBQRV0o3EYp4AaABAg,Tatars cry 🤮🤮🤮,negative,negative,negative,negative,0.8,negative,1.0,5,negative,1,True,5,1.0,True,True,True,True,True,
UgzYRBw0kBQRV0o3EYp4AaABAg.9ccKMLFJNf09ccMlFTq0hR,"Reborn, I see with insult that you are enjoying yourself, there is no use in empty stories, it all depends only on Bulgaria, almost to go to the toilet you will need permission from us, otherwise you will fill the ghats, ha, ha, ha!",negative,positive,negative,negative,0.8,negative,0.95,5,negative,2,False,4,0.8,True,False,True,True,True,NLPTown
UgzYRBw0kBQRV0o3EYp4AaABAg.9ccKMLFJNf09ccN56got2T,<USER> complains about hatred in EU Gyup Tatar tribe back in Asia 🤣,negative,negative,negative,negative,0.8,negative,0.95,5,negative,1,True,5,1.0,True,True,True,True,True,
Ugys-vsSQU9NCOzUr2J4AaABAg,"Rama, you know how much you ate it for us 🤣 quietly don't eat it again.",negative,negative,negative,positive,0.85,negative,0.95,5,negative,2,False,4,0.8,True,True,True,False,True,Gemma
Ugw9Hv74BwHLZDQwnPd4AaABAg,"I have been saying it for a long time, Skopje does not have its own opinion. They are dependent on Belgrade and their opinion. Vucic may be the temporarily dead opinion in the 3rd deaf. Not a single chapter has been opened by Vucic and company in a year, they are so slow and untalented :)",negative,negative,negative,negative,0.8,negative,0.95,5,negative,1,True,5,1.0,True,True,True,True,True,
UgxmYMANZpVIxMLXQjJ4AaABAg,The return of the Tatars to Asia should be in the negotiation framework together with other Greeks 😏,neutral,positive,neutral,negative,0.8,neutral,0.48,5,neutral,3,False,3,0.6,True,False,True,False,True,"NLPTown, Gemma"
UgxmYMANZpVIxMLXQjJ4AaABAg.9ccZLkEdDrQ9crgCskLiYA,Returned to the north in Banovina.,neutral,negative,neutral,neutral,0.8,neutral,0.85,5,neutral,2,False,4,0.8,True,False,True,True,True,NLPTown
UgxmYMANZpVIxMLXQjJ4AaABAg.9ccZLkEdDrQ9crndsnoLyR,<USER> the Tatars should negotiate with Mongolia for the return of the Tatar diaspora to their home country 😂,neutral,negative,neutral,negative,0.8,positive,0.95,5,,3,False,0,0.0,False,False,False,False,False,
UgxmYMANZpVIxMLXQjJ4AaABAg.9ccZLkEdDrQ9croRwQMnf-,"<USER> severdjan, we will administer you, don't worry. You will no longer be a banovin. No more swallowing Serbian and Albanian penises.",neutral,positive,neutral,negative,0.8,negative,1.0,5,,3,False,0,0.0,False,False,False,False,False,
UgxmYMANZpVIxMLXQjJ4AaABAg.9ccZLkEdDrQ9uj8FkgIYpP,<USER> ............ eat z'uto. j bg vc.,neutral,negative,neutral,neutral,0.85,negative,0.95,5,neutral,2,False,3,0.6,True,False,True,True,False,"NLPTown, Llama"
Ugye6s4f-aPF9XQ-eFx4AaABAg,Rama to blow the soup hahaha. 😂😂😂😂,positive,negative,neutral,positive,0.85,negative,1.0,5,,3,False,0,0.0,False,False,False,False,False,
Ugye6s4f-aPF9XQ-eFx4AaABAg.9ccTT2UL6pa9ccU-d_d-Ga,I've had enough of that spirit,negative,positive,negative,negative,0.72,negative,0.95,5,negative,2,False,4,0.8,True,False,True,True,True,NLPTown
Ugye6s4f-aPF9XQ-eFx4AaABAg.9ccTT2UL6pa9cd7h5OCPVF,"<USER> Tito's Make is trying to type Hahaha. Nekadarniki, from the first to the last. Mix arvar tam chokalijo and don't deal with sas sasli things!",neutral,negative,neutral,positive,0.85,negative,0.95,5,,3,False,0,0.0,False,False,False,False,False,
Ugw-5OT6xXPgSXV2juJ4AaABAg,tikego duhis is quite mad for a long time,negative,negative,negative,negative,0.7,negative,0.95,5,negative,1,True,5,1.0,True,True,True,True,True,
UgyiYpuc4AxEzAukCCV4AaABAg,the circus performers RAMA VUCHKO and little Vuchko from the north are scaring the EU. 🤣🤣🤣,negative,positive,negative,negative,0.8,negative,0.95,5,negative,2,False,4,0.8,True,False,True,True,True,NLPTown
UgyiYpuc4AxEzAukCCV4AaABAg.9ccoZkG5X5Q9uj90ODVToc,<USER>.......2k d --- e --- b --- i --- l.,neutral,negative,neutral,negative,0.8,negative,1.0,5,negative,2,False,3,0.6,False,True,False,True,True,"CardiffNLP, BERTweet"
UgyAfkpb-RrxGeur7oh4AaABAg,"World War II in Yugoslavia Macedonia Only 81 killed Macedonian partisans for the period 1941-1944. Final operations for the liberation of Macedonia Under the leadership of the new Bulgarian pro-Soviet government, four Bulgarian armies, 455,000 strong in total, were mobilized and reorganized. By the end of September, the Red Army 3rd Ukrainian Front troops were concentrated at the Bulgarian-Yugoslav border. In the early October 1944 three Bulgarian armies, consisting of around 340,000-man,[55] together with the Red Army reentered occupied Yugoslavia and moved from Sofia to Nis, Skopje and Pristina to block the German forces withdrawing from Greece.[56][57] In Macedonia the Bulgarians operated in conjunction with the fighters of the MNLA, but this operation did not proceed without difficulties.[58] From October 8 to November 19, the Stracin – Kumanovo operation was held and Kratovo, Kriva Palanka, Kumanovo and Skopje[59] were taken. At the same time the Bregalnica – Strumica operation was led, and the Wehrmacht was driven from the villages of Delchevo, Kočani, Stip, Strumica and Veles.[60] Southern and Eastern Serbia, Kosovo and Vardar Macedonia were liberated by the end of November.[61][62] The 3rd Ukrainian Front in collaboration with the People's Liberation Army of Yugoslavia and the Bulgarian People's Army carried out the Belgrade Offensive. The 130,000-strong Bulgarian First Army continued to Hungary, driving off the Germans, while the rest moved back to Bulgaria. On a series of maps from Army Group E, showing its withdrawal through Macedonia and Southern Serbia, as well as in the memoirs of its chief of staff, there is almost no indication of Yugoslav Partisan units, but only Bulgarian divisions. Despite these faces, the contribution of Bulgarian troops is still much debated in the Republic of Macedonia for political reasons.[63][64] <URL> War and Revolution in Yugoslavia, 1941–1945: Occupation and Collaboration, Jozo Tomasevic, Stanford University Press, 2001, ISBN 0-8047-3615-4, pp. 751–752. <URL> Casualties 1941-1945 <URL> Macedonia in the National Liberation Struggle In total, in Vardar Macedonia from 1941 to November 1944, about 24,000[1] people died, including: 7,000 Jews, 6,000 Serbs, 6,000 Macedonians, 4,000 Albanians and 1,000 Bulgarians.[2] About 3,000 ""collaborators"", ""counter-revolutionaries"" and civilian victims are included here. Jews mostly suffered in concentration camps, and about 14,000 people suffered in the struggle, of which 5,000 Macedonians. <URL> Apostolski - the army of the Patriotic Front of Bulgaria was actively involved in the final operations of the anti-fascist battle, and the Second Patriotic Front Bulgarian Army participated in the operation to liberate Skopje <URL> Svetozar Vukmanovic - Tempo Macedonia <URL> <URL> November 13, 1944 (Monday) The Bulgarian 1st Army captured Skopje. [15] The Japanese destroyers Akebono, Akishimo, Hatsuharu and Kiso were all bombed and sunk by the US. Navy aircraft in and around the Cavite Naval Yard in Manila, while the destroyer Okinawa was sunk 8 nautical miles west of the city. Japanese Submarine I-12 Was Hedgehogd and Sunk East of Hawaii by American Warships . Civil Air Service returned to London for the first time in September 1939.[5] <URL> Stone & Stone Books War Diary November 13, 1944 (Monday) Russian Front Finnish Forces Capture Inari in Northern Finland Arctic Front, June 1941 - May 1945 German Forces Withdraw from Skopje as Bulgarian 1st Army Advances Southern Flank of the Russian Front, 1944-1945 Bulgarian 1st Army captures Skopje Southern flank of the Russian Front, 1944-1945 <URL> Zaev did not speak by heart, Tito personally made a pact with the Bulgarian army for the liberation of Macedonia <URL> Stracin-Kumanovo operation <URL> Nis operation <URL> Kosovo Operation (1944) <URL> The Belgrade Offensive or the Belgrade Strategic Offensive Operation (Serbian: Београдска опереция / Београдска опереция; Russian: Белоградская стратегическая наспательная опереция, Белоградская стратегическая наспательная опереция) (September 15, 1944 – November 24, 1944)[6] was a military operation during World War II in Yugoslavia in which Belgrade was liberated from the German Wehrmacht through the joint effort of the Soviet Red Army, Yugoslav Partisans, and the Bulgarian Army.[7] <URL> bulgarian army world war 2 <URL> <URL> In the last week of October the Russians and Bulgarians made strong bids to take Kraljevo and Skopje. Having the troops to spare and the railroad, Loehr could meet the challenge, if in both places none too soon. On November 2, Army Group E stopped the Russians at Kraljevo and in the next several days halted the Bulgarians east of Skopje. The success of the withdrawal through Macedonia was then assured. 31 North of Skopje the army group would have to weather onto poorer roads, but it would be compared to the almost certain disaster of a winter march through the coastal mountains. Again Veitch's chief handicap was his own earlier indecision; he had potential reserves but no prospect of bringing them to bear in time. Army Group E's withdrawal had gone without a hitch through mid-November. Then, on the 18th, the Bulgarian Second Army had opened a strong attack north of Skopje. Again Veitch's chief handicap was his own earlier indecision; he had potential reserves but no prospect of bringing them to bear in time. Army Group E's withdrawal had gone without a hitch through mid-November. Then, on the 18th, the Bulgarian Second Army had opened a strong attack north of Skopje. The next day Balkan Air Force bombers had destroyed the Drina bridge at Visegrad, backing up truck and troop columns eighty five miles east to Kraljevo. In Albania strong partisan unit hemmed KSKSI Mountain Corps in on all sides as it tried to join the retreat. Army Group E had to put back into its own front some of the troops it had intended to release, and the rest were stalled in central Yugoslavia 200 miles and more from where they could do another year. <URL> Tito, Mikhailovich, and the Allies, 1941-1945 By Walter R. Roberts The Macedonian Partisans were not very numerous or active either. The majority of Macedonians apparently did not consider themselves ethnically Serbs but Bulgarians and, whether Communist or not, wanted to be united with their brothers.. . <URL>",neutral,negative,neutral,negative,0.67,neutral,0.93,5,neutral,2,False,3,0.6,True,False,True,False,True,"NLPTown, Gemma"
Ugxm465xTO-g85DjZcR4AaABAg,why does the USA have no problem with not having a language and an alphabet? and every quarter of Bulgaria should have its own?,negative,negative,neutral,negative,0.85,negative,0.9,5,negative,2,False,4,0.8,True,True,False,True,True,BERTweet
Ugxm465xTO-g85DjZcR4AaABAg.9ccWd9YaQ5A9cfW6S4vIRd,"Macedonia is not Bulgarian, you lost both world wars, remember?",negative,negative,negative,negative,0.8,negative,1.0,5,negative,1,True,5,1.0,True,True,True,True,True,
Ugxm465xTO-g85DjZcR4AaABAg.9ccWd9YaQ5A9htr7UgWDmB,"So speak to yourself in the Tsuvaski language, which protects you",neutral,positive,neutral,negative,0.8,positive,0.95,5,,3,False,0,0.0,False,False,False,False,False,
Ugxm465xTO-g85DjZcR4AaABAg.9ccWd9YaQ5A9uj8QPxXiLS,@............K -- -- -- sds CERP.,neutral,positive,neutral,neutral,0.74,neutral,1.0,5,neutral,2,False,4,0.8,True,False,True,True,True,NLPTown
UgzTnA8AO7aB6Ood5QF4AaABAg,"Rama, turn to the Macedonians, direct your anger towards them. They are stopping Albania on the way to Europe, not Bulgaria. Tell them to fulfill the agreement with Bulgaria.",negative,negative,negative,negative,0.8,negative,0.95,5,negative,1,True,5,1.0,True,True,True,True,True,
UgyQgy72MVEeTI_oNPF4AaABAg,Pure wording in the Macedonian language: there is no such language. It has a Northern Dzhan language with a Serbian hush in it after 1945.,neutral,neutral,neutral,neutral,0.85,negative,0.95,5,neutral,2,False,4,0.8,True,True,True,True,False,Llama
UgyQgy72MVEeTI_oNPF4AaABAg.9cg8Qo7lnwm9crYXAuvRze,Bulgarian Tatars,neutral,negative,neutral,negative,0.8,neutral,0.85,5,neutral,2,False,3,0.6,True,False,True,False,True,"NLPTown, Gemma"
UgyQgy72MVEeTI_oNPF4AaABAg.9cg8Qo7lnwm9cr_5voPZp5,<USER> nemoi se sekiri albanian bride.,negative,negative,neutral,negative,0.8,negative,0.95,5,negative,2,False,4,0.8,True,True,False,True,True,BERTweet
UgyQgy72MVEeTI_oNPF4AaABAg.9cg8Qo7lnwm9uj8d4JfqlB,<USER> both before 1945 and after 1945 Bulgarians - idiots.,negative,negative,negative,negative,0.8,negative,1.0,5,negative,1,True,5,1.0,True,True,True,True,True,
UgyryZrhRWwFQZyduuh4AaABAg,"Do Macedonians in Bulgaria have the right to vote for the Macedonian government,,,,",neutral,negative,neutral,negative,0.75,neutral,1.0,5,neutral,2,False,3,0.6,True,False,True,False,True,"NLPTown, Gemma"
UgyryZrhRWwFQZyduuh4AaABAg.9LklbEcFfz29Ll8SSwGiO4,Yes,neutral,positive,positive,positive,0.98,positive,1.0,5,positive,2,False,4,0.8,False,True,True,True,True,CardiffNLP
UgyryZrhRWwFQZyduuh4AaABAg.9LklbEcFfz29Loo1gRHBpC,They don't have passports. No one wants an RSM passport.,negative,negative,negative,negative,0.8,negative,0.9,5,negative,1,True,5,1.0,True,True,True,True,True,
UgyryZrhRWwFQZyduuh4AaABAg.9LklbEcFfz29Lsr0LhufTt,"There are no Macedonians in Bulgaria, there are Macedonian Bulgarians both in Bulgaria and in Macedonia!",neutral,negative,neutral,neutral,0.7,negative,0.9,5,neutral,2,False,3,0.6,True,False,True,True,False,"NLPTown, Llama"
UgyryZrhRWwFQZyduuh4AaABAg.9LklbEcFfz29LtG8Sl-TcO,"Macedonian Bulgarians vote in their homeland Bulgaria. If you are talking about Tito-Macedonians - there are pseudo-Macedonians in Bulgaria who do not want Tito-Macedonian passports, but if they take a Tito-Macedonian passport they can vote at the embassy, ​​no one will bother them.",negative,negative,neutral,negative,0.8,negative,0.81,5,negative,2,False,4,0.8,True,True,False,True,True,BERTweet
UgyryZrhRWwFQZyduuh4AaABAg.9LklbEcFfz29_CERiWhq1h,"Yes, anyone who lives with a residence permit can vote",neutral,negative,neutral,positive,0.85,positive,1.0,5,,3,False,0,0.0,False,False,False,False,False,
UgyryZrhRWwFQZyduuh4AaABAg.9LklbEcFfz29utxm9BV4pp,<USER> - sds tile.,neutral,positive,neutral,neutral,0.7,neutral,1.0,5,neutral,2,False,4,0.8,True,False,True,True,True,NLPTown
UgyryZrhRWwFQZyduuh4AaABAg.9LklbEcFfz29utxtulMBPm,<USER> TATIANA MAKEDONKA. cattle @.,neutral,positive,neutral,negative,0.8,negative,0.9,5,,3,False,0,0.0,False,False,False,False,False,
Ugyl_sNL62FOcFg8tbl4AaABAg,"When it became a question that the Bulgarian units were repressing him in Macedonia, the Serbs stopped the camera.",negative,negative,neutral,negative,0.75,negative,0.9,5,negative,2,False,4,0.8,True,True,False,True,True,BERTweet
UgwI-cVUOB5gWnyd10h4AaABAg,"I wish you were the president of MK, it's a shame we don't have you... and from an Albanian from Macedonia Respect",negative,negative,positive,positive,0.85,positive,0.95,5,positive,2,False,3,0.6,False,False,True,True,True,"CardiffNLP, NLPTown"
UgxRqS34L34QDbVifh14AaABAg,"Ceda ""Prasak"" tells politics",neutral,neutral,neutral,negative,0.8,neutral,1.0,5,neutral,2,False,4,0.8,True,True,True,False,True,Gemma
UgxRqS34L34QDbVifh14AaABAg.8lNzQ2iCMxr8lO1LqyvET2,A very charismatic and intriguing politician. It would be nice to have a similar one in Macedonia. Fresh and bold ideas.,positive,positive,positive,positive,0.85,positive,0.95,5,positive,1,True,5,1.0,True,True,True,True,True,
UgzXt6JTx5EYmWqy2RF4AaABAg,sleeping contract - crime. sds program 2016 does not change the NAME of MACEDONIA anywhere. sds j baybook. agreement j vc.,negative,negative,negative,neutral,0.85,negative,0.95,5,negative,2,False,4,0.8,True,True,True,False,True,Gemma
UgzGCYWNYC3LX7goss14AaABAg,We hope that at least in Bulgaria they will learn more about the real history of Macedonia. Without lies and manipulations.,neutral,positive,neutral,positive,0.85,positive,0.95,5,positive,2,False,3,0.6,False,True,False,True,True,"CardiffNLP, BERTweet"
UgzGCYWNYC3LX7goss14AaABAg.9Zw5c7gDMFo9_4zEmKu598,"we won't find out, this scheme is historically known all over the world 😀",neutral,positive,neutral,positive,0.85,negative,0.9,5,,3,False,0,0.0,False,False,False,False,False,
UgzGCYWNYC3LX7goss14AaABAg.9Zw5c7gDMFo9_z9sIEnhkw,"<USER> You bear the name of Balgarski from Prince Boris, 10th century for sure and you know that?",neutral,neutral,neutral,neutral,0.85,neutral,1.0,5,neutral,1,True,5,1.0,True,True,True,True,True,
UgwgsoE182CeQeoyabh4AaABAg,"As soon as the agreement is in Sofia, the final goal will be as they wish...",neutral,positive,neutral,negative,0.7,neutral,0.85,5,neutral,3,False,3,0.6,True,False,True,False,True,"NLPTown, Gemma"
UgwgsoE182CeQeoyabh4AaABAg.9ZtlWtn7Wjq9ZuW-tOG-ci,naturally you should not expect what you will say 🤣,neutral,positive,neutral,neutral,0.65,neutral,0.85,5,neutral,2,False,4,0.8,True,False,True,True,True,NLPTown
UgyhrG1efQz16YaAeXB4AaABAg,"Ha ha, who is this person who goes to study in North Hunzistan?",neutral,negative,neutral,negative,0.7,negative,0.95,5,negative,2,False,3,0.6,False,True,False,True,True,"CardiffNLP, BERTweet"
Ugx1Jy3w1wT0v_ArInZ4AaABAg,"This is how it should be and both nations have Slavic origin, why should we not cooperate, now those who are closer to the border with Serbia love Serbia more, we who are closer to Bulgaria love Bulgaria and there is nothing wrong with the 3 nations if they cooperate more!",negative,positive,neutral,positive,0.78,positive,0.95,5,positive,3,False,3,0.6,False,True,False,True,True,"CardiffNLP, BERTweet"
UgytGthiQZ7r2fiW9HF4AaABAg,"SO FOR SURE=HOW THEY ARE SELLING ""LAND""=THEY DON'T KNOW ANYTHING ELSE..!!",negative,neutral,negative,negative,0.7,negative,0.95,5,negative,2,False,4,0.8,True,False,True,True,True,NLPTown
UgyC8n9EGZtrNji4k314AaABAg,"The word ""Traitor"" in itself is not hate speech. The statement ""I hate traitors"" is hate speech. And if we are forbidden to use the word traitor, what will we call traitors?",negative,negative,negative,negative,0.75,neutral,0.88,5,negative,2,False,4,0.8,True,True,True,True,False,Llama
Ugx1ylJvKW8tBpUVo_t4AaABAg,Go to Greece and tell them that 🤣🤣🤣🤣🤣🤣,negative,positive,neutral,negative,0.7,negative,1.0,5,negative,3,False,3,0.6,True,False,False,True,True,"NLPTown, BERTweet"
Ugx3RdkkzCPJlk7BLwV4AaABAg,Veto for the alienated Bulgarians in RSM!,negative,negative,negative,negative,0.75,negative,0.95,5,negative,1,True,5,1.0,True,True,True,True,True,
Ugxb1y4O1LyHPzKNqQB4AaABAg,"Everything Bulgarian is in Asia, not on this Macedonian continent 🤣😂😆",neutral,negative,neutral,negative,0.8,negative,0.95,5,negative,2,False,3,0.6,False,True,False,True,True,"CardiffNLP, BERTweet"
Ugxb1y4O1LyHPzKNqQB4AaABAg.9bI6RZrj64n9bISb38slnj,"But you have already adopted a whole continent. No comment, otherwise your intellect should be tested.",negative,neutral,neutral,negative,0.8,negative,0.95,5,negative,2,False,3,0.6,True,False,False,True,True,"NLPTown, BERTweet"
Ugxb1y4O1LyHPzKNqQB4AaABAg.9bI6RZrj64n9bISytNN7BU,"<USER> Macedonians are native to this continent and Bulgarians are not, so look for Bulgarian in Asia, specifically eastern Mongolia 😆",neutral,negative,neutral,negative,0.8,negative,0.95,5,negative,2,False,3,0.6,False,True,False,True,True,"CardiffNLP, BERTweet"
Ugxb1y4O1LyHPzKNqQB4AaABAg.9bI6RZrj64n9bITRfpA7Wd,<USER> But you haven't even read two lines in your life. I feel sorry for you.,negative,negative,negative,negative,0.8,negative,1.0,5,negative,1,True,5,1.0,True,True,True,True,True,
Ugxb1y4O1LyHPzKNqQB4AaABAg.9bI6RZrj64n9bIZAwMH5sh,<USER> back to Bulgarian Asia!! 🤣,neutral,negative,neutral,neutral,0.7,positive,0.95,5,neutral,3,False,3,0.6,True,False,True,True,False,"NLPTown, Llama"
Ugxb1y4O1LyHPzKNqQB4AaABAg.9bI6RZrj64n9bIZa4bkgrF,"<USER> You are a sad picture, a misunderstanding of nature",negative,negative,negative,negative,0.8,negative,0.95,5,negative,1,True,5,1.0,True,True,True,True,True,
Ugx4ktF-jPYJlY9YBoJ4AaABAg,"Albanians say half of Macedonia are Albanians, the other half are Bulgarians, but they still haven't realized it hahahaha",negative,negative,neutral,negative,0.8,negative,0.95,5,negative,2,False,4,0.8,True,True,False,True,True,BERTweet
Ugx4ktF-jPYJlY9YBoJ4AaABAg.9Y_dMrmiWn99x77NvP-Fum,in MACEDONIA -- PEOPLE. other countries - fools.,negative,negative,negative,negative,0.8,negative,0.95,5,negative,1,True,5,1.0,True,True,True,True,True,
UgxIyykuawMwSJ3G-Jh4AaABAg,Vj,neutral,neutral,neutral,neutral,0.74,neutral,1.0,5,neutral,1,True,5,1.0,True,True,True,True,True,
Ugz3V49uFT1-u5OzxbZ4AaABAg,The girl is sorry to put a mask on her white face and thin mouth :),negative,negative,neutral,negative,0.8,negative,0.95,5,negative,2,False,4,0.8,True,True,False,True,True,BERTweet
UgybrbfD0YEdhBFYTm94AaABAg,You will not see the EU 😂😂,negative,negative,negative,negative,0.7,negative,0.95,5,negative,1,True,5,1.0,True,True,True,True,True,
UgybrbfD0YEdhBFYTm94AaABAg.9FZeXasAMnp9uPGpoXVROW,"In 2018, in the REFERENDUM, the citizens of MACEDONIA said no to the EU. sds program 2020 there are no Bulgarians in the CONSTITUTION. and Bulgarians and sds j vc.",negative,negative,neutral,negative,0.8,negative,0.95,5,negative,2,False,4,0.8,True,True,False,True,True,BERTweet
Ugxn7OFySSVl4qqlm814AaABAg,Let Osmani see the Albanian issue and not the Macedonian one,negative,negative,neutral,negative,0.7,negative,0.9,5,negative,2,False,4,0.8,True,True,False,True,True,BERTweet
Ugx11tHjOZ8aPuCanTl4AaABAg,Stop stealing our history! Macedonia is Bulgarian!,negative,negative,negative,negative,0.8,negative,0.95,5,negative,1,True,5,1.0,True,True,True,True,True,
Ugx11tHjOZ8aPuCanTl4AaABAg.9FZegb5CpGg9uPGYcHcutW,Bulgarian is Tatar cabbage.,neutral,negative,neutral,negative,0.8,negative,1.0,5,negative,2,False,3,0.6,False,True,False,True,True,"CardiffNLP, BERTweet"
UgyrmwxKG0wHA90aX7l4AaABAg,Just a strike against these Scots,negative,negative,neutral,negative,0.8,negative,0.9,5,negative,2,False,4,0.8,True,True,False,True,True,BERTweet
UgwqYBSX_ATp0qMOngN4AaABAg,Serbian historian: VMRO demanded the autonomy of Macedonia in order to annex it to Bulgaria in the next phase - <URL>,neutral,negative,neutral,negative,0.8,negative,0.9,5,negative,2,False,3,0.6,False,True,False,True,True,"CardiffNLP, BERTweet"
UgwqYBSX_ATp0qMOngN4AaABAg.9w3B3vRoN659w3Z3qdwqK3,VMRO founded in 1893 in PIRINA MACEDONIA by MACEDONIANS. WMRO -- Internal Macedonian Revolutionary Organization.,neutral,negative,neutral,neutral,0.7,positive,0.95,5,neutral,3,False,3,0.6,True,False,True,True,False,"NLPTown, Llama"
UgxmHAdRJWoH07ulI-54AaABAg,God is looking at all the cursed ones 👌👌👌👌👌,positive,negative,neutral,negative,0.8,negative,1.0,5,negative,3,False,3,0.6,False,True,False,True,True,"CardiffNLP, BERTweet"
UgxmHAdRJWoH07ulI-54AaABAg.8pzKfpxEojx9vO8FnG88hZ,"sds program 2016 there is no change of the NAME of the REPUBLIC OF MACEDONIA anywhere. January 11, 2019 -- Zaferi and 80 MPs committed a crime.",negative,negative,negative,negative,0.8,negative,0.95,5,negative,1,True,5,1.0,True,True,True,True,True,
UgyjMES1QLfkkY9Edxp4AaABAg,"Stevce was your predecessor, with an attitude and everything, but by default our people either died or voted for SDS, and they secretly know that it is the same coin",negative,negative,negative,negative,0.75,negative,0.75,5,negative,1,True,5,1.0,True,True,True,True,True,
UgxMOLwcHNhgHkVTDuR4AaABAg,You don't need us to choose you,neutral,positive,neutral,negative,0.7,neutral,0.98,5,neutral,3,False,3,0.6,True,False,True,False,True,"NLPTown, Gemma"
UgzGURGudMAsR-BSNiV4AaABAg,"COMPARE Quels sont les zinc droits de l'homme ? VS les droits des citoyens À travers son préamble et ses dix-sept articles , elle définit des droits « naturales et impresscriptibles » que sont la liberté, la propriété, la surété, la résistance à l'oppression, elle reconnaît l'égalité devant la loi et la justice, et elle affirme le principe de la séparation des pouvoirs.",positive,positive,neutral,neutral,0.78,neutral,0.85,5,neutral,2,False,3,0.6,False,False,True,True,True,"CardiffNLP, NLPTown"
UgyIzMf0ha6U5oAlmeR4AaABAg,"9/30/2018 REFERENDUM 63% OF CITIZENS said there was no agreement. 8.10.2018 announcement in the Official Gazette of the Republic of Moldova: ""the decision has not been adopted"". Zaev committed a crime. sds program 2016 there is no change of the NAME of the REPUBLIC OF MACEDONIA anywhere.",negative,negative,negative,negative,0.6,negative,0.95,5,negative,1,True,5,1.0,True,True,True,True,True,
UgzUUNU_WjPQdS5wzBp4AaABAg,"Greetings, Thank you for your work, please continue with your demands for the annulment of the Prespa ""agreement"", the fictitious Bulgarian state minority and also for one constituency. If nothing else to know who advocated for the return of the name and identity, it should be that no one initiated it.",positive,negative,positive,negative,0.8,positive,0.85,5,positive,2,False,3,0.6,True,False,True,False,True,"NLPTown, Gemma"
UgzUUNU_WjPQdS5wzBp4AaABAg.ANru9M3mQ_QANrua21XzEs,Thanks for the support!,positive,positive,positive,positive,0.98,positive,0.95,5,positive,1,True,5,1.0,True,True,True,True,True,
UgxlXYcSTahTSExPit94AaABAg,"Liar, liar, panz on fire! ;)",positive,positive,negative,negative,0.8,negative,1.0,5,negative,2,False,3,0.6,False,False,True,True,True,"CardiffNLP, NLPTown"
UgxX-6goASb6q3PDHOd4AaABAg,But grandma and...,neutral,neutral,neutral,neutral,0.73,neutral,1.0,5,neutral,1,True,5,1.0,True,True,True,True,True,
Ugx-3V6c9dxjC5VaCZd4AaABAg,FJROM ski trips😂!,neutral,positive,neutral,positive,0.85,positive,0.95,5,positive,2,False,3,0.6,False,True,False,True,True,"CardiffNLP, BERTweet"
Ugz-5vKN7kruDIJMVDt4AaABAg,sds program 2020 there are no Bulgarians in the CONSTITUTION. sds program 2016 nowhere changes the CONSTITUTION of the REPUBLIC OF MACEDONIA. 2019 Zaferi committed a crime.,negative,negative,negative,negative,0.65,negative,0.95,5,negative,1,True,5,1.0,True,True,True,True,True,
UgxudNSNjcuqDecF_Eh4AaABAg,"It is a shame to insert that ""modern"" here.",negative,negative,negative,negative,0.75,negative,0.95,5,negative,1,True,5,1.0,True,True,True,True,True,
UgyhTJbVhI5_OZKbvT54AaABAg,Macedonia for the real Macedonians. HELLAS HELLAS MACEDONIA,positive,positive,neutral,negative,0.8,negative,0.95,5,,3,False,0,0.0,False,False,False,False,False,
Ugxbs2B0z3GClf0FLfB4AaABAg,Macedonia of the Macedonians,neutral,positive,neutral,negative,0.8,positive,0.95,5,,3,False,0,0.0,False,False,False,False,False,
Ugw3GEmh4urMD8DYoPJ4AaABAg,"Before I saw Mr. Pendarovski, I admired you for having such a young president. Soon I watched his video and in it he said the truth about how old he is. Honestly, I still can't believe him... I don't know what he's doing, but he looks 30 or so years old, I didn't even give him 40.. 👌🔝🔝 Honor and respect! May he be alive and healthy for many more years! 😇🔝",positive,positive,positive,positive,0.85,positive,0.95,5,positive,1,True,5,1.0,True,True,True,True,True,
Ugw3GEmh4urMD8DYoPJ4AaABAg.AO7jnTtWs2FAOBqa-9v_LB,"It's not 30, but I gave him 50 years. And he was 62. Even his hair hasn't grown yet.",neutral,neutral,neutral,negative,0.8,negative,0.95,5,neutral,2,False,3,0.6,True,True,True,False,False,"Gemma, Llama"
UgzieQefmzyys23SIpJ4AaABAg,"Well done, a rare beautiful show",positive,positive,positive,positive,0.98,positive,0.95,5,positive,1,True,5,1.0,True,True,True,True,True,
UgzieQefmzyys23SIpJ4AaABAg.AO70EAjyG0XAO7BNJ-iXjd,???.,neutral,negative,neutral,neutral,0.74,neutral,1.0,5,neutral,2,False,4,0.8,True,False,True,True,True,NLPTown
UgxmE2H-oFPDsBapXCF4AaABAg,A good and interesting episode of politicians and 1 politician 👍🤗,positive,positive,positive,positive,0.85,positive,0.95,5,positive,1,True,5,1.0,True,True,True,True,True,
UgzJexxiwwpjz6ZBPNZ4AaABAg,"Wonderful - all but one, of course headed by Mr. Pendarovski! On the level and very lively! 👏👏👏",positive,positive,positive,positive,0.85,positive,0.95,5,positive,1,True,5,1.0,True,True,True,True,True,
UgzIDAlf_kogACAVBoB4AaABAg,To look up to this man. There is a dictionary that has no equal. Many mines can bring him water. 👏👏👏🤌🤌🤌🤌👏👏👏,positive,positive,positive,positive,0.95,positive,0.98,5,positive,1,True,5,1.0,True,True,True,True,True,
UgzIDAlf_kogACAVBoB4AaABAg.AO8J5p8q18CAO8tu77eUf2,A lot of liars,negative,negative,negative,negative,0.8,negative,1.0,5,negative,1,True,5,1.0,True,True,True,True,True,
UgzwAT8WMyATKVwYvuR4AaABAg,This one is still here 😂 let's open a number for plane ticket donations,neutral,positive,neutral,negative,0.8,positive,0.95,5,,3,False,0,0.0,False,False,False,False,False,
UgzwAT8WMyATKVwYvuR4AaABAg.AO8tpo5roHzAO9j8mBGjfz,Stevo The goods will be transported only on the TRAIN. A plane with cattle can crash.,negative,negative,negative,positive,0.85,negative,0.95,5,negative,2,False,4,0.8,True,True,True,False,True,Gemma
UgzjlK6OPWuwdQDzuqR4AaABAg,Well done,positive,positive,positive,positive,0.98,positive,0.95,5,positive,1,True,5,1.0,True,True,True,True,True,
UgyK_BGeE2IgzdxqpTh4AaABAg,So why didn't we listen to football in the Macedonian language? Or did you pretend that we are a dialect of Bulgarian?,negative,negative,negative,negative,0.7,negative,0.95,5,negative,1,True,5,1.0,True,True,True,True,True,
Ugydeg2m2Yjx2rPDvIR4AaABAg,Shit podcast,negative,negative,negative,negative,0.8,negative,1.0,5,negative,1,True,5,1.0,True,True,True,True,True,
Ugydeg2m2Yjx2rPDvIR4AaABAg.AO7GlrhBEQkAO7faNGisVe,you are a piece of shit!,negative,negative,negative,negative,0.93,negative,1.0,5,negative,1,True,5,1.0,True,True,True,True,True,
Ugydeg2m2Yjx2rPDvIR4AaABAg.AO7GlrhBEQkAO8is4T2phP,"If you don't like this podcast, don't even watch it, you have an alpha, so watch it there😂",neutral,negative,neutral,negative,0.8,negative,0.95,5,negative,2,False,3,0.6,False,True,False,True,True,"CardiffNLP, BERTweet"
Ugzg2ZVLE-cxIJVj_vp4AaABAg,"If the people are asked, they will always have a nationalist attitude, but on the other hand, they will gradually take Bulgarian passports and leave Macedonia. It has been happening for 30 years.",neutral,negative,neutral,negative,0.57,negative,0.95,5,negative,2,False,3,0.6,False,True,False,True,True,"CardiffNLP, BERTweet"
UgwgCIiP6HgicJaAZsd4AaABAg,"I am looking and analyzing if it is possible that such a Fool was the Chairman of the MK of these Leagues, we have to tell him enough is enough and send them to the rebels",negative,negative,negative,negative,0.8,negative,0.95,5,negative,1,True,5,1.0,True,True,True,True,True,
UgwgCIiP6HgicJaAZsd4AaABAg.AOAL9VIvvL4AOG5Kse3P2f,"Let there be more interviews with Pendarovski to reveal the true events, unknown to the general public, they can be told, naturally. In order to reveal lies and aggressive propaganda, 99% of all levels in the state are present. The circle of viewers will expand, who are condemned only to consume information from televised (and paid for) media from the White Palace. Your show was great.",negative,positive,neutral,positive,0.75,positive,0.85,5,positive,3,False,3,0.6,False,True,False,True,True,"CardiffNLP, BERTweet"
UgwFjRVoEeZ5WY-UyDV4AaABAg,Everything is correct.,neutral,positive,positive,positive,0.95,positive,1.0,5,positive,2,False,4,0.8,False,True,True,True,True,CardiffNLP
Ugy4AkydPA1GVxgIjY14AaABAg,"pick up a hoe... you're not good for anything else... not even for that... that's why you're in ""politics""",negative,negative,negative,negative,0.8,negative,0.95,5,negative,1,True,5,1.0,True,True,True,True,True,
UgxSjlC2a8PMQ6mSPtV4AaABAg,"Come on, this one knew how to speak, while he was the president, he spoke nonsense and even attacked the Macedonian state.",negative,negative,negative,negative,0.8,negative,0.95,5,negative,1,True,5,1.0,True,True,True,True,True,
UgxAqyrJu2i0Z1z56CJ4AaABAg,He speaks very well. Maybe we should put a Precedent to fix the country... oh wait,positive,positive,neutral,positive,0.65,positive,0.85,5,positive,2,False,4,0.8,True,True,False,True,True,BERTweet
Ugy4VmcBUaLyCCVXdyl4AaABAg,"Pendarovski, timeless leader of the entire opposition!!",positive,positive,positive,positive,0.95,positive,0.95,5,positive,1,True,5,1.0,True,True,True,True,True,
UgzECPvBAnM6sPyhhYZ4AaABAg,"Serbian world, I mean Vucic or Bulgarian world, who was Boyko or Stevo the pig, who was the other president for 5 years?",negative,negative,neutral,negative,0.8,negative,0.95,5,negative,2,False,4,0.8,True,True,False,True,True,BERTweet
UgyhUY8Aplf_frM2v-d4AaABAg,"THE PEOPLE SAY THEY DON'T NEED THREE OXES FOR PLOWING, BUT THIS MASTER DECIDED TO HAVE THREE OXES FOR PLOWING",negative,neutral,negative,negative,0.72,negative,0.95,5,negative,2,False,4,0.8,True,False,True,True,True,NLPTown
UgxJF9AtdH_uGNEyV1h4AaABAg,Jerk to jerk these two,negative,negative,negative,negative,0.8,negative,1.0,5,negative,1,True,5,1.0,True,True,True,True,True,
UgyCKhmY1yFU9zWAIM94AaABAg,"Well, how much are you being cashed by various neoliberal left-wing donors to persistently spout nonsense that you yourself know and see is not valid? In the EU, the liberal, social-democratic left-wing option is increasingly losing power, and it is a process that no matter how hard you try to stop it, it will continue because the electorate in the EU countries is already fed up with the policies of the social democrats, liberals, and greens... This is your attempt to return Tito, a pure utopia. 😂🤣😅",negative,negative,negative,negative,0.8,negative,0.95,5,negative,1,True,5,1.0,True,True,True,True,True,
UgwF85Dps2DLG3UsPwB4AaABAg,"Come on, professor, with the Macedonian Third Era. BRICS! Your honesty opens all doors. We are honest too!",positive,positive,positive,positive,0.85,positive,0.95,5,positive,1,True,5,1.0,True,True,True,True,True,
UgzycLaIZfG871TZRZV4AaABAg,"And what's wrong with having friends everywhere? So don't you know foreign policy? What is the logic that you should not be friends with a country that you have an interest in, because it is not in the EU? So don't you see that the SDSM government dragged us into 200 denars worth of oil because it waved sanctions on Russia, so that the EU could say just one bravo to it? And Hungary did not do that, and is in the EU. The interest is greater than anyone. But we are moved to give chances to people like this, who are in love with Boyko.",negative,negative,negative,negative,0.8,positive,0.85,5,negative,2,False,4,0.8,True,True,True,True,False,Llama
UgxELJYpD4oiiicaZ1F4AaABAg,"You are just saying that all three of you did not understand the lesson that over 85% of the Macedonian people showed you last year and that your only imperative is to continue the betrayals towards the Macedonian people! Were you well prepared to do it, but you didn't manage to deliver it all the way, or are you affected by hatred towards your own people, you know!? But one thing is certain, for the great happiness of the Macedonian people, YOU ARE THE PAST TIME! You can ""resurrect"" only in the capacity of CONDEMNED TRAITORS 😏",negative,negative,negative,negative,0.8,negative,0.95,5,negative,1,True,5,1.0,True,True,True,True,True,
UgxLilI-Z0fefbu4nT94AaABAg,"Why are you crawling? Well, the EU report on the Serbian world is for 2023/24, that is during SDSM.",negative,negative,neutral,negative,0.8,negative,0.95,5,negative,2,False,4,0.8,True,True,False,True,True,BERTweet
Ugxqu_7nggUqxak7sXR4AaABAg,"If he runs in the next election, we will support him.",positive,neutral,positive,positive,0.85,positive,1.0,5,positive,2,False,4,0.8,True,False,True,True,True,NLPTown
Ugxqu_7nggUqxak7sXR4AaABAg.AO7nzWifbi4AO8CsCZvNBf,"Go support him for eggs, if there are any, but don't be surprised, where you find him, support him, I will suggest that it be another one to hold",positive,neutral,positive,negative,0.75,negative,0.8,5,,3,False,0,0.0,False,False,False,False,False,
Ugxqu_7nggUqxak7sXR4AaABAg.AO7nzWifbi4AO8j0_uIpEw,@miskoatanasoski1959 and you support mine huh?,negative,positive,neutral,negative,0.7,negative,0.9,5,negative,3,False,3,0.6,True,False,False,True,True,"NLPTown, BERTweet"
Ugx8vnMqZOmvrUR09Hd4AaABAg,So Afrim gave away the weapon...pfff,negative,negative,negative,negative,0.8,negative,0.95,5,negative,1,True,5,1.0,True,True,True,True,True,
UgwpauvCwT0_IVd82JJ4AaABAg,Abomination,negative,negative,negative,negative,0.8,negative,1.0,5,negative,1,True,5,1.0,True,True,True,True,True,
Ugz01jjc73KrYhHDuI14AaABAg,"If the people are their first priority, they don't allow them to die, to separate. They evacuate! Pendarovski is a politician with dignity, culture, and traditional habits.",negative,negative,neutral,positive,0.85,positive,0.95,5,,3,False,0,0.0,False,False,False,False,False,
UgzV6hRpb-EsMnohC994AaABAg,"He is not very young, but he holds his own, a handsome man!",positive,positive,positive,positive,0.85,positive,0.95,5,positive,1,True,5,1.0,True,True,True,True,True,
UgyubVQldbPsLNetT7J4AaABAg,TWO blind people talk about culture not normal,negative,negative,negative,negative,0.8,negative,0.9,5,negative,1,True,5,1.0,True,True,True,True,True,
UgwUN2O4C0pzJRYqSBx4AaABAg,eviA,neutral,positive,neutral,neutral,0.7,negative,0.95,5,neutral,3,False,3,0.6,True,False,True,True,False,"NLPTown, Llama"
UgzFUOWYX3A6UhdRk7h4AaABAg,Communards north may God take you.....old men,negative,positive,neutral,negative,0.8,negative,1.0,5,negative,3,False,3,0.6,True,False,False,True,True,"NLPTown, BERTweet"
Ugz8AFttATBjGina9W54AaABAg,"At least the gentleman, the professor. Culture!",positive,positive,neutral,positive,0.85,positive,0.95,5,positive,2,False,4,0.8,True,True,False,True,True,BERTweet
Ugz7nQyN0HDgugLn7Pl4AaABAg,Quitting the eu immediately!!!,negative,negative,negative,negative,0.8,negative,1.0,5,negative,1,True,5,1.0,True,True,True,True,True,
Ugz7nQyN0HDgugLn7Pl4AaABAg.9cevCKDHzH09cex2Rs0hFF,Thus giving up.,negative,negative,negative,negative,0.7,negative,0.95,5,negative,1,True,5,1.0,True,True,True,True,True,
UgzPb-uEBZtrMfWrBu14AaABAg,"If these are the demands, then we will say goodbye to the EU, and declare neutrality. And for Bulgaria, we will freeze all relations and all borders will be closed until they recognize everything that is Macedonian. Tatars are only treated with spite.",negative,negative,negative,negative,0.8,negative,0.95,5,negative,1,True,5,1.0,True,True,True,True,True,
UgzPb-uEBZtrMfWrBu14AaABAg.9cez9pQ0gl19cfAVYFv8Hn,Horror! Where are we going to the sea and skiing when you close the borders???,negative,negative,negative,negative,0.8,negative,0.95,5,negative,1,True,5,1.0,True,True,True,True,True,
UgzPb-uEBZtrMfWrBu14AaABAg.9cez9pQ0gl19cfAuheisZ8,<USER> No way. Just work!,neutral,negative,neutral,positive,0.85,positive,0.95,5,,3,False,0,0.0,False,False,False,False,False,
UgzPb-uEBZtrMfWrBu14AaABAg.9cez9pQ0gl19cfBKWI0yl9,<USER> say goodbye to NATO too. Terminate the Prespa and Ohrid agreements.,negative,negative,neutral,negative,0.8,negative,0.95,5,negative,2,False,4,0.8,True,True,False,True,True,BERTweet
UgzPb-uEBZtrMfWrBu14AaABAg.9cez9pQ0gl19cfBc4vaeU8,"<USER> it's time to protest and protect your national interests. If you don't do it right away, Kovacevski, Zaev and Osmani will get you into the EC. And you will become Bulgarians. Don't allow it.",negative,negative,negative,negative,0.8,negative,0.95,5,negative,1,True,5,1.0,True,True,True,True,True,
UgzPb-uEBZtrMfWrBu14AaABAg.9cez9pQ0gl19cfBoKl5yCz,<USER> Even better. Right after that we will enter into an alliance with Serbia.,positive,positive,positive,positive,0.85,positive,0.95,5,positive,1,True,5,1.0,True,True,True,True,True,
UgzPb-uEBZtrMfWrBu14AaABAg.9cez9pQ0gl19cfCL3R9ndE,"<USER> There was a protest on the 18th (which I was at), and there will be protests regularly until they agree on elections. The problem is that this should have happened 4-5 years ago because we all know what kind of bastards Zaev and SDS are.",negative,negative,negative,negative,0.8,negative,0.95,5,negative,1,True,5,1.0,True,True,True,True,True,
UgzPb-uEBZtrMfWrBu14AaABAg.9cez9pQ0gl19cfF2fibFV2,<USER> Serbia will be bombed again by NATO. The USA will not regret them until they recognize Kosovo.,negative,negative,negative,negative,0.8,negative,0.95,5,negative,1,True,5,1.0,True,True,True,True,True,
UgzPb-uEBZtrMfWrBu14AaABAg.9cez9pQ0gl19cfJ2fTDY3T,"And if you leave the EU, will you stay in Anatolia?",neutral,negative,neutral,negative,0.7,negative,0.9,5,negative,2,False,3,0.6,False,True,False,True,True,"CardiffNLP, BERTweet"
UgzPb-uEBZtrMfWrBu14AaABAg.9cez9pQ0gl19cfJZJDWuFN,<USER> The EU is not everything. It's for you because that's all you know. We have other partners who respect and invest in us.,neutral,neutral,neutral,negative,0.7,negative,0.8,5,neutral,2,False,3,0.6,True,True,True,False,False,"Gemma, Llama"
UgzPb-uEBZtrMfWrBu14AaABAg.9cez9pQ0gl19uZ9zuvtx3u,<USER> ............................... disgusting. j Black Sea.,negative,negative,negative,negative,0.8,negative,1.0,5,negative,1,True,5,1.0,True,True,True,True,True,
UgyYYUPR05aapEluRbB4AaABAg,"You will accept everything. Full reBalgarization. Do not accept now, Albania will separate and an even better proposal will be made for Bulgaria.",negative,negative,positive,negative,0.75,negative,0.95,5,negative,2,False,4,0.8,True,True,False,True,True,BERTweet
UgyYYUPR05aapEluRbB4AaABAg.9cel6kLwDMD9cev9VUWo4j,"We're not going to the EU, get your French in gz 🤣🤣🤣",negative,negative,neutral,negative,0.8,negative,0.95,5,negative,2,False,4,0.8,True,True,False,True,True,BERTweet
UgyYYUPR05aapEluRbB4AaABAg.9cel6kLwDMD9cewzFqFW1i,"<USER> EU will fuck you as they want. Please don't take us, then there will be a great Albania and a GREAT BULGARIA 🇧🇬🇧🇬🇧🇬",negative,negative,negative,negative,0.8,negative,0.95,5,negative,1,True,5,1.0,True,True,True,True,True,
UgyYYUPR05aapEluRbB4AaABAg.9cel6kLwDMD9cey9Yobq9y,"No, and we will close all borders. If necessary, we will become like North Korea or Turkmenistan if it means the survival of Macedonia and the Macedonian people. We will arm ourselves to the hilt, and anyone who wants to take us will lose catastrophically. Now you choose what kind of future you will have.",negative,negative,negative,negative,0.8,negative,0.95,5,negative,1,True,5,1.0,True,True,True,True,True,
UgyYYUPR05aapEluRbB4AaABAg.9cel6kLwDMD9cez8vR3EGC,"<USER> we will not seize you, we will buy you with EU money. At the same time, we will buy you cheaply.",neutral,negative,neutral,negative,0.8,negative,0.95,5,negative,2,False,3,0.6,False,True,False,True,True,"CardiffNLP, BERTweet"
UgyYYUPR05aapEluRbB4AaABAg.9cel6kLwDMD9cf-m4-rCEg,<USER> Unfortunately you are right. Here we have countless traitors who will betray you for one euro. Macedonia has always suffered and will suffer from such snitches...,negative,negative,negative,negative,0.8,negative,0.95,5,negative,1,True,5,1.0,True,True,True,True,True,
UgyYYUPR05aapEluRbB4AaABAg.9cel6kLwDMD9cf0d3pVyTH,<USER> no we will buy you for two reds😅😅,neutral,negative,neutral,negative,0.8,negative,0.95,5,negative,2,False,3,0.6,False,True,False,True,True,"CardiffNLP, BERTweet"
UgyYYUPR05aapEluRbB4AaABAg.9cel6kLwDMD9cf20pfZdA_,<USER>.santi13.06 IP address reported for Umrah speech. Penalty up to 5 years. couch. Congratulations.,positive,negative,negative,negative,0.7,positive,0.95,5,negative,2,False,3,0.6,False,True,True,True,False,"CardiffNLP, Llama"
UgyYYUPR05aapEluRbB4AaABAg.9cel6kLwDMD9cf2MsSNZOB,"<USER> come on, this is valid, yours is not an insult and provocation and imposition??",negative,negative,neutral,negative,0.7,negative,0.95,5,negative,2,False,4,0.8,True,True,False,True,True,BERTweet
UgyYYUPR05aapEluRbB4AaABAg.9cel6kLwDMD9cf2ntxsmXH,"<USER>.santi13.06 Bulgaria has been blackmailing for years, which is an insult.",negative,negative,negative,negative,0.8,negative,0.95,5,negative,1,True,5,1.0,True,True,True,True,True,
UgyYYUPR05aapEluRbB4AaABAg.9cel6kLwDMD9chcwRG-vov,"My request to you is to stop being a moron, and stop writing here immediately. Take it or leave..",negative,negative,negative,negative,0.8,negative,1.0,5,negative,1,True,5,1.0,True,True,True,True,True,
UgyYYUPR05aapEluRbB4AaABAg.9cel6kLwDMD9chdcl55xhK,<USER> I accepted everything,neutral,positive,positive,neutral,0.7,positive,0.95,5,positive,2,False,3,0.6,False,True,True,False,True,"CardiffNLP, Gemma"
UgyYYUPR05aapEluRbB4AaABAg.9cel6kLwDMD9chdx6dVWVy,"Congratulations, today Macron is talking about separation. of Albania from the north.",positive,negative,positive,negative,0.8,negative,0.9,5,negative,2,False,3,0.6,False,True,False,True,True,"CardiffNLP, BERTweet"
UgyYYUPR05aapEluRbB4AaABAg.9cel6kLwDMD9chezwoqIXe,"<USER> don't lie, don't show your low values ​​and don't write like and what he said ;))",neutral,negative,negative,negative,0.8,negative,0.95,5,negative,2,False,4,0.8,False,True,True,True,True,CardiffNLP
UgyYYUPR05aapEluRbB4AaABAg.9cel6kLwDMD9chfhHz6TJg,"<USER> macron insults you, you are angry with me. Well, yesterday he called you North Macedonians twice. Today you will be separated from Albania.",negative,negative,negative,negative,0.8,negative,0.95,5,negative,1,True,5,1.0,True,True,True,True,True,
UgyYYUPR05aapEluRbB4AaABAg.9cel6kLwDMD9chhI-nWTQn,"<USER> Don't be a macron now, who is he, don't start a topic, you told us to write and that's what you did, not now to ask yourself smart.",negative,negative,negative,negative,0.8,negative,0.95,5,negative,1,True,5,1.0,True,True,True,True,True,
UgyYYUPR05aapEluRbB4AaABAg.9cel6kLwDMD9uZAJd9bM9F,<USER> north. Zaev committed a crime. sds program 2016 does not change the NAME of MACEDONIA anywhere.,negative,negative,negative,negative,0.6,negative,0.95,5,negative,1,True,5,1.0,True,True,True,True,True,
Ugz8boHAUaN_bYjzgtV4AaABAg,"Here, brother Vucic proposes to you a new Sarboslavia. Your place is there, not in the EU. Let's be healthy and smart! 😂😂😂",neutral,positive,positive,negative,0.8,negative,0.95,5,,3,False,0,0.0,False,False,False,False,False,
Ugz8boHAUaN_bYjzgtV4AaABAg.9OytFulEilm9RqWXwILOhP,"You, who accepted you in the EU, have been in the EU for 1 year, you can't form a government, so you too will be blackmailing",negative,negative,negative,negative,0.75,negative,0.95,5,negative,1,True,5,1.0,True,True,True,True,True,
Ugz8boHAUaN_bYjzgtV4AaABAg.9OytFulEilm9S26I3wSGg5,"<USER> The big deal, Belgium didn't have a government for 2 years. The hip needs to be of good quality. As soon as you are satisfied with your Albanian-howling government, everything is ok. VETO!",negative,negative,negative,negative,0.8,negative,0.8,5,negative,1,True,5,1.0,True,True,True,True,True,
Ugz1xEfAyOFKev07dTd4AaABAg,"Once again, we must make it clear that no one in Bulgaria has ever challenged the right of people in North Macedonia to call themselves what they want and, accordingly, to identify their language in the same way. However, the right to self-determination belongs to the living. No one gives them the right to change the declared identity of the dead, who for twelve centuries have been defined as Bulgarians: The Bitola plate of Tsar John Vladislav from 1015, exhibited in the Bitola museum, in which the grandson of Samuil is called ""Bulgarian autocrat"" and ""Bulgarian born"", who rebuilt the Bitola fortress ""for refuge and salvation and for the life of the Bulgarians"". <URL> Another indisputable fact is the existing request of Nikola Delchev, Gotse Delchev's father, to the National Assembly of Bulgaria (24.06.1914) for granting a pension: <URL> Or a letter from Gotse Delchev to Nikola Maleshevski (5/1/1899), written in literary Bulgarian language: ""It is unfortunate, but what should we do when we are Bulgarians and we all suffer from the same disease!"" (<URL> Here you can see the ethnic composition of the population can be easily seen in Turkish tax collection registers. <URL> <URL>",negative,positive,neutral,negative,0.8,negative,0.95,5,negative,3,False,3,0.6,True,False,False,True,True,"NLPTown, BERTweet"
Ugz1xEfAyOFKev07dTd4AaABAg.9P-cfiVFEU-9P09PIHF4vi,🇧🇬🇧🇬🇧🇬🇧🇬👍👍👍👍👍,positive,positive,neutral,positive,0.98,positive,0.95,5,positive,2,False,4,0.8,True,True,False,True,True,BERTweet
Ugx9YkNsr2jVpfw9nz14AaABAg,"Zivela! Serbia, Belarus, Russia and Macedonia... Abe""Red""I worked for stealing, you are professionals and you have degrees.",neutral,positive,positive,negative,0.8,negative,0.95,5,,3,False,0,0.0,False,False,False,False,False,
Ugx9YkNsr2jVpfw9nz14AaABAg.9P0e81K0CKa9P0sZywsxsm,"The whole of Europe is laughing at you.. Zaev went around Europe to slander Bulgaria after all, and what happened.. hahahah everyone is making fun of you",negative,positive,negative,negative,0.8,negative,0.95,5,negative,2,False,4,0.8,True,False,True,True,True,NLPTown
Ugx9YkNsr2jVpfw9nz14AaABAg.9P0e81K0CKa9P1-tFdAAOx,"<USER> You are right, our carrot rabbit is going to the end of the world...",negative,positive,negative,negative,0.8,positive,0.95,5,negative,2,False,3,0.6,True,False,True,True,False,"NLPTown, Llama"
Ugx9YkNsr2jVpfw9nz14AaABAg.9P0e81K0CKa9PDdPoXHMR_,"What are you doing with us? Go to Russia, Serbia and Belarus. Putin and Lukashenko are waiting for you with open arms.",neutral,negative,negative,negative,0.8,negative,0.95,5,negative,2,False,4,0.8,False,True,True,True,True,CardiffNLP
UgxqKdDDmSs6hp1lk6F4AaABAg,"Radev speaks 5 languages ​​and freely explained Bulgaria's position in Europe, while Zayo-Bayo only speaks Bulgarian with Pirin dialect🇧🇬🇧🇬🇧🇬🦾💪💪🦾🦾 and became a laughing stock in front of all European leaders with his hypocritical behavior",negative,negative,negative,negative,0.8,negative,0.95,5,negative,1,True,5,1.0,True,True,True,True,True,
UgyIoqlilWIam9dI4OV4AaABAg,"Bulgaria has paid for the dubious pleasure of being in the EU and NATO with 4 nuclear reactors of AEC-1 (because of the French and Austrians), with the fire shutdown of AEC-2 (costing billions), with its banking system (given to the Germans and Italians), with its electricity network (given to the Germans and Czechs), with communications (given to the Germans and Austrians), with its water (given to the French), with its huge deposits of honey (given to the French and Belgians), with its significant deposits of gold and rare metals (given to the Americans), with the TPPs (given to the Americans), with 4-5 war-free military bases (given to the Americans), with its mountains (given to the Hungarians and Turks), with its 1st quality agricultural land (given to the Turks), etc. etc. So what did Macedonia pay?? NOTHING to anyone!!! You entered NATO without giving 1 euro, now you want to enter the EU with some declarations. BULGARIA HAS PAID enough, to demand important things at least from you and the sarbels. And if we want you to print new textbooks, what do you print, which we have paid for in the West with about 300 billion property. Your crumpled textbooks and pretensions are not worth 5% of that. The promotions are over! Take out 300 billion, so love it too!",negative,negative,neutral,negative,0.8,negative,0.95,5,negative,2,False,4,0.8,True,True,False,True,True,BERTweet
UgxzraYY1eEdw98kDPZ4AaABAg,"Recognition that history until 1945 is one and the same. Language is one and the same. After 2018, you are already Severomake.",neutral,negative,neutral,negative,0.8,negative,0.95,5,negative,2,False,3,0.6,False,True,False,True,True,"CardiffNLP, BERTweet"
Ugx0O88DNu2naurbF-J4AaABAg,LET ME PRINT YOUR BUCHARKS AND SHE WILL GO HOME WITH YOU,negative,positive,neutral,negative,0.8,negative,1.0,5,negative,3,False,3,0.6,True,False,False,True,True,"NLPTown, BERTweet"
UgyNmjPmD9A5oTOQJbB4AaABAg,"Teacher, if you knew what was waiting for you, you wouldn't be worried even now",neutral,positive,neutral,neutral,0.3509,positive,0.95,5,neutral,2,False,3,0.6,True,False,True,True,False,"NLPTown, Llama"
Ugy5H9DcVW1tt3cSi3R4AaABAg,"It's not fair, I'm so sorry hahaha",negative,negative,negative,negative,0.8,negative,0.9,5,negative,1,True,5,1.0,True,True,True,True,True,
UgxT_mVuF6mXBCWyIBZ4AaABAg,"We are also sorry for Kosovo, we are sorry for Vojvodina because it is Croatian!!",negative,negative,negative,negative,0.8,negative,0.95,5,negative,1,True,5,1.0,True,True,True,True,True,
UgxOBzDbZ5zQSZOGM6J4AaABAg,"Ever since the existence of Macedonia in the Balkans, Bulgaria has been in the incubator of a ""pret before the donkey"" nasty tribe 🤣😂🤣.",negative,positive,negative,negative,0.8,negative,0.95,5,negative,2,False,4,0.8,True,False,True,True,True,NLPTown
UgwgzasPhR2dixDHOix4AaABAg,19:07 Macedonian nation was created.... Correct.,neutral,neutral,neutral,positive,0.85,neutral,1.0,5,neutral,2,False,4,0.8,True,True,True,False,True,Gemma
UgzDJf-HNo6kTsWegId4AaABAg,"The modern Macedonian alphabet was officially adopted in 1945. The rationale was based on phonetic principles, in order to ensure that each sound in the language corresponds to a single voice. This alphabet is a modified version of the Cyrillic alphabet, which was intended to cover the needs of the Macedonian language. The Constitution of 1946: According to the constitutional structure of SFRY and the programs of the new communist government, the Macedonian language and script became an important part of the cultural and educational system.",neutral,positive,neutral,neutral,0.78,neutral,1.0,5,neutral,2,False,4,0.8,True,False,True,True,True,NLPTown
UgycYnM68g6KsTxmgKF4AaABAg,A northern modern language is spoken in RSM.,neutral,positive,neutral,neutral,0.74,neutral,1.0,5,neutral,2,False,4,0.8,True,False,True,True,True,NLPTown
UgzPgFKJ2egfp_al9px4AaABAg,"The North-Macedonian language has an exact date of creation - August 1944 at the meeting of ASNOM. It is the only language created with an exact date. In the beginning, even the local people did not understand it because of the Serbianisms introduced into the Bulgarian dialect from Vardar Macedonia, at that time still called the SOUTHERN Serbian Banovina from Belgrade.",neutral,positive,neutral,neutral,0.7,neutral,0.98,5,neutral,2,False,4,0.8,True,False,True,True,True,NLPTown
UgzPgFKJ2egfp_al9px4AaABAg.AJroIoUAcS8AJtUP5cMsbe,"My mother was also a girl, but not now",neutral,negative,neutral,negative,0.7,negative,0.9,5,negative,2,False,3,0.6,False,True,False,True,True,"CardiffNLP, BERTweet"
UgzwJdKxVXH0r7EK9Ll4AaABAg,"Several waves of Macedonian people immigrated to Bulgaria in the past 150 years. The first major wave followed the Ilinden Uprising in 1903, with around 50,000 refugees. The most massive migration took place after the Balkan Wars and the First World War – over 300,000 people. These refugees mostly settled in Sofia, Plovdiv and other bigger cities. Many believed that there they would preserve their linguistic, religious and national identity. There is no such mass emigration from Macedonia to another neighbor. Why............ We don't know how to speak Macedonian in Pirin, because grandfather and grandmother born in 1928 speak Bulgarian. Go to Pirin and talk to the people!",neutral,negative,neutral,neutral,0.7,negative,0.95,5,neutral,2,False,3,0.6,True,False,True,True,False,"NLPTown, Llama"
UgzwJdKxVXH0r7EK9Ll4AaABAg.AJsSW0siS-1AJspNYelBAK,"According to statistics, at the beginning of the 20th century, the population of the territory of today's S. Macedonia was about 2 million people. Gaston Routhier's French statistics from 1904. indicates that about 53% are Bulgarians, and the German one by Richard von Mach from 1906. – over 60%. Let's take the lowest estimate - about 1 million. Most of this population, about 200-250,000, fled to Bulgaria after the wars. About 20-25000 have been broken out. It is very likely that at most one third of today's citizens of S. Macedonia are descendants of Bulgarians, and probably most of them realize it, but hide it because of fear. Note that until 1929 about 30 thousand are allocated. Serbian colonists - families of ex-Serbian Chetniks and soldiers who receive about 80% of the seized property from the Bulgarians and put the ruling elite. They mainly settle in and around Skopje, Kumanovo, Kavadarci, Bitolja, Štip. I collected the data with the kind cooperation of Copilot. I think that these facts perfectly explain the situation in North Macedonia, the true and bad attitude towards the Bulgarian people and Bulgaria. Naturally, they were talking about interstate, and in no case about interpersonal relations, where I know from my own experience that there are almost no problems.",neutral,negative,neutral,negative,0.5,neutral,0.56,5,neutral,2,False,3,0.6,True,False,True,False,True,"NLPTown, Gemma"
Ugzj8tO3CK6PA-m5NSt4AaABAg,Hello modern northerners.,neutral,positive,neutral,neutral,0.74,neutral,0.85,5,neutral,2,False,4,0.8,True,False,True,True,True,NLPTown
UgzZTXXk9J7mzd3KByJ4AaABAg,"And how are you recorded in your North Macedonian passports? Like ""Macedonians/Darzhavians of RSM"" - this is not genocide?",negative,negative,neutral,negative,0.85,negative,0.94,5,negative,2,False,4,0.8,True,True,False,True,True,BERTweet
UgzH9ysZZrAmV6lVVE94AaABAg,"the people in the anthem in their letters, books, constitutions that they wrote appear to deny both the language and the identity of the current ethnic Macedonians 😊",negative,negative,negative,negative,0.5,negative,0.95,5,negative,1,True,5,1.0,True,True,True,True,True,
Ugw5bACQBnQm0ea4lQl4AaABAg,All languages ​​are modern because they are different from the language people spoke many centuries ago. There should be no problem with that.,neutral,positive,positive,neutral,0.78,neutral,0.98,5,neutral,2,False,3,0.6,True,False,False,True,True,"NLPTown, BERTweet"
UgzrtQhVKY-13qZJdaF4AaABAg,"I don't know what he will do after the local elections, when you see that half of the North are Albanians and you have 210,000 thousand Bulgarian passports, it is not clear what country you are talking about!",negative,negative,negative,negative,0.8,negative,0.94,5,negative,1,True,5,1.0,True,True,True,True,True,
UgzrtQhVKY-13qZJdaF4AaABAg.AJq3f1YjyJTAJqDZSsxabN,"Albanians are 24% and falling, Macedonians are 68% and the rest are 10 other ethnic groups but you are all Macedonians in Macedonia, what do the local municipalities have to do with this?? and don't understand you and you make no point or sense to me, they are administrative decisions and nothing to do with outside politics, am not sure you know how the system works. You lost in EU and that is a fact, you are losing and will lose. As for the passport, they are patriots, however, all these people are already abroad and not in Macedonia so I really don't see the point in your argument. You have lost 50% of your population in 30 years, you can wait another 30 when there will be no one left in tatarstand to turn off the light hahahahaha.",negative,negative,negative,negative,0.8,negative,0.95,5,negative,1,True,5,1.0,True,True,True,True,True,
UgzrtQhVKY-13qZJdaF4AaABAg.AJq3f1YjyJTAKyzOzEoHdb,@Petreski447 According to the latest census and the data published by the State Statistical Office in North Macedonia only 58% declare themselves as Macedonians and less than 45% - Christians.,neutral,negative,neutral,neutral,0.78,neutral,0.85,5,neutral,2,False,4,0.8,True,False,True,True,True,NLPTown
UgzWIcnoFfdd4w56vF14AaABAg,"Abrupt and stupid creations with Serbian software 🤷 Now the EU has caught Micko, that he works for the Serbian interests and he left soon, yet you work for him 😂Macedonism is disintegrating at a rapid pace and you are making it more and more ridiculous 😃",negative,negative,negative,negative,0.5,negative,0.95,5,negative,1,True,5,1.0,True,True,True,True,True,
UgyXRgF71fZ50GEK-sB4AaABAg,"Professor, you distort history with half-truths...",negative,negative,negative,negative,0.8,negative,0.95,5,negative,1,True,5,1.0,True,True,True,True,True,
UgwDLcoKUQ4H5xbRnIN4AaABAg,"Ico, all theses about which you talk about ""Macedonians"" from Pirin Macedonia have Bulgarian passports, what kind of compatriots are you talking about?",negative,negative,neutral,negative,0.8,negative,0.95,5,negative,2,False,4,0.8,True,True,False,True,True,BERTweet
Ugy4jIqempMFtRms9vt4AaABAg,<URL> <URL>,neutral,negative,neutral,negative,0.8,negative,0.75,5,negative,2,False,3,0.6,False,True,False,True,True,"CardiffNLP, BERTweet"
Ugz0UF7WxJkoPJoE_pZ4AaABAg,"Micko, his brother Jordancho, and his cousin Timcho are Bulgarians, with passports and business in Bulgaria😂",neutral,positive,neutral,neutral,0.7,negative,0.95,5,neutral,3,False,3,0.6,True,False,True,True,False,"NLPTown, Llama"
Ugz0UF7WxJkoPJoE_pZ4AaABAg.AK1pc1BC3jfAK1xqNtraCo,"Never mind. A Bulgarian passport is taken out for the sake of EU interests, not because it came to Bulgaria. 😁",neutral,negative,neutral,negative,0.8,negative,0.95,5,negative,2,False,3,0.6,False,True,False,True,True,"CardiffNLP, BERTweet"
Ugz0UF7WxJkoPJoE_pZ4AaABAg.AK1pc1BC3jfAK1yK9uAsr-,"@starving2262ha ha I know Mitsko doesn't love us, but he ""launders"" his money in Petrich and Sandanski...Brached😂😂❤",positive,negative,negative,negative,0.8,negative,0.97,5,negative,2,False,4,0.8,False,True,True,True,True,CardiffNLP
UgxBFCrDhScfdLM0WnV4AaABAg,"Bravo Mickovski. Komesarkats Kos praised the Macedonian poneti Piperki and tafche grab, what a perversion, to which the prime minister added that Macedonia is also known for Gotse Delchev, K. Shapkarev, .j. Sandanski and others. што вероватно не Сака и не смеје да ги спомене, ама оваа надополнуванје вероватно фолго кје го памети и кје води сметка во иднина дека со перверзно изјави нема да ги плени Македонци те, едноставно прочитана е.крај.",positive,negative,positive,negative,0.8,negative,0.93,5,negative,2,False,3,0.6,False,True,False,True,True,"CardiffNLP, BERTweet"
Ugyt2zCuy5Sj-k3YcUd4AaABAg,And when they come to MACEDONIA...,neutral,negative,neutral,negative,0.7,neutral,0.85,5,neutral,2,False,3,0.6,True,False,True,False,True,"NLPTown, Gemma"
UgwaXf7rC8W4zaR6xiJ4AaABAg,"veto,",neutral,negative,neutral,negative,0.8,negative,0.95,5,negative,2,False,3,0.6,False,True,False,True,True,"CardiffNLP, BERTweet"
UgyZ4P3JFTv4dHRvuIZ4AaABAg,the northern woman gave him the word...,neutral,positive,neutral,negative,0.7,neutral,0.85,5,neutral,3,False,3,0.6,True,False,True,False,True,"NLPTown, Gemma"
Ugz4H6Ct0oWUaPSIyDR4AaABAg,"11:45 ""...I congratulate you, respected prime minister, on the agreement with Bulgaria to work on corridor 8...."" 😂😂😂😂😂 Marta Kos straight to Mitsika. 😂",positive,negative,positive,positive,0.85,positive,0.95,5,positive,2,False,4,0.8,True,False,True,True,True,NLPTown
UgwZdVSlfv48xRJWDQ54AaABAg,"you don't like it either, but that's how you tribe is",negative,neutral,negative,negative,0.7,negative,0.9,5,negative,2,False,4,0.8,True,False,True,True,True,NLPTown
Ugxw5o7GOjnw1NXKMQd4AaABAg,Micko again on batteries 😂😂,neutral,positive,neutral,negative,0.8,negative,0.9,5,,3,False,0,0.0,False,False,False,False,False,
Ugxw5o7GOjnw1NXKMQd4AaABAg.AK1dwzcfVl0AK1y5bzTrss,"Baiji irritates you that he did not accept any ""French"" proposal. 😁",negative,negative,negative,positive,0.85,negative,0.95,5,negative,2,False,4,0.8,True,True,True,False,True,Gemma
UgzkTU-TuAfUyQ1JWbN4AaABAg,"Micko's IDENTITY was a teacher of the Bulgarian language, director of a Bulgarian school and an officer of the Bulgarian army 😂 Northern schizophrenia😂",negative,positive,neutral,negative,0.8,negative,0.95,5,negative,3,False,3,0.6,True,False,False,True,True,"NLPTown, BERTweet"
UgyNxf6fj6N8fgp5I7J4AaABAg,RISTO NIKOVSKI is a great person for me. I WISH HIM A LONG LIFE.,positive,positive,positive,positive,0.98,positive,0.95,5,positive,1,True,5,1.0,True,True,True,True,True,
UgzYUzVbvyDPTn-_ww94AaABAg,"Change to ""Northern National Republic""",neutral,neutral,neutral,negative,0.8,positive,0.95,5,neutral,3,False,3,0.6,True,True,True,False,False,"Gemma, Llama"
UgwT5-UelcudZwvU8AJ4AaABAg,"Nikovski and Zlatev, so in RSM it is not disputed that there are Serbs, Albanians and what not, but Bulgarians are disputed... And in Bosnia and Herzegovina today there are over 2 and a half million citizens originating from geographical Macedonia. That is, twice as many citizens in RSM who identify as Macedonians. Who gives you the right to appropriate the heritage of the Bulgarians from the RSM and to falsify the identity of heroes who have determined themselves as Bulgarians - Gotse Delchev, Dame Gruev, Parlichev and thousands of others??? You define yourself as Macedonians - your heroes are Chupovski, Lazar Kolishevski, Mihajlo Apostolski and others after them. Nothing more.",neutral,negative,neutral,negative,0.8,negative,0.95,5,negative,2,False,3,0.6,False,True,False,True,True,"CardiffNLP, BERTweet"
UgwT5-UelcudZwvU8AJ4AaABAg.9YOMWU7MklN9YW5CQXYXsx,"<USER> Who here is fascist, sorry man?",negative,negative,negative,negative,0.8,negative,0.95,5,negative,1,True,5,1.0,True,True,True,True,True,
UgwT5-UelcudZwvU8AJ4AaABAg.9YOMWU7MklN9YkZ3KoTtSD,BULGARIAN FASCISTS,negative,negative,negative,negative,0.8,negative,1.0,5,negative,1,True,5,1.0,True,True,True,True,True,
UgwT5-UelcudZwvU8AJ4AaABAg.9YOMWU7MklN9YkZ9tjS5sM,"LEARN SOMETHING FROM HISTORY, FASCIST",negative,negative,negative,negative,0.8,negative,1.0,5,negative,1,True,5,1.0,True,True,True,True,True,
UgwT5-UelcudZwvU8AJ4AaABAg.9YOMWU7MklN9YpZhyqlPYI,"<USER> How did you set this up, troll? Do you even know what ""fascist"" means and that you are protecting fascist theses with your behavior? Does Comintern's Macedonianism teach you to insult people you don't know, or are you a simpleton by nature?",negative,negative,negative,negative,0.8,negative,0.95,5,negative,1,True,5,1.0,True,True,True,True,True,
UgzY6kKP03s_UjxCRb14AaABAg,"Wow, this ""HORSE"" with the glasses gives himself a life expectancy!?!!! Doesn't he know that ""St. PETER"" decides that????",negative,positive,negative,negative,0.8,negative,0.95,5,negative,2,False,4,0.8,True,False,True,True,True,NLPTown
Ugy4U2GbpmgfQZtstwN4AaABAg,Risto krasten of Jesus Ristos 😁,positive,negative,neutral,positive,0.85,positive,0.95,5,positive,3,False,3,0.6,True,False,False,True,True,"NLPTown, BERTweet"
Ugw0ZnPVBM-QM0eBF6p4AaABAg,"Who is this ""PETROV"", ""PETROV"" ????? He took away all the fear of the interlocutors!!!",negative,negative,positive,negative,0.8,negative,0.95,5,negative,2,False,4,0.8,True,True,False,True,True,BERTweet
UgwVZ3YCEGWvyqoDAyF4AaABAg,"35:39 how come we have the same genetics, as we are Tatar-Mongols, and you are Balkan Aryans? We probably have the same genetics as Mongolians.",neutral,negative,neutral,negative,0.8,neutral,0.85,5,neutral,2,False,3,0.6,True,False,True,False,True,"NLPTown, Gemma"
UgzvO0IVSqOY6bW-y314AaABAg,The Bulgarian Parliament approved the French proposal for North Macedonia,neutral,neutral,neutral,neutral,0.7,neutral,1.0,5,neutral,1,True,5,1.0,True,True,True,True,True,
Ugw71m9siL5p8WCryNB4AaABAg,International Day of Women in Diplomacy,neutral,positive,neutral,neutral,0.7,positive,0.95,5,neutral,2,False,3,0.6,True,False,True,True,False,"NLPTown, Llama"
Ugzw7kIeMd7ARMMzkhV4AaABAg,"I'll give you 2 red for a goat, how much for you?",neutral,negative,neutral,negative,0.8,negative,0.9,5,negative,2,False,3,0.6,False,True,False,True,True,"CardiffNLP, BERTweet"
UgysBUNz-at6BHNCFap4AaABAg,"Macedonia belongs to the Macedonians, Amen 😊🤗",positive,negative,positive,positive,0.95,positive,0.95,5,positive,2,False,4,0.8,True,False,True,True,True,NLPTown
UgysBUNz-at6BHNCFap4AaABAg.9knZCzZ5VNS9kz-OsdlExj,North Macedonia is not Macedonia,negative,negative,negative,negative,0.8,negative,0.9,5,negative,1,True,5,1.0,True,True,True,True,True,
UgysBUNz-at6BHNCFap4AaABAg.9knZCzZ5VNS9umJFzo3ADN,<USER> Bulgaria Greece and Albania are Macedonia.,neutral,negative,neutral,neutral,0.78,negative,0.95,5,neutral,2,False,3,0.6,True,False,True,True,False,"NLPTown, Llama"
UgysBUNz-at6BHNCFap4AaABAg.9knZCzZ5VNS9um_U_nvciy,"<USER> usa, uk, norway, and pakistan too 🤣",neutral,negative,neutral,positive,0.95,positive,0.95,5,,3,False,0,0.0,False,False,False,False,False,
UgysBUNz-at6BHNCFap4AaABAg.9knZCzZ5VNS9usvoDv7G6W,BILJANA GREETINGS and ALL THE BEST !! Tatiana from MACEDONIA,positive,positive,positive,positive,0.98,positive,0.95,5,positive,1,True,5,1.0,True,True,True,True,True,
UgxbblHWIEUdC3YHFct4AaABAg,"Next time, ask Marjan, why for so many years has he been a part of regime and anti-Bulgarian TV that crippled Macedonia politically and culturally!",negative,negative,negative,negative,0.75,negative,1.0,5,negative,1,True,5,1.0,True,True,True,True,True,
UgxbblHWIEUdC3YHFct4AaABAg.9m4x9DPUQP29m6i235lhja,Is there a television that is not anti-Bulgarian and does not participate in the political and cultural mutilation of Macedonia?,negative,negative,negative,negative,0.8,negative,0.95,5,negative,1,True,5,1.0,True,True,True,True,True,
UgxbblHWIEUdC3YHFct4AaABAg.9m4x9DPUQP29m7aImGS-Sw,"<USER> No, but Sitel TV is a leader in that activity. 15 years at the service of Gruevski's summary and VMRO-DPMNE-Valjevo, together with the famous opponent of the Bulgarians, the editor-in-chief Dragan Pavlovits Latas!",neutral,positive,positive,negative,0.8,negative,0.95,5,,3,False,0,0.0,False,False,False,False,False,
UgzP3u6NPQawrCDmpJJ4AaABAg,Ridiculous! It is like that with all nations.,negative,negative,negative,negative,0.7,negative,0.9,5,negative,1,True,5,1.0,True,True,True,True,True,
Ugxs9G_uc2di_wUx1C14AaABAg,We are Titos and Tito is ours! We love Yugoslavia and Lepa Brena!,positive,positive,positive,positive,0.85,positive,0.95,5,positive,1,True,5,1.0,True,True,True,True,True,
Ugxs9G_uc2di_wUx1C14AaABAg.9dHXT39XToY9dJrR9JkHTL,You are a bot,negative,positive,negative,negative,0.8,negative,1.0,5,negative,2,False,4,0.8,True,False,True,True,True,NLPTown
UgyKfhWRAfxQ48YqFf54AaABAg,"When I saw Tito on the wall, it became clear to me what he was showing before he started. As history, it is up to you to open history and rewrite it according to truth and sources. Lest it turn out that you only have a history since 1991...",neutral,positive,neutral,negative,0.75,negative,0.55,5,,3,False,0,0.0,False,False,False,False,False,
UgyKfhWRAfxQ48YqFf54AaABAg.9dGGFDX8JPU9dHXeO8fNFt,"Ha Ha Ha - a big circus. For the Macedonians, time stopped in 1990.",neutral,positive,neutral,negative,0.75,negative,0.95,5,,3,False,0,0.0,False,False,False,False,False,
UgyKfhWRAfxQ48YqFf54AaABAg.9dGGFDX8JPU9dJrQ2zGVQj,Hahahahaha,neutral,negative,positive,negative,0.8,positive,0.95,5,,3,False,0,0.0,False,False,False,False,False,
Ugx8aiE6E-FjYXJVVep4AaABAg,Quitting the eu immediately!!!!,negative,negative,negative,negative,0.8,negative,1.0,5,negative,1,True,5,1.0,True,True,True,True,True,
Ugy5NhH__RINl_CI1vt4AaABAg,That's right brothers,positive,positive,positive,positive,0.85,positive,0.95,5,positive,1,True,5,1.0,True,True,True,True,True,
UgyODGNY3VVKv0cdzTB4AaABAg,"To put it nicely, it's not good for ***",negative,neutral,negative,negative,0.8,negative,0.95,5,negative,2,False,4,0.8,True,False,True,True,True,NLPTown
UgyL7Fv6bFbvgerR4AV4AaABAg,GREAT. YOU SHOULD HAVE REMEMBERED THIS EARLIER,positive,positive,positive,negative,0.8,negative,0.95,5,positive,2,False,3,0.6,True,True,True,False,False,"Gemma, Llama"
UgzQzEjWoyYUEjJ5cTR4AaABAg,Hxxsip,neutral,positive,neutral,neutral,0.73,positive,0.95,5,neutral,2,False,3,0.6,True,False,True,True,False,"NLPTown, Llama"
UgyQ1SC73OY1ilmiiEh4AaABAg,Brave MPs hahahaha,positive,positive,positive,positive,0.85,positive,0.95,5,positive,1,True,5,1.0,True,True,True,True,True,
Ugwr4EvRSlnsGdwFVY94AaABAg,"1:32 internet debate about the correct answer!? Ah, Zingovci, you are really lost in time and space!",negative,negative,negative,negative,0.7,negative,0.95,5,negative,1,True,5,1.0,True,True,True,True,True,
Ugyhezrq0BAW11VJqyd4AaABAg,problem - individual. 2018 Zaev committed a crime. sds program 2016 there is no change of the NAME of the REPUBLIC OF MACEDONIA anywhere.,negative,negative,negative,negative,0.65,negative,0.95,5,negative,1,True,5,1.0,True,True,True,True,True,
UgxC4AgFGUrjkR5fTzF4AaABAg,If you want to talk about Ubarnism contact me. Regards.,neutral,negative,neutral,neutral,0.7,neutral,1.0,5,neutral,2,False,4,0.8,True,False,True,True,True,NLPTown
UgzZDOtJgNT_WJIQu6N4AaABAg,"That's good, ENOUGH THEY STEALED THE COUNTRY, FOR HOW MANY YEARS THEY STEALED THE COUNTRY, FOR YEARS, THEY DID NOTHING, THEY STEALED, THEY LEFT THEM LUKETO, BES, PAY, BES, NOTHING, BRAVO ZAEF, one man drowned Gaz, they are the State, and he is ZAEF",negative,negative,negative,negative,0.8,negative,0.95,5,negative,1,True,5,1.0,True,True,True,True,True,
UgyHpm3lF9C6xKkSH5l4AaABAg,"Why is Zaev lying? Now he will sign the agreement, then in the fall there will be a referendum, then after the wedding, where is that? It doesn't matter. Let him not humiliate the people, let him know nothing.",negative,negative,negative,negative,0.8,negative,0.95,5,negative,1,True,5,1.0,True,True,True,True,True,
UgxqSfdrTN75fZztaoF4AaABAg,Red card for the Macedonian people,positive,positive,negative,negative,0.8,negative,0.95,5,negative,2,False,3,0.6,False,False,True,True,True,"CardiffNLP, NLPTown"
UgzIZ3gd2XNFAG2hXOV4AaABAg,"Yes, but we should not be blind to the fact that there is a Macedonian minority in Bulgaria!",negative,neutral,neutral,negative,0.7,neutral,0.85,5,neutral,2,False,3,0.6,False,True,True,False,True,"CardiffNLP, Gemma"
UgxKROmSNet_6Mr0qC14AaABAg,Long live Bulgaria and Macedonia! Long live Macedonia and Bulgaria! 🇧🇬❤️🇲🇰,positive,positive,positive,positive,0.95,positive,0.95,5,positive,1,True,5,1.0,True,True,True,True,True,
UgwdvnYp1x0znmviYCh4AaABAg,"Well done, Vasco! that's a good lesson! Congratulations!",positive,positive,positive,positive,0.98,positive,0.95,5,positive,1,True,5,1.0,True,True,True,True,True,
Ugz-BGl35vH8mfS7Bqh4AaABAg,"We who are against the French proposal and we are against curto and murto, what is our option, to remain silent even now, erasing us as a people? If this is realized, goodbye officially from me from this curton attempt for a state.",negative,negative,negative,negative,0.8,negative,0.95,5,negative,1,True,5,1.0,True,True,True,True,True,
UgxJGxBBMxfOcaCN3jN4AaABAg,"It's sad that after 30 years the Macedonian people are waiting for Mitsko, Zajko, Grujo to tell them to protest. If they were such patriots, they would protest without anyone telling them, and they are protesting like this only because of one thing, and that is the defense of crime. Attack is the best defense.",negative,negative,negative,negative,0.8,negative,0.95,5,negative,1,True,5,1.0,True,True,True,True,True,
UgyCCnkSAKD8qUl0Yst4AaABAg,"Yes OK, but why is this proposal not discussed in the parliament like in Bulgaria",negative,neutral,neutral,negative,0.7,neutral,0.85,5,neutral,2,False,3,0.6,False,True,True,False,True,"CardiffNLP, Gemma"
UgwLL-NhKIBJS5wmZE14AaABAg,APPEAL TO THE EDITOR - URGENT EMERGENCY BROADCAST ON THE FRENCH PROPOSAL DOCUMENT,neutral,positive,neutral,negative,0.8,neutral,0.95,5,neutral,3,False,3,0.6,True,False,True,False,True,"NLPTown, Gemma"
Ugwd65-bnTTukbuqy-x4AaABAg,"Right in the top ten. The Macedonians do not understand that the French proposal is a compromise for both sides, but Bulgaria wants to bring Macedonia into the EU and is ready for concessions. But an all-or-nothing approach is a big gluttony",negative,positive,neutral,negative,0.8,negative,0.75,5,negative,3,False,3,0.6,True,False,False,True,True,"NLPTown, BERTweet"
UgzB0DgF5FS-S3iNLpB4AaABAg,"Vasko, when Ukrainians and Moldovans repeatedly give candidate status, is everything clear to you? Montenegro has already closed its chapters from the negotiations, so why did it not receive equal membership in the EU? Little resident, no Muslim woman, no Bulgarian ... The answer must be in front of you, on the chair! You look at him!",negative,negative,neutral,negative,0.8,negative,0.95,5,negative,2,False,4,0.8,True,True,False,True,True,BERTweet
UgyjqOTLBFr4QL1iwPV4AaABAg,"Mr. Vasko Eftov, I would like to ask you, since you are so well informed, if you could send me the French (European) Proposal, I would like to read it, to find out exactly what they propose in those documents. . .",neutral,positive,neutral,neutral,0.7,positive,0.95,5,neutral,2,False,3,0.6,True,False,True,True,False,"NLPTown, Llama"
UgzjT_O5XV92qbQyhD54AaABAg,"Well done, great show!",positive,positive,positive,positive,0.98,positive,0.95,5,positive,1,True,5,1.0,True,True,True,True,True,
UgzXrbKKxN1hdf_0i8Z4AaABAg,Could you do an interview with Kate Marie Burns?,neutral,negative,neutral,neutral,0.7,positive,0.95,5,neutral,3,False,3,0.6,True,False,True,True,False,"NLPTown, Llama"
Ugwo8is0syJ68HSFEP14AaABAg,"That Vasko has a great capacity, because if you don't include him in the negotiations, he will fix things :D :D :D",positive,positive,positive,positive,0.85,positive,0.95,5,positive,1,True,5,1.0,True,True,True,True,True,
Ugw4s3fyqCUzcKBP81d4AaABAg,I totally agree with the theses about the relations between the two peoples!,positive,positive,positive,positive,0.85,positive,0.95,5,positive,1,True,5,1.0,True,True,True,True,True,
Ugw4s3fyqCUzcKBP81d4AaABAg.9d03ptHCVBO9e2Z-a7d9mL,"Goga, you usually criticize the government's incompetence. Now you surprise me with a French proposal that was hidden until the end, and a slightly more capable government could have at least added a point if they had consulted the intellectuals and the opposition. So now you accept it, even though the government could not have boxed out a worse proposal. The dams are indefensible.",negative,negative,negative,negative,0.8,negative,0.95,5,negative,1,True,5,1.0,True,True,True,True,True,
UgwO6ysEJEAySywld_14AaABAg,Is it true that Aleksandar Nikolovski has a Bulgarian passport?,neutral,negative,neutral,neutral,0.65,neutral,1.0,5,neutral,2,False,4,0.8,True,False,True,True,True,NLPTown
UgzEH-y5EjCwnJYxseF4AaABAg,Excellent analysis!,positive,positive,positive,positive,0.95,positive,0.95,5,positive,1,True,5,1.0,True,True,True,True,True,
UgxIQiv_yjzjxv4LuF54AaABAg,Vasko for a predecessor 💪🇪🇺🇲🇰,neutral,positive,neutral,positive,0.85,positive,0.95,5,positive,2,False,3,0.6,False,True,False,True,True,"CardiffNLP, BERTweet"
Ugyy-Nx35S9wtm1wGyN4AaABAg,"""Mizzy ASAN, I'm sorry""",negative,negative,negative,negative,0.8,positive,0.95,5,negative,2,False,4,0.8,True,True,True,True,False,Llama
Ugz3dP2Enih7frqJMdJ4AaABAg,Very rational thinking. The show is a lesson. Congratulations.,positive,positive,positive,positive,0.85,positive,0.95,5,positive,1,True,5,1.0,True,True,True,True,True,
Ugx1VA-iX96lkkKKsUl4AaABAg,"Not a single POLITICIAN in Macedonia for these 30 years, only Trajkovski was a man to confront the WEST with the refugee crisis. These are RUBLE and DOLLAR patriots",negative,negative,negative,negative,0.8,negative,0.95,5,negative,1,True,5,1.0,True,True,True,True,True,
Ugx1VA-iX96lkkKKsUl4AaABAg.9cwCUO8LD2R9cwZZs9Ia5D,That is why the dogs assassinated him,negative,negative,negative,negative,0.8,negative,1.0,5,negative,1,True,5,1.0,True,True,True,True,True,
Ugx1VA-iX96lkkKKsUl4AaABAg.9cwCUO8LD2R9cwtc7tIias,<USER> to give it to your sister and mother,neutral,positive,neutral,neutral,0.7,neutral,1.0,5,neutral,2,False,4,0.8,True,False,True,True,True,NLPTown
UgyeGE6dxQc3A0mWy794AaABAg,The first stance/insistence of VMRO was when Mickovski said that Bulgarians can be included in the constitution only through reciprocity (the Macedonian minority should be included in the Bulgarian constitution or recognized.,neutral,negative,neutral,negative,0.75,negative,0.9,5,negative,2,False,3,0.6,False,True,False,True,True,"CardiffNLP, BERTweet"
UgzAHFwnLsVF441L0DV4AaABAg,👏🏻,positive,positive,neutral,positive,0.98,positive,0.95,5,positive,2,False,4,0.8,True,True,False,True,True,BERTweet
Ugzh8RNgqos4gv-dLf14AaABAg,Ko prstom u pekmez!,negative,negative,neutral,negative,0.8,negative,1.0,5,negative,2,False,4,0.8,True,True,False,True,True,BERTweet
UgxwInVLpaIrCFbPBup4AaABAg,"Many nice things said in this show, much respect",positive,positive,positive,positive,0.85,positive,0.95,5,positive,1,True,5,1.0,True,True,True,True,True,
UgxYzyhebIUxImSJo3h4AaABAg,"Well done, Vasko, you explain very well, but the patriots on batteries have a draft in their heads and they can't digest it in their stomachs... hey guys, think for yourself, we need a European Union, we need a nicer ziv",negative,neutral,negative,negative,0.5,positive,0.85,5,negative,3,False,3,0.6,True,False,True,True,False,"NLPTown, Llama"
UgzI6iphdNQ1KZkENhR4AaABAg,Do you think anyone wants to accept this chaos country into the EU? It's not all sds and dpne...,negative,negative,negative,negative,0.75,negative,0.95,5,negative,1,True,5,1.0,True,True,True,True,True,
UgwQXjHAdt3CjTJLVwl4AaABAg,DISLIKE,negative,negative,negative,negative,0.8,negative,1.0,5,negative,1,True,5,1.0,True,True,True,True,True,
Ugw0xODjBLr-wTHqaap4AaABAg,Top analysis,positive,positive,positive,neutral,0.7,neutral,1.0,5,positive,2,False,3,0.6,True,True,True,False,False,"Gemma, Llama"
Ugw0xODjBLr-wTHqaap4AaABAg.9cvEgYxgsBn9dC2XPfH5L4,You are very handsome,positive,positive,positive,positive,0.98,positive,0.95,5,positive,1,True,5,1.0,True,True,True,True,True,
UgyUcpC1tsq8SwH2s2x4AaABAg,You are a GENIUS,positive,positive,positive,positive,0.95,positive,0.95,5,positive,1,True,5,1.0,True,True,True,True,True,
UgwPmAl0uEKtr-Jn7gx4AaABAg,Congratulations,positive,positive,positive,positive,0.98,positive,1.0,5,positive,1,True,5,1.0,True,True,True,True,True,
Ugy87mSNs0SIoaI5sep4AaABAg,Congratulations,positive,positive,positive,positive,0.98,positive,1.0,5,positive,1,True,5,1.0,True,True,True,True,True,
Ugw4BkXvIRp2IiAv90d4AaABAg,Congratulations,positive,positive,positive,positive,0.98,positive,1.0,5,positive,1,True,5,1.0,True,True,True,True,True,
Ugz93kJY0mqE9RBU-v54AaABAg,"Greetings Macedonians, greetings from Bulgaria, well done",positive,positive,positive,positive,0.85,positive,0.95,5,positive,1,True,5,1.0,True,True,True,True,True,
Ugzy0gmru4De8BfJK_d4AaABAg,"Well done Macedonia, long live the name Macedonia",positive,positive,positive,positive,0.95,positive,0.95,5,positive,1,True,5,1.0,True,True,True,True,True,
Ugzy0gmru4De8BfJK_d4AaABAg.8dC8xsyG5za8dJBzS1aAAE,LONG LIVE MACEDONIAAAAAA DEATH TO ENEMIES !!,negative,positive,positive,negative,0.8,negative,1.0,5,negative,2,False,3,0.6,True,False,False,True,True,"NLPTown, BERTweet"
Ugz5Dm-B5djZqqEdzyN4AaABAg,"Well done, Macedonians, just move forward. Let's demand that the hare be expelled from the Parliament. He should not be allowed to do this in the country. This has not been heard in any other country. May all Macedonians be healthy and live in the whole world. We all love Macedonia.",positive,positive,positive,positive,0.82,positive,0.85,5,positive,1,True,5,1.0,True,True,True,True,True,
Ugz5Dm-B5djZqqEdzyN4AaABAg.8dCIGk6cH2z8dJC0MobMYN,DEATH TO ENEMIES LONG LIVE MACEDONIAAAAA !!,negative,negative,negative,negative,0.8,negative,1.0,5,negative,1,True,5,1.0,True,True,True,True,True,
Ugz5Dm-B5djZqqEdzyN4AaABAg.8dCIGk6cH2z8dJC50jHNmu,ZAEV NEEDS TO BE ARRESTED FOR TREASON,negative,negative,negative,negative,0.8,negative,1.0,5,negative,1,True,5,1.0,True,True,True,True,True,
UgzIZQxexs_cqY99THx4AaABAg,"If this change on paper will bring a better life for Macedonians, why not agree? Macedonia will always be Macedonia!!! We need to see how the people of Macedonia will be provided with a better life. They have none of that because all the Republics of Yugoslavia kept their name when they failed like Greece ;)",negative,negative,neutral,negative,0.5,positive,0.85,5,negative,3,False,3,0.6,True,True,False,True,False,"BERTweet, Llama"
UgxgPywTduTzqF4yFZ54AaABAg,"Macedonia and Israel are the two eyes of God, through which everything and everyone can be seen. Anyone who rises against them ..... will fall",neutral,positive,neutral,negative,0.72,negative,0.95,5,,3,False,0,0.0,False,False,False,False,False,
UgxgPywTduTzqF4yFZ54AaABAg.8dBNMHrfp9X8dBV3VeKZtD,The root is good,positive,positive,positive,positive,0.95,positive,0.95,5,positive,1,True,5,1.0,True,True,True,True,True,
UgxgPywTduTzqF4yFZ54AaABAg.8dBNMHrfp9X8dNGfC7f1Y6,Don't mess with Zionism,negative,positive,negative,negative,0.7,negative,1.0,5,negative,2,False,4,0.8,True,False,True,True,True,NLPTown
UgxgPywTduTzqF4yFZ54AaABAg.8dBNMHrfp9X8de00UNRyP0,With Jesus Christ .... the one God,positive,positive,positive,positive,0.95,positive,1.0,5,positive,1,True,5,1.0,True,True,True,True,True,
UgyAaaGjGUIiXp-94D14AaABAg,Debarca vs Murtino 3:0 official..... Well done Macedonian Heroes.,positive,positive,positive,positive,0.85,positive,1.0,5,positive,1,True,5,1.0,True,True,True,True,True,
Ugw6q9ss70nnhKJXwe14AaABAg,A simple table,neutral,positive,neutral,neutral,0.7,neutral,1.0,5,neutral,2,False,4,0.8,True,False,True,True,True,NLPTown
Ugw6q9ss70nnhKJXwe14AaABAg.8dEwFubHW7r8dMgkY18Lf7,"If a whole nation is simple for you, then YOU are the simple!!!",positive,positive,positive,negative,0.8,negative,0.95,5,positive,2,False,3,0.6,True,True,True,False,False,"Gemma, Llama"
Ugw6q9ss70nnhKJXwe14AaABAg.8dEwFubHW7r8dPFynf7ZK6,Aleksandar Karadakoski o mrdnat,negative,negative,neutral,negative,0.7,negative,1.0,5,negative,2,False,4,0.8,True,True,False,True,True,BERTweet
Ugw6q9ss70nnhKJXwe14AaABAg.8dEwFubHW7r94Kxx857Qjw,It is a simple mass that offends,negative,negative,negative,negative,0.8,negative,0.95,5,negative,1,True,5,1.0,True,True,True,True,True,
Ugyt4QAeb17ZIzyYNp94AaABAg,"oh kauri, who are you, 500 years old Turk here, who are those Macedonians, you have half a dictionary of Turkish 😄😄",neutral,negative,negative,negative,0.8,negative,0.95,5,negative,2,False,4,0.8,False,True,True,True,True,CardiffNLP
Ugyt4QAeb17ZIzyYNp94AaABAg.8dgMUBJX7mD94KxgFuBwBn,"You are the greatest Turk, you are a Turk, I have kept my faith, you sold yourself for a pittance",positive,positive,positive,negative,0.8,negative,0.95,5,positive,2,False,3,0.6,True,True,True,False,False,"Gemma, Llama"
UgzhZEtC3N_CSNaKBJt4AaABAg,"You are Bulgarians, ""Macedonians""!",neutral,negative,neutral,negative,0.8,negative,1.0,5,negative,2,False,3,0.6,False,True,False,True,True,"CardiffNLP, BERTweet"
UgzhZEtC3N_CSNaKBJt4AaABAg.8dwFCP3PYOY8e60yHXp6LI,"Pavel Gaming of course there is no country ""Macedonia""....",neutral,negative,neutral,negative,0.8,negative,0.9,5,negative,2,False,3,0.6,False,True,False,True,True,"CardiffNLP, BERTweet"
UgzhZEtC3N_CSNaKBJt4AaABAg.8dwFCP3PYOY8e62kYoVdiB,"Kalojan Galabov Just an area, It's Bulgarian!",neutral,positive,neutral,negative,0.8,positive,0.95,5,,3,False,0,0.0,False,False,False,False,False,
UgzhZEtC3N_CSNaKBJt4AaABAg.8dwFCP3PYOY94KxtPWUogq,You are Macedonians and you are Tatars,negative,negative,neutral,negative,0.8,negative,1.0,5,negative,2,False,4,0.8,True,True,False,True,True,BERTweet
UgxRxsN_jua_0O7B9uF4AaABAg,Sins,negative,negative,neutral,negative,0.8,negative,1.0,5,negative,2,False,4,0.8,True,True,False,True,True,BERTweet
UgxRxsN_jua_0O7B9uF4AaABAg.8dGKPG-TtHE8dMjo1oGqXi,"You are to be pitied, because you lack something to speak like this!!!",negative,negative,negative,negative,0.8,negative,1.0,5,negative,1,True,5,1.0,True,True,True,True,True,
UgxRxsN_jua_0O7B9uF4AaABAg.8dGKPG-TtHE8dO0Mm_PSm4,Those who do not consider themselves Macedonians are guilty!,negative,negative,negative,negative,0.8,negative,1.0,5,negative,1,True,5,1.0,True,True,True,True,True,
UgynBbXEMhxSIIs_Smp4AaABAg,Macedonia is building a personal biblical history that has the right to the same Bulgaria is a Macedonian province greetings Bitola,positive,positive,neutral,negative,0.85,positive,0.85,5,positive,3,False,3,0.6,True,True,False,False,True,"BERTweet, Gemma"
UgyOf60A6qkWIr-lX3N4AaABAg,WELL DONE REMINDER THESE BRAINWASHED FACTS OF THESE HISTORICAL FACTS OFTEN.,negative,positive,positive,negative,0.7,positive,0.95,5,positive,2,False,3,0.6,False,True,True,False,True,"CardiffNLP, Gemma"
UgyOf60A6qkWIr-lX3N4AaABAg.9a5Z8Li5Awa9a62_E1oWzN,read who made conc bearings in Bulgaria,neutral,negative,neutral,negative,0.7,neutral,1.0,5,neutral,2,False,3,0.6,True,False,True,False,True,"NLPTown, Gemma"
UgyOf60A6qkWIr-lX3N4AaABAg.9a5Z8Li5Awa9a6AFvCKFls,<USER> THE CONCENTRATION CAMPS WERE MADE BY YOUR TITO. THE BIGGEST IS STILL STANDING IN CROATIA. AND HOW MANY BULGARIAN CEMETERIES ARE THERE IN MACEDONIA FOR EXECUTED BULGARIANS??. S REDACTED PLATES NAMES FROM OV NA SKI..!!!,negative,negative,neutral,negative,0.8,negative,1.0,5,negative,2,False,4,0.8,True,True,False,True,True,BERTweet
UgyOf60A6qkWIr-lX3N4AaABAg.9a5Z8Li5Awa9aBCZyeF23K,<USER> who? Valko Chervenkov - communist satrap,neutral,negative,neutral,negative,0.8,negative,0.95,5,negative,2,False,3,0.6,False,True,False,True,True,"CardiffNLP, BERTweet"
UgyOf60A6qkWIr-lX3N4AaABAg.9a5Z8Li5Awa9aCrROkVmpl,"<USER> The point is that God made you Bulgarians and Tito made you ""Macedonians""!",neutral,negative,neutral,negative,0.8,negative,0.95,5,negative,2,False,3,0.6,False,True,False,True,True,"CardiffNLP, BERTweet"
UgyOf60A6qkWIr-lX3N4AaABAg.9a5Z8Li5Awa9aDNrB1-tEh,We are Macedonians even before Tito stated the true situation that you are here to see!,neutral,positive,neutral,negative,0.8,positive,0.95,5,,3,False,0,0.0,False,False,False,False,False,
UgyOf60A6qkWIr-lX3N4AaABAg.9a5Z8Li5Awa9aDRWmrRDEo,<USER> <URL>,neutral,negative,neutral,negative,0.8,negative,0.75,5,negative,2,False,3,0.6,False,True,False,True,True,"CardiffNLP, BERTweet"
UgyOf60A6qkWIr-lX3N4AaABAg.9a5Z8Li5Awa9ubBKuWctDU,<USER> TATIANA MAKEDONKA. horse @.,neutral,positive,neutral,negative,0.85,negative,1.0,5,,3,False,0,0.0,False,False,False,False,False,
UgyOf60A6qkWIr-lX3N4AaABAg.9a5Z8Li5Awa9ubYF6EbntZ,"<USER> Tatjane is Bulgarian, but she doesn't know it!",neutral,neutral,neutral,negative,0.8,negative,1.0,5,neutral,2,False,3,0.6,True,True,True,False,False,"Gemma, Llama"
UgyOf60A6qkWIr-lX3N4AaABAg.9a5Z8Li5Awa9uc5Kx88seu,<USER> I AM MACEDONIAN. you s'vrk,neutral,negative,neutral,negative,0.8,negative,1.0,5,negative,2,False,3,0.6,False,True,False,True,True,"CardiffNLP, BERTweet"
UgyoUvjTtHjuCxPScah4AaABAg,"There is no scientific evidence for the existence of a Macedonian nation back in history. Therefore, when you ask the Macedonians who their kings are, they cannot tell you anything. They appropriate Tsar Samuil, but he is a proven Bulgarian king. Alexander the Great is Greek. They have no kings, because Tito invented them. Gotse Delchev, Dame Gruev, Gjorche Petrov, Kuzman Shapkarev, Boris Sarafov, Todor Aleksandrov, Vanche Mihailov, Pere Toshev and all other actors of VMRO are also Bulgarians, who fought for the liberation and autonomy of Macedonia. Macedonia must stop de-Bulgarianization and falsification of Bulgarian history. Then he can hope to get a date for the start of EU membership negotiations.",negative,negative,neutral,negative,0.8,negative,0.95,5,negative,2,False,4,0.8,True,True,False,True,True,BERTweet
UgyoUvjTtHjuCxPScah4AaABAg.9a9_UBhLyoY9aBEZ3UMC0N,"none of these claims are true or proven, you are just repeating yourself like inflated parrots..you are a shame and you are falling into the sin of generations and generations of Bulgarians..if you are the EU, we don't need the EU, once again you just proved to yourself how much the EU is a prostitute who is sold to the Muslims but will die soon..I feel sorry for you Bulgarians, how much you have fallen with the arrogance that you are white bears tortured more than the Jews are the same as the people of Šip.. only grandma Vandja will happen to you!",negative,negative,negative,negative,0.8,negative,0.95,5,negative,1,True,5,1.0,True,True,True,True,True,
UgyoUvjTtHjuCxPScah4AaABAg.9a9_UBhLyoY9ubCEFvTbqi,"and PHILIP OF MACEDONIA and SON ALEXANDER OF MACEDONIA. 25 centuries ago PHILIP KING OF MACEDONIA, ALEXANDER EMPEROR OF MACEDONIA.",neutral,positive,neutral,neutral,0.78,neutral,1.0,5,neutral,2,False,4,0.8,True,False,True,True,True,NLPTown
UgzvwJSYf4B7CXRdQkl4AaABAg,WELL DONE,positive,positive,positive,positive,0.98,positive,1.0,5,positive,1,True,5,1.0,True,True,True,True,True,
UgzvwJSYf4B7CXRdQkl4AaABAg.9a4punztFYr9a524FKDbbe,"Radev rose to prominence, at first I was skeptical, because the BSP promoted him, but now I realize that he is the best president of Bulgaria so far, may God bless him",positive,positive,positive,positive,0.85,positive,0.95,5,positive,1,True,5,1.0,True,True,True,True,True,
UgzvwJSYf4B7CXRdQkl4AaABAg.9a4punztFYr9ubBcVLt2YV,<USER> -- -- -- -- 2 years in media sds fools.,negative,negative,negative,negative,0.8,negative,0.95,5,negative,1,True,5,1.0,True,True,True,True,True,
UgxjtFfkmVZjk2M9SwR4AaABAg,Well done Mr. President!!! Bravo Mr. Radev!!! right in the eye,positive,positive,positive,positive,0.98,positive,0.95,5,positive,1,True,5,1.0,True,True,True,True,True,
UgzLpJnSruVrZAM0Q0d4AaABAg,"The father of Macedonianism is the Serbian politician Stojan Novaković. At the end of the 19th century, he drew up a strategy for the Serbization of the area: ""Since Bulgaria, as everyone knows,"" Novakovic writes, ""has deep roots in Macedonia, I think it is almost impossible for us to be shaken by the Serbian idea against it alone."" This idea, I'm afraid, will not be able to displace the Bulgarian one by itself, and therefore the Serbian idea will need an ally who is firmly against Bulgaria and contains elements that can appeal to the people and people's feelings, separating it from the Bulgarian one. I see this ally in Macedonianism...""",negative,positive,neutral,negative,0.8,negative,0.9,5,negative,3,False,3,0.6,True,False,False,True,True,"NLPTown, BERTweet"
UgzLpJnSruVrZAM0Q0d4AaABAg.9a5Uh6xuxU59ubBvBbKLw5,<USER>...........6o DIBEK.,negative,negative,neutral,negative,0.7,negative,0.95,5,negative,2,False,4,0.8,True,True,False,True,True,BERTweet
UgzOvGxhAgcI2kH9ES14AaABAg,You will accept everything. You study AZ SAM BALGARCHE 🇧🇬🇧🇬🇧🇬,neutral,positive,positive,neutral,0.7,negative,0.95,5,,3,False,0,0.0,False,False,False,False,False,
UgzOvGxhAgcI2kH9ES14AaABAg.9cuQlqWC6CX9cyuwWwabMH,🇲🇰🇲🇰🇲🇰🇲🇰🇰🇲🇲🇰🇲🇰💪👌🦁🐅🐷🙈,neutral,positive,neutral,negative,0.8,positive,0.95,5,,3,False,0,0.0,False,False,False,False,False,
Ugx_bcBQlcpniPzpaPV4AaABAg,"Hey Bulgarians, when Macedonia existed, you didn't exist, what are you telling me?",negative,negative,negative,negative,0.8,negative,0.95,5,negative,1,True,5,1.0,True,True,True,True,True,
UgzK6IGMU0DCwR3sTe14AaABAg,Sofia Choro and Račenitsa you play. There is no escape hahaha. 😂😂🤣🤣😂😂,positive,positive,neutral,negative,0.8,negative,0.95,5,,3,False,0,0.0,False,False,False,False,False,
UgzK6IGMU0DCwR3sTe14AaABAg.9cukUp02QNI9cyuv6MUphl,🇲🇰🇲🇰🇲🇰💪👌🦁🐅,positive,positive,neutral,positive,0.85,positive,0.95,5,positive,2,False,4,0.8,True,True,False,True,True,BERTweet
UgwexHKoBKd9YyturtJ4AaABAg,I heard that all Bulgarians should speak Macedonian,neutral,negative,neutral,negative,0.8,negative,0.9,5,negative,2,False,3,0.6,False,True,False,True,True,"CardiffNLP, BERTweet"
UgwexHKoBKd9YyturtJ4AaABAg.9cuf_QzcivV9cuo47uyMPO,There are many dialects in Bulgaria. Macedonian is one of them. Not every Bulgarian can know all the dialects. What will become a polyglot!,neutral,positive,neutral,neutral,0.7,neutral,0.85,5,neutral,2,False,4,0.8,True,False,True,True,True,NLPTown
UgwexHKoBKd9YyturtJ4AaABAg.9cuf_QzcivV9cv5yaS6OHU,"All Bulgarians speak Bulgarian. One of the regional norms of the Bulgarian language is the Macedonian norm (dialect). To begin with, AZ SAM BALGARCHE studied. Then you will be a man and stop being a northerner.",neutral,neutral,neutral,neutral,0.7,negative,0.95,5,neutral,2,False,4,0.8,True,True,True,True,False,Llama
UgwexHKoBKd9YyturtJ4AaABAg.9cuf_QzcivV9cwL4j3cCcO,"<USER> You are terribly boring and too simple like a Tatar. What dialect are you talking about. You know who you are literate, don't act like crazy people and spout nonsense. That's why they called you barbarians and you have remained that way. You were simple and remained simple. You are not aware of what you are talking about.",negative,negative,negative,negative,0.8,negative,0.95,5,negative,1,True,5,1.0,True,True,True,True,True,
Ugz9MmEUk-C520x7P6t4AaABAg,Sorry for the words Macedonian language Ithaca now,negative,negative,negative,neutral,0.7,neutral,0.98,5,negative,2,False,3,0.6,True,True,True,False,False,"Gemma, Llama"
UgzZgN54kDhNhBxLwaN4AaABAg,Patches for blisters,negative,neutral,neutral,neutral,0.73,neutral,1.0,5,neutral,2,False,4,0.8,False,True,True,True,True,CardiffNLP
Ugxv0iemg6EGcdp-PSp4AaABAg,"All Macedonians are Bulgarians. Macedonia is a region, not a state. Bulgaria on 3 seas.",neutral,negative,neutral,neutral,0.78,negative,0.95,5,neutral,2,False,3,0.6,True,False,True,True,False,"NLPTown, Llama"
Ugxv0iemg6EGcdp-PSp4AaABAg.9liWLFCpfCd9vEvsTyDbs_,140 years ago Germans 'made' Bulgaria. MACEDONIAN PEOPLE HAVE EXISTED FOR 25 CENTURIES. by PHILIP KING OF MACEDONIA.,neutral,positive,neutral,negative,0.8,negative,0.95,5,,3,False,0,0.0,False,False,False,False,False,
Ugxv0iemg6EGcdp-PSp4AaABAg.9liWLFCpfCd9vF4VNc09fu,"<USER> Ancient Macedonia, which you are talking about, was part of today's Garcia. So, you are either garzis or Bulgarians.",neutral,neutral,neutral,negative,0.7,negative,0.95,5,neutral,2,False,3,0.6,True,True,True,False,False,"Gemma, Llama"
Ugxv0iemg6EGcdp-PSp4AaABAg.9liWLFCpfCdA9pAHBSSAgH,Fascists,negative,negative,negative,negative,0.8,negative,1.0,5,negative,1,True,5,1.0,True,True,True,True,True,
UgwAT6qvmUwpC2RfKIZ4AaABAg,"Well done, we Pirinci people want a VETO for Titovci",positive,positive,neutral,negative,0.8,positive,0.95,5,positive,3,False,3,0.6,True,True,False,False,True,"BERTweet, Gemma"
UgwAT6qvmUwpC2RfKIZ4AaABAg.9ldCOoVUApv9ldDRzr36So,"We care about what you have adopted. And you freely veto, so you will make the communists here aware that the EU is our enemy. And you ""rice people"" are free to spit against your homeland. The real Pirinians will soon give you a nice lesson on who are the real Pirinians and who are traitors.",negative,positive,negative,negative,0.8,negative,0.95,5,negative,2,False,4,0.8,True,False,True,True,True,NLPTown
UgwAT6qvmUwpC2RfKIZ4AaABAg.9ldCOoVUApv9ldWr5LPwwO,bot smoke it,negative,negative,neutral,negative,0.8,negative,0.95,5,negative,2,False,4,0.8,True,True,False,True,True,BERTweet
UgwAT6qvmUwpC2RfKIZ4AaABAg.9ldCOoVUApv9ldXV_uiRVJ,<USER> There is no bigger bot than you.,negative,neutral,negative,negative,0.8,negative,1.0,5,negative,2,False,4,0.8,True,False,True,True,True,NLPTown
UgwAT6qvmUwpC2RfKIZ4AaABAg.9ldCOoVUApv9litf8A3mrp,<USER> epa Kai EMIS MPULGAROS APO EGEJA NOMIZUME OTI LEI O KYRIOS BORISLAV KUMANOV. AEGEANS AND PIRINS KE WE AWARE THAT ALL THE NORTHERN SERBIANS ARE BRAINWASHED. THERE ARE NO SIMPLE MACEDONIANS THAN THE NORTHERN,negative,negative,negative,negative,0.8,negative,0.95,5,negative,1,True,5,1.0,True,True,True,True,True,
UgwAT6qvmUwpC2RfKIZ4AaABAg.9ldCOoVUApv9vEwHrssw4E,"In 2018, in the REFERENDUM, the citizens of MACEDONIA said no to the EU. sds program 2020 there are no Bulgarians in the CONSTITUTION. and Bulgarians and sds j vc.",negative,negative,neutral,negative,0.8,negative,0.95,5,negative,2,False,4,0.8,True,True,False,True,True,BERTweet
UgxFr4QoU3HRByfaq994AaABAg,"May the Queen of Macedonia, our legend, be healthy and alive. Everything she said was exactly what she said and was.",positive,positive,positive,positive,0.95,positive,0.95,5,positive,1,True,5,1.0,True,True,True,True,True,
UgzaAdVN03_N8HFhzEd4AaABAg,And let's get Grujo back as Precedent👌🙋 ♂️,positive,negative,neutral,positive,0.85,positive,0.95,5,positive,3,False,3,0.6,True,False,False,True,True,"NLPTown, BERTweet"
UgwCSMg5npAcSFeoJVV4AaABAg,these are stories for little children….,negative,positive,neutral,negative,0.8,negative,0.9,5,negative,3,False,3,0.6,True,False,False,True,True,"NLPTown, BERTweet"
UgzSt2a4yyzXXVuKcSl4AaABAg,"Well, because of their lives, a whole country was destroyed, so the fighters with guineas for Macedonia also vomited blood 🥺",negative,negative,negative,negative,0.8,negative,0.95,5,negative,1,True,5,1.0,True,True,True,True,True,
Ugwqfr1ZrHsruOnwjJ14AaABAg,"This is unheard of nonsense spoken by diplomats with this language, but this is how the Gloders speak and think",negative,neutral,negative,negative,0.8,negative,0.95,5,negative,2,False,4,0.8,True,False,True,True,True,NLPTown
Ugwqfr1ZrHsruOnwjJ14AaABAg.9xBRcCMTy769xDt3estW2a,"How do you think they talk, they are more than mafias",negative,negative,negative,negative,0.8,negative,0.95,5,negative,1,True,5,1.0,True,True,True,True,True,
UgyVGkGfYDWdF8pmksB4AaABAg,"Serbian ""Macedonian"" on the job!",neutral,positive,neutral,negative,0.75,negative,0.95,5,,3,False,0,0.0,False,False,False,False,False,
UgxpFfW0ItfaBkWaExB4AaABAg,"At staring years, you can be a drug addict, with Biden's gardener, you can be mad",negative,positive,neutral,negative,0.8,negative,0.95,5,negative,3,False,3,0.6,True,False,False,True,True,"NLPTown, BERTweet"
UgzX2tz7SLhndW93r314AaABAg,"The elephant doesn't stand in its way..baby doesn't pretend to be the smartest..so if you were an adviser to Grujo, screw the man😢😢",negative,negative,negative,negative,0.75,negative,0.95,5,negative,1,True,5,1.0,True,True,True,True,True,
Ugzwo7IGQIrzsG_UKjd4AaABAg,"There is a lot of confusion about when the building was built and whether the apartment was paid according to the contract at the beginning, something stinks in the construction",negative,neutral,negative,negative,0.7,negative,0.55,5,negative,2,False,4,0.8,True,False,True,True,True,NLPTown
Ugzwo7IGQIrzsG_UKjd4AaABAg.9y7Ckmh9JpH9yYGGwmyL8h,VANYA was killed. 3.12.2023 OJO launched an indictment against Palevski. and a warrant issued. arrested -- in Turkey. nek kvats'i... in a Turkish prison.,negative,negative,negative,negative,0.8,negative,0.95,5,negative,1,True,5,1.0,True,True,True,True,True,
UgyMPDNTLyv_pW6nxEt4AaABAg,"If they are independent, then why is Greece asking us to change the name, wouldn't that interfere with sovereign Macedonia?",negative,negative,neutral,negative,0.75,neutral,0.85,5,negative,2,False,3,0.6,True,True,False,True,False,"BERTweet, Llama"
UgxtSsQZDwWk-nQSpNJ4AaABAg,Zaev committed a crime. sds program 2016 there is no change of the NAME of the REPUBLIC OF MACEDONIA anywhere.,negative,negative,negative,negative,0.65,negative,0.95,5,negative,1,True,5,1.0,True,True,True,True,True,
Ugw87PSE-J8PLPl_jjl4AaABAg,MACEDONIA IN MOKAEURODONIA,negative,neutral,neutral,negative,0.8,neutral,0.85,5,neutral,2,False,3,0.6,False,True,True,False,True,"CardiffNLP, Gemma"
UgycCPsV6zb9NuHhsp94AaABAg,2060? 🤣🤣🤣,neutral,negative,neutral,neutral,0.74,negative,0.95,5,neutral,2,False,3,0.6,True,False,True,True,False,"NLPTown, Llama"
Ugz2TbMAmNhpBK8bXsV4AaABAg,"Mr. Tsipras, we have always been Macedonians! Aegean Macedonia was given to you",positive,positive,neutral,negative,0.8,negative,0.95,5,,3,False,0,0.0,False,False,False,False,False,
Ugwoq0B7ddjWa0vSx614AaABAg,"A simple solution is to stop the negotiations, everything that has been agreed to be cancelled.",negative,negative,negative,negative,0.7,negative,0.95,5,negative,1,True,5,1.0,True,True,True,True,True,
Ugwoq0B7ddjWa0vSx614AaABAg.9d4y9zMBNOh9nNjYhW_GiK,"Oh, if it passes, there is a veto. It is connected with sanctions from all over Europe. Nafta Gas lekobi zito E nf greeted Miyalkov and Grujo who started to steal from the narid",negative,negative,negative,negative,0.7,negative,0.95,5,negative,1,True,5,1.0,True,True,True,True,True,
Ugwoq0B7ddjWa0vSx614AaABAg.9d4y9zMBNOh9xtXoR63yZI,sds program 2016 does not change the NAME of MACEDONIA anywhere. sds program 2016 nowhere gives MACEDONIAN HISTORY. and a sleepover and a light deal -- a crime. contracts - j vc.,negative,negative,negative,negative,0.6,negative,0.95,5,negative,1,True,5,1.0,True,True,True,True,True,
Ugy_6ilk88pR3sH3J8F4AaABAg,We don't need the duplicitous EU!!,negative,negative,negative,negative,0.8,negative,1.0,5,negative,1,True,5,1.0,True,True,True,True,True,
Ugy_6ilk88pR3sH3J8F4AaABAg.9czrI0Ehpm29d-ZQTSyBAy,"The EU and the US do not need you. The territory is important, so you will be replaced by Albanians.",negative,positive,negative,negative,0.8,negative,0.95,5,negative,2,False,4,0.8,True,False,True,True,True,NLPTown
Ugy_6ilk88pR3sH3J8F4AaABAg.9czrI0Ehpm29dEXDYIVyNn,"<USER> as soon as you say so, Mr. President, it will certainly be so :)))",positive,positive,positive,positive,0.85,positive,0.95,5,positive,1,True,5,1.0,True,True,True,True,True,
Ugy_6ilk88pR3sH3J8F4AaABAg.9czrI0Ehpm29dfCOuQI_3Q,"If you don't want the EU, hold a referendum and make it clear - you want it or you don't.",neutral,negative,neutral,negative,0.8,negative,0.9,5,negative,2,False,3,0.6,False,True,False,True,True,"CardiffNLP, BERTweet"
Ugy_6ilk88pR3sH3J8F4AaABAg.9czrI0Ehpm29rgEz7IkYdM,<USER> THIS IS A MACEDONIAN MEDIA. breakfast,neutral,negative,neutral,neutral,0.85,neutral,1.0,5,neutral,2,False,4,0.8,True,False,True,True,True,NLPTown
UgzAL6YM6EalYfKv16l4AaABAg,"After the wedding drums. It can't be like that... But for Macedonia, it's all about getting wet in the EU. What the EU has brought us so far is only blackmail and problems.",negative,neutral,negative,negative,0.8,negative,0.95,5,negative,2,False,4,0.8,True,False,True,True,True,NLPTown
UgyYZKHTigb8ZavRRlt4AaABAg,"What kind of minister Osmani, he is an Albanian, let him go there. No one invited him to our homeland",negative,negative,negative,negative,0.8,negative,0.95,5,negative,1,True,5,1.0,True,True,True,True,True,
UgyYZKHTigb8ZavRRlt4AaABAg.9d6DsFCWxib9dBnJBbBCWo,"Under an emergency, Macedonians represent the state.",negative,positive,neutral,negative,0.72,positive,0.95,5,,3,False,0,0.0,False,False,False,False,False,
UgyYZKHTigb8ZavRRlt4AaABAg.9d6DsFCWxib9dBnQJ4_p-g,I order and you have to quote my voice ok.,neutral,neutral,neutral,neutral,0.7,negative,0.95,5,neutral,2,False,4,0.8,True,True,True,True,False,Llama
UgwRgnyFJ7lFQW2KFrF4AaABAg,We don't need America or NATO.,negative,negative,negative,negative,0.8,negative,0.95,5,negative,1,True,5,1.0,True,True,True,True,True,
UgwRgnyFJ7lFQW2KFrF4AaABAg.9d005rFnpwi9d_bItKBmZq,YOU ARE THE SALT OF THE EARTH.,positive,positive,negative,positive,0.85,positive,0.95,5,positive,2,False,4,0.8,True,True,False,True,True,BERTweet
Ugz_jEdrZqFpETNfZM94AaABAg,"Nikola, you're late, brother, you're all late, it's impossible, people, who made a mistake, made a mistake in Japan, harakiri, that's it. You don't put on a hood after it rains.",negative,negative,negative,negative,0.8,negative,0.95,5,negative,1,True,5,1.0,True,True,True,True,True,
Ugz_jEdrZqFpETNfZM94AaABAg.9czyqc_7vVB9d-0BrrYy_y,"<USER> Diribejchev Well, when you don't know the language of your ancestors, you're calling, you're sitting with the Nazis.",negative,negative,negative,negative,0.8,negative,0.95,5,negative,1,True,5,1.0,True,True,True,True,True,
Ugz_jEdrZqFpETNfZM94AaABAg.9czyqc_7vVB9d-0Z6J6bYW,That's right,neutral,neutral,positive,positive,0.95,positive,0.95,5,positive,2,False,3,0.6,False,False,True,True,True,"CardiffNLP, NLPTown"
Ugz_jEdrZqFpETNfZM94AaABAg.9czyqc_7vVB9d-43vrBJn2,He doesn't bite and he wants that money like Kovacho.,neutral,positive,positive,negative,0.8,positive,0.85,5,positive,3,False,3,0.6,False,True,True,False,True,"CardiffNLP, Gemma"
Ugz_jEdrZqFpETNfZM94AaABAg.9czyqc_7vVB9d-uPmeTOLC,<USER> Bulgarians do not write in Macedonian sites.,neutral,negative,neutral,negative,0.85,negative,0.9,5,negative,2,False,3,0.6,False,True,False,True,True,"CardiffNLP, BERTweet"
Ugz_jEdrZqFpETNfZM94AaABAg.9czyqc_7vVB9d0W1Tdgufd,<USER> there is no veke macedonia there is a territory SEVERDJANIA. This territory will be obtained with EU money and annexed Kam GOLJAMA BULGARIA 🇧🇬,neutral,negative,neutral,negative,0.8,negative,0.99,5,negative,2,False,3,0.6,False,True,False,True,True,"CardiffNLP, BERTweet"
Ugz_jEdrZqFpETNfZM94AaABAg.9czyqc_7vVB9d0_cgpBkOZ,"<USER> Your stupidity is great. Yes, Ukrainian swamps are really big.",negative,negative,negative,negative,0.8,negative,0.95,5,negative,1,True,5,1.0,True,True,True,True,True,
Ugz_jEdrZqFpETNfZM94AaABAg.9czyqc_7vVB9d0s8BlqR7_,"<USER> To stop them, we should go to their channels like Bulgaria on air, bnt, tv1b, etc...",negative,negative,neutral,negative,0.75,positive,0.95,5,negative,3,False,3,0.6,True,True,False,True,False,"BERTweet, Llama"
Ugz_jEdrZqFpETNfZM94AaABAg.9czyqc_7vVB9d0tcv2pw2B,"<USER> How can we stop them. They all learn the same thing at school. Their history is day, year, month, and we jump into ours, which doesn't suit us, we are afraid of some things and little about the truth. They don't call us Macedonians on their televisions and we don't argue with each other, and they all lied to us. When our country and theirs were strong and united, they made the plan, and we were proud to be Yugoslavs. Even before that, they did plans when they lied to our committees. They are ahead of us for 200 years. The truth is on our side and it will come to light, but that's why time needs to pass. They non-stop hate speech but no one tells them that. It takes time and 3 4 small parties need to unite. That's the only way we will move forward.",negative,negative,negative,negative,0.57,negative,0.83,5,negative,1,True,5,1.0,True,True,True,True,True,
Ugz_jEdrZqFpETNfZM94AaABAg.9czyqc_7vVB9d0wPcGJIim,<USER> you eat all your life and you don't feel like it.,negative,positive,negative,negative,0.8,negative,0.95,5,negative,2,False,4,0.8,True,False,True,True,True,NLPTown
Ugz_jEdrZqFpETNfZM94AaABAg.9czyqc_7vVB9d0xbcTJA_N,<USER> I will answer you later. But you missed my point!,negative,neutral,negative,neutral,0.65,neutral,0.9,5,neutral,2,False,3,0.6,False,True,False,True,True,"CardiffNLP, BERTweet"
Ugz_jEdrZqFpETNfZM94AaABAg.9czyqc_7vVB9d1QLAT4q7P,"<USER> when you're right, it doesn't matter if you eat kutek. If necessary, we will cooperate with the devil and we will get ours.",neutral,positive,neutral,negative,0.8,positive,0.85,5,,3,False,0,0.0,False,False,False,False,False,
Ugz_jEdrZqFpETNfZM94AaABAg.9czyqc_7vVB9d3lx7dIrt-,"<USER> And Tatar, you are still dreaming. Come on, wake up, Tatar, Which great Tataria are you talking about. Bulgaria is a territory. In the eastern part, you are the Tatar. The western part is great Macedonia and Serbia. The eastern one is Turkish. You will be illiterate. We gave you the alphabet but you never learned to quote. You were and remain oppressors. Tataria for Great Macedonia was something like a nuisance, a mosquito that buzzes in a hot summer night, but it's a pain to get up and knock it off the wall, so let it buzz, who the hell.",negative,negative,negative,negative,0.8,negative,0.95,5,negative,1,True,5,1.0,True,True,True,True,True,
Ugz_jEdrZqFpETNfZM94AaABAg.9czyqc_7vVB9d6qIAqXAGx,THAT IS THE REAL MACEDONIA.=VARDAR + AEGEAN+PYRINE. The Bulgarian Tatars outside the Macedonian territories. LONG LIVE MACEDONIA.,neutral,positive,positive,positive,0.85,positive,0.95,5,positive,2,False,4,0.8,False,True,True,True,True,CardiffNLP
Ugz_jEdrZqFpETNfZM94AaABAg.9czyqc_7vVB9dXzEbQD072,"<USER> ""Macedonia or Bulgaria is one - Bulgaria. Macedonians and Bulgarians are one - we are Bulgarians."" Ivan Mihailov- 1990 (in a live interview).",neutral,negative,neutral,positive,0.85,negative,0.95,5,,3,False,0,0.0,False,False,False,False,False,
Ugz_jEdrZqFpETNfZM94AaABAg.9czyqc_7vVB9dY0WY1vItV,"<USER> I don't care if it's one or two, it's important that you don't write here, write at home.",neutral,neutral,neutral,negative,0.8,negative,0.95,5,neutral,2,False,3,0.6,True,True,True,False,False,"Gemma, Llama"
Ugz_jEdrZqFpETNfZM94AaABAg.9czyqc_7vVB9dYVOQcxmB1,<USER> Abe is kicking his ass. We gave him cream. The Tatar got used to the cream. I can see the reds playing again.,negative,positive,neutral,negative,0.8,positive,0.85,5,,3,False,0,0.0,False,False,False,False,False,
Ugz_jEdrZqFpETNfZM94AaABAg.9czyqc_7vVB9dYWQsAVTi7,<USER> I understood that there are two or three of them and there is no need to waste our time with them. And for the cream to acquire quickly.,neutral,positive,neutral,negative,0.7,negative,0.95,5,,3,False,0,0.0,False,False,False,False,False,
Ugz_jEdrZqFpETNfZM94AaABAg.9czyqc_7vVB9nNjcq5Ckvi,Nrnf the fault is paid gtmruj,negative,negative,negative,negative,0.85,negative,1.0,5,negative,1,True,5,1.0,True,True,True,True,True,
Ugz_jEdrZqFpETNfZM94AaABAg.9czyqc_7vVB9nNjepWtIwE,You have started buying private properties to craft,neutral,positive,neutral,neutral,0.7,negative,0.9,5,neutral,3,False,3,0.6,True,False,True,True,False,"NLPTown, Llama"
Ugz_jEdrZqFpETNfZM94AaABAg.9czyqc_7vVB9nNjggW4NpA,You are not in favor of state babyism,negative,negative,negative,negative,0.72,negative,1.0,5,negative,1,True,5,1.0,True,True,True,True,True,
Ugz_jEdrZqFpETNfZM94AaABAg.9czyqc_7vVB9rgCgP6g1RJ,<USER> bulgaria junk. MACEDONIA STATE.,negative,negative,neutral,negative,0.8,negative,1.0,5,negative,2,False,4,0.8,True,True,False,True,True,BERTweet
Ugz_jEdrZqFpETNfZM94AaABAg.9czyqc_7vVB9rgfsKKpqW3,<USER> North Macedonia.,neutral,positive,neutral,neutral,0.7,neutral,0.85,5,neutral,2,False,4,0.8,True,False,True,True,True,NLPTown
UgyKez2JHUfuIDXjpIB4AaABAg,Cancellation of Prespa and Bulgarian and frame and flag and bilingualism immediately!!!!,negative,negative,negative,negative,0.8,negative,0.95,5,negative,1,True,5,1.0,True,True,True,True,True,
UgyKez2JHUfuIDXjpIB4AaABAg.9cznVQ5u2Ro9dBo9507VLq,"That's right, cancel as much as you can, after 15-20 years only the prime minister of ""Greater"" Albania will sign them again........",negative,negative,negative,negative,0.8,negative,0.95,5,negative,1,True,5,1.0,True,True,True,True,True,
UgyKez2JHUfuIDXjpIB4AaABAg.9cznVQ5u2Ro9dYUj_mA1T6,"<USER>-o4k Let's make a joke for you: a Bulgarian journalist goes to a Macedonian mountain village to discover the secret of longevity. She meets an elderly Macedonian gentleman and asks him: - Sir, can I ask you something? What is the secret of the long voice? - SEX - answers the gentleman. - The Bulgarian journalist asks with surprise, ""You live in the mountains, how do you manage to have sex with a woman?"" The Macedonian gentleman takes the Bulgarian journalist under his eye and answers: - Very easy. The village serf works for a Bulgarian journalist every day.",neutral,negative,neutral,negative,0.8,negative,0.94,5,negative,2,False,3,0.6,False,True,False,True,True,"CardiffNLP, BERTweet"
UgyKez2JHUfuIDXjpIB4AaABAg.9cznVQ5u2Ro9rgApI7m-V8,A sleeping arrangement is a crime. sds program 2016 there is no change anywhere NAME OF THE REPUBLIC OF MACEDONIA. (sds j hell.),negative,negative,negative,negative,0.65,negative,0.95,5,negative,1,True,5,1.0,True,True,True,True,True,
UgwZ0kuXPjU8xCu2YhV4AaABAg,Bulgarian history is the history of Mongolia and Tataria. 🇧🇬🇲🇳🤟🏿,neutral,positive,neutral,negative,0.8,positive,0.95,5,,3,False,0,0.0,False,False,False,False,False,
UgwZ0kuXPjU8xCu2YhV4AaABAg.9czxoOUoBPp9d0UQvPkXQI,"Gotse Deltsev is BULGARIAN and always has been. You can't deny that. And when you stole the Bulgarian history, then you are also Bulgarians. And as for the Tatars, there is a proud Tatar nation in Crimea and it is a shame to insult this nation. You are not for the EU with this kind of racism. It is unfortunate that you are a very simple and backward people.",negative,negative,negative,negative,0.8,negative,0.95,5,negative,1,True,5,1.0,True,True,True,True,True,
UgwZ0kuXPjU8xCu2YhV4AaABAg.9czxoOUoBPp9d3pDIVIyMx,"Hey, you're naked and barefoot. You're really dumb. Do you understand that Bulgaria is a territory, not Tataria. You're a minority in the territory called Bulgaria. Steal from the histories of Serbia, Greater Macedonia, Greece, Turkey, Romania, make some kind of Tatar history. I begged Greater Macedonia to leave you a part of their history, we'll open it for you at our Macedonian archive in Sofia. The fascist ideology that your Hitler gave you. Change a little so you don't end up like your Hitler.",negative,negative,negative,negative,0.8,negative,0.99,5,negative,1,True,5,1.0,True,True,True,True,True,
UgwZ0kuXPjU8xCu2YhV4AaABAg.9czxoOUoBPp9d6m8HfRdo3,Togawa means na m.....and your pussy is mongolian,negative,negative,negative,negative,0.8,negative,1.0,5,negative,1,True,5,1.0,True,True,True,True,True,
UgwZ0kuXPjU8xCu2YhV4AaABAg.9czxoOUoBPp9dYQ_JW6IH3,We Bulgarians did not even care about Mongols and Tatars. This is your expression and no one knows or uses it. Accept that you are Bulgarians and that's enough.,negative,negative,negative,negative,0.8,negative,0.95,5,negative,1,True,5,1.0,True,True,True,True,True,
UgwZ0kuXPjU8xCu2YhV4AaABAg.9czxoOUoBPp9dYTq2BCyNn,"<USER> Tatarce, you have started learning Macedonian language. That is good, you will be a good Macedonian in our GREAT MACEDONIA. We have to change your name. 1. You will not be Asparuh, we will write you Alexander. TATARCE because among us Macedonians there are Christian names, from century to century. When we had Alexanders, you had ... Asparuh, and if we go back even further, you didn't even exist. When we had Philippi, you had Toktu. When we had Cyril and Methodius, you had Omurtag. ""There are no signs. Asparuh. If you are not Alexander, you can choose another Christian name. 2. Today's Bulgarian language has nothing to do with proto-Bulgarian, that is a sign that it is not the language of the Bulgarians, in fact they took the language from the Macedonian Slavs. 3. It is better to write and speak MACEDONIAN, and not some Bulgarian dialect (Bulgarian language doesn't exist, it's a borrowed Macedonian form so that you can understand each other)... 4. Are Bulgarians a white race or a yellow race? the Macedonians, although in a quite wrong way, trying to Bulgarianize everything Macedonian, and almost always without success). But it's not a problem, we will PAINT you. You'll be white like a MACEDONIAN. 5. We Macedonians must not be like the Bulgarians - not to have our own history, script, culture, customs, costumes - to steal from the neighbors (from the Macedonians) and even deny that they exist. that is absurd. 6. I WANT to be what we are - DESCENDANTS OF AN OLD BIBLICAL PEOPLE, WITH A BRIGHT AND COURAGEOUS HISTORY, PROUD OF THEIR GLORIOUS NAME, PROUD OF THEIR ANCESTORS, AND PROUD OF THEIR DESCENDANTS WHO WILL RESTORE THE GREATNESS AND DIGNITY OF THEIR FATHERLAND AND PRADEDOVINA GOLEMA MACEDONIA. If you don't learn anything from this, why are Bulgarians like dolphins? Now I can tell you a joke: I was bringing Bulgarians to Kriva Palanka. - I want a horse to stand up.",positive,negative,positive,negative,0.57,negative,0.95,5,negative,2,False,3,0.6,False,True,False,True,True,"CardiffNLP, BERTweet"
UgwZ0kuXPjU8xCu2YhV4AaABAg.9czxoOUoBPp9dYUFAozk2l,"<USER> I see you liked the joke, Tartar, how did I send you the joke? Now I'm going to tell you a new joke (it's a bit LONGER), a Bulgarian journalist goes to a Macedonian mountain village to discover the secret of longevity. She meets an elderly Macedonian gentleman and asks him: - Sir, can I ask you something? What is the secret of the long joke? - SEX - answers the gentleman. - The Bulgarian journalist asks with surprise, ""You live in the mountains, how do you manage to have sex with a woman?"" The Macedonian gentleman takes the Bulgarian journalist under his eye and answers: - Very easy. The village serf works for a Bulgarian journalist every day. If you liked the way I told you the joke, I will also tell you another joke.",neutral,neutral,neutral,positive,0.85,positive,0.85,5,neutral,2,False,3,0.6,True,True,True,False,False,"Gemma, Llama"
UgwZ0kuXPjU8xCu2YhV4AaABAg.9czxoOUoBPp9d_axNQthtm,"Satinislava, but they gave you a name! Glory to SATAN - ie. of the DEVIL! Should a person cry or laugh at the BUTTERFLY among the ""Macedonian brains""!? Look what you want! But as you are now, you ""MUST"" know that you have to suffer a lot, because you are apostates and God sees and protects everything. On the territory of the Bulgarian state, there were and still are Shopians, Thracians, Rodopians, Graovians.... and what was related to the dialect of the Bulgarian language, TRANCHANS, whose speech is far from literary b. ez. unlike Macedonia!!!",negative,positive,negative,negative,0.8,negative,0.95,5,negative,2,False,4,0.8,True,False,True,True,True,NLPTown
UgwZ0kuXPjU8xCu2YhV4AaABAg.9czxoOUoBPp9fb9WvEUL7c,"The Tatars ruled Russia for 250 years and, as Russian historians say, they made them a state. If Bulgaria had not stopped the heirs of Asenevci in the middle of the 13th century, they could have come to you and made you a ""Macedonian kingdom"" so that you don't steal from foreigners. So go to the Hunzo-Guptas in Pakistan and leave the Guardianship to the Albanians.",negative,negative,neutral,negative,0.8,negative,0.95,5,negative,2,False,4,0.8,True,True,False,True,True,BERTweet
UgwZ0kuXPjU8xCu2YhV4AaABAg.9czxoOUoBPp9nNlX0jMd0w,Now he is also on the gomnodonia,neutral,positive,neutral,negative,0.8,negative,0.95,5,,3,False,0,0.0,False,False,False,False,False,
Ugydit5UYfNMQ0TEcmF4AaABAg,It is not true. The eastern part of Bulgaria is inhabited by Tatars. The western part up to Sofia and the surrounding area is inhabited by Macedonians. The eastern part is Tatar Bulgaria.,neutral,negative,neutral,negative,0.8,neutral,1.0,5,neutral,2,False,3,0.6,True,False,True,False,True,"NLPTown, Gemma"
Ugydit5UYfNMQ0TEcmF4AaABAg.9d-J2xlQMkJ9d-QNfWlwpn,The northern part of the northern part is inhabited by northerners. The other parts are inhabited by banovici.,neutral,neutral,neutral,neutral,0.85,neutral,1.0,5,neutral,1,True,5,1.0,True,True,True,True,True,
Ugydit5UYfNMQ0TEcmF4AaABAg.9d-J2xlQMkJ9d-ZcAFfut-,@GoceDelcheveBalgarin They also have a lot of 'firom-ci'😂,neutral,positive,neutral,negative,0.7,negative,0.95,5,,3,False,0,0.0,False,False,False,False,False,
Ugydit5UYfNMQ0TEcmF4AaABAg.9d-J2xlQMkJ9d3p_a9WYMv,"<USER> But you are talking nonsense. Read a little: The Bulgarian police chief from Skopje - Asen Bogdanov, during his trial. He, as well as his subordinates, were surprised by the reality they saw, which is that the Macedonian people do not feel Bulgarian, nor do they dream of any alliance with Bulgaria, as was instilled in their heads and the entire Bulgarian society. Bogdanov, confirms that Bulgarian servants and henchmen were a small number of citizens who had some benefit to cooperate with them. That is why there is terror, mass murders, oppression and reprisals of the Macedonian people, who resolutely defended themselves against the fascist occupier[14]. That is, those who were psychologically prepared to be liberators, actually realized that they were occupiers who came to a foreign land. The number of victims - Macedonian citizens, suffered in the Second World War is 24,000. In the Vardar part of Macedonia, only in the first year of the fascist occupation, 1,937 people were arrested, with 38 death sentences. In the Bulgarian occupation area, out of 3,422 teachers in schools with the imposed Bulgarian teaching language, there were only 306 Macedonian teachers. This is not occupation and assimilation. After the capitulation of Bulgaria in September 1944, he became the director of the police in Sofia. Bulgaria tried to obstruct his handover to the Macedonian authorities, but still in May 1948 he was detained and handed over to the Macedonian authorities and in the public trial in Skopje, November 1948 he was sentenced to death[2] and was shot together with Dimitar Raev and Boris Zhuglov.[3] .",negative,neutral,negative,negative,0.8,negative,0.95,5,negative,2,False,4,0.8,True,False,True,True,True,NLPTown
UgwZEyXPStYTOb9Fo4R4AaABAg,"After this I only know one thing, after this we will see Bulgaria as the biggest enemy Macedonia ever had.",negative,negative,negative,negative,0.8,negative,0.95,5,negative,1,True,5,1.0,True,True,True,True,True,
UgwZEyXPStYTOb9Fo4R4AaABAg.9d-3RJRezPc9d-9pCGk_yI,It is your right to see Bulgaria as you wish,neutral,positive,neutral,neutral,0.65,positive,0.95,5,neutral,2,False,3,0.6,True,False,True,True,False,"NLPTown, Llama"
UgwZEyXPStYTOb9Fo4R4AaABAg.9d-3RJRezPc9d-N-Z-Ax2C,"<USER> Bulgarians are used to being hated by everyone in the Balkans, that's why they lost every war.",negative,negative,negative,negative,0.8,negative,1.0,5,negative,1,True,5,1.0,True,True,True,True,True,
UgwZEyXPStYTOb9Fo4R4AaABAg.9d-3RJRezPc9d-TE7bZX8O,As it is now.,neutral,positive,neutral,negative,0.7,neutral,0.85,5,neutral,3,False,3,0.6,True,False,True,False,True,"NLPTown, Gemma"
UgwZEyXPStYTOb9Fo4R4AaABAg.9d-3RJRezPc9d-mwYSm3b5,"<USER> Fuck you EU. All the way to Sofia and its surroundings is Macedonia. The people who live in the territories temporarily occupied by the Bulgarian Tatars were and will be MACEDONIANS. The Tatars live in the eastern part of the so-called Bulgaria. Their faces have big noses and black hands. Probably, the sultan also mixed his fingers. The people in Sofia are beautiful, true Macedonians. Who is lying to you? Your history is a lie. Quote it. It is true that in 1944 we liberated the Northern part of Macedonia from the Tatar Bulgarian Fascists who had committed many crimes, but we beat a large number of those fascists in Macedonia. The rest fled to Tatar Bulgaria. We were left with Pirin Macedonia together with Sofia and the surrounding area. let's release. It will be fast, God willing and Putin, we will quickly regain our territory. You Tatar Bulgarians? you don't have a letter. Your alphabet is a copy of Macedonian, Serbian and you stole something from Russian.",negative,negative,negative,negative,0.8,negative,0.95,5,negative,1,True,5,1.0,True,True,True,True,True,
UgwZEyXPStYTOb9Fo4R4AaABAg.9d-3RJRezPc9d1TJTrNT6g,"Нема да ја гледаме веце како Фасистицка Бугарија .Нема да постојат за нас.Двете страни да подготват и презентираат примероци од лекции врз основа на препораките на Комисијата, за кои Комисијата постигна согласност приложени кон Протоколот на следниот состанок на Мешовитата меѓувладина комисија според член 12 од Договорот за пријателство, добрососедство и соработка и да ги вклучи во иднина.на соодветните наставни програми, учебници и други релевантни наставни материјали, натписи на табли, историски монументи, споменици и информативни материјали во музеи и други локации од образовно и културно значење, како и во електронски информативни досиеја на јавен имот. Тоа знаци дека ние требе да прифатиме промена на Историјата да го избрисиме следното: Депортацијата на Евреите од Македонија претставува настан од Втората светска војна организиран од владите на фашистичка Бугарија и нацистичка Германија, со цел систематска елиминација на еврејското население од т.н. „новоослободени територии“ од страна на бугарската власт. Во јули 1940 година Бугарија започнува со донесување на антисемитски закони.[5] Во јануари 1941 година го донесува „Закон за заштита на нацијата“.[5] Во 1 март 1941 година Бугарија станува сојузник на Силите на оската.[5][10] Депортацијата на Евреите од Македонија претставува дел од депортација на Евреите од сите „новоослободени територии“ (Вардарска Македонија, Егејска Македонија).Ликвидирањето на Евреите од Македонија било резултат на договор меѓу нацистичка Германија и Царството Бугарија. Од името на двете држави на 2 февруари 1943 година договорот го потпишале Адолф Бекерле, (германски полномошен министер во Бугарија) и Петар Габровски, бугарски министер за внатрешни работи.[6][13] .За бројот на депортираните Евреи постојат различни податоци во бугарските официјални списоци. Постојат две групи оригинални списоци за македонските Евреи направени во самиот логор непосредно пред депортацијата; бугарски, според кој во логорот во Скопје се наоѓале 1702 семејства со 7056 членови, и германски, според кои во логорот се наоѓале 1828 семејства со 7162 членови – со основни податоци. Во тајното писмо од 18 март 1943 година од А. Вите, германски конзул во Скопје, испратено до Министерството за надворешни работи во Берлин, се наведува дека се депортирани 7240 Евреи.[2] .Сите Евреи од Македонија биле депортирани во логорот Треблинка во Полска, каде што биле задушени во гасни комори. Од Треблинка не се вратил никој. Сто це биде со злоцините изврсени од страна на Фасистицка Бугарија на територијата на Вардарска и Пиринска (Се усте е под окупација на Фасистицка Бугарија каде се врси присилна асимилација на Македонците ,за кој постојат пресуди од Хаг који Фасистицка Бугарија не ги спроведува )Македомија. Масакр во Ваташа — крвав настан кој се случил на 16 јуни 1943 година[1] кога биле стрелани 12 младинци од селото Ваташа во близина на Моклиште кај месноста „Чаир“, на 2 км оддалеченост од Ваташа. Колежот го извршила бугарската војска и полициски одреди на чело со капетан Борис Жеглов, поручник Борис Костов и подофицер Петко Опреков под команда на полковник Љубен Апостолов, командант на 56. Велешки пешадиски полк од Петтата бугарска армија. Сестрата на Блаже Ицев, Нада Ицева (Јанева), го памти денот кога го уапсиле нејзиниот брат. Не насетувале, каков крвнички чин ќе се случи истиот ден. Блаже (17 г.) и сестра му Ката (15 г.), работеле домашни работи, кога биле одведени во селската меана на Васил Хаџи Јорданов. Таму ги затекнале и останатите младинци, каде почнало крвничкото тепање од страна на полицискиот заменик-началник Петко Опреков, поручникот Борис Костов и двајца бугарски агенти.[4] Еден од стреланите пред да умре, успеал да изусти „Стрелајте кучиња, но нашата идеја нема да умре!“ . Четирите девојки што исто така биле уапсени — Мара Хаџи Јорданова, Стева Ампова, Павлина Касапинова и Ката Ицева — ги тргнале настрана.[6] Полицискиот началник Петко Опреков се спротивставил на поручникот Костов кога сакал да ги убие и девојките, а капетан Борис Жеглов го поддржувал Опреков па така тие биле спасени.[7] Дванаесетте убиени младинци од селото се:[9] Име и презиме Возраст Перо Видев 15 Ванчо Гурев 19 Данко Давков 18 Илија Димов 18 Ристо Ѓондев 18 Блаже Ицев 20 Пане Мешков 18 Герасим Матаков 18 Ферчо Попѓорѓиев 26 Васо Хаџијорданов 28 Диме Чекоров 20 Пане Џунов 18 Зар некој има право да ги заборави.Кој е тој кој це ја промени таблата на која јасно стои стрелани од Фасистицкиот Бугарски окупатор. Замислите сега како би изгледало тоа.Требе да ги избрисиме зборовите Фасистицка Бугарија,Фасистицкото царство Бугарија,бугарска депортација на Евреите ... Тоа би изгледало овака:Фасистицка Марс,Фасистицко царство Марс,наместо Бугарска депортација на Евреите ние це записиме:Организиран туристицки излет во логорот Треблинка во Полска од страна на Фасистицка Марс... Но сто це одговори Р.Македонија на Израел.Како це ги избрисе овие податоци од Архивите на Германија,Југославија,Бугарија ,Рускиот архив,Архивот на Израел.... Дали це има крај на барањата на Татарска Фасистицка Бугарија сега.Сега со благослов на Европска унија. But they should marry one thing. Це ја искористам реценицата на еден од стреланите >Блокирајте кучиња до кога сакате, но нашата Македонија постоела и це ја надзивее Фасистицка Бугарија. Секоја издајницка влада на Македонија која це прифати само дел од Татарските барања це и припадне местото која го заслузила тоа е местото на бунистето.Поради тоа нема потреба од никакви понатамосни преговори со Фасистицка Бугарија.",neutral,negative,neutral,neutral,0.68,negative,0.94,5,neutral,2,False,3,0.6,True,False,True,True,False,"NLPTown, Llama"
UgwZEyXPStYTOb9Fo4R4AaABAg.9d-3RJRezPc9dM-ZaZYrl8,"We will starve her with hatred, but as Albanians, northerners",negative,neutral,negative,negative,0.8,negative,0.95,5,negative,2,False,4,0.8,True,False,True,True,True,NLPTown
UgwZEyXPStYTOb9Fo4R4AaABAg.9d-3RJRezPc9rgBgXBl8Ez,<USER> look at bugs and worms. j tatar bara.,negative,negative,neutral,negative,0.8,negative,0.95,5,negative,2,False,4,0.8,True,True,False,True,True,BERTweet
UgyVbP8raaUnbO1t-1t4AaABAg,SHAME ON PEOPLE!!!,negative,negative,negative,negative,0.8,negative,1.0,5,negative,1,True,5,1.0,True,True,True,True,True,
Ugz_xn3rlvTuaFmX4hF4AaABAg,He loses everything and gets nothing. He only gets promises that the EU will never fulfill according to MKD,negative,negative,negative,negative,0.8,negative,0.95,5,negative,1,True,5,1.0,True,True,True,True,True,
UgzoDxtvlb9CbSyxiPF4AaABAg,Watch the film about Alexander and let everyone see clearly that Macedonia is the largest country in the world that has existed and will exist.,positive,positive,positive,positive,0.85,positive,0.95,5,positive,1,True,5,1.0,True,True,True,True,True,
UgzJQuS6jD8etUOJ12B4AaABAg,"And what happened to the USA, didn't you have friends 🤣 they wanted to pressure us 🤣🇧🇬🇧🇬🇧🇬",negative,negative,negative,negative,0.8,negative,0.95,5,negative,1,True,5,1.0,True,True,True,True,True,
UgzJQuS6jD8etUOJ12B4AaABAg.9czxPIqj6tT9d1IOrgB1w8,"<USER> username If you think so, accept the French proposal 🤣",neutral,negative,neutral,positive,0.85,negative,0.9,5,,3,False,0,0.0,False,False,False,False,False,
UgzJQuS6jD8etUOJ12B4AaABAg.9czxPIqj6tT9d1T6C4p24L,"Двете страни да подготват и презентираат примероци од лекции врз основа на препораките на Комисијата, за кои Комисијата постигна согласност приложени кон Протоколот на следниот состанок на Мешовитата меѓувладина комисија според член 12 од Договорот за пријателство, добрососедство и соработка и да ги вклучи во иднина.на соодветните наставни програми, учебници и други релевантни наставни материјали, натписи на табли, историски монументи, споменици и информативни материјали во музеи и други локации од образовно и културно значење, како и во електронски информативни досиеја на јавен имот. Тоа знаци дека ние требе да прифатиме промена на Историјата да го избрисиме следното: Депортацијата на Евреите од Македонија претставува настан од Втората светска војна организиран од владите на фашистичка Бугарија и нацистичка Германија, со цел систематска елиминација на еврејското население од т.н. „новоослободени територии“ од страна на бугарската власт. Во јули 1940 година Бугарија започнува со донесување на антисемитски закони.[5] Во јануари 1941 година го донесува „Закон за заштита на нацијата“.[5] Во 1 март 1941 година Бугарија станува сојузник на Силите на оската.[5][10] Депортацијата на Евреите од Македонија претставува дел од депортација на Евреите од сите „новоослободени територии“ (Вардарска Македонија, Егејска Македонија).Ликвидирањето на Евреите од Македонија било резултат на договор меѓу нацистичка Германија и Царството Бугарија. Од името на двете држави на 2 февруари 1943 година договорот го потпишале Адолф Бекерле, (германски полномошен министер во Бугарија) и Петар Габровски, бугарски министер за внатрешни работи.[6][13] .За бројот на депортираните Евреи постојат различни податоци во бугарските официјални списоци. Постојат две групи оригинални списоци за македонските Евреи направени во самиот логор непосредно пред депортацијата; бугарски, според кој во логорот во Скопје се наоѓале 1702 семејства со 7056 членови, и германски, според кои во логорот се наоѓале 1828 семејства со 7162 членови – со основни податоци. Во тајното писмо од 18 март 1943 година од А. Вите, германски конзул во Скопје, испратено до Министерството за надворешни работи во Берлин, се наведува дека се депортирани 7240 Евреи.[2] .Сите Евреи од Македонија биле депортирани во логорот Треблинка во Полска, каде што биле задушени во гасни комори. Од Треблинка не се вратил никој. Сто це биде со злоцините изврсени од страна на Фасистицка Бугарија на територијата на Вардарска и Пиринска (Се усте е под окупација на Фасистицка Бугарија каде се врси присилна асимилација на Македонците ,за кој постојат пресуди од Хаг који Фасистицка Бугарија не ги спроведува )Македомија. Масакр во Ваташа — крвав настан кој се случил на 16 јуни 1943 година[1] кога биле стрелани 12 младинци од селото Ваташа во близина на Моклиште кај месноста „Чаир“, на 2 км оддалеченост од Ваташа. Колежот го извршила бугарската војска и полициски одреди на чело со капетан Борис Жеглов, поручник Борис Костов и подофицер Петко Опреков под команда на полковник Љубен Апостолов, командант на 56. Велешки пешадиски полк од Петтата бугарска армија. Сестрата на Блаже Ицев, Нада Ицева (Јанева), го памти денот кога го уапсиле нејзиниот брат. Не насетувале, каков крвнички чин ќе се случи истиот ден. Блаже (17 г.) и сестра му Ката (15 г.), работеле домашни работи, кога биле одведени во селската меана на Васил Хаџи Јорданов. Таму ги затекнале и останатите младинци, каде почнало крвничкото тепање од страна на полицискиот заменик-началник Петко Опреков, поручникот Борис Костов и двајца бугарски агенти.[4] Еден од стреланите пред да умре, успеал да изусти „Стрелајте кучиња, но нашата идеја нема да умре!“ . The four girls who were also arrested—Mara Haji Jordanova, Steva Ampova, Pavlina Kasapinova, and Kata Iceva—were taken aside.[6] Police Chief Petko Oprekov opposed Lieutenant Kostov when he wanted to kill the girls, and Captain Boris Zheglov supported Oprekov, so they were saved.[7] The twelve murdered youths from the village are:[9] Name and Surname Age Pero Videv 15 Vancho Gurev 19 Danko Davkov 18 Ilija Dimov 18 Risto Gjondev 18 Blaze Itcev 20 Pane Meshkov 18 Gerasim Matakov 18 Fercho Popgyorjiev 26 Vaso Hajijordanov 28 Dime Chekov 20 Pane Dzhunov 18 Zar someone has the right to forget them. Who is the one who will change the sign on which it is clearly written that they were shot by the Fascist Bulgarian occupier. Imagine now what it would look like. We should delete the words Fascist Bulgaria, Fascist Empire Bulgaria, Bulgarian deportation of Jews ... It would look like this: Fascist Mars, Fascist Empire Mars, instead of Bulgarian deportation of Jews we will write: Organized tourist excursion to the Treblinka camp in Poland by Fascist Mars ... But one hundred will answer R. Macedonia of Israel. How will he delete this data from the Archives of Germany, Yugoslavia, Bulgaria, the Russian Archive, the Archive of Israel... Will there be an end to the demands of Tatar Fascist Bulgaria now. Now with the blessing of the European Union. But they should marry one thing. I will use the sentence of one of the shot >Block dogs as long as you want, but our Macedonia existed and will be called Fascist Bulgaria. Any treacherous government of Macedonia that accepts only part of the Tatar demands will get the place it deserves, that is the place of the Buniste. That is why there is no need for any further negotiations with Fascist Bulgaria.",neutral,positive,neutral,neutral,0.48,negative,0.94,5,neutral,3,False,3,0.6,True,False,True,True,False,"NLPTown, Llama"
UgzJQuS6jD8etUOJ12B4AaABAg.9czxPIqj6tT9d1n6A77oZj,"<USER> username They think that they will change something with blackmail. But they are wrong. Before the truth, even the gods are silent and bow down. They think that now they have waited for a moment to achieve their goals. To force us to accept their false history. But they are wrong. A lot. They will realize that with time, but all this will affect the bilateral relations between the two countries as well as the good neighborly ones. Instead of improve relations with us, they followed the path of blackmail and that is the path of their defeat.",negative,negative,negative,negative,0.8,negative,0.95,5,negative,1,True,5,1.0,True,True,True,True,True,
UgzJQuS6jD8etUOJ12B4AaABAg.9czxPIqj6tT9d6qCusqXti,THAT IS THE REAL MACEDONIA.=VARDAR + AEGEAN+PYRINE. The Bulgarian Tatars outside the Macedonian territories. LONG LIVE MACEDONIA.,neutral,positive,positive,positive,0.85,positive,0.95,5,positive,2,False,4,0.8,False,True,True,True,True,CardiffNLP
UgzJQuS6jD8etUOJ12B4AaABAg.9czxPIqj6tT9t6n0HuIpKg,<USER> THIS IS A MACEDONIAN MEDIA. zuj j fool bulgaria.,negative,negative,negative,negative,0.8,negative,0.95,5,negative,1,True,5,1.0,True,True,True,True,True,
UgxEKxCJNt2_CideAJZ4AaABAg,We need the Republic of Macedonia cista alexandrova.,negative,positive,neutral,negative,0.85,positive,0.95,5,,3,False,0,0.0,False,False,False,False,False,
UgxEKxCJNt2_CideAJZ4AaABAg.9d00Fo4dbm39dBmoEB4xXt,"Whose ""Aleksandrova"", Alexander/Skanderbeg or Aleksandar Vucic.....?",neutral,negative,neutral,negative,0.8,neutral,1.0,5,neutral,2,False,3,0.6,True,False,True,False,True,"NLPTown, Gemma"
UgxCaXgelCr203xZfod4AaABAg,Dimitrov's whole life as a state feeder. There is no such thing as a working day in the private sector. It's no wonder that he is fighting tooth and nail to get into the civil service again.,negative,positive,negative,negative,0.72,negative,0.95,5,negative,2,False,4,0.8,True,False,True,True,True,NLPTown
UgxCaXgelCr203xZfod4AaABAg.9czxRYjhopR9d-XKm-qke7,"He feels that his cash flow has dried up, he is looking for a new golden vein.",negative,neutral,neutral,negative,0.8,positive,0.95,5,,3,False,0,0.0,False,False,False,False,False,
UgxCaXgelCr203xZfod4AaABAg.9czxRYjhopR9d-tt9_Wpmz,"What do you care about him, he was a Nazi. Look at Olaf Schultz and Asen Vasilev.",negative,negative,negative,negative,0.8,negative,0.95,5,negative,1,True,5,1.0,True,True,True,True,True,
UgzaeJnz9UXfInp7O3x4AaABAg,"there is a Greek proverb that says ""kathe embodio sto kalo"" - Every hindrance to good.",neutral,negative,neutral,neutral,0.7,neutral,0.85,5,neutral,2,False,4,0.8,True,False,True,True,True,NLPTown
UgzaeJnz9UXfInp7O3x4AaABAg.9dEWzycCRF79dEo5fYV61c,"They are obviously wrong about evolution, if it's a fact why Bulgarians still don't have brains.",negative,negative,negative,negative,0.8,negative,0.95,5,negative,1,True,5,1.0,True,True,True,True,True,
UgxqrZZ9H3qHPou1eRF4AaABAg,They invite the traitor to television again,negative,positive,negative,negative,0.7,negative,0.95,5,negative,2,False,4,0.8,True,False,True,True,True,NLPTown
UgxYaEacFUneaoWyeUB4AaABAg,is this traitor still walking free to return the money he took for his daughter and just kidding we shouldn't watch him on tv,negative,negative,negative,negative,0.8,negative,0.95,5,negative,1,True,5,1.0,True,True,True,True,True,
Ugw-MO-8Z1ppXY2mtJ94AaABAg,"If someone has trouble, write to me, I'll clarify",neutral,neutral,neutral,neutral,0.7,positive,0.95,5,neutral,2,False,4,0.8,True,True,True,True,False,Llama
UgxYaOQcC6YTtzPI8ix4AaABAg,The Bulgarian president insulted Tito - the father of the Macedonian people!,negative,negative,negative,negative,0.8,negative,0.9,5,negative,1,True,5,1.0,True,True,True,True,True,
UgxYaOQcC6YTtzPI8ix4AaABAg.9d-0eNlbKsM9rgJ96JeG-N,Bulgarian father - ox.,neutral,positive,neutral,negative,0.8,negative,0.95,5,,3,False,0,0.0,False,False,False,False,False,
UgyFsyij1FKT2ohpb_l4AaABAg,Neni we need EU.,negative,negative,neutral,positive,0.85,negative,0.9,5,negative,3,False,3,0.6,True,True,False,False,True,"BERTweet, Gemma"
UgyFsyij1FKT2ohpb_l4AaABAg.9d009g0YsEU9dBn8A421FQ,The EU doesn't need you either.,negative,negative,negative,negative,0.7,negative,1.0,5,negative,1,True,5,1.0,True,True,True,True,True,
UgyFsyij1FKT2ohpb_l4AaABAg.9d009g0YsEU9rgDAmaXAG2,<USER>-o4k... 2018 MACEDONIAN CITIZENS said no to the EU. i eu and fools j tatar kenjef.,negative,negative,negative,negative,0.8,negative,0.95,5,negative,1,True,5,1.0,True,True,True,True,True,
UgwnNwl5Gf-ebbDDdWl4AaABAg,Macedonians are not Tatarobulgars or Bulgarians,negative,negative,neutral,negative,0.75,positive,0.95,5,negative,3,False,3,0.6,True,True,False,True,False,"BERTweet, Llama"
UgwnNwl5Gf-ebbDDdWl4AaABAg.9czrZzdls3F9czsxaHKVnc,"<USER> Petrov Tatar, the basis of the artificial Bulgarian nation and the Macedonian people.",neutral,positive,neutral,negative,0.85,neutral,0.85,5,neutral,3,False,3,0.6,True,False,True,False,True,"NLPTown, Gemma"
UgwnNwl5Gf-ebbDDdWl4AaABAg.9czrZzdls3F9czwFk4vgoO,Mediocrities!!! The EU is falling apart!!?,negative,negative,negative,negative,0.8,negative,0.95,5,negative,1,True,5,1.0,True,True,True,True,True,
UgwnNwl5Gf-ebbDDdWl4AaABAg.9czrZzdls3F9d-4RA6BSPc,"<USER> there are no Macedonians, only North Macedonians - North Macedonians",neutral,negative,neutral,negative,0.8,negative,0.9,5,negative,2,False,3,0.6,False,True,False,True,True,"CardiffNLP, BERTweet"
UgwnNwl5Gf-ebbDDdWl4AaABAg.9czrZzdls3F9d0V7TGA-Ni,"Macedonia is just a territory and that is why it is now called North Macedonia. And Macedonians as a nation do not exist, that's why Greece changed its name.",neutral,negative,neutral,negative,0.75,negative,0.95,5,negative,2,False,3,0.6,False,True,False,True,True,"CardiffNLP, BERTweet"
UgwnNwl5Gf-ebbDDdWl4AaABAg.9czrZzdls3F9d6miGuxZrQ,But... but... you are Serbo-Albanians.,negative,neutral,negative,negative,0.8,negative,0.95,5,negative,2,False,4,0.8,True,False,True,True,True,NLPTown
UgwnNwl5Gf-ebbDDdWl4AaABAg.9czrZzdls3F9dErdQRAD6L,"<USER> You should be intelligent, but you should be a Tatar, but the way you are, it is good that you are a Tatar, you will understand and learn a lesson. By definition, a Bulgarian is a person without a left and right hemisphere of the brain, that is, he is distinguished by a chronic absence of thought. The cavity in his skull is filled with a gray mass in the shape of San Stefano Bulgaria. This is an anatomical anomaly and represents a medical phenomenon. THAT'S WHY YOU TRY TO EXPLAIN TO THEM THAT THERE ARE MACEDONIANS, THEY ARE NOT PHYSICALLY CAPABLE OF UNDERSTANDING THAT, instead of explaining yourself to them, IGNORE or (SPAM) THOSE TATARS. The cream !!!!!!!!!",neutral,neutral,positive,negative,0.8,negative,0.95,5,,3,False,0,0.0,False,False,False,False,False,
UgwnNwl5Gf-ebbDDdWl4AaABAg.9czrZzdls3F9dErsZ-hG4q,"<USER>-bp7dt Mother, where are you so smart????? Read a little about yourself. About the meaning of the term BULGARIN, the Bulgarian scientist Branimir Primov writes: ""Here, to a lesser degree, what happened much earlier in France and Italy is repeated, and left the names - ""BUGARI"", ""BUGRI"", ""BUCERONE"", etc. One of the preserved words is for example - ""BUGER"". It is an old and rarely used word today. Its main meaning is - ""PEASANT"", ""Simple"", ""GRUBIJAN"", ""COVEK ZA PREZER"" etc. It is considered that this word came through the Serbo-Croatian language. It completely corresponds to the French word - ""BOUGRE"".",negative,negative,neutral,negative,0.8,negative,0.95,5,negative,2,False,4,0.8,True,True,False,True,True,BERTweet
UgwnNwl5Gf-ebbDDdWl4AaABAg.9czrZzdls3F9rgC2MrVbAO,<USER>-bp7dc'vrk@. MACEDONIAN PEOPLE HAVE EXISTED FOR 25 CENTURIES. from PHILIP KING OF MACEDONIA 4th century before this era to the present 36th century.,neutral,positive,neutral,neutral,0.8,neutral,1.0,5,neutral,2,False,4,0.8,True,False,True,True,True,NLPTown
UgxMBfqsQPHbcHDcoAt4AaABAg,Where will your soul go?,neutral,positive,neutral,negative,0.8,neutral,1.0,5,neutral,3,False,3,0.6,True,False,True,False,True,"NLPTown, Gemma"
UgxMBfqsQPHbcHDcoAt4AaABAg.9d-A3aQr1FR9d-inCrhG5B,In hell.,negative,positive,negative,negative,0.8,negative,1.0,5,negative,2,False,4,0.8,True,False,True,True,True,NLPTown
UgxMBfqsQPHbcHDcoAt4AaABAg.9d-A3aQr1FR9t6n21NsGwK,BILJANA GREETINGS and ALL THE BEST !! Tatjana,positive,positive,positive,positive,0.98,positive,0.95,5,positive,1,True,5,1.0,True,True,True,True,True,
UgyFinMrUhpLft54BG54AaABAg,"These are our Bulgarians who wrote for Bulgarian passports to go to Bulgaria to live, those are Macedonians, stay in Macedonia Aleksandrova and don't split anything Macedonian, are you clearly Bulgarians.",negative,negative,neutral,negative,0.8,negative,0.95,5,negative,2,False,4,0.8,True,True,False,True,True,BERTweet
UgyhIjZiybeeByEdU514AaABAg,"Macedonia is historically the oldest Balkan country, whoever is loyal to Macedonia is a Macedonian with a native Macedonian language... Bulgarians, who are they and where are they from, this is their problem.",negative,negative,neutral,negative,0.8,negative,0.95,5,negative,2,False,4,0.8,True,True,False,True,True,BERTweet
UgyhIjZiybeeByEdU514AaABAg.9czuaWQiV0J9d-83Lxb_Gr,"There is no Macedonia for centuries, there is Severdzhania.",neutral,negative,neutral,negative,0.85,negative,0.95,5,negative,2,False,3,0.6,False,True,False,True,True,"CardiffNLP, BERTweet"
UgyhIjZiybeeByEdU514AaABAg.9czuaWQiV0J9d-uDEMR7MO,"<USER> As long as there is one Macedonian, there will be Macedonians, and you go back to Iran, Mongolia, you better go to Ukraine to fight with your brothers, the Nazis.",negative,negative,neutral,negative,0.8,negative,0.95,5,negative,2,False,4,0.8,True,True,False,True,True,BERTweet
UgyhIjZiybeeByEdU514AaABAg.9czuaWQiV0J9d0R5b06Kum,"<USER> in Bulgaria we are 2500 000 Macedonians and we love our country. We will get our land back. Mysia, Thrace and Macedonia All parts of Bulgaria.🇧🇬",positive,positive,positive,positive,0.85,positive,0.95,5,positive,1,True,5,1.0,True,True,True,True,True,
UgyhIjZiybeeByEdU514AaABAg.9czuaWQiV0J9d0SGQrRTa8,"<USER> No no we will get our land back and it is a natural process and Aegean Macedonia and Pirin Macedonia, when then, after all we are a biblical country.",neutral,negative,neutral,positive,0.85,positive,0.95,5,,3,False,0,0.0,False,False,False,False,False,
UgyhIjZiybeeByEdU514AaABAg.9czuaWQiV0J9d1Nmd9MEoF,"<USER> Without Mission Thrace and Macedonia, Bulgaria is an empty can... If Gotse Delchev had succeeded in liberating Macedonia, would he have been a Bulgarian or would you have called him a Bulgarian traitor?",negative,negative,negative,negative,0.8,negative,0.95,5,negative,1,True,5,1.0,True,True,True,True,True,
UgyhIjZiybeeByEdU514AaABAg.9czuaWQiV0J9d1PkoRvw0A,<USER> Georgi Delchev or Delchevski? Gotse Delchev decided himself as a Bulgarian. All of his family identify themselves as Bulgarians to this day.,neutral,negative,neutral,negative,0.8,positive,0.95,5,,3,False,0,0.0,False,False,False,False,False,
UgyhIjZiybeeByEdU514AaABAg.9czuaWQiV0J9d2ANYxYmv3,"<USER> A. Hitler was Austrian, he fought in fascist Germany, who celebrates him?",neutral,negative,negative,negative,0.8,negative,0.9,5,negative,2,False,4,0.8,False,True,True,True,True,CardiffNLP
UgyhIjZiybeeByEdU514AaABAg.9czuaWQiV0J9d2hhzm9iv4,"<USER> we don't mind you celebrating it. At the end of the day, we are the same people. We have against the lies that Gotse and Samuil are also fighting against Bulgaria. We've been bothering you a lot, but it's gone. He does not lie.",negative,negative,neutral,positive,0.85,positive,0.85,5,,3,False,0,0.0,False,False,False,False,False,
UgyhIjZiybeeByEdU514AaABAg.9czuaWQiV0J9dEs_yCqLky,"<USER> Oh, the Tatar cream helped you. Ahhhhhhh. You started to admit it. So you should have learned something. You see, when you have contact with Macedonians, you are smarter. I don't know, maybe the RED MEN also did their thing??????? Let me put this to you: What is a Bulgarian doing in a Macedonian museum?.....STEALING HISTORY Don't forget the cream. Look, you've become smarter",negative,negative,positive,negative,0.8,negative,0.95,5,negative,2,False,4,0.8,True,True,False,True,True,BERTweet
UgyhIjZiybeeByEdU514AaABAg.9czuaWQiV0J9dEsugV1K4L,"<USER> Abee Tatarce, there I praised you for becoming smarter, you went to Gotse Deltsev. He tore her green. You will need a lot more cream. I see her. If there is no problem, slowly.",negative,positive,neutral,negative,0.8,negative,0.83,5,negative,3,False,3,0.6,True,False,False,True,True,"NLPTown, BERTweet"
UgyhIjZiybeeByEdU514AaABAg.9czuaWQiV0J9dYQEF-Dfgg,Macedonia is Bulgaria!,neutral,positive,neutral,negative,0.7,negative,1.0,5,,3,False,0,0.0,False,False,False,False,False,
UgyhIjZiybeeByEdU514AaABAg.9czuaWQiV0J9dYTiSPwKtZ,"<USER> You are Macedonians. You are not Slavs. The Slavs are enemy conquerors of Macedonia. Our language is Macedonian, not Slavic. Bulgaria is a territory. The western part is the ancient Macedonians. The Tatars are in the east, the Turks are in the south. Let me see, Tatar, what have you learned? Tatarce, you have started learning the Macedonian language. That is good, you will be a good Macedonian in our GREAT MACEDONIA. We have to change your name. 1. You will not be Asparuh, we will write you Alexander. TATARCE because among us Macedonians there are Christian names, from century to century. When we had Alexanders, you had ... Asparuh, and if we go back even further, you didn't even exist. When we had Philippi, you had Toktu. When we had Cyril and Methodius, you had Omurtag. ""There are no signs. Asparuh. If you are not Alexander, you can choose another Christian name. 2. Today's Bulgarian language has nothing to do with proto-Bulgarian, that is a sign that it is not the language of the Bulgarians, in fact they took the language from the Macedonian Slavs. 3. It is better to write and speak MACEDONIAN, and not some Bulgarian dialect (Bulgarian language doesn't exist, it's a borrowed Macedonian form so that you can understand each other)... 4. Are Bulgarians a white race or a yellow race? the Macedonians, although in a quite wrong way, trying to Bulgarianize everything Macedonian, and almost always without success). But it's not a problem, we will PAINT you. You'll be white like a MACEDONIAN. 5. We Macedonians must not be like the Bulgarians - not to have our own history, script, culture, customs, costumes - to steal from the neighbors (from the Macedonians) and even deny that they exist. that is absurd. 6. I WANT to be what we are - DESCENDANTS OF AN OLD BIBLICAL PEOPLE, WITH A BRIGHT AND COURAGEOUS HISTORY, PROUD OF THEIR GLORIOUS NAME, PROUD OF THEIR ANCESTORS, AND PROUD OF THEIR DESCENDANTS WHO WILL RESTORE THE GREATNESS AND DIGNITY OF THEIR FATHERLAND AND PRADEDOVINA GOLEMA MACEDONIA. If you don't learn anything from this, why are Bulgarians like dolphins? Now I can tell you a joke: I was bringing Bulgarians to Kriva Palanka. - I want a horse to stand up.",negative,negative,neutral,negative,0.6,negative,0.98,5,negative,2,False,4,0.8,True,True,False,True,True,BERTweet
UgyhIjZiybeeByEdU514AaABAg.9czuaWQiV0J9dYUSBSmNGQ,"<USER> phahaha it's Bulgaria just laughing at you. Nobody hates you, we just laugh at you. You are making up a history from all your neighbors... 😂 You are all dreaming of a Bulgarian-European passport. Garcia even took your name..laugh.. 😂😂😂",negative,negative,negative,negative,0.8,negative,0.95,5,negative,1,True,5,1.0,True,True,True,True,True,
UgyhIjZiybeeByEdU514AaABAg.9czuaWQiV0J9t6oQB1RHPW,<USER> MACEDONIA BELONGS TO THE MACEDONIAN PEOPLE.,neutral,negative,positive,positive,0.95,positive,0.95,5,positive,3,False,3,0.6,False,False,True,True,True,"CardiffNLP, NLPTown"
UgwH7PWZ9mCd-sRJ35t4AaABAg,the crying Dimitrov when he shows his father's book that denies his son's identity 😂😂,negative,negative,neutral,negative,0.8,negative,1.0,5,negative,2,False,4,0.8,True,True,False,True,True,BERTweet
UgwH7PWZ9mCd-sRJ35t4AaABAg.9czpXWxU4pQ9czxPh024NL,"Don't worry about him, look at the Nazis and I didn't interfere in Macedonia.",negative,negative,neutral,negative,0.8,neutral,0.85,5,negative,2,False,3,0.6,True,True,False,True,False,"BERTweet, Llama"
UgwH7PWZ9mCd-sRJ35t4AaABAg.9czpXWxU4pQ9d-7_PYBpzG,"Exactly! Bulgarian father and Macedonian son, tututu",neutral,positive,neutral,positive,0.85,negative,0.95,5,,3,False,0,0.0,False,False,False,False,False,
UgwH7PWZ9mCd-sRJ35t4AaABAg.9czpXWxU4pQ9d-CKt9TnP1,<USER> so come out with your name and last name and then tell me where to interfere and not to hide like Pichita in Northern Djinn 😆,neutral,positive,neutral,negative,0.8,negative,0.95,5,,3,False,0,0.0,False,False,False,False,False,
UgwH7PWZ9mCd-sRJ35t4AaABAg.9czpXWxU4pQ9d2Y4IZgg-i,"<USER> : don't eat here, eat at Kurakatsanov's.",neutral,negative,negative,negative,0.8,negative,0.9,5,negative,2,False,4,0.8,False,True,True,True,True,CardiffNLP
UgwH7PWZ9mCd-sRJ35t4AaABAg.9czpXWxU4pQ9d3cnG3GsLE,<USER> so you like to eat it at UCHK 🇦🇱 with health 😂,neutral,positive,neutral,positive,0.85,positive,0.95,5,positive,2,False,3,0.6,False,True,False,True,True,"CardiffNLP, BERTweet"
UgwH7PWZ9mCd-sRJ35t4AaABAg.9czpXWxU4pQ9dM-81AfEyO,"His father was a great Bulgarian, so was his mother.",positive,neutral,positive,positive,0.85,positive,1.0,5,positive,2,False,4,0.8,True,False,True,True,True,NLPTown
UgwH7PWZ9mCd-sRJ35t4AaABAg.9czpXWxU4pQ9rgB07_BT-L,<USER> like. earthworms and the Black Sea.,neutral,positive,neutral,positive,0.85,neutral,1.0,5,neutral,2,False,3,0.6,True,False,True,False,True,"NLPTown, Gemma"
UgwIEqNoKPxE_vBHwM94AaABAg,"The name of Macedonia is in the Bible, you can change it, because it is God's country, and everyone cares about that, but if God is watching, let him judge.",neutral,positive,positive,negative,0.8,negative,0.8,5,,3,False,0,0.0,False,False,False,False,False,
UgxF4cjg3MnP4cpz0SR4AaABAg,Macedonia was the greatest secular power in history when Alexander the Great was,positive,positive,positive,positive,0.85,positive,1.0,5,positive,1,True,5,1.0,True,True,True,True,True,
UgxF4cjg3MnP4cpz0SR4AaABAg.9d00obFYU2A9d05iZGY4HB,"Whatever Ancient Macedonia was like, you have nothing in common with her, Comintern fool:) You were created by Stalin and Tito:)",negative,negative,negative,negative,0.8,negative,0.95,5,negative,1,True,5,1.0,True,True,True,True,True,
UgxF4cjg3MnP4cpz0SR4AaABAg.9d00obFYU2A9dBmLwaqpjW,"That's right, but that Macedonia has nothing in common with North Macedonia except half of the name........!",negative,neutral,neutral,negative,0.75,negative,0.95,5,negative,2,False,3,0.6,True,False,False,True,True,"NLPTown, BERTweet"
UgxF4cjg3MnP4cpz0SR4AaABAg.9d00obFYU2A9dBmn8chvr9,"Abe, Bulgarian, forgive us, none of us are Macedonians and we will remain pure Macedonians, and you Bulgarians are divided into northern Bulgarians and half-Mrs.",negative,negative,neutral,negative,0.8,negative,0.95,5,negative,2,False,4,0.8,True,True,False,True,True,BERTweet
UgxF4cjg3MnP4cpz0SR4AaABAg.9d00obFYU2A9dEs5eRCQoX,<USER>-o4k And with Tataria there is ????,neutral,negative,neutral,negative,0.7,neutral,0.85,5,neutral,2,False,3,0.6,True,False,True,False,True,"NLPTown, Gemma"
UgxF4cjg3MnP4cpz0SR4AaABAg.9d00obFYU2A9d_bnLMVuNv,"Absolutely CRAZY! Cover yourself with wet pages from your lying propaganda and textbooks written in the ""Macedonian language""!!!!!!!",negative,negative,negative,negative,0.8,negative,0.95,5,negative,1,True,5,1.0,True,True,True,True,True,
UgxF4cjg3MnP4cpz0SR4AaABAg.9d00obFYU2A9fb8fKkjtqH,"<USER> There is Todore, there is, but you admit it after the bath and after the third brandy.......!",neutral,neutral,neutral,negative,0.8,negative,0.95,5,neutral,2,False,3,0.6,True,True,True,False,False,"Gemma, Llama"
UgzG6lNwOZ0JQNrlbJ94AaABAg,"World War II in Yugoslavia Macedonia Only 81 killed Macedonian partisans for the period 1941-1944. Final operations for the liberation of Macedonia Under the leadership of the new Bulgarian pro-Soviet government, four Bulgarian armies, 455,000 strong in total, were mobilized and reorganized. By the end of September, the Red Army 3rd Ukrainian Front troops were concentrated at the Bulgarian-Yugoslav border. In the early October 1944 three Bulgarian armies, consisting of around 340,000-man,[55] together with the Red Army reentered occupied Yugoslavia and moved from Sofia to Nis, Skopje and Pristina to block the German forces withdrawing from Greece.[56][57] In Macedonia the Bulgarians operated in conjunction with the fighters of the MNLA, but this operation did not proceed without difficulties.[58] From October 8 to November 19, the Stracin – Kumanovo operation was held and Kratovo, Kriva Palanka, Kumanovo and Skopje[59] were taken. At the same time the Bregalnica – Strumica operation was led, and the Wehrmacht was driven from the villages of Delchevo, Kočani, Stip, Strumica and Veles.[60] Southern and Eastern Serbia, Kosovo and Vardar Macedonia were liberated by the end of November.[61][62] The 3rd Ukrainian Front in collaboration with the People's Liberation Army of Yugoslavia and the Bulgarian People's Army carried out the Belgrade Offensive. The 130,000-strong Bulgarian First Army continued to Hungary, driving off the Germans, while the rest moved back to Bulgaria. On a series of maps from Army Group E, showing its withdrawal through Macedonia and Southern Serbia, as well as in the memoirs of its chief of staff, there is almost no indication of Yugoslav Partisan units, but only Bulgarian divisions. Despite these faces, the contribution of Bulgarian troops is still much debated in the Republic of Macedonia for political reasons.[63][64] <URL> War and Revolution in Yugoslavia, 1941–1945: Occupation and Collaboration, Jozo Tomasevic, Stanford University Press, 2001, ISBN 0-8047-3615-4, pp. 751–752. <URL> Casualties 1941-1945 <URL> Macedonia in the National Liberation Struggle In total, in Vardar Macedonia from 1941 to November 1944, about 24,000[1] people died, including: 7,000 Jews, 6,000 Serbs, 6,000 Macedonians, 4,000 Albanians and 1,000 Bulgarians.[2] About 3,000 ""collaborators"", ""counter-revolutionaries"" and civilian victims are included here. Jews mostly suffered in concentration camps, and about 14,000 people suffered in the struggle, of which 5,000 Macedonians. <URL> Apostolski - the army of the Patriotic Front of Bulgaria was actively involved in the final operations of the anti-fascist battle, and the Second Patriotic Front Bulgarian Army participated in the operation to liberate Skopje <URL> Svetozar Vukmanovic - Tempo Macedonia <URL> <URL> November 13, 1944 (Monday) The Bulgarian 1st Army captured Skopje. [15] The Japanese destroyers Akebono, Akishimo, Hatsuharu and Kiso were all bombed and sunk by the US. Navy aircraft in and around the Cavite Naval Yard in Manila, while the destroyer Okinawa was sunk 8 nautical miles west of the city. Japanese Submarine I-12 Was Hedgehogd and Sunk East of Hawaii by American Warships . Civil Air Service returned to London for the first time in September 1939.[5] <URL> Stone & Stone Books War Diary November 13, 1944 (Monday) Russian Front Finnish Forces Capture Inari in Northern Finland Arctic Front, June 1941 - May 1945 German Forces Withdraw from Skopje as Bulgarian 1st Army Advances Southern Flank of the Russian Front, 1944-1945 Bulgarian 1st Army captures Skopje Southern flank of the Russian Front, 1944-1945 <URL> Zaev did not speak by heart, Tito personally made a pact with the Bulgarian army for the liberation of Macedonia <URL> Stracin-Kumanovo operation <URL> Nis operation <URL> Kosovo Operation (1944) <URL> The Belgrade Offensive or the Belgrade Strategic Offensive Operation (Serbian: Београдска опереция / Београдска опереция; Russian: Белоградская стратегическая наспательная опереция, Белоградская стратегическая наспательная опереция) (September 15, 1944 – November 24, 1944)[6] was a military operation during World War II in Yugoslavia in which Belgrade was liberated from the German Wehrmacht through the joint effort of the Soviet Red Army, Yugoslav Partisans, and the Bulgarian Army.[7] <URL> bulgarian army world war 2 <URL> <URL> In the last week of October the Russians and Bulgarians made strong bids to take Kraljevo and Skopje. Having the troops to spare and the railroad, Loehr could meet the challenge, if in both places none too soon. On November 2, Army Group E stopped the Russians at Kraljevo and in the next several days halted the Bulgarians east of Skopje. The success of the withdrawal through Macedonia was then assured. 31 North of Skopje the army group would have to weather onto poorer roads, but it would be compared to the almost certain disaster of a winter march through the coastal mountains. Again Veitch's chief handicap was his own earlier indecision; he had potential reserves but no prospect of bringing them to bear in time. Army Group E's withdrawal had gone without a hitch through mid-November. Then, on the 18th, the Bulgarian Second Army had opened a strong attack north of Skopje. Again Veitch's chief handicap was his own earlier indecision; he had potential reserves but no prospect of bringing them to bear in time. Army Group E's withdrawal had gone without a hitch through mid-November. Then, on the 18th, the Bulgarian Second Army had opened a strong attack north of Skopje. The next day Balkan Air Force bombers had destroyed the Drina bridge at Visegrad, backing up truck and troop columns eighty five miles east to Kraljevo. In Albania strong partisan unit hemmed KSKSI Mountain Corps in on all sides as it tried to join the retreat. Army Group E had to put back into its own front some of the troops it had intended to release, and the rest were stalled in central Yugoslavia 200 miles and more from where they could do another year. <URL> Tito, Mikhailovich, and the Allies, 1941-1945 By Walter R. Roberts The Macedonian Partisans were not very numerous or active either. The majority of Macedonians apparently did not consider themselves ethnically Serbs but Bulgarians and, whether Communist or not, wanted to be united with their brothers.. . <URL>",neutral,negative,neutral,neutral,0.67,neutral,0.93,5,neutral,2,False,4,0.8,True,False,True,True,True,NLPTown
UgzG6lNwOZ0JQNrlbJ94AaABAg.9d7taRNy2XP9dLqeMZ0RI4,"Macedonian people gave 26 thousand victims, and in 1945 there were 120,000 partisans, stop talking nonsense, and enough with those Bulgarian theses, let me remind you that Gjorgi Dimitrov recognized the Macedonian nation at the head of the Comintern in 1923-1924, and in 48 again this time at the head of Bulgaria.",negative,negative,negative,negative,0.8,negative,0.95,5,negative,1,True,5,1.0,True,True,True,True,True,
Ugwgl6K0NfXK-18ebb94AaABAg,"When they lie, they believe themselves. Two of my relatives participated in the 1903 uprising.",negative,negative,neutral,negative,0.75,negative,0.95,5,negative,2,False,4,0.8,True,True,False,True,True,BERTweet
Ugwgl6K0NfXK-18ebb94AaABAg.9dBN8GD1W5r9dWasc30vb1,Hahahahahahahaha,neutral,negative,positive,negative,0.8,positive,0.95,5,,3,False,0,0.0,False,False,False,False,False,
Ugwgl6K0NfXK-18ebb94AaABAg.9dBN8GD1W5r9d_c6gIRNdP,<USER> Go see a psychiatrist,negative,negative,neutral,negative,0.8,negative,1.0,5,negative,2,False,4,0.8,True,True,False,True,True,BERTweet
Ugwgl6K0NfXK-18ebb94AaABAg.9dBN8GD1W5r9e9rWz8imfJ,So come to us if you want to participate a little,neutral,neutral,neutral,neutral,0.7,neutral,0.85,5,neutral,1,True,5,1.0,True,True,True,True,True,
Ugwa2VB7J3s91aO8GFF4AaABAg,Viktor Kanzurov to become the chairman of RSM,neutral,positive,neutral,negative,0.7,neutral,1.0,5,neutral,3,False,3,0.6,True,False,True,False,True,"NLPTown, Gemma"
Ugwa2VB7J3s91aO8GFF4AaABAg.9d-EogXi3i_9dEtYK4KSAu,"Who is she? I don't remember. And what is RSM? There is no problem. In our country, minorities can also be presidents of the Handball Union of Great Macedonia. Are Bulgarians a white or yellow race? As far as I know, the pro-Bulgarians are a yellow race, and today's ones don't beat me at all, it seems the red ones have done their thing. Hey, I always tell the Bulgarians this with the two red ones, but they don't understand... they are so stupid.",negative,negative,neutral,negative,0.72,negative,0.95,5,negative,2,False,4,0.8,True,True,False,True,True,BERTweet
Ugx28kH_PPvxH5WVm894AaABAg,"outside the ""anthropological Martians"" from the assembly and government",neutral,negative,neutral,negative,0.8,negative,0.95,5,negative,2,False,3,0.6,False,True,False,True,True,"CardiffNLP, BERTweet"
Ugx28kH_PPvxH5WVm894AaABAg.9d-F166p28o9d3oGXkjUFQ,"You Tatar are not mine, but you haven't learned anything. You were and remain Fascist Tatar opinzari. You will remain like that, nothing will help you. Hitler tried to make you literate and he formed the Bulgarian Anti-Tank Brigade SS Troop (1st Bulgarian). It was a tooth. Try and Stalin again tooth. Nothing is helping you. All the time you are fighting to erase the words Fascist Bulgaria, the Fascist Kingdom Bulgaria, Bulgarian deportation of Jews ... Let's help you. It would look like this: Fascist Mars (Fascist Bulgaria), Fascist Kingdom of Mars (so-called Fascist Bulgarian Kingdom), instead of Bulgarian deportation of Jews we will write: Organized tourist trip to the Treblinka camp in Poland by Fascist Mars ... Signs of Mars (I'm not calling you more with your name Tatar), forget Macedonia because we Macedonians don't want to hear your name and not to see you. You Martians are for us like something like a nuisance, a mosquito that buzzes in a hot summer night but it's a pain to get up and knock it off the wall so we say let it buzz, who the hell.",negative,negative,negative,negative,0.8,negative,0.95,5,negative,1,True,5,1.0,True,True,True,True,True,
Ugx28kH_PPvxH5WVm894AaABAg.9d-F166p28o9xtYJ7qyItt,in MACEDONIA -- PEOPLE. another tsountrj - junc.,negative,negative,neutral,negative,0.8,negative,0.95,5,negative,2,False,4,0.8,True,True,False,True,True,BERTweet
UgzojfZui6PSPlEfDd14AaABAg,Checkmate 🤣🤣🤣🇧🇬🇧🇬🇧🇬,neutral,positive,neutral,negative,0.8,positive,0.95,5,,3,False,0,0.0,False,False,False,False,False,
UgzojfZui6PSPlEfDd14AaABAg.9czwktBT4LS9czxpJ-FMiT,"After checkmate there is another match, and after Nazism there is only bad and bad.",negative,neutral,negative,negative,0.8,negative,1.0,5,negative,2,False,4,0.8,True,False,True,True,True,NLPTown
UgzojfZui6PSPlEfDd14AaABAg.9czwktBT4LS9czyXk2mGgT,"<USER> Who is the prime minister and who is the president of the centuries-old North Macedonia in 1960 and who ruled North Macedonia in 1750. And can you tell me who wrote the North Macedonian language for you, when and where, I'm sure you know North Macedonian.",neutral,positive,neutral,neutral,0.75,neutral,1.0,5,neutral,2,False,4,0.8,True,False,True,True,True,NLPTown
UgzojfZui6PSPlEfDd14AaABAg.9czwktBT4LS9czyi1Lb9cz,"<USER> I find North Macedonian nationalists like you very funny, where they don't know their history but their mouths are big.",positive,neutral,negative,negative,0.8,negative,0.95,5,negative,3,False,3,0.6,False,False,True,True,True,"CardiffNLP, NLPTown"
UgzojfZui6PSPlEfDd14AaABAg.9czwktBT4LS9czzK43OZLK,"<USER> Don't you have Internet? Google Tsar Samuel in English and see what Wikipedia says about Tsar Samuel. Just write in English and Gotse Delchev and see what is written there, if you want to know the truth, of course.",neutral,negative,neutral,negative,0.8,negative,0.95,5,negative,2,False,3,0.6,False,True,False,True,True,"CardiffNLP, BERTweet"
UgzojfZui6PSPlEfDd14AaABAg.9czwktBT4LS9d--5AnGm73,"<USER> I have grandparents, great-grandparents and great-grandparents, I have a national memory and what I have is for me. Google belongs to the Nazis, to which you also belong. I live in the truth, in honor, pride and dignity, the Sun and Jesus are my guides, and yours are the collective West and the fascists.",positive,positive,neutral,negative,0.8,negative,0.95,5,,3,False,0,0.0,False,False,False,False,False,
UgzojfZui6PSPlEfDd14AaABAg.9czwktBT4LS9d-2Pj6Z1cf,"<USER> I didn't understand, did your grandmother, grandfather and great-grandmother govern North Macedonia 🤣🤣🤣. I don't know exactly where on which planet your grandmothers and great-grandmothers lived, but mine are from Kocani, and personally, if my grandmother was alive, she would have cut your pumpkin for calling her a fascist. You mean that people like me, who have roots from Kocani, are fascists 🤣 Get an education as soon as you pretend to be a North Macedonian nationalist, at least learn history, it shouldn't be difficult for you, it's only two pages long.",negative,positive,negative,negative,0.8,negative,0.95,5,negative,2,False,4,0.8,True,False,True,True,True,NLPTown
UgzojfZui6PSPlEfDd14AaABAg.9czwktBT4LS9d1Hs-xpffO,"<USER> keep quiet Western Bulgaria, you will eat us very soon and you will be at the front of the line for white sweets 🤣🇧🇬🇧🇬🇧🇬",negative,positive,neutral,negative,0.8,negative,0.95,5,negative,3,False,3,0.6,True,False,False,True,True,"NLPTown, BERTweet"
UgzojfZui6PSPlEfDd14AaABAg.9czwktBT4LS9d8W2zBShL1,"The North Macedonian Dimitrov is a total liar. We have long recognized the current situation in the RSM, but we will never agree with the North Macedonian interpretations of historical facts. Besides, there is no Macedonian language, and the North Macedonian language, which we have indirectly recognized.",negative,negative,negative,negative,0.8,negative,0.95,5,negative,1,True,5,1.0,True,True,True,True,True,
UgzojfZui6PSPlEfDd14AaABAg.9czwktBT4LS9dEpbqWLbQz,"<USER> Hey Tatars NEW ???Tatars say that you had a very good time in the EU and you liked it a lot. Here is the text, so read it yourself: You are for the European Union, but the Ukrainian people are not yet ready for same-sex marriages. Give us some time, we try our best to change. Ask the Bulgarians, they have adapted well. Eeeee it was very nice of you.. If you enjoy yourself. You know Tatarce And I thanked you on your behalf and said the following:. Asked from Bulgaria, you know they're a bit stupid, but they say it's great, more than they expected, but that's why they're buying the cream new. So you have an invitation to join them. So you're in the EU, aren't you? de. Ha ha ha",negative,negative,positive,negative,0.5,negative,0.83,5,negative,2,False,4,0.8,True,True,False,True,True,BERTweet
UgzojfZui6PSPlEfDd14AaABAg.9czwktBT4LS9dEqV-0BUFr,"<USER> Tatarce, did you come up with this yourself or did someone tell you?????",neutral,negative,neutral,negative,0.8,negative,0.95,5,negative,2,False,3,0.6,False,True,False,True,True,"CardiffNLP, BERTweet"
UgzojfZui6PSPlEfDd14AaABAg.9czwktBT4LS9dEqdXB-nmG,"<USER> If you have internet, Tatar, check this out. Tatar, slowly start to become aware, learn to write and speak MACEDONIAN, and not some Bulgarian dialect (Bulgarian language does not exist, it is a borrowed Slavic-Macedonian form so that you can understand each other there)... and go back to Matica. Macedonia. I mean spiritually, nationally. otherwise you sit there, who defends you. Of course, the Macedonian sun shines above Sofia (and you stole the name from the Greeks). This text by the Minister of Foreign Affairs of Bulgaria, Mrs. Zaharieva, causes both laughter and pity. However, as a former minister of justice, and now of foreign affairs, (until the election of a new government), she had the opportunity to stabilize herself in her thoughts, almost her entire professional life, and in state nurseries. It is surprising how angry even such high officials are, in history and especially in their own. Or maybe she is right, who knows, she says that the Bulgarians are actually Turks, who were baptized by the Russians? holds water, however, they themselves present evidence that they are of Turkish origin. Maybe that's why they strive so much towards the ideal - Macedonia. For them, Macedonians are a white race, a race of pure people, that's why they want to identify themselves with Macedonians, although in a quite wrong way, trying to Bulgarianize everything Macedonian, and almost always without success. TATARS, because among us Macedonians, there are Christian names, from century to century. When we had Alexanders, you had ... Asparuh, and if we go back even further, you didn't even exist. When we had Philippi, you had Toktu. When we had Cyril and Methodius, you had Omurtag. ""Do you know why, no, but that's why your minister Zaharieva (minister in attendance) gives you the answer,"" Bulgarians were forcibly baptized Turks after 1878. AMAN, what is Zaharieva saying? Well, you Tatars will turn out to be Turks (provided that they love you). Well, this sentence is correct: Bez bulgarlar Mongol prvladindarin. West Turko-Tatar kabilılıları lıf çeşilıp dinsin kabilılar. There is no doubt about the origin of the Bulgarians that it is Asian, even if I think that the Macedonians, Serbians, Russians and Turks had a hand in it. By God, you Bulgarians are pure MELTS. That's why you Bulgarians want to identify with the Macedonians. The Macedonians are a white race, a race of pure people. An older people than the Bulgarians. That's why the Bulgarians who desperately tried to cover it up, to present themselves as a people of European origin - precisely using the Macedonian people as an alibi, as a curtain. Officially in Bulgaria, it is taught that today's Bulgarians are a mixture of 52 ethnic groups. Today's Bulgarian language has nothing to do with proto-Bulgarian, which is a sign that it is not the language of the Bulgarians, in fact they took the language from the Macedonian Slavs. They are a mixture of 52 ethnicities and have a crisis in their false identity, and the language is in no case Bulgarian, on the contrary, it is Macedonian. Find yourself as you are quite angry. If you are Macedonians, we will accept you as our Macedonian children. Now I understand why the Bulgarians: were, are and will be so obsessed with Macedonians?",neutral,negative,neutral,negative,0.67,negative,0.95,5,negative,2,False,3,0.6,False,True,False,True,True,"CardiffNLP, BERTweet"
UgzojfZui6PSPlEfDd14AaABAg.9czwktBT4LS9dErCD-w6v4,"<USER> username If the Bulgarians dreamed that the egg came from them, and the coconut from it, or if the Bulgarians dreamed that so, they decided that the Macedonians are Bulgarians, that is only their dream. but not the Macedonians, they found themselves in the Bulgarian dream, by chance, without knowledge... Macedonians do not know about such ""ancestors"" as the Bulgarians. The Bulgarians start from eastern Iran to the Pamirs and India.. Their brightest history - their rulers - with Turkish-Mongolian Tatar names.. hmm..? Macedonians do NOT have such names, nor do they understand what they are, Asparuh, Omurtag, Kubrat... only the Mongols know that. and the Bulgarians. they are theirs.? Bulgarians with their history go from west to east... maybe you will come to the Chinese-Japanese coast, they will not be able to be ""searched"" further unless they have an origin from - the fish in the Pacific Abe Tatarce, the fact about evolution is inaccurate. You Tatars are the proof. If you were intelligent, you would understand them and learn a lesson.",neutral,negative,neutral,negative,0.8,negative,0.95,5,negative,2,False,3,0.6,False,True,False,True,True,"CardiffNLP, BERTweet"
UgzojfZui6PSPlEfDd14AaABAg.9czwktBT4LS9dF_soXmSab,<USER> Todor Zhivkov told me the shiptarche.,neutral,negative,neutral,negative,0.8,negative,0.95,5,negative,2,False,3,0.6,False,True,False,True,True,"CardiffNLP, BERTweet"
UgzojfZui6PSPlEfDd14AaABAg.9czwktBT4LS9rgCSfNMWfj,<USER> sip. and green and blue. by Todor vc.,neutral,positive,neutral,neutral,0.78,neutral,1.0,5,neutral,2,False,4,0.8,True,False,True,True,True,NLPTown
UgxGjAHSYjwsrfibalV4AaABAg,This Prespa signee is a tough careerist! He says that his father's books are total nonsense!,negative,negative,neutral,negative,0.75,negative,0.95,5,negative,2,False,4,0.8,True,True,False,True,True,BERTweet
UgxGjAHSYjwsrfibalV4AaABAg.9d--pOFvk829d6qW4ujrxM,"For the Bulgarians, all the rights of the minorities according to the EU. Who does not want out of the Republic of Macedonia. THAT IS THE REAL MACEDONIA.=VARDAR + AEGEAN + PYRINE. The Bulgarian Tatars outside the Macedonian territories. LONG LIVE MACEDONIA.",negative,positive,positive,positive,0.82,positive,0.95,5,positive,2,False,4,0.8,False,True,True,True,True,CardiffNLP
UgxGjAHSYjwsrfibalV4AaABAg.9d--pOFvk829e9rlakQdGl,"What kind of modified is it for you, Tatarce? This one is called in Macedonian",neutral,negative,neutral,negative,0.75,neutral,0.85,5,neutral,2,False,3,0.6,True,False,True,False,True,"NLPTown, Gemma"
UgxGjAHSYjwsrfibalV4AaABAg.9d--pOFvk829eA7R4Wfd3R,"<USER> It is written with ""j"" according to Karadzic's alphabet, dear Serb!",neutral,negative,neutral,negative,0.8,positive,0.95,5,,3,False,0,0.0,False,False,False,False,False,
Ugxu3IMTdujRHeQhKyN4AaABAg,And Nikola Osmani and Bujar Dimitrov could shoot.,neutral,positive,neutral,negative,0.8,negative,1.0,5,,3,False,0,0.0,False,False,False,False,False,
Ugxu3IMTdujRHeQhKyN4AaABAg.9czn3ViZC_69czy7iSW833,"What's up, look at Mongolia, we don't blame the other Bulgarians who are Macedonians, and you Nazis sit in Ukraine.",negative,negative,negative,negative,0.8,negative,0.95,5,negative,1,True,5,1.0,True,True,True,True,True,
Ugxu3IMTdujRHeQhKyN4AaABAg.9czn3ViZC_69czyqlAKDp9,"<USER> Go to Mongolia, see Mongolians. In RSM, we see apostates, afraid for your life! Everything is afraid in this world.",negative,negative,negative,negative,0.8,negative,0.95,5,negative,1,True,5,1.0,True,True,True,True,True,
Ugxu3IMTdujRHeQhKyN4AaABAg.9czn3ViZC_69d1T9gA_hiu,"Двете страни да подготват и презентираат примероци од лекции врз основа на препораките на Комисијата, за кои Комисијата постигна согласност приложени кон Протоколот на следниот состанок на Мешовитата меѓувладина комисија според член 12 од Договорот за пријателство, добрососедство и соработка и да ги вклучи во иднина.на соодветните наставни програми, учебници и други релевантни наставни материјали, натписи на табли, историски монументи, споменици и информативни материјали во музеи и други локации од образовно и културно значење, како и во електронски информативни досиеја на јавен имот. Тоа знаци дека ние требе да прифатиме промена на Историјата да го избрисиме следното: Депортацијата на Евреите од Македонија претставува настан од Втората светска војна организиран од владите на фашистичка Бугарија и нацистичка Германија, со цел систематска елиминација на еврејското население од т.н. „новоослободени територии“ од страна на бугарската власт. Во јули 1940 година Бугарија започнува со донесување на антисемитски закони.[5] Во јануари 1941 година го донесува „Закон за заштита на нацијата“.[5] Во 1 март 1941 година Бугарија станува сојузник на Силите на оската.[5][10] Депортацијата на Евреите од Македонија претставува дел од депортација на Евреите од сите „новоослободени територии“ (Вардарска Македонија, Егејска Македонија).Ликвидирањето на Евреите од Македонија било резултат на договор меѓу нацистичка Германија и Царството Бугарија. Од името на двете држави на 2 февруари 1943 година договорот го потпишале Адолф Бекерле, (германски полномошен министер во Бугарија) и Петар Габровски, бугарски министер за внатрешни работи.[6][13] .За бројот на депортираните Евреи постојат различни податоци во бугарските официјални списоци. Постојат две групи оригинални списоци за македонските Евреи направени во самиот логор непосредно пред депортацијата; бугарски, според кој во логорот во Скопје се наоѓале 1702 семејства со 7056 членови, и германски, според кои во логорот се наоѓале 1828 семејства со 7162 членови – со основни податоци. Во тајното писмо од 18 март 1943 година од А. Вите, германски конзул во Скопје, испратено до Министерството за надворешни работи во Берлин, се наведува дека се депортирани 7240 Евреи.[2] .Сите Евреи од Македонија биле депортирани во логорот Треблинка во Полска, каде што биле задушени во гасни комори. Од Треблинка не се вратил никој. Сто це биде со злоцините изврсени од страна на Фасистицка Бугарија на територијата на Вардарска и Пиринска (Се усте е под окупација на Фасистицка Бугарија каде се врси присилна асимилација на Македонците ,за кој постојат пресуди од Хаг који Фасистицка Бугарија не ги спроведува )Македомија. Масакр во Ваташа — крвав настан кој се случил на 16 јуни 1943 година[1] кога биле стрелани 12 младинци од селото Ваташа во близина на Моклиште кај месноста „Чаир“, на 2 км оддалеченост од Ваташа. Колежот го извршила бугарската војска и полициски одреди на чело со капетан Борис Жеглов, поручник Борис Костов и подофицер Петко Опреков под команда на полковник Љубен Апостолов, командант на 56. Велешки пешадиски полк од Петтата бугарска армија. Сестрата на Блаже Ицев, Нада Ицева (Јанева), го памти денот кога го уапсиле нејзиниот брат. Не насетувале, каков крвнички чин ќе се случи истиот ден. Блаже (17 г.) и сестра му Ката (15 г.), работеле домашни работи, кога биле одведени во селската меана на Васил Хаџи Јорданов. Таму ги затекнале и останатите младинци, каде почнало крвничкото тепање од страна на полицискиот заменик-началник Петко Опреков, поручникот Борис Костов и двајца бугарски агенти.[4] Еден од стреланите пред да умре, успеал да изусти „Стрелајте кучиња, но нашата идеја нема да умре!“ . The four girls who were also arrested—Mara Haji Jordanova, Steva Ampova, Pavlina Kasapinova, and Kata Iceva—were taken aside.[6] Police Chief Petko Oprekov opposed Lieutenant Kostov when he wanted to kill the girls, and Captain Boris Zheglov supported Oprekov, so they were saved.[7] The twelve murdered youths from the village are:[9] Name and Surname Age Pero Videv 15 Vancho Gurev 19 Danko Davkov 18 Ilija Dimov 18 Risto Gjondev 18 Blaze Itcev 20 Pane Meshkov 18 Gerasim Matakov 18 Fercho Popgyorjiev 26 Vaso Hajijordanov 28 Dime Chekov 20 Pane Dzhunov 18 Zar someone has the right to forget them. Who is the one who will change the sign on which it is clearly written that they were shot by the Fascist Bulgarian occupier. Imagine now what it would look like. We should delete the words Fascist Bulgaria, Fascist Empire Bulgaria, Bulgarian deportation of Jews ... It would look like this: Fascist Mars, Fascist Empire Mars, instead of Bulgarian deportation of Jews we will write: Organized tourist excursion to the Treblinka camp in Poland by Fascist Mars ... But one hundred will answer R. Macedonia of Israel. How will he delete this data from the Archives of Germany, Yugoslavia, Bulgaria, the Russian Archive, the Archive of Israel... Will there be an end to the demands of Tatar Fascist Bulgaria now. Now with the blessing of the European Union. But they should marry one thing. I will use the sentence of one of the shot >Block dogs as long as you want, but our Macedonia existed and will be called Fascist Bulgaria. Any treacherous government of Macedonia that accepts only part of the Tatar demands will get the place it deserves, that is the place of the Buniste. That is why there is no need for any further negotiations with Fascist Bulgaria.",neutral,positive,neutral,neutral,0.48,negative,0.94,5,neutral,3,False,3,0.6,True,False,True,True,False,"NLPTown, Llama"
Ugxu3IMTdujRHeQhKyN4AaABAg.9czn3ViZC_69d1VrDLTO8N,"<USER> You look like you are of Serbian origin/the Serbian word gives you away. In the Macedonian language, it is a crime, as in Bulgarian/. The territory of the Vardar Banovina was not given to Bulgaria by an international agreement. Hitler verbally ordered that it be handed over to be administered by the Bulgarians, in order to free German armies for the war with the USSR. So Germany rules there and decides all the main issues ask. They allow Bulgarian citizenship to be given, only to Bulgarians by nationality. That's why the Jews don't allow Bulgarian citizens to save them. The local authorities are mainly composed of local people. 5 army and police are 75% local people. People were killed for ideological reasons/communists/. The names of the OV/communists are imposed by SKI after 1945. In Bulgaria, December 1943, 18 people were killed, including 6 children/aged 6 to 13, in the village of Jastrebino/Targovište/. They were Bulgarians, but they were considered communists and helpers of the partisans.",negative,negative,negative,negative,0.8,negative,0.95,5,negative,1,True,5,1.0,True,True,True,True,True,
Ugxu3IMTdujRHeQhKyN4AaABAg.9czn3ViZC_69t6qVbX7ax7,Bulgarians stole Pirin Macedonia. Greeks stole Aegean. agreement 1913 says: Bulgaria of MACEDONIA vrak'a Pirinska Macedonia. Greece of MACEDONIA vrak'a Aegean Macedonia.,neutral,negative,neutral,negative,0.75,negative,1.0,5,negative,2,False,3,0.6,False,True,False,True,True,"CardiffNLP, BERTweet"
UgxNp30NcY3Blya_PFt4AaABAg,"Bashi's birthday is 1945, that's the truth",neutral,positive,neutral,neutral,0.75,positive,0.95,5,neutral,2,False,3,0.6,True,False,True,True,False,"NLPTown, Llama"
UgxNp30NcY3Blya_PFt4AaABAg.9d5hsNcQ3nk9d5x_JmrYWX,"Greetings, then the Macedonian state was formed, the Macedonian people lived before that without an organized state, and had territory, language, culture...",neutral,negative,neutral,neutral,0.7,neutral,0.95,5,neutral,2,False,4,0.8,True,False,True,True,True,NLPTown
UgxNp30NcY3Blya_PFt4AaABAg.9d5hsNcQ3nk9d5xlqbF6SZ,Is it so difficult to understand that a nation has its own history without an internationally recognized and organized state...,negative,negative,negative,neutral,0.7,neutral,0.85,5,negative,2,False,3,0.6,True,True,True,False,False,"Gemma, Llama"
UgxNp30NcY3Blya_PFt4AaABAg.9d5hsNcQ3nk9d6eKFMFm_8,"Greetings, We together, as one nation, even together with Albanians, after all, Turks, Garians and Serbs are fighting for a free Macedonia, are we 250,000 victims. About the language: still under Turkish, I fight together for an independent church and worship in BALGARIAN. Ohrid is the center of the Bulgarian Archdiocese, in Ohrid there is one of the Bulgarian literary schools. King Samuil in Ohrid is the Bulgarian king. My grandfather is from Macedonia, my other grandfather is from Thrace. History is alive and it is one. If you want to learn it and you don't believe in a Bulgarian book, read English, Arabic, even Turkish documents and books. There is no Macedonian comita who has been with the Turks for the Macedonian language. Today's Macedonia is divided between Tito and the Comintern. You have everything now since the beginning of 1945. Before that we fought together as one nation of Thracians, Macedonians, Mysians, Shopians, Dobrudzians, for the freedom of Macedonia........ Now you are together with the Albanians, I wish you success.",neutral,positive,positive,neutral,0.68,neutral,0.68,5,neutral,2,False,3,0.6,True,False,False,True,True,"NLPTown, BERTweet"
UgxNp30NcY3Blya_PFt4AaABAg.9d5hsNcQ3nk9d6zljA-yTN,"<USER>-cv3jk Greetings, you have an ambassador and an embassy in Macedonia that surely knows the truth because they are here in Macedonia, we are neighbors and you can easily see the truth, why don't you want to see the truth that we Macedonians are a special people and have nothing to do with you Bulgarians, and that is the reality, whether anyone likes it is another matter. Who cares about history so much, why are you stuck in the past... With your behavior you are just doing enemies from Macedonia and the Macedonians, and you make us have an even more repulsive attitude towards you. What person would like another who does not respect him, insults him, does not recognize his basic human rights...",neutral,positive,neutral,negative,0.8,negative,0.95,5,,3,False,0,0.0,False,False,False,False,False,
UgxNp30NcY3Blya_PFt4AaABAg.9d5hsNcQ3nk9d7-aBP7KYu,"One basic question, which is more important and truer, the present or the past. The present is that Macedonia has been a state for 80 years with the Macedonian people with their own language, culture, tradition, mentality. You want us to go back 100 years so you can be satisfied, isn't that inhumane, inhumane and it must be said unreasonable. Life is change, evolution, the Macedonian people had the misfortune of not having their own state. before 1945 and therefore the territory was divided and taken away by two neighbors who, by denying the Macedonians, want to clear their conscience and rehabilitate themselves for what was done in the past.",neutral,neutral,neutral,negative,0.83,negative,0.92,5,neutral,2,False,3,0.6,True,True,True,False,False,"Gemma, Llama"
UgxNp30NcY3Blya_PFt4AaABAg.9d5hsNcQ3nk9d70dVhLXRx,"In the last century, Macedonian committees fought with the Turks for the liberation of Macedonia, and then Macedonian partisans against German Nazis for the liberation of Macedonia... That's all that matters... Who will look at what happened a thousand years ago... Who cares about such a distant past to research, and who can say what exactly happened... Well, here today you do not recognize a simple truth and reality about Macedonia and the Macedonian people, so we will talk about thousands of years ago in the past, really it is completely irrelevant. I can only say to you, leave the past and history behind, for your sake and ours..",negative,positive,neutral,negative,0.72,negative,0.83,5,negative,3,False,3,0.6,True,False,False,True,True,"NLPTown, BERTweet"
UgxNp30NcY3Blya_PFt4AaABAg.9d5hsNcQ3nk9d718dQP7zN,"Otherwise, as regards relations between Macedonia and Bulgaria and between Macedonians and Bulgarians, I personally want to have nice and close relations, but you are really ruining all chances for that with unrealistic unfounded demands, submissions and denials.",negative,negative,negative,negative,0.72,negative,0.92,5,negative,1,True,5,1.0,True,True,True,True,True,
UgxNp30NcY3Blya_PFt4AaABAg.9d5hsNcQ3nk9d90NavB8Du,"After all, what kind of Nazis did you fight? If the Germans had decided to treat you like Jews, now there would only be Albanians in Macedonia. Save for the fact that there were Bulgarians there. Don't read Serbian books, I told you. So far, Bulgaria has only helped, in gratitude it receives exemptions. You have many sins to pay for...",negative,negative,negative,negative,0.8,negative,0.95,5,negative,1,True,5,1.0,True,True,True,True,True,
UgxNp30NcY3Blya_PFt4AaABAg.9d5hsNcQ3nk9d91uSv9Vpb,"<USER> Are you normal? You should not steal Bulgarian history, you are a Serbian bastard. I told you, you are the way you are since 1945. Great grandfather told you differently back in the day....you say fuck my grandfather........I lived in the present....like a dog",negative,negative,negative,negative,0.8,negative,0.95,5,negative,1,True,5,1.0,True,True,True,True,True,
UgxNp30NcY3Blya_PFt4AaABAg.9d5hsNcQ3nk9dBpJDBF7Zi,"<USER> Vladko, you are a smart boy, I see, there is Internet, there are libraries and archives in Skopje, read a little, where there is a story, read also Kraste Misirkov, but everything he wrote and not only what they write in your reading books after the works of Laže Risteski and then let's argue.......",neutral,positive,positive,negative,0.8,negative,0.83,5,,3,False,0,0.0,False,False,False,False,False,
UgxNp30NcY3Blya_PFt4AaABAg.9d5hsNcQ3nk9dBrdxLr8hb,"<USER>-o4k Greetings, can we leave history as one question, and the present as another question, which is clearly decisive. Today, for 80 years there has been a Macedonian state, Macedonian people, Macedonian language, ... Here's what we should do today ... Why ask a question about today, which is reality. History, such as it is, has led to the creation of everything I listed there, and life is development, evolution, today we have a clear Macedonian nation and language...",neutral,positive,neutral,positive,0.82,positive,0.95,5,positive,2,False,3,0.6,False,True,False,True,True,"CardiffNLP, BERTweet"
UgxNp30NcY3Blya_PFt4AaABAg.9d5hsNcQ3nk9dBrw3TeVXz,"<USER>-o4k Macedonia before 1945 was a territory with a population that could not, due to the fact that it did not have its own recognized and organized state, have its own recognized language and nation, this was done when it was possible to form a state within the Union of Yugoslavia.",negative,negative,neutral,neutral,0.7,neutral,0.85,5,neutral,2,False,3,0.6,False,False,True,True,True,"CardiffNLP, NLPTown"
UgxNp30NcY3Blya_PFt4AaABAg.9d5hsNcQ3nk9dBs2uMDcG5,"<USER>-o4k The Kurds in Turkey do not have their own state, does that mean that they do not exist... This is simply their fate and they suffer without their own state...",negative,negative,negative,negative,0.8,negative,0.9,5,negative,1,True,5,1.0,True,True,True,True,True,
UgxNp30NcY3Blya_PFt4AaABAg.9d5hsNcQ3nk9dBsJIiz7T9,"<USER>-o4k Then, the identity and history of a nation cannot be based on an individual. There are individuals who influence more, some influence a lot, but identity, language, nation is created by everyone, by many. The thesis that for the sake of one person to argue about the identity, language, nation of 1.5 million people does not hold at all...",neutral,negative,neutral,neutral,0.65,neutral,0.85,5,neutral,2,False,4,0.8,True,False,True,True,True,NLPTown
UgxNp30NcY3Blya_PFt4AaABAg.9d5hsNcQ3nk9dBsyfMhGH9,"<USER>-o4k Let's open a question. Many Macedonians have taken a Bulgarian passport to go to Europe to work there, and to be able to buy cheap cars, we all know that, we are here, everything is familiar to us, Macedonia is a small country, everything is known. Now what do you Macedonians who took a second Bulgarian passport for economic reasons want to be Bulgarians? Is this how we are going to build a future... You want those Macedonians to be the basis of your demands in Macedonia, isn't that dishonest and corrupt... 3500 Bulgarians have registered in Macedonia... Here I have met only one Bulgarian in my 50 years of life, and that man moved from Burgas to Bitola...",negative,negative,neutral,negative,0.8,negative,0.83,5,negative,2,False,4,0.8,True,True,False,True,True,BERTweet
UgxNp30NcY3Blya_PFt4AaABAg.9d5hsNcQ3nk9dBtXXYXp2D,"<USER>-o4k Here is something short, Macedonian people, Macedonian language is a fact, a truth for 80 years, does any history affect that fact? Of course not, arguing about history has nothing to do with the present, which is a fact. I think that history and the past are unnecessarily taken as important issues, we need to build a beautiful life with each other in the present ... And that is certainly not possible, as long as you deny, challenge the basic human rights of a people to create their own country, language, culture..",neutral,negative,negative,negative,0.8,negative,0.83,5,negative,2,False,4,0.8,False,True,True,True,True,CardiffNLP
UgxNp30NcY3Blya_PFt4AaABAg.9d5hsNcQ3nk9dEuCNdqhFx,"It is about the letters that Eftim Sprostranov sent to the Bulgarian minister-predecessor R. Petrov in the time immediately after the Ilinden Uprising. Otherwise, Eftim Sprostranov was in collusion with the Bulgarian political top (a kind of Bulgarian spy thrown among the Ilindenians) and in his secret letters, addressed to the Bulgarian political top in connection with the Macedonian work, he quite clearly described the situations surrounding the manifestations of the Macedonian national consciousness among the members of our people from the beginning of this century. Thus, for example, in the letter to the Bulgarian Prime Minister Petrov regarding the frequent manifestations of the Macedonian national self-awareness in that (November 1903) Sprostranov wrote, among other things: As you can see, Mr. Minister-Predecessor, such ideas have been widely accepted by the Macedonian population for centuries, they are not to be underestimated in order to not pay much attention to them. If I add that the propagators of the Macedonian separatism set about studiously and enthusiastically printing books, dictionaries, citations, history textbooks and grammar in the Macedonian language, then you can understand more realistically the danger for the Bulgarian language in Macedonia. I am convinced that in a very short time, except for the thin layer of the Macedonian intelligentsia trained in the Bulgarian utilitarians, the people will reject the Bulgarian language and will accept the Macedonian, that is, their mother tongue, because there will be no need to learn it, as they do it with difficulty with the Bulgarian language.",negative,neutral,neutral,negative,0.5,negative,0.95,5,negative,2,False,3,0.6,True,False,False,True,True,"NLPTown, BERTweet"
UgxNp30NcY3Blya_PFt4AaABAg.9d5hsNcQ3nk9dEuUz93IXH,"It was after the occupation of Macedonia by fascist Bulgaria. This is the statement of a war criminal at the trial. He was sentenced to death and shot. Statement of the war criminal Asen Bogdanov, Bulgarian fascist leader ""Before I came to Macedonia, I had the impression that there really is a Bulgarian element here. For years, we were instilled with the idea that Macedonia belongs to Bulgaria, that the Macedonian people are Bulgarian, and that there was a Bulgarian Empire here. I could state that only a few rich people who came close to the Bulgarian government, intellectuals who they counted on their hands, and who belonged to the organization of our people (Bulgarian - author). All the rest felt like Macedonians.",negative,negative,negative,negative,0.8,negative,0.95,5,negative,1,True,5,1.0,True,True,True,True,True,
UgxNp30NcY3Blya_PFt4AaABAg.9d5hsNcQ3nk9dEunycxFvQ,"You can also quote this: Civilian population criminally killed by the Bulgarian Fascist armies: Vatasha. The college was carried out by the Bulgarian military and police detachments led by Captain Boris Zheglov, Lieutenant Boris Kostov and Petko Oprekov under the command of Colonel Ljuben Apostolov, commander of the 56th Velesh Infantry Regiment of the Fifth Bulgarian Army. Blaze Icev's sister, Nada Iceva (Janeva), remembers the day her brother was arrested. They had no idea what bloody act would happen on the same day. Blaže (17) and his sister Kata (15) were doing household chores when they were taken to Vasil Haji Jordanov's village. There they found the rest of the youths, where the bloody beating began by police deputy chief Petko Oprekov, lieutenant Boris Kostov and two Bulgarian agents.[4] One of the shot before dying managed to say ""Shoot dogs, but our idea will not die!"". The four girls who were also arrested—Mara Haji Jordanova, Steva Ampova, Pavlina Kasapinova, and Kata Iceva—were taken aside.[6] Police Chief Petko Oprekov opposed Lieutenant Kostov when he wanted to kill the girls, and Captain Boris Zheglov supported Oprekov, so they were saved.[7] The twelve murdered youths from the village are:[9] Name and surname Age Pero Videv 15 Vancho Gurev 19 Danko Davkov 18 Ilija Dimov 18 Risto Gjondev 18 Blaže Itcev 20 Pane Meshkov 18 Gerasim Matakov 18 Fercho Popgiorjiev 26 Vaso Hadjijordanov 28 Dime Chekov 20 Pane Dzhunov 18 Na On June 13, 1943, the Bulgarian authorities shot several parents of partisans from the village of Shivets, and also shot two elderly women, mothers of revolutionaries from Kavadarci, Frusa Chedomirova and Raina Sokolova. Several houses were also destroyed by bombs in Kavadarci, Vatasha and other villages from Tikveshi. However, the culmination of all these atrocities was on June 16, with the shooting of twelve Vatash youths from the village of Vatasha. In memory of the event, a memorial ossuary was built for the shot 12 youths from Vatasha, which was discovered on October 11, 1961. On the south wall of the monument is written: ""Death became powerless before our upright youth, before our staring eyes, that very morning in the future."" A memorial park with an area of ​​7 hectares was built at the site of the shooting, and 12 maple trees were planted in it as a symbol of the youths shot by the Bulgarian fascists. A folk song was sung for the event: The village of Vatasha cried for me. There is still a long list. In the second world war, Macedonia gave 25,000 victims.",negative,negative,negative,negative,0.8,neutral,0.88,5,negative,2,False,4,0.8,True,True,True,True,False,Llama
UgxNp30NcY3Blya_PFt4AaABAg.9d5hsNcQ3nk9dEvBeCrdLk,"After World War II, Bulgaria paid 45 million dollars as reparations for the occupation of Macedonia and Western Thrace. It is about 500-600 million dollars. Bulgaria is in the Axis Powers. See also this: 1.The Waffen Grenadier Regiment of the SS (1st Bulgarian) 2.Bulgarian SS Troop Anti-Tank Brigade (1st Bulgarian) (Apparently, there you are the Bulgarian Waffen Grenadier Regiment der SS, aka Waffen Grenadierregiment der SS No. 1 (Bulgarian No. 1), commanded by SS Standartenführer Gunther Anhalt. It was formed of Bulgarian volunteers). Commanders: SS-Standartenführer Gunther Anhalt November",neutral,negative,neutral,negative,0.8,neutral,0.98,5,neutral,2,False,3,0.6,True,False,True,False,True,"NLPTown, Gemma"
UgxNp30NcY3Blya_PFt4AaABAg.9d5hsNcQ3nk9dGEyUbmuU6,"<USER> Greetings, it is incomprehensible why Bulgarians are so obsessed with history. For the Macedonians, the past would certainly not have an effect, if the Bulgarians are not burdened by the past and do not have a problem with the reality in the present, which is clear, Macedonia and the Macedonians have been a reality for 80 years as a world-recognized nation with its own special language, culture, mentality, and statehood.",negative,negative,neutral,negative,0.8,negative,0.95,5,negative,2,False,4,0.8,True,True,False,True,True,BERTweet
UgxNp30NcY3Blya_PFt4AaABAg.9d5hsNcQ3nk9dGFEIKAaHS,"<USER> Here, as a Macedonian, I have no problem with what happened in the past in the sense that we live in hatred because of the past, and I don't connect whatever happened on the part of Bulgarians with today's Bulgarians. The whole world leaves the past and history where it belongs in the past, and builds the present and thus the future, which is the only thing that matters.",negative,positive,neutral,neutral,0.68,positive,0.85,5,,3,False,0,0.0,False,False,False,False,False,
UgxNp30NcY3Blya_PFt4AaABAg.9d5hsNcQ3nk9dGG7QL1Azr,"<USER> It really must be said that the resistance of a certain number of Bulgarians towards Macedonia and the Macedonian people is incomprehensible if history is also taken into account. Before 1945, Macedonia was a territory of Macedonia with a population that developed its own language, customs, mentality. And after 1945, nationality and statehood were created. How can the emergence and development of a people on its own territory be denied by force. Let's say that within the territory of a certain country, another country is developing within it. nation so that there is a separation, that is another question, but Macedonia and the Macedonian people were created and consolidated on a territory that was previously under that name Macedonia, only that it was not recognized and formed as a state.",negative,negative,neutral,negative,0.5,positive,0.85,5,negative,3,False,3,0.6,True,True,False,True,False,"BERTweet, Llama"
UgxNp30NcY3Blya_PFt4AaABAg.9d5hsNcQ3nk9dGGXQzoecL,"<USER> History is clear that in the past part of the territory of Macedonia with a population that was said to be Macedonians was torn apart by the two neighboring countries, Greece and Bulgaria, so today in those taken territories there are Macedonians who declare themselves to be only Macedonians. How can one person tell another person what to do, yet at least today we live in a civilized world where freedom of expression is accepted and enabled.",negative,neutral,neutral,neutral,0.7,neutral,0.53,5,neutral,2,False,4,0.8,False,True,True,True,True,CardiffNLP
UgxNp30NcY3Blya_PFt4AaABAg.9d5hsNcQ3nk9dYQMx3yz56,<USER> Yes..had..Bulgarian ;),positive,positive,neutral,neutral,0.7,positive,0.95,5,positive,2,False,3,0.6,True,True,False,False,True,"BERTweet, Gemma"
UgxNp30NcY3Blya_PFt4AaABAg.9d5hsNcQ3nk9fbA25w-AT3,"<USER> Brey, you Jews are fighting, huh?",negative,negative,neutral,negative,0.8,negative,1.0,5,negative,2,False,4,0.8,True,True,False,True,True,BERTweet
Ugx7AtZNIqEov3obieJ4AaABAg,"Why are you afraid of history? What worries you? That Tito wrote you forgeries? That Gotse, Dame and Jane were Bulgarians? Well, this is the truth. okay? Stop lying and be civilized Europeans or Jurla and right in Belgrade!",negative,negative,negative,negative,0.8,negative,0.95,5,negative,1,True,5,1.0,True,True,True,True,True,
Ugx7AtZNIqEov3obieJ4AaABAg.9dXypsWOW1r9t6o592UXRf,1887 GOCE DELC'EV WAS BORN in Kukus' -- AEGEAN MACEDONIA. GOCE DELC'EV IS A MACEDONIAN AND A MACEDONIAN REVOLUTIONARY.,neutral,neutral,neutral,positive,0.85,positive,1.0,5,neutral,2,False,3,0.6,True,True,True,False,False,"Gemma, Llama"
Ugx7AtZNIqEov3obieJ4AaABAg.9dXypsWOW1r9t7-mViv4VX,"<USER> There is no difference between a Macedonian and a Bulgarian, there is only one thing. That's why Gotse himself said: ""What should we do when we are ALL BULGARIANS"" - Gotse Delchev, 1900 Broz Tito said: ""Gotse, Dame and Jane did not know what they are! I told you what you are and I told you that Macedonians are not Bulgarians but Yugoslavs. It doesn't matter that I am a communist Croat and I am illiterate! It is important that Yugoslavia be whole!"" - Josif Broz Tito, 1945 Ivan Mihailov said: ""Bulgaria and Macedonia are one - Bulgarian"", 1990 in an interview on television (live). Do you trust Tito?",neutral,negative,neutral,negative,0.85,neutral,0.85,5,neutral,2,False,3,0.6,True,False,True,False,True,"NLPTown, Gemma"
UgwOkLbCY87bOdwQUtB4AaABAg,And the febil says to say napfail Something good,positive,positive,neutral,positive,0.85,positive,0.85,5,positive,2,False,4,0.8,True,True,False,True,True,BERTweet
Ugyubj9s5Sl06xsg5ER4AaABAg,"RSM speak the North Macedonian language, these are North Macedonians, something like the Pomaks in BG.",neutral,negative,neutral,negative,0.8,neutral,1.0,5,neutral,2,False,3,0.6,True,False,True,False,True,"NLPTown, Gemma"
Ugyubj9s5Sl06xsg5ER4AaABAg.9d1cvdQ7tsV9d5ydezQKEB,"Dealing with another nation, and at the same time denying it, is a very shameful thing, you Bulgarians make enemies out of Macedonians because you are victims of propaganda...",negative,negative,negative,negative,0.75,negative,0.95,5,negative,1,True,5,1.0,True,True,True,True,True,
Ugyubj9s5Sl06xsg5ER4AaABAg.9d1cvdQ7tsV9t6nmV11LNK,"THE MACEDONIAN LANGUAGE HAS EXISTED FOR 12 CENTURIES. CYRIL and METHODIUS and NAUM, OHRID AUTHORS OF THE MACEDONIAN ALPHABET.",neutral,positive,neutral,neutral,0.8,positive,0.95,5,neutral,2,False,3,0.6,True,False,True,True,False,"NLPTown, Llama"
UgxFpiWZ9NBpCPAdDo14AaABAg,"See the link that proves that Macedonians did not exist until 1944 (<URL>). The United States has officially declared that there is no Macedonian nation, no Macedonian homeland and no Macedonian self-awareness. U.S. Secretary of State Edward Stettinius to the U.S. Missions (Washington, Dec. 26, 1944) This Government considers talk of ""Macedonian Nation"", ""Macedonian Fatherland"", or ""Macedonian National Consciousness"" to be unjustified demagoguery representing ethnic or political reality, and sees in this present revival a possible cloak for aggressive intentions against Greece. [Source: U.S. Department of State, Foreign Relations vol viii, Washington, D.C., Circular Airgram (868.014/26 Dec 1944)]",negative,negative,negative,negative,0.8,negative,0.95,5,negative,1,True,5,1.0,True,True,True,True,True,
UgxFpiWZ9NBpCPAdDo14AaABAg.9czu0eJm5a-9czyGVSufGl,Look at your Nazi face in the mirror.,negative,positive,negative,negative,0.8,negative,1.0,5,negative,2,False,4,0.8,True,False,True,True,True,NLPTown
UgxFpiWZ9NBpCPAdDo14AaABAg.9czu0eJm5a-9d-duzyd4c1,and who asks them about anything? who fucked them,negative,negative,negative,negative,0.8,negative,1.0,5,negative,1,True,5,1.0,True,True,True,True,True,
UgxFpiWZ9NBpCPAdDo14AaABAg.9czu0eJm5a-9d1U3PxYZEJ,"Мислев дека денеска си бил на преглед кај психијатар.Оцигледно во Фасистицка Бугарија не работат денес психијатриските клиники. Цитај малце тоа го има и во Архивот во Софија(мозам да ти ја дадам адресата на Архлвот на Фасистицка Бугарија).Мозам да ти предлозам некој мој колега психијатар добар,Це ти помогне, ти треба,Верувај ми. Двете страни да подготват и презентираат примероци од лекции врз основа на препораките на Комисијата, за кои Комисијата постигна согласност приложени кон Протоколот на следниот состанок на Мешовитата меѓувладина комисија според член 12 од Договорот за пријателство, добрососедство и соработка и да ги вклучи во иднина.на соодветните наставни програми, учебници и други релевантни наставни материјали, натписи на табли, историски монументи, споменици и информативни материјали во музеи и други локации од образовно и културно значење, како и во електронски информативни досиеја на јавен имот. Тоа знаци дека ние требе да прифатиме промена на Историјата да го избрисиме следното: Депортацијата на Евреите од Македонија претставува настан од Втората светска војна организиран од владите на фашистичка Бугарија и нацистичка Германија, со цел систематска елиминација на еврејското население од т.н. „новоослободени територии“ од страна на бугарската власт. Во јули 1940 година Бугарија започнува со донесување на антисемитски закони.[5] Во јануари 1941 година го донесува „Закон за заштита на нацијата“.[5] Во 1 март 1941 година Бугарија станува сојузник на Силите на оската.[5][10] Депортацијата на Евреите од Македонија претставува дел од депортација на Евреите од сите „новоослободени територии“ (Вардарска Македонија, Егејска Македонија).Ликвидирањето на Евреите од Македонија било резултат на договор меѓу нацистичка Германија и Царството Бугарија. Од името на двете држави на 2 февруари 1943 година договорот го потпишале Адолф Бекерле, (германски полномошен министер во Бугарија) и Петар Габровски, бугарски министер за внатрешни работи.[6][13] .За бројот на депортираните Евреи постојат различни податоци во бугарските официјални списоци. Постојат две групи оригинални списоци за македонските Евреи направени во самиот логор непосредно пред депортацијата; бугарски, според кој во логорот во Скопје се наоѓале 1702 семејства со 7056 членови, и германски, според кои во логорот се наоѓале 1828 семејства со 7162 членови – со основни податоци. Во тајното писмо од 18 март 1943 година од А. Вите, германски конзул во Скопје, испратено до Министерството за надворешни работи во Берлин, се наведува дека се депортирани 7240 Евреи.[2] .Сите Евреи од Македонија биле депортирани во логорот Треблинка во Полска, каде што биле задушени во гасни комори. Од Треблинка не се вратил никој. Сто це биде со злоцините изврсени од страна на Фасистицка Бугарија на територијата на Вардарска и Пиринска (Се усте е под окупација на Фасистицка Бугарија каде се врси присилна асимилација на Македонците ,за кој постојат пресуди од Хаг који Фасистицка Бугарија не ги спроведува )Македомија. Масакр во Ваташа — крвав настан кој се случил на 16 јуни 1943 година[1] кога биле стрелани 12 младинци од селото Ваташа во близина на Моклиште кај месноста „Чаир“, на 2 км оддалеченост од Ваташа. Колежот го извршила бугарската војска и полициски одреди на чело со капетан Борис Жеглов, поручник Борис Костов и подофицер Петко Опреков под команда на полковник Љубен Апостолов, командант на 56. Велешки пешадиски полк од Петтата бугарска армија. Сестрата на Блаже Ицев, Нада Ицева (Јанева), го памти денот кога го уапсиле нејзиниот брат. Не насетувале, каков крвнички чин ќе се случи истиот ден. Блаже (17 г.) и сестра му Ката (15 г.), работеле домашни работи, кога биле одведени во селската меана на Васил Хаџи Јорданов . There they found the rest of the youths, where the bloody beating began by police deputy chief Petko Oprekov, lieutenant Boris Kostov and two Bulgarian agents.[4] One of the shot before dying managed to say ""Shoot dogs, but our idea will not die!"". The four girls who were also arrested—Mara Haji Jordanova, Steva Ampova, Pavlina Kasapinova, and Kata Iceva—were taken aside.[6] Police Chief Petko Oprekov opposed Lieutenant Kostov when he wanted to kill the girls, and Captain Boris Zheglov supported Oprekov, so they were saved.[7] The twelve murdered youths from the village are:[9] Name and Surname Age Pero Videv 15 Vancho Gurev 19 Danko Davkov 18 Ilija Dimov 18 Risto Gjondev 18 Blaze Itcev 20 Pane Meshkov 18 Gerasim Matakov 18 Fercho Popgyorjiev 26 Vaso Hajijordanov 28 Dime Chekov 20 Pane Dzhunov 18 Zar someone has the right to forget them. Who is the one who will change the sign on which it is clearly written that they were shot by the Fascist Bulgarian occupier. Imagine now what it would look like. We should delete the words Fascist Bulgaria, Fascist Empire Bulgaria, Bulgarian deportation of Jews ... It would look like this: Fascist Mars, Fascist Empire Mars, instead of Bulgarian deportation of Jews we will write: Organized tourist excursion to the Treblinka camp in Poland by Fascist Mars ... But one hundred will answer R. Macedonia of Israel. How will he delete this data from the Archives of Germany, Yugoslavia, Bulgaria, the Russian Archive, the Archive of Israel... Will there be an end to the demands of Tatar Fascist Bulgaria now. Now with the blessing of the European Union. But they should marry one thing. I will use the sentence of one of the shot >Block dogs as long as you want, but our Macedonia existed and will be called Fascist Bulgaria. Any treacherous government of Macedonia that accepts only part of the Tatar demands will get the place it deserves, that is the place of the Buniste. That is why there is no need for any further negotiations with Fascist Bulgaria.",neutral,negative,neutral,negative,0.72,negative,0.94,5,negative,2,False,3,0.6,False,True,False,True,True,"CardiffNLP, BERTweet"
UgxFpiWZ9NBpCPAdDo14AaABAg.9czu0eJm5a-9dEvniK8bRM,"Ај ти потомок на Луј - 14 погледај го и овоа: :Се работи за писмата сто Ефтим Спространов му ги упатил на бугарскиот министер-прецедател Р. Петров во времето непосредно по Илинденско востание. Инаку, Ефтим Спространов бил во дослух со бугарскиот политицки врв (еден вид бугарски спион уфрлен меѓу илинденците) и во своите тајни писма, упатувани до бугарскиот политицки врв во врска со македонското дело, сосема јасно ги описувал состојбите околу пројавите на македонската национална свест кај припадниците на насиот народ од поцетокот на овој век. Така, на пример, во писмото до бугарскиот премиер Петров во врска со зацестените манифестации на македонското национално самосознание во тој (ноември 1903 година) Спространов меѓу другото писува: Како сто гледате господине Министер-прецедателе, ваквите идеи сто веке насироко се прифакаат од македонското население, не се ни малку за потценување за да не им се посвети големо внимание. Ако притоа додадам дека пропагаторите на македонскиот сепаратизам се зафатиле мосне студиозно и со ентузијазам да пецатат книги, рецници, цитанки, историски уцебници и граматика на македонски јазик, тогас мозете да ја сфатите пореално опасноста за бугарстината во Македонија. Убеден сум дека за мосне кратко време, освен тенкиот слој на македонската интелигенција сколувана во бугарските уцилиста, народот ке го отфрли бугарскиот јазик и ке го прифати македонскиот, односно мајциниот, бидејки ке нема потреба да го уци, како сто со мака го прави тоа со бугарскиот јазик. Погледај го и овоа: По повод судењето на Асен Богданов, бугарски полициски началник во Скопје во периодот на бугарската окупација, „Нова Македонија“ (21 ноември 1944 г.) најавувајќи го судењето изнесува: дека процесот против воениот злосторник А. Богданов почнува со задоцнување, бидејќи бугарските власти не сакале да му го предадат на народниот суд. Бугарските власти долго време го одлагаа предавањето на Богданов, бидејќи тој, заедно со генералот Маринов, командант на КСВ-та бугарска окупаторска дивизија (штаб во Битола) наводно одиграл значајна улога во 9-то септемврискиот преврат во Софија, во Отечествено-фронтовска Бугарија. Маринов за “заслугите” стана главен командант на бугарската ОФ армија, а Богданов директор на софиската полиција. На оптуженичката клупа, заедно со Богданов, седеа уште неколку негови соработници. Во обвинението на јавниот тужител меѓу останатото се изнесува и следното: „Како помошник на обласниот директор и обласниот полициски началник во Скопје од Јануари 1943. до крајот на Август 1944. г., Асен Богданов, потполковник на фашистичката полиција, е еден од највисоките функционери на бугарските фашистички власти во Македонија кој е одговорен за многубројни ѕверства од страната на окупаторот во Македонија. Како обласен полициски началник во Скопје, Богданов организираше цела мрежа на соработници во цела Македонија и создаде специјални полициски органи и контрачети, се поврза со озлогласениот Гестапо, ги координираше и раководеше бугарската полиција и бугарската фашистичка војска на генералот Бојдев, Маринов, Поп-Димитров, како и специјалните одреди на Гестапо и поручникот Бирман.“ Асен Богданов, бугарски полициски начелник во Скопје, за време на бугарската окупација (1941-1944),",neutral,negative,neutral,negative,0.72,negative,0.94,5,negative,2,False,3,0.6,False,True,False,True,True,"CardiffNLP, BERTweet"
UgxFpiWZ9NBpCPAdDo14AaABAg.9czu0eJm5a-9dFZb8Hn2lk,"<USER> Look at you, you don't write in Cyrillic and you set out to give me knowledge. It says enough about you - you are afraid to write in the native alphabet because you make a lot of mistakes and you are ashamed that others will see how illiterate you are. Besides, you don't respect your people and their traditions, which is quite normal for a person who has been brainwashed by Tito's Serbian communists for several generations.",negative,negative,negative,negative,0.8,negative,1.0,5,negative,1,True,5,1.0,True,True,True,True,True,
UgxFpiWZ9NBpCPAdDo14AaABAg.9czu0eJm5a-9dHrZKKCrTk,"BECAUSE THE BULGARIANS CONTINUE TO STEAL HISTORY AND DENY THE EXISTENCE OF THE MACEDONIANS AS A PEOPLE, LET'S SEE THE FACTS, WHO ARE THE BULGARIANS AND WHAT IS THEIR ORIGIN? The Bulgarians are a people originating from proto-Bulgarian Turko-Tatar tribes, who moved from the Caucasus Mountains to the Balkans in the 7th century, and their leader - the Tatar Khan Asparukh was the first Bulgarian ruler who founded the first Bulgarian state in the Balkans, known as Danubian Bulgaria, from 679 to 681. In the 7th century, the Bulgarians did not know the Old Slavic language at all, but spoke their proto-Bulgarian (Tatar) language. Bulgarians spoke Proto-Bulgarian (Tatar) until the 9th century. The supreme god worshiped by the Bulgarians was Tangra, and their religion is known as Tangrism. Tangra was also the supreme god of the Huns, Mongols and Altaics. Until the 9th century, all Bulgarian rulers bore the title Khan (characteristic of Tatars and Mongols). In those 2-3 centuries there will be a mixing of the Bulgarians with the ancient Thracians and with several Slavic tribes that lived in the territory of today's Bulgaria. And only then (in the 9th century) will the Bulgarians accept Christianity and the Old Slavic language, they will begin to change their Tatar personal names with Slavic ones. But they will keep their Tatar national name - Bulgarians, and the Tatar flag (white-green-red color). The same flag in the same color (white-green-red) is today the national flag of the Tatars of the Republic of Tatarstan. The first Bulgarian ruler who will accept Christianity and the Christian title of prince is Boris I, only in the 9th century - (864). Those are the facts.",negative,negative,negative,negative,0.5,negative,0.82,5,negative,1,True,5,1.0,True,True,True,True,True,
Ugy1waw1tjPw1TaOr2h4AaABAg,Arno told them,neutral,positive,neutral,negative,0.8,neutral,0.85,5,neutral,3,False,3,0.6,True,False,True,False,True,"NLPTown, Gemma"
Ugy1waw1tjPw1TaOr2h4AaABAg.A3I1I7Q4V-ZA3Lf-o7w4_b,"What did he tell them blah blah, well Severna doesn't have the Prespa agreement, that's what he should have said.",negative,negative,negative,negative,0.7,negative,0.95,5,negative,1,True,5,1.0,True,True,True,True,True,
Ugy1waw1tjPw1TaOr2h4AaABAg.A3I1I7Q4V-ZA4-xAxLSFY8,"<USER> and wait a little patience for salvation, may the Republic of Macedonia be eternal, never northern 🇲🇰",positive,negative,neutral,positive,0.85,positive,0.95,5,positive,3,False,3,0.6,True,False,False,True,True,"NLPTown, BERTweet"
Ugxh1eTlJu2jbWu_bXd4AaABAg,"With a lie, it won't happen!!!",negative,negative,negative,negative,0.8,negative,1.0,5,negative,1,True,5,1.0,True,True,True,True,True,
UgypMjz6MzPDj-cMzW54AaABAg,"VMRO - DPMNE IS THE REPUBLIC OF MACEDONIA VMRO - DPMNE IS THE MACEDONIAN PEOPLE, may the Republic of Macedonia be eternal, never northern 🇲🇰",neutral,negative,neutral,positive,0.85,positive,0.95,5,,3,False,0,0.0,False,False,False,False,False,
UgypMjz6MzPDj-cMzW54AaABAg.A3PsbuFcOYRA4-ntZudPdg,"Well, when will they RETURN THE NAME? VMRO are in power like that! And the NAME? When??? What's wrong? I'm waiting??? FOR the flag, not to ask us...",negative,negative,neutral,negative,0.8,negative,0.95,5,negative,2,False,4,0.8,True,True,False,True,True,BERTweet
UgypMjz6MzPDj-cMzW54AaABAg.A3PsbuFcOYRA4-wvVN8jVP,"<USER> step by step, the Republic of Macedonia is PROUD and always OURS may the eternal Republic of Macedonia never be northern 🇲🇰",positive,positive,positive,positive,0.85,positive,0.95,5,positive,1,True,5,1.0,True,True,True,True,True,
UgypMjz6MzPDj-cMzW54AaABAg.A3PsbuFcOYRA40odpNgEk2,<USER> don't you NEED drums.. And music to shout to you to return the NAME and POP in one hundred characters P O P ??? AND POP WE WILL CALL YOU IF YOU NEED JUST RETURN THE NAME VMROOOVCIII but MADINJA NEED MADINJA for NAME to BACK IT!!! MACEDONIA eternal cross and candle mirror Cesel died!!! MACEDONIA older than the sun long live aminta third our father lord and ruler!¡,negative,negative,neutral,negative,0.8,negative,0.97,5,negative,2,False,4,0.8,True,True,False,True,True,BERTweet
UgypMjz6MzPDj-cMzW54AaABAg.A3PsbuFcOYRA4H_22jDYkl,"<USER> I became a bulgarophile why??? Why did I ask MroEC when Mro will GET NAME BACK??? Ccccc IK YOU HAVE equal to ROOM TEMPERATURE!!! signs WHO said something with NOT IS U skolop on the lies of SDSM vmro IS Bulgarian huh??? I DIDN'T KNOW THAT I WAS BULGARIAN, I WAS TRYING TO FUCK YOU, GIVE ME A PATRIOT!!! I AM NORTH MACEDONIAN!! WHO did you forcefully make NORTH AND WHO used to be just a MACEDONIAN... WHO WILL RETURN THE NAME OF MACEDONIA PRASAV??? KICK ONE!!! KO'PK!!!",negative,negative,negative,negative,0.8,negative,0.95,5,negative,1,True,5,1.0,True,True,True,True,True,
Ugxapf9X15sum36YbGV4AaABAg,Well done for. the patriot. MACEDONIA And no other way.,positive,positive,positive,positive,0.85,positive,0.95,5,positive,1,True,5,1.0,True,True,True,True,True,
UgxnMFHZrY2HYQF89id4AaABAg,May they use MOZI?,neutral,neutral,neutral,negative,0.8,positive,0.95,5,neutral,3,False,3,0.6,True,True,True,False,False,"Gemma, Llama"
Ugx00glsBWpX-w00ICV4AaABAg,ISOLATION,neutral,positive,neutral,negative,0.7,negative,0.95,5,,3,False,0,0.0,False,False,False,False,False,
UgwQ4WFPnnZClOe4sGR4AaABAg,Congratulations,positive,positive,positive,positive,0.98,positive,1.0,5,positive,1,True,5,1.0,True,True,True,True,True,
UgxUHdQ1BpGP9d-HuZx4AaABAg,"Politicians, don't make me happy, nonsense",negative,negative,negative,negative,0.8,negative,0.95,5,negative,1,True,5,1.0,True,True,True,True,True,
UgwiZkkSK1uK199fA_d4AaABAg,"Everything is expected from disabled people, nothing surprising.",negative,neutral,negative,negative,0.8,negative,0.95,5,negative,2,False,4,0.8,True,False,True,True,True,NLPTown
Ugx6r9ZMSaQcv50wNz54AaABAg,Ah poor journalist. With what motives do you ask such questions? Respond immediately,negative,negative,negative,negative,0.7,negative,0.95,5,negative,1,True,5,1.0,True,True,True,True,True,
Ugx6r9ZMSaQcv50wNz54AaABAg.A3VAA25tPu7A3cJWAIWmW6,SUPPORT,neutral,positive,positive,positive,0.85,positive,1.0,5,positive,2,False,4,0.8,False,True,True,True,True,CardiffNLP
Ugx6oM5j6rFGuwAio5R4AaABAg,blah blah how's your ID card driver's license????????????,negative,negative,negative,negative,0.8,negative,0.95,5,negative,1,True,5,1.0,True,True,True,True,True,
Ugx7GleyeiQMsdjF50R4AaABAg,"Well, now the elections are over",neutral,neutral,neutral,neutral,0.7,neutral,0.85,5,neutral,1,True,5,1.0,True,True,True,True,True,
UgzcQUTqj1jfxv04hml4AaABAg,"""The moon shone from Thessaloniki to Tetovo"" an ancient Macedonian song... I love Macedonia👍💖 🇲🇰.",positive,positive,positive,positive,0.95,positive,0.95,5,positive,1,True,5,1.0,True,True,True,True,True,
UgzcQUTqj1jfxv04hml4AaABAg.9GwfUj7M11h9GwlD4y3xSl,The Albanian sun is shining in Tetovo,positive,positive,positive,positive,0.85,positive,0.95,5,positive,1,True,5,1.0,True,True,True,True,True,
UgzcQUTqj1jfxv04hml4AaABAg.9GwfUj7M11h9GwmUbee1UQ,<USER> 🇲🇰🇦🇱 ❤️💯,neutral,positive,neutral,positive,0.95,positive,0.95,5,positive,2,False,3,0.6,False,True,False,True,True,"CardiffNLP, BERTweet"
UgzcQUTqj1jfxv04hml4AaABAg.9GwfUj7M11h9Gwmz-HWADm,"<USER> oh, now you love Albanians... I mean you screwed up when you shot each other with guns like the partisans in the 19th century",negative,negative,negative,negative,0.75,negative,0.95,5,negative,1,True,5,1.0,True,True,True,True,True,
UgzcQUTqj1jfxv04hml4AaABAg.9GwfUj7M11h9GwnYRL-dKT,"<USER> why don't we love each other, you want to fight us?!",negative,negative,negative,negative,0.8,negative,0.95,5,negative,1,True,5,1.0,True,True,True,True,True,
UgzcQUTqj1jfxv04hml4AaABAg.9GwfUj7M11h9GwngTlEFiZ,<USER> Shall I scold you? This is your problem in MK. You have a very shallow mind.,negative,negative,negative,negative,0.8,negative,1.0,5,negative,1,True,5,1.0,True,True,True,True,True,
UgzcQUTqj1jfxv04hml4AaABAg.9GwfUj7M11h9GwoDyDo4lS,"<USER> as can be seen from your comment, you put it negatively provocatively. Macedonian and Albanian flags are also lit in Tetovo. We live together and it's not like you don't respect any minorities and you're in the EU, but that's your problem.",negative,negative,negative,negative,0.8,negative,0.94,5,negative,1,True,5,1.0,True,True,True,True,True,
UgzcQUTqj1jfxv04hml4AaABAg.9GwfUj7M11h9GwohylZr_B,"<USER> we have minorities and we live with them peacefully. And for as long as I can remember, you have many problems, with the language to recognize Albanian as national, with shooting fire in the city...not to mention the war for which Bulgaria gave you tanks, take care. Like rekoff, shallow mind.",negative,positive,negative,negative,0.8,negative,0.95,5,negative,2,False,4,0.8,True,False,True,True,True,NLPTown
UgzcQUTqj1jfxv04hml4AaABAg.9GwfUj7M11h9Gwpm2f4Ncs,"<USER> Bulgaria does not recognize minorities, as well as Macedonian. Thank you for the tanks that were second-hand, you didn't need them, so they went in the bin afterwards. You have a problem with us obviously, as well as with the Turks. What do you feel from Turkey spreading its influence...",negative,negative,negative,negative,0.8,negative,0.95,5,negative,1,True,5,1.0,True,True,True,True,True,
UgzcQUTqj1jfxv04hml4AaABAg.9GwfUj7M11h9GzFIDftXzk,<USER> what the Serbs think <URL>,neutral,positive,neutral,negative,0.7,neutral,1.0,5,neutral,3,False,3,0.6,True,False,True,False,True,"NLPTown, Gemma"
UgzcQUTqj1jfxv04hml4AaABAg.9GwfUj7M11h9GzHtPB41a5,"<USER> This is what the Serbs say, whom you supported in what they say. And on the other hand, you present yourself as a friend who thinks well of the country. So this is what they say, we are your true friends. In fact, you support what they say. Duplicitous Bulgarian politics. I am not shallow minded. 🇲🇰🇲🇰🇲🇰🇲🇰🇰🇲🇲🇰🇲🇰🇲🇰🇲🇰🖕🖕🖕🖕🖕",neutral,positive,neutral,negative,0.8,negative,0.95,5,,3,False,0,0.0,False,False,False,False,False,
UgzcQUTqj1jfxv04hml4AaABAg.9GwfUj7M11h9GzNDWQgIzV,"<USER> And isn't it just irony...all this happens because we only want the best for you, and you interpret it as the worst. Pity!",negative,negative,negative,negative,0.7,negative,0.95,5,negative,1,True,5,1.0,True,True,True,True,True,
UgzcQUTqj1jfxv04hml4AaABAg.9GwfUj7M11h9GzQDQNxnR3,"<USER> I don't know... Best... You recognize a language, a nation, a minority???",negative,negative,negative,negative,0.8,neutral,0.85,5,negative,2,False,4,0.8,True,True,True,True,False,Llama
UgzcQUTqj1jfxv04hml4AaABAg.9GwfUj7M11h9GzQoE5dOsP,<USER> a compromise can be made but you are crazy and won't accept it.,negative,negative,negative,negative,0.8,negative,0.95,5,negative,1,True,5,1.0,True,True,True,True,True,
UgzcQUTqj1jfxv04hml4AaABAg.9GwfUj7M11h9GzRB2Yi1R3,<USER> Thanks thanks...,positive,positive,positive,positive,0.85,positive,0.95,5,positive,1,True,5,1.0,True,True,True,True,True,
UgzcQUTqj1jfxv04hml4AaABAg.9GwfUj7M11h9GzRab0Besw,"<USER> I want to ask you something, but answer me honestly. When the Macedonians hear the Bagar language, how do they explain the occasion?",neutral,neutral,neutral,neutral,0.7,neutral,1.0,5,neutral,1,True,5,1.0,True,True,True,True,True,
UgzzNtFlaPheK0kaQ-d4AaABAg,"From the Danube to the White and from Ohrid to the Black Sea, one nation lives! We are all Bulgarians!",neutral,positive,positive,positive,0.85,positive,0.95,5,positive,2,False,4,0.8,False,True,True,True,True,CardiffNLP
UgzzNtFlaPheK0kaQ-d4AaABAg.9GwbvtEDSdN9GwcspY38jk,I am Tatar and Mongolian,neutral,negative,neutral,neutral,0.7,neutral,1.0,5,neutral,2,False,4,0.8,True,False,True,True,True,NLPTown
UgzzNtFlaPheK0kaQ-d4AaABAg.9GwbvtEDSdN9GweH8wWdtB,Have you seen a neighbor who looks like a Mongolian?,neutral,negative,neutral,negative,0.7,negative,1.0,5,negative,2,False,3,0.6,False,True,False,True,True,"CardiffNLP, BERTweet"
UgzzNtFlaPheK0kaQ-d4AaABAg.9GwbvtEDSdN9GwgtYV_mlA,"<USER> If Bulgarians are Tatars, then we are Bulgarian Macedonians.",neutral,negative,neutral,negative,0.8,negative,0.9,5,negative,2,False,3,0.6,False,True,False,True,True,"CardiffNLP, BERTweet"
UgzzNtFlaPheK0kaQ-d4AaABAg.9GwbvtEDSdN9GwmNbUNoIm,"Vardarska, Pirin, Aegean Macedonia 🇲🇰🇲🇰🇲🇰🇲🇰🇰🇲🇲🇱 🇲🇰🇲🇰🇲🇰🇲🇰👌👌👌👌👌👌👌👌👌👌👌👌👌👌👌👌👌👌☝️☝️☝️☝️☝️☝️☝️☝️☝️☝️☝️☝️☝️🖕🖕🖕🖕🖕🖕🖕🖕🖕🖕🖕🖕🖕🖕🖕🖕",positive,neutral,neutral,negative,0.8,positive,0.95,5,,3,False,0,0.0,False,False,False,False,False,
UgzzNtFlaPheK0kaQ-d4AaABAg.9GwbvtEDSdN9GxwurR7QTH,"Eat shit traitorous bastard. Lord, if I could pass a table for you when you have dinner with the family.",negative,negative,negative,negative,0.85,negative,0.95,5,negative,1,True,5,1.0,True,True,True,True,True,
Ugy070pOLPW4Zshgdw94AaABAg,"It is interesting to see your face when the elections are over, and you remain at the same level.",positive,positive,neutral,negative,0.72,negative,0.95,5,,3,False,0,0.0,False,False,False,False,False,
UgyK-SmuljpfCfftnct4AaABAg,which election which year 😂,neutral,negative,neutral,neutral,0.7,neutral,1.0,5,neutral,2,False,4,0.8,True,False,True,True,True,NLPTown
UgyFKGNzCvVEuWkFvs94AaABAg,"Now every day, every hour, there is material for empty words everywhere around us, but I am already alone with a huge mustache and I have no strength left.",negative,negative,negative,negative,0.7,negative,0.95,5,negative,1,True,5,1.0,True,True,True,True,True,
UgyFKGNzCvVEuWkFvs94AaABAg.9b_8b568PJt9uNPK79UjCZ,<USER>...........8b laj j tatar s'upa.,neutral,negative,neutral,negative,0.8,negative,0.95,5,negative,2,False,3,0.6,False,True,False,True,True,"CardiffNLP, BERTweet"
UgyFa8lCWOSy7KlDmOZ4AaABAg,The tragedy is that a kingdom cannot be built on a bare meadow.,negative,negative,negative,negative,0.8,negative,0.9,5,negative,1,True,5,1.0,True,True,True,True,True,
UgyFa8lCWOSy7KlDmOZ4AaABAg.9bYGha81Hu_9uNP1m7bjbi,@.............8259 abominations. ............. j Black Sea.,negative,negative,negative,negative,0.8,negative,1.0,5,negative,1,True,5,1.0,True,True,True,True,True,
UgyFa8lCWOSy7KlDmOZ4AaABAg.9bYGha81Hu_9uNQVHGjLw8,<USER> 😂😂😂,neutral,neutral,neutral,positive,0.98,negative,1.0,5,neutral,3,False,3,0.6,True,True,True,False,False,"Gemma, Llama"
UgwcXc9cJdIiZaWhUUN4AaABAg,"The decision to find an agreement is only one - the Bulgarians recognize the present, and the Macedonians the past - as written in historical sources and throughout world historiography.",neutral,positive,neutral,neutral,0.78,neutral,0.95,5,neutral,2,False,4,0.8,True,False,True,True,True,NLPTown
UgwcXc9cJdIiZaWhUUN4AaABAg.9b_hZyyIfNY9wLdycZatoZ,MACEDONIAN PEOPLE HAVE EXISTED FOR 25 CENTURIES. (others - their problem.),negative,negative,neutral,negative,0.8,negative,0.95,5,negative,2,False,4,0.8,True,True,False,True,True,BERTweet
Ugz_UZPqf41Vq2Irq494AaABAg,"Listen listen and listen one day you will regret your actions when you were 30 years old. Did you really act as a comedian? Hello, where will your soul go? Prate with ke prate Bulgarians we will never be better Turks we will write each other",negative,negative,negative,negative,0.8,negative,0.95,5,negative,1,True,5,1.0,True,True,True,True,True,
Ugz_UZPqf41Vq2Irq494AaABAg.9bYAiOreHv29bYgZZDd4a9,you have already written yourself with a Serbian name and you will be a Badesht Albanian,negative,negative,neutral,negative,0.8,negative,0.95,5,negative,2,False,4,0.8,True,True,False,True,True,BERTweet
Ugz_UZPqf41Vq2Irq494AaABAg.9bYAiOreHv29ba1QntJQIH,"if you are not Bulgarian, please write Albanian or Greek",neutral,negative,neutral,neutral,0.68,negative,0.95,5,neutral,2,False,3,0.6,True,False,True,True,False,"NLPTown, Llama"
Ugz_UZPqf41Vq2Irq494AaABAg.9bYAiOreHv29uNOn_Fpm3o,<USER> - garbage. eat both z'uto and green. j kenef.,negative,negative,negative,negative,0.8,negative,1.0,5,negative,1,True,5,1.0,True,True,True,True,True,
UgxRWXNCrbdK9nLC3Yd4AaABAg,"In 2018, in the REFERENDUM, the citizens of MACEDONIA said no to the EU. sds program 2020 there are no Bulgarians in the CONSTITUTION. and Bulgarians and sds j vc.",negative,negative,neutral,negative,0.8,negative,0.95,5,negative,2,False,4,0.8,True,True,False,True,True,BERTweet
UgyDZTc6PaTKGJq8MWh4AaABAg,burning veto .. burning ...,negative,negative,negative,negative,0.8,negative,1.0,5,negative,1,True,5,1.0,True,True,True,True,True,
Ugz5XEQ-ZjgDH9ZGMTp4AaABAg,I don't care what your options are.,neutral,negative,neutral,negative,0.7,negative,0.95,5,negative,2,False,3,0.6,False,True,False,True,True,"CardiffNLP, BERTweet"
UgyDfrw5RpoJCGXGGkh4AaABAg,There is no option,negative,negative,negative,neutral,0.7,negative,0.95,5,negative,2,False,4,0.8,True,True,True,False,True,Gemma
UgyDfrw5RpoJCGXGGkh4AaABAg.9Gw_8_A6qvK9H2i2P-UXaU,There is... ;),positive,positive,positive,neutral,0.74,positive,0.95,5,positive,2,False,4,0.8,True,True,True,False,True,Gemma
UgyxA0RrRbdTsVbTyoN4AaABAg,Long live Macedonia 🇲🇰🇲🇰🇲🇰 sdsm to get out of everything,positive,positive,positive,positive,0.85,negative,0.95,5,positive,2,False,4,0.8,True,True,True,True,False,Llama
UgyxA0RrRbdTsVbTyoN4AaABAg.9d5ljF-rUWW9d8WqD09wpv,"Make, change the name, North Macedonia, Western Bulgaria as you like. Bulgarian from the Macedonian region.",neutral,positive,neutral,negative,0.8,neutral,0.98,5,neutral,3,False,3,0.6,True,False,True,False,True,"NLPTown, Gemma"
UgyVdkQf9FjT7pTXST94AaABAg,GET OUT THE FATHERLAND IS CALLING🇲🇰,negative,positive,neutral,negative,0.8,negative,0.95,5,negative,3,False,3,0.6,True,False,False,True,True,"NLPTown, BERTweet"
UgxKRth-qVppWvQlWA94AaABAg,I have a Bulgarian passport,neutral,negative,neutral,negative,0.8,neutral,1.0,5,neutral,2,False,3,0.6,True,False,True,False,True,"NLPTown, Gemma"
UgxKRth-qVppWvQlWA94AaABAg.9d4TE2CH6Gw9d5o54G-JI4,Traitor,negative,negative,negative,negative,0.8,negative,1.0,5,negative,1,True,5,1.0,True,True,True,True,True,
UgxKRth-qVppWvQlWA94AaABAg.9d4TE2CH6Gw9d9UEqOU5cr,"I also have American, but I'm Macedonian.",neutral,neutral,neutral,neutral,0.74,neutral,0.85,5,neutral,1,True,5,1.0,True,True,True,True,True,
UgxKRth-qVppWvQlWA94AaABAg.9d4TE2CH6Gw9d9VbmbAz60,"<USER> traitor, you sold yourself for 10 denars",negative,negative,negative,negative,0.7,negative,1.0,5,negative,1,True,5,1.0,True,True,True,True,True,
UgwbgfdAqLhhNhHZCMZ4AaABAg,"Under the pressure to leave us to the raat of this filthy government, contract yok, no,",negative,negative,negative,negative,0.8,negative,0.95,5,negative,1,True,5,1.0,True,True,True,True,True,
UgzoWWyczcsxgUHewwF4AaABAg,What did the EU say - wake up or hang yourself!,negative,negative,negative,negative,0.8,negative,1.0,5,negative,1,True,5,1.0,True,True,True,True,True,
UgyDqtuJ4hMV535vokd4AaABAg,"Thanks for the video. At this moment, I needed this kind of positive energy to feel cheerful and carefree again.",positive,positive,positive,positive,0.85,positive,0.95,5,positive,1,True,5,1.0,True,True,True,True,True,
UgxtRM7_9S4AOcAvGjp4AaABAg,Best video for motivation💗☀️,positive,positive,positive,positive,0.95,positive,0.95,5,positive,1,True,5,1.0,True,True,True,True,True,
UgwxcV_kcA1vKCl2a9p4AaABAg,💕☀️,positive,positive,neutral,positive,0.98,positive,0.95,5,positive,2,False,4,0.8,True,True,False,True,True,BERTweet
Ugw3NnJ08-uvue7G3HV4AaABAg,YOU were at great risk AND with your own apartment😍,positive,positive,negative,negative,0.5,positive,0.95,5,positive,2,False,3,0.6,True,True,False,False,True,"BERTweet, Gemma"
UgzS_L_dNKXzs6mG2TV4AaABAg,"Luck follows the brave, everything is a risk shizik🤩",positive,positive,positive,positive,0.85,positive,0.95,5,positive,1,True,5,1.0,True,True,True,True,True,
UgxpgJVrc0eKSYr2pMB4AaABAg,"Great, I'm so glad. You will really be a great support to us and a great example 💗🌌💎",positive,positive,positive,positive,0.95,positive,0.95,5,positive,1,True,5,1.0,True,True,True,True,True,
UgxpgJVrc0eKSYr2pMB4AaABAg.8fC2qsKhZhB8fCr0wGfuo1,Thank you dear Elena,positive,positive,positive,positive,0.98,positive,0.95,5,positive,1,True,5,1.0,True,True,True,True,True,
Ugwdu_H18dt9MfK2sQh4AaABAg,He who made himself another cannot...,negative,negative,negative,negative,0.8,negative,0.9,5,negative,1,True,5,1.0,True,True,True,True,True,
Ugyk4Z-pfvtMpfSAyz54AaABAg,There is no movement or movement!,negative,negative,negative,negative,0.7,negative,0.95,5,negative,1,True,5,1.0,True,True,True,True,True,
Ugwx-BgjRZEGU6eIOLt4AaABAg,"Well, did anyone listen to this professor Apasiev,,,The Macedonian people should wake up and listen carefully and process this conversation,,,so think, think about who you are voting for,,,very cleverly put professionally,,,,",neutral,positive,neutral,negative,0.72,positive,0.95,5,,3,False,0,0.0,False,False,False,False,False,
Ugwx-BgjRZEGU6eIOLt4AaABAg.9Aa2MQat_Oa9Dwf8M8bQ87,To listen to him. There are many sympathizers,positive,positive,neutral,positive,0.85,positive,0.95,5,positive,2,False,4,0.8,True,True,False,True,True,BERTweet
Ugwx-BgjRZEGU6eIOLt4AaABAg.9Aa2MQat_Oa9m1TZWq50lD,"<USER> stupid fool, the Prespa agreement is the least harmful agreement, one of the most useful agreements for Macedonia, where we neither change identity nor language nor history textbooks, but entry into NATO and guarding Macedonian skies with Greek planes against those who want to wipe us out as a people, but also as a state, and that is our eastern neighbor, the real enemy of Avnojska SRM",negative,negative,negative,negative,0.5,negative,0.92,5,negative,1,True,5,1.0,True,True,True,True,True,
Ugwpniehivv61ofZpSN4AaABAg,you fool,negative,negative,negative,negative,0.8,negative,1.0,5,negative,1,True,5,1.0,True,True,True,True,True,
UgzQPyQXFTyp2o18-UR4AaABAg,"Long live the Republic of Macedonia! No to the name change, no and no and no!!!",negative,negative,negative,negative,0.8,negative,0.95,5,negative,1,True,5,1.0,True,True,True,True,True,
UgwYeSeAitL4hE9P4gh4AaABAg,LONG LIVE MACEDONIA MACEDONIA FOR THE MACEDONIANS THERE ARE NO CHANGES TO THE NAME OF ANYONE OUTSIDE THE COUNTRY,neutral,positive,positive,positive,0.85,positive,0.95,5,positive,2,False,4,0.8,False,True,True,True,True,CardiffNLP
UgwYeSeAitL4hE9P4gh4AaABAg.8p4bMd1eq5R8pHKbI37T9C,Macedonia is Greek. we ARE fjrom. or Upper Macedonia. north macedonia is the most popular name ever.,neutral,negative,positive,negative,0.8,positive,0.95,5,,3,False,0,0.0,False,False,False,False,False,
UgxoiHFKENxeRn00jVd4AaABAg,"And I don't think you should change your name, namely - Former Yugoslav Republic of Macedonia. You should remember since you were a state, who created you as a people, and who wrote the alphabet for you.",neutral,negative,neutral,negative,0.8,negative,0.95,5,negative,2,False,3,0.6,False,True,False,True,True,"CardiffNLP, BERTweet"
Ugw1p6ESCbVCtPZZF7h4AaABAg,Quitting the EU now!!!!!,negative,negative,negative,negative,0.8,negative,1.0,5,negative,1,True,5,1.0,True,True,True,True,True,
UgwMSjYw3lOYWY-s5td4AaABAg,France has no government after Fr,negative,negative,negative,neutral,0.85,negative,0.95,5,negative,2,False,4,0.8,True,True,True,False,True,Gemma
Ugyy68FXf6tjf-A_M2R4AaABAg,The left with clear views on the Republic of Macedonia👍☀️ 🇲🇰...,positive,positive,neutral,positive,0.85,positive,0.95,5,positive,2,False,4,0.8,True,True,False,True,True,BERTweet
Ugx8KyWDLMEn1ils5St4AaABAg,there are no great circus performers from Titov 😂😂,negative,negative,negative,negative,0.8,negative,0.9,5,negative,1,True,5,1.0,True,True,True,True,True,
UgwNQvn5_bYoS_Kwxd94AaABAg,Why is English used instead of Macedonian?,negative,negative,neutral,neutral,0.7,negative,0.9,5,negative,2,False,3,0.6,True,True,False,False,True,"BERTweet, Gemma"
UgwNQvn5_bYoS_Kwxd94AaABAg.9qR8sh6lZI99qnmxVFiuiT,in the Macedonian language: SDS program 2020 there are no Bulgarians in the CONSTITUTION. and sds idiots and blgar junk j black sea. THIS IS MACEDONIA!!!,negative,negative,negative,negative,0.8,negative,0.95,5,negative,1,True,5,1.0,True,True,True,True,True,
UgwsPLwK3raG3tCSRjF4AaABAg,"Mitsotakis, when he rewrote the Praspa treaty, it struck him in the heart for the pleasure that they have Ancient Macedonia without Macedonians... This Angjusev is just a brain 🤣😅.",positive,negative,neutral,negative,0.8,negative,0.95,5,negative,3,False,3,0.6,False,True,False,True,True,"CardiffNLP, BERTweet"
UgzopOZid-HNwWfuAHh4AaABAg,Kkkkk,neutral,neutral,neutral,negative,0.8,negative,1.0,5,neutral,2,False,3,0.6,True,True,True,False,False,"Gemma, Llama"
Ugx0y8kzLSQ6cEpY04p4AaABAg,GREETINGS TO THE BEST PSYCHOLOGIST IN SKOPJE AND MACEDONIA.,positive,positive,positive,positive,0.85,positive,0.95,5,positive,1,True,5,1.0,True,True,True,True,True,
UgyjternQrgafvjMi2d4AaABAg,Macedonia,neutral,positive,neutral,neutral,0.73,neutral,1.0,5,neutral,2,False,4,0.8,True,False,True,True,True,NLPTown
UgxS13klG8khxEazgmt4AaABAg,THE PHENOMENAL IVANNA.,negative,positive,positive,positive,0.98,positive,0.95,5,positive,2,False,4,0.8,False,True,True,True,True,CardiffNLP
UgyCHqOyVmIk1UQZ4mx4AaABAg,"SUPPORT for our friend Zh.F. SVEKAROVSKA! and we wish to STOP and put an END to URBAN CHAOS, CORRUPTION and PARTISATION in all GOVERNMENT spheres!! as well as a decisive FIGHT against the urban mafia, the construction of a ""March 16"" memorial center, solving issues with the Barracks and improving the ROAD, WATER and UTILITY infrastructure. There will be a special focus on YOUNG PEOPLE, FARMERS and small BUSINESSES, through SUPPORT for STARTUPS, a fund for MICRO LOANS and creating conditions for LOCAL SUSTAINABLE ECONOMIC GROWTH and DEVELOPMENT!!",negative,positive,positive,positive,0.82,positive,0.95,5,positive,2,False,4,0.8,False,True,True,True,True,CardiffNLP
UgzT640OiyvVNFX5ZP94AaABAg,NEVER,negative,negative,neutral,neutral,0.7,negative,1.0,5,negative,2,False,3,0.6,True,True,False,False,True,"BERTweet, Gemma"
UgySQ5VzfsMTv8g5CW54AaABAg,"Yes, there is a lot of misinformation and harmful narratives, and none of yours are more harmful.",negative,negative,negative,negative,0.8,negative,0.9,5,negative,1,True,5,1.0,True,True,True,True,True,
UgxeYFUTce2wFYtrIHZ4AaABAg,"You have a good story, keep researching and posting information.",positive,positive,positive,positive,0.85,positive,0.95,5,positive,1,True,5,1.0,True,True,True,True,True,
UgxgF3F9koYi-xJBiH94AaABAg,Macedonia eternal love without adjectives as in the Bible,neutral,positive,positive,positive,0.85,positive,0.95,5,positive,2,False,4,0.8,False,True,True,True,True,CardiffNLP
UgxgF3F9koYi-xJBiH94AaABAg.9mULaqx0gx99mUcCDGIIpV,"Yes, and Ramses and Ohridski and Tutankhamun Macedonian - ancient northern Macedonian pharaohs.",neutral,positive,neutral,neutral,0.78,neutral,1.0,5,neutral,2,False,4,0.8,True,False,True,True,True,NLPTown
UgxgF3F9koYi-xJBiH94AaABAg.9mULaqx0gx99mUzTrx1ocj,We have a holy name Macedonia greetings,positive,positive,positive,neutral,0.74,positive,0.95,5,positive,2,False,4,0.8,True,True,True,False,True,Gemma
UgxgF3F9koYi-xJBiH94AaABAg.9mULaqx0gx99mWPQr_g50l,@vanevampiro2770 You have a holy name: Republic of NORTH Macedonia!,positive,positive,positive,positive,0.95,positive,1.0,5,positive,1,True,5,1.0,True,True,True,True,True,
UgxgF3F9koYi-xJBiH94AaABAg.9mULaqx0gx99mW_0CbygwS,<USER> without adjectives only biblical name Macedonia,neutral,negative,neutral,negative,0.8,neutral,0.85,5,neutral,2,False,3,0.6,True,False,True,False,True,"NLPTown, Gemma"
UgxgF3F9koYi-xJBiH94AaABAg.9mULaqx0gx99mWa1k1YZPd,"<USER> The first translated Bible is in Gratzki, and this is an ancient Mankidonian area. And they tell you.",neutral,positive,neutral,negative,0.8,neutral,0.85,5,neutral,3,False,3,0.6,True,False,True,False,True,"NLPTown, Gemma"
UgxgF3F9koYi-xJBiH94AaABAg.9mULaqx0gx99mWazL9I-aI,<USER> Greek occupation of Macedonia,neutral,negative,neutral,negative,0.8,negative,0.9,5,negative,2,False,3,0.6,False,True,False,True,True,"CardiffNLP, BERTweet"
UgxgF3F9koYi-xJBiH94AaABAg.9mULaqx0gx99ut2SQ9UM32,<USER> .......... eat z'uto. j sds vc.,neutral,negative,neutral,neutral,0.85,negative,0.95,5,neutral,2,False,3,0.6,True,False,True,True,False,"NLPTown, Llama"
Ugw6ZNclgbliJ5HL0pd4AaABAg,"Well done, let's just continue like this, it's hard for young people to get jobs",positive,positive,negative,negative,0.8,positive,0.85,5,positive,2,False,3,0.6,True,True,False,False,True,"BERTweet, Gemma"
Ugzlf4olLmkZHGcq9HR4AaABAg,"Letter from members of IMRO from the city of Bitola in 1915: ""Sofia To His Majesty the King Your Majesty The Bulgarian flag is waving over Bitola. The cannon booms broke the chains of slavery and the sound of the military trumpet sounded in the fortress of the Bulgarianness on the other side of the Vardar River and proclaimed that Macedonia is free under the scepter of Your Majesty, inseparably united with Bulgaria. Your Majesty, on this memorable day, let us once again offer an oath of allegiance and devotion to the unifier of the Bulgarian hands, an oath of free Bulgarian citizen."" Among the signatories is Anastas Lozanchev, the last living member of the General Staff of the Ilinden Uprising of 1903.",neutral,negative,neutral,positive,0.85,positive,0.95,5,,3,False,0,0.0,False,False,False,False,False,
Ugzlf4olLmkZHGcq9HR4AaABAg.9mWRdKih1Eb9ut2tliUujh,MACEDONIAN PEOPLE HAVE EXISTED FOR 25 CENTURIES. by PHILIP KING OF MACEDONIA. Tatars - Germans 'made' Bulgaria 140 years ago.,neutral,positive,neutral,negative,0.65,negative,0.95,5,,3,False,0,0.0,False,False,False,False,False,
UgxsBOf4VvNp-TlYNAV4AaABAg,Factories to open jobs to open,neutral,negative,neutral,positive,0.85,neutral,1.0,5,neutral,3,False,3,0.6,True,False,True,False,True,"NLPTown, Gemma"
UgyCLMMjoB0vJWNDUTV4AaABAg,"Republic of North Macedonia, since 2019 Former names: F.J.R.O.M, South Serbia, Vardarska Banovina End of story.",neutral,negative,neutral,neutral,0.85,negative,1.0,5,neutral,2,False,3,0.6,True,False,True,True,False,"NLPTown, Llama"
UgyCLMMjoB0vJWNDUTV4AaABAg.9mUCSAvrtAy9mUbHuN_JSG,"North Macedonia - former and Badeshta Bulgarian region. All of Tito's ""Southern Serbia"" and the Vardar banovina are being erased from history. End of story.",negative,positive,negative,negative,0.8,negative,0.9,5,negative,2,False,4,0.8,True,False,True,True,True,NLPTown
UgyCLMMjoB0vJWNDUTV4AaABAg.9mUCSAvrtAy9mW1LZGKs0N,Your wife ironed for three reds in Germany so you could eat bread. End of story.,negative,positive,neutral,negative,0.8,negative,0.95,5,negative,3,False,3,0.6,True,False,False,True,True,"NLPTown, BERTweet"
UgyCLMMjoB0vJWNDUTV4AaABAg.9mUCSAvrtAy9mW1xuHckfh,"<USER> Grandpa, it's much nicer now. In Studentski Grad, Sofia, for two Pirinsko beers and a Shopska salad, we fell in love with all the beautiful Macedonian girls. And they shout WE WANT MORE MORE. Ask your daughter. Greetings, a green one. MAKE LOVE NOT WARE",positive,positive,positive,negative,0.5,positive,0.95,5,positive,2,False,4,0.8,True,True,True,False,True,Gemma
UgyCLMMjoB0vJWNDUTV4AaABAg.9mUCSAvrtAy9mW5g3e6hWC,<USER> since when do you call men who iron you girls. 🤣🤣🤣🤣🤣,neutral,negative,negative,negative,0.8,negative,1.0,5,negative,2,False,4,0.8,False,True,True,True,True,CardiffNLP
UgyCLMMjoB0vJWNDUTV4AaABAg.9mUCSAvrtAy9mW8oMKVzxZ,"@darkomiceski3755 The ancient Macedonians invented sex. Much later, the Bulgarians only upgraded it by adding a woman.",neutral,positive,neutral,negative,0.8,negative,0.95,5,,3,False,0,0.0,False,False,False,False,False,
UgyCLMMjoB0vJWNDUTV4AaABAg.9mUCSAvrtAy9mWBrlfGqk-,"<USER> the only thing the Bulgarians have invented, besides sour milk, is the falsification of history. If it were as you say, you wouldn't be angry at Azis 🤣🤣",negative,negative,negative,negative,0.8,negative,0.95,5,negative,1,True,5,1.0,True,True,True,True,True,
UgyCLMMjoB0vJWNDUTV4AaABAg.9mUCSAvrtAy9mWD6y3nA57,"<USER> On the flag of the real VMRO it says in pure Bulgarian: ""FREEDOM OR SMART"". There is nothing in common with Serbian: ""freedom or death""",neutral,negative,neutral,negative,0.8,positive,0.95,5,,3,False,0,0.0,False,False,False,False,False,
UgyCLMMjoB0vJWNDUTV4AaABAg.9mUCSAvrtAy9mWDkDsSyb1,<USER> since when is freedom a Serbian word? The fact that you are not able to say the letter L so you have to say it as something between l and c is not our problem. And you don't return anything about sex or you're afraid that your boyfriend will get angry. 🤣🤣🤣🤣,negative,negative,negative,negative,0.8,negative,0.95,5,negative,1,True,5,1.0,True,True,True,True,True,
UgyCLMMjoB0vJWNDUTV4AaABAg.9mUCSAvrtAy9mWETVElsMV,"<USER> For sex? Well, the only thing in common between North Macedonians and ancient Alexander the Great is Homosexuality!😂💘😂",neutral,negative,negative,negative,0.8,negative,0.95,5,negative,2,False,4,0.8,False,True,True,True,True,CardiffNLP
UgyCLMMjoB0vJWNDUTV4AaABAg.9mUCSAvrtAy9mWF5frVpkS,<USER> Did you come up with this yourself or did your boyfriend tell you 🤣🤣🤣🤣🤣🤣,neutral,negative,neutral,negative,0.8,negative,1.0,5,negative,2,False,3,0.6,False,True,False,True,True,"CardiffNLP, BERTweet"
UgyCLMMjoB0vJWNDUTV4AaABAg.9mUCSAvrtAy9mWGt74seVM,<USER> That's what all the ancient historians in Skopje told me.,neutral,positive,neutral,negative,0.8,neutral,1.0,5,neutral,3,False,3,0.6,True,False,True,False,True,"NLPTown, Gemma"
UgyCLMMjoB0vJWNDUTV4AaABAg.9mUCSAvrtAy9mWKsKyC-KR,<USER> You either dreamed this or your boyfriend told you when he was sugarcoating you.,neutral,negative,neutral,negative,0.8,negative,0.95,5,negative,2,False,3,0.6,False,True,False,True,True,"CardiffNLP, BERTweet"
UgyCLMMjoB0vJWNDUTV4AaABAg.9mUCSAvrtAy9mWLaFQqaNz,"<USER> This is just the truth. Darko, are you literate? Read a little.",neutral,positive,neutral,negative,0.8,negative,0.95,5,,3,False,0,0.0,False,False,False,False,False,
UgyCLMMjoB0vJWNDUTV4AaABAg.9mUCSAvrtAy9mWLwIGwrRA,<USER> from Bulgarian truth as much as donkey music.,neutral,negative,neutral,negative,0.8,negative,0.95,5,negative,2,False,3,0.6,False,True,False,True,True,"CardiffNLP, BERTweet"
UgyCLMMjoB0vJWNDUTV4AaABAg.9mUCSAvrtAy9mX1kOsL3Ti,"@darkomiceski3755Otroden, don't spit on the roots!",negative,positive,negative,negative,0.8,positive,0.95,5,negative,2,False,3,0.6,True,False,True,True,False,"NLPTown, Llama"
UgyCLMMjoB0vJWNDUTV4AaABAg.9mUCSAvrtAy9mZk6N_hfNx,"@darkomiceski3755 Darko, you are pure Bulgarian!",positive,negative,positive,negative,0.8,positive,0.95,5,positive,2,False,3,0.6,True,False,True,False,True,"NLPTown, Gemma"
UgyCLMMjoB0vJWNDUTV4AaABAg.9mUCSAvrtAy9mZkXCNoeXe,<USER> 🤣🤣🤣🤣🤣,neutral,neutral,neutral,negative,0.8,negative,1.0,5,neutral,2,False,3,0.6,True,True,True,False,False,"Gemma, Llama"
UgyCLMMjoB0vJWNDUTV4AaABAg.9mUCSAvrtAy9mZlMjOIaXd,"<USER> Darko, who is this Warrior with a horse in your picture?",neutral,negative,neutral,neutral,0.65,neutral,1.0,5,neutral,2,False,4,0.8,True,False,True,True,True,NLPTown
UgyCLMMjoB0vJWNDUTV4AaABAg.9mUCSAvrtAy9mZm3qvzeEy,<USER> the one who ironed your mother. It just looks like you jumped on the horse 🤣🤣🤣🤣,negative,negative,neutral,negative,0.5,negative,0.95,5,negative,2,False,4,0.8,True,True,False,True,True,BERTweet
UgyCLMMjoB0vJWNDUTV4AaABAg.9mUCSAvrtAy9mZmd6hmvSf,"<USER> Hey, Darko. Now it is much nicer. In Studentski Grad, Sofia, for two Pirinsko beers and a Shopska salad, we fell in love with all our beautiful Macedonian girls. do you want",positive,positive,positive,positive,0.85,positive,0.95,5,positive,1,True,5,1.0,True,True,True,True,True,
UgyCLMMjoB0vJWNDUTV4AaABAg.9mUCSAvrtAy9ut39LLol_n,<USER> TATIANA MAKEDONKA. cattle @.,neutral,positive,neutral,negative,0.8,negative,0.9,5,,3,False,0,0.0,False,False,False,False,False,
Ugwn8C-fGRyUKtZrmCl4AaABAg,northern history of Titovs that is correct,neutral,neutral,neutral,neutral,0.7,neutral,1.0,5,neutral,1,True,5,1.0,True,True,True,True,True,
Ugwn8C-fGRyUKtZrmCl4AaABAg.9meADekTECt9nkXmSHm_c6,Bulgarian provocateur. Gancho,negative,negative,negative,negative,0.8,negative,1.0,5,negative,1,True,5,1.0,True,True,True,True,True,
Ugwn8C-fGRyUKtZrmCl4AaABAg.9meADekTECt9ut2a7WjLEf,<USER>.....2k d -- e -- b -- i -- l.,neutral,negative,neutral,negative,0.8,negative,1.0,5,negative,2,False,3,0.6,False,True,False,True,True,"CardiffNLP, BERTweet"
UgxFDWOzTG776czPZHF4AaABAg,Break with history,neutral,negative,neutral,negative,0.8,negative,0.95,5,negative,2,False,3,0.6,False,True,False,True,True,"CardiffNLP, BERTweet"
UgyFh-blu8y29b-moBB4AaABAg,Only Macedonia,neutral,negative,neutral,neutral,0.74,negative,0.9,5,neutral,2,False,3,0.6,True,False,True,True,False,"NLPTown, Llama"
UgyFcRrk8jQvOWvqC2R4AaABAg,History does not give bread,negative,negative,neutral,negative,0.7,negative,0.95,5,negative,2,False,4,0.8,True,True,False,True,True,BERTweet
UgyFcRrk8jQvOWvqC2R4AaABAg.9mZu59QI7-E9oCy7NT342-,"COME TO YOUR MOTHER COUNTRY BULGARIA AND WE WILL GIVE YOU BREAD..... , YUGOSLAVIA IS DEAD, STALIN IS DEAD, TITO IS DEAD, THE TRAITOR DIMITROV IS DEAD, THE COMINTER IS DEAD AND MACEDONISM IS INEVITABLE TO DIE, IT IS CLEAR AS THE SLATE DAWN !!!!!SMART OF MACEDONISM, FREEDOM FOR MACEDONIA AND UNITY WITH MOTHER COUNTRY BULGARIA !!!!!!",negative,positive,negative,negative,0.8,negative,0.99,5,negative,2,False,4,0.8,True,False,True,True,True,NLPTown
UgzznKVHe9eNFcgSiZt4AaABAg,You don't live from history,neutral,negative,neutral,negative,0.8,negative,0.95,5,negative,2,False,3,0.6,False,True,False,True,True,"CardiffNLP, BERTweet"
UgzznKVHe9eNFcgSiZt4AaABAg.9mVy4U2wJ7P9mW1-dd2Ccg,You don't make a living from ass licking either.,negative,negative,negative,negative,0.8,negative,0.95,5,negative,1,True,5,1.0,True,True,True,True,True,
UgzznKVHe9eNFcgSiZt4AaABAg.9mVy4U2wJ7P9ut2nM0LEaX,<USER> are you a lick? licks.,neutral,negative,neutral,negative,0.85,negative,1.0,5,negative,2,False,3,0.6,False,True,False,True,True,"CardiffNLP, BERTweet"
Ugz7yqqkJYUI3r3zrVF4AaABAg,"Well done, Mr. Zaklina, you said the most beautiful name I've ever heard to the Kumunars, the North Runaways, and it suits the traitors.",positive,positive,positive,negative,0.8,negative,0.95,5,positive,2,False,3,0.6,True,True,True,False,False,"Gemma, Llama"
Ugx_-7YNdCDBFEdugsN4AaABAg,"For honor and respect, with such people present today, the Macedonian people should lead and the people should follow them for the preservation of Macedonia.",positive,positive,positive,positive,0.85,positive,0.95,5,positive,1,True,5,1.0,True,True,True,True,True,
UgyyQ0l3H5TX0Xu93rl4AaABAg,Bravo Risto Ambassador....,positive,positive,neutral,positive,0.95,positive,0.95,5,positive,2,False,4,0.8,True,True,False,True,True,BERTweet
Ugy-6aXQNS9zijsHnvt4AaABAg,Macedonia eternal.,neutral,positive,neutral,positive,0.85,positive,0.95,5,positive,2,False,3,0.6,False,True,False,True,True,"CardiffNLP, BERTweet"
UgxQgbh-XVePgu2krSF4AaABAg,"Aren't there only 6,143 Macedonians, why are they not interested in what is happening in <3 Macedonia, Eternal Macedonia <3 God bless Pomos.",negative,negative,neutral,positive,0.85,positive,0.95,5,,3,False,0,0.0,False,False,False,False,False,
UgyCEjzkQyzSeUxf6ch4AaABAg,"God, God, how I miss this CIRCUSANT from Gr. Gabrovo Bulgaria - the famous Stefan Vlahov Mitsov! The round table has no color without it!",negative,negative,positive,negative,0.5,positive,0.95,5,negative,2,False,3,0.6,True,True,False,True,False,"BERTweet, Llama"
UgyCEjzkQyzSeUxf6ch4AaABAg.8p5qDF2FupD8pjRl63mjqf,"That in BG. no one had seen him sober. I hope you succeed. Oh, we still have one or two idiots in Gabrovo. And we're giving them away for nothing.",negative,negative,negative,negative,0.8,negative,0.8,5,negative,1,True,5,1.0,True,True,True,True,True,
UgwQUNPWwzrnTAXIxAN4AaABAg,"I'm sad that few Macedonians have seen this video, and I know many of them only believe in euros, damn it! But may the Lord have mercy on them",negative,negative,negative,negative,0.8,negative,0.85,5,negative,1,True,5,1.0,True,True,True,True,True,
UgyLDEpbNHAHECJyDD54AaABAg,42 min. Chilimanov is speaking and the man to the left of Lambe is yawning and going to sleep a little more,negative,negative,neutral,neutral,0.85,neutral,1.0,5,neutral,2,False,3,0.6,False,False,True,True,True,"CardiffNLP, NLPTown"
UgzS_Bj-lHZft_OBEIh4AaABAg,"We will all come out to sing if you make new ones to sing, even though we haven't had a single song out so far, and many others will come out because they haven't been out, I believe in that.",neutral,positive,positive,positive,0.85,positive,0.95,5,positive,2,False,4,0.8,False,True,True,True,True,CardiffNLP
Ugy0CvjNHJIe2hHYJwd4AaABAg,"What a quality collection. The words of the late father of Macedonian poetry, Venko Markovski, somehow hit me like a thunderbolt. gravediggers, who in the late night with lanterns and shovels dig in the grave of Alexander the Great, the ancestor of the Macedonian Slavs. These gravediggers wander in the kingdom of history and touch the coffins of their inventions They, let them become like them...."" he said this in 1971. Nothing has changed to this day.",positive,positive,positive,neutral,0.7,positive,0.95,5,positive,2,False,4,0.8,True,True,True,False,True,Gemma
Ugy0CvjNHJIe2hHYJwd4AaABAg.8pesh8ZI1Df8spW4fnj23x,"What do you expect from a flock of sheep 50 g under the Serbian whip! He spells and slurs, writes in Karadzhica with Latin letters and carries some kind of ancient identity. And he builds it with attempts, after all, the whole world, all their fault. In terms of development and brains, they are really in the Paleolithic, it cannot be helped, they slowly fade into history in a natural way, that's why nobody tells them anything, you can't understand mentally retarded people. That shack they built in Skopje after ten years, the Albanians will clean it down to the ground and start building something conscious from scratch. A tragicomic Balkan circus.",negative,positive,neutral,negative,0.8,negative,0.95,5,negative,3,False,3,0.6,True,False,False,True,True,"NLPTown, BERTweet"
UgzSH1WbtfVDsppPO0t4AaABAg,"Macedonia without its own history as a newly composed state has no future, it will disintegrate.",negative,negative,negative,negative,0.7,negative,0.95,5,negative,1,True,5,1.0,True,True,True,True,True,
UgzSH1WbtfVDsppPO0t4AaABAg.8p18x2YRluo8p1sd76XiR2,That's right,neutral,neutral,positive,positive,0.95,positive,0.95,5,positive,2,False,3,0.6,False,False,True,True,True,"CardiffNLP, NLPTown"
UgzSH1WbtfVDsppPO0t4AaABAg.8p18x2YRluo8p28-EOTxK8,"Until now they lied to you that you are ancient, but now you will understand that you are reborn Bulgarians!",negative,positive,neutral,negative,0.8,positive,0.95,5,,3,False,0,0.0,False,False,False,False,False,
UgzSH1WbtfVDsppPO0t4AaABAg.8p18x2YRluo8p5STNAH-YY,"Konstantin Tonev; Another Tatar philosopher😂 With whose script are you writing here, gypsy one?",neutral,negative,neutral,negative,0.8,negative,0.95,5,negative,2,False,3,0.6,False,True,False,True,True,"CardiffNLP, BERTweet"
UgzSH1WbtfVDsppPO0t4AaABAg.8p18x2YRluo8pemJyiCGo4,"<USER> With the letter created by the will of Boris 1 Tsar of the Bulgarians, and you?",neutral,negative,neutral,negative,0.75,negative,0.95,5,negative,2,False,3,0.6,False,True,False,True,True,"CardiffNLP, BERTweet"
UgzGIw8jdUfEAqMnDu14AaABAg,Well done Alexander,positive,positive,positive,positive,0.95,positive,0.95,5,positive,1,True,5,1.0,True,True,True,True,True,
UgyXbwTo-2Nx1oKqVr94AaABAg,A. Pandov Gentleman Macedonian legend 🇲🇰🇲🇰🇲🇰.,positive,positive,neutral,positive,0.95,positive,0.95,5,positive,2,False,4,0.8,True,True,False,True,True,BERTweet
UgwxgoitteCstpVh3G94AaABAg,Let's see breaking bricks with his head in the studio. Whoever wins is a hero and a patriot,positive,positive,positive,negative,0.8,positive,0.95,5,positive,2,False,4,0.8,True,True,True,False,True,Gemma
Ugw0OTcKmFRWDGZpvwt4AaABAg,"Canada is a federation. The ""journalist"" is unprepared, arrogant.",negative,negative,negative,negative,0.7,negative,0.95,5,negative,1,True,5,1.0,True,True,True,True,True,
UgzmqJiuszdJs0kvEm94AaABAg,"Well, NG ran away the day after the verdict was handed down, well done to the judges",positive,neutral,neutral,negative,0.8,positive,0.95,5,,3,False,0,0.0,False,False,False,False,False,
UgxRNfD2iGnsC6Q24ld4AaABAg,Alice in Wonderland.,neutral,positive,neutral,neutral,0.78,neutral,1.0,5,neutral,2,False,4,0.8,True,False,True,True,True,NLPTown
Ugx_crdyViT0dk9NkoN4AaABAg,ANGELOVA STAND SOLD SOUL,neutral,positive,neutral,negative,0.8,negative,1.0,5,,3,False,0,0.0,False,False,False,False,False,
Ugwt_DL1uHsLuGdHpkt4AaABAg,Half of them declare themselves as Bulgarians,negative,negative,neutral,negative,0.7,negative,0.9,5,negative,2,False,4,0.8,True,True,False,True,True,BERTweet
UgwOMtTq2F8IZCixH-N4AaABAg,"Australia, English and Aboriginal New Zealand, English and Maori",neutral,positive,neutral,neutral,0.74,neutral,0.85,5,neutral,2,False,4,0.8,True,False,True,True,True,NLPTown
UgxAMsIrT2alj-2CRcx4AaABAg,I'm going to fuck you,negative,negative,negative,negative,0.96,negative,1.0,5,negative,1,True,5,1.0,True,True,True,True,True,
Ugw4adf4hO-owSy3VsV4AaABAg,"You Angelov, who made you a General, a general of what, on donkeys, you have been a traitor to the Macedonians, and you have fraternized with the Albanians, you fought for Macedonia, and now you are the best friend of the enemies.",negative,positive,negative,negative,0.8,negative,0.95,5,negative,2,False,4,0.8,True,False,True,True,True,NLPTown
Ugw4adf4hO-owSy3VsV4AaABAg.8sUkb4x0zUZ8sV9jqBbml5,"Do not write ""i"" after a comma. 4th grade",neutral,negative,negative,neutral,0.78,negative,0.9,5,negative,2,False,3,0.6,False,True,True,False,True,"CardiffNLP, Gemma"
Ugzd4idm_4t9iIGUHhh4AaABAg,"I think that considering that the referendum was not successful, now those hundred boycotters have a chance to vote for the candidate who is supported by WMRO DPMNE.",negative,negative,neutral,negative,0.5,positive,0.85,5,negative,3,False,3,0.6,True,True,False,True,False,"BERTweet, Llama"
UgyI68zBRRFzzQqH5RF4AaABAg,6,neutral,positive,neutral,neutral,0.74,neutral,1.0,5,neutral,2,False,4,0.8,True,False,True,True,True,NLPTown
UgygUX95QTnRQPQcCBp4AaABAg,Well done.. 🌹,positive,positive,neutral,positive,0.98,positive,0.95,5,positive,2,False,4,0.8,True,True,False,True,True,BERTweet
UgwmIJhu9fC7g_zXl4d4AaABAg,Congratulations to Russia and Macedonia for their general victory over us!!!!!! ❤️🇲🇰🇷🇺🇲🇰🇷🇺🇲🇰🇷🇺🇲🇰🇷🇺🇲🇰🇷🇺❤️,positive,positive,positive,negative,0.8,positive,0.95,5,positive,2,False,4,0.8,True,True,True,False,True,Gemma
Ugwacsdl3p0StNqtgPF4AaABAg,"Forgive us, Russia, for not being on your side during World War II. We are ungrateful. We could not thank you enough for liberating Bulgaria from Turkish slavery. 🇷🇺🇷🇺🇷🇺🇷🇺🇷🇺🇷🇺🇷🇺",negative,negative,negative,negative,0.8,positive,0.95,5,negative,2,False,4,0.8,True,True,True,True,False,Llama
UgyQr27nt7aBKD-x4kx4AaABAg,Didn't Kovachevski call the Bulgarian authorities to celebrate this day of liberation from those same TATARS?????,negative,negative,neutral,negative,0.8,negative,0.95,5,negative,2,False,4,0.8,True,True,False,True,True,BERTweet
UgwUcnBBRJpwrfZXmCd4AaABAg,"Death of fascism, freedom of the people, congratulations on the ninth of May, long live Macedonia, a geographically free state, greetings, Bitola, Paris",positive,positive,positive,positive,0.85,positive,0.95,5,positive,1,True,5,1.0,True,True,True,True,True,
UgwUcnBBRJpwrfZXmCd4AaABAg.9ao3NcrKnQO9ap4wN-Bauw,Hooray hooray soon hooray,positive,negative,positive,positive,0.98,positive,0.95,5,positive,2,False,4,0.8,True,False,True,True,True,NLPTown
Ugx7nXzqXHAGIlyUkah4AaABAg,"THAT'S HOW I THINK OF HIM = WE STILL HAVE ""NORTHERN"" BULGAROFIL FASCISTS = SO YOU THINK...?????",negative,negative,negative,negative,0.8,negative,0.95,5,negative,1,True,5,1.0,True,True,True,True,True,
UgwlxheZqmQemQS0eF94AaABAg,"They dictate what they sing, they are all just puppets on strings..",negative,negative,negative,negative,0.8,negative,0.95,5,negative,1,True,5,1.0,True,True,True,True,True,
UgzkRykUU-JRLDNfRX54AaABAg,"Mr. Nikolov, if you become Prime Minister, don't fight with stupid political things. Get to work. The economy is on the main agenda so that young people stay at home in their country and their families. Greetings.",negative,positive,positive,positive,0.75,positive,0.85,5,positive,2,False,4,0.8,False,True,True,True,True,CardiffNLP
UgxWpKJFff939K9yUNR4AaABAg,"We hope you mature. Love and respect, brothers! 🇧🇬❤️🇲🇰",positive,positive,positive,positive,0.85,positive,0.95,5,positive,1,True,5,1.0,True,True,True,True,True,
UgxWpKJFff939K9yUNR4AaABAg.9Gq4-nmADFV9uNNWvwcBQ0,MACEDONIAN PEOPLE HAVE EXISTED FOR 25 CENTURIES. from PHILIP KING OF MACEDONIA 4th century before this era to the present 36th century. LONG LIVE M A K E D O N I Y A !!,neutral,positive,positive,positive,0.85,positive,0.95,5,positive,2,False,4,0.8,False,True,True,True,True,CardiffNLP
UgwGZ0dAVBxJoQCCWAh4AaABAg,Now the only solution is for Zaev to marry Boris so that the negotiations can begin,neutral,positive,neutral,negative,0.8,negative,0.95,5,,3,False,0,0.0,False,False,False,False,False,
Ugzm2c_a_y5tVEjyp0R4AaABAg,The Tatars are the biggest enemy of Macedonia,negative,negative,negative,negative,0.8,negative,1.0,5,negative,1,True,5,1.0,True,True,True,True,True,
UgxlyJQXuZiVeDlxIwR4AaABAg,Macedonia has roots with Serbia and not with Bulgarians.,neutral,negative,neutral,negative,0.8,positive,0.95,5,,3,False,0,0.0,False,False,False,False,False,
UgxlyJQXuZiVeDlxIwR4AaABAg.9FUcWNe3YOx9FUt6xJbcEA,"Hey, finally, you admit to yourself where they send you a smooth dog. How long have I been waiting for you to confess? Your mommy!",positive,positive,positive,negative,0.8,negative,1.0,5,positive,2,False,3,0.6,True,True,True,False,False,"Gemma, Llama"
UgxlyJQXuZiVeDlxIwR4AaABAg.9FUcWNe3YOx9FzPIEiip83,"you, as a Serb, have nothing to do with Macedonia 😂",negative,negative,negative,negative,0.8,negative,0.9,5,negative,1,True,5,1.0,True,True,True,True,True,
UgzAr6v6M2oEKEEXkjx4AaABAg,Now say: We were Bulgarians...,neutral,negative,neutral,neutral,0.7,positive,0.95,5,neutral,3,False,3,0.6,True,False,True,True,False,"NLPTown, Llama"
UgzAr6v6M2oEKEEXkjx4AaABAg.9FUeNZDQsCm9FUszqzUAuN,You were Bulgarians!,neutral,negative,neutral,positive,0.85,negative,0.95,5,,3,False,0,0.0,False,False,False,False,False,
UgzAr6v6M2oEKEEXkjx4AaABAg.9FUeNZDQsCm9uNN-qNhORu,<USER> TATIANA MAKEDONKA. ox @.,neutral,negative,neutral,neutral,0.7,neutral,1.0,5,neutral,2,False,4,0.8,True,False,True,True,True,NLPTown
Ugz_yyaGOWkTE2yx8E94AaABAg,There is no movement or movement!,negative,negative,negative,negative,0.7,negative,0.95,5,negative,1,True,5,1.0,True,True,True,True,True,
Ugx-a_oQUcjTeYBzd7R4AaABAg,"This provincial language is typical for Rama, nothing nev...",negative,neutral,neutral,negative,0.7,negative,0.95,5,negative,2,False,3,0.6,True,False,False,True,True,"NLPTown, BERTweet"
Ugx-a_oQUcjTeYBzd7R4AaABAg.9ccLxlmItza9ceiFoNUyY3,"What is provincial Victor? because he said that ""Bulgaria is keeping Albania's and North Macedonian membership to the EU because of its interest while a war is going on and while both countries have agreed everything""? You have to be ignorant or believe nationalists to boil like you. Ic a shame (if youre Bulgarian) to think like that! You do not stop FRIENDS only because you have an issue with others. There is time and space to deal with that, but not like this. When Bulgaria entered the EU in 2008, an average Bulgarian used to have half of the salary an Albanian has today. You put no high rank politician in prison that time (not new) while Albania and North Macedonia are doing that before entering! I am amazed when I hear people like you talking about neighbors like that! Shame on you and your politics!!!",negative,negative,negative,negative,0.8,negative,0.95,5,negative,1,True,5,1.0,True,True,True,True,True,
Ugx-a_oQUcjTeYBzd7R4AaABAg.9ccLxlmItza9vixarAggKS,<USER>........... eat yellow. in bg vc.,neutral,negative,neutral,neutral,0.85,neutral,1.0,5,neutral,2,False,4,0.8,True,False,True,True,True,NLPTown
UgzwnBpXhlIKnfAom3l4AaABAg,Hahaa Defend Moscow and Belgrade,neutral,positive,neutral,negative,0.7,positive,0.95,5,,3,False,0,0.0,False,False,False,False,False,
UgzwnBpXhlIKnfAom3l4AaABAg.9ce7WzEk2m19hZHy2XOI_B,<URL>,neutral,neutral,neutral,negative,0.8,negative,0.75,5,neutral,2,False,3,0.6,True,True,True,False,False,"Gemma, Llama"
UgwXPoA4DqsGHRIouQt4AaABAg,"Well, first say it, do it in Macedonia",neutral,positive,neutral,negative,0.85,neutral,1.0,5,neutral,3,False,3,0.6,True,False,True,False,True,"NLPTown, Gemma"
UgxCQjxBGGn_zv_EH0N4AaABAg,So you let Tetovo do what they want here,negative,positive,neutral,negative,0.7,negative,0.95,5,negative,3,False,3,0.6,True,False,False,True,True,"NLPTown, BERTweet"
Ugy57w1LdoGejcFClwJ4AaABAg,There are strange drugs these days...,negative,negative,negative,negative,0.7,negative,0.9,5,negative,1,True,5,1.0,True,True,True,True,True,
UgxGfWMqgM_gHpsPzlx4AaABAg,"Do you think that the Greeks will allow our people to settle so easily? You have nothing to do with them, even if we are in the EU",negative,negative,negative,negative,0.75,negative,0.9,5,negative,1,True,5,1.0,True,True,True,True,True,
UgyEeIAdcFz99ENOebd4AaABAg,"But you are not Albanian, my friend",neutral,neutral,neutral,negative,0.8,negative,0.9,5,neutral,2,False,3,0.6,True,True,True,False,False,"Gemma, Llama"
UgwT-mnIRHBeavjEVZ54AaABAg,"Don't talk nonsense, go settle down.",negative,negative,negative,negative,0.7,negative,0.95,5,negative,1,True,5,1.0,True,True,True,True,True,
UgxExyKhJl7FdXEZPAl4AaABAg,Sobën One në mozes to Baselit stop.lesper one,negative,negative,neutral,negative,0.8,negative,0.95,5,negative,2,False,4,0.8,True,True,False,True,True,BERTweet
UgwCfFvFB3zCW2nHiFp4AaABAg,"Yes, that's right, but let's be Albanians, not Macedonians/Kodos!!!!",neutral,neutral,neutral,negative,0.8,negative,0.95,5,neutral,2,False,3,0.6,True,True,True,False,False,"Gemma, Llama"
Ugx_iBDt8ZxFuVoPhOt4AaABAg,"What is Zaev's English, passionately, a man without a complex! Hand in hand with Stoltenberg!",positive,positive,neutral,negative,0.7,negative,0.95,5,,3,False,0,0.0,False,False,False,False,False,
Ugz9EmklEzM9KoWcwxx4AaABAg,"All that is nice, but............🙇 ♂️🙇 ♂️🙇 ♂️🙇 ♂️",negative,neutral,neutral,neutral,0.65,negative,0.8,5,neutral,2,False,3,0.6,False,True,True,True,False,"CardiffNLP, Llama"
Ugx9KRJ0GXSkHNc68N14AaABAg,"Once again, we must make it clear that no one in Bulgaria has ever challenged the right of people in North Macedonia to call themselves what they want and, accordingly, to identify their language in the same way. However, the right to self-determination belongs to the living. No one gives them the right to change the declared identity of the dead, who have been defined as Bulgarians for twelve centuries...",negative,positive,neutral,negative,0.7,negative,0.95,5,negative,3,False,3,0.6,True,False,False,True,True,"NLPTown, BERTweet"
Ugx9KRJ0GXSkHNc68N14AaABAg.9O_Z5sA_BqC9Oa7CcYIDBv,"You said it ""very nicely"", so you even tried to use the literary Macedonian language, what you wrote is called ""not by the neck but by the neck"" and of course it is bizarre to mention the dead, let them rest in peace!",negative,negative,negative,negative,0.5,negative,0.95,5,negative,1,True,5,1.0,True,True,True,True,True,
UgxoL9U57OBXGAtIYoB4AaABAg,"NATO is not worth anything when you are degraded, humiliated, undervalued, there the decisions are made by others and you are just scumbags, no one blames you for anything.",negative,negative,negative,negative,0.8,negative,0.95,5,negative,1,True,5,1.0,True,True,True,True,True,
UgyosnLmVah3-r8kIh14AaABAg,"Wow!!! Terrible!!! And after that, the same date for Europe :))) you speak in strumica, don't be embarrassed, man, your intelligence is low, you can't go to Europe, man, with torn panties and pincers in your head...",negative,negative,negative,negative,0.8,negative,0.95,5,negative,1,True,5,1.0,True,True,True,True,True,
UgzmTHwjEZYImEiZuoV4AaABAg,"if the Greeks are your friends, you would not insist on changing the name of your country.",negative,neutral,neutral,negative,0.8,negative,0.95,5,negative,2,False,3,0.6,True,False,False,True,True,"NLPTown, BERTweet"
UgzmTHwjEZYImEiZuoV4AaABAg.8hQ7ycPoKzj8hR2Faq2MRB,"ivica (ILJAZ), ,,,how much you praised GOVEDOVO, and now you have gone too far,,,,take off your panties and bow, and that's it,,,,,,",negative,negative,negative,negative,0.8,negative,0.95,5,negative,1,True,5,1.0,True,True,True,True,True,
UgzmTHwjEZYImEiZuoV4AaABAg.8hQ7ycPoKzj8hRochOnOTN,ONLY A LADY CAN END THIS UNIFIED MACEDONIA AND MR. JANKO BACEV JUDA (ZAEV) YOU KNOW HOW MANY YEARS YOU WILL GET IN PRISON AND THAT FOOL AROUND YOU ONLY ALL OF YOU FIRST RETURN THE MONEY YOU STOLE FROM THE MACEDONIAN PEOPLE,negative,negative,negative,negative,0.8,negative,0.95,5,negative,1,True,5,1.0,True,True,True,True,True,
UgxE67pBwJ2b1z0dsF54AaABAg,"It is not a matter of whether he gives suggestions, but what those suggestions are and what they contain, but you know that very well, what I set out to explain to you. This one from above watches and remembers.",neutral,positive,neutral,neutral,0.7,negative,0.55,5,neutral,3,False,3,0.6,True,False,True,True,False,"NLPTown, Llama"
UgwIgRmcavgVEXD9dKp4AaABAg,Termination of the agreement with Bulgaria immediately,negative,negative,negative,negative,0.8,negative,0.95,5,negative,1,True,5,1.0,True,True,True,True,True,
Ugz0JVFkD5wmWQyUXKN4AaABAg,"Abe Bujar, will your proposal be translated into Macedonian or will it be delivered to you in an undefined language with undefined and undefined tasks, just like Prespa?",neutral,negative,neutral,negative,0.8,negative,0.95,5,negative,2,False,3,0.6,False,True,False,True,True,"CardiffNLP, BERTweet"
Ugz0JVFkD5wmWQyUXKN4AaABAg.9cOgrbi5Frf9cSJon4Ntjp,"The idea is that in 1944 the Macedonian language was not created out of nothing, but the Bulgarian language was taken and restructured, on purpose, because that's what the communists decided. You call it what you want, but there is no way for your communist rulers to continue with lies. The language is from 1944 and is restructured Bulgarian. That's it... forgeries about the Macedonian language from the Middle Ages are a crime.",negative,negative,negative,negative,0.8,negative,0.95,5,negative,1,True,5,1.0,True,True,True,True,True,
Ugxi9VF2QM2m2liRA_N4AaABAg,"They are running away from the world like stray dogs, they will be destroyed by those sent by Russia",negative,negative,negative,negative,0.8,negative,0.95,5,negative,1,True,5,1.0,True,True,True,True,True,
UgzwNd3aMF0xjJnmHr94AaABAg,"The happiest day for Macedonia is celebrated by Macedonia, never in the EU and NATO. Thanks be to the great God, we were not rejected by homosexuals as police officers for Macedonia",positive,positive,positive,negative,0.8,positive,0.95,5,positive,2,False,4,0.8,True,True,True,False,True,Gemma
UgyQfaPAseIr04NHgS14AaABAg,"R. Macedonia is a state... Macedonia is a REGION in the Balkans, which is the Greek problem..",negative,negative,negative,negative,0.75,negative,0.95,5,negative,1,True,5,1.0,True,True,True,True,True,
UgxbeT2eFy2wesI2H0l4AaABAg,"Boretese Macedonians, don't give up! Don't let Zaev decide the fate of the Eden Pomegranate! They brought down the Government! Macedonia doesn't need such idiots! Greetings from Australia",negative,negative,negative,negative,0.8,positive,0.85,5,negative,2,False,4,0.8,True,True,True,True,False,Llama
Ugy2PUEBWO2ZZtRYvhF4AaABAg,THE MACEDONIAN PEOPLE HAVE IDENTITY FOR 25 CENTURIES. by PHILIP KING OF MACEDONIA. heleni - Otto Deutsch 'made' Greece 190 years ago.,neutral,positive,neutral,negative,0.75,negative,0.95,5,,3,False,0,0.0,False,False,False,False,False,
UgwLaFGDfwvpdpHNUdh4AaABAg,"Well, everything is okay, don't you, because they don't want to include the Bulgarians in the constitution, the problem is Serbia and Russia are afraid of them, because if we enter Europe, the Serbs will lose the opportunity to lead the country as they have been administering it since 1945 until today, unfortunately the citizens of Macedonia are captured by the Serb-Macedonians",negative,neutral,negative,negative,0.8,negative,0.8,5,negative,2,False,4,0.8,True,False,True,True,True,NLPTown
UgyDwqziucv20iryD7t4AaABAg,"Abe Stefan, what you said was very rude, brother. People won't like it, hey",negative,negative,negative,negative,0.8,negative,0.95,5,negative,1,True,5,1.0,True,True,True,True,True,
Ugy1T4WvtW-CDXWcjWN4AaABAg,"Well done, President Radev, how long have you been waiting until now? Greece Macedonia Bulgaria Delta in the Balkans nicely said...",positive,positive,positive,negative,0.8,positive,0.95,5,positive,2,False,4,0.8,True,True,True,False,True,Gemma
UgxCaNzl_Xhv2url7qx4AaABAg,Hahaha.....nice guy,positive,positive,positive,positive,0.85,positive,0.95,5,positive,1,True,5,1.0,True,True,True,True,True,
Ugyumv9DdtQa3h4U95l4AaABAg,Albania - Bulgaria - common border sooner than expected!,neutral,positive,positive,positive,0.85,positive,0.95,5,positive,2,False,4,0.8,False,True,True,True,True,CardiffNLP
Ugyumv9DdtQa3h4U95l4AaABAg.9c8uSBI3K7M9c9FI_87575,"Bulgarian whores from 2 reds to 20 leva now. Well, without an eraser, bro.",negative,negative,negative,negative,0.8,negative,0.95,5,negative,1,True,5,1.0,True,True,True,True,True,
Ugyumv9DdtQa3h4U95l4AaABAg.9c8uSBI3K7M9cADtT_OBOY,<USER> username Darpay huja,neutral,negative,neutral,neutral,0.7,negative,0.94,5,neutral,2,False,3,0.6,True,False,True,True,False,"NLPTown, Llama"
Ugyumv9DdtQa3h4U95l4AaABAg.9c8uSBI3K7M9cAH4bR_HiJ,If MOTHERS are PUSHED with the ASS ♂️ 🤷,negative,neutral,negative,negative,0.8,negative,0.95,5,negative,2,False,4,0.8,True,False,True,True,True,NLPTown
Ugyumv9DdtQa3h4U95l4AaABAg.9c8uSBI3K7M9cBNgqgDMeV,"<USER> take it easy, Bulgarian brother, my mother doesn't make a living by peeing in gauze, like your ""Macedonian"" relatives do. Be proud of your history, be proud of being BALGARIAN!!!",negative,positive,neutral,negative,0.85,negative,0.95,5,negative,3,False,3,0.6,True,False,False,True,True,"NLPTown, BERTweet"
Ugyumv9DdtQa3h4U95l4AaABAg.9c8uSBI3K7M9imWam0U4VD,"<USER> my, Macedonia of the Macedonians",neutral,neutral,neutral,negative,0.8,positive,0.95,5,neutral,3,False,3,0.6,True,True,True,False,False,"Gemma, Llama"
Ugyumv9DdtQa3h4U95l4AaABAg.9c8uSBI3K7M9y01GkZI5oD,"<USER> The North Macedonian kurvets for no money are ripping off the Albanians, just to run away from you 😉",negative,negative,negative,negative,0.8,negative,0.95,5,negative,1,True,5,1.0,True,True,True,True,True,
Ugz7Z04EQFTcjXV6wQh4AaABAg,"From Rama's mouth, to God's ears!",neutral,positive,positive,positive,0.98,positive,0.95,5,positive,2,False,4,0.8,False,True,True,True,True,CardiffNLP
Ugz7Z04EQFTcjXV6wQh4AaABAg.9c8PbCnKG9W9cAHI0XoA4n,And on MAJKATI GAZ? 🤷‍♂️😋,neutral,negative,neutral,positive,0.85,neutral,0.9,5,neutral,3,False,3,0.6,True,False,True,False,True,"NLPTown, Gemma"
Ugz7Z04EQFTcjXV6wQh4AaABAg.9c8PbCnKG9W9cAJ0OhWxUu,<USER> 😷,negative,neutral,neutral,neutral,0.74,negative,0.9,5,neutral,2,False,3,0.6,False,True,True,True,False,"CardiffNLP, Llama"
Ugw0CaT-p7fqbe5Uccl4AaABAg,Rama is margarine,negative,negative,neutral,negative,0.8,negative,0.95,5,negative,2,False,4,0.8,True,True,False,True,True,BERTweet
Ugw7oCTUDTLFIfInGv54AaABAg,"😂😂😂..............Edi Rama is joking, but he told you the truth😂! Why does Kovacevski not want to comment on his wife's Bulgarian ancestry, huh???",negative,negative,neutral,negative,0.65,negative,0.8,5,negative,2,False,4,0.8,True,True,False,True,True,BERTweet
Ugw7oCTUDTLFIfInGv54AaABAg.9c8Yg__nxvi9c8cRmJQ19z,"Orle, zorle, beauty, can't you wear a hat?",negative,positive,neutral,negative,0.8,negative,0.95,5,negative,3,False,3,0.6,True,False,False,True,True,"NLPTown, BERTweet"
Ugw7oCTUDTLFIfInGv54AaABAg.9c8Yg__nxvi9c8nau_ZeYO,"<USER> username, the truth is that you are Bulgarians and traitors!",negative,negative,negative,negative,0.85,negative,1.0,5,negative,1,True,5,1.0,True,True,True,True,True,
Ugw7oCTUDTLFIfInGv54AaABAg.9c8Yg__nxvi9c9U6epzOH9,It is so and not only him,neutral,neutral,neutral,neutral,0.7,neutral,0.85,5,neutral,1,True,5,1.0,True,True,True,True,True,
Ugw7oCTUDTLFIfInGv54AaABAg.9c8Yg__nxvi9c9gRpJc2of,"<USER> let's send all the Huns to Pakistan! Kovachevski wants to set everyone up against Bulgaria, but it's a joke - he invited Rama, Vucic, Gracchio Precednik, and Bulgaria eats shit, right! Let's go to Pakistan!",negative,negative,negative,negative,0.8,negative,0.95,5,negative,1,True,5,1.0,True,True,True,True,True,
Ugw7oCTUDTLFIfInGv54AaABAg.9c8Yg__nxvi9c9gbnmnh5Q,"Vincenzo Christov - those communists are a shame, there is no one to tell them that Tito died and KolishevSki- and Dimitrov, they live in a fictional world!",negative,negative,negative,negative,0.8,negative,0.95,5,negative,1,True,5,1.0,True,True,True,True,True,
Ugw7oCTUDTLFIfInGv54AaABAg.9c8Yg__nxvi9c9h-ay64KP,"<USER> we use Bulgarians, of course, like Gotse Delchev, Dame Gruev and the Miladino brothers! And what kind of Hunza are you from the Kalash tribe or the family of Petrola, Aminta, Zeus and Alexander the Great - Acr Pedero, that Hephaestion worked him in the ass - hahaha",neutral,negative,neutral,negative,0.8,negative,0.95,5,negative,2,False,3,0.6,False,True,False,True,True,"CardiffNLP, BERTweet"
Ugw7oCTUDTLFIfInGv54AaABAg.9c8Yg__nxvi9vrklPeFi1V,<USER>................... you suck. j Black Sea.,negative,negative,negative,negative,0.8,negative,1.0,5,negative,1,True,5,1.0,True,True,True,True,True,
Ugx2S8P6ntwQt0dgXKB4AaABAg,"Kovacovski, instead of laughing, should have said that Albania and Kosovo are southern hubs, so let him be sarcastic",negative,neutral,neutral,negative,0.8,negative,0.9,5,negative,2,False,3,0.6,True,False,False,True,True,"NLPTown, BERTweet"
Ugx2S8P6ntwQt0dgXKB4AaABAg.9c8oIdbZ6-79c96o6ggJA7,only that for them Kosovo is a server Albanian country and it is the UK for them,neutral,neutral,neutral,negative,0.8,negative,0.95,5,neutral,2,False,3,0.6,True,True,True,False,False,"Gemma, Llama"
UgyyMEKj-vyaUTQc9yx4AaABAg,"Larg duart nga MACEDONIA🇲🇰, Bulgarian Tatars, Mongolians🇧🇬🟰🇲🇳",neutral,negative,neutral,negative,0.8,neutral,1.0,5,neutral,2,False,3,0.6,True,False,True,False,True,"NLPTown, Gemma"
UgxGNmuNMX5YrCWG6K94AaABAg,"This statement of the Albanian is not accidental at all. If you are farsighted, you will realize that he is talking about Greater Albania, which will include today's Albania, Kosovo and Western Macedonia. After the collapse of the artificial state of North Macedonia, the Albanians will generously give its eastern part to Bulgaria. Western Macedonia will have a 100% Albanian population in just a few decades. Then we know what will happen in the history of Kosovo.",negative,negative,neutral,negative,0.75,negative,0.95,5,negative,2,False,4,0.8,True,True,False,True,True,BERTweet
UgxGNmuNMX5YrCWG6K94AaABAg.9cA6myVRH_r9cAl_bT8PKn,Well refined answer !!!!,positive,positive,positive,positive,0.95,positive,0.95,5,positive,1,True,5,1.0,True,True,True,True,True,
UgxGNmuNMX5YrCWG6K94AaABAg.9cA6myVRH_r9cGDF83c6xv,"You are right with everything that has been said, this 100% Albanian population is only in Debar, Gostivar and Tetovo, even if it is not 100%, because there is no way for the Macedonians to move from there by force! Ohrid, Bitola, Prilep, Struga and Kichevo continue to fight Macedonian (Bulgarian)",negative,positive,neutral,negative,0.8,negative,0.95,5,negative,3,False,3,0.6,True,False,False,True,True,"NLPTown, BERTweet"
UgxGNmuNMX5YrCWG6K94AaABAg.9cA6myVRH_r9cGnRSvyZ7i,"<USER> username The Turkish population is not increasing, but standing at the same level, so there is nothing to be afraid of, and there are no Tatars in our country, that's why...",neutral,neutral,neutral,negative,0.8,negative,0.95,5,neutral,2,False,3,0.6,True,True,True,False,False,"Gemma, Llama"
UgxGNmuNMX5YrCWG6K94AaABAg.9cA6myVRH_r9cGp43G2Dnc,"<USER> username First, no Bulgarian is a Tatar (I don't know if you know what they are), Turks and Roma will be less because many migrants will return and we will increase births, within 10 years it will happen, because we will have a new and better government...",neutral,negative,neutral,negative,0.75,positive,0.85,5,,3,False,0,0.0,False,False,False,False,False,
UgxGNmuNMX5YrCWG6K94AaABAg.9cA6myVRH_r9cHxH9SL7RT,"<USER> username The fact is that Aparukh Kuber's brother took his people to the territory of North Macedonia. The fact is that if we are Tatars, you are also Tatars, because you are Bulgarians, regardless of whether you declare yourself as an alien or a North Macedonian (whatever that means). The truth hurts, doesn't it?! Boo-ha-ha!",neutral,negative,neutral,negative,0.8,negative,0.95,5,negative,2,False,3,0.6,False,True,False,True,True,"CardiffNLP, BERTweet"
UgxGNmuNMX5YrCWG6K94AaABAg.9cA6myVRH_r9vrlULikaNd,<USER> TATIANA MAKEDONKA. cattle @.,neutral,positive,neutral,negative,0.8,negative,0.9,5,,3,False,0,0.0,False,False,False,False,False,
Ugyosc-nYqi7qy4kRgR4AaABAg,👌Hahaha 😂😂😂😂😂😂😂😂,positive,positive,neutral,positive,0.98,negative,1.0,5,positive,3,False,3,0.6,True,True,False,True,False,"BERTweet, Llama"
Ugyosc-nYqi7qy4kRgR4AaABAg.9c8axSysBYw9c983IBILcv,<USER> we use <URL> 🤣Hahaha 😂😂😂😂😂😂,neutral,positive,neutral,positive,0.95,negative,1.0,5,,3,False,0,0.0,False,False,False,False,False,
Ugyosc-nYqi7qy4kRgR4AaABAg.9c8axSysBYw9cB-jlVNg3R,<USER> troll!,negative,negative,negative,negative,0.8,negative,1.0,5,negative,1,True,5,1.0,True,True,True,True,True,
Ugyosc-nYqi7qy4kRgR4AaABAg.9c8axSysBYw9cB162gUUOB,<USER> usnerame you are only proving the truth idiot!,negative,negative,negative,negative,0.8,negative,1.0,5,negative,1,True,5,1.0,True,True,True,True,True,
Ugyosc-nYqi7qy4kRgR4AaABAg.9c8axSysBYw9vrl9rhUks2,<USER> hee hee hee. e -- e -- b -- i -- l.,neutral,negative,neutral,negative,0.8,negative,0.95,5,negative,2,False,3,0.6,False,True,False,True,True,"CardiffNLP, BERTweet"
UgyLdAz-_4VnWDgSW-94AaABAg,that is the truth,neutral,negative,positive,positive,0.98,positive,0.95,5,positive,3,False,3,0.6,False,False,True,True,True,"CardiffNLP, NLPTown"
UgyLdAz-_4VnWDgSW-94AaABAg.9c8XuxRFGa19c8pBc86KA-,"<USER> username, the truth is that we often annex you and we are not Tatars",neutral,negative,neutral,negative,0.8,negative,0.95,5,negative,2,False,3,0.6,False,True,False,True,True,"CardiffNLP, BERTweet"
UgyLdAz-_4VnWDgSW-94AaABAg.9c8XuxRFGa19c91ytNLC6v,"<USER> let's use Russia and Turkey 🤣🤣 Russia, where the whole world is after all them, and Turkey, where it has problems with Cardi and Armenians, Garcia alone can beat them",negative,negative,neutral,negative,0.8,negative,0.94,5,negative,2,False,4,0.8,True,True,False,True,True,BERTweet
UgyLdAz-_4VnWDgSW-94AaABAg.9c8XuxRFGa19c920pJxmy9,<USER> username and you only have lies,negative,negative,negative,negative,0.8,negative,1.0,5,negative,1,True,5,1.0,True,True,True,True,True,
UgyLdAz-_4VnWDgSW-94AaABAg.9c8XuxRFGa19c93CVYkr5i,"<USER> username <URL> ONLY A LOWER HUNZA COULD INVENT THIS. AS A HUNZA YOU HAVE THE SAME DNA WITH THE GYUPTS. AND AS A HEIR OF EGEANS FROM KAVALA AND LERIN I KNOW THAT THE TATAR WOMEN ARE IN KUMANovo, TATAR ELEVTS, NOGAEVTS, TATARS. TATARLS....THE ENTIRE NORTHERN PART OF THE WELL TERRITORY OF MACEDONIA, WHICH TATARS SETTLED IN THE 13TH CENTURY. WHAT ARE YOU????ANCIENT HEIR OF THE ANCIENT HELLENIC GAY MEGA ALEXANDROS????? HUNZA S KING MIR GHAZAN KHAN ALI?????GYPTIN TARTAR ??? DON'T MORRY IN THE LITTLE NORTH WITH ANCIENT BURUSHASKIS FROM KARAKORUM AND NORTHERN PAKISTAN.<URL> ZIEZI EX KUO VULGARES BY GOD WE ARE BULGARIANS AND YOU ARE FROM AFTER SLEEPING NORTHERN HUNZA",negative,negative,neutral,negative,0.8,negative,0.95,5,negative,2,False,4,0.8,True,True,False,True,True,BERTweet
UgyLdAz-_4VnWDgSW-94AaABAg.9c8XuxRFGa19c93mBdMl3q,<USER> user TRUE <URL>,neutral,negative,neutral,negative,0.5,negative,0.75,5,negative,2,False,3,0.6,False,True,False,True,True,"CardiffNLP, BERTweet"
UgyLdAz-_4VnWDgSW-94AaABAg.9c8XuxRFGa19cAL44BxcII,"<USER> we use the TRUTH (THERE HE WASN'T THERE TO DO WHAT HE WANTED, SOUTHERN SERAB BANOVINA GYPTI BAGS ....) WE WERE TODAY AND WE WILL BE BALGARIANS, SIT NORTHERN GYPTI <URL>",negative,negative,neutral,negative,0.8,negative,0.95,5,negative,2,False,4,0.8,True,True,False,True,True,BERTweet
UgyLdAz-_4VnWDgSW-94AaABAg.9c8XuxRFGa19cAL_Bp0-2R,"<USER> username there is no SERBIAN LIE, NO OTTOMAN LIE, NO BULGARIAN LIE, NO CROATIAN LIE, NO GREEK LIE, NO ALBANIAN LIE. YOU ARE A LIAR, NO PROBLEM IT IS BAD YOU LIKE THOSE FAKE DREAMS",negative,negative,negative,negative,0.8,negative,0.95,5,negative,1,True,5,1.0,True,True,True,True,True,
UgyLdAz-_4VnWDgSW-94AaABAg.9c8XuxRFGa19cALnp541CP,"<USER> we lie and marry <URL>. YOU ARE LIKE A LIGHT WOMAN, YOU ARE LIGHT AND ALL SATISFIED",positive,positive,positive,negative,0.85,positive,0.95,5,positive,2,False,4,0.8,True,True,True,False,True,Gemma
UgyLdAz-_4VnWDgSW-94AaABAg.9c8XuxRFGa19cAN1t_bpyC,<USER> USER ONLY SEERE te ti and AMERICAN LIES <URL>,neutral,negative,negative,negative,0.8,negative,0.95,5,negative,2,False,4,0.8,False,True,True,True,True,CardiffNLP
UgyLdAz-_4VnWDgSW-94AaABAg.9c8XuxRFGa19cDXvxfRBD4,<USER> user and what about us????? I WILL MAKE YOU AWARE BADI RAHAT. THE EASIEST TO MAKE YOU AWARE ARE THOSE WHO ARE DEEPLY BRAINWASHED.,negative,negative,negative,negative,0.8,negative,0.95,5,negative,1,True,5,1.0,True,True,True,True,True,
UgyLdAz-_4VnWDgSW-94AaABAg.9c8XuxRFGa19cDf9Oj1u9B,"<USER> username ??????GIVE THE FACTS THAT THE BULGARIANS ARE TATARS?????I GIVE YOU IN THE HUNGARIAN AND CROATIAN HISTORY WHEN THE TATARS DESTROYED THOSE LAND IN THE 13TH CENTURY, THEY CAME BACK, THEN STOPPED IN THE NORTHERN PARTS OF TODAY'S DAMAGED TERRITORY MACEDONIA. THEY LIKED YOUR GRANDMOTHERS AND THEY STAYED AND CREATED KUMANOVA, TATAR ELEVTS, NOGAEVTS, TATARS......WHAT ARE YOU HUNZO NEDNA??? WHAT IS THE NAME OF THE AIRPORT IN SKOPJE, WHAT IS THE NAME OF THE MONUMENT???? YOU HAVE BEEN PROVED THAT YOU ARE BRAINWASHED GUYS THIEVES OF ANCIENT HISTORY.NOW WE PROVE YOU ARE STEALING MEDIEVAL HISTORY TO THE 20TH CENTURY TOO.THE FLAG IS PROVEN TO BE STOLEN FROM THE IMPERIAL JAPANESE NAVY????NOW WHAT? YOU ARE LOOKING FOR ANCIENT MACEDONIAN SLAVIC SAMURAIs WHAT???",negative,negative,negative,negative,0.85,negative,0.95,5,negative,1,True,5,1.0,True,True,True,True,True,
UgyLdAz-_4VnWDgSW-94AaABAg.9c8XuxRFGa19cDgEZwm4AV,"<USER> usernem HOW DO YOU KNOW WHAT YOU ARE AND THAT THE TATAR KING NOGAI DID TO YOU WHAT ARE YOU SCREAMING??? YOU ARE A TATAR WOMAN IN NOGAEVCI, KUMANOVO, TATAR ELEVCI, TATARLI,...... THE ENTIRE NORTHERN PART OF THE NORTHERN TERRITORY OF MACEDONIA. TE T HUNZO HROVATSKI LIES <URL>",negative,negative,neutral,negative,0.85,negative,0.95,5,negative,2,False,4,0.8,True,True,False,True,True,BERTweet
UgyLdAz-_4VnWDgSW-94AaABAg.9c8XuxRFGa19cFw2dDn7aW,"<USER> username It's a shame, they don't know how to hold a position. You should study history. The Tatars are a Mongolian tribe from the 13th century. Bulgarians are much older than them. Rather, I hope that most of the comments on the Internet with false information are paid, and teach people to make up. If people are really so brainwashed and believe in fabrications, I'm sorry. Knowledge is gold, unfortunately not everyone has it.",negative,negative,negative,negative,0.5,negative,0.83,5,negative,1,True,5,1.0,True,True,True,True,True,
UgyLdAz-_4VnWDgSW-94AaABAg.9c8XuxRFGa19cHbnD856dO,"<USER> username VANCHO MIHAILOV ????CAR BORIS?????ZHIVKOV??????VMORO??????? WHAT PROPAGANDA IS TARTAR WEEK FROM THE TARTAR ELEVTS, NOGAEVTS, KUMANOVO, TATARS,... THE NORTHERN PART OF THE DAMAGED TERRITORY OF MACEDONIA.<URL>",negative,negative,neutral,negative,0.8,negative,0.95,5,negative,2,False,4,0.8,True,True,False,True,True,BERTweet
UgyLdAz-_4VnWDgSW-94AaABAg.9c8XuxRFGa19cIOE3c-Ahu,"<USER> username ONLY SERE WHO CREATED KUMANOVA????TATAR ELEVTS????NOGAEVTS?????????TATARS???????.MA TATARS SETTLED BRE BARABAR WITH NOGAI IN THE NORTHERN PARTS OF THE DAMAGED TERRITORY OF MACEDONIA IN THE 13TH CENTURY. SO IN AEGEA KAVALA LERIN WE ALL KNOW THAT ALL VIA TATARCHINJATA SKOPJANI. MA POLY MALAKA ISE RE, SE KATE HISTORY COUNTS OTI STO DECATRITO EONAS TATAR OTAN ARPAKSAN HUNGARY KE CROATIA EMENAN STI VORIA MACEDONIA. THERE ARE THE TATARCHINJATA, IN THE NORTHERN PART OF NORTH MACEDONIA. SO TITO DID YOU A LANGUAGE AND A NATION. WHAT IS NOT CLEAR?",negative,negative,neutral,negative,0.8,negative,0.95,5,negative,2,False,4,0.8,True,True,False,True,True,BERTweet
UgyLdAz-_4VnWDgSW-94AaABAg.9c8XuxRFGa19cyoJFjfhv3,<USER> we use our life time is better than your current time 😁,positive,positive,positive,positive,0.85,positive,0.95,5,positive,1,True,5,1.0,True,True,True,True,True,
UgyLdAz-_4VnWDgSW-94AaABAg.9c8XuxRFGa19czQD6ZYMfA,"<USER> username and you, living in luxury, what is Europe for you? Harbel laughed at Starbel 🤣🤣🤣🤣🤣🤣🤣🤣🤣",negative,negative,neutral,negative,0.8,negative,1.0,5,negative,2,False,4,0.8,True,True,False,True,True,BERTweet
UgyLdAz-_4VnWDgSW-94AaABAg.9c8XuxRFGa19czUIwkelBV,<USER> we use 🤣🤣🤣🤣🤣🤣🤣🤣🤣🤣🤣🤣🤣🤣🤣🤣🤣🤣🤣🤣🤣🤣🤣🤣🤣🤣🤣🤣🤣🤣🤣🤣🤣🤣🤣,neutral,positive,neutral,negative,0.85,negative,1.0,5,,3,False,0,0.0,False,False,False,False,False,
UgyLdAz-_4VnWDgSW-94AaABAg.9c8XuxRFGa19czVWocESXC,"<USER> let's see what America was like, you miserable slugs - you're complaining about Europe because you died of hunger! What else is Europe for you? Without Europe, you are dead!",negative,negative,negative,negative,0.85,negative,0.95,5,negative,1,True,5,1.0,True,True,True,True,True,
UgyLdAz-_4VnWDgSW-94AaABAg.9c8XuxRFGa19vrl-rZlzBQ,<USER>............ eats both z'uto and green. j bg vc.,neutral,positive,neutral,neutral,0.78,negative,0.95,5,neutral,3,False,3,0.6,True,False,True,True,False,"NLPTown, Llama"
UgwpD5D_2_S6i9wUMh94AaABAg,"As British scientists proved, there is no such people as Bulgarians, there are only Mongol-Tatars🇲🇳🇧🇬",neutral,negative,neutral,negative,0.8,negative,0.95,5,negative,2,False,3,0.6,False,True,False,True,True,"CardiffNLP, BERTweet"
UgwpD5D_2_S6i9wUMh94AaABAg.9c9EnIqWvap9c9U1Mvhly_,"It is true that Edi Rama is Bulgarian for sure, and American scientists have proven that there were no Macedonians before 1945, these and Alexander are Roma.",neutral,negative,neutral,negative,0.75,negative,0.95,5,negative,2,False,3,0.6,False,True,False,True,True,"CardiffNLP, BERTweet"
UgwpD5D_2_S6i9wUMh94AaABAg.9c9EnIqWvap9cBq-9oDymd,<USER> Rama is margarine,neutral,negative,neutral,negative,0.85,negative,0.95,5,negative,2,False,3,0.6,False,True,False,True,True,"CardiffNLP, BERTweet"
UgwpD5D_2_S6i9wUMh94AaABAg.9c9EnIqWvap9cBq0BNAkbl,Long live our great communist basha of all Mongolians Todor Zhivkov-Mongol 💪🏿👌🏿🧔🏾🇲🇳🇧🇬,positive,positive,positive,positive,0.85,positive,0.95,5,positive,1,True,5,1.0,True,True,True,True,True,
UgwpD5D_2_S6i9wUMh94AaABAg.9c9EnIqWvap9cCG9wY-zeT,"<USER>.1.1 can, the important thing is that it makes the Macedonians useless! That's how it should be, one idiotic ideology should not last long! All Hunzis in Pakistan!",negative,negative,negative,negative,0.8,negative,0.95,5,negative,1,True,5,1.0,True,True,True,True,True,
UgwpD5D_2_S6i9wUMh94AaABAg.9c9EnIqWvap9cG6B7nQjre,<USER>.1.1 :D:D::D:D:D you are so funnj,positive,positive,positive,positive,0.98,positive,0.95,5,positive,1,True,5,1.0,True,True,True,True,True,
UgwpD5D_2_S6i9wUMh94AaABAg.9c9EnIqWvap9cGStrUhb0M,<USER>.B Thanks for the compliment 😂,positive,positive,positive,positive,0.85,positive,0.95,5,positive,1,True,5,1.0,True,True,True,True,True,
UgwpD5D_2_S6i9wUMh94AaABAg.9c9EnIqWvap9uA6XkYMS30,"Ha ha. A Turk from Skopje calls us Tatars. The Tatars are a nice people with an ancient history, not like the Skopje pseudo-Macedonian cattle.",positive,negative,positive,negative,0.8,negative,0.95,5,negative,2,False,3,0.6,False,True,False,True,True,"CardiffNLP, BERTweet"
UgwpD5D_2_S6i9wUMh94AaABAg.9c9EnIqWvap9vrmc2PtE1_,<USER>.1.1 - garbage. and fools and fools and scum j HELL.,negative,negative,negative,negative,0.8,negative,1.0,5,negative,1,True,5,1.0,True,True,True,True,True,
UgwpD5D_2_S6i9wUMh94AaABAg.9c9EnIqWvapAC227Lfkhu6,"Well, here you are, real British scientists, not Macedonian Serboman historians... The English researcher, Arnold Toynbee, writes in his 12-volume edition on the history of nations, that ""... THERE WERE 21 CIVILIZATIONS IN THE WORLD. ONE OF THEM WAS BULGARIAN. IT EXPANDED ITS BORDERS THROUGH ITS STRONG CULTURAL INFLUENCE. It stretched from Belgrade to the Crimea and from the Carpathians to the White Sea, called Thracian in ancient times."" Noted English historian Prof. Norman Davis says: ""BULGARIANS ARE AT THE CORE OF EUROPEAN CIVILIZATION"" With many facts, he proves that Bulgaria is the oldest nation on the Old Continent. What's more, according to him, when Bulgaria was a state, Europe ""walked right under the table"".",negative,negative,neutral,negative,0.5,negative,0.95,5,negative,2,False,4,0.8,True,True,False,True,True,BERTweet
Ugwa0JX-gOpN3ODnH-l4AaABAg,Let the wretched shippers understand. A MACEDONIAN NAME WILL NOT PERISH,negative,positive,neutral,negative,0.8,positive,0.95,5,,3,False,0,0.0,False,False,False,False,False,
Ugwa0JX-gOpN3ODnH-l4AaABAg.9c98Zc04VEr9c9Etad0HAx,join RSM and Bulgaria and the 33% of Albanians you have will drop to 3% and we will turn off Albanian television,neutral,negative,negative,negative,0.8,negative,0.95,5,negative,2,False,4,0.8,False,True,True,True,True,CardiffNLP
Ugwa0JX-gOpN3ODnH-l4AaABAg.9c98Zc04VEr9cAc7AH3Q9b,"??????WHAT IS A SHAME ON THAT DAMN TERRITORY OF MACEDONIA. SOUTHERN SERAB, SOUTHERN BANOVINA, BY TITO MONKE DONEC, THEN THE NORTHERN TOOK OVER, ONLY BULGARIA RECOGNIZED MACEDONIA FOR THE FIRST TIME IN 1990, YOU AND NO ONE ACCEPTED THIS.<URL> WELL WHAT IS THERE???????YA SOMSI BALGARIN FROM THE AEGEAN YOU ARE CALLED SKOPIANOS (SCOPEZ WHO SINGS IN THE CHORUS) YOU ARE LOOKING FOR AN ANCIENT HEIR OF THE ANCIENT GAY MEGA ALEXANDROS, HUNZA SAMURAI WITH THE DNA OF GYUPTIN....YOU ROBBED ALL THE NATIONS BRO WHAT KIND OF PLASMA ARE YOU?",negative,negative,negative,negative,0.8,negative,0.95,5,negative,1,True,5,1.0,True,True,True,True,True,
Ugwa0JX-gOpN3ODnH-l4AaABAg.9c98Zc04VEr9cAcmx95Ipf,What will we do when ALL THE RELATIVES OF GOCE WHO ARE IN BULGARIA SEND A REQUEST FOR THE BONES OF GOCE TO RETURN HOME TO BULGARIA????????? WHO ARE YOU BRINGING A BAG FOR A WEEKLY KE FALISH TOGAWA?? MARCH ON TITTO'S GROBUT .<URL>,negative,negative,neutral,negative,0.8,negative,0.95,5,negative,2,False,4,0.8,True,True,False,True,True,BERTweet
Ugwa0JX-gOpN3ODnH-l4AaABAg.9c98Zc04VEr9cFwnf044mi,"Do you know that the name ""Macedonia"" is a geographical area?",neutral,negative,neutral,neutral,0.85,neutral,1.0,5,neutral,2,False,4,0.8,True,False,True,True,True,NLPTown
Ugwa0JX-gOpN3ODnH-l4AaABAg.9c98Zc04VEr9cGLXqJzv8A,"<USER>. B yes, but the anthropological Martians believed each other",neutral,neutral,neutral,neutral,0.7,neutral,1.0,5,neutral,1,True,5,1.0,True,True,True,True,True,
Ugwa0JX-gOpN3ODnH-l4AaABAg.9c98Zc04VEr9cGZVOj3xvi,<USER>. Don't you know that before there were 2 red ones and now 50 leva for your mothers? Without an eraser,neutral,negative,neutral,negative,0.8,negative,0.95,5,negative,2,False,3,0.6,False,True,False,True,True,"CardiffNLP, BERTweet"
Ugwa0JX-gOpN3ODnH-l4AaABAg.9c98Zc04VEr9vrmIgjPwnN,"<USER>.B ............. u ........... fool ""Bulgaria"" eats worms.",negative,negative,negative,negative,0.8,negative,1.0,5,negative,1,True,5,1.0,True,True,True,True,True,
Ugwa0JX-gOpN3ODnH-l4AaABAg.9c98Zc04VEr9y00pEltg49,"<USER> Your mothers have been killing Albanians for a long time. If you are half Albanian, you can make a man out of you 😂",negative,positive,negative,negative,0.8,negative,0.99,5,negative,2,False,4,0.8,True,False,True,True,True,NLPTown
Ugwa0JX-gOpN3ODnH-l4AaABAg.9c98Zc04VEr9yO4fGF3etQ,<USER>.Delchev.Reborn GOCE born 1872 in Kukus' -- MACEDONIA. GOCE DELC'EV IS A MACEDONIAN.,neutral,negative,neutral,positive,0.85,positive,0.95,5,,3,False,0,0.0,False,False,False,False,False,
UgxPhfe8b58hCZGT8394AaABAg,We became a toy for everyone,neutral,positive,neutral,negative,0.7,negative,0.95,5,,3,False,0,0.0,False,False,False,False,False,
UgxPhfe8b58hCZGT8394AaABAg.9c8wFff4KoA9cAH_PPXLNq,"Yes, you are in MACEDONIA with YOU, you were born in MACEDONIA and in every way you destroy MACEDONIA from the inside.",negative,positive,negative,negative,0.8,negative,0.95,5,negative,2,False,4,0.8,True,False,True,True,True,NLPTown
UgxPhfe8b58hCZGT8394AaABAg.9c8wFff4KoA9cAZa2vqMPB,"<USER> it would be nice to think with your head a little before writing, but there is no problem, there are people who think like you, only you or I do not determine who will live where or where they will be born, only God is the one who determines who will live where and how",neutral,positive,neutral,neutral,0.7,negative,0.83,5,neutral,3,False,3,0.6,True,False,True,True,False,"NLPTown, Llama"
UgxPhfe8b58hCZGT8394AaABAg.9c8wFff4KoA9cBMJyiVIeA,<USER> YES We do not select but 100% of the Albanians who are abroad who will ask them from Where are you familiar with Velat? Albania and if they were born in Macedonia 🤷 ♂️,neutral,negative,neutral,negative,0.8,negative,0.94,5,negative,2,False,3,0.6,False,True,False,True,True,"CardiffNLP, BERTweet"
UgxPhfe8b58hCZGT8394AaABAg.9c8wFff4KoA9cBMcw7ih1-,"<USER> and I know that there are greater Macedonians, TRAITORS, and they are selling MACEDONIA.",negative,negative,negative,negative,0.8,negative,0.95,5,negative,1,True,5,1.0,True,True,True,True,True,
UgxPhfe8b58hCZGT8394AaABAg.9c8wFff4KoA9cBP6qNppYi,"<USER> I also go to Sranfo seasonally, I have friends who are Albanians and Macedonians from both sides, there are about a hundred Sranfo countries, they consider them as Sranfos, but they leave boasting.",neutral,negative,neutral,neutral,0.78,neutral,0.85,5,neutral,2,False,4,0.8,True,False,True,True,True,NLPTown
UgxPhfe8b58hCZGT8394AaABAg.9c8wFff4KoA9cBdb0HFARN,"<USER> for Hall MACEDONIANS have done more damage to the State than other Nations or States. MACEDONIA has always betrayed TRAITORS and for Zal will continue to do so. I Can't Change What Others Have Done, But I Can About My Opinion. GREETINGS 🙏",negative,positive,negative,negative,0.5,negative,0.8,5,negative,2,False,4,0.8,True,False,True,True,True,NLPTown
UgyADMFDk3j84baSGLJ4AaABAg,"It's called sarcasm, Rama is known for sarcasm and I see that what he is furious about is slapping it on the nose of the European leaders.",negative,negative,negative,negative,0.8,negative,0.9,5,negative,1,True,5,1.0,True,True,True,True,True,
UgyADMFDk3j84baSGLJ4AaABAg.9c8_avpW8EU9cE0ncs_xxj,"It's good that it's sarcasm, so let's tell each other the truth. Bulgarian proverb",positive,neutral,positive,positive,0.85,neutral,0.48,5,positive,2,False,3,0.6,True,False,True,True,False,"NLPTown, Llama"
UgyADMFDk3j84baSGLJ4AaABAg.9c8_avpW8EU9vrlio_Rm95,<USER> TRUE !! MACEDONIAN PEOPLE 25TH CENTURY. Bulgarians - Junk.,negative,negative,neutral,negative,0.8,negative,0.95,5,negative,2,False,4,0.8,True,True,False,True,True,BERTweet
Ugyn-jXQiiSh00o2aJ14AaABAg,Should the Prime Minister of Macedonia also laugh at this??? Misery!!!,negative,negative,negative,negative,0.8,negative,0.95,5,negative,1,True,5,1.0,True,True,True,True,True,
Ugyn-jXQiiSh00o2aJ14AaABAg.9c8mND1Aano9c9DUxAPxlv,it was and will be west-bulgaria,neutral,positive,neutral,negative,0.7,positive,0.95,5,,3,False,0,0.0,False,False,False,False,False,
Ugz-LYhz68M6amyrSeN4AaABAg,"World War II in Yugoslavia Macedonia Only 81 killed Macedonian partisans for the period 1941-1944. Final operations for the liberation of Macedonia Under the leadership of the new Bulgarian pro-Soviet government, four Bulgarian armies, 455,000 strong in total, were mobilized and reorganized. By the end of September, the Red Army 3rd Ukrainian Front troops were concentrated at the Bulgarian-Yugoslav border. In the early October 1944 three Bulgarian armies, consisting of around 340,000-man,[55] together with the Red Army reentered occupied Yugoslavia and moved from Sofia to Nis, Skopje and Pristina to block the German forces withdrawing from Greece.[56][57] In Macedonia the Bulgarians operated in conjunction with the fighters of the MNLA, but this operation did not proceed without difficulties.[58] From October 8 to November 19, the Stracin – Kumanovo operation was held and Kratovo, Kriva Palanka, Kumanovo and Skopje[59] were taken. At the same time the Bregalnica – Strumica operation was led, and the Wehrmacht was driven from the villages of Delchevo, Kočani, Stip, Strumica and Veles.[60] Southern and Eastern Serbia, Kosovo and Vardar Macedonia were liberated by the end of November.[61][62] The 3rd Ukrainian Front in collaboration with the People's Liberation Army of Yugoslavia and the Bulgarian People's Army carried out the Belgrade Offensive. The 130,000-strong Bulgarian First Army continued to Hungary, driving off the Germans, while the rest moved back to Bulgaria. On a series of maps from Army Group E, showing its withdrawal through Macedonia and Southern Serbia, as well as in the memoirs of its chief of staff, there is almost no indication of Yugoslav Partisan units, but only Bulgarian divisions. Despite these faces, the contribution of Bulgarian troops is still much debated in the Republic of Macedonia for political reasons.[63][64] <URL> War and Revolution in Yugoslavia, 1941–1945: Occupation and Collaboration, Jozo Tomasevic, Stanford University Press, 2001, ISBN 0-8047-3615-4, pp. 751–752. <URL> Casualties 1941-1945 <URL> Macedonia in the National Liberation Struggle In total, in Vardar Macedonia from 1941 to November 1944, about 24,000[1] people died, including: 7,000 Jews, 6,000 Serbs, 6,000 Macedonians, 4,000 Albanians and 1,000 Bulgarians.[2] About 3,000 ""collaborators"", ""counter-revolutionaries"" and civilian victims are included here. Jews mostly suffered in concentration camps, and about 14,000 people suffered in the struggle, of which 5,000 Macedonians. <URL> Apostolski - the army of the Patriotic Front of Bulgaria was actively involved in the final operations of the anti-fascist battle, and the Second Patriotic Front Bulgarian Army participated in the operation to liberate Skopje <URL> Svetozar Vukmanovic - Tempo Macedonia <URL> <URL> November 13, 1944 (Monday) The Bulgarian 1st Army captured Skopje. [15] The Japanese destroyers Akebono, Akishimo, Hatsuharu and Kiso were all bombed and sunk by the US. Navy aircraft in and around the Cavite Naval Yard in Manila, while the destroyer Okinawa was sunk 8 nautical miles west of the city. Japanese Submarine I-12 Was Hedgehogd and Sunk East of Hawaii by American Warships . Civil Air Service returned to London for the first time in September 1939.[5] <URL> Stone & Stone Books War Diary November 13, 1944 (Monday) Russian Front Finnish Forces Capture Inari in Northern Finland Arctic Front, June 1941 - May 1945 German Forces Withdraw from Skopje as Bulgarian 1st Army Advances Southern Flank of the Russian Front, 1944-1945 Bulgarian 1st Army captures Skopje Southern flank of the Russian Front, 1944-1945 <URL> Zaev did not speak by heart, Tito personally made a pact with the Bulgarian army for the liberation of Macedonia <URL> Stracin-Kumanovo operation <URL> Nis operation <URL> Kosovo Operation (1944) <URL> The Belgrade Offensive or the Belgrade Strategic Offensive Operation (Serbian: Београдска опереция / Београдска опереция; Russian: Белоградская стратегическая наспательная опереция, Белоградская стратегическая наспательная опереция) (September 15, 1944 – November 24, 1944)[6] was a military operation during World War II in Yugoslavia in which Belgrade was liberated from the German Wehrmacht through the joint effort of the Soviet Red Army, Yugoslav Partisans, and the Bulgarian Army.[7] <URL> bulgarian army world war 2 <URL> <URL> In the last week of October the Russians and Bulgarians made strong bids to take Kraljevo and Skopje. Having the troops to spare and the railroad, Loehr could meet the challenge, if in both places none too soon. On November 2, Army Group E stopped the Russians at Kraljevo and in the next several days halted the Bulgarians east of Skopje. The success of the withdrawal through Macedonia was then assured. 31 North of Skopje the army group would have to weather onto poorer roads, but it would be compared to the almost certain disaster of a winter march through the coastal mountains. Again Veitch's chief handicap was his own earlier indecision; he had potential reserves but no prospect of bringing them to bear in time. Army Group E's withdrawal had gone without a hitch through mid-November. Then, on the 18th, the Bulgarian Second Army had opened a strong attack north of Skopje. Again Veitch's chief handicap was his own earlier indecision; he had potential reserves but no prospect of bringing them to bear in time. Army Group E's withdrawal had gone without a hitch through mid-November. Then, on the 18th, the Bulgarian Second Army had opened a strong attack north of Skopje. The next day Balkan Air Force bombers had destroyed the Drina bridge at Visegrad, backing up truck and troop columns eighty five miles east to Kraljevo. In Albania strong partisan unit hemmed KSKSI Mountain Corps in on all sides as it tried to join the retreat. Army Group E had to put back into its own front some of the troops it had intended to release, and the rest were stalled in central Yugoslavia 200 miles and more from where they could do another year. <URL> Tito, Mikhailovich, and the Allies, 1941-1945 By Walter R. Roberts The Macedonian Partisans were not very numerous or active either. The majority of Macedonians apparently did not consider themselves ethnically Serbs but Bulgarians and, whether Communist or not, wanted to be united with their brothers.. . <URL>",neutral,negative,neutral,neutral,0.67,neutral,0.93,5,neutral,2,False,4,0.8,True,False,True,True,True,NLPTown
Ugz-LYhz68M6amyrSeN4AaABAg.9cDNxbRKWde9vrn2bnXEmS,MACEDONIAN PEOPLE HAVE EXISTED FOR 25 CENTURIES. from PHILIP KING OF MACEDONIA 4th century before this era to the present 36th century. LONG LIVE M A K E D O N I Y A !!,neutral,positive,positive,positive,0.85,positive,0.95,5,positive,2,False,4,0.8,False,True,True,True,True,CardiffNLP
Ugz-LYhz68M6amyrSeN4AaABAg.9cDNxbRKWdeA9_LmgcmdYe,"@tatjanavelkova5814 Yes, yes, that's right 😂😂",neutral,positive,positive,positive,0.92,positive,0.95,5,positive,2,False,4,0.8,False,True,True,True,True,CardiffNLP
Ugw5kgr91RPTOkWPWrN4AaABAg,"Macedonian pawn... I don't see any joke, if anyone does, please direct me 🤔😏",neutral,positive,negative,negative,0.8,negative,0.9,5,negative,3,False,3,0.6,False,False,True,True,True,"CardiffNLP, NLPTown"
Ugy0yTLTHSLq5DYrGDx4AaABAg,"It's nothing terrible if the person laughed at the joke, it's not something that shamed Macedonia or the Macedonian people, please don't be stupid, simple Macedonians, because we're not stupid enough not to realize that it's a joke, so everyone laughs at a joke",negative,negative,neutral,negative,0.8,neutral,0.48,5,negative,2,False,3,0.6,True,True,False,True,False,"BERTweet, Llama"
UgyieFiSR4g9J9BtmrR4AaABAg,After this you will see that all the borders should be closed and we should arm ourselves to the throat.,negative,negative,negative,negative,0.8,negative,0.95,5,negative,1,True,5,1.0,True,True,True,True,True,
UgyieFiSR4g9J9BtmrR4AaABAg.9c8RibKkIht9c8p7oYEtPf,"you don't have money, we're just annexing you and that much",neutral,negative,negative,negative,0.8,negative,1.0,5,negative,2,False,4,0.8,False,True,True,True,True,CardiffNLP
UgyieFiSR4g9J9BtmrR4AaABAg.9c8RibKkIht9c8pYRGLGRu,"<USER> Yes, yes, after that annexation, Sofia will burn every day from terrorist attacks.",negative,negative,negative,negative,0.8,negative,1.0,5,negative,1,True,5,1.0,True,True,True,True,True,
UgyieFiSR4g9J9BtmrR4AaABAg.9c8RibKkIht9c8qnl9Pu4x,"<USER> what kind of attacks, we are deporting those half of 1 million Yugoslavian fucking communists and your",negative,negative,negative,negative,0.8,negative,1.0,5,negative,1,True,5,1.0,True,True,True,True,True,
UgyieFiSR4g9J9BtmrR4AaABAg.9c8RibKkIht9c9F2HekyWt,"the more you work, the more you lick",neutral,positive,neutral,negative,0.8,negative,1.0,5,,3,False,0,0.0,False,False,False,False,False,
UgyieFiSR4g9J9BtmrR4AaABAg.9c8RibKkIht9cADF9WzuJq,"<USER> hey, haven't you had bananas for lunch, the apes?",neutral,negative,neutral,negative,0.8,negative,0.95,5,negative,2,False,3,0.6,False,True,False,True,True,"CardiffNLP, BERTweet"
UgyieFiSR4g9J9BtmrR4AaABAg.9c8RibKkIht9cFx2SCQfa2,It's a wonderful life to live. Life of a slave.,positive,positive,positive,negative,0.8,negative,0.95,5,positive,2,False,3,0.6,True,True,True,False,False,"Gemma, Llama"
UgyieFiSR4g9J9BtmrR4AaABAg.9c8RibKkIht9cFyy61TWlx,<USER>.B That's how the Swiss and Americans live if you didn't know.,neutral,neutral,neutral,positive,0.85,neutral,1.0,5,neutral,2,False,4,0.8,True,True,True,False,True,Gemma
Ugzd0y_IhxX6u8uChMh4AaABAg,"I don't see anything negative about it. It really describes the mac. A government that gives anything and everything for entry into the EU, that a neighbor will invent some kind of ""artificial dispute"". And generally speaking, the people have no interest in returning the constitutional name of the Republic of Macedonia, to a large extent. Bulgaria saw weakness in poppy. foreign policy, the flag was changed because of Greece, the constitutional name was changed because of Greece. Now, you have to change something for us, if it works for Greece, why not for us?",negative,positive,negative,negative,0.57,negative,0.83,5,negative,2,False,4,0.8,True,False,True,True,True,NLPTown
Ugzd0y_IhxX6u8uChMh4AaABAg.9cJZvizr9Ih9vrnsPzjxD-,sleeping contract - crime. sds program 2016 does not change the NAME of MACEDONIA anywhere. sds j baybook.,negative,negative,negative,neutral,0.85,negative,0.95,5,negative,2,False,4,0.8,True,True,True,False,True,Gemma
UgzuApD1T5xCpu3sHn94AaABAg,KOSOVO IS SERBIA 🇷🇸 ALBANIA IS COUNTRY 404,neutral,negative,neutral,negative,0.8,negative,0.95,5,negative,2,False,3,0.6,False,True,False,True,True,"CardiffNLP, BERTweet"
Ugz9OHJXn262C0hHqjF4AaABAg,fuck you all,negative,negative,negative,negative,0.85,negative,1.0,5,negative,1,True,5,1.0,True,True,True,True,True,
UgwwIWgY9G7W8Zbnejx4AaABAg,Veooooo! 🙌✌️,positive,positive,neutral,positive,0.95,positive,0.95,5,positive,2,False,4,0.8,True,True,False,True,True,BERTweet
UgwTGVQLlV0xEX7SBXV4AaABAg,"Every Macedonian home should have a portrait of Tito, the garden of Macedonia 😂😂",neutral,positive,neutral,positive,0.85,positive,0.95,5,positive,2,False,3,0.6,False,True,False,True,True,"CardiffNLP, BERTweet"
UgyKdTqvyTUL89g2ynd4AaABAg,"First of all, they should learn to respect the Bulgarians after the EU. VETO !!!",negative,negative,negative,negative,0.8,negative,0.95,5,negative,1,True,5,1.0,True,True,True,True,True,
UgyKdTqvyTUL89g2ynd4AaABAg.9Fg5Uom-pS29FmAnPUmO0V,"Who are Bulgarians, they are an artificial creation of Russia, in Bulgaria there are 3 million Bulgarian janissaries, Macedonians who are brainwashed and made Bulgarians, they are Bulgarian janissaries and you know in the time of Turkish janissaries and who these Bulgarian janissaries were, the difference is that they took the Turks from one year and they became janissaries for one roast chicken and maybe you are one of them but you don't know because they brainwashed you , but you decide for yourself!",negative,negative,negative,negative,0.8,negative,0.95,5,negative,1,True,5,1.0,True,True,True,True,True,
UgyKdTqvyTUL89g2ynd4AaABAg.9Fg5Uom-pS29wJX5HqsG8i,"In 2018, in the REFERENDUM, the citizens of MACEDONIA said no to the EU. and, zabe - veto.",negative,negative,neutral,negative,0.65,negative,0.9,5,negative,2,False,4,0.8,True,True,False,True,True,BERTweet
UgzHyKk6mjhFJIc7GZB4AaABAg,"Your name of the country should have been SOUTH Macedonia, not North Macedonia! This name suits you best.",positive,neutral,negative,positive,0.85,positive,0.95,5,positive,3,False,3,0.6,True,False,False,True,True,"NLPTown, BERTweet"
UgzHyKk6mjhFJIc7GZB4AaABAg.9FljQOZGSv29HPexH3ztwl,Only Macedonia,neutral,negative,neutral,neutral,0.74,negative,0.9,5,neutral,2,False,3,0.6,True,False,True,True,False,"NLPTown, Llama"
UgzHyKk6mjhFJIc7GZB4AaABAg.9FljQOZGSv29KYrzOIjO-X,And your name Western Mongolia (TATARIA) Tataru.,neutral,positive,neutral,negative,0.7,positive,0.95,5,,3,False,0,0.0,False,False,False,False,False,
UgzHyKk6mjhFJIc7GZB4AaABAg.9FljQOZGSv29KYsZTv-pYu,You idiot! How can you be so simple in this Macedonia?,negative,negative,negative,negative,0.8,negative,1.0,5,negative,1,True,5,1.0,True,True,True,True,True,
UgzHyKk6mjhFJIc7GZB4AaABAg.9FljQOZGSv29KYuTCCUZyc,<USER> MACEDONIA OF THE MACEDONIANS. MACEDONIA OF THE MACEDONIANS. MACEDONIA OF THE MACEDONIANS..,neutral,negative,neutral,negative,0.8,negative,1.0,5,negative,2,False,3,0.6,False,True,False,True,True,"CardiffNLP, BERTweet"
UgzHyKk6mjhFJIc7GZB4AaABAg.9FljQOZGSv29KYzjkFHwPo,"Well, big-brained Tatar, I sent you many messages, but they delete them. You are in the EU and you have strong connections (you are known for that in a spy way). And I will say it again. MACEDONIA FOR THE MACEDONIANS!!!.",negative,negative,neutral,negative,0.8,negative,0.95,5,negative,2,False,4,0.8,True,True,False,True,True,BERTweet
UgwhDovbiWWZi1hvTjh4AaABAg,"We made ""Mini Schengen"" Serbia❤️Macedonia🤝Albania + Montenegro and Bosnia",neutral,positive,neutral,positive,0.85,positive,0.95,5,positive,2,False,3,0.6,False,True,False,True,True,"CardiffNLP, BERTweet"
UgwhDovbiWWZi1hvTjh4AaABAg.9Fys46wU-Jr9GB4Rq7juM6,"It is not Macedonia, but North Macedonia and North Macedonians according to the constitution of the North Republic itself.",neutral,neutral,neutral,neutral,0.78,neutral,0.9,5,neutral,1,True,5,1.0,True,True,True,True,True,
UgwhDovbiWWZi1hvTjh4AaABAg.9Fys46wU-Jr9Gr0Cc5Bn8b,"<USER> Do you hate us so much, you stupid Tatars. And then you wonder why we call you Tatars and fascists. Well, you are that in your soul. Evil.",negative,negative,negative,negative,0.85,negative,1.0,5,negative,1,True,5,1.0,True,True,True,True,True,
UgwhDovbiWWZi1hvTjh4AaABAg.9Fys46wU-Jr9GsUlr0pUgB,And you are Tito's SOUTHERN whores at heart!,negative,positive,negative,negative,0.85,negative,1.0,5,negative,2,False,4,0.8,True,False,True,True,True,NLPTown
UgwhDovbiWWZi1hvTjh4AaABAg.9Fys46wU-Jr9GtyyIQzFK_,<USER> no shit! Macedonians!!!!!!!,negative,negative,negative,negative,0.8,negative,1.0,5,negative,1,True,5,1.0,True,True,True,True,True,
UgwhDovbiWWZi1hvTjh4AaABAg.9Fys46wU-Jr9Gu6KQeba4Y,"<USER> You moron, you are a world-famous galosh Bulgarian and you pretend to be Foreigners !!!",negative,negative,negative,negative,0.8,negative,1.0,5,negative,1,True,5,1.0,True,True,True,True,True,
UgwhDovbiWWZi1hvTjh4AaABAg.9Fys46wU-Jr9Gu9YWtjWbO,"<USER> I'm a Serbian! Macedonians are not Bulgarians. Macedonians have their own language, their own nation, their own history, their own culture...",neutral,negative,neutral,negative,0.8,positive,0.95,5,,3,False,0,0.0,False,False,False,False,False,
UgwhDovbiWWZi1hvTjh4AaABAg.9Fys46wU-Jr9KYky9Wo7QB,<USER> No one cares about the stupid swallows - North Macedonians!,negative,negative,negative,negative,0.8,negative,0.95,5,negative,1,True,5,1.0,True,True,True,True,True,
UgwhDovbiWWZi1hvTjh4AaABAg.9Fys46wU-Jr9KYqUrfOzI8,"Well, why are you returning Tatars to me if we, the MACEDONIANS, are not interesting either. Well, why are you stealing the history from us, the MACEDONIANS, if we are not interesting. Well, why are you bothering with us, the MACEDONIANS, if we are not interesting. For you Tatars, we are also interesting, but for us, the MACEDONIANS, Tatars, we don't even think about you.",negative,negative,negative,negative,0.8,negative,0.95,5,negative,1,True,5,1.0,True,True,True,True,True,
UgwhDovbiWWZi1hvTjh4AaABAg.9Fys46wU-Jr9KYrB0mlTKC,"Oh march in Tataria (mountainous and desert part of Mongolia) where did you come, where did you leave.",neutral,negative,neutral,neutral,0.7,neutral,1.0,5,neutral,2,False,4,0.8,True,False,True,True,True,NLPTown
UgwhDovbiWWZi1hvTjh4AaABAg.9Fys46wU-Jr9Ka3bpEsy-4,<USER> WE ARE EVIL BUT A LITTLE THAN YOU,negative,negative,negative,negative,0.8,negative,0.99,5,negative,1,True,5,1.0,True,True,True,True,True,
UgwhDovbiWWZi1hvTjh4AaABAg.9Fys46wU-Jr9Ka6Ajjaevp,"<USER> THESE ARE NOT Mockups, BUT PURE BULGARIES AND MEMORY.",neutral,positive,neutral,negative,0.8,negative,0.95,5,,3,False,0,0.0,False,False,False,False,False,
UgwhDovbiWWZi1hvTjh4AaABAg.9Fys46wU-Jr9Ka7uYEpvFl,"<USER> We don't call you Macedonians, because you really aren't. You are another tribe, Tatar. But you say nonsense about us and say we were Bulgarians. And here is the malice.",negative,negative,negative,negative,0.8,negative,0.95,5,negative,1,True,5,1.0,True,True,True,True,True,
UgwhDovbiWWZi1hvTjh4AaABAg.9Fys46wU-Jr9KaA7VU4Hn9,<USER> DON'T BE MAD TOO. THE TRUTH HURTS BUT IS TRUE. YOU KNOW IT VERY WELL. AND YOU ALL KNOW IT. AND THAT'S EXACTLY WHERE IT HURTS IN THE TRUTH. BUT I LOVE YOU ESPECIALLY AND I HAVE NOTHING BAD ABOUT YOU. IF WE WERE TATARS THEN YOU ARE SUCH BECAUSE YOU AND WE ARE ONE COW AND ONE GENE. THIS IS PROVED BY HISTORY THAT THIS IS REAL. IT IS NOT THE SERBIAN ONE WHERE YOU LEARNED IT. WITH MUCH RESPECT BUT E GAKA.👍👍👍,negative,positive,positive,negative,0.8,positive,0.85,5,positive,2,False,3,0.6,False,True,True,False,True,"CardiffNLP, Gemma"
UgwhDovbiWWZi1hvTjh4AaABAg.9Fys46wU-Jr9KaB6vNrD8L,"<USER> Well, you want to be Macedonians, but luckily you are not. You are ordinary Tatars (Mongolian tribe) and we, the MACEDONIAN TRIBE, are a mixture of ancient Macedonian and Slavic tribes. You have nothing ancient or Slavic. We are not the same.",negative,negative,neutral,negative,0.8,negative,0.95,5,negative,2,False,4,0.8,True,True,False,True,True,BERTweet
UgwhDovbiWWZi1hvTjh4AaABAg.9Fys46wU-Jr9KaF9hoPRJC,"<USER> The shepherd Asparuh brought you here at the end of the 7th and the beginning of the 8th century. From Mongolia. And what do you think. Before that there were no people here? Well, there were. And MACEDONIANS. That's what you steal Tatars. MACEDONIAN HISTORY. Tatar thieves.",negative,negative,negative,negative,0.8,negative,0.95,5,negative,1,True,5,1.0,True,True,True,True,True,
UgwhDovbiWWZi1hvTjh4AaABAg.9Fys46wU-JrAKvCyEmYeBx,<USER>.... MACEDONIA and MACEDONIANS --- 25 CENTURIES! ! !,neutral,positive,neutral,negative,0.8,positive,0.95,5,,3,False,0,0.0,False,False,False,False,False,
UgwFjxBRgq8AUSiJMDl4AaABAg,"Shopke, you are an assimilator from Western Tatarstan-Bulgaria.",negative,negative,neutral,negative,0.8,negative,0.9,5,negative,2,False,4,0.8,True,True,False,True,True,BERTweet
Ugx8unZix8kFGn8t_nV4AaABAg,"Bulgaria has the right to wake up and close the border with Turkey, a big problem is endless to protect yourself and heal yourself",negative,positive,neutral,negative,0.8,negative,0.95,5,negative,3,False,3,0.6,True,False,False,True,True,"NLPTown, BERTweet"
Ugxc_WgLziEuNauxT6p4AaABAg,"Those who glorify Tito cannot join the EU. And what about those who glorify Hitler? For them, the most beautiful part of history is when they occupied Macedonia. Unfortunately, it is Hitler's Bulgaria.",negative,negative,negative,negative,0.8,negative,0.95,5,negative,1,True,5,1.0,True,True,True,True,True,
UgxxtEQITU7z8cpAdOR4AaABAg,"There are no Macedonians and Macedonia, and North Macedonia and North Macedonians according to the constitution of the North Republic itself.",neutral,negative,neutral,negative,0.8,negative,0.9,5,negative,2,False,3,0.6,False,True,False,True,True,"CardiffNLP, BERTweet"
UgxxtEQITU7z8cpAdOR4AaABAg.9GB43yv1k1W9GD5c9WYRMs,"Don't shake your greens. One Bulgarian. If we are Bulgarians, then why did the Bulgarian Tsar kill Jane Sandanski, and Jane wanted to unite Macedonia? We are Bulgarians as much as Cuba is Mongols.",negative,negative,neutral,negative,0.8,negative,0.95,5,negative,2,False,4,0.8,True,True,False,True,True,BERTweet
UgxxtEQITU7z8cpAdOR4AaABAg.9GB43yv1k1W9GD758OC8on,"<USER> Miroslav Garchev, the leader of the Macedonian symbols, admitted in an interview before the media of North Macedonia that the Macedonian nation and language are a fabrication by Moscow and Belgrade. This man lives in Skopje and is an architect and artist.",negative,negative,neutral,negative,0.8,neutral,0.85,5,negative,2,False,3,0.6,True,True,False,True,False,"BERTweet, Llama"
UgxxtEQITU7z8cpAdOR4AaABAg.9GB43yv1k1W9GD7L0GRxZN,"<USER> You cannot survive the Truth, that you are the fruit of the Soviet-Yugoslav masturbation of Druggists Stalin and TITO. This is the truth itself as it is!",negative,positive,negative,negative,0.85,negative,0.95,5,negative,2,False,4,0.8,True,False,True,True,True,NLPTown
UgxxtEQITU7z8cpAdOR4AaABAg.9GB43yv1k1W9GDANIkY_3B,<USER> Macedonia is Greek But FIROM or the Republic of Macedonia is never Bulgarian For money I will admit that I'm not Bulgarian but from South Sudan Either paid or a traitor And I'm waiting for an answer about this for Jane Sandanski And that idiot Zaharieva should answer that too if she can Here because people in our country mixed about Bulgaria and fascism I'm asking this,negative,negative,negative,negative,0.8,negative,0.95,5,negative,1,True,5,1.0,True,True,True,True,True,
UgxxtEQITU7z8cpAdOR4AaABAg.9GB43yv1k1W9GDAlApLzq4,"<USER> And the Macedonian nation wanted it to be invented when Tito was not even 2 years old, and not in 1944. It just wasn't successful then, so Tito did it in 1944, so now it's Tito's fault. What were you like from 1945-1990? Yugoslavia the best state was invented for the Warsaw Pact",negative,negative,neutral,negative,0.75,negative,0.95,5,negative,2,False,4,0.8,True,True,False,True,True,BERTweet
UgxxtEQITU7z8cpAdOR4AaABAg.9GB43yv1k1W9vrsV9GL_FQ,<USER> and before 1944 and after 1944 Bulgarians - Junk.,neutral,negative,neutral,negative,0.7,negative,1.0,5,negative,2,False,3,0.6,False,True,False,True,True,"CardiffNLP, BERTweet"
UgxxtEQITU7z8cpAdOR4AaABAg.9GB43yv1k1W9vrscQJCXWL,<USER> TATIANA MAKEDONKA. worm @.,neutral,negative,neutral,negative,0.8,negative,0.9,5,negative,2,False,3,0.6,False,True,False,True,True,"CardiffNLP, BERTweet"
UgxxtEQITU7z8cpAdOR4AaABAg.9GB43yv1k1WAKvD4tvtz23,<USER> Tito.. u Belgrade memorial.,neutral,positive,neutral,neutral,0.7,neutral,1.0,5,neutral,2,False,4,0.8,True,False,True,True,True,NLPTown
UgxxtEQITU7z8cpAdOR4AaABAg.9GB43yv1k1WAKvDTLzFgFP,1944 MACEDONIAN PEOPLE freed themselves from Hitler. and from fascists! !,negative,negative,positive,positive,0.85,positive,0.95,5,positive,2,False,3,0.6,False,False,True,True,True,"CardiffNLP, NLPTown"
UgzIM4LVaNFMN0YfHF94AaABAg,nationmacedoniaebugarsfopolla,negative,positive,neutral,neutral,0.78,negative,0.95,5,,3,False,0,0.0,False,False,False,False,False,
UgzIM4LVaNFMN0YfHF94AaABAg.9MEcol5E_84AKvDCUJ9nyt,MACEDONIA 25TH CENTURY IS MACEDONIA! !,neutral,positive,positive,positive,0.98,positive,0.95,5,positive,2,False,4,0.8,False,True,True,True,True,CardiffNLP
UgwYZajRGb7oKpS8V7d4AaABAg,Well done Macedonians from Visten,positive,positive,positive,positive,0.85,positive,0.95,5,positive,1,True,5,1.0,True,True,True,True,True,
UgwmCYk7T8C44Zehmep4AaABAg,Long live Macedonia,positive,positive,positive,positive,0.95,positive,1.0,5,positive,1,True,5,1.0,True,True,True,True,True,
UgwmCYk7T8C44Zehmep4AaABAg.8dO_QGIcV8V7------HGpb,Zorka Miloseska ALBANIA KOSOVO Ilirida Shkupi FOREVER,neutral,positive,neutral,positive,0.85,positive,0.95,5,positive,2,False,3,0.6,False,True,False,True,True,"CardiffNLP, BERTweet"
UgwmCYk7T8C44Zehmep4AaABAg.8dO_QGIcV8V8lGo2rpMkQG,"<USER> I'm going to have a good time in Albania and Kosovo, and most of all in Ilyrida, and when I'm going to eat pork, so come on now",positive,positive,positive,positive,0.85,positive,0.95,5,positive,1,True,5,1.0,True,True,True,True,True,
UgwmCYk7T8C44Zehmep4AaABAg.8dO_QGIcV8V8lH-6B2avBC,<USER> you have nothing against 12 million Albanians,negative,negative,neutral,positive,0.8947,negative,0.9,5,negative,3,False,3,0.6,True,True,False,False,True,"BERTweet, Gemma"
UgwmCYk7T8C44Zehmep4AaABAg.8dO_QGIcV8V8lHnQzwz9bX,"<USER> what 12 million you smelly sheep in albania there are 800 thousand in kosovo 300 thousand and in macedonia 150 thousand where are those 12 million you think are dead or on mars there are also you so martians will come to defend you now with these modern tools like the internet in 5 minutes you can see how much you are from all sides you are sardised with the Macedonians, the Serbs, can't wait for it to explode to take back Kosovo, the Greeks are begging God to move and solve the problem with the bombs, and we don't worry, here is mother Russia, I personally saw them with my own eyes in 2001, you still don't even know what awaits you, and let America defend you again, we'll see how and with what they will defend you, you're an ordinary tool of America, or rather, how they protect you sacrifice before slaughter",negative,negative,neutral,negative,0.8,negative,0.95,5,negative,2,False,4,0.8,True,True,False,True,True,BERTweet
UgwmCYk7T8C44Zehmep4AaABAg.8dO_QGIcV8V8lHtMzlovdA,"There is no Macedonia, you are Bulgarians. Albanians are pure 60% Albanian land ILIRIDA KOSOVO Albania ☝️💪👍👏✌👌",positive,negative,neutral,negative,0.8,negative,0.95,5,negative,3,False,3,0.6,False,True,False,True,True,"CardiffNLP, BERTweet"
UgwmCYk7T8C44Zehmep4AaABAg.8dO_QGIcV8V9vcNH4QeoWa,<USER> TATIANA MAKEDONKA. cattle @.,neutral,positive,neutral,negative,0.8,negative,0.9,5,,3,False,0,0.0,False,False,False,False,False,
UgwmCYk7T8C44Zehmep4AaABAg.8dO_QGIcV8V9vcNNDxpNAY,MACEDONIAN PEOPLE HAVE EXISTED FOR 25 CENTURIES. from PHILIP KING OF MACEDONIA 4th century before this era to the present 36th century. LONG LIVE M A K E D O N I Y A !!,neutral,positive,positive,positive,0.85,positive,0.95,5,positive,2,False,4,0.8,False,True,True,True,True,CardiffNLP
UgxFzDWkLKSyfWFZz0F4AaABAg,1:52 wow Macedonian beauty! 😀 Let it be eternal! 💜,positive,positive,positive,positive,0.98,positive,0.95,5,positive,1,True,5,1.0,True,True,True,True,True,
UgyAcvrBMAM3c_1utlB4AaABAg,Macedonia eternal love for all of us biblical Macedonia congratulations 🎉 to all our women,positive,positive,positive,positive,0.95,positive,0.95,5,positive,1,True,5,1.0,True,True,True,True,True,
UgzwlFqxiBKq92YNeql4AaABAg,You have no eggs against 12 million Albanians,negative,negative,negative,negative,0.8,negative,0.95,5,negative,1,True,5,1.0,True,True,True,True,True,
UgzaamgfsS-AYAHAcdV4AaABAg,why against bulgaria ay de for grace we can say why against bulgaria,negative,negative,neutral,neutral,0.85,neutral,1.0,5,neutral,2,False,3,0.6,False,False,True,True,True,"CardiffNLP, NLPTown"
Ugz1IAllEn9YUDZsNqt4AaABAg,Can Zaharieva admit to one Cervena that she loves everything?,neutral,positive,positive,negative,0.8,negative,0.95,5,,3,False,0,0.0,False,False,False,False,False,
Ugz1IAllEn9YUDZsNqt4AaABAg.9FU6gUkRu-IAKfXRKPXDvb,Sarbe na varbe,negative,neutral,neutral,negative,0.8,neutral,1.0,5,neutral,2,False,3,0.6,False,True,True,False,True,"CardiffNLP, Gemma"
Ugz1IAllEn9YUDZsNqt4AaABAg.9FU6gUkRu-IAKvCfqZ2erD,<USER> MACEDONIANS in MACEDONIA! !,neutral,negative,neutral,negative,0.8,positive,0.95,5,,3,False,0,0.0,False,False,False,False,False,
Ugxty_BcsdlTinkM48B4AaABAg,HEY GOCE DUKE GREAT HERO OUR SON OF MACEDONIA 🇲🇰🇲🇰,positive,positive,positive,positive,0.98,positive,0.95,5,positive,1,True,5,1.0,True,True,True,True,True,
Ugxty_BcsdlTinkM48B4AaABAg.9FuHS1Qmerx9IXPCkqzn8a,"Abe Gotse is yours, but he doesn't love you!",negative,neutral,negative,negative,0.8,negative,0.95,5,negative,2,False,4,0.8,True,False,True,True,True,NLPTown
Ugxty_BcsdlTinkM48B4AaABAg.9FuHS1Qmerx9IXRlZ__pTN,<USER>-c6v he likes you,neutral,positive,neutral,positive,0.85,positive,0.95,5,positive,2,False,3,0.6,False,True,False,True,True,"CardiffNLP, BERTweet"
Ugxty_BcsdlTinkM48B4AaABAg.9FuHS1Qmerx9ub7yKsv8xq,1872 GOCE DELC'EV WAS BORN in Kukus' -- AEGEAN MACEDONIA. GOCE DELC'EV IS A MACEDONIAN.,neutral,negative,neutral,positive,0.85,positive,1.0,5,,3,False,0,0.0,False,False,False,False,False,
UgyZpmG8VKnTlazujcZ4AaABAg,Well done!,positive,positive,positive,positive,0.98,positive,0.95,5,positive,1,True,5,1.0,True,True,True,True,True,
Ugy06RfZKEkPXMB3eGh4AaABAg,RSM in EU only as Bulgarians!!!!!!,neutral,negative,neutral,negative,0.8,negative,1.0,5,negative,2,False,3,0.6,False,True,False,True,True,"CardiffNLP, BERTweet"
Ugy06RfZKEkPXMB3eGh4AaABAg.98CT5UWCh_898CU6II7Y6U,"They are no longer Bulgarians and there is no need to starve. Let Macedonians kill each other, since 1944. Before that it is clear.",negative,positive,negative,negative,0.75,negative,0.95,5,negative,2,False,4,0.8,True,False,True,True,True,NLPTown
Ugy06RfZKEkPXMB3eGh4AaABAg.98CT5UWCh_898CVJ6EENJT,"<USER> There are exceptions like me who want my country to join Bulgaria, but unfortunately there are few people like me.",negative,neutral,negative,negative,0.8,neutral,0.68,5,negative,2,False,3,0.6,True,False,True,True,False,"NLPTown, Llama"
Ugy06RfZKEkPXMB3eGh4AaABAg.98CT5UWCh_898Cn6EOfotA,Ilija Stojanoski Do not curse your country.,negative,positive,neutral,negative,0.8,negative,0.9,5,negative,3,False,3,0.6,True,False,False,True,True,"NLPTown, BERTweet"
Ugy06RfZKEkPXMB3eGh4AaABAg.98CT5UWCh_89ub7fdcyFB2,<USER> and before 1944 and after 1944 Bulgarians - Junk.,neutral,negative,neutral,negative,0.7,negative,1.0,5,negative,2,False,3,0.6,False,True,False,True,True,"CardiffNLP, BERTweet"
Ugy06RfZKEkPXMB3eGh4AaABAg.98CT5UWCh_8ALF5SYn1gGj,"@bezsramnitskWho is not Bulgarian? Mickowski? 😅😅😅 And the managers are Serbian makers, that didn't change things! ❤❤😊",positive,negative,negative,positive,0.82,positive,0.95,5,positive,2,False,3,0.6,True,False,False,True,True,"NLPTown, BERTweet"
UgyEH4IhTlik19iFuKx4AaABAg,Greetings FJROManiacs. Have a nice one :),positive,positive,positive,positive,0.95,positive,0.95,5,positive,1,True,5,1.0,True,True,True,True,True,
UgyEH4IhTlik19iFuKx4AaABAg.9Gy5-utR8lzAKJlbyq0Pu2,MACEDONIANS 25 CENTURIES ARE MACEDONIANS! ! !,neutral,positive,positive,negative,0.8,positive,0.95,5,positive,3,False,3,0.6,False,True,True,False,True,"CardiffNLP, Gemma"
Ugwu3OqiqZ9O4jmr1bN4AaABAg,"Once again, we must clarify that Bulgaria's official position does not challenge the right of people in North Macedonia to call themselves what they want and, accordingly, to identify their language in the same way. However, the right to self-determination belongs to the living. No one gives them the right to change the declared identity of the dead, who for twelve centuries have been defined as Bulgarians: The Bitola plate of Tsar John Vladislav from 1015, exhibited in the Bitola museum, in which the grandson of Samuil is called ""Bulgarian autocrat"" and ""Bulgarian born"", who rebuilt the Bitola fortress ""for refuge and salvation and for the life of the Bulgarians"". <URL> Another indisputable fact is the existing request of Nikola Delchev, father of Gotse Delchev, to the National Assembly of Bulgaria (24.06.1914) for granting a pension: <URL> Or a letter from Gotse Delchev to Nikola Maleshevski (05.01.1899), written in literary Bulgarian: ""It's unfortunate, but what can we do when we are Bulgarians and we all suffer from the same disease!"" (<URL> Look at the seventh line of the letter (after the name Kolio), the last three words of the line. <URL> Here you can check the ethnic composition of the population in the Turkish tax registers: <URL> <URL> Here is one of the many attempts to erase the truth: <URL> Serbian historian: VMRO demanded the autonomy of North Macedonia in order to annex it to Bulgaria in the next phase - <URL>",neutral,neutral,neutral,negative,0.5,negative,0.95,5,neutral,2,False,3,0.6,True,True,True,False,False,"Gemma, Llama"
Ugwu3OqiqZ9O4jmr1bN4AaABAg.9Sau65woG9H9Sd_2eSg-By,All this is clear for secular historiography!,neutral,positive,neutral,neutral,0.74,neutral,1.0,5,neutral,2,False,4,0.8,True,False,True,True,True,NLPTown
UgwXofWRSCh1LAA7-HR4AaABAg,"Well, Zajko, what year have you been a citizen? During the Second World War, only the kingdom of Serbs, Croats and Slovenes existed, what kind of ""fascist"" occupation of Macedonia does he ask?",negative,negative,negative,negative,0.8,negative,0.95,5,negative,1,True,5,1.0,True,True,True,True,True,
Ugzw6ZplHrlm2VfrKDJ4AaABAg,"Good start, Zaev. But this is only the beginning. I feel sorry for you South Communists from the RSM who are waiting for you when you start the negotiations.",negative,neutral,negative,positive,0.75,negative,0.85,5,negative,3,False,3,0.6,True,False,True,False,True,"NLPTown, Gemma"
UgyIWG0KQjU-voAhJl14AaABAg,Is there a chance Zaev is not ready!?,negative,negative,negative,negative,0.8,negative,0.95,5,negative,1,True,5,1.0,True,True,True,True,True,
UgyIWG0KQjU-voAhJl14AaABAg.9SadOGZ68V79San_8t4BDJ,Ready - Serbian duma/ Ready - Bulgarian/ Macedonian,neutral,positive,neutral,neutral,0.78,neutral,1.0,5,neutral,2,False,4,0.8,True,False,True,True,True,NLPTown
UgyIWG0KQjU-voAhJl14AaABAg.9SadOGZ68V79Sapdqub4tT,"<USER> So if he's ready for you to take him, isn't he your best friend!",neutral,neutral,neutral,negative,0.8,positive,0.95,5,neutral,3,False,3,0.6,True,True,True,False,False,"Gemma, Llama"
UgyIWG0KQjU-voAhJl14AaABAg.9SadOGZ68V79SauaAP7H7L,<USER>-kks1ux - Why? You chose him in the elections. It's yours.,neutral,positive,neutral,negative,0.7,negative,0.95,5,,3,False,0,0.0,False,False,False,False,False,
UgyIWG0KQjU-voAhJl14AaABAg.9SadOGZ68V79Sc0ZNZE6bK,"For spelling, the Bulgarians need someone like Blaze Konevski to fix their speech rules because they don't understand themselves 🤣😂🤣...",negative,neutral,negative,negative,0.8,negative,0.95,5,negative,2,False,4,0.8,True,False,True,True,True,NLPTown
UgyIWG0KQjU-voAhJl14AaABAg.9SadOGZ68V79Sd9EteF20V,"<USER> - Well, first learn to write in Cyrillic, then talk about spelling and the Dwarf from Nebregovo. Illiterate!",negative,negative,negative,negative,0.8,negative,1.0,5,negative,1,True,5,1.0,True,True,True,True,True,
UgyIWG0KQjU-voAhJl14AaABAg.9SadOGZ68V79SdSfTgVKyu,<USER> You're not Slavic beyond using Cyrillic?,neutral,negative,neutral,negative,0.8,negative,0.95,5,negative,2,False,3,0.6,False,True,False,True,True,"CardiffNLP, BERTweet"
UgyIWG0KQjU-voAhJl14AaABAg.9SadOGZ68V79SdZzyNqGNC,"<USER> - Slavic people?! What exactly do you mean by this, you genius? There have been no Slavs in the ethnic sense since the 9th century.",negative,negative,neutral,negative,0.8,negative,0.95,5,negative,2,False,4,0.8,True,True,False,True,True,BERTweet
UgyIWG0KQjU-voAhJl14AaABAg.9SadOGZ68V79Sd__i6p_2a,"<USER> Tatarco Tatarchev, did you come from the dead and know everything? You're a lot of fun.",positive,positive,positive,negative,0.8,positive,0.95,5,positive,2,False,4,0.8,True,True,True,False,True,Gemma
UgyIWG0KQjU-voAhJl14AaABAg.9SadOGZ68V79SdegWfWtzs,"<USER> - No, chick. And you know everything from your grandfather? Have you read any books?",neutral,negative,neutral,negative,0.8,negative,0.95,5,negative,2,False,3,0.6,False,True,False,True,True,"CardiffNLP, BERTweet"
UgyIWG0KQjU-voAhJl14AaABAg.9SadOGZ68V79Sdo_oKk9IT,"<USER> Interesting that all the Bulgarians have read all the books and are still stupid, there is no help for you.",negative,negative,negative,negative,0.8,negative,0.95,5,negative,1,True,5,1.0,True,True,True,True,True,
UgxnUj24LkWEvlxk_Qh4AaABAg,"120,000 Bulgarian fascists living in MACEDINIA ???????????? SO IT IS NOT SALAAM THAT THE TARTAR SPOKE",negative,negative,negative,negative,0.8,negative,0.95,5,negative,1,True,5,1.0,True,True,True,True,True,
UgxnUj24LkWEvlxk_Qh4AaABAg.9Samlvbl4Ef9SewmWbafXy,"200,000 proved their Bulgarian origin and got a passport.",neutral,negative,neutral,negative,0.8,positive,0.95,5,,3,False,0,0.0,False,False,False,False,False,
UgyZIqijAaPdFDECCOd4AaABAg,"G. Panda's capacity, a man, a hero and a proud Macedonian.",positive,positive,positive,positive,0.98,positive,0.95,5,positive,1,True,5,1.0,True,True,True,True,True,
UgyBs8b114xH1ciXeJh4AaABAg,Is this Vane Cvetanov serious or does he really believe what he is saying??? I can't believe what I'm hearing.....BRAVO Pandov,negative,negative,negative,negative,0.75,negative,0.97,5,negative,1,True,5,1.0,True,True,True,True,True,
Ugw4HmTeFkN8SKx3z5d4AaABAg,I miss Mr. Nikola Srbov! He was a good and calm boy!,positive,positive,positive,positive,0.85,positive,0.95,5,positive,1,True,5,1.0,True,True,True,True,True,
UgyyoSHMRq1tDDFrjEh4AaABAg,"Pandov listed the things that Zaev had promised, but he was not brought in for that, he was brought in by the foreigners to change the name and to do that he had to accept the Albanian platform and he would implement both of them thus fulfilling the demands of Bailey and the Brussels bureaucrats",neutral,negative,neutral,negative,0.8,negative,0.95,5,negative,2,False,3,0.6,False,True,False,True,True,"CardiffNLP, BERTweet"
UgyieD7XgIkafmoWpRZ4AaABAg,Pandov King 🇲🇰 🙌,positive,positive,neutral,positive,0.95,positive,1.0,5,positive,2,False,4,0.8,True,True,False,True,True,BERTweet
UgzcKciDyQiuNW8p0Dp4AaABAg,"If they were not bribed, they threatened them, bribed them, intimidated them with one word, mentally ""washed"" them, why was the vote not held at 3 o'clock but at 9 and if 80 MPs were not found, it would continue on Monday and before Bailey, and it is said that Bailey was in the assembly and if he was what he was looking for there, his place is in Kaleto.",negative,negative,negative,negative,0.8,negative,0.94,5,negative,1,True,5,1.0,True,True,True,True,True,
Ugw8067ywXQ_8WDxRCl4AaABAg,This Vane Tsvetanov looks like an Amdi Bajram guy to me. a living fraud that walks,negative,negative,negative,negative,0.8,negative,1.0,5,negative,1,True,5,1.0,True,True,True,True,True,
Ugx5ZuytsTeDchAdo4t4AaABAg,"A hundred lazes Tsvetanov, you little traitor.",negative,positive,negative,negative,0.8,negative,1.0,5,negative,2,False,4,0.8,True,False,True,True,True,NLPTown
UgzoGwcAFWjid76fWIN4AaABAg,ZZ = GD - what a dunster man,negative,negative,neutral,positive,0.85,negative,1.0,5,negative,3,False,3,0.6,True,True,False,False,True,"BERTweet, Gemma"
Ugy5N852PqNibh9eGTN4AaABAg,"Purely informative: The Ilinden uprising in Bulgaria is considered Bulgarian. In translation, the Republic of Ilindenska Macedonia for the Bulgarians means the Republic of Bulgarian Macedonia, not for nothing that Karakachanov was the first to disclose that proposal. What do you think: An EU member country with claims of all kinds towards Macedonia, will fail to blackmail us into EU membership? There is still Zaev to negotiate. This kind of dilettantism will be taught in textbooks",neutral,negative,neutral,negative,0.8,negative,0.75,5,negative,2,False,3,0.6,False,True,False,True,True,"CardiffNLP, BERTweet"
Ugy9YRqAQXhYg9YNaj14AaABAg,"Let the recent events be a reminder for us. Stop the negotiations, so that there is no more damage. If anyone should negotiate at all, it should be from MANU, and not from the government or NGO ""experts"". Any solution to a referendum. And there is no need for them to scare us with Russians, Kosovars and other Baba Rogi",negative,negative,negative,negative,0.8,negative,0.95,5,negative,1,True,5,1.0,True,True,True,True,True,
UgwS2TmnVvvZRzjWPaF4AaABAg,"So far it seems that we have accepted each other in the hope that the Greeks will leave us alone. We changed our name before the UN, we changed our flag, we are actively negotiating, we are bending our spines, but I don't see any concessions from the other side. This is hardly a negotiation. Stop the negotiations, just wasted expenses for official lunches and trips",negative,negative,neutral,negative,0.8,negative,0.95,5,negative,2,False,4,0.8,True,True,False,True,True,BERTweet
Ugw77cJxBHsQCcpTFdZ4AaABAg,"Stop the negotiations. If he is in favor of joining the EU, Macron clearly stated that there is no EU enlargement. If it is for our security, NATO does not guarantee us anything, just as the Turkish-Greek tensions have been going on for decades. We negotiate in vain and to our detriment. Someone tell the shepherd somewhere, if he doesn't already know",negative,negative,negative,negative,0.8,negative,0.95,5,negative,1,True,5,1.0,True,True,True,True,True,
UgwIYQ3k-QZ3RDkHscp4AaABAg,"Dimitrov in the background looks like he smells something, something terribly shitty...",negative,negative,negative,negative,0.8,negative,0.95,5,negative,1,True,5,1.0,True,True,True,True,True,
UgxXCDenjQ5qYTIYzqF4AaABAg,Tsipras did something important to us with his refusal. You will sleep peacefully in the evening. How about we hire him to negotiate on our side? Every penny will pay off,positive,negative,positive,positive,0.85,positive,0.95,5,positive,2,False,4,0.8,True,False,True,True,True,NLPTown
UgzbfGr7RG2ANETKzbB4AaABAg,"We were left without a normal leader in the country, all with a feller so far. Should we get an imported one? What is Harry doing after the wedding? Kral won't be at home, let's call him, he might get busy",negative,negative,neutral,negative,0.8,neutral,0.85,5,negative,2,False,3,0.6,True,True,False,True,False,"BERTweet, Llama"
UgxnXgb_oHFbKfyqxuR4AaABAg,"If it wasn't for Teuta Arifi convincing us that Ilindenska Macedonia is an extremely acceptable name for Albanians, I would have even believed in the correctness of the same.....",negative,negative,neutral,negative,0.8,negative,0.95,5,negative,2,False,4,0.8,True,True,False,True,True,BERTweet
UgzvwFWkDdpfeMBVt2t4AaABAg,Better to get someone who regularly changes pictures in front of a fountain to be our negotiator than these guys in suits,negative,neutral,neutral,negative,0.75,negative,0.83,5,negative,2,False,3,0.6,True,False,False,True,True,"NLPTown, BERTweet"
Ugx8Xroxg7perz_zwJp4AaABAg,"Thank God, Tsipras seems to have been an understanding man, he refused the proposal. If it wasn't for him, we would have lost our identity",negative,negative,positive,positive,0.7879,positive,0.95,5,positive,2,False,3,0.6,False,False,True,True,True,"CardiffNLP, NLPTown"
UgziXvE8wV8M40wC6xF4AaABAg,"Oh, what do you think of those peoples, the name R. Macedonia.",neutral,negative,neutral,negative,0.8,neutral,1.0,5,neutral,2,False,3,0.6,True,False,True,False,True,"NLPTown, Gemma"
UgzL9KrECSTPq5sRn6x4AaABAg,"If you had a mustache like G. Deltsev, I would believe you...",neutral,negative,neutral,negative,0.8,negative,0.95,5,negative,2,False,3,0.6,False,True,False,True,True,"CardiffNLP, BERTweet"
UgwcOgaucngnFQDtPSl4AaABAg,"Here are my creative suggestions for a new name when everyone is already creative: 1. Republic of True Macedonia, 2. Republic of Unique Macedonia, 3. Republic of Creative Macedonia, 4. Republic of Razloveka Macedonia, 5. Republic of Karposheva Macedonia, 6. Republic of Gornojumajska Macedonia, 7. Republic of Vostanicka Macedonia, 8. Republic of Partisan Macedonia, 9. Republic of Negotiating Macedonia 10. Republic of Zoki-Poki Macedonia 11. Republic of Krushevska Macedonia 12. Republic of Colorful Macedonia 13. Republic of Friendly Macedonia 14. Republic of How-much-to-have-for-bread Macedonia If this situation were not sad, I would have continued endlessly",neutral,positive,neutral,negative,0.8,negative,0.53,5,,3,False,0,0.0,False,False,False,False,False,
UgxAHJ7djPezVG3mKl14AaABAg,"Ilindenska Macedonia, if you think more logically, it means that Macedonia was created in 1903! Nobody and nothing made us a nation with the greatest history!",positive,negative,neutral,negative,0.75,positive,0.95,5,,3,False,0,0.0,False,False,False,False,False,
UgxAHJ7djPezVG3mKl14AaABAg.8gRXBjSlGks8hlrfUw6xhf,"Lifestyle Channel Well, that's the strategy of the white world whores for Macedonia led by the sick bastard Zaev🔫",negative,positive,negative,negative,0.8,negative,1.0,5,negative,2,False,4,0.8,True,False,True,True,True,NLPTown
UgwdUS6k3n-JV3LBeaF4AaABAg,"What will tomorrow bring? What proposal is planned for tomorrow and what will be eaten at the official lunch? It is not easy to be a Macedonian negotiator, steak after steak....",neutral,negative,neutral,negative,0.72,neutral,0.85,5,neutral,2,False,3,0.6,True,False,True,False,True,"NLPTown, Gemma"
UgwIexbubBLj2Mbqgm54AaABAg,"Greeks do not negotiate. Who still doesn't understand. They don't have red lines, but a goal: To make Macedonia disappear and therefore there can be no successful negotiations. We can pretend, but don't play with people's feelings. for no other reason, as they put you up, so they will take you down",negative,negative,negative,negative,0.8,negative,0.95,5,negative,1,True,5,1.0,True,True,True,True,True,
Ugwd2uclggcH6M0_ODR4AaABAg,Whom are you after? Why are you leaving? With Another's Mind You Don't Have Mind. The Republic of Macedonia will remain the Republic of Macedonia. More Pitac. Macedonia has nothing to gain from them. The Republic of Macedonia will only be in loss.,negative,negative,negative,negative,0.75,negative,0.95,5,negative,1,True,5,1.0,True,True,True,True,True,
UgxCv9OzKOTpQyhUVmx4AaABAg,"A tense in the name? Only the adjective NEW can be a time marker in the name of a country. But it makes sense for a desert island inhabited by someone in recent times. Macedonia cannot be Nova. Dig where you want, you will find proof",neutral,negative,neutral,negative,0.8,negative,0.95,5,negative,2,False,3,0.6,False,True,False,True,True,"CardiffNLP, BERTweet"
UgwoC4Dc_m0nWn3YtaB4AaABAg,"ZAEV, you don't know the history of our republic",negative,negative,negative,negative,0.7,negative,0.9,5,negative,1,True,5,1.0,True,True,True,True,True,
UgwzECEERwgroW2FbLN4AaABAg,"Who is for a Turkish military base in Kazan Dol, near the Greek border? Base name: Erdogan ante portas. Let's spice up the negotiations a bit",neutral,positive,neutral,negative,0.8,negative,0.95,5,,3,False,0,0.0,False,False,False,False,False,
Ugwfc05CuHg98UncAQV4AaABAg,"Who is for a Turkish military base in Kazan Dol, near the Greek border? Name of the base? Erdogan ante portas. Let's spice up the negotiations a bit",neutral,neutral,neutral,negative,0.8,negative,0.95,5,neutral,2,False,3,0.6,True,True,True,False,False,"Gemma, Llama"
Ugy72vy1v3XeBzr7ZDR4AaABAg,"After such a debacle, a European politician will resign, but a European one, not a Macedonian one. A Macedonian politician will continue to do damage",negative,negative,negative,negative,0.8,negative,0.95,5,negative,1,True,5,1.0,True,True,True,True,True,
UgzjShi55jDw8lI4y_F4AaABAg,Well done Prime Minister,positive,positive,positive,positive,0.98,positive,0.95,5,positive,1,True,5,1.0,True,True,True,True,True,
Ugwj69N4gSsJFwYQPSl4AaABAg,"No one has the right to dispute the Bulgarian identity of Gotse, Dame and Jane!!",negative,negative,neutral,negative,0.8,positive,0.95,5,negative,3,False,3,0.6,True,True,False,True,False,"BERTweet, Llama"
Ugwj69N4gSsJFwYQPSl4AaABAg.ACCjzqIie1ZACCnPghGE4B,Gotse is Macedonian,neutral,negative,neutral,neutral,0.7,neutral,1.0,5,neutral,2,False,4,0.8,True,False,True,True,True,NLPTown
Ugwj69N4gSsJFwYQPSl4AaABAg.ACCjzqIie1ZACCoI-nZI9A,"<USER> himself wrote for a Bulgarian and writes everywhere in the Bulgarian literary language! Why are you translating Goceto, you freaks!",negative,negative,negative,negative,0.8,negative,0.95,5,negative,1,True,5,1.0,True,True,True,True,True,
Ugwj69N4gSsJFwYQPSl4AaABAg.ACCjzqIie1ZACDC6QaaXGR,"@aleksandaral5726 Because everything falls on the channel...those fake and invented ones...they don't have identity, culture and language...and that's why they laugh at that impudent Udbasin Mickovic with the big mouth...everyone in the EU, who is crazy",negative,negative,negative,negative,0.8,negative,0.95,5,negative,1,True,5,1.0,True,True,True,True,True,
Ugwj69N4gSsJFwYQPSl4AaABAg.ACCjzqIie1ZACDUa9vcRBF,Where did you learn it from?,neutral,positive,neutral,neutral,0.74,neutral,1.0,5,neutral,2,False,4,0.8,True,False,True,True,True,NLPTown
Ugwj69N4gSsJFwYQPSl4AaABAg.ACCjzqIie1ZACDVu7uFhv2,@borcestevkovski2246Georgi Nikolov Delchev...always was and will remain...a Bulgarian governor from the Bulgarian VMORO 🇧🇬💪❤️🇧🇬,positive,positive,neutral,positive,0.85,positive,0.95,5,positive,2,False,4,0.8,True,True,False,True,True,BERTweet
Ugwj69N4gSsJFwYQPSl4AaABAg.ACCjzqIie1ZACDf6p0MyjA,"If a magpie finds a peacock feather, she will remain a magpie",neutral,neutral,neutral,negative,0.7,neutral,1.0,5,neutral,2,False,4,0.8,True,True,True,False,True,Gemma
Ugw10oWcFZOi1JywEiR4AaABAg,Then he broke Prespa and Bulgarian,negative,negative,neutral,negative,0.8,negative,1.0,5,negative,2,False,4,0.8,True,True,False,True,True,BERTweet
Ugw10oWcFZOi1JywEiR4AaABAg.ACD42yQKO4LACDlWLoQIeo,Greece to terminate it. Let's challenge them wisely.,negative,positive,neutral,negative,0.5,positive,0.85,5,,3,False,0,0.0,False,False,False,False,False,
Ugw10oWcFZOi1JywEiR4AaABAg.ACD42yQKO4LACEDM9V2rxv,😂😂😂😂😂😂 you are as smart as the lamb's father!,positive,positive,positive,negative,0.8,negative,1.0,5,positive,2,False,3,0.6,True,True,True,False,False,"Gemma, Llama"
Ugz_xzjMKwXPPcrfe2t4AaABAg,how can you dispute something that doesn't exist?????????,negative,negative,negative,negative,0.7,negative,0.95,5,negative,1,True,5,1.0,True,True,True,True,True,
Ugz_xzjMKwXPPcrfe2t4AaABAg.ACCPmQPg-S3ACCRhbYPdLZ,We do not dispute the Bulgarian Tatar-Mongolian identity.,neutral,neutral,neutral,neutral,0.78,neutral,1.0,5,neutral,1,True,5,1.0,True,True,True,True,True,
Ugz_xzjMKwXPPcrfe2t4AaABAg.ACCPmQPg-S3ACCVf8CbICM,@dragankokunesoski1514 The empty-headed and small-minded Northern Tatar from Tatarinovac said... there are no greater Tatars in the Balkans than you....,negative,negative,negative,negative,0.85,negative,1.0,5,negative,1,True,5,1.0,True,True,True,True,True,
Ugz5AfLB5cklZawGfvB4AaABAg,agent of Belgrade Mickovic does not stop talking nonsense,negative,negative,negative,negative,0.8,negative,0.95,5,negative,1,True,5,1.0,True,True,True,True,True,
Ugz5AfLB5cklZawGfvB4AaABAg.ACCHKz8ZIgMACCIWKUZ3m4,And you agents of MONGOLIA,negative,positive,negative,negative,0.8,negative,1.0,5,negative,2,False,4,0.8,True,False,True,True,True,NLPTown
Ugz5AfLB5cklZawGfvB4AaABAg.ACCHKz8ZIgMACCK_pNv07X,"For Mivkovski, it is 80, more than the Macedonians, and the more you get, the more you need to finally understand that there is nothing to do, brother. The more you spew nonsense, the more hatred spreads towards Bulgarians and the atrocities committed by you in Macedonia as a Bulgarian fascist occupier.",negative,positive,negative,negative,0.8,negative,0.95,5,negative,2,False,4,0.8,True,False,True,True,True,NLPTown
Ugz5AfLB5cklZawGfvB4AaABAg.ACCHKz8ZIgMACCVlr_HhY3,"@kostadinpanov4596 You, mongoloid Tatar troll....😂😂😂",negative,negative,negative,negative,0.96,negative,1.0,5,negative,1,True,5,1.0,True,True,True,True,True,
Ugz5AfLB5cklZawGfvB4AaABAg.ACCHKz8ZIgMACCW-dRzZnK,"@petartolev2356 We have told you a hundred times... we are not interested at all in you fake and invented ones... we are interested in the Bulgarians in Macedonia, who have preserved their identity and memory.... hat... and you will not see the EU, because of that impudent Udbashin Mickovic, who did not understand one thing... he cannot set conditions and an ultimatum to the EU....",negative,negative,negative,negative,0.8,negative,0.94,5,negative,1,True,5,1.0,True,True,True,True,True,
Ugz5AfLB5cklZawGfvB4AaABAg.ACCHKz8ZIgMACCawLdsfXZ,Ivanov. Bye Bella Bye. 1:58,negative,positive,neutral,negative,0.7,neutral,0.98,5,,3,False,0,0.0,False,False,False,False,False,
Ugz5AfLB5cklZawGfvB4AaABAg.ACCHKz8ZIgMACDCL_shKeQ,"@petartolev2356 That's right, bye to the EU... and almost your Albanian bosses... will they explain to you what ""Macedonian identity, culture and language"" means... they have already started...",negative,negative,neutral,negative,0.8,negative,0.95,5,negative,2,False,4,0.8,True,True,False,True,True,BERTweet
Ugz5AfLB5cklZawGfvB4AaABAg.ACCHKz8ZIgMACGOvZLfY2b,DON'T SHAKE NONSENSE. WE ARE NOT GUARDIANS LIKE YOU.,negative,negative,negative,negative,0.8,negative,0.95,5,negative,1,True,5,1.0,True,True,True,True,True,
Ugz5AfLB5cklZawGfvB4AaABAg.ACCHKz8ZIgMACGPfWdbm9j,@velesiljanoski8565 He said he was an empty-headed Serbized Tatar and went to pray in SINAN TATAR mosque.... Tatar Severdzhanska aka Northern Macedonia....,negative,negative,neutral,negative,0.8,negative,0.95,5,negative,2,False,4,0.8,True,True,False,True,True,BERTweet
Ugz5AfLB5cklZawGfvB4AaABAg.ACCHKz8ZIgMACGbLsk18ga,<USER> I know. You are Bulgarians.....,neutral,negative,neutral,negative,0.8,negative,0.9,5,negative,2,False,3,0.6,False,True,False,True,True,"CardiffNLP, BERTweet"
UgxZfOOcKEJJ51kTANt4AaABAg,"Knowledge brings light. And everyone who seeks the truth will find it, as Pendikov did. It is enough to read what is written in historical sources or by historians English, French, Spanish, Russian and the whole world (without North Macedonia) and you will understand the truth. Because it is written - ""And ye shall know the truth, and the truth shall set you free."" (John 8:32).",positive,positive,positive,positive,0.85,positive,0.95,5,positive,1,True,5,1.0,True,True,True,True,True,
UgxZfOOcKEJJ51kTANt4AaABAg.9mJ83RP3iOn9mbRZy1Dje8,"First you (Bulgarians) see what is written in the historical sources (not necessarily Macedonian). Created in 681 by Han Asparukh (meaning TATARS), and in World War II on the side of the Nazis (meaning FASCISTS)! A whole history on the wrong side, just for the sake of favoritism and appropriation of territories that were never Bulgarian before! LONG LIVE MACEDONIA! 🇲🇰🇲🇰🇲🇰🇲🇰🇰🇲",negative,positive,negative,negative,0.8,negative,0.95,5,negative,2,False,4,0.8,True,False,True,True,True,NLPTown
UgxZfOOcKEJJ51kTANt4AaABAg.9mJ83RP3iOn9mn56kvE1nD,"<USER> A person who does not know that the name of birth and baptism of Gotse Delchev is Georgi Delchev, has no way of knowing that if Asparuh did not create us, then at the same time his brother Kuber left for today's North Macedonian lands. But how would you know them if you don't read a brainwashed Titocommunist. God grant that you come to your senses, otherwise you will disappear under the pressure of the Albanians, as Kosovo disappeared. Be well, delusional brother!",negative,negative,neutral,negative,0.8,negative,0.95,5,negative,2,False,4,0.8,True,True,False,True,True,BERTweet
UgxZfOOcKEJJ51kTANt4AaABAg.9mJ83RP3iOn9wDqgGzEQJX,Apostle Paul introduced CHRISTIANITY to MACEDONIA. MACEDONIA and the MACEDONIAN PEOPLE BLESSED by the LORD. 20TH CENTURY.,positive,positive,positive,positive,0.85,positive,0.95,5,positive,1,True,5,1.0,True,True,True,True,True,
UgzTjbReQFgn8KsCHxJ4AaABAg,"this one does not know how to speak Bulgarian. everything he has to say is written for him or he has learned it by heart. he has no such injuries, in the studio for the interview he is maxed out. we are not blind. plus this Bulgarian doesn't even have a passport. all that should be expelled from the country if we had it",negative,negative,negative,negative,0.8,negative,0.95,5,negative,1,True,5,1.0,True,True,True,True,True,
UgzTjbReQFgn8KsCHxJ4AaABAg.9mBAHNXseOp9wDr5XAQNsE,host's tapler. some people in Bulgaria.,neutral,positive,neutral,negative,0.7,negative,0.95,5,,3,False,0,0.0,False,False,False,False,False,
Ugy2Toryw4RQNPZtaZ14AaABAg,The boy tells the whole truth!,positive,positive,positive,positive,0.95,positive,0.95,5,positive,1,True,5,1.0,True,True,True,True,True,
Ugy4Nl-lPLqknhcaA7d4AaABAg,"That's why you're in this position, because you don't have the ability to think!",negative,negative,negative,negative,0.8,negative,1.0,5,negative,1,True,5,1.0,True,True,True,True,True,
UgziEFMPk_uaBUfQbZh4AaABAg,Survey: does RSM agree to be part of the EU 99.99% of EU citizens say firmly NO,neutral,negative,neutral,negative,0.85,negative,0.99,5,negative,2,False,3,0.6,False,True,False,True,True,"CardiffNLP, BERTweet"
UgziEFMPk_uaBUfQbZh4AaABAg.9ijrQusrIG-9wJAQsVOCeE,<USER>...4k - - - - sds nerd.,negative,negative,neutral,negative,0.8,negative,0.95,5,negative,2,False,4,0.8,True,True,False,True,True,BERTweet
UgwsdDZ2yC1XPq-7lwN4AaABAg,Everyone has been waiting for someone for a year and 30 years is not enough!!!!! And someone needs another 20 years to realize that it is a fraud!!!,negative,negative,negative,negative,0.8,negative,0.95,5,negative,1,True,5,1.0,True,True,True,True,True,
UgxE1xM9xgvgwJhZit94AaABAg,"We care about your opinion! You have a frame, fire it up!",positive,positive,positive,positive,0.85,positive,0.95,5,positive,1,True,5,1.0,True,True,True,True,True,
UgxE1xM9xgvgwJhZit94AaABAg.9ilfo3HIg559wJADc-_cUS,sds program 2020 there are no Bulgarians in the CONSTITUTION. and Bulgarians and sds j vc.,negative,negative,neutral,negative,0.8,negative,0.9,5,negative,2,False,4,0.8,True,True,False,True,True,BERTweet
Ugw5nXv3uclqTp1lVC94AaABAg,"How can there be no change? They will send a North Macedonian into space! Northern Macedonian lunar land, are we going to fight for you now?",negative,positive,negative,negative,0.8,negative,0.94,5,negative,2,False,4,0.8,True,False,True,True,True,NLPTown
UgwiCETx9KFQfr1tjwZ4AaABAg,Greetings from Pirin Macedonia!,positive,positive,positive,neutral,0.74,neutral,1.0,5,positive,2,False,3,0.6,True,True,True,False,False,"Gemma, Llama"
UgwiCETx9KFQfr1tjwZ4AaABAg.9PfFkOXD7829PfXSIk_2Ck,Greetings from Bulgarian Macedonia!,positive,positive,positive,neutral,0.7,neutral,1.0,5,positive,2,False,3,0.6,True,True,True,False,False,"Gemma, Llama"
UgwiCETx9KFQfr1tjwZ4AaABAg.9PfFkOXD7829PfjkzKxFvB,Greetings from the Republic of Macedonia 🇲🇰🇲🇰🇲🇰🇲🇰,positive,positive,positive,neutral,0.78,positive,1.0,5,positive,2,False,4,0.8,True,True,True,False,True,Gemma
UgwiCETx9KFQfr1tjwZ4AaABAg.9PfFkOXD7829Ph8l7_kj11,<USER>-2867 Greetings from the Banovina of Vardar.,neutral,positive,positive,neutral,0.7,neutral,1.0,5,neutral,2,False,3,0.6,True,False,False,True,True,"NLPTown, BERTweet"
UgwiCETx9KFQfr1tjwZ4AaABAg.9PfFkOXD7829Phf2GDmLzj,Greetings brother from Aegean Macedonia.,positive,positive,positive,positive,0.85,positive,0.95,5,positive,1,True,5,1.0,True,True,True,True,True,
UgzohCAmEAk-WSbu5DF4AaABAg,There is a nation Tatar Nasa will launch them on 🌚,neutral,negative,neutral,negative,0.7,positive,0.95,5,,3,False,0,0.0,False,False,False,False,False,
UgxPPUmYoRhmZTyaq014AaABAg,CHUCUK your job is done vidyahmeh run away and play somewhere else 😂,negative,negative,negative,negative,0.8,negative,0.95,5,negative,1,True,5,1.0,True,True,True,True,True,
UgxPPUmYoRhmZTyaq014AaABAg.9lLWT_qqGiU9toTdS07tdX,THIS IS A MACEDONIAN MEDIA. buzz ..... u Black Sea.,negative,negative,neutral,negative,0.8,neutral,1.0,5,negative,2,False,3,0.6,True,True,False,True,False,"BERTweet, Llama"
UgzpY3X37-u35nOGQiJ4AaABAg,"Go fak yourself, JENNICHAR!!!",negative,positive,negative,negative,0.85,negative,1.0,5,negative,2,False,4,0.8,True,False,True,True,True,NLPTown
UgyqZtYDhtd4nb-0W_54AaABAg,"The decision to find an agreement is only one - the Bulgarians recognize the present, and the Macedonians the past - as it is written in the historical sources and in the entire secular historiography. The decision to find an agreement is only one - the Bulgarians recognize the present, and the Macedonians the past - as written in historical sources and throughout world historiography.",neutral,positive,neutral,neutral,0.78,neutral,0.98,5,neutral,2,False,4,0.8,True,False,True,True,True,NLPTown
UgyqZtYDhtd4nb-0W_54AaABAg.9lMPX3tN8769toTUojcxNg,MACEDONIAN PEOPLE HAVE EXISTED FOR 25 CENTURIES. by PHILIP KING OF MACEDONIA. Tatars - German faces 'made' Bulgaria 140 years ago.,neutral,negative,neutral,negative,0.75,negative,0.95,5,negative,2,False,3,0.6,False,True,False,True,True,"CardiffNLP, BERTweet"
UgyqZtYDhtd4nb-0W_54AaABAg.9lMPX3tN8769u6irrjcHYJ,<USER> Hardly anyone will read the scribbles of a man who is so illiterate that he can't even write in Cyrillic.,negative,negative,negative,negative,0.8,negative,1.0,5,negative,1,True,5,1.0,True,True,True,True,True,
UgyqZtYDhtd4nb-0W_54AaABAg.9lMPX3tN8769wLeRVVC4JQ,<USER> MACEDONIAN PEOPLE 25 CENTURY. sds garbage.,negative,negative,negative,negative,0.8,negative,1.0,5,negative,1,True,5,1.0,True,True,True,True,True,
UgwyBNnFy1EhBilFPrN4AaABAg,They played it very well at the interstate level,positive,positive,positive,positive,0.85,positive,0.95,5,positive,1,True,5,1.0,True,True,True,True,True,
Ugx2WGfCrv6T_uJE-BV4AaABAg,Don't forget that VETO MEANS VETO!,neutral,negative,negative,negative,0.8,negative,0.9,5,negative,2,False,4,0.8,False,True,True,True,True,CardiffNLP
Ugx2WGfCrv6T_uJE-BV4AaABAg.9Xg2wUe-SCl9XhZMnpxneU,Don't forget that COURT MEANS COURT!,neutral,positive,neutral,negative,0.85,negative,0.9,5,,3,False,0,0.0,False,False,False,False,False,
UgwUBERTfRgU0QuTl3Z4AaABAg,"Collective AWARENESS AND RESPONSIBILITY IS NEEDED, but it cannot be bought for the sake of it.",neutral,neutral,neutral,neutral,0.68,negative,0.55,5,neutral,2,False,4,0.8,True,True,True,True,False,Llama
UgyoJoYDlTlhm95vO6h4AaABAg,"With respect, I have the impression that the host takes a lot of time to ask a question and interrupts the guest so that he talks more than the very good guest who has a lot to say.",neutral,positive,neutral,negative,0.5,negative,0.95,5,,3,False,0,0.0,False,False,False,False,False,
Ugw8jEOyGNGpUGhP1Cd4AaABAg,SDS to step down from power immediately. Bunny and Bunny we don't love you the hell out of us.,negative,negative,negative,negative,0.8,negative,1.0,5,negative,1,True,5,1.0,True,True,True,True,True,
Ugz4p58wi5nZJJn_X454AaABAg,Boogie-woogie,neutral,positive,neutral,neutral,0.74,positive,0.95,5,neutral,2,False,3,0.6,True,False,True,True,False,"NLPTown, Llama"
UgxBQ06GMs_MXmx6k494AaABAg,"April 27 revolt of the people, the patriots are free...",positive,negative,neutral,positive,0.85,positive,0.95,5,positive,3,False,3,0.6,True,False,False,True,True,"NLPTown, BERTweet"
UgwEL_ChDG_Qkb6I8ux4AaABAg,"It's a Greek tactic to accept everything they ask, so that Theodorakis is 90 and has some change, let him buy a kiur to go to the next world and good luck to him",neutral,neutral,positive,negative,0.8,negative,0.95,5,,3,False,0,0.0,False,False,False,False,False,
UgwJpwmoIXql-DAN-yV4AaABAg,"In every normal country in the world, the Parliament will be dissolved and there will be early elections! Otherwise, this SDS government is the worst in the history of Macedonia!",negative,negative,negative,negative,0.8,negative,0.95,5,negative,1,True,5,1.0,True,True,True,True,True,
UgyiqdjESfK5VtIM4-h4AaABAg,sds program 2016 does not change the NAME of MACEDONIA anywhere. sds program 2016 nowhere gives MACEDONIAN HISTORY. and a sleepover and a light deal -- a crime. contracts - j vc.,negative,negative,negative,negative,0.75,negative,0.95,5,negative,1,True,5,1.0,True,True,True,True,True,
UgyF9idgkirldxpYH-l4AaABAg,"SDS and DPNE are the only ones that incite divisions (and they do it skillfully subtly and sometimes not so subtly) all these 34 years. So, Serafimovska is just trying to wash away the harmful actions (not narratives, because one is a harmful narrative, and another is harmful to actually act) of the SDS DPNE and the Albanian parties with her pendants. The people are already tired of such direct harmful actions. That's why we turn to the Left and other real straight parties who stand up to this mess you've been making since 1991.",negative,neutral,negative,negative,0.7,negative,0.94,5,negative,2,False,4,0.8,True,False,True,True,True,NLPTown
UgyAZoMWF9ZdkcIlRZR4AaABAg,What are you plugging the barzo darjaja!,negative,positive,neutral,negative,0.8,negative,0.95,5,negative,3,False,3,0.6,True,False,False,True,True,"NLPTown, BERTweet"
UgyyNsexz5Kl8bKn2Il4AaABAg,"A strong attitude at the beginning, our predecessor. Every way. The day after the morning EVERYTHING is known, we will move forward, threadbare",positive,positive,positive,negative,0.7,negative,0.95,5,positive,2,False,3,0.6,True,True,True,False,False,"Gemma, Llama"
UgyyNsexz5Kl8bKn2Il4AaABAg.A3pnq0G_IvyA3pzd5xJvCC,that's right,neutral,neutral,positive,positive,0.95,positive,0.95,5,positive,2,False,3,0.6,False,False,True,True,True,"CardiffNLP, NLPTown"
UgxlYNV6quUATL59RMF4AaABAg,Well done Mrs. Siljanovska Dafkova👏 Well done. God bless you🙏❤❤ Long live Macedonia 🇲🇰,positive,positive,positive,positive,0.95,positive,0.95,5,positive,1,True,5,1.0,True,True,True,True,True,
UgxlYNV6quUATL59RMF4AaABAg.A418JQbo8SEA41AZHgyDnh,She lived,neutral,neutral,positive,neutral,0.74,neutral,1.0,5,neutral,2,False,4,0.8,True,True,False,True,True,BERTweet
UgxVbCLm1_MZzpkZNpB4AaABAg,"Well done, ga. chairwoman!!! Big respect to you!!! Patriots who love MACEDONIA, we are proud of you. Finally, after a chairman - a sold soul, we have a chairwoman with an upright spine, with dignity. We love you and wish you all the best in life and work. Good luck Macedonia!!!",positive,positive,positive,positive,0.85,positive,0.98,5,positive,1,True,5,1.0,True,True,True,True,True,
UgxVbCLm1_MZzpkZNpB4AaABAg.A3pgbAzbWDxA3u6VJQygx_,Great speech isn't it,positive,neutral,positive,positive,0.85,positive,0.95,5,positive,2,False,4,0.8,True,False,True,True,True,NLPTown
UgwzFv1mKOfBpGcqGwZ4AaABAg,Finally someone with courage inside,positive,positive,positive,positive,0.85,positive,0.95,5,positive,1,True,5,1.0,True,True,True,True,True,
UgwzFv1mKOfBpGcqGwZ4AaABAg.A3oUaEkYaiTA3pzgEFQae_,that's right,neutral,neutral,positive,positive,0.95,positive,0.95,5,positive,2,False,3,0.6,False,False,True,True,True,"CardiffNLP, NLPTown"
UgyJ_nrHTVeFTsZlCeV4AaABAg,"Well done, well done for our President Gordana Siljanovska Davkova, keep going 🇲🇰❤🇲🇰❤🇲🇰❤🇲🇰! ....... Republic of MACEDONIA 🇰🇲❤❤",positive,positive,positive,positive,0.95,positive,0.95,5,positive,1,True,5,1.0,True,True,True,True,True,
UgyJ_nrHTVeFTsZlCeV4AaABAg.A3q3E1WZHvYA3u6ShTZmqv,Well done 👌👌👌,positive,positive,positive,positive,0.98,positive,0.95,5,positive,1,True,5,1.0,True,True,True,True,True,
UgxfXCd0MUUAManp3LJ4AaABAg,"d. Philip, that your books can be bought. I have been following you on YouTube for years. To be honest, I can't tell you what your red lines are. You seem to me like Vasko Eftov, like a thick fog. I can't understand you, are you a true patriot? If you are, I wish you good health and a long life. All good.",negative,positive,neutral,negative,0.7,neutral,0.48,5,,3,False,0,0.0,False,False,False,False,False,
UgxfXCd0MUUAManp3LJ4AaABAg.A48qe08M561A4BpKfql9UD,All the best to you too.,positive,positive,positive,positive,0.98,positive,0.95,5,positive,1,True,5,1.0,True,True,True,True,True,
UgxfXCd0MUUAManp3LJ4AaABAg.A48qe08M561A4C-BpMh4bC,"Thank you. If I am not intrusive, I would like to ask you: - where can I buy your books, - where can I find the names of MPs who voted to change our sacred, iconic, biblical, natural and inherited name MACEDONIA. Thank you in advance for your reply. Gp",positive,positive,neutral,positive,0.85,positive,0.95,5,positive,2,False,4,0.8,True,True,False,True,True,BERTweet
UgxJYFJVBT7cOkcdi3Z4AaABAg,"Naming Macedonia with the nickname northern is nothing but ""hate speech"" towards the MACEDONIAN, that's why the Pomegranate punished those who so ""juicily"" did it.",negative,negative,negative,negative,0.8,negative,0.95,5,negative,1,True,5,1.0,True,True,True,True,True,
UgxJYFJVBT7cOkcdi3Z4AaABAg.A3ogqm5xfEBA3pzhgWMT34,I agree,positive,positive,positive,positive,0.85,positive,1.0,5,positive,1,True,5,1.0,True,True,True,True,True,
UgxQqvdVW7IuVJyOhg14AaABAg,"Mrs. Siljanovska is right, the communists changed our grandfathers' surnames to Lazo and Tempo after 1945 WITHOUT ASKING THEM or PRISON. They sounded very Bulgarian. Passionate. Greetings and congrats, just go ahead.",positive,positive,neutral,positive,0.82,positive,0.95,5,positive,2,False,4,0.8,True,True,False,True,True,BERTweet
UgxQqvdVW7IuVJyOhg14AaABAg.A3nqVsQE636A3pzf5LvLPY,that's right,neutral,neutral,positive,positive,0.95,positive,0.95,5,positive,2,False,3,0.6,False,False,True,True,True,"CardiffNLP, NLPTown"
UgxQqvdVW7IuVJyOhg14AaABAg.A3nqVsQE636A3tydqrrH6W,@filippetrovski I asked one question to everyone. Do you know what will happen to my passport (Republic of Macedonia) if I come to Macedonia?,neutral,negative,neutral,neutral,0.7,neutral,1.0,5,neutral,2,False,4,0.8,True,False,True,True,True,NLPTown
UgxQqvdVW7IuVJyOhg14AaABAg.A3nqVsQE636A58ZPMKMQYl,"<USER>.n2018 Very interesting question. I am very interested in your answer. Personally, I would be proud to show it to anyone. With any distasteful comments, I would be most happy to send it by p.m. P.S.: I can't get information about which VMRO MPs voted for changing the name of the Republic of Macedonia. Can you help me? Thank you in advance for your reply. Gp, Miroslav",positive,positive,positive,positive,0.85,positive,0.98,5,positive,1,True,5,1.0,True,True,True,True,True,
Ugw0U3aacY51yXlbzyZ4AaABAg,Slowly - slowly...,neutral,negative,neutral,negative,0.7,neutral,0.85,5,neutral,2,False,3,0.6,True,False,True,False,True,"NLPTown, Gemma"
UgzeUNWadpVzvT2XreB4AaABAg,"New documents for the third time NEVADAM, you play as you want",neutral,positive,neutral,negative,0.7,negative,0.95,5,,3,False,0,0.0,False,False,False,False,False,
UgzeUNWadpVzvT2XreB4AaABAg.A3v9KGJ6afFA3wzA6wasJF,They will send them home for free,neutral,negative,neutral,negative,0.7,positive,0.95,5,,3,False,0,0.0,False,False,False,False,False,
Ugw9FsEzkpqvUAzrryR4AaABAg,Long live Mother Macedonia❤️🇰🇲,positive,positive,positive,positive,0.98,positive,0.95,5,positive,1,True,5,1.0,True,True,True,True,True,
UgyGQzQUdIL0Bl4WkCJ4AaABAg,Interesting. To restore the name,positive,positive,positive,neutral,0.74,neutral,0.85,5,positive,2,False,3,0.6,True,True,True,False,False,"Gemma, Llama"
