comment_id,gemma_label,gemma_confidence,llama_label,llama_confidence,agreement,confidence_difference,confidence_difference_absolute,higher_confidence_model,agreement_with_high_confidence
UgxFpiWZ9NBpCPAdDo14AaABAg.9czu0eJm5a-9d1U3PxYZEJ,neutral,0.48,negative,0.94,disagreement,-0.45999999999999996,0.45999999999999996,Llama,False
UgzUUNU_WjPQdS5wzBp4AaABAg,negative,0.5,positive,0.95,disagreement,-0.44999999999999996,0.44999999999999996,Llama,False
UgzGCYWNYC3LX7goss14AaABAg,negative,0.5,positive,0.95,disagreement,-0.44999999999999996,0.44999999999999996,Llama,False
UgwSPYFodnWKCiQEeTF4AaABAg,negative,0.5,positive,0.95,disagreement,-0.44999999999999996,0.44999999999999996,Llama,False
Ugw0rV7Sx271jjvydTx4AaABAg.AIYVX3nbq9SAIYyJKdOuMp,negative,0.5,positive,0.95,disagreement,-0.44999999999999996,0.44999999999999996,Llama,False
UgynIfa5Zp9Az8wvHAp4AaABAg.9cxtzGZIEy_9cyv8CAa1nO,negative,0.5,positive,0.95,disagreement,-0.44999999999999996,0.44999999999999996,Llama,False
UgxAqyrJu2i0Z1z56CJ4AaABAg,negative,0.5,positive,0.95,disagreement,-0.44999999999999996,0.44999999999999996,Llama,False
Ugz8lua-pUlImVqpPcd4AaABAg.AIYeRIuh_8mAIemrcNvWtf,negative,0.5,positive,0.95,disagreement,-0.44999999999999996,0.44999999999999996,Llama,False
UgwhDovbiWWZi1hvTjh4AaABAg.9Fys46wU-Jr9KaA7VU4Hn9,negative,0.5,positive,0.95,disagreement,-0.44999999999999996,0.44999999999999996,Llama,False
UgzIZQxexs_cqY99THx4AaABAg,negative,0.5,positive,0.95,disagreement,-0.44999999999999996,0.44999999999999996,Llama,False
Ugx7gX7P1maetqx1_x94AaABAg.AIZ35LacrZlAJ-NSq2sxYW,negative,0.6,positive,1.0,disagreement,-0.4,0.4,Llama,False
UgxFpiWZ9NBpCPAdDo14AaABAg.9czu0eJm5a-9dHrZKKCrTk,negative,0.5,neutral,0.88,disagreement,-0.38,0.38,Llama,False
UgxNp30NcY3Blya_PFt4AaABAg.9d5hsNcQ3nk9dGG7QL1Azr,negative,0.5,neutral,0.88,disagreement,-0.38,0.38,Llama,False
UgwPpufEY4x2IdgjlaN4AaABAg.AIYUr9qCQa_AJ9H9VxKU_L,negative,0.6,positive,0.95,disagreement,-0.35,0.35,Llama,False
UgwPpufEY4x2IdgjlaN4AaABAg.AIYUr9qCQa_AJ7EbagA1dJ,negative,0.6,positive,0.95,disagreement,-0.35,0.35,Llama,False
UgxNZ5tVDJdDAo-xdcJ4AaABAg.AIZ6P5KYNEwAJ7EeJ295ZR,negative,0.6,positive,0.95,disagreement,-0.35,0.35,Llama,False
Ugxqu_7nggUqxak7sXR4AaABAg.AO7nzWifbi4AO8CsCZvNBf,negative,0.5,neutral,0.85,disagreement,-0.35,0.35,Llama,False
UgxJqux325SDwfV4uZN4AaABAg.AIZFs_PfBZRAIfD97hUx8d,negative,0.6,positive,0.95,disagreement,-0.35,0.35,Llama,False
Ugx7gX7P1maetqx1_x94AaABAg.AIZ35LacrZlAIzDt22MmZq,negative,0.6,positive,0.95,disagreement,-0.35,0.35,Llama,False
UgxNZ5tVDJdDAo-xdcJ4AaABAg.AIZ6P5KYNEwAIfxa4Hui0B,negative,0.6,positive,0.95,disagreement,-0.35,0.35,Llama,False
UgzZbT89rJUVk8lnrF54AaABAg,negative,0.5,neutral,0.85,disagreement,-0.35,0.35,Llama,False
UgzQkWJLLsdiYIx3uvJ4AaABAg.AIYytCr9BiWAIzDziOriPl,negative,0.6,positive,0.95,disagreement,-0.35,0.35,Llama,False
UgxE5zrNMM9EPQHNlix4AaABAg.AIc4cWumIn0AIjU1BZdb67,negative,0.6,positive,0.95,disagreement,-0.35,0.35,Llama,False
Ugw0rV7Sx271jjvydTx4AaABAg.AIYVX3nbq9SAIzE9dgfHmG,negative,0.6,positive,0.95,disagreement,-0.35,0.35,Llama,False
UgxNfVR3rb1IriRq_0J4AaABAg.AIYe-rrWjfsAIfDxsVPjnr,negative,0.6,positive,0.95,disagreement,-0.35,0.35,Llama,False
UgyhIjZiybeeByEdU514AaABAg.9czuaWQiV0J9d2hhzm9iv4,negative,0.5,positive,0.85,disagreement,-0.35,0.35,Llama,False
UgxNp30NcY3Blya_PFt4AaABAg.9d5hsNcQ3nk9dGEyUbmuU6,negative,0.5,positive,0.85,disagreement,-0.35,0.35,Llama,False
UgwPpufEY4x2IdgjlaN4AaABAg.AIYUr9qCQa_AIfE8Dnv332,negative,0.6,positive,0.95,disagreement,-0.35,0.35,Llama,False
UgwPpufEY4x2IdgjlaN4AaABAg.AIYUr9qCQa_AIkxmM3Oz4X,negative,0.6,positive,0.95,disagreement,-0.35,0.35,Llama,False
UgzP7rYdAq6QSFSOQ1V4AaABAg,negative,0.5,neutral,0.85,disagreement,-0.35,0.35,Llama,False
UgyeGE6dxQc3A0mWy794AaABAg,negative,0.5,neutral,0.85,disagreement,-0.35,0.35,Llama,False
UgyNZrzIvHVTPxThlrh4AaABAg.AIZ4jx2SMA8AIfDGN8IsQ1,negative,0.6,positive,0.95,disagreement,-0.35,0.35,Llama,False
UgzXfrZeZBgdi5KvkCh4AaABAg.9QP5GWDPeFX9QQKmoBAeEI,neutral,0.7,negative,1.0,disagreement,-0.30000000000000004,0.30000000000000004,Llama,False
UgxECvtu3BP_8xxRwP94AaABAg,negative,0.7,neutral,1.0,disagreement,-0.30000000000000004,0.30000000000000004,Llama,False
UgxafUBv1WLhlSwj9PN4AaABAg,neutral,0.7,negative,1.0,disagreement,-0.30000000000000004,0.30000000000000004,Llama,False
Ugzj8tO3CK6PA-m5NSt4AaABAg,negative,0.7,neutral,1.0,disagreement,-0.30000000000000004,0.30000000000000004,Llama,False
UgwGuqeWjK2muqaX8lB4AaABAg,neutral,0.7,negative,1.0,disagreement,-0.30000000000000004,0.30000000000000004,Llama,False
UgxNZ5tVDJdDAo-xdcJ4AaABAg.AIZ6P5KYNEwAIjUBH_AiGW,neutral,0.7,negative,1.0,disagreement,-0.30000000000000004,0.30000000000000004,Llama,False
UgyMFzFi3b6ITY5_Gul4AaABAg,negative,0.7,neutral,1.0,disagreement,-0.30000000000000004,0.30000000000000004,Llama,False
Ugxrb6IyYD1Mp-1rXOB4AaABAg.AIZ1zmI7VDaAIfrgAh6EaV,negative,0.65,positive,0.95,disagreement,-0.29999999999999993,0.29999999999999993,Llama,False
UgxNfVR3rb1IriRq_0J4AaABAg.AIYe-rrWjfsAIfy2WxQmDV,neutral,0.65,positive,0.95,disagreement,-0.29999999999999993,0.29999999999999993,Llama,False
UgwPpufEY4x2IdgjlaN4AaABAg.AIYUr9qCQa_AIjUXswbCn-,negative,0.65,positive,0.95,disagreement,-0.29999999999999993,0.29999999999999993,Llama,False
Ugw7oCTUDTLFIfInGv54AaABAg.9c8Yg__nxvi9c8cRmJQ19z,neutral,0.65,negative,0.95,disagreement,-0.29999999999999993,0.29999999999999993,Llama,False
Ugx7gX7P1maetqx1_x94AaABAg.AIZ35LacrZlAIzDr6fXMn_,negative,0.65,positive,0.95,disagreement,-0.29999999999999993,0.29999999999999993,Llama,False
UgwcXc9cJdIiZaWhUUN4AaABAg,neutral,0.65,negative,0.95,disagreement,-0.29999999999999993,0.29999999999999993,Llama,False
Ugx7gX7P1maetqx1_x94AaABAg.AIZ35LacrZlAIzDveCOs9s,negative,0.65,positive,0.95,disagreement,-0.29999999999999993,0.29999999999999993,Llama,False
UgxMBfqsQPHbcHDcoAt4AaABAg,neutral,0.65,negative,0.94,disagreement,-0.2899999999999999,0.2899999999999999,Llama,False
Ugz0JVFkD5wmWQyUXKN4AaABAg,neutral,0.65,negative,0.94,disagreement,-0.2899999999999999,0.2899999999999999,Llama,False
UgzGCYWNYC3LX7goss14AaABAg.9Zw5c7gDMFo9_z9sIEnhkw,neutral,0.65,negative,0.94,disagreement,-0.2899999999999999,0.2899999999999999,Llama,False
Ugz76pSp3eLNH-6jEUh4AaABAg.9h4icnAjh5C9hJydPkezCD,neutral,0.65,negative,0.94,disagreement,-0.2899999999999999,0.2899999999999999,Llama,False
Ugy1MsW43AHi1o3py2N4AaABAg.AKMUJ-8Xit3AKMqUX5lXEx,negative,0.7,neutral,0.98,disagreement,-0.28,0.28,Llama,False
UgyVEsMYXVCpi7FVEEh4AaABAg,negative,0.7,neutral,0.98,disagreement,-0.28,0.28,Llama,False
UgwQdIARf2tlkh02PMV4AaABAg.9QP5IIrCR-e9QQKoJhrLSj,neutral,0.73,negative,1.0,disagreement,-0.27,0.27,Llama,False
UgxIyykuawMwSJ3G-Jh4AaABAg,neutral,0.73,negative,1.0,disagreement,-0.27,0.27,Llama,False
UgxDNEF0v6uKO42HHUN4AaABAg.9ccD_9Paa7g9cn3gJZFzzC,neutral,0.68,positive,0.95,disagreement,-0.2699999999999999,0.2699999999999999,Llama,False
UgxDNEF0v6uKO42HHUN4AaABAg.9ccD_9Paa7g9cmNL5df4LR,neutral,0.68,positive,0.95,disagreement,-0.2699999999999999,0.2699999999999999,Llama,False
Ugy5NhH__RINl_CI1vt4AaABAg,neutral,0.68,negative,0.95,disagreement,-0.2699999999999999,0.2699999999999999,Llama,False
UgyVEsMYXVCpi7FVEEh4AaABAg.9cIB3ViP9xZ9cIJuYZzrld,neutral,0.68,positive,0.95,disagreement,-0.2699999999999999,0.2699999999999999,Llama,False
UgycCPsV6zb9NuHhsp94AaABAg,neutral,0.74,negative,1.0,disagreement,-0.26,0.26,Llama,False
UgwUN2O4C0pzJRYqSBx4AaABAg,neutral,0.74,negative,1.0,disagreement,-0.26,0.26,Llama,False
Ugydeg2m2Yjx2rPDvIR4AaABAg,neutral,0.74,negative,1.0,disagreement,-0.26,0.26,Llama,False
UgwQXjHAdt3CjTJLVwl4AaABAg,neutral,0.74,negative,1.0,disagreement,-0.26,0.26,Llama,False
UgzQzEjWoyYUEjJ5cTR4AaABAg,neutral,0.74,negative,1.0,disagreement,-0.26,0.26,Llama,False
UgwZEyXPStYTOb9Fo4R4AaABAg.9d-3RJRezPc9d1TJTrNT6g,neutral,0.68,negative,0.94,disagreement,-0.2599999999999999,0.2599999999999999,Llama,False
UgxJqux325SDwfV4uZN4AaABAg.AIZFs_PfBZRAIp1RcIs1xY,neutral,0.7,negative,0.95,disagreement,-0.25,0.25,Llama,False
UgyA2VcBsmtqc99tFgd4AaABAg.9sadaeFVb4w9sagU3VyU27,negative,0.7,positive,0.95,disagreement,-0.25,0.25,Llama,False
UgyzygK3NBezxWF9QtZ4AaABAg.9QNzwn-7X6B9QWGGY7rodY,neutral,0.7,negative,0.95,disagreement,-0.25,0.25,Llama,False
UgyyMEKj-vyaUTQc9yx4AaABAg,neutral,0.7,positive,0.95,disagreement,-0.25,0.25,Llama,False
UgyFh-blu8y29b-moBB4AaABAg,negative,0.7,positive,0.95,disagreement,-0.25,0.25,Llama,False
UgyDfrw5RpoJCGXGGkh4AaABAg.9Gw_8_A6qvK9H2i2P-UXaU,neutral,0.7,positive,0.95,disagreement,-0.25,0.25,Llama,False
UgwNQvn5_bYoS_Kwxd94AaABAg,neutral,0.65,negative,0.9,disagreement,-0.25,0.25,Llama,False
UgxNZ5tVDJdDAo-xdcJ4AaABAg.AIZ6P5KYNEwAIzDdKBjxR0,neutral,0.7,negative,0.95,disagreement,-0.25,0.25,Llama,False
UgxPhfe8b58hCZGT8394AaABAg,neutral,0.7,negative,0.95,disagreement,-0.25,0.25,Llama,False
UgzVdljLica3KcTBDvx4AaABAg.ADDwsu3UQA4ADE6N8xQjJf,neutral,0.7,negative,0.95,disagreement,-0.25,0.25,Llama,False
Ugwn8C-fGRyUKtZrmCl4AaABAg,negative,0.7,positive,0.95,disagreement,-0.25,0.25,Llama,False
UgzHyKk6mjhFJIc7GZB4AaABAg.9FljQOZGSv29HPexH3ztwl,neutral,0.7,positive,0.95,disagreement,-0.25,0.25,Llama,False
UgzuApD1T5xCpu3sHn94AaABAg,neutral,0.7,negative,0.95,disagreement,-0.25,0.25,Llama,False
UgxMRRIxZxSl923B29t4AaABAg,neutral,0.7,positive,0.95,disagreement,-0.25,0.25,Llama,False
UgzpDkLxeD_Gu9x_TWt4AaABAg,neutral,0.7,negative,0.95,disagreement,-0.25,0.25,Llama,False
Ugwy_hcep1k4qzw7J1R4AaABAg.AKMVkxYEWEuAKMsmtNaLqm,negative,0.7,neutral,0.95,disagreement,-0.25,0.25,Llama,False
UgzJQuS6jD8etUOJ12B4AaABAg.9czxPIqj6tT9d1IOrgB1w8,negative,0.7,positive,0.95,disagreement,-0.25,0.25,Llama,False
UgynezRE5yqs3Um_q8Z4AaABAg,neutral,0.7,negative,0.95,disagreement,-0.25,0.25,Llama,False
UgysBUNz-at6BHNCFap4AaABAg.9knZCzZ5VNS9umJFzo3ADN,neutral,0.7,positive,0.95,disagreement,-0.25,0.25,Llama,False
UgzJaLIuP0U6Zln7ie54AaABAg,negative,0.7,positive,0.95,disagreement,-0.25,0.25,Llama,False
Ugz8p00458PSLOjFZ5h4AaABAg.ADE5w1q3c4FAEkpm4ATIBt,neutral,0.7,positive,0.95,disagreement,-0.25,0.25,Llama,False
UgxryTwM9rlTKn2t2UB4AaABAg,negative,0.7,positive,0.95,disagreement,-0.25,0.25,Llama,False
Ugzf8UtFPrP2kF02Fix4AaABAg,neutral,0.7,positive,0.95,disagreement,-0.25,0.25,Llama,False
UgwO6ysEJEAySywld_14AaABAg,negative,0.75,neutral,1.0,disagreement,-0.25,0.25,Llama,False
Ugz9s3HHYV96ATrrojR4AaABAg.9b8THBRE1vf9bAMeZMBA-2,neutral,0.7,positive,0.95,disagreement,-0.25,0.25,Llama,False
UgzaeJnz9UXfInp7O3x4AaABAg,negative,0.7,positive,0.95,disagreement,-0.25,0.25,Llama,False
UgxTUWznUqEbXChFqYt4AaABAg,neutral,0.7,positive,0.95,disagreement,-0.25,0.25,Llama,False
Ugw3NXjgtNzHtza6-xl4AaABAg.9UewvaBmlrA9Uf2Y3U-yVh,negative,0.7,positive,0.95,disagreement,-0.25,0.25,Llama,False
UgwZEyXPStYTOb9Fo4R4AaABAg.9d-3RJRezPc9d-9pCGk_yI,neutral,0.7,positive,0.95,disagreement,-0.25,0.25,Llama,False
Ugw3NXjgtNzHtza6-xl4AaABAg.9UewvaBmlrA9Uf0CqsCWLu,negative,0.7,positive,0.95,disagreement,-0.25,0.25,Llama,False
UgxE2SQj9AqgpvNV7ER4AaABAg.9Ue7APuu1Pb9UgdE7ppnK2,neutral,0.7,positive,0.95,disagreement,-0.25,0.25,Llama,False
UgzPgFKJ2egfp_al9px4AaABAg,neutral,0.7,positive,0.95,disagreement,-0.25,0.25,Llama,False
Ugw-MO-8Z1ppXY2mtJ94AaABAg,neutral,0.7,negative,0.95,disagreement,-0.25,0.25,Llama,False
UgwEUhDSfFLBovgrdnx4AaABAg,negative,0.7,positive,0.95,disagreement,-0.25,0.25,Llama,False
UgzwEMcjViTCs2k-aPR4AaABAg,neutral,0.7,positive,0.95,disagreement,-0.25,0.25,Llama,False
Ugw2OZmPfTO16vxo3kB4AaABAg,negative,0.7,positive,0.95,disagreement,-0.25,0.25,Llama,False
Ugwu3OqiqZ9O4jmr1bN4AaABAg.9Sau65woG9H9Sd_2eSg-By,negative,0.7,positive,0.95,disagreement,-0.25,0.25,Llama,False
UgwL3NEsa__NUdJ87v54AaABAg,neutral,0.7,negative,0.95,disagreement,-0.25,0.25,Llama,False
UgxNsXZ2yl_E7N0TIIZ4AaABAg,neutral,0.7,positive,0.95,disagreement,-0.25,0.25,Llama,False
Ugwj0KpuKe2jrGJAuTN4AaABAg.9chKjXsYn8f9chjoq_0-qp,neutral,0.7,negative,0.95,disagreement,-0.25,0.25,Llama,False
UgzRfM3SK0VSra5O5H14AaABAg.9FtVKmOLS5a9FyDzXzXL9a,neutral,0.68,negative,0.93,disagreement,-0.25,0.25,Llama,False
UgxNp30NcY3Blya_PFt4AaABAg,negative,0.7,positive,0.95,disagreement,-0.25,0.25,Llama,False
UgwYo_ZiSdscNpGv58p4AaABAg,negative,0.7,positive,0.95,disagreement,-0.25,0.25,Llama,False
Ugzir2vqk4Ib_62to0d4AaABAg,neutral,0.7,negative,0.95,disagreement,-0.25,0.25,Llama,False
UgwgzasPhR2dixDHOix4AaABAg,negative,0.7,positive,0.95,disagreement,-0.25,0.25,Llama,False
UgzhqDYxZC34zp9AeXF4AaABAg.ADUOsZI6lOtADUR_uu2DEO,neutral,0.7,negative,0.94,disagreement,-0.24,0.24,Llama,False
UgxX-6goASb6q3PDHOd4AaABAg,neutral,0.7,negative,0.94,disagreement,-0.24,0.24,Llama,False
UgzeUNWadpVzvT2XreB4AaABAg,neutral,0.7,negative,0.94,disagreement,-0.24,0.24,Llama,False
Ugwmz44VYKc44Prswph4AaABAg.9QO0_YsZDwn9QuDLAxWYXv,neutral,0.7,negative,0.94,disagreement,-0.24,0.24,Llama,False
UgxGpsMtbZaZuctwVO94AaABAg.AE4nVeE8YrzAE4rWVLYoaR,neutral,0.7,negative,0.94,disagreement,-0.24,0.24,Llama,False
UgzwJdKxVXH0r7EK9Ll4AaABAg.AJsSW0siS-1AJspNYelBAK,neutral,0.6,negative,0.83,disagreement,-0.22999999999999998,0.22999999999999998,Llama,False
UgwR7zQ50t6vdSGhdIJ4AaABAg.AKMVUVyEJyFAKMsyrl8232,neutral,0.72,positive,0.95,disagreement,-0.22999999999999998,0.22999999999999998,Llama,False
UgyqZtYDhtd4nb-0W_54AaABAg,neutral,0.78,negative,0.55,disagreement,0.22999999999999998,0.22999999999999998,Gemma,False
Ugwx-BgjRZEGU6eIOLt4AaABAg.9Aa2MQat_Oa9m1TZWq50lD,negative,0.72,positive,0.95,disagreement,-0.22999999999999998,0.22999999999999998,Llama,False
UgxtQBaJEc_4mbBhmJV4AaABAg.9q6eRTVga7g9uy6obwE9c8,neutral,0.78,negative,1.0,disagreement,-0.21999999999999997,0.21999999999999997,Llama,False
UgxjOzOh3xkmxS499lZ4AaABAg.9end8tPguMw9x7FRdPnqzk,neutral,0.78,positive,1.0,disagreement,-0.21999999999999997,0.21999999999999997,Llama,False
Ugy1MsW43AHi1o3py2N4AaABAg.AKMUJ-8Xit3AKMv7iVsy-2,neutral,0.73,negative,0.95,disagreement,-0.21999999999999997,0.21999999999999997,Llama,False
UgzVdljLica3KcTBDvx4AaABAg.ADDwsu3UQA4ADE0jnpznqU,neutral,0.74,positive,0.95,disagreement,-0.20999999999999996,0.20999999999999996,Llama,False
UgxDlWSa81T1PS96RFp4AaABAg,neutral,0.74,positive,0.95,disagreement,-0.20999999999999996,0.20999999999999996,Llama,False
UgzDz3LUKlTud1rlTSl4AaABAg,neutral,0.74,positive,0.95,disagreement,-0.20999999999999996,0.20999999999999996,Llama,False
UgyQgy72MVEeTI_oNPF4AaABAg.9cg8Qo7lnwm9crYXAuvRze,neutral,0.74,negative,0.95,disagreement,-0.20999999999999996,0.20999999999999996,Llama,False
UgxRNfD2iGnsC6Q24ld4AaABAg,neutral,0.74,positive,0.95,disagreement,-0.20999999999999996,0.20999999999999996,Llama,False
UgwJCR5HJ0u18L22FRF4AaABAg,neutral,0.74,positive,0.95,disagreement,-0.20999999999999996,0.20999999999999996,Llama,False
Ugw0U3aacY51yXlbzyZ4AaABAg,neutral,0.74,positive,0.95,disagreement,-0.20999999999999996,0.20999999999999996,Llama,False
Ugwd8sKG8NZj0hNzS1V4AaABAg.ADCGkk5PtcIADDcgqmW0tB,neutral,0.74,positive,0.95,disagreement,-0.20999999999999996,0.20999999999999996,Llama,False
UgxNp30NcY3Blya_PFt4AaABAg.9d5hsNcQ3nk9dYQMx3yz56,neutral,0.74,positive,0.95,disagreement,-0.20999999999999996,0.20999999999999996,Llama,False
Ugzu7jFDL0OMbSE77kF4AaABAg.9VAaE_4Vaq49VB1tjWP3eA,neutral,0.74,positive,0.95,disagreement,-0.20999999999999996,0.20999999999999996,Llama,False
UgxbATQheqkk4uth57Z4AaABAg,neutral,0.74,positive,0.95,disagreement,-0.20999999999999996,0.20999999999999996,Llama,False
UgzcQUTqj1jfxv04hml4AaABAg.9GwfUj7M11h9GzRB2Yi1R3,neutral,0.74,positive,0.95,disagreement,-0.20999999999999996,0.20999999999999996,Llama,False
UgyryZrhRWwFQZyduuh4AaABAg.9LklbEcFfz29Lsr0LhufTt,neutral,0.7,negative,0.9,disagreement,-0.20000000000000007,0.20000000000000007,Llama,False
UgxOlpq56_9KmR6Rsc14AaABAg,neutral,0.7,negative,0.9,disagreement,-0.20000000000000007,0.20000000000000007,Llama,False
Ugzw7kIeMd7ARMMzkhV4AaABAg,neutral,0.7,negative,0.9,disagreement,-0.20000000000000007,0.20000000000000007,Llama,False
UgwH7PWZ9mCd-sRJ35t4AaABAg.9czpXWxU4pQ9dM-81AfEyO,negative,0.8,neutral,1.0,disagreement,-0.19999999999999996,0.19999999999999996,Llama,False
Ugz8lua-pUlImVqpPcd4AaABAg.AIYeRIuh_8mAIfDnj44JJ_,negative,0.65,neutral,0.85,disagreement,-0.19999999999999996,0.19999999999999996,Llama,False
UgwD65iGStGV0br7kPt4AaABAg,negative,0.8,neutral,1.0,disagreement,-0.19999999999999996,0.19999999999999996,Llama,False
UgwOkLbCY87bOdwQUtB4AaABAg,neutral,0.65,positive,0.85,disagreement,-0.19999999999999996,0.19999999999999996,Llama,False
UgzzNtFlaPheK0kaQ-d4AaABAg.9GwbvtEDSdN9GwcspY38jk,negative,0.8,neutral,1.0,disagreement,-0.19999999999999996,0.19999999999999996,Llama,False
UgzPb-uEBZtrMfWrBu14AaABAg.9cez9pQ0gl19uZ9zuvtx3u,negative,0.8,neutral,1.0,disagreement,-0.19999999999999996,0.19999999999999996,Llama,False
UgxPPUmYoRhmZTyaq014AaABAg.9lLWT_qqGiU9toTdS07tdX,negative,0.8,neutral,1.0,disagreement,-0.19999999999999996,0.19999999999999996,Llama,False
UgxZ6ftVbzuol5-6kq14AaABAg,negative,0.8,neutral,1.0,disagreement,-0.19999999999999996,0.19999999999999996,Llama,False
UgzxqS2IfnYgUlTx7xN4AaABAg.9snQI08cyHT9snhyymW6tg,neutral,0.65,positive,0.85,disagreement,-0.19999999999999996,0.19999999999999996,Llama,False
UgwR7zQ50t6vdSGhdIJ4AaABAg.AKMVUVyEJyFAKMvXgBhuJH,neutral,0.74,negative,0.94,disagreement,-0.19999999999999996,0.19999999999999996,Llama,False
Ugx4VvM02cCXFqdAb5N4AaABAg,negative,0.8,neutral,1.0,disagreement,-0.19999999999999996,0.19999999999999996,Llama,False
UgyoUvjTtHjuCxPScah4AaABAg.9a9_UBhLyoY9ubCEFvTbqi,neutral,0.75,positive,0.95,disagreement,-0.19999999999999996,0.19999999999999996,Llama,False
UgzIDAlf_kogACAVBoB4AaABAg,negative,0.75,positive,0.95,disagreement,-0.19999999999999996,0.19999999999999996,Llama,False
UgxRvgpGxY_DnPWj_rR4AaABAg.AIenXeJaliPAIkvE47hEST,negative,0.8,positive,1.0,disagreement,-0.19999999999999996,0.19999999999999996,Llama,False
UgxCReJLW8uIjm006X14AaABAg.8hjsDvT5IiZ9wgfIltiW8h,neutral,0.75,positive,0.95,disagreement,-0.19999999999999996,0.19999999999999996,Llama,False
UgwvS5ykhR2XflfOXx94AaABAg.AHSZjA8kechAHWi3TinUHg,neutral,0.8,negative,1.0,disagreement,-0.19999999999999996,0.19999999999999996,Llama,False
UgynBbXEMhxSIIs_Smp4AaABAg,negative,0.75,positive,0.95,disagreement,-0.19999999999999996,0.19999999999999996,Llama,False
UgxXCDenjQ5qYTIYzqF4AaABAg,negative,0.75,positive,0.95,disagreement,-0.19999999999999996,0.19999999999999996,Llama,False
Ugwy_hcep1k4qzw7J1R4AaABAg.AKMVkxYEWEuAKOlVZPMxEO,negative,0.7,neutral,0.89,disagreement,-0.19000000000000006,0.19000000000000006,Llama,False
Ugz03SYUrQQxV8meeYF4AaABAg.9UrbGicKYZk9ut0wHOJmrh,neutral,0.75,negative,0.94,disagreement,-0.18999999999999995,0.18999999999999995,Llama,False
UgzzNtFlaPheK0kaQ-d4AaABAg.9GwbvtEDSdN9GwmNbUNoIm,negative,0.8,positive,0.98,disagreement,-0.17999999999999994,0.17999999999999994,Llama,False
UgxmdoySSEnqmBTZi-B4AaABAg,negative,0.8,neutral,0.98,disagreement,-0.17999999999999994,0.17999999999999994,Llama,False
Ugzd0y_IhxX6u8uChMh4AaABAg,neutral,0.65,negative,0.83,disagreement,-0.17999999999999994,0.17999999999999994,Llama,False
UgypO5JFCBwLYM8_qux4AaABAg.ADE1VbR8-dgADF7Txnl8hf,negative,0.8,neutral,0.98,disagreement,-0.17999999999999994,0.17999999999999994,Llama,False
UgzPb-uEBZtrMfWrBu14AaABAg.9cez9pQ0gl19cfJ2fTDY3T,negative,0.8,neutral,0.98,disagreement,-0.17999999999999994,0.17999999999999994,Llama,False
UgyhIjZiybeeByEdU514AaABAg.9czuaWQiV0J9d2ANYxYmv3,negative,0.8,neutral,0.98,disagreement,-0.17999999999999994,0.17999999999999994,Llama,False
UgxNZ5tVDJdDAo-xdcJ4AaABAg.AIZ6P5KYNEwAJ-NHcWAoif,negative,0.8,neutral,0.98,disagreement,-0.17999999999999994,0.17999999999999994,Llama,False
UgxvWCoDr2HKEfg2y9t4AaABAg.9atSQgCU-sP9atZh7_mUa9,neutral,0.78,positive,0.95,disagreement,-0.16999999999999993,0.16999999999999993,Llama,False
UgzulEVEWZtJnsse5DV4AaABAg.8hP_DiY_Omc8hWw_5KDwC0,neutral,0.78,positive,0.95,disagreement,-0.16999999999999993,0.16999999999999993,Llama,False
UgyKfhWRAfxQ48YqFf54AaABAg,negative,0.7,neutral,0.53,disagreement,0.16999999999999993,0.16999999999999993,Gemma,False
UgwexHKoBKd9YyturtJ4AaABAg.9cuf_QzcivV9cuo47uyMPO,neutral,0.78,positive,0.95,disagreement,-0.16999999999999993,0.16999999999999993,Llama,False
UgzZ9CYtkC2KwgsAM2V4AaABAg.9b8TmFBJ6r49uoBmI1QBs7,neutral,0.78,negative,0.95,disagreement,-0.16999999999999993,0.16999999999999993,Llama,False
Ugxm465xTO-g85DjZcR4AaABAg.9ccWd9YaQ5A9uj8QPxXiLS,neutral,0.78,negative,0.95,disagreement,-0.16999999999999993,0.16999999999999993,Llama,False
UgyLdAz-_4VnWDgSW-94AaABAg.9c8XuxRFGa19vrl-rZlzBQ,neutral,0.78,negative,0.95,disagreement,-0.16999999999999993,0.16999999999999993,Llama,False
UgwnI00QW9qpriV8vnl4AaABAg,neutral,0.78,negative,0.95,disagreement,-0.16999999999999993,0.16999999999999993,Llama,False
UgxDNEF0v6uKO42HHUN4AaABAg.9ccD_9Paa7g9coi6EyAn96,negative,0.72,neutral,0.88,disagreement,-0.16000000000000003,0.16000000000000003,Llama,False
UgxHYvHltgiQf0Au3A14AaABAg.8lrMFLK-WCx8psiLK9ZBng,neutral,0.74,negative,0.9,disagreement,-0.16000000000000003,0.16000000000000003,Llama,False
UgwPatIJmS8lDOaWont4AaABAg,neutral,0.74,negative,0.9,disagreement,-0.16000000000000003,0.16000000000000003,Llama,False
UgwFjRVoEeZ5WY-UyDV4AaABAg,neutral,0.74,negative,0.9,disagreement,-0.16000000000000003,0.16000000000000003,Llama,False
UgwLL-NhKIBJS5wmZE14AaABAg,neutral,0.78,negative,0.94,disagreement,-0.15999999999999992,0.15999999999999992,Llama,False
UgzrtQhVKY-13qZJdaF4AaABAg.AJq3f1YjyJTAKyzOzEoHdb,neutral,0.78,negative,0.94,disagreement,-0.15999999999999992,0.15999999999999992,Llama,False
UgyADMFDk3j84baSGLJ4AaABAg.9c8_avpW8EU9cE0ncs_xxj,negative,0.7,neutral,0.85,disagreement,-0.15000000000000002,0.15000000000000002,Llama,False
UgwmCYk7T8C44Zehmep4AaABAg.8dO_QGIcV8V7------HGpb,positive,0.85,negative,1.0,disagreement,-0.15000000000000002,0.15000000000000002,Llama,False
UgxDNEF0v6uKO42HHUN4AaABAg.9ccD_9Paa7g9ccPljTudPi,negative,0.7,neutral,0.85,disagreement,-0.15000000000000002,0.15000000000000002,Llama,False
UgxQHdqTUx65iAzh_X14AaABAg.ADUq9Hk116RAKH6ytXvwGu,positive,0.85,negative,1.0,disagreement,-0.15000000000000002,0.15000000000000002,Llama,False
UgzIDAlf_kogACAVBoB4AaABAg.AO8J5p8q18CAO8tu77eUf2,positive,0.85,negative,1.0,disagreement,-0.15000000000000002,0.15000000000000002,Llama,False
Ugy06RfZKEkPXMB3eGh4AaABAg.98CT5UWCh_898Cn6EOfotA,positive,0.85,negative,1.0,disagreement,-0.15000000000000002,0.15000000000000002,Llama,False
UgxnMFHZrY2HYQF89id4AaABAg,negative,0.7,neutral,0.85,disagreement,-0.15000000000000002,0.15000000000000002,Llama,False
UgyDZTc6PaTKGJq8MWh4AaABAg,positive,0.85,negative,1.0,disagreement,-0.15000000000000002,0.15000000000000002,Llama,False
Ugx9QkLRnEJztGcaW3R4AaABAg.9QP5FsrANo-9QQOIicmHFi,negative,0.7,neutral,0.85,disagreement,-0.15000000000000002,0.15000000000000002,Llama,False
Ugwa-NXnKOZrg-zz_LN4AaABAg.9QScJfhmjFT9QXdbK32UmW,negative,0.7,neutral,0.85,disagreement,-0.15000000000000002,0.15000000000000002,Llama,False
Ugx4EjrXmw11Viq350x4AaABAg.9QP5EpxFEbL9QQKkNjDftY,neutral,0.85,negative,1.0,disagreement,-0.15000000000000002,0.15000000000000002,Llama,False
Ugw4Gk-4dMZvsvMijdl4AaABAg,neutral,0.85,negative,1.0,disagreement,-0.15000000000000002,0.15000000000000002,Llama,False
UgwIYIHqMOXcudTq6_14AaABAg.9ceeJsIDS759chlNLexMcD,neutral,0.85,negative,1.0,disagreement,-0.15000000000000002,0.15000000000000002,Llama,False
UgxLj8y5nr9ENnFDTF14AaABAg.9cdjlQ30-yU9chj93ynfil,negative,0.7,neutral,0.85,disagreement,-0.15000000000000002,0.15000000000000002,Llama,False
UgwdpOy6rUWdrclpnyN4AaABAg,positive,0.85,negative,1.0,disagreement,-0.15000000000000002,0.15000000000000002,Llama,False
UgyCLMMjoB0vJWNDUTV4AaABAg.9mUCSAvrtAy9mWGt74seVM,negative,0.7,neutral,0.85,disagreement,-0.15000000000000002,0.15000000000000002,Llama,False
UgxNZ5tVDJdDAo-xdcJ4AaABAg.AIZ6P5KYNEwAIjU9-MbldP,positive,0.85,neutral,1.0,disagreement,-0.15000000000000002,0.15000000000000002,Llama,False
UgzVdljLica3KcTBDvx4AaABAg.ADDwsu3UQA4AKHOw0jDhya,positive,0.85,negative,1.0,disagreement,-0.15000000000000002,0.15000000000000002,Llama,False
UgzVdljLica3KcTBDvx4AaABAg.ADDwsu3UQA4ADDxSFx1NZZ,negative,0.7,neutral,0.85,disagreement,-0.15000000000000002,0.15000000000000002,Llama,False
Ugw7oCTUDTLFIfInGv54AaABAg.9c8Yg__nxvi9c9U6epzOH9,negative,0.7,neutral,0.85,disagreement,-0.15000000000000002,0.15000000000000002,Llama,False
UgzP-VEwFFHkn47VJ2l4AaABAg.ADEL0qLfqP2ADELPQOqmwB,negative,0.7,neutral,0.85,disagreement,-0.15000000000000002,0.15000000000000002,Llama,False
Ugxr_VOawoOcQMFnc-t4AaABAg,neutral,0.7,positive,0.85,disagreement,-0.15000000000000002,0.15000000000000002,Llama,False
Ugwl7JJKop-sQfxE8jB4AaABAg,negative,0.7,neutral,0.85,disagreement,-0.15000000000000002,0.15000000000000002,Llama,False
Ugz4H6Ct0oWUaPSIyDR4AaABAg,positive,0.85,negative,1.0,disagreement,-0.15000000000000002,0.15000000000000002,Llama,False
Ugw0rV7Sx271jjvydTx4AaABAg.AIYVX3nbq9SAIYaY28xWu8,negative,0.7,neutral,0.85,disagreement,-0.15000000000000002,0.15000000000000002,Llama,False
UgwaGxlMDL0F5Q1msvd4AaABAg.AIYplA815ZiAIfDexn6UKJ,positive,0.85,negative,1.0,disagreement,-0.15000000000000002,0.15000000000000002,Llama,False
Ugwhyoz7LhdEdJy40pd4AaABAg,positive,0.85,negative,1.0,disagreement,-0.15000000000000002,0.15000000000000002,Llama,False
UgyFa8lCWOSy7KlDmOZ4AaABAg.9bYGha81Hu_9uNQVHGjLw8,neutral,0.85,negative,1.0,disagreement,-0.15000000000000002,0.15000000000000002,Llama,False
UgzVKE_KZ8nNASbyeiB4AaABAg,positive,0.85,negative,1.0,disagreement,-0.15000000000000002,0.15000000000000002,Llama,False
UgxNp30NcY3Blya_PFt4AaABAg.9d5hsNcQ3nk9d6eKFMFm_8,positive,0.78,negative,0.93,disagreement,-0.15000000000000002,0.15000000000000002,Llama,False
Ugxrb6IyYD1Mp-1rXOB4AaABAg.AIZ1zmI7VDaAId8dOTjsST,neutral,0.85,negative,1.0,disagreement,-0.15000000000000002,0.15000000000000002,Llama,False
UgyFmvyX0lMMQWNHvHZ4AaABAg.9caeG3dVTlT9cr0AbhGHbi,negative,0.7,neutral,0.85,disagreement,-0.15000000000000002,0.15000000000000002,Llama,False
UgwVshT5Q-mCSRnKHVR4AaABAg,positive,0.85,negative,1.0,disagreement,-0.15000000000000002,0.15000000000000002,Llama,False
Ugx1VA-iX96lkkKKsUl4AaABAg.9cwCUO8LD2R9cwtc7tIias,positive,0.85,negative,1.0,disagreement,-0.15000000000000002,0.15000000000000002,Llama,False
UgxEKxCJNt2_CideAJZ4AaABAg.9d00Fo4dbm39dBmoEB4xXt,negative,0.7,neutral,0.85,disagreement,-0.15000000000000002,0.15000000000000002,Llama,False
UgySuur4Mo3tNmsLrjR4AaABAg.9cIEZVhRtm69cISjCN-juQ,negative,0.7,neutral,0.85,disagreement,-0.15000000000000002,0.15000000000000002,Llama,False
Ugz8g7skeo8KvVcou4l4AaABAg.9cleTikowF19sx1MZhl3gB,neutral,0.85,negative,1.0,disagreement,-0.15000000000000002,0.15000000000000002,Llama,False
Ugw5kgr91RPTOkWPWrN4AaABAg,negative,0.7,neutral,0.85,disagreement,-0.15000000000000002,0.15000000000000002,Llama,False
UgwhDovbiWWZi1hvTjh4AaABAg.9Fys46wU-Jr9Gu9YWtjWbO,negative,0.8,positive,0.95,disagreement,-0.1499999999999999,0.1499999999999999,Llama,False
Ugyo_G-45U43-Tj54T54AaABAg,negative,0.8,positive,0.95,disagreement,-0.1499999999999999,0.1499999999999999,Llama,False
UgzpSoinpH5113x6KNh4AaABAg,negative,0.8,positive,0.95,disagreement,-0.1499999999999999,0.1499999999999999,Llama,False
UgwYYq54_Stcj7iQy7p4AaABAg.ANcLdvi8ZCNANfCnKvwnof,negative,0.8,positive,0.95,disagreement,-0.1499999999999999,0.1499999999999999,Llama,False
UgxRvgpGxY_DnPWj_rR4AaABAg.AIenXeJaliPAIl133ehrYr,negative,0.8,positive,0.95,disagreement,-0.1499999999999999,0.1499999999999999,Llama,False
UgxE1xM9xgvgwJhZit94AaABAg,negative,0.8,positive,0.95,disagreement,-0.1499999999999999,0.1499999999999999,Llama,False
UgyIWG0KQjU-voAhJl14AaABAg.9SadOGZ68V79Sapdqub4tT,negative,0.8,positive,0.95,disagreement,-0.1499999999999999,0.1499999999999999,Llama,False
UgzulEVEWZtJnsse5DV4AaABAg.8hP_DiY_Omc8hXLGFXdrjj,negative,0.8,positive,0.95,disagreement,-0.1499999999999999,0.1499999999999999,Llama,False
UgzNDUOIc3TwNFCpuYZ4AaABAg.9g2LQ3V8a579wglN4j7Ku_,negative,0.8,positive,0.95,disagreement,-0.1499999999999999,0.1499999999999999,Llama,False
UgzNDUOIc3TwNFCpuYZ4AaABAg,negative,0.8,positive,0.95,disagreement,-0.1499999999999999,0.1499999999999999,Llama,False
Ugzkr538H_mPWe1HzA94AaABAg.8hPdaJg67rw9wgdmIVHB3O,negative,0.8,positive,0.95,disagreement,-0.1499999999999999,0.1499999999999999,Llama,False
UgzYXL9mNmZb5RuJW1t4AaABAg.8hTnvJC9ogN8pJSmjsZ3BH,negative,0.8,positive,0.95,disagreement,-0.1499999999999999,0.1499999999999999,Llama,False
Ugx5AHLYd04JCnaE99J4AaABAg,negative,0.8,positive,0.95,disagreement,-0.1499999999999999,0.1499999999999999,Llama,False
UgyZJU1FJJePRTJOTH14AaABAg,negative,0.8,positive,0.95,disagreement,-0.1499999999999999,0.1499999999999999,Llama,False
UgxFr4QoU3HRByfaq994AaABAg,negative,0.8,positive,0.95,disagreement,-0.1499999999999999,0.1499999999999999,Llama,False
UgzOvGxhAgcI2kH9ES14AaABAg.9cuQlqWC6CX9cyuwWwabMH,negative,0.8,positive,0.95,disagreement,-0.1499999999999999,0.1499999999999999,Llama,False
UgzOvGxhAgcI2kH9ES14AaABAg,negative,0.8,positive,0.95,disagreement,-0.1499999999999999,0.1499999999999999,Llama,False
UgyOf60A6qkWIr-lX3N4AaABAg,negative,0.8,positive,0.95,disagreement,-0.1499999999999999,0.1499999999999999,Llama,False
UgyFmvyX0lMMQWNHvHZ4AaABAg.9caeG3dVTlT9cm9T5AyKtE,neutral,0.68,negative,0.83,disagreement,-0.1499999999999999,0.1499999999999999,Llama,False
UgxrhGk21igezF7EB894AaABAg,negative,0.8,positive,0.95,disagreement,-0.1499999999999999,0.1499999999999999,Llama,False
UgzRfM3SK0VSra5O5H14AaABAg.9FtVKmOLS5a9G2CQuCcILP,negative,0.8,positive,0.95,disagreement,-0.1499999999999999,0.1499999999999999,Llama,False
UgzRfM3SK0VSra5O5H14AaABAg.9FtVKmOLS5a9G0Y6gOWYB5,negative,0.8,positive,0.95,disagreement,-0.1499999999999999,0.1499999999999999,Llama,False
Ugwj0KpuKe2jrGJAuTN4AaABAg.9chKjXsYn8f9cheG5u1vAi,negative,0.8,positive,0.95,disagreement,-0.1499999999999999,0.1499999999999999,Llama,False
UgxQCH8MMTygkX1Moyd4AaABAg,negative,0.8,positive,0.95,disagreement,-0.1499999999999999,0.1499999999999999,Llama,False
UgyvyB8nFOxEOuhhZH14AaABAg,negative,0.8,positive,0.95,disagreement,-0.1499999999999999,0.1499999999999999,Llama,False
UgwU6kBm1GxSZriYpoV4AaABAg.9eqWbhAuldX9x7FaZlvEJI,negative,0.8,positive,0.95,disagreement,-0.1499999999999999,0.1499999999999999,Llama,False
UgwU6kBm1GxSZriYpoV4AaABAg,negative,0.8,positive,0.95,disagreement,-0.1499999999999999,0.1499999999999999,Llama,False
Ugwj0KpuKe2jrGJAuTN4AaABAg.9chKjXsYn8f9chmY3z76Tn,negative,0.8,positive,0.95,disagreement,-0.1499999999999999,0.1499999999999999,Llama,False
UgxgPywTduTzqF4yFZ54AaABAg.8dBNMHrfp9X8de00UNRyP0,negative,0.8,positive,0.95,disagreement,-0.1499999999999999,0.1499999999999999,Llama,False
Ugzh8RNgqos4gv-dLf14AaABAg,negative,0.8,positive,0.95,disagreement,-0.1499999999999999,0.1499999999999999,Llama,False
UgxCaXgelCr203xZfod4AaABAg.9czxRYjhopR9d-XKm-qke7,negative,0.8,positive,0.95,disagreement,-0.1499999999999999,0.1499999999999999,Llama,False
UgzoDxtvlb9CbSyxiPF4AaABAg,negative,0.8,positive,0.95,disagreement,-0.1499999999999999,0.1499999999999999,Llama,False
Ugz_jEdrZqFpETNfZM94AaABAg.9czyqc_7vVB9rgCgP6g1RJ,negative,0.8,positive,0.95,disagreement,-0.1499999999999999,0.1499999999999999,Llama,False
Ugz9mPhwXHs2xY9lKcd4AaABAg,negative,0.8,positive,0.95,disagreement,-0.1499999999999999,0.1499999999999999,Llama,False
UgwR7zQ50t6vdSGhdIJ4AaABAg.AKMVUVyEJyFAKctYzJ8ZJQ,neutral,0.8,positive,0.95,disagreement,-0.1499999999999999,0.1499999999999999,Llama,False
Ugy1MsW43AHi1o3py2N4AaABAg.AKMUJ-8Xit3AKOlaS-GSLc,negative,0.8,positive,0.95,disagreement,-0.1499999999999999,0.1499999999999999,Llama,False
UgxC4AgFGUrjkR5fTzF4AaABAg,negative,0.8,positive,0.95,disagreement,-0.1499999999999999,0.1499999999999999,Llama,False
UgwPpufEY4x2IdgjlaN4AaABAg.AIYUr9qCQa_AIfyIOhoo9O,negative,0.8,positive,0.95,disagreement,-0.1499999999999999,0.1499999999999999,Llama,False
UgwPpufEY4x2IdgjlaN4AaABAg.AIYUr9qCQa_AIfr40hHKaI,negative,0.8,positive,0.95,disagreement,-0.1499999999999999,0.1499999999999999,Llama,False
UgwPpufEY4x2IdgjlaN4AaABAg.AIYUr9qCQa_AIfqeulP0hF,negative,0.8,positive,0.95,disagreement,-0.1499999999999999,0.1499999999999999,Llama,False
UgwPpufEY4x2IdgjlaN4AaABAg.AIYUr9qCQa_AId8CdPgUOq,negative,0.8,positive,0.95,disagreement,-0.1499999999999999,0.1499999999999999,Llama,False
Ugx2A1ysazcupIzoVj14AaABAg.ACAT4ZaUdhnACBxvdEt2ZB,negative,0.8,positive,0.95,disagreement,-0.1499999999999999,0.1499999999999999,Llama,False
UgzLx2CwkQcssuk8N7N4AaABAg,negative,0.8,positive,0.95,disagreement,-0.1499999999999999,0.1499999999999999,Llama,False
UgwXlE-EFsEZpNro3tV4AaABAg,negative,0.8,positive,0.95,disagreement,-0.1499999999999999,0.1499999999999999,Llama,False
UgxE2SQj9AqgpvNV7ER4AaABAg.9Ue7APuu1Pb9UeOrgzKOYq,negative,0.8,positive,0.95,disagreement,-0.1499999999999999,0.1499999999999999,Llama,False
UgyhIjZiybeeByEdU514AaABAg.9czuaWQiV0J9d0R5b06Kum,negative,0.8,positive,0.95,disagreement,-0.1499999999999999,0.1499999999999999,Llama,False
UgxYaOQcC6YTtzPI8ix4AaABAg.9d-0eNlbKsM9rgJ96JeG-N,negative,0.8,positive,0.95,disagreement,-0.1499999999999999,0.1499999999999999,Llama,False
UgzHMhyQqI42Rc1uzlZ4AaABAg.AIelvT-DmFUAIfD3NIkFyw,negative,0.8,positive,0.95,disagreement,-0.1499999999999999,0.1499999999999999,Llama,False
UgytJtVhqa6Flw7tw6R4AaABAg,negative,0.8,positive,0.95,disagreement,-0.1499999999999999,0.1499999999999999,Llama,False
Ugyr3XjunhQ3oT4VNlN4AaABAg.AIZ4Q1VwTF3AIjUFkqnSTN,negative,0.8,positive,0.95,disagreement,-0.1499999999999999,0.1499999999999999,Llama,False
Ugyr3XjunhQ3oT4VNlN4AaABAg.AIZ4Q1VwTF3AIfxmi_gpgT,negative,0.8,positive,0.95,disagreement,-0.1499999999999999,0.1499999999999999,Llama,False
Ugyr3XjunhQ3oT4VNlN4AaABAg.AIZ4Q1VwTF3AIfrBkX0LTj,negative,0.8,positive,0.95,disagreement,-0.1499999999999999,0.1499999999999999,Llama,False
Ugz8lua-pUlImVqpPcd4AaABAg.AIYeRIuh_8mAIftGu-CYWV,negative,0.8,positive,0.95,disagreement,-0.1499999999999999,0.1499999999999999,Llama,False
Ugz8lua-pUlImVqpPcd4AaABAg.AIYeRIuh_8mAIfDqBWOS_R,negative,0.8,positive,0.95,disagreement,-0.1499999999999999,0.1499999999999999,Llama,False
Ugz8lua-pUlImVqpPcd4AaABAg.AIYeRIuh_8mAIeoaXlzRhJ,negative,0.8,positive,0.95,disagreement,-0.1499999999999999,0.1499999999999999,Llama,False
Ugy1il0OIJCaqSVh5k54AaABAg.AIi7r0cOHioAJ-OF5n1h-O,negative,0.8,positive,0.95,disagreement,-0.1499999999999999,0.1499999999999999,Llama,False
Ugw0rV7Sx271jjvydTx4AaABAg.AIYVX3nbq9SAIpRd66pxe1,negative,0.8,positive,0.95,disagreement,-0.1499999999999999,0.1499999999999999,Llama,False
Ugw0rV7Sx271jjvydTx4AaABAg.AIYVX3nbq9SAIkuX59PBOg,negative,0.8,positive,0.95,disagreement,-0.1499999999999999,0.1499999999999999,Llama,False
UgxGjAHSYjwsrfibalV4AaABAg.9d--pOFvk829eA7R4Wfd3R,negative,0.8,positive,0.95,disagreement,-0.1499999999999999,0.1499999999999999,Llama,False
UgzojfZui6PSPlEfDd14AaABAg.9czwktBT4LS9rgCSfNMWfj,negative,0.8,positive,0.95,disagreement,-0.1499999999999999,0.1499999999999999,Llama,False
UgwH7PWZ9mCd-sRJ35t4AaABAg.9czpXWxU4pQ9rgB07_BT-L,negative,0.8,positive,0.95,disagreement,-0.1499999999999999,0.1499999999999999,Llama,False
UgwmKhC3LfEi9OANowZ4AaABAg,negative,0.8,positive,0.95,disagreement,-0.1499999999999999,0.1499999999999999,Llama,False
UgxijRquj2VQQv84gw94AaABAg,negative,0.8,positive,0.95,disagreement,-0.1499999999999999,0.1499999999999999,Llama,False
UgwrAgij7TXqcKCJC3J4AaABAg.9avn5ZID3c39aw2l2Ele2e,negative,0.8,positive,0.95,disagreement,-0.1499999999999999,0.1499999999999999,Llama,False
UgwrAgij7TXqcKCJC3J4AaABAg.9avn5ZID3c39aw1RoTg2f4,negative,0.8,positive,0.95,disagreement,-0.1499999999999999,0.1499999999999999,Llama,False
UgxGMAAWN7w73vq3LaB4AaABAg,negative,0.8,positive,0.95,disagreement,-0.1499999999999999,0.1499999999999999,Llama,False
Ugyr3XjunhQ3oT4VNlN4AaABAg.AIZ4Q1VwTF3AJ3citJgbB1,negative,0.8,positive,0.95,disagreement,-0.1499999999999999,0.1499999999999999,Llama,False
Ugyr3XjunhQ3oT4VNlN4AaABAg.AIZ4Q1VwTF3AJ-NMMKnLeV,negative,0.8,positive,0.95,disagreement,-0.1499999999999999,0.1499999999999999,Llama,False
Ugyr3XjunhQ3oT4VNlN4AaABAg.AIZ4Q1VwTF3AIzDmkkJxY-,negative,0.8,positive,0.95,disagreement,-0.1499999999999999,0.1499999999999999,Llama,False
Ugyr3XjunhQ3oT4VNlN4AaABAg.AIZ4Q1VwTF3AIzDjbB_uYV,negative,0.8,positive,0.95,disagreement,-0.1499999999999999,0.1499999999999999,Llama,False
Ugyr3XjunhQ3oT4VNlN4AaABAg.AIZ4Q1VwTF3AIqRZIRL3S2,negative,0.8,positive,0.95,disagreement,-0.1499999999999999,0.1499999999999999,Llama,False
Ugyr3XjunhQ3oT4VNlN4AaABAg.AIZ4Q1VwTF3AIl2jvlUEe9,negative,0.8,positive,0.95,disagreement,-0.1499999999999999,0.1499999999999999,Llama,False
Ugyr3XjunhQ3oT4VNlN4AaABAg.AIZ4Q1VwTF3AIkxRBcMxpc,negative,0.8,positive,0.95,disagreement,-0.1499999999999999,0.1499999999999999,Llama,False
Ugyr3XjunhQ3oT4VNlN4AaABAg.AIZ4Q1VwTF3AIkxNl8gs-B,negative,0.8,positive,0.95,disagreement,-0.1499999999999999,0.1499999999999999,Llama,False
Ugz0UF7WxJkoPJoE_pZ4AaABAg.AK1pc1BC3jfAK1yK9uAsr-,negative,0.8,positive,0.95,disagreement,-0.1499999999999999,0.1499999999999999,Llama,False
UgzRVzBpmc0uBFdr0594AaABAg,negative,0.8,positive,0.95,disagreement,-0.1499999999999999,0.1499999999999999,Llama,False
UgyUCSFY-t3GUf37Cj14AaABAg,negative,0.8,positive,0.95,disagreement,-0.1499999999999999,0.1499999999999999,Llama,False
UgwUWMfEPon7BWy_76h4AaABAg,negative,0.8,positive,0.95,disagreement,-0.1499999999999999,0.1499999999999999,Llama,False
UgxL2TrrD5pCarJWgTJ4AaABAg.9czu3IjGCBH9dPidFs958X,negative,0.8,positive,0.95,disagreement,-0.1499999999999999,0.1499999999999999,Llama,False
UgwXzs3MwgE6P-2WOsh4AaABAg,negative,0.8,positive,0.95,disagreement,-0.1499999999999999,0.1499999999999999,Llama,False
UgyYYUPR05aapEluRbB4AaABAg.9cel6kLwDMD9cf20pfZdA_,negative,0.8,positive,0.95,disagreement,-0.1499999999999999,0.1499999999999999,Llama,False
UgyYYUPR05aapEluRbB4AaABAg.9cel6kLwDMD9cf0d3pVyTH,negative,0.8,positive,0.95,disagreement,-0.1499999999999999,0.1499999999999999,Llama,False
UgyYYUPR05aapEluRbB4AaABAg,negative,0.8,positive,0.95,disagreement,-0.1499999999999999,0.1499999999999999,Llama,False
UgxNfVR3rb1IriRq_0J4AaABAg.AIYe-rrWjfsAIft-kKsZHd,negative,0.8,positive,0.95,disagreement,-0.1499999999999999,0.1499999999999999,Llama,False
Ugw0rV7Sx271jjvydTx4AaABAg.AIYVX3nbq9SAJDWe1FCbgf,negative,0.8,positive,0.95,disagreement,-0.1499999999999999,0.1499999999999999,Llama,False
Ugw0rV7Sx271jjvydTx4AaABAg.AIYVX3nbq9SAJBmHlDG0tP,negative,0.8,positive,0.95,disagreement,-0.1499999999999999,0.1499999999999999,Llama,False
Ugw0rV7Sx271jjvydTx4AaABAg.AIYVX3nbq9SAJ6tj7-Lu3F,negative,0.8,positive,0.95,disagreement,-0.1499999999999999,0.1499999999999999,Llama,False
Ugw0rV7Sx271jjvydTx4AaABAg.AIYVX3nbq9SAJ0ooZTE5lC,negative,0.8,positive,0.95,disagreement,-0.1499999999999999,0.1499999999999999,Llama,False
UgwsGNbYlpqVK3FZrSZ4AaABAg.ANLx0g_doA1ANS0HQa-hEC,negative,0.8,positive,0.95,disagreement,-0.1499999999999999,0.1499999999999999,Llama,False
UgwIEvFrbUyeDNGtWC14AaABAg.ANDUo9Gg7-6ANFrz9JyGTI,negative,0.8,positive,0.95,disagreement,-0.1499999999999999,0.1499999999999999,Llama,False
UgzM4g7h_phD1F7Ghot4AaABAg.ANLvxcHaSlIANS0NjUc1OE,negative,0.8,positive,0.95,disagreement,-0.1499999999999999,0.1499999999999999,Llama,False
Ugz9HYWZLaVqOdKchxR4AaABAg,negative,0.8,positive,0.95,disagreement,-0.1499999999999999,0.1499999999999999,Llama,False
UgxDb1GcOOCdO5FXOkV4AaABAg.9hJz-gJotrc9hLDxlJ1wn7,negative,0.8,positive,0.95,disagreement,-0.1499999999999999,0.1499999999999999,Llama,False
UgzzNtFlaPheK0kaQ-d4AaABAg.9GwbvtEDSdN9GwgtYV_mlA,negative,0.8,positive,0.95,disagreement,-0.1499999999999999,0.1499999999999999,Llama,False
UgypMjz6MzPDj-cMzW54AaABAg,negative,0.8,positive,0.95,disagreement,-0.1499999999999999,0.1499999999999999,Llama,False
UgxOR8SY1LYCH20ZdZl4AaABAg,negative,0.8,positive,0.95,disagreement,-0.1499999999999999,0.1499999999999999,Llama,False
Ugwa-NXnKOZrg-zz_LN4AaABAg.9QScJfhmjFT9R62Cx8E_8o,negative,0.8,positive,0.95,disagreement,-0.1499999999999999,0.1499999999999999,Llama,False
UgwIYIHqMOXcudTq6_14AaABAg.9ceeJsIDS759chlR_Jedo7,neutral,0.8,positive,0.95,disagreement,-0.1499999999999999,0.1499999999999999,Llama,False
UgwIYIHqMOXcudTq6_14AaABAg.9ceeJsIDS759chjczeJicS,negative,0.8,positive,0.95,disagreement,-0.1499999999999999,0.1499999999999999,Llama,False
UgwIYIHqMOXcudTq6_14AaABAg.9ceeJsIDS759chdzyoRI5b,negative,0.8,positive,0.95,disagreement,-0.1499999999999999,0.1499999999999999,Llama,False
Ugxp2AJPBeNXyQctd5N4AaABAg,negative,0.8,positive,0.95,disagreement,-0.1499999999999999,0.1499999999999999,Llama,False
UgyCLMMjoB0vJWNDUTV4AaABAg.9mUCSAvrtAy9mZmd6hmvSf,negative,0.8,positive,0.95,disagreement,-0.1499999999999999,0.1499999999999999,Llama,False
UgyCLMMjoB0vJWNDUTV4AaABAg.9mUCSAvrtAy9mZk6N_hfNx,negative,0.8,positive,0.95,disagreement,-0.1499999999999999,0.1499999999999999,Llama,False
UgxgF3F9koYi-xJBiH94AaABAg.9mULaqx0gx99mW_0CbygwS,negative,0.8,positive,0.95,disagreement,-0.1499999999999999,0.1499999999999999,Llama,False
UgxNZ5tVDJdDAo-xdcJ4AaABAg.AIZ6P5KYNEwAIkurhzbCv3,negative,0.8,positive,0.95,disagreement,-0.1499999999999999,0.1499999999999999,Llama,False
UgxNZ5tVDJdDAo-xdcJ4AaABAg.AIZ6P5KYNEwAIid4IDm90R,negative,0.8,positive,0.95,disagreement,-0.1499999999999999,0.1499999999999999,Llama,False
UgxNZ5tVDJdDAo-xdcJ4AaABAg.AIZ6P5KYNEwAIfs_skKjML,negative,0.8,positive,0.95,disagreement,-0.1499999999999999,0.1499999999999999,Llama,False
UgxNZ5tVDJdDAo-xdcJ4AaABAg.AIZ6P5KYNEwAIfrBWPqDV6,negative,0.8,positive,0.95,disagreement,-0.1499999999999999,0.1499999999999999,Llama,False
Ugx7gX7P1maetqx1_x94AaABAg.AIZ35LacrZlAJ-N9ydOnFU,negative,0.8,positive,0.95,disagreement,-0.1499999999999999,0.1499999999999999,Llama,False
Ugx7gX7P1maetqx1_x94AaABAg.AIZ35LacrZlAIl0w2F0L_H,negative,0.8,positive,0.95,disagreement,-0.1499999999999999,0.1499999999999999,Llama,False
UgxJqux325SDwfV4uZN4AaABAg.AIZFs_PfBZRAIpRxSXGDye,negative,0.8,positive,0.95,disagreement,-0.1499999999999999,0.1499999999999999,Llama,False
UgxJqux325SDwfV4uZN4AaABAg.AIZFs_PfBZRAIp18-v_bij,negative,0.8,positive,0.95,disagreement,-0.1499999999999999,0.1499999999999999,Llama,False
UgxJqux325SDwfV4uZN4AaABAg.AIZFs_PfBZRAId9i76-7nm,negative,0.8,positive,0.95,disagreement,-0.1499999999999999,0.1499999999999999,Llama,False
UgxE5zrNMM9EPQHNlix4AaABAg.AIc4cWumIn0AIkv73S_4Gj,negative,0.8,positive,0.95,disagreement,-0.1499999999999999,0.1499999999999999,Llama,False
UgxE5zrNMM9EPQHNlix4AaABAg.AIc4cWumIn0AIidDseXAGu,negative,0.8,positive,0.95,disagreement,-0.1499999999999999,0.1499999999999999,Llama,False
UgwYIdl2sOEdksYgDIV4AaABAg.AIa6OWtOsXxAId9U5auTkB,negative,0.8,positive,0.95,disagreement,-0.1499999999999999,0.1499999999999999,Llama,False
UgzwAT8WMyATKVwYvuR4AaABAg,negative,0.8,positive,0.95,disagreement,-0.1499999999999999,0.1499999999999999,Llama,False
UgzAr6v6M2oEKEEXkjx4AaABAg.9FUeNZDQsCm9FUszqzUAuN,negative,0.8,positive,0.95,disagreement,-0.1499999999999999,0.1499999999999999,Llama,False
UgzkRykUU-JRLDNfRX54AaABAg,negative,0.8,positive,0.95,disagreement,-0.1499999999999999,0.1499999999999999,Llama,False
UgwxgoitteCstpVh3G94AaABAg,negative,0.8,positive,0.95,disagreement,-0.1499999999999999,0.1499999999999999,Llama,False
UgyCEjzkQyzSeUxf6ch4AaABAg,negative,0.8,positive,0.95,disagreement,-0.1499999999999999,0.1499999999999999,Llama,False
Ugz7yqqkJYUI3r3zrVF4AaABAg,negative,0.8,positive,0.95,disagreement,-0.1499999999999999,0.1499999999999999,Llama,False
UgyFuDD0LQOZUzSkjVR4AaABAg,negative,0.8,positive,0.95,disagreement,-0.1499999999999999,0.1499999999999999,Llama,False
Ugywz5Du7ch86X7yRIB4AaABAg,negative,0.8,positive,0.95,disagreement,-0.1499999999999999,0.1499999999999999,Llama,False
UgxdBd-NoLfjnScfOLN4AaABAg,negative,0.8,positive,0.95,disagreement,-0.1499999999999999,0.1499999999999999,Llama,False
UgwNEFp6E-H_g2Ym7qx4AaABAg.9saCUCibni59u8gjapTS8J,neutral,0.8,positive,0.95,disagreement,-0.1499999999999999,0.1499999999999999,Llama,False
Ugz-39KpFVsCT0Ukpe54AaABAg,negative,0.8,positive,0.95,disagreement,-0.1499999999999999,0.1499999999999999,Llama,False
Ugz8GZgyQZHzFJvNrwd4AaABAg.AIOs4ZJCYR0AKH6radzGR7,negative,0.8,positive,0.95,disagreement,-0.1499999999999999,0.1499999999999999,Llama,False
Ugz8GZgyQZHzFJvNrwd4AaABAg.AIOs4ZJCYR0AIOuGjx6LhB,negative,0.8,positive,0.95,disagreement,-0.1499999999999999,0.1499999999999999,Llama,False
Ugxz3x3ttHWiNWyYRt54AaABAg.ADVoInvMWOiAKHO0McOjtt,negative,0.8,positive,0.95,disagreement,-0.1499999999999999,0.1499999999999999,Llama,False
UgwpD5D_2_S6i9wUMh94AaABAg.9c9EnIqWvap9cBq0BNAkbl,negative,0.8,positive,0.95,disagreement,-0.1499999999999999,0.1499999999999999,Llama,False
UgyLdAz-_4VnWDgSW-94AaABAg.9c8XuxRFGa19c93mBdMl3q,negative,0.8,positive,0.95,disagreement,-0.1499999999999999,0.1499999999999999,Llama,False
Ugx2S8P6ntwQt0dgXKB4AaABAg.9c8oIdbZ6-79c96o6ggJA7,negative,0.8,positive,0.95,disagreement,-0.1499999999999999,0.1499999999999999,Llama,False
Ugyumv9DdtQa3h4U95l4AaABAg,negative,0.8,positive,0.95,disagreement,-0.1499999999999999,0.1499999999999999,Llama,False
UgyMVtDDSVGCEApecyB4AaABAg.ADObHII4QQxAKH6Dzd1PGA,negative,0.8,positive,0.95,disagreement,-0.1499999999999999,0.1499999999999999,Llama,False
UgzVdljLica3KcTBDvx4AaABAg.ADDwsu3UQA4AKH6JSqcrEz,negative,0.8,positive,0.95,disagreement,-0.1499999999999999,0.1499999999999999,Llama,False
Ugy5r1f6ffnz9HDWscZ4AaABAg,negative,0.8,positive,0.95,disagreement,-0.1499999999999999,0.1499999999999999,Llama,False
UgxTLuCxqLsypZLXBSt4AaABAg.ADDqStKCc7BADNLz9OTnKO,negative,0.8,positive,0.95,disagreement,-0.1499999999999999,0.1499999999999999,Llama,False
UgxTLuCxqLsypZLXBSt4AaABAg.ADDqStKCc7BADERfllLRXI,negative,0.8,positive,0.95,disagreement,-0.1499999999999999,0.1499999999999999,Llama,False
UgxJQAyxcNPw82O5tkN4AaABAg,negative,0.8,positive,0.95,disagreement,-0.1499999999999999,0.1499999999999999,Llama,False
UgwI-cVUOB5gWnyd10h4AaABAg,negative,0.8,positive,0.95,disagreement,-0.1499999999999999,0.1499999999999999,Llama,False
UgyryZrhRWwFQZyduuh4AaABAg.9LklbEcFfz29_CERiWhq1h,negative,0.8,positive,0.95,disagreement,-0.1499999999999999,0.1499999999999999,Llama,False
UgwhDovbiWWZi1hvTjh4AaABAg.9Fys46wU-JrAKvCyEmYeBx,negative,0.8,positive,0.95,disagreement,-0.1499999999999999,0.1499999999999999,Llama,False
UgxxtEQITU7z8cpAdOR4AaABAg.9GB43yv1k1WAKvDTLzFgFP,negative,0.8,positive,0.95,disagreement,-0.1499999999999999,0.1499999999999999,Llama,False
UgxRbvbZrVwDlrCV6R94AaABAg,negative,0.8,positive,0.95,disagreement,-0.1499999999999999,0.1499999999999999,Llama,False
UgwppeW5hwZe85fWcZh4AaABAg.AIYMewyFEx3AIdFe49fXX_,negative,0.85,neutral,0.98,disagreement,-0.13,0.13,Llama,False
UgzjzpNnXNzF0QvQgxt4AaABAg.AIYXFPVL6BIAIlIwELPkqm,neutral,0.68,negative,0.55,disagreement,0.13,0.13,Gemma,False
UgzzNtFlaPheK0kaQ-d4AaABAg.9GwbvtEDSdN9GweH8wWdtB,negative,0.85,neutral,0.98,disagreement,-0.13,0.13,Llama,False
Ugx9KRJ0GXSkHNc68N14AaABAg,neutral,0.7,negative,0.83,disagreement,-0.13,0.13,Llama,False
UgwHGW3BbusnlDOweDt4AaABAg.ADEWjSzU53MADFYpYgeEb3,neutral,0.78,negative,0.9,disagreement,-0.12,0.12,Llama,False
UgwYYq54_Stcj7iQy7p4AaABAg.ANcLdvi8ZCNANnvBcQMQ_-,positive,0.82,negative,0.94,disagreement,-0.12,0.12,Llama,False
UgwgCIiP6HgicJaAZsd4AaABAg.AOAL9VIvvL4AOG5Kse3P2f,positive,0.82,negative,0.94,disagreement,-0.12,0.12,Llama,False
UgyEByxz58p6u9GeVU14AaABAg,positive,0.82,negative,0.93,disagreement,-0.1100000000000001,0.1100000000000001,Llama,False
Ugz4p58wi5nZJJn_X454AaABAg,negative,0.85,positive,0.95,disagreement,-0.09999999999999998,0.09999999999999998,Llama,False
UgyAZoMWF9ZdkcIlRZR4AaABAg,positive,0.85,negative,0.95,disagreement,-0.09999999999999998,0.09999999999999998,Llama,False
UgwyBNnFy1EhBilFPrN4AaABAg,positive,0.85,negative,0.95,disagreement,-0.09999999999999998,0.09999999999999998,Llama,False
Ugz-9Cfbm0PAk7MUKjd4AaABAg,positive,0.85,negative,0.95,disagreement,-0.09999999999999998,0.09999999999999998,Llama,False
Ugw3GEmh4urMD8DYoPJ4AaABAg.AO7jnTtWs2FAOBqa-9v_LB,negative,0.85,positive,0.95,disagreement,-0.09999999999999998,0.09999999999999998,Llama,False
UgxQqvdVW7IuVJyOhg14AaABAg.A3nqVsQE636A3tydqrrH6W,negative,0.75,neutral,0.85,disagreement,-0.09999999999999998,0.09999999999999998,Llama,False
UgyLuR3z2INg1a8sbF54AaABAg,positive,0.85,negative,0.95,disagreement,-0.09999999999999998,0.09999999999999998,Llama,False
UgyryZrhRWwFQZyduuh4AaABAg,negative,0.75,neutral,0.85,disagreement,-0.09999999999999998,0.09999999999999998,Llama,False
UgysBUNz-at6BHNCFap4AaABAg.9knZCzZ5VNS9kz-OsdlExj,negative,0.75,neutral,0.85,disagreement,-0.09999999999999998,0.09999999999999998,Llama,False
UgzmOyUppgf49eCXIGZ4AaABAg,positive,0.85,negative,0.95,disagreement,-0.09999999999999998,0.09999999999999998,Llama,False
Ugy1il0OIJCaqSVh5k54AaABAg.AIi7r0cOHioAIpRW2eUS7m,positive,0.85,negative,0.95,disagreement,-0.09999999999999998,0.09999999999999998,Llama,False
Ugxw5o7GOjnw1NXKMQd4AaABAg.AK1dwzcfVl0AK1y5bzTrss,positive,0.85,negative,0.95,disagreement,-0.09999999999999998,0.09999999999999998,Llama,False
Ugw0rV7Sx271jjvydTx4AaABAg.AIYVX3nbq9SAJDeUwwq_F3,positive,0.85,negative,0.95,disagreement,-0.09999999999999998,0.09999999999999998,Llama,False
UgzqMDxEzaKheSJEb0V4AaABAg,positive,0.85,negative,0.95,disagreement,-0.09999999999999998,0.09999999999999998,Llama,False
Ugy4U2GbpmgfQZtstwN4AaABAg,positive,0.85,negative,0.95,disagreement,-0.09999999999999998,0.09999999999999998,Llama,False
UgxQqvdVW7IuVJyOhg14AaABAg,positive,0.85,negative,0.95,disagreement,-0.09999999999999998,0.09999999999999998,Llama,False
UgxVbCLm1_MZzpkZNpB4AaABAg.A3pgbAzbWDxA3u6VJQygx_,positive,0.85,negative,0.95,disagreement,-0.09999999999999998,0.09999999999999998,Llama,False
Ugz_xzjMKwXPPcrfe2t4AaABAg,neutral,0.85,negative,0.95,disagreement,-0.09999999999999998,0.09999999999999998,Llama,False
Ugwy7VV3v0NreeopYIt4AaABAg,positive,0.85,negative,0.95,disagreement,-0.09999999999999998,0.09999999999999998,Llama,False
Ugyr3XjunhQ3oT4VNlN4AaABAg.AIZ4Q1VwTF3AIicgn2c3Ov,negative,0.85,positive,0.95,disagreement,-0.09999999999999998,0.09999999999999998,Llama,False
UgwPpufEY4x2IdgjlaN4AaABAg.AIYUr9qCQa_AIkuQ4P_jsh,positive,0.85,negative,0.95,disagreement,-0.09999999999999998,0.09999999999999998,Llama,False
UgySuur4Mo3tNmsLrjR4AaABAg.9cIEZVhRtm69cIQoduW2WW,negative,0.85,positive,0.95,disagreement,-0.09999999999999998,0.09999999999999998,Llama,False
UgzuFOpzvnOYX1xrkAp4AaABAg,positive,0.85,negative,0.95,disagreement,-0.09999999999999998,0.09999999999999998,Llama,False
Ugw_cZ0nWpdYdO-GLhN4AaABAg.9UeEY8vRKNu9Uft289D3gH,positive,0.85,negative,0.95,disagreement,-0.09999999999999998,0.09999999999999998,Llama,False
UgxI2RqX79aohpj16g54AaABAg.8njPMTY2pic8nk0Y-46otY,positive,0.85,negative,0.95,disagreement,-0.09999999999999998,0.09999999999999998,Llama,False
UgxGjAHSYjwsrfibalV4AaABAg.9d--pOFvk829d6qW4ujrxM,positive,0.85,negative,0.95,disagreement,-0.09999999999999998,0.09999999999999998,Llama,False
UgwV1YBMM9pGAV9-XSl4AaABAg,positive,0.85,negative,0.95,disagreement,-0.09999999999999998,0.09999999999999998,Llama,False
UgxKz7yBv-PS5pJ3qZN4AaABAg,positive,0.85,negative,0.95,disagreement,-0.09999999999999998,0.09999999999999998,Llama,False
UgxI2RqX79aohpj16g54AaABAg,neutral,0.85,negative,0.95,disagreement,-0.09999999999999998,0.09999999999999998,Llama,False
UgxaJYEQL-1TeA5ckWt4AaABAg.9XZU44CfNEp9Xc2hviBlUL,negative,0.85,positive,0.95,disagreement,-0.09999999999999998,0.09999999999999998,Llama,False
Ugyubj9s5Sl06xsg5ER4AaABAg.9d1cvdQ7tsV9t6nmV11LNK,neutral,0.85,positive,0.95,disagreement,-0.09999999999999998,0.09999999999999998,Llama,False
Ugxq9gbhsmA6Pd3wXR14AaABAg,positive,0.85,negative,0.95,disagreement,-0.09999999999999998,0.09999999999999998,Llama,False
UgyaATkg9Alt8SNCxWl4AaABAg,negative,0.75,neutral,0.85,disagreement,-0.09999999999999998,0.09999999999999998,Llama,False
Ugwswzoe2aMy42eAB3d4AaABAg,positive,0.85,negative,0.95,disagreement,-0.09999999999999998,0.09999999999999998,Llama,False
UgzojfZui6PSPlEfDd14AaABAg.9czwktBT4LS9d1Hs-xpffO,positive,0.85,negative,0.95,disagreement,-0.09999999999999998,0.09999999999999998,Llama,False
UgyOf60A6qkWIr-lX3N4AaABAg.9a5Z8Li5Awa9ubBKuWctDU,neutral,0.85,negative,0.95,disagreement,-0.09999999999999998,0.09999999999999998,Llama,False
UgyYZKHTigb8ZavRRlt4AaABAg.9d6DsFCWxib9dBnQJ4_p-g,positive,0.85,negative,0.95,disagreement,-0.09999999999999998,0.09999999999999998,Llama,False
UgxJPtrfmVStBdUvOOR4AaABAg.A0lkhajyaGwA20tjbG0Xla,positive,0.85,negative,0.95,disagreement,-0.09999999999999998,0.09999999999999998,Llama,False
Ugzu7jFDL0OMbSE77kF4AaABAg.9VAaE_4Vaq49VDg8tAT3qF,positive,0.85,negative,0.95,disagreement,-0.09999999999999998,0.09999999999999998,Llama,False
Ugw_cZ0nWpdYdO-GLhN4AaABAg.9UeEY8vRKNu9Ug1nV021QE,positive,0.85,negative,0.95,disagreement,-0.09999999999999998,0.09999999999999998,Llama,False
UgxihZC07Uyk4bn6K2Z4AaABAg.AKMYU8uH8M9AKNb5Nj47kG,positive,0.85,negative,0.95,disagreement,-0.09999999999999998,0.09999999999999998,Llama,False
UgyI6aJ7r4nfDQQGO-l4AaABAg,positive,0.85,negative,0.95,disagreement,-0.09999999999999998,0.09999999999999998,Llama,False
UgxjQvn7dqB1MgZIz6h4AaABAg,positive,0.85,negative,0.95,disagreement,-0.09999999999999998,0.09999999999999998,Llama,False
UgzhZEtC3N_CSNaKBJt4AaABAg.8dwFCP3PYOY8e62kYoVdiB,negative,0.85,positive,0.95,disagreement,-0.09999999999999998,0.09999999999999998,Llama,False
UgyOf60A6qkWIr-lX3N4AaABAg.9a5Z8Li5Awa9aDNrB1-tEh,positive,0.85,negative,0.95,disagreement,-0.09999999999999998,0.09999999999999998,Llama,False
UgwWDuwd2TAKHStU-gp4AaABAg,positive,0.85,negative,0.95,disagreement,-0.09999999999999998,0.09999999999999998,Llama,False
UgwAT6qvmUwpC2RfKIZ4AaABAg,positive,0.85,negative,0.95,disagreement,-0.09999999999999998,0.09999999999999998,Llama,False
Ugw0rV7Sx271jjvydTx4AaABAg.AIYVX3nbq9SAJBJY0C5-w-,positive,0.85,negative,0.95,disagreement,-0.09999999999999998,0.09999999999999998,Llama,False
Ugw0rV7Sx271jjvydTx4AaABAg.AIYVX3nbq9SAIqf-624f7v,neutral,0.85,positive,0.95,disagreement,-0.09999999999999998,0.09999999999999998,Llama,False
UgwdUH0FnLEAX0qgw914AaABAg.ANcW0WpkkSeANeALZfez7A,neutral,0.85,negative,0.95,disagreement,-0.09999999999999998,0.09999999999999998,Llama,False
UgzGN3YSg4IB-b7zF354AaABAg,positive,0.85,negative,0.95,disagreement,-0.09999999999999998,0.09999999999999998,Llama,False
Ugwa0JX-gOpN3ODnH-l4AaABAg.9c98Zc04VEr9yO4fGF3etQ,neutral,0.85,positive,0.95,disagreement,-0.09999999999999998,0.09999999999999998,Llama,False
UgykrJlISsDbjRQe1DF4AaABAg,negative,0.75,neutral,0.85,disagreement,-0.09999999999999998,0.09999999999999998,Llama,False
UgzcQUTqj1jfxv04hml4AaABAg.9GwfUj7M11h9GzQDQNxnR3,neutral,0.65,negative,0.55,disagreement,0.09999999999999998,0.09999999999999998,Gemma,False
UgxGNmuNMX5YrCWG6K94AaABAg.9cA6myVRH_r9cGp43G2Dnc,negative,0.75,positive,0.85,disagreement,-0.09999999999999998,0.09999999999999998,Llama,False
UgwHGW3BbusnlDOweDt4AaABAg.ADEWjSzU53MADH6Wtn7P7O,positive,0.85,negative,0.95,disagreement,-0.09999999999999998,0.09999999999999998,Llama,False
UgxLK9SJgZezR-DmZDJ4AaABAg.AEWwjiPbxxRAKH6aWkid4l,positive,0.85,negative,0.95,disagreement,-0.09999999999999998,0.09999999999999998,Llama,False
UgxLK9SJgZezR-DmZDJ4AaABAg.AEWwjiPbxxRAEWywDDOi30,negative,0.75,neutral,0.85,disagreement,-0.09999999999999998,0.09999999999999998,Llama,False
UgxPhfe8b58hCZGT8394AaABAg.9c8wFff4KoA9cAH_PPXLNq,positive,0.85,negative,0.95,disagreement,-0.09999999999999998,0.09999999999999998,Llama,False
UgwdfuxuSaliFH6HnF54AaABAg,positive,0.85,negative,0.95,disagreement,-0.09999999999999998,0.09999999999999998,Llama,False
UgzeUNWadpVzvT2XreB4AaABAg.A3v9KGJ6afFA3wzA6wasJF,positive,0.85,negative,0.95,disagreement,-0.09999999999999998,0.09999999999999998,Llama,False
UgwTGVQLlV0xEX7SBXV4AaABAg,positive,0.85,negative,0.95,disagreement,-0.09999999999999998,0.09999999999999998,Llama,False
UgxfMrLZ49O7dFbywyR4AaABAg,positive,0.85,negative,0.95,disagreement,-0.09999999999999998,0.09999999999999998,Llama,False
UgxdcLRIBNhUI-ZELY94AaABAg,neutral,0.85,positive,0.95,disagreement,-0.09999999999999998,0.09999999999999998,Llama,False
UgwYYq54_Stcj7iQy7p4AaABAg.ANcLdvi8ZCNANctw5dD_2I,negative,0.75,neutral,0.85,disagreement,-0.09999999999999998,0.09999999999999998,Llama,False
UgwHGW3BbusnlDOweDt4AaABAg.ADEWjSzU53MAKH6UWSVUPV,neutral,0.85,positive,0.95,disagreement,-0.09999999999999998,0.09999999999999998,Llama,False
Ugxz3x3ttHWiNWyYRt54AaABAg.ADVoInvMWOiAEjthQp_On6,positive,0.85,negative,0.95,disagreement,-0.09999999999999998,0.09999999999999998,Llama,False
UgwMSjYw3lOYWY-s5td4AaABAg,neutral,0.85,negative,0.95,disagreement,-0.09999999999999998,0.09999999999999998,Llama,False
Ugxl4mVVqezRSeAj6IN4AaABAg,positive,0.85,negative,0.95,disagreement,-0.09999999999999998,0.09999999999999998,Llama,False
UgyqH2a0pzWOkrM5zGd4AaABAg,positive,0.85,negative,0.95,disagreement,-0.09999999999999998,0.09999999999999998,Llama,False
UgxQ94FqewjWiyM_3Bp4AaABAg,positive,0.85,negative,0.95,disagreement,-0.09999999999999998,0.09999999999999998,Llama,False
Ugy1T4WvtW-CDXWcjWN4AaABAg,positive,0.85,negative,0.95,disagreement,-0.09999999999999998,0.09999999999999998,Llama,False
UgzqUSAExq2ZjKitwet4AaABAg,negative,0.85,positive,0.95,disagreement,-0.09999999999999998,0.09999999999999998,Llama,False
UgwioEDkYIvcUpijab14AaABAg,positive,0.85,negative,0.95,disagreement,-0.09999999999999998,0.09999999999999998,Llama,False
UgxEiCGIkEj-z2rl32Z4AaABAg,positive,0.85,negative,0.95,disagreement,-0.09999999999999998,0.09999999999999998,Llama,False
Ugz-1Nn2o3efz6sRdgJ4AaABAg.9QP5Hh46W4A9QQLOITXk0m,negative,0.85,positive,0.95,disagreement,-0.09999999999999998,0.09999999999999998,Llama,False
UgzopOZid-HNwWfuAHh4AaABAg,neutral,0.9,negative,1.0,disagreement,-0.09999999999999998,0.09999999999999998,Llama,False
Ugzlf4olLmkZHGcq9HR4AaABAg,positive,0.85,negative,0.95,disagreement,-0.09999999999999998,0.09999999999999998,Llama,False
Ugw2tf-dzkWHOyvs_8p4AaABAg,positive,0.85,negative,0.95,disagreement,-0.09999999999999998,0.09999999999999998,Llama,False
Ugz_UZPqf41Vq2Irq494AaABAg.9bYAiOreHv29bYgZZDd4a9,positive,0.85,negative,0.95,disagreement,-0.09999999999999998,0.09999999999999998,Llama,False
UgwVFEJuhsbPWbyo5SF4AaABAg,positive,0.85,negative,0.95,disagreement,-0.09999999999999998,0.09999999999999998,Llama,False
UgyyvwX8k8d28Hw8iuF4AaABAg.9cIXpCW3yPu9cJr37_MMp_,positive,0.85,negative,0.95,disagreement,-0.09999999999999998,0.09999999999999998,Llama,False
Ugz2TbMAmNhpBK8bXsV4AaABAg,positive,0.85,negative,0.95,disagreement,-0.09999999999999998,0.09999999999999998,Llama,False
UgyHud9L8EVE_gjQUtd4AaABAg,positive,0.85,negative,0.95,disagreement,-0.09999999999999998,0.09999999999999998,Llama,False
UgzRfM3SK0VSra5O5H14AaABAg.9FtVKmOLS5a9FvzFRkZ3OC,negative,0.85,positive,0.95,disagreement,-0.09999999999999998,0.09999999999999998,Llama,False
UgxrcREWJV35DidGfbh4AaABAg,positive,0.85,negative,0.95,disagreement,-0.09999999999999998,0.09999999999999998,Llama,False
UgwqiKECpp1q-pfg6d14AaABAg.9cdmkskRnkG9d0s8Vit4VY,positive,0.85,negative,0.94,disagreement,-0.08999999999999997,0.08999999999999997,Llama,False
UgwpD5D_2_S6i9wUMh94AaABAg.9c9EnIqWvap9cG6B7nQjre,positive,0.85,negative,0.94,disagreement,-0.08999999999999997,0.08999999999999997,Llama,False
UgyCLMMjoB0vJWNDUTV4AaABAg.9mUCSAvrtAy9mW1xuHckfh,positive,0.85,negative,0.94,disagreement,-0.08999999999999997,0.08999999999999997,Llama,False
Ugz7Fkcuk2DnaDEQF4N4AaABAg,positive,0.85,negative,0.94,disagreement,-0.08999999999999997,0.08999999999999997,Llama,False
UgwYeSeAitL4hE9P4gh4AaABAg,positive,0.85,negative,0.94,disagreement,-0.08999999999999997,0.08999999999999997,Llama,False
UgzlYBBGZikvFTp5u2h4AaABAg,positive,0.85,negative,0.94,disagreement,-0.08999999999999997,0.08999999999999997,Llama,False
UgyVEsMYXVCpi7FVEEh4AaABAg.9cIB3ViP9xZ9cIYUmPVpjO,positive,0.85,negative,0.94,disagreement,-0.08999999999999997,0.08999999999999997,Llama,False
Ugw0rV7Sx271jjvydTx4AaABAg.AIYVX3nbq9SAIp0gM-neRp,neutral,0.85,negative,0.94,disagreement,-0.08999999999999997,0.08999999999999997,Llama,False
Ugxto6KFuyLdQUwP-9l4AaABAg,positive,0.85,negative,0.94,disagreement,-0.08999999999999997,0.08999999999999997,Llama,False
UgwPpufEY4x2IdgjlaN4AaABAg.AIYUr9qCQa_AIldgtUR5w8,positive,0.85,negative,0.94,disagreement,-0.08999999999999997,0.08999999999999997,Llama,False
Ugy1il0OIJCaqSVh5k54AaABAg.AIi7r0cOHioAJ-Mj7qhVYf,positive,0.85,negative,0.94,disagreement,-0.08999999999999997,0.08999999999999997,Llama,False
Ugwa-NXnKOZrg-zz_LN4AaABAg.9QScJfhmjFT9R5vJvbGMO0,positive,0.85,negative,0.94,disagreement,-0.08999999999999997,0.08999999999999997,Llama,False
UgxZiu-z444mmCsxk9B4AaABAg,positive,0.85,negative,0.94,disagreement,-0.08999999999999997,0.08999999999999997,Llama,False
Ugx7gX7P1maetqx1_x94AaABAg.AIZ35LacrZlAIkv30zcXXE,neutral,0.85,negative,0.94,disagreement,-0.08999999999999997,0.08999999999999997,Llama,False
Ugxqu_7nggUqxak7sXR4AaABAg.AO7nzWifbi4AO8j0_uIpEw,positive,0.85,negative,0.94,disagreement,-0.08999999999999997,0.08999999999999997,Llama,False
UgyyNsexz5Kl8bKn2Il4AaABAg,positive,0.85,negative,0.94,disagreement,-0.08999999999999997,0.08999999999999997,Llama,False
UgzGURGudMAsR-BSNiV4AaABAg,positive,0.85,negative,0.94,disagreement,-0.08999999999999997,0.08999999999999997,Llama,False
UgzRfM3SK0VSra5O5H14AaABAg.9FtVKmOLS5a9G0ZVwCjd2b,positive,0.85,negative,0.93,disagreement,-0.08000000000000007,0.08000000000000007,Llama,False
UgwnNwl5Gf-ebbDDdWl4AaABAg.9czrZzdls3F9dErsZ-hG4q,negative,0.75,neutral,0.68,disagreement,0.06999999999999995,0.06999999999999995,Gemma,False
UgxjJ8VAa4Wvhh8vR9t4AaABAg.9QOHFGgC4Gv9QOfJUR2zYK,positive,0.78,neutral,0.85,disagreement,-0.06999999999999995,0.06999999999999995,Llama,False
Ugz5AfLB5cklZawGfvB4AaABAg.ACCHKz8ZIgMACCawLdsfXZ,neutral,0.85,negative,0.9,disagreement,-0.050000000000000044,0.050000000000000044,Llama,False
Ugydeg2m2Yjx2rPDvIR4AaABAg.AO7GlrhBEQkAO7faNGisVe,positive,0.95,negative,1.0,disagreement,-0.050000000000000044,0.050000000000000044,Llama,False
Ugyr3XjunhQ3oT4VNlN4AaABAg.AIZ4Q1VwTF3AIpwp2xgRCA,positive,0.95,negative,1.0,disagreement,-0.050000000000000044,0.050000000000000044,Llama,False
UgwaGxlMDL0F5Q1msvd4AaABAg,positive,0.85,negative,0.9,disagreement,-0.050000000000000044,0.050000000000000044,Llama,False
Ugw0rV7Sx271jjvydTx4AaABAg.AIYVX3nbq9SAJEN_1Xd0yL,positive,0.95,negative,1.0,disagreement,-0.050000000000000044,0.050000000000000044,Llama,False
UgzHMhyQqI42Rc1uzlZ4AaABAg.AIelvT-DmFUAIfqYOWnkk3,positive,0.95,negative,1.0,disagreement,-0.050000000000000044,0.050000000000000044,Llama,False
UgwPg4bGMWBbhLL-a2B4AaABAg.9cdHXMBh45A9cecYn1GIKr,positive,0.95,negative,1.0,disagreement,-0.050000000000000044,0.050000000000000044,Llama,False
Ugyosc-nYqi7qy4kRgR4AaABAg.9c8axSysBYw9c983IBILcv,positive,0.95,negative,1.0,disagreement,-0.050000000000000044,0.050000000000000044,Llama,False
Ugzxuh6L-MsypEJ5rY94AaABAg,positive,0.95,negative,1.0,disagreement,-0.050000000000000044,0.050000000000000044,Llama,False
UgyHud9L8EVE_gjQUtd4AaABAg.ANF56M53cbfANFl_obRfr-,positive,0.85,negative,0.9,disagreement,-0.050000000000000044,0.050000000000000044,Llama,False
Ugw4adf4hO-owSy3VsV4AaABAg.8sUkb4x0zUZ8sV9jqBbml5,neutral,0.85,negative,0.9,disagreement,-0.050000000000000044,0.050000000000000044,Llama,False
Ugzb-9NakpyLsIGAlQh4AaABAg,positive,0.95,negative,1.0,disagreement,-0.050000000000000044,0.050000000000000044,Llama,False
UgwnNwl5Gf-ebbDDdWl4AaABAg.9czrZzdls3F9rgC2MrVbAO,positive,0.95,neutral,1.0,disagreement,-0.050000000000000044,0.050000000000000044,Llama,False
UgzcQUTqj1jfxv04hml4AaABAg.9GwfUj7M11h9GwlD4y3xSl,positive,0.85,negative,0.9,disagreement,-0.050000000000000044,0.050000000000000044,Llama,False
UgzkSbpZunEZgPqmsT14AaABAg,positive,0.95,negative,1.0,disagreement,-0.050000000000000044,0.050000000000000044,Llama,False
UgwVshT5Q-mCSRnKHVR4AaABAg.9chjqlyZ0549wbh4x9Plt3,negative,0.8,neutral,0.85,disagreement,-0.04999999999999993,0.04999999999999993,Llama,False
UgzgmOZQ6Ldklrac1bl4AaABAg.9jPXLl8WZDl9vx38LI7PM8,negative,0.8,neutral,0.85,disagreement,-0.04999999999999993,0.04999999999999993,Llama,False
Ugw0rV7Sx271jjvydTx4AaABAg.AIYVX3nbq9SAJDSsLw5yP_,negative,0.8,neutral,0.85,disagreement,-0.04999999999999993,0.04999999999999993,Llama,False
UgwYYq54_Stcj7iQy7p4AaABAg.ANcLdvi8ZCNANctUSorhsa,negative,0.8,neutral,0.85,disagreement,-0.04999999999999993,0.04999999999999993,Llama,False
UgzUFlOBkh5S_rJp_il4AaABAg,negative,0.8,neutral,0.85,disagreement,-0.04999999999999993,0.04999999999999993,Llama,False
Ugzkr538H_mPWe1HzA94AaABAg.8hPdaJg67rw8hPlAYp8VOP,negative,0.8,positive,0.85,disagreement,-0.04999999999999993,0.04999999999999993,Llama,False
UgxmYMANZpVIxMLXQjJ4AaABAg,negative,0.8,positive,0.85,disagreement,-0.04999999999999993,0.04999999999999993,Llama,False
UgyTudDEE60u6jILaiN4AaABAg,negative,0.8,neutral,0.85,disagreement,-0.04999999999999993,0.04999999999999993,Llama,False
UgxJqux325SDwfV4uZN4AaABAg.AIZFs_PfBZRAIl0q2tTihK,negative,0.8,neutral,0.85,disagreement,-0.04999999999999993,0.04999999999999993,Llama,False
UgyVnUDgt4Jw7yyB7Wl4AaABAg,negative,0.8,neutral,0.85,disagreement,-0.04999999999999993,0.04999999999999993,Llama,False
UgxxtEQITU7z8cpAdOR4AaABAg.9GB43yv1k1WAKvD4tvtz23,negative,0.8,neutral,0.85,disagreement,-0.04999999999999993,0.04999999999999993,Llama,False
UgxxtEQITU7z8cpAdOR4AaABAg,negative,0.8,neutral,0.85,disagreement,-0.04999999999999993,0.04999999999999993,Llama,False
UgwhDovbiWWZi1hvTjh4AaABAg.9Fys46wU-Jr9GB4Rq7juM6,negative,0.8,neutral,0.85,disagreement,-0.04999999999999993,0.04999999999999993,Llama,False
Ugyn-jXQiiSh00o2aJ14AaABAg.9c8mND1Aano9c9DUxAPxlv,negative,0.8,neutral,0.85,disagreement,-0.04999999999999993,0.04999999999999993,Llama,False
Ugz64JkjNPBxgH-VXsp4AaABAg.ADECQUyTl9SADEJCJtKwMO,negative,0.8,neutral,0.85,disagreement,-0.04999999999999993,0.04999999999999993,Llama,False
Ugy0KARRYOUkX95d42F4AaABAg,negative,0.8,positive,0.85,disagreement,-0.04999999999999993,0.04999999999999993,Llama,False
Ugzu7jFDL0OMbSE77kF4AaABAg.9VAaE_4Vaq49VDgWCly_Nu,negative,0.8,neutral,0.85,disagreement,-0.04999999999999993,0.04999999999999993,Llama,False
UgzVHvGQXwHoaSJNrBZ4AaABAg,negative,0.8,neutral,0.85,disagreement,-0.04999999999999993,0.04999999999999993,Llama,False
Ugw87PSE-J8PLPl_jjl4AaABAg,negative,0.8,neutral,0.85,disagreement,-0.04999999999999993,0.04999999999999993,Llama,False
Ugz9MmEUk-C520x7P6t4AaABAg,negative,0.8,neutral,0.85,disagreement,-0.04999999999999993,0.04999999999999993,Llama,False
UgxMBfqsQPHbcHDcoAt4AaABAg.9d-A3aQr1FR9d-inCrhG5B,negative,0.8,neutral,0.85,disagreement,-0.04999999999999993,0.04999999999999993,Llama,False
Ugzu7jFDL0OMbSE77kF4AaABAg.9VAaE_4Vaq49VAegUSiuKM,negative,0.8,neutral,0.85,disagreement,-0.04999999999999993,0.04999999999999993,Llama,False
UgyhIjZiybeeByEdU514AaABAg.9czuaWQiV0J9d1PkoRvw0A,negative,0.8,neutral,0.85,disagreement,-0.04999999999999993,0.04999999999999993,Llama,False
UgyFa8lCWOSy7KlDmOZ4AaABAg.9bYGha81Hu_9uNP1m7bjbi,negative,0.8,neutral,0.85,disagreement,-0.04999999999999993,0.04999999999999993,Llama,False
UgzJaLIuP0U6Zln7ie54AaABAg.90EcRejYcW490EsFQtugi4,negative,0.8,neutral,0.85,disagreement,-0.04999999999999993,0.04999999999999993,Llama,False
UgxBVdKWECiTe8sFX354AaABAg.9Ue7vdUHZBc9UrqMmxBF4Q,negative,0.8,neutral,0.85,disagreement,-0.04999999999999993,0.04999999999999993,Llama,False
UgyCLMMjoB0vJWNDUTV4AaABAg,negative,0.8,neutral,0.85,disagreement,-0.04999999999999993,0.04999999999999993,Llama,False
UgxjJ8VAa4Wvhh8vR9t4AaABAg.9QOHFGgC4Gv9QOfb7fDvvH,positive,0.85,negative,0.8,disagreement,0.04999999999999993,0.04999999999999993,Gemma,False
Ugx8unZix8kFGn8t_nV4AaABAg,negative,0.8,positive,0.85,disagreement,-0.04999999999999993,0.04999999999999993,Llama,False
UgwIVmbWMVyeHN8dsMt4AaABAg,negative,0.8,neutral,0.85,disagreement,-0.04999999999999993,0.04999999999999993,Llama,False
Ugz7Z04EQFTcjXV6wQh4AaABAg.9c8PbCnKG9W9cAHI0XoA4n,positive,0.85,negative,0.8,disagreement,0.04999999999999993,0.04999999999999993,Gemma,False
UgyLdAz-_4VnWDgSW-94AaABAg.9c8XuxRFGa19czUIwkelBV,neutral,0.9,positive,0.95,disagreement,-0.04999999999999993,0.04999999999999993,Llama,False
UgxTLuCxqLsypZLXBSt4AaABAg.ADDqStKCc7BADEDT7dPa-N,negative,0.8,neutral,0.85,disagreement,-0.04999999999999993,0.04999999999999993,Llama,False
Ugw7oCTUDTLFIfInGv54AaABAg.9c8Yg__nxvi9vrklPeFi1V,negative,0.8,neutral,0.85,disagreement,-0.04999999999999993,0.04999999999999993,Llama,False
Ugy9OXnt5OEVg1uQiah4AaABAg,positive,0.98,negative,0.95,disagreement,0.030000000000000027,0.030000000000000027,Gemma,False
UgxxtGA6NjrDIT8y_Cp4AaABAg,positive,0.82,negative,0.85,disagreement,-0.030000000000000027,0.030000000000000027,Llama,False
UgxJPtrfmVStBdUvOOR4AaABAg.A0lkhajyaGwA0qPybSeI-W,positive,0.98,negative,1.0,disagreement,-0.020000000000000018,0.020000000000000018,Llama,False
UgxHFvKYhfD2M0K4eDt4AaABAg,positive,0.98,negative,1.0,disagreement,-0.020000000000000018,0.020000000000000018,Llama,False
UgzQkWJLLsdiYIx3uvJ4AaABAg.AIYytCr9BiWAIp1UAhiu_1,positive,0.98,negative,1.0,disagreement,-0.020000000000000018,0.020000000000000018,Llama,False
UgzXfrZeZBgdi5KvkCh4AaABAg.9QP5GWDPeFX9QQac3JimDN,positive,0.98,negative,1.0,disagreement,-0.020000000000000018,0.020000000000000018,Llama,False
Ugyosc-nYqi7qy4kRgR4AaABAg,positive,0.98,negative,1.0,disagreement,-0.020000000000000018,0.020000000000000018,Llama,False
UgzjKUaM_X5H3wtYOn54AaABAg,positive,0.98,negative,1.0,disagreement,-0.020000000000000018,0.020000000000000018,Llama,False
UgxQHdqTUx65iAzh_X14AaABAg.ADUq9Hk116RAKHO5XpHFFD,positive,0.98,negative,1.0,disagreement,-0.020000000000000018,0.020000000000000018,Llama,False
UgwR7zQ50t6vdSGhdIJ4AaABAg,positive,0.9341,negative,0.95,disagreement,-0.015899999999999914,0.015899999999999914,Llama,False
UgxNp30NcY3Blya_PFt4AaABAg.9d5hsNcQ3nk9dBtXXYXp2D,positive,0.82,negative,0.83,disagreement,-0.010000000000000009,0.010000000000000009,Llama,False
Ugw0rV7Sx271jjvydTx4AaABAg.AIYVX3nbq9SAIYb0c9BOwV,neutral,0.8,negative,0.81,disagreement,-0.010000000000000009,0.010000000000000009,Llama,False
UgyvyB8nFOxEOuhhZH14AaABAg.9jOQL6X-aX79vx3UmgHLay,positive,0.95,negative,0.94,disagreement,0.010000000000000009,0.010000000000000009,Gemma,False
Ugz3dP2Enih7frqJMdJ4AaABAg,positive,0.85,neutral,0.85,disagreement,0.0,0.0,Equal,False
UgzGCYWNYC3LX7goss14AaABAg.9Zw5c7gDMFo9_4zEmKu598,positive,0.85,neutral,0.85,disagreement,0.0,0.0,Equal,False
Ugw0rV7Sx271jjvydTx4AaABAg.AIYVX3nbq9SAIwsh7Ty1AL,positive,0.95,negative,0.95,disagreement,0.0,0.0,Equal,False
UgzcQUTqj1jfxv04hml4AaABAg.9GwfUj7M11h9GzFIDftXzk,negative,0.85,neutral,0.85,disagreement,0.0,0.0,Equal,False
UgxNp30NcY3Blya_PFt4AaABAg.9d5hsNcQ3nk9dGFEIKAaHS,positive,0.85,neutral,0.85,disagreement,0.0,0.0,Equal,False
Ugydit5UYfNMQ0TEcmF4AaABAg,negative,0.85,neutral,0.85,disagreement,0.0,0.0,Equal,False
Ugxv1KiTvTJnl2fXejd4AaABAg,positive,0.85,negative,0.85,disagreement,0.0,0.0,Equal,False
UgzRfM3SK0VSra5O5H14AaABAg,negative,0.85,neutral,0.85,disagreement,0.0,0.0,Equal,False
UgwojIlK6uSPkj1jOTh4AaABAg,positive,0.95,negative,0.95,disagreement,0.0,0.0,Equal,False
Ugwa0JX-gOpN3ODnH-l4AaABAg.9c98Zc04VEr9cFwnf044mi,negative,0.85,neutral,0.85,disagreement,0.0,0.0,Equal,False
Ugy6lx_YUi3x8X9IbTB4AaABAg,positive,0.95,negative,0.95,disagreement,0.0,0.0,Equal,False
UgyYsF57HAfFefjW1Tx4AaABAg,,,positive,0.95,disagreement,,,Equal,False
UgyYsF57HAfFefjW1Tx4AaABAg.A3rH6gChxtkA3u6QDU08y8,,,negative,0.9,disagreement,,,Equal,False
UgxvqhdQOb-fK0XDB2B4AaABAg,,,negative,0.95,disagreement,,,Equal,False
UgysfTy6IIbzb218Ab94AaABAg,,,positive,0.95,disagreement,,,Equal,False
UgysfTy6IIbzb218Ab94AaABAg.A3ncVXT21FJA3pzkkey8uI,,,neutral,0.85,disagreement,,,Equal,False
UgzFbK_LmSC_bCkx8z54AaABAg,,,positive,0.95,disagreement,,,Equal,False
UgzFbK_LmSC_bCkx8z54AaABAg.A3pPgyzeSGAA3u6W9lvh-I,,,positive,0.95,disagreement,,,Equal,False
Ugw25u8Elz21xWBL0GJ4AaABAg,,,negative,0.95,disagreement,,,Equal,False
Ugx77BCsHko_SWIBmPd4AaABAg,,,negative,0.95,disagreement,,,Equal,False
Ugxq6XX0bd6Vg7Z84nd4AaABAg,,,negative,0.95,disagreement,,,Equal,False
Ugxq6XX0bd6Vg7Z84nd4AaABAg.A3sbYJFxjV1A3u6OYIIMdg,,,neutral,0.85,disagreement,,,Equal,False
UgwAifanmjFaP7sMdbh4AaABAg,,,positive,1.0,disagreement,,,Equal,False
Ugx91_0pdGYzPW59Ot14AaABAg,,,positive,0.95,disagreement,,,Equal,False
Ugx91_0pdGYzPW59Ot14AaABAg.A3o3MJRefAoA3u6bwqJFlM,,,negative,0.8,disagreement,,,Equal,False
UgzlD9euybHX5kbdaP14AaABAg,,,negative,0.95,disagreement,,,Equal,False
UgwRfhohgqiEDXNxbal4AaABAg,,,negative,1.0,disagreement,,,Equal,False
UgyBuHrfbycdEUd8OMF4AaABAg,,,positive,0.95,disagreement,,,Equal,False
UgyBuHrfbycdEUd8OMF4AaABAg.A3qEP7w3MhyA3u6RANvS0M,,,positive,1.0,disagreement,,,Equal,False
UgyBuHrfbycdEUd8OMF4AaABAg.A3qEP7w3MhyA3u8wqv10ni,,,negative,0.95,disagreement,,,Equal,False
UgxGVRLU3CwJiykn8Hp4AaABAg,,,negative,0.95,disagreement,,,Equal,False
UgxGVRLU3CwJiykn8Hp4AaABAg.A3rZ0EjHy9wA3v806iGvH3,,,negative,1.0,disagreement,,,Equal,False
UgxGVRLU3CwJiykn8Hp4AaABAg.A3rZ0EjHy9wA3xcW5KfpgH,,,negative,0.9,disagreement,,,Equal,False
UgxGVRLU3CwJiykn8Hp4AaABAg.A3rZ0EjHy9wA3xcaRfbM6h,,,negative,0.94,disagreement,,,Equal,False
UgxGVRLU3CwJiykn8Hp4AaABAg.A3rZ0EjHy9wA3xiEBYbdxl,,,neutral,0.85,disagreement,,,Equal,False
UgxGVRLU3CwJiykn8Hp4AaABAg.A3rZ0EjHy9wA5GZen3-KtL,,,negative,1.0,disagreement,,,Equal,False
UgxzgH2v4cOpiDzNceJ4AaABAg,,,positive,0.95,disagreement,,,Equal,False
UgxzgH2v4cOpiDzNceJ4AaABAg.A3oXCyQZOTKA3p6acdSxYh,,,negative,1.0,disagreement,,,Equal,False
UgzI8IEzZiXfeyHa9px4AaABAg,,,negative,0.8,disagreement,,,Equal,False
UgzI8IEzZiXfeyHa9px4AaABAg.A3nz9ZALAt_A3oussWNth1,,,negative,1.0,disagreement,,,Equal,False
UgzI8IEzZiXfeyHa9px4AaABAg.A3nz9ZALAt_A3p0wN8RBGo,,,negative,0.95,disagreement,,,Equal,False
UgzI8IEzZiXfeyHa9px4AaABAg.A3nz9ZALAt_A3piyuqYv6S,,,positive,0.95,disagreement,,,Equal,False
UgyXt1y8MfLrDk3Poad4AaABAg,,,negative,0.83,disagreement,,,Equal,False
UgyXt1y8MfLrDk3Poad4AaABAg.A3uZuM8TzxbA3wzE9c57ep,,,positive,0.95,disagreement,,,Equal,False
UgyFUwwWEfQj6k3SAM14AaABAg,,,negative,0.95,disagreement,,,Equal,False
UgyFUwwWEfQj6k3SAM14AaABAg.A3ti46HvpUaA3u6NUGxPho,,,negative,0.95,disagreement,,,Equal,False
UgyFUwwWEfQj6k3SAM14AaABAg.A3ti46HvpUaA3u8O-G46NH,,,positive,0.95,disagreement,,,Equal,False
UgwTGEmf2xOnWdmbdil4AaABAg,,,negative,0.94,disagreement,,,Equal,False
UgwTGEmf2xOnWdmbdil4AaABAg.A3oeCa5BXcBA3ouMZPG29Z,,,negative,1.0,disagreement,,,Equal,False
UgwTGEmf2xOnWdmbdil4AaABAg.A3oeCa5BXcBA3u6ZKR0Lcv,,,negative,0.9,disagreement,,,Equal,False
UgwTGEmf2xOnWdmbdil4AaABAg.A3oeCa5BXcBA3uKbya4bsZ,,,neutral,0.85,disagreement,,,Equal,False
UgxKdTPTy7eLeSRssyZ4AaABAg,,,negative,0.95,disagreement,,,Equal,False
UgxKdTPTy7eLeSRssyZ4AaABAg.A3otcbeBppEA3ouR9KrKEX,,,negative,1.0,disagreement,,,Equal,False
UgwIuYYViXHevycZN-Z4AaABAg,,,negative,0.95,disagreement,,,Equal,False
UgzAB4x7TfPsNU2HHOZ4AaABAg,,,negative,0.95,disagreement,,,Equal,False
UgzAB4x7TfPsNU2HHOZ4AaABAg.A3oWZBRRh8IA3obL97coPn,,,negative,0.95,disagreement,,,Equal,False
UgzAB4x7TfPsNU2HHOZ4AaABAg.A3oWZBRRh8IA3obnhxsIqk,,,negative,0.94,disagreement,,,Equal,False
UgzAB4x7TfPsNU2HHOZ4AaABAg.A3oWZBRRh8IA3oksPyvQNa,,,neutral,1.0,disagreement,,,Equal,False
UgzAB4x7TfPsNU2HHOZ4AaABAg.A3oWZBRRh8IA3pyRG3-xcY,,,negative,0.95,disagreement,,,Equal,False
Ugyg9x4vg1cqzOUiCrp4AaABAg,,,negative,0.95,disagreement,,,Equal,False
UgyGikmBnkjsstWEda14AaABAg,,,neutral,0.85,disagreement,,,Equal,False
UgyGikmBnkjsstWEda14AaABAg.A3ttTaP6_1hA3u6M04BN3g,,,neutral,0.85,disagreement,,,Equal,False
UgyGikmBnkjsstWEda14AaABAg.A3ttTaP6_1hA3u7KPmztRS,,,positive,0.95,disagreement,,,Equal,False
UgyGikmBnkjsstWEda14AaABAg.A3ttTaP6_1hA6-uJ3arUAp,,,negative,0.94,disagreement,,,Equal,False
UgyGikmBnkjsstWEda14AaABAg.A3ttTaP6_1hA6EZ9vO5rzE,,,negative,0.8,disagreement,,,Equal,False
UgyGikmBnkjsstWEda14AaABAg.A3ttTaP6_1hA6F5Uodvu6T,,,negative,0.8,disagreement,,,Equal,False
UgyD032SNIa3g-oflAJ4AaABAg,,,negative,0.94,disagreement,,,Equal,False
UgytVvgEnif7JWqrUrN4AaABAg,,,negative,0.95,disagreement,,,Equal,False
UgytVvgEnif7JWqrUrN4AaABAg.AK6xb9N9vp0AK7ejDobTM2,,,negative,1.0,disagreement,,,Equal,False
UgytVvgEnif7JWqrUrN4AaABAg.AK6xb9N9vp0AK7mh6gB-5C,,,negative,1.0,disagreement,,,Equal,False
Ugxcfhg11MuDfuE-dQV4AaABAg,,,negative,0.8,disagreement,,,Equal,False
Ugxcfhg11MuDfuE-dQV4AaABAg.AK6wr0OojsqAK7elG9sIi_,,,negative,1.0,disagreement,,,Equal,False
Ugxcfhg11MuDfuE-dQV4AaABAg.AK6wr0OojsqAK7nE1KeE2W,,,negative,1.0,disagreement,,,Equal,False
UgwP27I_3JT4eAW7ygF4AaABAg,,,negative,0.95,disagreement,,,Equal,False
UgwP27I_3JT4eAW7ygF4AaABAg.AK76npErE8MAK79YKeVOFk,,,positive,0.95,disagreement,,,Equal,False
UgwP27I_3JT4eAW7ygF4AaABAg.AK76npErE8MAK7ehDQxuap,,,negative,0.95,disagreement,,,Equal,False
UgwP27I_3JT4eAW7ygF4AaABAg.AK76npErE8MAK7m7duwRpk,,,negative,0.94,disagreement,,,Equal,False
UgwP27I_3JT4eAW7ygF4AaABAg.AK76npErE8MAK7mC4bPDDU,,,negative,0.94,disagreement,,,Equal,False
UgwP27I_3JT4eAW7ygF4AaABAg.AK76npErE8MAK7nQvFnkRb,,,negative,1.0,disagreement,,,Equal,False
UgzsBYlJpQ4smcatAPJ4AaABAg,,,negative,0.95,disagreement,,,Equal,False
UgzsBYlJpQ4smcatAPJ4AaABAg.AK7aW94Z7dvAK7cpY7yYdH,,,negative,0.95,disagreement,,,Equal,False
UgzVvPTzdkcnLMo_OQ94AaABAg,,,negative,0.95,disagreement,,,Equal,False
UgzVvPTzdkcnLMo_OQ94AaABAg.AK7D8Ghna8oAK7edqyS349,,,negative,1.0,disagreement,,,Equal,False
UgzVvPTzdkcnLMo_OQ94AaABAg.AK7D8Ghna8oAK7ms9L6zRS,,,negative,0.95,disagreement,,,Equal,False
UgzVvPTzdkcnLMo_OQ94AaABAg.AK7D8Ghna8oAK7nV6tfg37,,,negative,1.0,disagreement,,,Equal,False
UgzYdjjf6vVrZPLMOVZ4AaABAg,,,positive,0.95,disagreement,,,Equal,False
UgzYdjjf6vVrZPLMOVZ4AaABAg.AK6cZEN48FxAK6ncMMaZve,,,negative,1.0,disagreement,,,Equal,False
UgzYdjjf6vVrZPLMOVZ4AaABAg.AK6cZEN48FxAK6rbwkCQjM,,,negative,1.0,disagreement,,,Equal,False
UgzYdjjf6vVrZPLMOVZ4AaABAg.AK6cZEN48FxAK6x3fOr35Z,,,positive,0.95,disagreement,,,Equal,False
UgzYdjjf6vVrZPLMOVZ4AaABAg.AK6cZEN48FxAK7fE6LtLi_,,,negative,0.95,disagreement,,,Equal,False
UgzYdjjf6vVrZPLMOVZ4AaABAg.AK6cZEN48FxAK7fGSz7fPi,,,negative,0.95,disagreement,,,Equal,False
UgzYdjjf6vVrZPLMOVZ4AaABAg.AK6cZEN48FxAK7mzJWnTyi,,,negative,1.0,disagreement,,,Equal,False
UgzCEvhjaJIVG8M8QFl4AaABAg,,,negative,0.95,disagreement,,,Equal,False
UgzCEvhjaJIVG8M8QFl4AaABAg.AK6jVemGvN3AK72KXWJU4M,,,negative,0.8,disagreement,,,Equal,False
UgzCEvhjaJIVG8M8QFl4AaABAg.AK6jVemGvN3AK7f2944J5c,,,negative,0.95,disagreement,,,Equal,False
UgxxX7MYgDVp7pCJOOp4AaABAg,,,negative,0.95,disagreement,,,Equal,False
Ugy7HW-72JLPJ1oNwot4AaABAg,,,negative,1.0,disagreement,,,Equal,False
Ugy7HW-72JLPJ1oNwot4AaABAg.AK72Tf7hvBUAK73ws-x_XI,,,neutral,0.85,disagreement,,,Equal,False
Ugy7HW-72JLPJ1oNwot4AaABAg.AK72Tf7hvBUAK77IMyrYeY,,,negative,0.95,disagreement,,,Equal,False
Ugy7HW-72JLPJ1oNwot4AaABAg.AK72Tf7hvBUAK78UkzUEhE,,,negative,0.95,disagreement,,,Equal,False
Ugy7HW-72JLPJ1oNwot4AaABAg.AK72Tf7hvBUAK79SA2Lvl1,,,negative,0.94,disagreement,,,Equal,False
Ugy7HW-72JLPJ1oNwot4AaABAg.AK72Tf7hvBUAK7CwrjCkUP,,,negative,0.94,disagreement,,,Equal,False
Ugy7HW-72JLPJ1oNwot4AaABAg.AK72Tf7hvBUAK7FGGj8TAh,,,negative,1.0,disagreement,,,Equal,False
Ugy7HW-72JLPJ1oNwot4AaABAg.AK72Tf7hvBUAK7KExue51k,,,negative,0.94,disagreement,,,Equal,False
Ugy7HW-72JLPJ1oNwot4AaABAg.AK72Tf7hvBUAK7PPQASYiL,,,negative,0.95,disagreement,,,Equal,False
Ugy7HW-72JLPJ1oNwot4AaABAg.AK72Tf7hvBUAK7VmCA3JAS,,,negative,1.0,disagreement,,,Equal,False
Ugy7HW-72JLPJ1oNwot4AaABAg.AK72Tf7hvBUAK7apK8Lrg_,,,positive,0.95,disagreement,,,Equal,False
Ugy7HW-72JLPJ1oNwot4AaABAg.AK72Tf7hvBUAK7fO_oyh56,,,negative,1.0,disagreement,,,Equal,False
Ugy7HW-72JLPJ1oNwot4AaABAg.AK72Tf7hvBUAK7g1C0i0Lb,,,negative,0.9,disagreement,,,Equal,False
Ugy7HW-72JLPJ1oNwot4AaABAg.AK72Tf7hvBUAK7lWQku0rq,,,negative,0.95,disagreement,,,Equal,False
Ugy7HW-72JLPJ1oNwot4AaABAg.AK72Tf7hvBUAK7nNvN036L,,,negative,0.95,disagreement,,,Equal,False
Ugz12c1uKZ_HiaDG0Gl4AaABAg,,,negative,1.0,disagreement,,,Equal,False
UgwbFLuoMD6skPPWjAh4AaABAg,,,negative,1.0,disagreement,,,Equal,False
Ugzn80tSEao_mpBKmr54AaABAg,,,negative,0.83,disagreement,,,Equal,False
Ugzn80tSEao_mpBKmr54AaABAg.9dXZi13EPdX9d_axvy_gc_,,,negative,0.94,disagreement,,,Equal,False
UgwvvP7WjNgsJq0HUQF4AaABAg,,,positive,0.95,disagreement,,,Equal,False
UgwCchGBCVU3P993Nf94AaABAg,,,negative,0.83,disagreement,,,Equal,False
UgwCchGBCVU3P993Nf94AaABAg.9dY6-XmElzD9dZ4rDLF_Z_,,,neutral,1.0,disagreement,,,Equal,False
UgwCchGBCVU3P993Nf94AaABAg.9dY6-XmElzD9dZJIC2hLoP,,,positive,0.95,disagreement,,,Equal,False
UgwCchGBCVU3P993Nf94AaABAg.9dY6-XmElzD9d_Ns6piFtG,,,neutral,0.85,disagreement,,,Equal,False
UgwCchGBCVU3P993Nf94AaABAg.9dY6-XmElzD9d_zJiGaIJo,,,negative,0.94,disagreement,,,Equal,False
UgwCchGBCVU3P993Nf94AaABAg.9dY6-XmElzD9dhl2v5EHC2,,,negative,0.95,disagreement,,,Equal,False
UgwRcc1-ckBdVkFebPx4AaABAg,,,negative,0.95,disagreement,,,Equal,False
UgwRcc1-ckBdVkFebPx4AaABAg.9dWlS7Mvpuu9dWnWy9dh3-,,,negative,0.95,disagreement,,,Equal,False
UgwRcc1-ckBdVkFebPx4AaABAg.9dWlS7Mvpuu9dXI8QV2JWN,,,neutral,0.85,disagreement,,,Equal,False
UgwRcc1-ckBdVkFebPx4AaABAg.9dWlS7Mvpuu9dX_U_JEi_G,,,negative,0.95,disagreement,,,Equal,False
UgwRcc1-ckBdVkFebPx4AaABAg.9dWlS7Mvpuu9dYCmkZbEfS,,,negative,0.94,disagreement,,,Equal,False
UgwRcc1-ckBdVkFebPx4AaABAg.9dWlS7Mvpuu9d_r_HnYnDS,,,negative,0.85,disagreement,,,Equal,False
UgwRcc1-ckBdVkFebPx4AaABAg.9dWlS7Mvpuu9ddNBPjMO8y,,,negative,0.95,disagreement,,,Equal,False
UgxALtLOEoLhP667kDR4AaABAg,,,negative,0.95,disagreement,,,Equal,False
Ugw_RLlIurHMTNhqAk14AaABAg,,,negative,0.94,disagreement,,,Equal,False
Ugz23Ool9I28JTOpFuh4AaABAg,,,negative,0.83,disagreement,,,Equal,False
Ugz23Ool9I28JTOpFuh4AaABAg.9d_EneKhzpD9d_FtvR7XPn,,,negative,0.94,disagreement,,,Equal,False
UgyViFe5goNGxzd037J4AaABAg,,,negative,0.94,disagreement,,,Equal,False
UgwuZp-ypwsPNKJAG2d4AaABAg,,,negative,0.95,disagreement,,,Equal,False
UgzY8kb-kmBXI5Vg1zt4AaABAg,,,negative,0.95,disagreement,,,Equal,False
UgzY8kb-kmBXI5Vg1zt4AaABAg.9dWg6kCgFKf9dXDRkaJw-4,,,neutral,0.85,disagreement,,,Equal,False
UgzY8kb-kmBXI5Vg1zt4AaABAg.9dWg6kCgFKf9dXsB7jnHlY,,,negative,0.95,disagreement,,,Equal,False
UgxK0zW6EkAHrCMzuj94AaABAg,,,negative,0.94,disagreement,,,Equal,False
UgwQtDCzvAd5NmP1I8B4AaABAg,,,negative,0.95,disagreement,,,Equal,False
UgxaEaRTXToaxpsc5214AaABAg,,,negative,0.95,disagreement,,,Equal,False
UgwtS6IXpADoJpLGfRZ4AaABAg,,,negative,0.95,disagreement,,,Equal,False
UgwtS6IXpADoJpLGfRZ4AaABAg.9dXzJwanc_V9dYDT7g9uv1,,,negative,0.95,disagreement,,,Equal,False
UgxTiOvATlOT4W7YIsF4AaABAg,,,neutral,0.85,disagreement,,,Equal,False
UgxTiOvATlOT4W7YIsF4AaABAg.9dXzY2Srw_79dZ4umYmlu9,,,positive,0.95,disagreement,,,Equal,False
UgxTiOvATlOT4W7YIsF4AaABAg.9dXzY2Srw_79d_s8InHkfS,,,neutral,0.85,disagreement,,,Equal,False
UgxW18E0aGxh3e2GDBF4AaABAg,,,positive,0.95,disagreement,,,Equal,False
UgxW18E0aGxh3e2GDBF4AaABAg.AN65FxW-bqgANAqTXaawsr,,,positive,0.95,disagreement,,,Equal,False
UgzEvCTOPEQLj2JKlC94AaABAg,,,positive,0.95,disagreement,,,Equal,False
UgygR7P5eXZHkplkPAR4AaABAg,,,positive,0.95,disagreement,,,Equal,False
UgygR7P5eXZHkplkPAR4AaABAg.AN9ppaxCNklAOvRlgL4atG,,,negative,0.9,disagreement,,,Equal,False
UgyLs2JPeT6UVBUdOqd4AaABAg,,,positive,0.95,disagreement,,,Equal,False
UgzXad3yYP6ZM9RHkdV4AaABAg,,,positive,0.95,disagreement,,,Equal,False
UgyIhsVRVJqfFHVqFB54AaABAg,,,positive,0.95,disagreement,,,Equal,False
UgyIhsVRVJqfFHVqFB54AaABAg.AN9pyvXN7CqANAqftyZ89D,,,positive,0.95,disagreement,,,Equal,False
UgyIhsVRVJqfFHVqFB54AaABAg.AN9pyvXN7CqANNYoVi4qa1,,,positive,0.95,disagreement,,,Equal,False
UgzEHt2eJXSPiz9-9U54AaABAg,,,neutral,0.88,disagreement,,,Equal,False
UgzEHt2eJXSPiz9-9U54AaABAg.AN5yzFp6gTLAN6-3Z4a7LE,,,positive,0.85,disagreement,,,Equal,False
UgzEHt2eJXSPiz9-9U54AaABAg.AN5yzFp6gTLAN60cMX0ruN,,,negative,0.95,disagreement,,,Equal,False
UgzEHt2eJXSPiz9-9U54AaABAg.AN5yzFp6gTLANAj09QrtGT,,,positive,0.95,disagreement,,,Equal,False
UgzEHt2eJXSPiz9-9U54AaABAg.AN5yzFp6gTLANAqM6-swaF,,,positive,0.95,disagreement,,,Equal,False
Ugz1sk5GZLc3g5TjyTR4AaABAg,,,negative,1.0,disagreement,,,Equal,False
Ugz1sk5GZLc3g5TjyTR4AaABAg.A3Y-Bv-EmT1A3YIATHhQwb,,,negative,0.8,disagreement,,,Equal,False
Ugz1sk5GZLc3g5TjyTR4AaABAg.A3Y-Bv-EmT1A3YP0RpYj-Q,,,negative,0.95,disagreement,,,Equal,False
Ugzg8oe3UjQqcz88B9V4AaABAg,,,negative,0.8,disagreement,,,Equal,False
UgyhTC-TF63r2T5Fjy54AaABAg,,,negative,0.95,disagreement,,,Equal,False
Ugxk3ALuhImjVk6b-5V4AaABAg,,,negative,0.8,disagreement,,,Equal,False
UgwnIEut4t9zBGFIpjx4AaABAg,,,negative,0.95,disagreement,,,Equal,False
UgwnIEut4t9zBGFIpjx4AaABAg.A3cSLeUonCFA3jz8Mo0dNg,,,negative,0.95,disagreement,,,Equal,False
UgzxH5hJrtAo_5gPpaJ4AaABAg,,,negative,0.95,disagreement,,,Equal,False
UgxaB8S0LQlHMWMkcYx4AaABAg,,,negative,0.95,disagreement,,,Equal,False
UgzgEGiMuK9gNtFVfht4AaABAg,,,negative,0.95,disagreement,,,Equal,False
UgwW3pVe-qeujPvRPrl4AaABAg,,,negative,0.95,disagreement,,,Equal,False
Ugw54Ki5plgPgkhx1Y54AaABAg,,,negative,0.95,disagreement,,,Equal,False
UgxpTZlHfnNubs3uBT14AaABAg,,,negative,0.9,disagreement,,,Equal,False
UgxvEi8-oou3THL0Yol4AaABAg,,,negative,0.95,disagreement,,,Equal,False
UgyBcS98iynqfCtaDvt4AaABAg,,,negative,0.95,disagreement,,,Equal,False
UgyZRitJgV6IBbsCbkV4AaABAg,,,negative,0.94,disagreement,,,Equal,False
UgxC9SUKDTGR9AA0ntt4AaABAg,,,neutral,0.85,disagreement,,,Equal,False
UgwRvcN9ooY43apLgpV4AaABAg,,,negative,0.95,disagreement,,,Equal,False
Ugzl0bbDqY8Xom3A85x4AaABAg,,,negative,0.94,disagreement,,,Equal,False
UgxcrLQTU4mZbd6vMol4AaABAg,,,neutral,0.85,disagreement,,,Equal,False
UgyjrSo4jB7sqM0Q9At4AaABAg,,,negative,0.95,disagreement,,,Equal,False
UgzDBbzXmnpaJIenDwV4AaABAg,,,negative,0.95,disagreement,,,Equal,False
Ugzuxg3wSH90OIHqc3d4AaABAg,,,negative,0.95,disagreement,,,Equal,False
Ugxz6v7vjTAIPJwQ9E94AaABAg,,,negative,1.0,disagreement,,,Equal,False
UgxBrfDmDUzb_Rrd6Xp4AaABAg,,,negative,0.95,disagreement,,,Equal,False
UgxBrfDmDUzb_Rrd6Xp4AaABAg.9H2j1iXzD_h9HAWOhF67ns,,,negative,0.95,disagreement,,,Equal,False
UgzPIYSKVRbaAYJOe3x4AaABAg,,,negative,0.95,disagreement,,,Equal,False
UgzPIYSKVRbaAYJOe3x4AaABAg.9dXPt4MDsBv9dYh3TCxNd7,,,negative,0.97,disagreement,,,Equal,False
UgwwJISW9wrc7l1gW514AaABAg,,,negative,0.94,disagreement,,,Equal,False
UgwRiQ48CZ_ksKZ8Cvp4AaABAg,,,negative,1.0,disagreement,,,Equal,False
UgyVcaoq_GkcLaj6wO14AaABAg,,,negative,0.95,disagreement,,,Equal,False
Ugx74ExP4xtkC4T3p014AaABAg,,,negative,0.95,disagreement,,,Equal,False
Ugyua_hxdwxURNtfUrx4AaABAg,,,negative,1.0,disagreement,,,Equal,False
Ugwl5qe5usEA7HRz9sh4AaABAg,,,negative,0.95,disagreement,,,Equal,False
Ugwl5qe5usEA7HRz9sh4AaABAg.A8ZZE52V9jSAAL_V5NJLT6,,,neutral,0.85,disagreement,,,Equal,False
Ugxe_6sLgAMXOnT-RXx4AaABAg,,,negative,0.95,disagreement,,,Equal,False
Ugy3cSefT17sMQiaAJd4AaABAg,,,negative,0.95,disagreement,,,Equal,False
UgzD3phmZ7D25OCB6bx4AaABAg,,,negative,0.95,disagreement,,,Equal,False
UgzPmaXwR55kr-yKVfF4AaABAg,,,negative,0.95,disagreement,,,Equal,False
UgyZ1_V00PbkVjMp0LB4AaABAg,,,negative,0.94,disagreement,,,Equal,False
Ugy8OWnLSX_j5pT24254AaABAg,,,negative,0.95,disagreement,,,Equal,False
UgxQ1NCZD1xrImFwaCR4AaABAg,,,negative,0.95,disagreement,,,Equal,False
UgwHcRtqp9rO9uU6Uxl4AaABAg,,,negative,0.95,disagreement,,,Equal,False
Ugw3KZA03Dg028PZxcp4AaABAg,,,positive,0.95,disagreement,,,Equal,False
UgyZfcd91u8MO2lsPH54AaABAg,,,positive,0.95,disagreement,,,Equal,False
UgyZfcd91u8MO2lsPH54AaABAg.AJlmruKWNiiAJmRjBv3vQw,,,negative,0.95,disagreement,,,Equal,False
UgyZfcd91u8MO2lsPH54AaABAg.AJlmruKWNiiAJtZP4kfrkO,,,negative,0.95,disagreement,,,Equal,False
UgwWIqbiUht4I3TZxMR4AaABAg,,,negative,0.95,disagreement,,,Equal,False
UgwWIqbiUht4I3TZxMR4AaABAg.AJlax2lzl60AJmRC-fBYll,,,negative,0.94,disagreement,,,Equal,False
UgwWIqbiUht4I3TZxMR4AaABAg.AJlax2lzl60AJmoJejgPx1,,,positive,0.95,disagreement,,,Equal,False
UgwWIqbiUht4I3TZxMR4AaABAg.AJlax2lzl60AJodWYxQV0t,,,negative,0.95,disagreement,,,Equal,False
UgwWIqbiUht4I3TZxMR4AaABAg.AJlax2lzl60AJrr_ras9bu,,,negative,0.95,disagreement,,,Equal,False
UgwWIqbiUht4I3TZxMR4AaABAg.AJlax2lzl60AJrsSQ8RbW8,,,negative,0.95,disagreement,,,Equal,False
UgwWIqbiUht4I3TZxMR4AaABAg.AJlax2lzl60AJtZJZab5TS,,,positive,0.95,disagreement,,,Equal,False
UgwWIqbiUht4I3TZxMR4AaABAg.AJlax2lzl60AJu9vMS1kbY,,,negative,0.94,disagreement,,,Equal,False
UgwWIqbiUht4I3TZxMR4AaABAg.AJlax2lzl60AJyjROeXJfM,,,negative,1.0,disagreement,,,Equal,False
Ugxe0SNJr1o5fc21cn94AaABAg,,,positive,0.95,disagreement,,,Equal,False
UgxNB6k4H2_N-ryhDFR4AaABAg,,,positive,0.95,disagreement,,,Equal,False
UgywTmvOwug5OD4Tn2t4AaABAg,,,positive,0.95,disagreement,,,Equal,False
Ugw2JUDo3czKoj2x_k54AaABAg,,,positive,1.0,disagreement,,,Equal,False
Ugw_wbowMJUz557vSId4AaABAg,,,negative,0.8,disagreement,,,Equal,False
Ugw_wbowMJUz557vSId4AaABAg.AJl1sOGPP8_AJlRYYntJsq,,,negative,0.95,disagreement,,,Equal,False
UgyURogyU4YWuRi1eLd4AaABAg,,,negative,0.92,disagreement,,,Equal,False
Ugxpn38whgMFv_KBcxF4AaABAg,,,negative,0.94,disagreement,,,Equal,False
Ugxpn38whgMFv_KBcxF4AaABAg.AJm8BEpQd_FAJmAY4XSVMG,,,negative,0.95,disagreement,,,Equal,False
UgzZnFu5Ak-HHRnjpdl4AaABAg,,,negative,0.8,disagreement,,,Equal,False
Ugz1ZEZwq-VXKksmUHF4AaABAg,,,negative,0.95,disagreement,,,Equal,False
UgwYxBNQuJeToa_YcRt4AaABAg,,,negative,0.95,disagreement,,,Equal,False
UgwhS1rkocGYsdrTDyR4AaABAg,,,negative,0.95,disagreement,,,Equal,False
UgwxIM2-krKkj0z289Z4AaABAg,,,negative,0.95,disagreement,,,Equal,False
UgwVWxCy8Ac3zFgIlTp4AaABAg,,,positive,0.95,disagreement,,,Equal,False
UgwVWxCy8Ac3zFgIlTp4AaABAg.AJkvokmckbaAJkzRP5PssM,,,negative,0.95,disagreement,,,Equal,False
UgwVWxCy8Ac3zFgIlTp4AaABAg.AJkvokmckbaAJlC3HkqCyz,,,positive,0.95,disagreement,,,Equal,False
UgwVWxCy8Ac3zFgIlTp4AaABAg.AJkvokmckbaAJliLUOSySm,,,negative,0.95,disagreement,,,Equal,False
UgwVWxCy8Ac3zFgIlTp4AaABAg.AJkvokmckbaAJm0HOCgBTU,,,positive,0.95,disagreement,,,Equal,False
UgwVWxCy8Ac3zFgIlTp4AaABAg.AJkvokmckbaAJmB2QdRNep,,,negative,0.9,disagreement,,,Equal,False
UgwVWxCy8Ac3zFgIlTp4AaABAg.AJkvokmckbaAJmSwHjcU2S,,,negative,0.94,disagreement,,,Equal,False
UgwVWxCy8Ac3zFgIlTp4AaABAg.AJkvokmckbaAJmogd1q5yA,,,positive,0.95,disagreement,,,Equal,False
Ugwgr5mnsEmMOZOqa7J4AaABAg,,,negative,0.95,disagreement,,,Equal,False
Ugwgr5mnsEmMOZOqa7J4AaABAg.AJlEtcNJICeAJlRQeeCcEy,,,positive,0.95,disagreement,,,Equal,False
Ugwgr5mnsEmMOZOqa7J4AaABAg.AJlEtcNJICeAJlT8-LS5zA,,,negative,0.95,disagreement,,,Equal,False
Ugwgr5mnsEmMOZOqa7J4AaABAg.AJlEtcNJICeAJlfBdRFzJS,,,negative,0.95,disagreement,,,Equal,False
Ugx4CAPMRGLA3mzke5Z4AaABAg,,,negative,1.0,disagreement,,,Equal,False
Ugx4CAPMRGLA3mzke5Z4AaABAg.AJkvR9cJqyFAJlRKwJ84Zz,,,negative,0.95,disagreement,,,Equal,False
UgwJRXFVWDI_EVewE0p4AaABAg,,,positive,0.95,disagreement,,,Equal,False
UgwJRXFVWDI_EVewE0p4AaABAg.AJkvlf_Kt1FAJl-rFTNhHy,,,negative,0.95,disagreement,,,Equal,False
UgwJRXFVWDI_EVewE0p4AaABAg.AJkvlf_Kt1FAJl004IpT1_,,,neutral,1.0,disagreement,,,Equal,False
UgwJRXFVWDI_EVewE0p4AaABAg.AJkvlf_Kt1FAJl1IsiKeEh,,,negative,0.95,disagreement,,,Equal,False
UgwJRXFVWDI_EVewE0p4AaABAg.AJkvlf_Kt1FAJl4zJHYM3h,,,positive,0.95,disagreement,,,Equal,False
UgwJRXFVWDI_EVewE0p4AaABAg.AJkvlf_Kt1FAJl5Imh4hnh,,,negative,0.95,disagreement,,,Equal,False
UgwJRXFVWDI_EVewE0p4AaABAg.AJkvlf_Kt1FAJl87QH-86e,,,negative,0.95,disagreement,,,Equal,False
UgwJRXFVWDI_EVewE0p4AaABAg.AJkvlf_Kt1FAJlNRvKoUzy,,,negative,0.95,disagreement,,,Equal,False
UgwJRXFVWDI_EVewE0p4AaABAg.AJkvlf_Kt1FAJlTj4CzxfV,,,negative,0.97,disagreement,,,Equal,False
UgwJRXFVWDI_EVewE0p4AaABAg.AJkvlf_Kt1FAJlYLwvXqtJ,,,negative,0.95,disagreement,,,Equal,False
UgwJRXFVWDI_EVewE0p4AaABAg.AJkvlf_Kt1FAJldqqUbh1O,,,negative,0.95,disagreement,,,Equal,False
UgwJRXFVWDI_EVewE0p4AaABAg.AJkvlf_Kt1FAJlyoMiSLTX,,,negative,0.95,disagreement,,,Equal,False
UgwJRXFVWDI_EVewE0p4AaABAg.AJkvlf_Kt1FAJm-ZkP3-4K,,,negative,0.99,disagreement,,,Equal,False
UgwJRXFVWDI_EVewE0p4AaABAg.AJkvlf_Kt1FAJm02GUUTpx,,,negative,0.95,disagreement,,,Equal,False
UgwJRXFVWDI_EVewE0p4AaABAg.AJkvlf_Kt1FAJmBCQjmAox,,,positive,0.95,disagreement,,,Equal,False
UgwJRXFVWDI_EVewE0p4AaABAg.AJkvlf_Kt1FAJmIUKAt1mU,,,positive,0.95,disagreement,,,Equal,False
UgwJRXFVWDI_EVewE0p4AaABAg.AJkvlf_Kt1FAJmJjzARWQY,,,negative,0.97,disagreement,,,Equal,False
UgwJRXFVWDI_EVewE0p4AaABAg.AJkvlf_Kt1FAJmmO-We_DU,,,negative,0.94,disagreement,,,Equal,False
UgwJRXFVWDI_EVewE0p4AaABAg.AJkvlf_Kt1FAJtZeuAvDtS,,,negative,0.95,disagreement,,,Equal,False
UgzGOGgP4XrxFcdIc6p4AaABAg,,,positive,0.95,disagreement,,,Equal,False
UgzGOGgP4XrxFcdIc6p4AaABAg.AJl435zHGR9AJl7mgyEWyN,,,negative,0.95,disagreement,,,Equal,False
UgzGOGgP4XrxFcdIc6p4AaABAg.AJl435zHGR9AJlTPqAPm7U,,,negative,0.95,disagreement,,,Equal,False
UgzGOGgP4XrxFcdIc6p4AaABAg.AJl435zHGR9AJlUZEsC4F6,,,negative,0.97,disagreement,,,Equal,False
UgzGOGgP4XrxFcdIc6p4AaABAg.AJl435zHGR9AJlUp531XRf,,,negative,0.95,disagreement,,,Equal,False
UgzGOGgP4XrxFcdIc6p4AaABAg.AJl435zHGR9AJlaoGsLfoT,,,negative,0.95,disagreement,,,Equal,False
UgzGOGgP4XrxFcdIc6p4AaABAg.AJl435zHGR9AJlhl2-NdlG,,,negative,0.97,disagreement,,,Equal,False
UgzGOGgP4XrxFcdIc6p4AaABAg.AJl435zHGR9AJlowpiL0zv,,,negative,0.95,disagreement,,,Equal,False
UgzGOGgP4XrxFcdIc6p4AaABAg.AJl435zHGR9AJlpytCO12U,,,negative,0.95,disagreement,,,Equal,False
UgzGOGgP4XrxFcdIc6p4AaABAg.AJl435zHGR9AJmAmNIwjYJ,,,positive,0.95,disagreement,,,Equal,False
UgzGOGgP4XrxFcdIc6p4AaABAg.AJl435zHGR9AJmAq5cjNQm,,,negative,0.95,disagreement,,,Equal,False
UgzGOGgP4XrxFcdIc6p4AaABAg.AJl435zHGR9AJtZWu7qYpH,,,neutral,0.85,disagreement,,,Equal,False
Ugx6WvnOZA434ugfy2J4AaABAg,,,negative,0.95,disagreement,,,Equal,False
UgwOkv90EKJQ1jkMoaB4AaABAg,,,positive,0.95,disagreement,,,Equal,False
Ugzr3MLmLGAxDXJcD9l4AaABAg,,,negative,0.95,disagreement,,,Equal,False
Ugzr3MLmLGAxDXJcD9l4AaABAg.AJl1WgXmEYyAJmRUsNUGtA,,,negative,0.95,disagreement,,,Equal,False
UgyuTEzThgzJ47eG5nJ4AaABAg,,,positive,0.95,disagreement,,,Equal,False
UgwD3qf4g4Q_5WGM2N54AaABAg,,,positive,0.95,disagreement,,,Equal,False
UgwD3qf4g4Q_5WGM2N54AaABAg.9GKei0thui89IKyStZ21Hr,,,negative,0.92,disagreement,,,Equal,False
UgwD3qf4g4Q_5WGM2N54AaABAg.9GKei0thui8A0aU0PgjGNh,,,negative,0.95,disagreement,,,Equal,False
UgwD3qf4g4Q_5WGM2N54AaABAg.9GKei0thui8AK9uxmByEFc,,,negative,0.95,disagreement,,,Equal,False
UgyBJe3q3Q-iIf8EY8V4AaABAg,,,negative,0.94,disagreement,,,Equal,False
UgyBJe3q3Q-iIf8EY8V4AaABAg.9Fgrwnuexb59vjj9B3BK-_,,,positive,1.0,disagreement,,,Equal,False
UgyBJe3q3Q-iIf8EY8V4AaABAg.9Fgrwnuexb5A0aSSRujIkm,,,neutral,0.85,disagreement,,,Equal,False
UgzREVFRQSAcXJwMy7J4AaABAg,,,negative,1.0,disagreement,,,Equal,False
UgzREVFRQSAcXJwMy7J4AaABAg.9FZhDyrfrGi9vjk_LQ_d7G,,,negative,0.95,disagreement,,,Equal,False
UgzREVFRQSAcXJwMy7J4AaABAg.9FZhDyrfrGiA0aTMnGyi1s,,,positive,0.95,disagreement,,,Equal,False
Ugz8zFJ6R-JMR8sPGlx4AaABAg,,,negative,0.95,disagreement,,,Equal,False
Ugz8zFJ6R-JMR8sPGlx4AaABAg.A0aTcuqPOFZA4VtDeCdQou,,,negative,0.95,disagreement,,,Equal,False
UgzqnW-5zdLmkdnyU9V4AaABAg,,,negative,0.95,disagreement,,,Equal,False
UgzqnW-5zdLmkdnyU9V4AaABAg.9FlXjKCKTqN9GHxvHcB9EH,,,negative,0.95,disagreement,,,Equal,False
UgzqnW-5zdLmkdnyU9V4AaABAg.9FlXjKCKTqNA0aShfmchuR,,,positive,0.95,disagreement,,,Equal,False
UgzvjylOP64t8AT4BUZ4AaABAg,,,negative,0.95,disagreement,,,Equal,False
UgzvjylOP64t8AT4BUZ4AaABAg.9FZoZeRi7Nx9vjjdlYZZAi,,,positive,0.95,disagreement,,,Equal,False
UgzvjylOP64t8AT4BUZ4AaABAg.9FZoZeRi7Nx9vjt-ebZzm1,,,negative,0.95,disagreement,,,Equal,False
UgxVAp6FvZn8PW2oTaR4AaABAg,,,negative,0.95,disagreement,,,Equal,False
UgxVAp6FvZn8PW2oTaR4AaABAg.9G2qR_C7N5B9vjjJzdwOGK,,,negative,0.95,disagreement,,,Equal,False
UgxVAp6FvZn8PW2oTaR4AaABAg.9G2qR_C7N5BA0aT36Tg1fI,,,neutral,0.85,disagreement,,,Equal,False
UgxynJ0mpJPqt5Ibt2B4AaABAg,,,positive,0.95,disagreement,,,Equal,False
UgwA1M6wfwmrwNEHYJR4AaABAg,,,negative,0.95,disagreement,,,Equal,False
UgwA1M6wfwmrwNEHYJR4AaABAg.9FZ32eWVOOn9FZKqC-WBOJ,,,negative,0.95,disagreement,,,Equal,False
UgwA1M6wfwmrwNEHYJR4AaABAg.9FZ32eWVOOn9GCVDnBvkqs,,,negative,0.95,disagreement,,,Equal,False
UgwA1M6wfwmrwNEHYJR4AaABAg.9FZ32eWVOOnA0aTCzxZqfH,,,positive,0.95,disagreement,,,Equal,False
UgzciDoTR8Zb6M56yWJ4AaABAg,,,negative,0.95,disagreement,,,Equal,False
UgzciDoTR8Zb6M56yWJ4AaABAg.9Fd4cDHrom-A0aT4plK1LO,,,negative,1.0,disagreement,,,Equal,False
UgyNNjAy7CtvIV-aFDR4AaABAg,,,positive,0.95,disagreement,,,Equal,False
UgyNNjAy7CtvIV-aFDR4AaABAg.9Fa9UNFprZw9FkW2MIVmiF,,,positive,0.95,disagreement,,,Equal,False
UgyNNjAy7CtvIV-aFDR4AaABAg.9Fa9UNFprZw9GCTOUWTQp1,,,negative,0.95,disagreement,,,Equal,False
UgyNNjAy7CtvIV-aFDR4AaABAg.9Fa9UNFprZw9GD6IemL8SP,,,negative,0.95,disagreement,,,Equal,False
UgyNNjAy7CtvIV-aFDR4AaABAg.9Fa9UNFprZw9Gm6UMMPLfz,,,negative,0.95,disagreement,,,Equal,False
UgyNNjAy7CtvIV-aFDR4AaABAg.9Fa9UNFprZw9GmaJ6ArYQR,,,negative,0.95,disagreement,,,Equal,False
UgyNNjAy7CtvIV-aFDR4AaABAg.9Fa9UNFprZw9GmaV3b5bSw,,,negative,0.92,disagreement,,,Equal,False
UgyNNjAy7CtvIV-aFDR4AaABAg.9Fa9UNFprZw9vjk6IUEhli,,,neutral,0.85,disagreement,,,Equal,False
UgyNNjAy7CtvIV-aFDR4AaABAg.9Fa9UNFprZwA0aSa8odDyR,,,negative,0.95,disagreement,,,Equal,False
Ugy_rop4MpX_MrLBaVN4AaABAg,,,positive,0.95,disagreement,,,Equal,False
Ugz2sF-ebc28i0IG0sZ4AaABAg,,,negative,1.0,disagreement,,,Equal,False
Ugz2sF-ebc28i0IG0sZ4AaABAg.9FauCzG0iui9GHxjp8QNuY,,,negative,0.95,disagreement,,,Equal,False
Ugz2sF-ebc28i0IG0sZ4AaABAg.9FauCzG0iuiA0aSfn_y1bx,,,negative,0.8,disagreement,,,Equal,False
Ugyy9_WwoWCPTTS0C614AaABAg,,,neutral,0.85,disagreement,,,Equal,False
Ugzfa9EAWICdQJT-itB4AaABAg,,,negative,0.95,disagreement,,,Equal,False
UgxnI2vjL3DG98AkhrV4AaABAg,,,positive,0.95,disagreement,,,Equal,False
UgxXZh_E2yfuSYVVqJx4AaABAg,,,negative,0.95,disagreement,,,Equal,False
UgyMHSVNFCN1tbWd9x54AaABAg,,,positive,0.95,disagreement,,,Equal,False
UgyMHSVNFCN1tbWd9x54AaABAg.AJkUCJlrnlsAJkWSG_VEdF,,,negative,0.95,disagreement,,,Equal,False
UgyMHSVNFCN1tbWd9x54AaABAg.AJkUCJlrnlsAJkX75ZjzKO,,,negative,1.0,disagreement,,,Equal,False
UgyMHSVNFCN1tbWd9x54AaABAg.AJkUCJlrnlsAJkqh-THrEX,,,negative,0.95,disagreement,,,Equal,False
UgyMHSVNFCN1tbWd9x54AaABAg.AJkUCJlrnlsAJl5EZ3y9xt,,,negative,0.95,disagreement,,,Equal,False
UgyMHSVNFCN1tbWd9x54AaABAg.AJkUCJlrnlsAJlIOWzhX88,,,negative,0.95,disagreement,,,Equal,False
UgyMHSVNFCN1tbWd9x54AaABAg.AJkUCJlrnlsAJtYOBNq1o4,,,negative,0.95,disagreement,,,Equal,False
UgwgxpDceYrj856zQup4AaABAg,,,negative,0.8,disagreement,,,Equal,False
UgwgxpDceYrj856zQup4AaABAg.AJkiSAqR8VDAJkxnLtuNbu,,,negative,0.95,disagreement,,,Equal,False
UgwgxpDceYrj856zQup4AaABAg.AJkiSAqR8VDAJl4xiRk8Yg,,,negative,0.95,disagreement,,,Equal,False
UgwgxpDceYrj856zQup4AaABAg.AJkiSAqR8VDAJlCP9-nHLt,,,negative,0.95,disagreement,,,Equal,False
UgwgxpDceYrj856zQup4AaABAg.AJkiSAqR8VDAJlD5D8DKWn,,,positive,0.95,disagreement,,,Equal,False
UgwgxpDceYrj856zQup4AaABAg.AJkiSAqR8VDAJlH_Wpj0Sz,,,negative,0.8,disagreement,,,Equal,False
UgwgxpDceYrj856zQup4AaABAg.AJkiSAqR8VDAJlHv3wq0tw,,,negative,0.95,disagreement,,,Equal,False
UgwgxpDceYrj856zQup4AaABAg.AJkiSAqR8VDAJlIP8701hv,,,negative,0.8,disagreement,,,Equal,False
UgwgxpDceYrj856zQup4AaABAg.AJkiSAqR8VDAJtYG_iY-Gd,,,negative,0.94,disagreement,,,Equal,False
UgwgxpDceYrj856zQup4AaABAg.AJkiSAqR8VDAJtx9lLsKxm,,,negative,0.95,disagreement,,,Equal,False
UgwVA6w0G41OvSgHkth4AaABAg,,,negative,0.94,disagreement,,,Equal,False
UgynF7poS5B54RXCQfx4AaABAg,,,positive,0.95,disagreement,,,Equal,False
UgyrwhWJ4eXtyC1qCBF4AaABAg,,,positive,0.95,disagreement,,,Equal,False
UgyrwhWJ4eXtyC1qCBF4AaABAg.AJkryCIPd5fAJkwbou7T8H,,,negative,0.95,disagreement,,,Equal,False
UgyrwhWJ4eXtyC1qCBF4AaABAg.AJkryCIPd5fAJkxFEU9g-A,,,negative,0.95,disagreement,,,Equal,False
UgyrwhWJ4eXtyC1qCBF4AaABAg.AJkryCIPd5fAJlD9Y9Gnsw,,,neutral,0.85,disagreement,,,Equal,False
UgyrwhWJ4eXtyC1qCBF4AaABAg.AJkryCIPd5fAJtYZFv6k1i,,,negative,0.95,disagreement,,,Equal,False
UgyrwhWJ4eXtyC1qCBF4AaABAg.AJkryCIPd5fAJtwFCmIMH5,,,negative,1.0,disagreement,,,Equal,False
UgyH2mqSkZOK9wD8poN4AaABAg,,,negative,0.94,disagreement,,,Equal,False
UgxV4UUaWnzdvwZwQQJ4AaABAg,,,positive,0.95,disagreement,,,Equal,False
UgxV4UUaWnzdvwZwQQJ4AaABAg.AJkSkUzrEU3AJkXNUaa-8V,,,negative,0.95,disagreement,,,Equal,False
UgxV4UUaWnzdvwZwQQJ4AaABAg.AJkSkUzrEU3AJknfg_pis8,,,negative,0.9,disagreement,,,Equal,False
UgxV4UUaWnzdvwZwQQJ4AaABAg.AJkSkUzrEU3AJkov5pF6as,,,negative,1.0,disagreement,,,Equal,False
UgxV4UUaWnzdvwZwQQJ4AaABAg.AJkSkUzrEU3AJkqs29gNS5,,,negative,0.95,disagreement,,,Equal,False
UgxV4UUaWnzdvwZwQQJ4AaABAg.AJkSkUzrEU3AJkrHXg70Jp,,,negative,0.95,disagreement,,,Equal,False
UgxV4UUaWnzdvwZwQQJ4AaABAg.AJkSkUzrEU3AJl5RyEyHVC,,,negative,0.95,disagreement,,,Equal,False
UgxV4UUaWnzdvwZwQQJ4AaABAg.AJkSkUzrEU3AJlIgTxQbwx,,,negative,0.95,disagreement,,,Equal,False
UgxV4UUaWnzdvwZwQQJ4AaABAg.AJkSkUzrEU3AJlIxTxg0B7,,,negative,0.95,disagreement,,,Equal,False
UgwF4A68m3Xd_BzIDdl4AaABAg,,,negative,0.75,disagreement,,,Equal,False
UgwF4A68m3Xd_BzIDdl4AaABAg.9GywK3i1xV99Gz5RfjPftX,,,negative,0.94,disagreement,,,Equal,False
UgwF4A68m3Xd_BzIDdl4AaABAg.9GywK3i1xV99Gz6qg2a4x1,,,negative,0.94,disagreement,,,Equal,False
UgwF4A68m3Xd_BzIDdl4AaABAg.9GywK3i1xV99GzB9EGq3mD,,,negative,0.94,disagreement,,,Equal,False
UgwF4A68m3Xd_BzIDdl4AaABAg.9GywK3i1xV99GzCy9_VLso,,,negative,0.94,disagreement,,,Equal,False
UgwF4A68m3Xd_BzIDdl4AaABAg.9GywK3i1xV99GzDjeji73E,,,negative,0.94,disagreement,,,Equal,False
UgwF4A68m3Xd_BzIDdl4AaABAg.9GywK3i1xV99GzFNrgT3Vn,,,neutral,0.85,disagreement,,,Equal,False
UgwF4A68m3Xd_BzIDdl4AaABAg.9GywK3i1xV99GzFTYy4Zvu,,,negative,0.95,disagreement,,,Equal,False
UgwF4A68m3Xd_BzIDdl4AaABAg.9GywK3i1xV99GzIdnmJmJX,,,negative,0.95,disagreement,,,Equal,False
UgwF4A68m3Xd_BzIDdl4AaABAg.9GywK3i1xV99GzTnnBQMH4,,,positive,0.95,disagreement,,,Equal,False
UgwF4A68m3Xd_BzIDdl4AaABAg.9GywK3i1xV99Gzm-eFTKRH,,,negative,0.95,disagreement,,,Equal,False
UgwF4A68m3Xd_BzIDdl4AaABAg.9GywK3i1xV99GznN8zi90F,,,negative,0.95,disagreement,,,Equal,False
UgwF4A68m3Xd_BzIDdl4AaABAg.9GywK3i1xV99H2ugOPKpeb,,,negative,0.95,disagreement,,,Equal,False
Ugzf2HxKyWix9IR0Z9x4AaABAg,,,positive,0.95,disagreement,,,Equal,False
Ugzf2HxKyWix9IR0Z9x4AaABAg.9H08EVdL3uT9H2wU6nCe80,,,negative,0.95,disagreement,,,Equal,False
UgwEHrqK7oUx5MYo7Lp4AaABAg,,,negative,0.8,disagreement,,,Equal,False
UgwEHrqK7oUx5MYo7Lp4AaABAg.9Gz3vuURFEK9GzTrRXyxyu,,,negative,1.0,disagreement,,,Equal,False
UgwEHrqK7oUx5MYo7Lp4AaABAg.9Gz3vuURFEK9H0-4Y9WyhZ,,,positive,0.95,disagreement,,,Equal,False
UgwEHrqK7oUx5MYo7Lp4AaABAg.9Gz3vuURFEK9H01Pgs1EUe,,,positive,0.95,disagreement,,,Equal,False
UgxYXlePDsdOHG1ozP54AaABAg,,,negative,1.0,disagreement,,,Equal,False
UgxYXlePDsdOHG1ozP54AaABAg.9Gzdj3-2wag9H0FtygjvPo,,,negative,0.95,disagreement,,,Equal,False
UgxYXlePDsdOHG1ozP54AaABAg.9Gzdj3-2wag9HMIf1VOVIA,,,negative,0.95,disagreement,,,Equal,False
UgyhrVMHxlJw_8awVBF4AaABAg,,,negative,1.0,disagreement,,,Equal,False
UgyhrVMHxlJw_8awVBF4AaABAg.9H2haRKV_U89H3S_WGa_DP,,,positive,0.95,disagreement,,,Equal,False
UgxyE0CHdLEsfxhTRnh4AaABAg,,,positive,0.95,disagreement,,,Equal,False
UgxyE0CHdLEsfxhTRnh4AaABAg.9GzTkxz0KHz9H0wG7xFcf0,,,negative,0.95,disagreement,,,Equal,False
UgxyE0CHdLEsfxhTRnh4AaABAg.9GzTkxz0KHz9HAVxILJqHv,,,positive,0.95,disagreement,,,Equal,False
UgxyE0CHdLEsfxhTRnh4AaABAg.9GzTkxz0KHz9HMIDzQ808F,,,negative,0.8,disagreement,,,Equal,False
UgxyE0CHdLEsfxhTRnh4AaABAg.9GzTkxz0KHz9Ir_49_5VMy,,,positive,0.95,disagreement,,,Equal,False
UgwNt4Y1eQWhjrGFhKd4AaABAg,,,negative,0.8,disagreement,,,Equal,False
UgwNt4Y1eQWhjrGFhKd4AaABAg.9lMbQR-FTd69rrNpsGgQdn,,,negative,1.0,disagreement,,,Equal,False
UgwNt4Y1eQWhjrGFhKd4AaABAg.9lMbQR-FTd6ABtsn5Z6Js4,,,positive,0.95,disagreement,,,Equal,False
Ugyjy7Sf4sm62BjJS8h4AaABAg,,,neutral,0.85,disagreement,,,Equal,False
Ugyjy7Sf4sm62BjJS8h4AaABAg.9lOIZc38V0G9lPMvg_T9XH,,,negative,0.95,disagreement,,,Equal,False
Ugyjy7Sf4sm62BjJS8h4AaABAg.9lOIZc38V0G9rrNW7qA345,,,negative,0.95,disagreement,,,Equal,False
Ugyjy7Sf4sm62BjJS8h4AaABAg.9lOIZc38V0G9yU5pZOrkRj,,,negative,0.95,disagreement,,,Equal,False
Ugwy_0u8pBa-5ZWslSZ4AaABAg,,,positive,0.95,disagreement,,,Equal,False
UgwqmffOKSn7MQ07VsF4AaABAg,,,negative,0.95,disagreement,,,Equal,False
UgyppdGsrYmKi54DvgN4AaABAg,,,negative,0.95,disagreement,,,Equal,False
Ugy4DZoXkA_zZFPcrZJ4AaABAg,,,negative,0.9,disagreement,,,Equal,False
Ugy4DZoXkA_zZFPcrZJ4AaABAg.9CpPvg3y2q_9CthBQJeTkz,,,negative,0.95,disagreement,,,Equal,False
UgyI4zGLPoxHMRRtlrR4AaABAg,,,negative,0.95,disagreement,,,Equal,False
Ugzxe2MJId0M9tXLdF54AaABAg,,,negative,0.95,disagreement,,,Equal,False
Ugz-BMQNLnDKzysi8-l4AaABAg,,,negative,0.95,disagreement,,,Equal,False
Ugz7jg5THhaOW7yc3oR4AaABAg,,,negative,0.8,disagreement,,,Equal,False
UgyArcU_eU8dux8txnt4AaABAg,,,negative,0.95,disagreement,,,Equal,False
UgyArcU_eU8dux8txnt4AaABAg.9UH71Yw5hlI9UHMRTGI7by,,,negative,0.95,disagreement,,,Equal,False
UgzrJr2y38LXjopUwZ54AaABAg,,,positive,0.95,disagreement,,,Equal,False
UgzrJr2y38LXjopUwZ54AaABAg.995cei3iu0K995hCqujCJg,,,positive,0.95,disagreement,,,Equal,False
UgyM7SdeoprubB-5lBN4AaABAg,,,negative,0.95,disagreement,,,Equal,False
UgyiJDn4cQmggrcCB7J4AaABAg,,,negative,0.95,disagreement,,,Equal,False
UgyiJDn4cQmggrcCB7J4AaABAg.8xeEN7F1vrJ9wf8DwnI8BL,,,negative,0.95,disagreement,,,Equal,False
Ugz1pGZ1Fig2XG99EtR4AaABAg,,,negative,0.95,disagreement,,,Equal,False
Ugy41lzrgfW3aIoh1hh4AaABAg,,,negative,0.95,disagreement,,,Equal,False
UgzTs5kqI2_RwTx2oyx4AaABAg,,,negative,0.95,disagreement,,,Equal,False
UgzyM0NCme6i0JtHrbl4AaABAg,,,negative,1.0,disagreement,,,Equal,False
Ugx_OnJY_GXofyONfbd4AaABAg,,,negative,0.95,disagreement,,,Equal,False
UgzgJzgY004XQE6N6ZN4AaABAg,,,negative,1.0,disagreement,,,Equal,False
UgzRib6FrND-vYYvSVt4AaABAg,,,positive,0.95,disagreement,,,Equal,False
UgzpZecCDFvT3PF-KSJ4AaABAg,,,negative,0.95,disagreement,,,Equal,False
UgztzpI-v7253ob3uQN4AaABAg,,,negative,0.95,disagreement,,,Equal,False
UgxQXzCifIYy88VouVl4AaABAg,,,negative,0.95,disagreement,,,Equal,False
UgwM4-tSr5SjW88cjt54AaABAg,,,positive,0.95,disagreement,,,Equal,False
Ugy2KI8P_VOJQOlTEI14AaABAg,,,negative,0.95,disagreement,,,Equal,False
Ugzzs8IEAF5-V0vvghl4AaABAg,,,negative,0.95,disagreement,,,Equal,False
UgxLqKZ_6JXVuuqsL8x4AaABAg,,,negative,0.95,disagreement,,,Equal,False
UgwYxrPe-zV--fWmSwd4AaABAg,,,negative,0.94,disagreement,,,Equal,False
Ugx6EVuBIedr7WH9bzl4AaABAg,,,negative,0.95,disagreement,,,Equal,False
Ugx6EVuBIedr7WH9bzl4AaABAg.8hfQ-mLbQAo8hhOGqKL5j_,,,positive,0.95,disagreement,,,Equal,False
Ugxb50WPZqUi7AcpIXV4AaABAg,,,neutral,0.85,disagreement,,,Equal,False
Ugwwv6zmPrSo4Xn37KV4AaABAg,,,negative,0.8,disagreement,,,Equal,False
Ugwwv6zmPrSo4Xn37KV4AaABAg.9r4UBQgX0s59r4WU_z77Ue,,,negative,0.95,disagreement,,,Equal,False
Ugzp9-F_TLTn2YyAQF94AaABAg,,,negative,0.95,disagreement,,,Equal,False
UgwbBbWzoROkJp-xlrd4AaABAg,,,positive,0.95,disagreement,,,Equal,False
UgzSCp9c7rx5XoF6gS54AaABAg,,,positive,0.95,disagreement,,,Equal,False
Ugz9WKGsD5N_FZkkJ3l4AaABAg,,,negative,0.95,disagreement,,,Equal,False
UgymDZYcKDcptMYAOmd4AaABAg,,,negative,0.94,disagreement,,,Equal,False
Ugx0YNdlWcLKrNASMTF4AaABAg,,,positive,0.95,disagreement,,,Equal,False
Ugy98699U00vl5rgwhV4AaABAg,,,negative,1.0,disagreement,,,Equal,False
UgyPOqF7Q1Ttcxu2snB4AaABAg,,,negative,0.95,disagreement,,,Equal,False
Ugz-AscqCIbFsFfyToB4AaABAg,,,negative,0.95,disagreement,,,Equal,False
Ugz8W6gHZxEqyVAzmA54AaABAg,,,negative,0.9,disagreement,,,Equal,False
UgzyjtClOp5xWfNauVl4AaABAg,,,negative,0.95,disagreement,,,Equal,False
Ugx-3Z4uKmIfsuaaiWN4AaABAg,,,negative,0.95,disagreement,,,Equal,False
UgxW-pnI0cPes3t63Mp4AaABAg,,,negative,1.0,disagreement,,,Equal,False
UgxW-pnI0cPes3t63Mp4AaABAg.9FipSCD18v29Fj5MWrYlPj,,,negative,0.95,disagreement,,,Equal,False
UgxW-pnI0cPes3t63Mp4AaABAg.9FipSCD18v29vRcabjHY2q,,,negative,0.95,disagreement,,,Equal,False
UgwRsuQkE7dG5IZKnrB4AaABAg,,,negative,1.0,disagreement,,,Equal,False
UgwRsuQkE7dG5IZKnrB4AaABAg.9Fj3cfqcTv99Fj3yaXvKrS,,,negative,0.95,disagreement,,,Equal,False
UgzhljW7JsXvK_n6nk94AaABAg,,,negative,0.95,disagreement,,,Equal,False
UgzhljW7JsXvK_n6nk94AaABAg.9G2qO-K1EA09vRdneTkqWE,,,negative,1.0,disagreement,,,Equal,False
Ugy9dJPDzJXqvskz1Al4AaABAg,,,negative,0.95,disagreement,,,Equal,False
Ugy9dJPDzJXqvskz1Al4AaABAg.9Fiu1XMgKQ99Fiuwfnhh_i,,,neutral,0.85,disagreement,,,Equal,False
Ugy9dJPDzJXqvskz1Al4AaABAg.9Fiu1XMgKQ99GFNB6G-JQ9,,,negative,0.95,disagreement,,,Equal,False
Ugy9dJPDzJXqvskz1Al4AaABAg.9Fiu1XMgKQ99GFOUX9iWt0,,,negative,0.95,disagreement,,,Equal,False
Ugy9dJPDzJXqvskz1Al4AaABAg.9Fiu1XMgKQ99GFPgXLdots,,,negative,0.95,disagreement,,,Equal,False
Ugy9dJPDzJXqvskz1Al4AaABAg.9Fiu1XMgKQ99GFS7GNpEVe,,,negative,0.95,disagreement,,,Equal,False
Ugy9dJPDzJXqvskz1Al4AaABAg.9Fiu1XMgKQ99GFUCq14oBl,,,negative,0.92,disagreement,,,Equal,False
Ugy9dJPDzJXqvskz1Al4AaABAg.9Fiu1XMgKQ99GFg4NT5-34,,,negative,0.95,disagreement,,,Equal,False
Ugy9dJPDzJXqvskz1Al4AaABAg.9Fiu1XMgKQ99GHhGMMdUGB,,,negative,0.83,disagreement,,,Equal,False
Ugy9dJPDzJXqvskz1Al4AaABAg.9Fiu1XMgKQ99GHjxDsW4lE,,,negative,0.83,disagreement,,,Equal,False
Ugy9dJPDzJXqvskz1Al4AaABAg.9Fiu1XMgKQ99GHsM0lMy46,,,negative,0.93,disagreement,,,Equal,False
Ugy9dJPDzJXqvskz1Al4AaABAg.9Fiu1XMgKQ99GHssMNsrqM,,,negative,0.8,disagreement,,,Equal,False
Ugy9dJPDzJXqvskz1Al4AaABAg.9Fiu1XMgKQ99GIDZplycUf,,,negative,0.93,disagreement,,,Equal,False
Ugy9dJPDzJXqvskz1Al4AaABAg.9Fiu1XMgKQ99GIOW_lymlH,,,negative,0.83,disagreement,,,Equal,False
Ugy9dJPDzJXqvskz1Al4AaABAg.9Fiu1XMgKQ99GKFmhLHk6m,,,negative,0.94,disagreement,,,Equal,False
Ugy9dJPDzJXqvskz1Al4AaABAg.9Fiu1XMgKQ99vRcEDs0J2z,,,negative,0.95,disagreement,,,Equal,False
Ugx8p-VkRMUHhQquGfN4AaABAg,,,negative,0.9,disagreement,,,Equal,False
Ugx8p-VkRMUHhQquGfN4AaABAg.9Fitje79m2H9FiyNRqMPXu,,,neutral,1.0,disagreement,,,Equal,False
Ugx8p-VkRMUHhQquGfN4AaABAg.9Fitje79m2H9Fj5VgTXA7P,,,positive,0.95,disagreement,,,Equal,False
Ugx8p-VkRMUHhQquGfN4AaABAg.9Fitje79m2H9Fj9XAHeOZk,,,positive,0.95,disagreement,,,Equal,False
Ugx8p-VkRMUHhQquGfN4AaABAg.9Fitje79m2H9FjPKpjtPTu,,,negative,0.95,disagreement,,,Equal,False
Ugx8p-VkRMUHhQquGfN4AaABAg.9Fitje79m2H9FjVq1xeOQ4,,,negative,0.8,disagreement,,,Equal,False
Ugx8p-VkRMUHhQquGfN4AaABAg.9Fitje79m2H9FjY53cJ4Q2,,,negative,0.95,disagreement,,,Equal,False
Ugx8p-VkRMUHhQquGfN4AaABAg.9Fitje79m2H9FmwHAh4iEV,,,negative,0.95,disagreement,,,Equal,False
Ugx8p-VkRMUHhQquGfN4AaABAg.9Fitje79m2H9FnAUNDHLCy,,,negative,0.8,disagreement,,,Equal,False
Ugx8p-VkRMUHhQquGfN4AaABAg.9Fitje79m2H9FoKf29p5T2,,,negative,0.94,disagreement,,,Equal,False
Ugx8p-VkRMUHhQquGfN4AaABAg.9Fitje79m2H9FoNG6K5u2O,,,neutral,0.85,disagreement,,,Equal,False
Ugx8p-VkRMUHhQquGfN4AaABAg.9Fitje79m2H9FoOcINQwo8,,,negative,0.8,disagreement,,,Equal,False
Ugx8p-VkRMUHhQquGfN4AaABAg.9Fitje79m2H9FoQYe31T9b,,,positive,0.85,disagreement,,,Equal,False
Ugx8p-VkRMUHhQquGfN4AaABAg.9Fitje79m2H9vRcvQMaf7Q,,,positive,0.95,disagreement,,,Equal,False
Ugybs9tQh6H2WtpV6014AaABAg,,,negative,0.94,disagreement,,,Equal,False
Ugybs9tQh6H2WtpV6014AaABAg.9FkjTm9cDp69wz605YKZx1,,,negative,0.95,disagreement,,,Equal,False
UgwsOwEzcDPQ-AjYEs54AaABAg,,,negative,0.95,disagreement,,,Equal,False
UgzT6ETKtigfq0sSHph4AaABAg,,,negative,0.95,disagreement,,,Equal,False
UgzT6ETKtigfq0sSHph4AaABAg.9Fj0mp66nHZ9Fj3RerR8pD,,,negative,1.0,disagreement,,,Equal,False
UgzT6ETKtigfq0sSHph4AaABAg.9Fj0mp66nHZ9Fj4vFqUfVm,,,negative,0.95,disagreement,,,Equal,False
UgzT6ETKtigfq0sSHph4AaABAg.9Fj0mp66nHZ9Fj7qlyvoKG,,,negative,0.95,disagreement,,,Equal,False
UgzT6ETKtigfq0sSHph4AaABAg.9Fj0mp66nHZ9Fj9T9hNrSE,,,negative,0.95,disagreement,,,Equal,False
UgzT6ETKtigfq0sSHph4AaABAg.9Fj0mp66nHZ9FjB9dclsYs,,,negative,0.95,disagreement,,,Equal,False
UgzT6ETKtigfq0sSHph4AaABAg.9Fj0mp66nHZ9FjBo4NkhSk,,,negative,0.95,disagreement,,,Equal,False
UgzT6ETKtigfq0sSHph4AaABAg.9Fj0mp66nHZ9FjDqANWgaX,,,negative,0.95,disagreement,,,Equal,False
UgzT6ETKtigfq0sSHph4AaABAg.9Fj0mp66nHZ9FjFSTnPiM5,,,negative,0.95,disagreement,,,Equal,False
UgzT6ETKtigfq0sSHph4AaABAg.9Fj0mp66nHZ9FjG6h17pzf,,,negative,0.95,disagreement,,,Equal,False
UgzT6ETKtigfq0sSHph4AaABAg.9Fj0mp66nHZ9FjQfAx4PGv,,,negative,0.95,disagreement,,,Equal,False
UgzT6ETKtigfq0sSHph4AaABAg.9Fj0mp66nHZ9FjYymoa-20,,,negative,0.95,disagreement,,,Equal,False
UgzT6ETKtigfq0sSHph4AaABAg.9Fj0mp66nHZ9Fj_3xiyghI,,,positive,0.95,disagreement,,,Equal,False
UgzT6ETKtigfq0sSHph4AaABAg.9Fj0mp66nHZ9FjaGGVkLjX,,,positive,0.95,disagreement,,,Equal,False
UgzT6ETKtigfq0sSHph4AaABAg.9Fj0mp66nHZ9FjbLWs_e8P,,,negative,0.94,disagreement,,,Equal,False
UgzT6ETKtigfq0sSHph4AaABAg.9Fj0mp66nHZ9Fkuyndfxk4,,,positive,0.85,disagreement,,,Equal,False
UgzT6ETKtigfq0sSHph4AaABAg.9Fj0mp66nHZ9vRdJA2JpN7,,,negative,0.95,disagreement,,,Equal,False
UgzT6ETKtigfq0sSHph4AaABAg.9Fj0mp66nHZ9vRdWU2DaeK,,,positive,0.95,disagreement,,,Equal,False
UgyRwYUnbk9C6lgOTbp4AaABAg,,,negative,0.8,disagreement,,,Equal,False
UgyIkcKFFgWQZAXxIJV4AaABAg,,,negative,0.92,disagreement,,,Equal,False
UgyIkcKFFgWQZAXxIJV4AaABAg.AK7B2L8ovdPAK7mn8gggfL,,,negative,1.0,disagreement,,,Equal,False
UgyIkcKFFgWQZAXxIJV4AaABAg.AK7B2L8ovdPAK7sbWOa5v5,,,positive,0.95,disagreement,,,Equal,False
UgxtxjHrB95_XyHoJEx4AaABAg,,,negative,0.95,disagreement,,,Equal,False
Ugwc2OgT_6jcfyQZUkB4AaABAg,,,negative,0.95,disagreement,,,Equal,False
Ugwc2OgT_6jcfyQZUkB4AaABAg.AK4yLv1BAwuAK6lUF7dJBv,,,negative,0.95,disagreement,,,Equal,False
UgzA00v1JneSwkVlXxd4AaABAg,,,negative,0.94,disagreement,,,Equal,False
UgzA00v1JneSwkVlXxd4AaABAg.AK4Yi88YkTFAK62CPR35iT,,,negative,0.95,disagreement,,,Equal,False
UgzA00v1JneSwkVlXxd4AaABAg.AK4Yi88YkTFAK6wFiKuS7m,,,negative,0.95,disagreement,,,Equal,False
UgzA00v1JneSwkVlXxd4AaABAg.AK4Yi88YkTFAK7GMI8DxnU,,,negative,0.94,disagreement,,,Equal,False
UgzA00v1JneSwkVlXxd4AaABAg.AK4Yi88YkTFAK7reSPDOn-,,,negative,0.95,disagreement,,,Equal,False
UgzA00v1JneSwkVlXxd4AaABAg.AK4Yi88YkTFAKC6Kh8ulyr,,,negative,0.95,disagreement,,,Equal,False
UgwM1DF2MobpdF_JsMF4AaABAg,,,negative,0.95,disagreement,,,Equal,False
UgwM1DF2MobpdF_JsMF4AaABAg.AK4MJregdpRAK4OkhURDdO,,,negative,0.95,disagreement,,,Equal,False
UgwM1DF2MobpdF_JsMF4AaABAg.AK4MJregdpRAK4mz7k9v-8,,,negative,0.95,disagreement,,,Equal,False
UgwM1DF2MobpdF_JsMF4AaABAg.AK4MJregdpRAK61xQp1JiI,,,positive,0.95,disagreement,,,Equal,False
UgwM1DF2MobpdF_JsMF4AaABAg.AK4MJregdpRAK624F_Wudf,,,negative,0.95,disagreement,,,Equal,False
UgwM1DF2MobpdF_JsMF4AaABAg.AK4MJregdpRAK6ay1TyWzT,,,neutral,0.53,disagreement,,,Equal,False
UgwM1DF2MobpdF_JsMF4AaABAg.AK4MJregdpRAK6cLCFL2uc,,,negative,0.95,disagreement,,,Equal,False
UgwM1DF2MobpdF_JsMF4AaABAg.AK4MJregdpRAK6ckMj5sWg,,,negative,0.83,disagreement,,,Equal,False
UgwM1DF2MobpdF_JsMF4AaABAg.AK4MJregdpRAK6sSIqsVVP,,,negative,0.9,disagreement,,,Equal,False
UgwM1DF2MobpdF_JsMF4AaABAg.AK4MJregdpRAK6vGv9hW93,,,negative,0.95,disagreement,,,Equal,False
UgwM1DF2MobpdF_JsMF4AaABAg.AK4MJregdpRAK6vUVtTG4w,,,negative,0.95,disagreement,,,Equal,False
UgwM1DF2MobpdF_JsMF4AaABAg.AK4MJregdpRAK6w1xWloko,,,negative,0.95,disagreement,,,Equal,False
UgwM1DF2MobpdF_JsMF4AaABAg.AK4MJregdpRAK7md0jpa_y,,,negative,1.0,disagreement,,,Equal,False
UgwM1DF2MobpdF_JsMF4AaABAg.AK4MJregdpRAK7sQ3wVMHN,,,negative,0.95,disagreement,,,Equal,False
UgwM1DF2MobpdF_JsMF4AaABAg.AK4MJregdpRAK7tCzfh79b,,,negative,0.94,disagreement,,,Equal,False
UgwM1DF2MobpdF_JsMF4AaABAg.AK4MJregdpRAK7xz_TTXxm,,,negative,0.95,disagreement,,,Equal,False
UgwM1DF2MobpdF_JsMF4AaABAg.AK4MJregdpRAKC6Rpf2UKG,,,negative,0.95,disagreement,,,Equal,False
UgwM1DF2MobpdF_JsMF4AaABAg.AK4MJregdpRAKC6T4f_oL-,,,negative,0.95,disagreement,,,Equal,False
UgwM1DF2MobpdF_JsMF4AaABAg.AK4MJregdpRAKCAiFlda_8,,,negative,0.94,disagreement,,,Equal,False
UgwM1DF2MobpdF_JsMF4AaABAg.AK4MJregdpRAKCCJQeItsV,,,negative,0.95,disagreement,,,Equal,False
Ugxm207EbJKCgFKW0bl4AaABAg,,,negative,0.95,disagreement,,,Equal,False
Ugxm207EbJKCgFKW0bl4AaABAg.AK6oXwdD8X6AK6weal-JpO,,,negative,0.95,disagreement,,,Equal,False
UgxM1wbaYnfQE07K9u54AaABAg,,,negative,0.94,disagreement,,,Equal,False
UgxM1wbaYnfQE07K9u54AaABAg.AK6kKWMYCtbAK6tn4FR4BJ,,,negative,0.9,disagreement,,,Equal,False
UgxM1wbaYnfQE07K9u54AaABAg.AK6kKWMYCtbAK7mWSSBXCy,,,negative,1.0,disagreement,,,Equal,False
UgxM1wbaYnfQE07K9u54AaABAg.AK6kKWMYCtbAK87fP2YQZZ,,,negative,0.95,disagreement,,,Equal,False
UgxM1wbaYnfQE07K9u54AaABAg.AK6kKWMYCtbAKC6EMc_M9m,,,negative,1.0,disagreement,,,Equal,False
UgxM1wbaYnfQE07K9u54AaABAg.AK6kKWMYCtbAKC6FU7u3NG,,,negative,1.0,disagreement,,,Equal,False
UgxM1wbaYnfQE07K9u54AaABAg.AK6kKWMYCtbAKC6GtuNl4L,,,negative,0.94,disagreement,,,Equal,False
UgxM1wbaYnfQE07K9u54AaABAg.AK6kKWMYCtbAKC8HDmTysQ,,,negative,0.95,disagreement,,,Equal,False
UgzSGdoQv1qmuzFteHB4AaABAg,,,positive,0.95,disagreement,,,Equal,False
UgzSGdoQv1qmuzFteHB4AaABAg.AK7D_QbB45UAKC6811cgDy,,,negative,1.0,disagreement,,,Equal,False
UgzSGdoQv1qmuzFteHB4AaABAg.AK7D_QbB45UAKMDTjbBH62,,,positive,0.95,disagreement,,,Equal,False
UgzSGdoQv1qmuzFteHB4AaABAg.AK7D_QbB45UAKMJ725v3ox,,,negative,1.0,disagreement,,,Equal,False
UgzSGdoQv1qmuzFteHB4AaABAg.AK7D_QbB45UAKMJ7iMgLkH,,,negative,1.0,disagreement,,,Equal,False
UgxVKq1xmKkSA-dZDMB4AaABAg,,,negative,0.95,disagreement,,,Equal,False
UgwPEAhN12CEQfjewzt4AaABAg,,,positive,1.0,disagreement,,,Equal,False
Ugyxxt2px-3DbNYsRV54AaABAg,,,positive,0.95,disagreement,,,Equal,False
UgzkPym7T8N38q4gC2N4AaABAg,,,negative,0.95,disagreement,,,Equal,False
UgyGa-hutPAYrd6IXzx4AaABAg,,,negative,0.95,disagreement,,,Equal,False
UgzXGE2OaDybWUb90lZ4AaABAg,,,positive,0.95,disagreement,,,Equal,False
UgzXGE2OaDybWUb90lZ4AaABAg.9Fj9pOb5ln19FmxnbElf6X,,,positive,0.95,disagreement,,,Equal,False
UgyQDMWARAgzwaiYbOF4AaABAg,,,negative,0.95,disagreement,,,Equal,False
UgzZt20673hY9QjlbRV4AaABAg,,,negative,0.95,disagreement,,,Equal,False
UgwO3C_PAADy5_mrY-B4AaABAg,,,positive,0.95,disagreement,,,Equal,False
UgwO3C_PAADy5_mrY-B4AaABAg.9FxqjHrp7R29Gnogz64jfc,,,negative,1.0,disagreement,,,Equal,False
UgwO3C_PAADy5_mrY-B4AaABAg.9FxqjHrp7R29GnpIB09_5p,,,positive,0.95,disagreement,,,Equal,False
UgwO3C_PAADy5_mrY-B4AaABAg.9FxqjHrp7R29cfAGuxSUzE,,,positive,0.95,disagreement,,,Equal,False
UgwNqAzVFXmClG3fPfF4AaABAg,,,negative,0.94,disagreement,,,Equal,False
UgzISSicW5Ej6eBuZS94AaABAg,,,positive,0.95,disagreement,,,Equal,False
UgzvrLU9reRxr_iXbV54AaABAg,,,neutral,1.0,disagreement,,,Equal,False
Ugx4lvBFhXj0OhPYnPh4AaABAg,,,negative,0.95,disagreement,,,Equal,False
Ugwz2d8pL6t7ZnOnbvB4AaABAg,,,negative,0.95,disagreement,,,Equal,False
Ugwz2d8pL6t7ZnOnbvB4AaABAg.8lsV58crgwO8ls_27iJQYT,,,neutral,1.0,disagreement,,,Equal,False
Ugwz2d8pL6t7ZnOnbvB4AaABAg.8lsV58crgwO8ltDK2Sv7DN,,,positive,0.95,disagreement,,,Equal,False
Ugwz2d8pL6t7ZnOnbvB4AaABAg.8lsV58crgwO8ltSK9UP1_J,,,positive,0.95,disagreement,,,Equal,False
Ugwz2d8pL6t7ZnOnbvB4AaABAg.8lsV58crgwO8luSJO5kEcs,,,neutral,0.85,disagreement,,,Equal,False
Ugwz2d8pL6t7ZnOnbvB4AaABAg.8lsV58crgwO8m-7yIIXSrI,,,negative,0.95,disagreement,,,Equal,False
UgwpzQhqoC4JmNlsXnh4AaABAg,,,negative,0.95,disagreement,,,Equal,False
Ugx1ZGoMy-V2Xi5O_vR4AaABAg,,,negative,0.92,disagreement,,,Equal,False
Ugzw7rYZ1SaM2MUF3id4AaABAg,,,negative,0.93,disagreement,,,Equal,False
UgyG7Is_JA-xdBAie1V4AaABAg,,,negative,0.95,disagreement,,,Equal,False
Ugz0R5czreesWlHhDml4AaABAg,,,negative,0.94,disagreement,,,Equal,False
UgzkY1wMFkv3jfJxiOl4AaABAg,,,negative,1.0,disagreement,,,Equal,False
UgzD_rqPQxSOvwi-MWB4AaABAg,,,negative,0.95,disagreement,,,Equal,False
UgyfpZiAVMCNBXafBi54AaABAg,,,neutral,1.0,disagreement,,,Equal,False
UgzQJczKmcUyNQ1esEt4AaABAg,,,negative,0.95,disagreement,,,Equal,False
UgzQJczKmcUyNQ1esEt4AaABAg.9eOs0VR2enj9eQVCmykU5N,,,negative,1.0,disagreement,,,Equal,False
UgzQJczKmcUyNQ1esEt4AaABAg.9eOs0VR2enj9eVWrValel2,,,negative,0.9,disagreement,,,Equal,False
UgzQJczKmcUyNQ1esEt4AaABAg.9eOs0VR2enj9eWMgmkf2oT,,,negative,0.95,disagreement,,,Equal,False
UgzQJczKmcUyNQ1esEt4AaABAg.9eOs0VR2enj9uaY6eNtu2d,,,negative,0.95,disagreement,,,Equal,False
UgzbqfsnRBrXU9rc3dF4AaABAg,,,negative,0.95,disagreement,,,Equal,False
UgzFVJ1n4z69zrROmjl4AaABAg,,,negative,0.95,disagreement,,,Equal,False
UgzFVJ1n4z69zrROmjl4AaABAg.9eQHHctLosM9eQHYP0222w,,,positive,0.95,disagreement,,,Equal,False
UgzFVJ1n4z69zrROmjl4AaABAg.9eQHHctLosM9eQVXyXLzXZ,,,negative,0.95,disagreement,,,Equal,False
UgzFVJ1n4z69zrROmjl4AaABAg.9eQHHctLosM9eWMSAml3vz,,,negative,0.95,disagreement,,,Equal,False
UgzFVJ1n4z69zrROmjl4AaABAg.9eQHHctLosM9uaYIyuAu-3,,,negative,0.95,disagreement,,,Equal,False
UgyvgVzH3ukWdTrm7KN4AaABAg,,,negative,0.95,disagreement,,,Equal,False
UgyGt0khRpy3rlglzNJ4AaABAg,,,negative,0.95,disagreement,,,Equal,False
UgyGt0khRpy3rlglzNJ4AaABAg.AJEcMv2tzhTAJEin7mmxXr,,,negative,0.94,disagreement,,,Equal,False
UgyGt0khRpy3rlglzNJ4AaABAg.AJEcMv2tzhTAJEom-1zSjV,,,negative,0.9,disagreement,,,Equal,False
UgyLEPB2U_bTbqoWffF4AaABAg,,,negative,0.99,disagreement,,,Equal,False
Ugz2pbDF5laGhF4eS3x4AaABAg,,,negative,0.95,disagreement,,,Equal,False
UgyOSVfpaqsy4tdt3tl4AaABAg,,,positive,0.95,disagreement,,,Equal,False
UgzayfZI1dvs1Tp-m8x4AaABAg,,,negative,1.0,disagreement,,,Equal,False
UgwgbCu2FOB7pRwXzat4AaABAg,,,negative,0.8,disagreement,,,Equal,False
UgzAWG4GdnkPHBekF0N4AaABAg,,,negative,0.8,disagreement,,,Equal,False
UgxK3E51XnidQrt6Oct4AaABAg,,,negative,0.95,disagreement,,,Equal,False
UgxK3E51XnidQrt6Oct4AaABAg.9lv8Ux7K1lB9tI2xgi_wKZ,,,negative,1.0,disagreement,,,Equal,False
UgzZ3pTThONsISK888h4AaABAg,,,negative,0.95,disagreement,,,Equal,False
UgzZ3pTThONsISK888h4AaABAg.9lvRTA4L8F89tI3hqdKz7x,,,negative,0.94,disagreement,,,Equal,False
Ugwfj8CD1ulSVa-dGgh4AaABAg,,,negative,0.95,disagreement,,,Equal,False
UgzpYyhJGiJWzVP3gFp4AaABAg,,,negative,0.94,disagreement,,,Equal,False
UgzpYyhJGiJWzVP3gFp4AaABAg.9lv90qmNOmG9tI3VgwBnQs,,,negative,0.95,disagreement,,,Equal,False
Ugw-ZvbQ7C8-4jvxjil4AaABAg,,,positive,0.95,disagreement,,,Equal,False
Ugw-ZvbQ7C8-4jvxjil4AaABAg.9o03NrHwu2O9o03QmK_jiR,,,positive,0.95,disagreement,,,Equal,False
UgwmzuGoJfZ3KMXPLmV4AaABAg,,,negative,0.95,disagreement,,,Equal,False
Ugw0ynHBFyh5SZLhB_V4AaABAg,,,negative,0.95,disagreement,,,Equal,False
UgzFF6Oiv_pnyTzkqaJ4AaABAg,,,positive,0.95,disagreement,,,Equal,False
UgwvuofRhJSAX-8QaZt4AaABAg,,,negative,0.95,disagreement,,,Equal,False
UgzW5Xz5kyksbAMH2bl4AaABAg,,,negative,0.94,disagreement,,,Equal,False
UgxIVFRlXivZSwph0bh4AaABAg,,,negative,0.94,disagreement,,,Equal,False
Ugw_XnwtO_-VJs-9qWJ4AaABAg,,,negative,0.95,disagreement,,,Equal,False
UgwIJQzoK0hymis2KPZ4AaABAg,,,negative,1.0,disagreement,,,Equal,False
UgxMwXjXCTYa-g1czbJ4AaABAg,,,negative,0.95,disagreement,,,Equal,False
Ugw8s4uY8HA9x1Q9c0J4AaABAg,,,positive,0.95,disagreement,,,Equal,False
Ugyn86iF_csjOTqaGeB4AaABAg,,,negative,0.95,disagreement,,,Equal,False
Ugyn86iF_csjOTqaGeB4AaABAg.9qiE-qViAry9qiHBvrc5Lu,,,negative,0.95,disagreement,,,Equal,False
Ugyn86iF_csjOTqaGeB4AaABAg.9qiE-qViAry9qjwH9VgVbT,,,negative,1.0,disagreement,,,Equal,False
UgzHdwyzO5DBHkQaNzR4AaABAg,,,neutral,0.85,disagreement,,,Equal,False
UgzHdwyzO5DBHkQaNzR4AaABAg.9qiEGNAkqt79qiGvBXE7VO,,,positive,0.95,disagreement,,,Equal,False
Ugxx26WYpUsKbqjFwih4AaABAg,,,negative,0.95,disagreement,,,Equal,False
UgwYk6OH8_mXMyDBU2h4AaABAg,,,negative,1.0,disagreement,,,Equal,False
UgwvGCX81pSMdZ5CkzN4AaABAg,,,neutral,0.88,disagreement,,,Equal,False
UgwvGCX81pSMdZ5CkzN4AaABAg.9q41Oy9Vs379r7C18BJXUr,,,neutral,0.85,disagreement,,,Equal,False
UgwjZ3hgCp3XHcHoqK94AaABAg,,,negative,0.94,disagreement,,,Equal,False
Ugw9WLJZ0pIQYMCFRap4AaABAg,,,neutral,1.0,disagreement,,,Equal,False
Ugw9WLJZ0pIQYMCFRap4AaABAg.8x5MwetbUuN9wfF82soyyd,,,negative,0.95,disagreement,,,Equal,False
Ugxuke39MrgHp83hcd54AaABAg,,,negative,0.95,disagreement,,,Equal,False
Ugxuke39MrgHp83hcd54AaABAg.8x5MyWo3qx99wfEFeP43em,,,negative,1.0,disagreement,,,Equal,False
Ugxe2sUk-G9GMkWd5dh4AaABAg,,,neutral,0.98,disagreement,,,Equal,False
Ugxe2sUk-G9GMkWd5dh4AaABAg.9sOwn3hL1xD9sOyYw4PsgS,,,negative,0.95,disagreement,,,Equal,False
UgxftCLEtlfNLpd1th54AaABAg,,,negative,1.0,disagreement,,,Equal,False
UgxftCLEtlfNLpd1th54AaABAg.9sQT1-gWO_d9sQwm1DV7w_,,,negative,0.95,disagreement,,,Equal,False
UgxYgoCWr6YpfKANZ1V4AaABAg,,,positive,0.95,disagreement,,,Equal,False
UgzdWEUgaK1Re7OFHFJ4AaABAg,,,negative,0.94,disagreement,,,Equal,False
UgzdWEUgaK1Re7OFHFJ4AaABAg.9r0YcKTIqyu9r1GJPS-IDZ,,,negative,0.95,disagreement,,,Equal,False
Ugw8EwV_pnNoh3AbzUl4AaABAg,,,negative,1.0,disagreement,,,Equal,False
UgzMPq4HbIQ1LDQTld54AaABAg,,,negative,0.94,disagreement,,,Equal,False
UgzWypO2zbnDMHdldZB4AaABAg,,,negative,0.95,disagreement,,,Equal,False
Ugwv8cKP7FTzEck2IoJ4AaABAg,,,negative,0.95,disagreement,,,Equal,False
UgzlGHl91Fez-oo4QEt4AaABAg,,,positive,0.95,disagreement,,,Equal,False
UgyZFa1z5ryZ-yyzMMx4AaABAg,,,negative,0.95,disagreement,,,Equal,False
Ugy-5hqPS2vFkF8GWEJ4AaABAg,,,negative,0.95,disagreement,,,Equal,False
UgyvSYaudybz3gbdHS14AaABAg,,,negative,0.95,disagreement,,,Equal,False
Ugz5aLIfRheHasF9Ybp4AaABAg,,,neutral,0.85,disagreement,,,Equal,False
UgwLsYCaDBUg8BJmeBB4AaABAg,,,negative,1.0,disagreement,,,Equal,False
UgyAuHjWqZN1H8JTXnF4AaABAg,,,negative,0.95,disagreement,,,Equal,False
Ugxr7evIOs7PbMMTw414AaABAg,,,negative,0.95,disagreement,,,Equal,False
UgwyDsiYUPH7n2vRJCB4AaABAg,,,positive,0.95,disagreement,,,Equal,False
UgwV7g40EOXlT8oXFwt4AaABAg,,,neutral,0.85,disagreement,,,Equal,False
UgyHHBAD6koxv2r-Zsh4AaABAg,,,positive,0.95,disagreement,,,Equal,False
Ugxmt6xLO0EomXZW1cR4AaABAg,,,negative,0.95,disagreement,,,Equal,False
UgxCtcXvGhOL3U8UcuB4AaABAg,,,negative,0.8,disagreement,,,Equal,False
Ugy_f9NIRzyvPPcIzRZ4AaABAg,,,negative,0.95,disagreement,,,Equal,False
Ugz6e_TnFkSGIQf0Vq14AaABAg,,,negative,0.94,disagreement,,,Equal,False
Ugz6e_TnFkSGIQf0Vq14AaABAg.ABSrqreM2d0ABTW8kpjDoj,,,negative,0.95,disagreement,,,Equal,False
UgwR7x7ro66eDyBe51l4AaABAg,,,neutral,0.48,disagreement,,,Equal,False
UgxAAxWTaey9uFBANRt4AaABAg,,,negative,0.9,disagreement,,,Equal,False
UgzuLXhZ5SJLIQllxm54AaABAg,,,negative,0.95,disagreement,,,Equal,False
UgxVbVZ8EgTA9j8ZNm94AaABAg,,,negative,0.95,disagreement,,,Equal,False
UgyHMZ3YpLovALv2-wd4AaABAg,,,negative,0.94,disagreement,,,Equal,False
UgwasNE5uZwKkWTzWed4AaABAg,,,negative,1.0,disagreement,,,Equal,False
Ugy4ORju8PDe0Qk5e6t4AaABAg,,,negative,0.8,disagreement,,,Equal,False
UgzRqRH52nEAp7oxAKh4AaABAg,,,negative,0.94,disagreement,,,Equal,False
Ugxg6Rw5oLPvvCDIO9l4AaABAg,,,negative,0.95,disagreement,,,Equal,False
UgynaWr5zTcMV9wb-r54AaABAg,,,negative,0.95,disagreement,,,Equal,False
Ugz1mMDHgqtjM69Uv1p4AaABAg,,,positive,0.95,disagreement,,,Equal,False
UgxUOaM9lfQceE2pgCh4AaABAg,,,negative,0.95,disagreement,,,Equal,False
Ugx0uqZbJpOcCCCUn414AaABAg,,,negative,1.0,disagreement,,,Equal,False
UgwoiH-R26rIs799yV14AaABAg,,,negative,0.95,disagreement,,,Equal,False
UgwoiH-R26rIs799yV14AaABAg.ABRetDeQHtvABTol6RFELw,,,positive,0.95,disagreement,,,Equal,False
UgyLVg_vS4NzYW3Nzbh4AaABAg,,,negative,0.95,disagreement,,,Equal,False
UgyLVg_vS4NzYW3Nzbh4AaABAg.9XStN0DfDpr9uH8cJNi-lA,,,positive,0.95,disagreement,,,Equal,False
UgyypxifcuEjr9ABktJ4AaABAg,,,negative,0.95,disagreement,,,Equal,False
UgylILYXg2nnGHqalxB4AaABAg,,,negative,0.95,disagreement,,,Equal,False
UgydGWCMaNwXaPnaQwZ4AaABAg,,,negative,0.95,disagreement,,,Equal,False
UgyK5_kCDD27mzlbuCp4AaABAg,,,negative,0.95,disagreement,,,Equal,False
UgyK5_kCDD27mzlbuCp4AaABAg.9XR71u8NNp59uH8LIKq5UQ,,,negative,0.95,disagreement,,,Equal,False
UgwjZvGrUxF5FZnys4d4AaABAg,,,negative,0.9,disagreement,,,Equal,False
UgwjZvGrUxF5FZnys4d4AaABAg.9XQtz2wJKt19XR6vaeWH-R,,,negative,0.95,disagreement,,,Equal,False
UgwjZvGrUxF5FZnys4d4AaABAg.9XQtz2wJKt19XREC4t0yJy,,,negative,0.94,disagreement,,,Equal,False
UgwjZvGrUxF5FZnys4d4AaABAg.9XQtz2wJKt19XRLS4jmbdn,,,negative,0.95,disagreement,,,Equal,False
UgwjZvGrUxF5FZnys4d4AaABAg.9XQtz2wJKt19XRRqeuqpyt,,,negative,0.95,disagreement,,,Equal,False
UgwjZvGrUxF5FZnys4d4AaABAg.9XQtz2wJKt19XRShIsyMcQ,,,negative,0.95,disagreement,,,Equal,False
UgwjZvGrUxF5FZnys4d4AaABAg.9XQtz2wJKt19XRWPS-254l,,,negative,0.95,disagreement,,,Equal,False
UgwjZvGrUxF5FZnys4d4AaABAg.9XQtz2wJKt19XRYb8AguSV,,,negative,0.95,disagreement,,,Equal,False
UgwjZvGrUxF5FZnys4d4AaABAg.9XQtz2wJKt19XRYvOg-zIr,,,neutral,0.85,disagreement,,,Equal,False
UgwjZvGrUxF5FZnys4d4AaABAg.9XQtz2wJKt19XRZ3h0PbuB,,,neutral,0.89,disagreement,,,Equal,False
UgwjZvGrUxF5FZnys4d4AaABAg.9XQtz2wJKt19XR_WbnTMXZ,,,negative,0.95,disagreement,,,Equal,False
UgwjZvGrUxF5FZnys4d4AaABAg.9XQtz2wJKt19XRxfPGdbOS,,,negative,0.94,disagreement,,,Equal,False
UgwjZvGrUxF5FZnys4d4AaABAg.9XQtz2wJKt19XYDZXwp4ld,,,positive,0.95,disagreement,,,Equal,False
UgwjZvGrUxF5FZnys4d4AaABAg.9XQtz2wJKt19uH90X9jbei,,,negative,0.94,disagreement,,,Equal,False
UgyKMmTKpPW7erXF06F4AaABAg,,,negative,0.95,disagreement,,,Equal,False
Ugxxbw_1-6XNDVAsgPd4AaABAg,,,positive,0.95,disagreement,,,Equal,False
Ugxxbw_1-6XNDVAsgPd4AaABAg.9cuJUhRifdH9cuYcwpt_3n,,,neutral,0.85,disagreement,,,Equal,False
Ugxxbw_1-6XNDVAsgPd4AaABAg.9cuJUhRifdH9cvO5t0xcVo,,,negative,0.9,disagreement,,,Equal,False
Ugxxbw_1-6XNDVAsgPd4AaABAg.9cuJUhRifdH9cvOC76F3Nn,,,neutral,0.85,disagreement,,,Equal,False
Ugxxbw_1-6XNDVAsgPd4AaABAg.9cuJUhRifdH9cvRQOrpa4G,,,negative,0.95,disagreement,,,Equal,False
Ugxxbw_1-6XNDVAsgPd4AaABAg.9cuJUhRifdH9cvRa9_o4DK,,,neutral,0.85,disagreement,,,Equal,False
Ugxxbw_1-6XNDVAsgPd4AaABAg.9cuJUhRifdH9cvRhyAS1da,,,negative,0.95,disagreement,,,Equal,False
Ugxxbw_1-6XNDVAsgPd4AaABAg.9cuJUhRifdH9cwfWbO0OWT,,,negative,0.94,disagreement,,,Equal,False
Ugxxbw_1-6XNDVAsgPd4AaABAg.9cuJUhRifdH9wA-1PNSenX,,,negative,0.95,disagreement,,,Equal,False
UgwWQUjYzzC-ifZ1_Fx4AaABAg,,,negative,0.94,disagreement,,,Equal,False
UgwWQUjYzzC-ifZ1_Fx4AaABAg.9cuE198N7hi9w9zctBRLzq,,,neutral,0.85,disagreement,,,Equal,False
Ugwcrofg3yjlj1v_IpR4AaABAg,,,negative,0.95,disagreement,,,Equal,False
Ugwcrofg3yjlj1v_IpR4AaABAg.9prL7p_jVcY9prW49sIW3B,,,negative,0.95,disagreement,,,Equal,False
Ugwcrofg3yjlj1v_IpR4AaABAg.9prL7p_jVcY9prZZHp4esy,,,negative,0.95,disagreement,,,Equal,False
Ugwcrofg3yjlj1v_IpR4AaABAg.9prL7p_jVcY9prclr-g_oZ,,,negative,0.95,disagreement,,,Equal,False
Ugwcrofg3yjlj1v_IpR4AaABAg.9prL7p_jVcY9puA7PAUcPM,,,negative,0.94,disagreement,,,Equal,False
Ugwcrofg3yjlj1v_IpR4AaABAg.9prL7p_jVcY9puASUvYyIf,,,negative,0.95,disagreement,,,Equal,False
Ugwcrofg3yjlj1v_IpR4AaABAg.9prL7p_jVcY9puCq5KdtcC,,,negative,0.95,disagreement,,,Equal,False
Ugwcrofg3yjlj1v_IpR4AaABAg.9prL7p_jVcY9pyQLJAxcxz,,,neutral,0.85,disagreement,,,Equal,False
Ugwcrofg3yjlj1v_IpR4AaABAg.9prL7p_jVcY9pyVQnZzvFP,,,negative,0.95,disagreement,,,Equal,False
UgysC1yIQ2Yn5zTiGhd4AaABAg,,,positive,0.85,disagreement,,,Equal,False
Ugzc-BPxPjbqGjSp-td4AaABAg,,,negative,1.0,disagreement,,,Equal,False
Ugws-AbGli_KfGPaVuN4AaABAg,,,negative,1.0,disagreement,,,Equal,False
Ugws-AbGli_KfGPaVuN4AaABAg.9cwRYAkLF939cwS85TcuzC,,,negative,0.95,disagreement,,,Equal,False
Ugws-AbGli_KfGPaVuN4AaABAg.9cwRYAkLF939cwSLDooEBe,,,negative,0.95,disagreement,,,Equal,False
Ugws-AbGli_KfGPaVuN4AaABAg.9cwRYAkLF939cwSnG4Y1a9,,,negative,0.95,disagreement,,,Equal,False
Ugws-AbGli_KfGPaVuN4AaABAg.9cwRYAkLF939cwTh392JOE,,,negative,0.95,disagreement,,,Equal,False
Ugws-AbGli_KfGPaVuN4AaABAg.9cwRYAkLF939cwUh-PDc1n,,,negative,0.95,disagreement,,,Equal,False
Ugws-AbGli_KfGPaVuN4AaABAg.9cwRYAkLF939cwhFDKXHqp,,,negative,0.95,disagreement,,,Equal,False
Ugws-AbGli_KfGPaVuN4AaABAg.9cwRYAkLF939d3Qt4NSO4s,,,negative,1.0,disagreement,,,Equal,False
Ugws-AbGli_KfGPaVuN4AaABAg.9cwRYAkLF939d3Uo0inBAL,,,negative,0.95,disagreement,,,Equal,False
Ugz0ba0GAjsk4f4n2uB4AaABAg,,,negative,0.95,disagreement,,,Equal,False
UgyaFICqvCigJGI4ejt4AaABAg,,,negative,0.85,disagreement,,,Equal,False
UgyaFICqvCigJGI4ejt4AaABAg.9H5B9GLDtTv9H61Y_4Q98O,,,negative,0.95,disagreement,,,Equal,False
UgzWYzxB4FE8wIf9XP14AaABAg,,,negative,1.0,disagreement,,,Equal,False
UgyQtvU7qQbuWPMlSSt4AaABAg,,,negative,0.95,disagreement,,,Equal,False
UgyD36i6cLsdqTL1Knp4AaABAg,,,negative,1.0,disagreement,,,Equal,False
UgzHb59xrtHAtzArsUJ4AaABAg,,,positive,0.95,disagreement,,,Equal,False
Ugwjad1xUq7yXjUcejN4AaABAg,,,positive,0.95,disagreement,,,Equal,False
UgzR-IxvISIlqBizj1R4AaABAg,,,negative,0.95,disagreement,,,Equal,False
UgzR-IxvISIlqBizj1R4AaABAg.9cevVomGAEY9cf6V6jYewa,,,negative,0.95,disagreement,,,Equal,False
Ugy7q-uarVBrhUILqkN4AaABAg,,,negative,0.94,disagreement,,,Equal,False
UgxMpgSpVKc8n-oyJAR4AaABAg,,,negative,0.94,disagreement,,,Equal,False
UgxK3Wij57hyCHpVTrl4AaABAg,,,positive,0.95,disagreement,,,Equal,False
UgyCkM-TnkLHYYaSlHx4AaABAg,,,negative,0.92,disagreement,,,Equal,False
UgyCkM-TnkLHYYaSlHx4AaABAg.9Khn9d_KNq29KkWfS1nELF,,,positive,0.55,disagreement,,,Equal,False
Ugxxd4X8NqXVBawLsIl4AaABAg,,,positive,0.95,disagreement,,,Equal,False
Ugy_ilj1Jmsw6Ts52k94AaABAg,,,negative,0.95,disagreement,,,Equal,False
UgzZXULbGVLVDXbnT3h4AaABAg,,,negative,0.95,disagreement,,,Equal,False
UgyOqx00ANOnS-euWKF4AaABAg,,,negative,0.95,disagreement,,,Equal,False
Ugyp2a5tLIrQRTZg9dF4AaABAg,,,positive,0.95,disagreement,,,Equal,False
UgzpaAf_2pbweAAqQD94AaABAg,,,positive,0.95,disagreement,,,Equal,False
UgzpaAf_2pbweAAqQD94AaABAg.8hoTNdnWNed8i3-9yKbkIF,,,neutral,0.85,disagreement,,,Equal,False
Ugxj39j_gA6WZMClFE54AaABAg,,,positive,0.95,disagreement,,,Equal,False
UgxQ8y77bxuFexTpGfh4AaABAg,,,negative,0.95,disagreement,,,Equal,False
Ugz6nATheVwXospG29h4AaABAg,,,positive,0.95,disagreement,,,Equal,False
UgzpTwKQDWhP5VIwKOx4AaABAg,,,positive,0.95,disagreement,,,Equal,False
Ugzrb4h3YJev2OlA3ZF4AaABAg,,,positive,0.95,disagreement,,,Equal,False
Ugy1GyE5gGVDevYhpat4AaABAg,,,neutral,0.85,disagreement,,,Equal,False
Ugz0wzoInN0YFeNY-fN4AaABAg,,,negative,0.95,disagreement,,,Equal,False
Ugz0wzoInN0YFeNY-fN4AaABAg.8hpi8RJqkcx8hru0gLSE3l,,,negative,0.8,disagreement,,,Equal,False
Ugw4Iha0zwcT9pFsyRx4AaABAg,,,positive,0.85,disagreement,,,Equal,False
Ugzn8oilRccS7juZT614AaABAg,,,negative,0.95,disagreement,,,Equal,False
Ugzn8oilRccS7juZT614AaABAg.8hpwqB1TMVz8i0aXFrIZcR,,,negative,1.0,disagreement,,,Equal,False
Ugzd01U1YTAayHcnblp4AaABAg,,,neutral,0.85,disagreement,,,Equal,False
UgwP2JahUKx3MbL5XUB4AaABAg,,,negative,0.95,disagreement,,,Equal,False
UgzG174XJQhtdO5BZzF4AaABAg,,,negative,0.94,disagreement,,,Equal,False
UgzNi4L09SJwRxYP6Wl4AaABAg,,,positive,0.85,disagreement,,,Equal,False
UgzQmGclzoUnG_5Z1SN4AaABAg,,,negative,0.95,disagreement,,,Equal,False
Ugx9hZs0gnozJu8w2294AaABAg,,,negative,0.95,disagreement,,,Equal,False
Ugx9hZs0gnozJu8w2294AaABAg.8hoYueUF3du8hpL0UOYUQb,,,negative,0.95,disagreement,,,Equal,False
Ugx9hZs0gnozJu8w2294AaABAg.8hoYueUF3du8hpzfrGBipb,,,negative,0.95,disagreement,,,Equal,False
Ugx9hZs0gnozJu8w2294AaABAg.8hoYueUF3du8hq-q1-s7FS,,,negative,0.95,disagreement,,,Equal,False
Ugx9hZs0gnozJu8w2294AaABAg.8hoYueUF3du8hqRRoUIVzq,,,negative,0.95,disagreement,,,Equal,False
Ugx9hZs0gnozJu8w2294AaABAg.8hoYueUF3du8hqSesSNAd8,,,negative,0.95,disagreement,,,Equal,False
UgyqevDORgN_4HLXkN94AaABAg,,,negative,0.95,disagreement,,,Equal,False
Ugy8j2jEKoSA8i9ZNQB4AaABAg,,,negative,0.8,disagreement,,,Equal,False
UgwWwMcdxWN8ZfoPgbR4AaABAg,,,negative,0.95,disagreement,,,Equal,False
UgyCKVBXjWDHsdQtKUJ4AaABAg,,,negative,0.92,disagreement,,,Equal,False
UgypUQTJia9dMPsuhXl4AaABAg,,,negative,0.94,disagreement,,,Equal,False
UgwdhuvzIYtGEhowhWF4AaABAg,,,negative,0.8,disagreement,,,Equal,False
UgwdhuvzIYtGEhowhWF4AaABAg.8hvo3cxJBCy8hyMTufBcWN,,,positive,0.95,disagreement,,,Equal,False
Ugw3hLUwbByeOymQo9d4AaABAg,,,negative,0.8,disagreement,,,Equal,False
UgwNidGCHdHHFr06mHx4AaABAg,,,negative,0.95,disagreement,,,Equal,False
Ugwq8wFarSyytKsrxpd4AaABAg,,,neutral,0.85,disagreement,,,Equal,False
UgwoOKFq7nyqlRl7VaB4AaABAg,,,negative,0.95,disagreement,,,Equal,False
UgytBfn7rvDN5PkEdu14AaABAg,,,negative,1.0,disagreement,,,Equal,False
UgxgwynRLevdhGsw2dN4AaABAg,,,negative,0.83,disagreement,,,Equal,False
Ugx7yznEMAE3voGlJjR4AaABAg,,,negative,0.95,disagreement,,,Equal,False
UgxgOxPxebyClE-mKSF4AaABAg,,,negative,0.94,disagreement,,,Equal,False
UgxLEqkKIIqIhklv0VV4AaABAg,,,negative,0.95,disagreement,,,Equal,False
UgxLEqkKIIqIhklv0VV4AaABAg.8hvq-VP4_af8i0b40o8Ccb,,,negative,1.0,disagreement,,,Equal,False
Ugw5KfTdfugmaOGcFfx4AaABAg,,,negative,0.83,disagreement,,,Equal,False
Ugw5KfTdfugmaOGcFfx4AaABAg.8hpdaw5BN1l8ht9psI_aPV,,,negative,0.95,disagreement,,,Equal,False
Ugxi7d2yhLso_uXq3XR4AaABAg,,,positive,1.0,disagreement,,,Equal,False
UgwW9emhmbUcA-TG-IR4AaABAg,,,positive,1.0,disagreement,,,Equal,False
UgyxPvl4fB0JJEzvO-B4AaABAg,,,positive,0.95,disagreement,,,Equal,False
UgybiwFZ_bax9FeFxsl4AaABAg,,,positive,1.0,disagreement,,,Equal,False
UgyQ-ztMg0m1woZDOVF4AaABAg,,,neutral,0.85,disagreement,,,Equal,False
UgwjNoCtWGLsl3OP0pp4AaABAg,,,positive,0.95,disagreement,,,Equal,False
UgxzbvjyVWH7jb0Jx9J4AaABAg,,,positive,0.95,disagreement,,,Equal,False
UgwJvdReC0b35ZmrTHx4AaABAg,,,negative,0.95,disagreement,,,Equal,False
UgwxRcexZ6HOJIjPG-x4AaABAg,,,negative,0.95,disagreement,,,Equal,False
Ugxo0HZtBPI9IfWejg54AaABAg,,,positive,0.95,disagreement,,,Equal,False
Ugx7yCE_m3IeKjyrp2B4AaABAg,,,negative,0.95,disagreement,,,Equal,False
Ugx7yCE_m3IeKjyrp2B4AaABAg.AJcZ3-uXnrGAJca_AiTSZB,,,negative,0.94,disagreement,,,Equal,False
Ugx7yCE_m3IeKjyrp2B4AaABAg.AJcZ3-uXnrGAJf_NhAXiIg,,,negative,0.95,disagreement,,,Equal,False
UgyYZzXSJNQp1OuDjKV4AaABAg,,,negative,0.95,disagreement,,,Equal,False
Ugx8KzMTVOyLjk9XQKd4AaABAg,,,negative,0.55,disagreement,,,Equal,False
Ugx8KzMTVOyLjk9XQKd4AaABAg.AJb3GLhBG-dAJbn9-_5Q_0,,,negative,0.95,disagreement,,,Equal,False
UgwTXEkg7BzNdPmwkpt4AaABAg,,,negative,0.95,disagreement,,,Equal,False
UgyNIeIBxR4oeNaKU5l4AaABAg,,,negative,0.95,disagreement,,,Equal,False
UgyNIeIBxR4oeNaKU5l4AaABAg.AJb41BZHRKdAJcdTqoS9CW,,,negative,1.0,disagreement,,,Equal,False
UgyH0sWlPIB7uQFlTJ54AaABAg,,,negative,0.95,disagreement,,,Equal,False
UgyH0sWlPIB7uQFlTJ54AaABAg.9cf4V5zti3f9cfAcPllMQO,,,negative,1.0,disagreement,,,Equal,False
UgyH0sWlPIB7uQFlTJ54AaABAg.9cf4V5zti3f9cfBW2_AJao,,,negative,0.95,disagreement,,,Equal,False
UgyH0sWlPIB7uQFlTJ54AaABAg.9cf4V5zti3f9cgGDlgalwD,,,negative,0.95,disagreement,,,Equal,False
UgyH0sWlPIB7uQFlTJ54AaABAg.9cf4V5zti3f9cgScRjvAka,,,positive,0.95,disagreement,,,Equal,False
UgyH0sWlPIB7uQFlTJ54AaABAg.9cf4V5zti3f9cjgHi975vG,,,negative,0.95,disagreement,,,Equal,False
UgyH0sWlPIB7uQFlTJ54AaABAg.9cf4V5zti3f9cjghmJr0X7,,,negative,0.95,disagreement,,,Equal,False
UgyH0sWlPIB7uQFlTJ54AaABAg.9cf4V5zti3f9clAnTdQs5u,,,negative,0.95,disagreement,,,Equal,False
UgyH0sWlPIB7uQFlTJ54AaABAg.9cf4V5zti3f9clhvMoBuI9,,,negative,1.0,disagreement,,,Equal,False
UgyXLhYmYmdiz34NnYV4AaABAg,,,positive,0.95,disagreement,,,Equal,False
UgwAwtcGD9wNQ9YRyUt4AaABAg,,,negative,0.8,disagreement,,,Equal,False
Ugwrc2SFdlTNxCU9nst4AaABAg,,,positive,0.95,disagreement,,,Equal,False
Ugwrc2SFdlTNxCU9nst4AaABAg.9cf6QNU2q3d9cfMnv4AV_t,,,negative,0.94,disagreement,,,Equal,False
Ugwrc2SFdlTNxCU9nst4AaABAg.9cf6QNU2q3d9cfNCy8ZfM2,,,positive,0.95,disagreement,,,Equal,False
Ugwrc2SFdlTNxCU9nst4AaABAg.9cf6QNU2q3d9chdF8mAN-T,,,neutral,0.85,disagreement,,,Equal,False
Ugy4bwO4WaYysPrjQKZ4AaABAg,,,negative,0.94,disagreement,,,Equal,False
Ugyee44DtxMoIhSQ-QN4AaABAg,,,negative,0.95,disagreement,,,Equal,False
UgxCF0izl47Qn7yf81t4AaABAg,,,negative,0.95,disagreement,,,Equal,False
Ugzqg81AsKvOYLNj-qh4AaABAg,,,negative,0.95,disagreement,,,Equal,False
Ugw0MTZvunLYRSwL6ZR4AaABAg,,,negative,0.83,disagreement,,,Equal,False
Ugwf3X9i8vgdCXVNtQd4AaABAg,,,negative,1.0,disagreement,,,Equal,False
Ugz72VK_j0u6wutl6RR4AaABAg,,,negative,0.94,disagreement,,,Equal,False
UgyxTOAGZXCJgqMpAm94AaABAg,,,negative,0.95,disagreement,,,Equal,False
Ugz23Co95AvVS5nGfNB4AaABAg,,,negative,1.0,disagreement,,,Equal,False
UgxXfe9Kk2WZGw2oL8t4AaABAg,,,negative,0.94,disagreement,,,Equal,False
UgxaChS2P3S7S1hzKgd4AaABAg,,,negative,0.83,disagreement,,,Equal,False
Ugy0-69lUrwNeeqZh7V4AaABAg,,,negative,0.8,disagreement,,,Equal,False
Ugzi3JlPpIXgFlwX6Kd4AaABAg,,,negative,0.95,disagreement,,,Equal,False
UgycHd4Yl0e334IWocp4AaABAg,,,negative,0.95,disagreement,,,Equal,False
Ugx0h7w2yupJxo_hsgl4AaABAg,,,negative,0.95,disagreement,,,Equal,False
UgyppimTwBV587hKmcV4AaABAg,,,negative,0.95,disagreement,,,Equal,False
UgwcB39g3s4omfn0MPR4AaABAg,,,negative,0.95,disagreement,,,Equal,False
UgwcB39g3s4omfn0MPR4AaABAg.AN3_On7_ujsAN3dwysU3db,,,positive,0.95,disagreement,,,Equal,False
UgyiaPawwWQ_EMYmiqN4AaABAg,,,negative,0.95,disagreement,,,Equal,False
UgyDhA5yQb5jR8mGMdR4AaABAg,,,negative,0.95,disagreement,,,Equal,False
Ugyztnz5-WqrPoqdb194AaABAg,,,negative,0.95,disagreement,,,Equal,False
Ugyztnz5-WqrPoqdb194AaABAg.AN5OIN1dhaWAN5RRI1dGa5,,,negative,1.0,disagreement,,,Equal,False
UgymCMxhdTs1EcBPMmN4AaABAg,,,negative,0.95,disagreement,,,Equal,False
Ugzj5pxqEEmvBT1rkLd4AaABAg,,,negative,0.95,disagreement,,,Equal,False
Ugzj5pxqEEmvBT1rkLd4AaABAg.ANqj4Lc7pWPANqvvTSeslV,,,negative,0.9,disagreement,,,Equal,False
UgxMG5yPFRhkTcfD8Tp4AaABAg,,,negative,0.94,disagreement,,,Equal,False
UgxHVhm35vWxz7RPzbR4AaABAg,,,negative,0.92,disagreement,,,Equal,False
Ugxl1Cb015jGSuVbW9l4AaABAg,,,negative,1.0,disagreement,,,Equal,False
UgymHW_xmkL4EdeQ_hh4AaABAg,,,negative,1.0,disagreement,,,Equal,False
UgymHW_xmkL4EdeQ_hh4AaABAg.ANqbMu_qJ3PANqxmFLIPYF,,,negative,0.95,disagreement,,,Equal,False
Ugy3ZsktJQYu8bWfA2B4AaABAg,,,negative,0.95,disagreement,,,Equal,False
Ugxw9Jo_W5aSnLvNwKx4AaABAg,,,negative,0.95,disagreement,,,Equal,False
UgyyVp5qnYcP2KxMyeZ4AaABAg,,,positive,0.95,disagreement,,,Equal,False
Ugy6OPTD6kfNLJXMBhV4AaABAg,,,negative,1.0,disagreement,,,Equal,False
Ugz-OWPuguGQ2kxNsvJ4AaABAg,,,negative,1.0,disagreement,,,Equal,False
Ugwd65rdwuypY5BusSh4AaABAg,,,negative,0.94,disagreement,,,Equal,False
UgyIrwy_R7WPPjJZ0hN4AaABAg,,,positive,0.95,disagreement,,,Equal,False
Ugyhy81YE2wDcq1LmsR4AaABAg,,,positive,0.95,disagreement,,,Equal,False
UgzfFRMf7Mol9EJNQ3x4AaABAg,,,neutral,1.0,disagreement,,,Equal,False
Ugwg7tMFgV7aruaUNyF4AaABAg,,,negative,0.95,disagreement,,,Equal,False
Ugwgg9w1L22f119AYk14AaABAg,,,negative,0.95,disagreement,,,Equal,False
UgxSQYcMVRU59cHM4yp4AaABAg,,,negative,0.95,disagreement,,,Equal,False
UgwzWH5IVTxkOjEHgzl4AaABAg,,,negative,1.0,disagreement,,,Equal,False
UgwzWH5IVTxkOjEHgzl4AaABAg.ANhifBUhSjAANhrjs3tXpf,,,negative,0.95,disagreement,,,Equal,False
Ugz6ZwB4nE_YHzFVUe54AaABAg,,,negative,0.95,disagreement,,,Equal,False
Ugwcp5yzSpZUgO-ABqd4AaABAg,,,negative,0.95,disagreement,,,Equal,False
UgxHJd9pkfQBWZ6GXTJ4AaABAg,,,negative,0.95,disagreement,,,Equal,False
UgwPeDyuc4LE5yBJXiR4AaABAg,,,negative,0.95,disagreement,,,Equal,False
UgzAtaw6PGWscKck7vh4AaABAg,,,negative,0.95,disagreement,,,Equal,False
UgyBmK6huzIOLb0Va9p4AaABAg,,,negative,0.95,disagreement,,,Equal,False
UgyBmK6huzIOLb0Va9p4AaABAg.9vrVu4fzo509vrXaUqWEiD,,,negative,0.95,disagreement,,,Equal,False
UgxFTUCIut1cfpT5N8p4AaABAg,,,negative,0.95,disagreement,,,Equal,False
Ugz6AET2SoIOyCePEmd4AaABAg,,,negative,0.95,disagreement,,,Equal,False
Ugy45vr2s1qxqGa2GMZ4AaABAg,,,positive,0.95,disagreement,,,Equal,False
Ugye4Alzn8hFmmpZwop4AaABAg,,,negative,0.95,disagreement,,,Equal,False
UgwqHoWtK1joBjUInAN4AaABAg,,,negative,0.95,disagreement,,,Equal,False
Ugx-UK7PfvXpzftOuu14AaABAg,,,negative,0.8,disagreement,,,Equal,False
UgzkyDcJ529buN_UHlJ4AaABAg,,,negative,0.94,disagreement,,,Equal,False
Ugzp2p0yxIk9HTR605h4AaABAg,,,positive,0.95,disagreement,,,Equal,False
UgwpNqOTwMarj7BSjjJ4AaABAg,,,negative,0.9,disagreement,,,Equal,False
UgykjKmhZL6JLVzGWH94AaABAg,,,negative,0.95,disagreement,,,Equal,False
Ugw1XddNzJKGtjkxqg14AaABAg,,,negative,0.95,disagreement,,,Equal,False
UgwMWeYbkhx_TDV7ccp4AaABAg,,,negative,0.8,disagreement,,,Equal,False
UgwdT2VLIwBKKcdSgPx4AaABAg,,,negative,0.95,disagreement,,,Equal,False
UgwdT2VLIwBKKcdSgPx4AaABAg.9GzDKWi4wqv9H-aeTy46V9,,,negative,1.0,disagreement,,,Equal,False
UgwdT2VLIwBKKcdSgPx4AaABAg.9GzDKWi4wqv9H0KgkCc1Ji,,,negative,0.95,disagreement,,,Equal,False
UgwdT2VLIwBKKcdSgPx4AaABAg.9GzDKWi4wqv9H0iHDXStFf,,,negative,0.95,disagreement,,,Equal,False
UgwdT2VLIwBKKcdSgPx4AaABAg.9GzDKWi4wqv9HY23adh0kp,,,neutral,0.89,disagreement,,,Equal,False
UgwdT2VLIwBKKcdSgPx4AaABAg.9GzDKWi4wqv9I2-ZRxgKjR,,,positive,0.95,disagreement,,,Equal,False
UgzSrW5OS11JvEzkhON4AaABAg,,,negative,0.94,disagreement,,,Equal,False
UgyH7h69pxdFGdz4_Hh4AaABAg,,,positive,0.95,disagreement,,,Equal,False
UgyH7h69pxdFGdz4_Hh4AaABAg.9GzULB_8tyB9HD60OdBdTM,,,negative,0.95,disagreement,,,Equal,False
UgyH7h69pxdFGdz4_Hh4AaABAg.9GzULB_8tyB9HD6NrPD0eA,,,negative,0.95,disagreement,,,Equal,False
UgyH7h69pxdFGdz4_Hh4AaABAg.9GzULB_8tyB9HD7CiVbh88,,,negative,0.95,disagreement,,,Equal,False
UgyH7h69pxdFGdz4_Hh4AaABAg.9GzULB_8tyB9HD7MxvKQQB,,,negative,0.92,disagreement,,,Equal,False
UgyH7h69pxdFGdz4_Hh4AaABAg.9GzULB_8tyB9HD8NWRuQL-,,,negative,1.0,disagreement,,,Equal,False
UgyH7h69pxdFGdz4_Hh4AaABAg.9GzULB_8tyB9HD8zNWv2kF,,,negative,0.95,disagreement,,,Equal,False
UgyH7h69pxdFGdz4_Hh4AaABAg.9GzULB_8tyB9HD9Ls4Oi2M,,,negative,0.95,disagreement,,,Equal,False
UgyH7h69pxdFGdz4_Hh4AaABAg.9GzULB_8tyB9HDB7rNMue1,,,negative,0.95,disagreement,,,Equal,False
UgyH7h69pxdFGdz4_Hh4AaABAg.9GzULB_8tyB9HDBPrHhc_G,,,negative,0.95,disagreement,,,Equal,False
UgyH7h69pxdFGdz4_Hh4AaABAg.9GzULB_8tyB9HDDqlWVt8o,,,negative,0.95,disagreement,,,Equal,False
UgyH7h69pxdFGdz4_Hh4AaABAg.9GzULB_8tyB9HDETiESPnE,,,negative,0.94,disagreement,,,Equal,False
UgyH7h69pxdFGdz4_Hh4AaABAg.9GzULB_8tyB9HDUwNC-ZZ3,,,negative,0.95,disagreement,,,Equal,False
UgyH7h69pxdFGdz4_Hh4AaABAg.9GzULB_8tyB9HDVIaQ4g7W,,,negative,0.94,disagreement,,,Equal,False
UgyH7h69pxdFGdz4_Hh4AaABAg.9GzULB_8tyB9HDWDb29QuO,,,negative,0.95,disagreement,,,Equal,False
UgyH7h69pxdFGdz4_Hh4AaABAg.9GzULB_8tyB9HDWxWTEr70,,,negative,0.95,disagreement,,,Equal,False
UgyH7h69pxdFGdz4_Hh4AaABAg.9GzULB_8tyB9HDXUGQyNze,,,negative,0.95,disagreement,,,Equal,False
UgyH7h69pxdFGdz4_Hh4AaABAg.9GzULB_8tyB9HDZiEUDpl3,,,negative,0.95,disagreement,,,Equal,False
UgyH7h69pxdFGdz4_Hh4AaABAg.9GzULB_8tyB9HD_3hyfWIu,,,negative,0.94,disagreement,,,Equal,False
UgyH7h69pxdFGdz4_Hh4AaABAg.9GzULB_8tyB9HD_bWptb-a,,,positive,0.95,disagreement,,,Equal,False
UgyH7h69pxdFGdz4_Hh4AaABAg.9GzULB_8tyB9HFNkMRWaLS,,,positive,0.95,disagreement,,,Equal,False
UgyH7h69pxdFGdz4_Hh4AaABAg.9GzULB_8tyB9HFOCErAuo1,,,positive,0.95,disagreement,,,Equal,False
UgyH7h69pxdFGdz4_Hh4AaABAg.9GzULB_8tyB9HFRCeMb_IJ,,,negative,0.95,disagreement,,,Equal,False
UgyH7h69pxdFGdz4_Hh4AaABAg.9GzULB_8tyB9HFUO7XQ2Ij,,,negative,0.83,disagreement,,,Equal,False
UgyH7h69pxdFGdz4_Hh4AaABAg.9GzULB_8tyB9HFV3uTrDRR,,,positive,0.95,disagreement,,,Equal,False
UgyH7h69pxdFGdz4_Hh4AaABAg.9GzULB_8tyB9XIcV5WTwVU,,,negative,0.95,disagreement,,,Equal,False
Ugz0WzuDd6xWW_qi4J14AaABAg,,,negative,0.95,disagreement,,,Equal,False
UgxZTS-k-hNwzWANZ0N4AaABAg,,,negative,0.94,disagreement,,,Equal,False
UgxZTS-k-hNwzWANZ0N4AaABAg.9H-WsJl9acv9H5E7H1qF5F,,,positive,0.95,disagreement,,,Equal,False
UgzdnjrvgEF2qJ3pAL14AaABAg,,,negative,0.94,disagreement,,,Equal,False
UgzdnjrvgEF2qJ3pAL14AaABAg.9GzeCY_FrJv9GzkCZkZkmb,,,negative,0.95,disagreement,,,Equal,False
UgwE7ATSMAxBpXBtNyp4AaABAg,,,positive,0.95,disagreement,,,Equal,False
Ugwuqdq8nqQUVwjOdIx4AaABAg,,,negative,0.95,disagreement,,,Equal,False
Ugz8v6LYdH3okhJ5D114AaABAg,,,negative,0.94,disagreement,,,Equal,False
Ugxluw9Qpn0y6Sm26F54AaABAg,,,negative,0.94,disagreement,,,Equal,False
Ugxluw9Qpn0y6Sm26F54AaABAg.9ZnpH06LaZ59_CHxO83THC,,,negative,0.83,disagreement,,,Equal,False
UgyTkve6_gAO6baNdgZ4AaABAg,,,positive,0.95,disagreement,,,Equal,False
Ugx7qfXZkBcEjV8RzNN4AaABAg,,,neutral,0.85,disagreement,,,Equal,False
Ugx7qfXZkBcEjV8RzNN4AaABAg.9ZkSYfP-_Y59Zz_GGZqQHM,,,neutral,0.85,disagreement,,,Equal,False
Ugx7qfXZkBcEjV8RzNN4AaABAg.9ZkSYfP-_Y59aJURkA5te1,,,negative,0.94,disagreement,,,Equal,False
Ugx7qfXZkBcEjV8RzNN4AaABAg.9ZkSYfP-_Y59aJo32Z0MVX,,,negative,1.0,disagreement,,,Equal,False
Ugx7qfXZkBcEjV8RzNN4AaABAg.9ZkSYfP-_Y59aJy2dfsKUy,,,negative,0.94,disagreement,,,Equal,False
Ugx7qfXZkBcEjV8RzNN4AaABAg.9ZkSYfP-_Y59aQBd6wWXP2,,,negative,0.95,disagreement,,,Equal,False
Ugx7qfXZkBcEjV8RzNN4AaABAg.9ZkSYfP-_Y59b3cNYFQHvT,,,negative,0.9,disagreement,,,Equal,False
Ugx7qfXZkBcEjV8RzNN4AaABAg.9ZkSYfP-_Y59b49I0c24j_,,,neutral,0.85,disagreement,,,Equal,False
Ugx7qfXZkBcEjV8RzNN4AaABAg.9ZkSYfP-_Y59b7usImxHyc,,,negative,0.9,disagreement,,,Equal,False
Ugx7qfXZkBcEjV8RzNN4AaABAg.9ZkSYfP-_Y59b7veDJRYTz,,,neutral,0.85,disagreement,,,Equal,False
Ugx7qfXZkBcEjV8RzNN4AaABAg.9ZkSYfP-_Y59b7w8IUnu0N,,,positive,0.95,disagreement,,,Equal,False
Ugx7qfXZkBcEjV8RzNN4AaABAg.9ZkSYfP-_Y59b7x57ShlQ5,,,negative,0.95,disagreement,,,Equal,False
UgxZxM2FxfYZaogWCUJ4AaABAg,,,negative,0.95,disagreement,,,Equal,False
UgzYRHfET2pkdOPAGLx4AaABAg,,,negative,1.0,disagreement,,,Equal,False
UgzI5zpEd5vO9xSeDll4AaABAg,,,negative,0.95,disagreement,,,Equal,False
Ugyldj-mVkQzwm9ht1t4AaABAg,,,negative,0.95,disagreement,,,Equal,False
UgzZKsp-jNh-YJT-HmJ4AaABAg,,,negative,0.95,disagreement,,,Equal,False
UgylqcN8LfM-YGy53094AaABAg,,,negative,0.94,disagreement,,,Equal,False
UgxEwWG81cguCs_t4cl4AaABAg,,,negative,0.94,disagreement,,,Equal,False
UgzBlBJiRG6kCz49ciR4AaABAg,,,negative,0.95,disagreement,,,Equal,False
UgzBlBJiRG6kCz49ciR4AaABAg.9-WK1PTeesT9-WodnPEm-u,,,negative,0.95,disagreement,,,Equal,False
UgzBlBJiRG6kCz49ciR4AaABAg.9-WK1PTeesT9-qR9OKKCTd,,,negative,0.95,disagreement,,,Equal,False
UgxcY6bdxyFCE3I8A_t4AaABAg,,,negative,0.95,disagreement,,,Equal,False
UgxjA0t_1evHzr4POKR4AaABAg,,,negative,0.94,disagreement,,,Equal,False
UgxjA0t_1evHzr4POKR4AaABAg.9-XubQXcVDi9-YeE9E-e4b,,,negative,0.95,disagreement,,,Equal,False
UgxjA0t_1evHzr4POKR4AaABAg.9-XubQXcVDi9-YiZLCfKvo,,,negative,0.8,disagreement,,,Equal,False
UgxjA0t_1evHzr4POKR4AaABAg.9-XubQXcVDi9-c8try4Yl1,,,negative,0.95,disagreement,,,Equal,False
UgxjA0t_1evHzr4POKR4AaABAg.9-XubQXcVDi9-cDnK7FSi3,,,negative,0.93,disagreement,,,Equal,False
UgxjA0t_1evHzr4POKR4AaABAg.9-XubQXcVDi9-cHESxsIRa,,,negative,0.95,disagreement,,,Equal,False
UgxjA0t_1evHzr4POKR4AaABAg.9-XubQXcVDi9-qg3JFUEYe,,,negative,0.95,disagreement,,,Equal,False
UgyUefFk6Qtl6waOvot4AaABAg,,,negative,0.95,disagreement,,,Equal,False
UgzvgbMySnE8Sbs6RSZ4AaABAg,,,neutral,0.85,disagreement,,,Equal,False
UgzsntjUVHj0uR2QrrV4AaABAg,,,negative,0.95,disagreement,,,Equal,False
UgzsntjUVHj0uR2QrrV4AaABAg.AIsXbMQeuShAIsZ7tcoS73,,,negative,1.0,disagreement,,,Equal,False
UgzsntjUVHj0uR2QrrV4AaABAg.AIsXbMQeuShAIsZoPn-J7A,,,negative,0.9,disagreement,,,Equal,False
UgzsntjUVHj0uR2QrrV4AaABAg.AIsXbMQeuShAIsZy9LlmRN,,,negative,0.95,disagreement,,,Equal,False
UgzsntjUVHj0uR2QrrV4AaABAg.AIsXbMQeuShAIsaVsoQg3O,,,negative,1.0,disagreement,,,Equal,False
UgzsntjUVHj0uR2QrrV4AaABAg.AIsXbMQeuShAIsattS9htQ,,,negative,0.95,disagreement,,,Equal,False
UgzsntjUVHj0uR2QrrV4AaABAg.AIsXbMQeuShAIsaxWVJx9w,,,negative,0.95,disagreement,,,Equal,False
UgzsntjUVHj0uR2QrrV4AaABAg.AIsXbMQeuShAIsbBUS_PQF,,,negative,0.95,disagreement,,,Equal,False
UgzsntjUVHj0uR2QrrV4AaABAg.AIsXbMQeuShAIsbEg9csf8,,,positive,0.95,disagreement,,,Equal,False
UgzsntjUVHj0uR2QrrV4AaABAg.AIsXbMQeuShAIscNYb7aA1,,,neutral,1.0,disagreement,,,Equal,False
UgzsntjUVHj0uR2QrrV4AaABAg.AIsXbMQeuShAIszAFXw6AO,,,neutral,0.85,disagreement,,,Equal,False
UgzsntjUVHj0uR2QrrV4AaABAg.AIsXbMQeuShAIuitr0CcJq,,,negative,0.95,disagreement,,,Equal,False
UgyZakmNCteG14Rpolp4AaABAg,,,negative,0.95,disagreement,,,Equal,False
Ugw-KzUresCCziW365F4AaABAg,,,negative,0.95,disagreement,,,Equal,False
Ugx0qikzhp07YbGW_SF4AaABAg,,,negative,0.95,disagreement,,,Equal,False
Ugx0qikzhp07YbGW_SF4AaABAg.9oPpwE6zjbA9uPa72AglzU,,,negative,0.95,disagreement,,,Equal,False
UgybIm-eCOeeaozfFRh4AaABAg,,,positive,1.0,disagreement,,,Equal,False
UgybIm-eCOeeaozfFRh4AaABAg.9oPabL4d22s9oTPUDnDvEc,,,negative,0.95,disagreement,,,Equal,False
UgybIm-eCOeeaozfFRh4AaABAg.9oPabL4d22s9pNYRVMWTRn,,,negative,0.95,disagreement,,,Equal,False
UgybIm-eCOeeaozfFRh4AaABAg.9oPabL4d22s9uP_upx1-Pn,,,negative,0.95,disagreement,,,Equal,False
Ugz5-1bjycjjj_SOMDB4AaABAg,,,negative,0.95,disagreement,,,Equal,False
Ugx3S_CnSiKSNgS3RcJ4AaABAg,,,negative,0.95,disagreement,,,Equal,False
Ugx3S_CnSiKSNgS3RcJ4AaABAg.9oNn3zwFhRR9oNuZNrRYQo,,,negative,0.95,disagreement,,,Equal,False
Ugx_4EXnSGqgkYOCfbl4AaABAg,,,negative,0.94,disagreement,,,Equal,False
Ugx_4EXnSGqgkYOCfbl4AaABAg.9YspFLOPYPS9YsuZ3nmoce,,,negative,0.95,disagreement,,,Equal,False
Ugzlb2t5qUePnuSV9Hh4AaABAg,,,negative,0.9,disagreement,,,Equal,False
Ugxn7wS10RhHrA2pGr94AaABAg,,,positive,0.95,disagreement,,,Equal,False
Ugw3CCP776hyCn84WN14AaABAg,,,negative,1.0,disagreement,,,Equal,False
Ugy3fvIZnjOW-OJq5SF4AaABAg,,,negative,0.95,disagreement,,,Equal,False
UgwD_Jk3CdcbyfUlsFl4AaABAg,,,negative,1.0,disagreement,,,Equal,False
UgzEXXCk5yOMbJcnt9V4AaABAg,,,negative,0.9,disagreement,,,Equal,False
UgzbzJfnxkKG9psIJHd4AaABAg,,,negative,0.94,disagreement,,,Equal,False
Ugx3GsloD20f0DgPg-N4AaABAg,,,negative,0.94,disagreement,,,Equal,False
UgxHsbkWTeMJ-wF1ha54AaABAg,,,negative,0.95,disagreement,,,Equal,False
UgxHsbkWTeMJ-wF1ha54AaABAg.9cxPNd-CwDc9cxSM6ht6u4,,,negative,1.0,disagreement,,,Equal,False
UgxHsbkWTeMJ-wF1ha54AaABAg.9cxPNd-CwDc9cxUC0QdUhb,,,neutral,0.85,disagreement,,,Equal,False
UgxHsbkWTeMJ-wF1ha54AaABAg.9cxPNd-CwDc9cxWiav9LTR,,,negative,0.95,disagreement,,,Equal,False
UgxHsbkWTeMJ-wF1ha54AaABAg.9cxPNd-CwDc9cxX7IH7ahP,,,negative,1.0,disagreement,,,Equal,False
UgxHsbkWTeMJ-wF1ha54AaABAg.9cxPNd-CwDc9cxXvYkyqrH,,,neutral,0.89,disagreement,,,Equal,False
UgxHsbkWTeMJ-wF1ha54AaABAg.9cxPNd-CwDc9cxYDXkeEhg,,,negative,0.95,disagreement,,,Equal,False
UgxHsbkWTeMJ-wF1ha54AaABAg.9cxPNd-CwDc9cxYzQ0-Jey,,,negative,0.94,disagreement,,,Equal,False
UgxHsbkWTeMJ-wF1ha54AaABAg.9cxPNd-CwDc9cxZ2GB-LVt,,,negative,1.0,disagreement,,,Equal,False
UgxHsbkWTeMJ-wF1ha54AaABAg.9cxPNd-CwDc9cxyiIoB12y,,,negative,0.95,disagreement,,,Equal,False
UgxHsbkWTeMJ-wF1ha54AaABAg.9cxPNd-CwDc9cy91eFhwWS,,,negative,0.95,disagreement,,,Equal,False
UgxHsbkWTeMJ-wF1ha54AaABAg.9cxPNd-CwDc9cyAGJFg4L8,,,negative,0.95,disagreement,,,Equal,False
UgxHsbkWTeMJ-wF1ha54AaABAg.9cxPNd-CwDc9cynquwXu19,,,neutral,0.85,disagreement,,,Equal,False
UgxHsbkWTeMJ-wF1ha54AaABAg.9cxPNd-CwDc9cz8uoeEc34,,,positive,0.95,disagreement,,,Equal,False
UgxHsbkWTeMJ-wF1ha54AaABAg.9cxPNd-CwDc9czEqbqN8xs,,,positive,0.95,disagreement,,,Equal,False
UgxHsbkWTeMJ-wF1ha54AaABAg.9cxPNd-CwDc9czWUPg1ltH,,,negative,0.94,disagreement,,,Equal,False
UgxHsbkWTeMJ-wF1ha54AaABAg.9cxPNd-CwDc9czWecc2neU,,,positive,0.95,disagreement,,,Equal,False
UgxHsbkWTeMJ-wF1ha54AaABAg.9cxPNd-CwDc9cz_LKCcVNX,,,negative,0.95,disagreement,,,Equal,False
UgxHsbkWTeMJ-wF1ha54AaABAg.9cxPNd-CwDc9cz_i-gCBsi,,,negative,0.95,disagreement,,,Equal,False
UgxHsbkWTeMJ-wF1ha54AaABAg.9cxPNd-CwDc9czaFCkvg38,,,positive,0.95,disagreement,,,Equal,False
UgxHsbkWTeMJ-wF1ha54AaABAg.9cxPNd-CwDc9czgSggn6iF,,,positive,0.95,disagreement,,,Equal,False
UgxHsbkWTeMJ-wF1ha54AaABAg.9cxPNd-CwDc9d0Yqcg1G7a,,,positive,0.85,disagreement,,,Equal,False
UgxHsbkWTeMJ-wF1ha54AaABAg.9cxPNd-CwDc9nB5bgVH94O,,,negative,0.95,disagreement,,,Equal,False
UgxHsbkWTeMJ-wF1ha54AaABAg.9cxPNd-CwDc9nB5gPCfAiA,,,negative,0.94,disagreement,,,Equal,False
UgxHsbkWTeMJ-wF1ha54AaABAg.9cxPNd-CwDc9nB5inf7V4m,,,negative,0.95,disagreement,,,Equal,False
UgxHsbkWTeMJ-wF1ha54AaABAg.9cxPNd-CwDc9nBCnMkM9QW,,,negative,0.95,disagreement,,,Equal,False
UgxHsbkWTeMJ-wF1ha54AaABAg.9cxPNd-CwDc9nBDYRw-lmc,,,negative,0.95,disagreement,,,Equal,False
UgxHsbkWTeMJ-wF1ha54AaABAg.9cxPNd-CwDc9nBHQpj1E9V,,,negative,0.95,disagreement,,,Equal,False
UgxHsbkWTeMJ-wF1ha54AaABAg.9cxPNd-CwDc9nBIGCzFN_I,,,negative,0.94,disagreement,,,Equal,False
UgxHsbkWTeMJ-wF1ha54AaABAg.9cxPNd-CwDc9nBQioADJ9K,,,negative,0.94,disagreement,,,Equal,False
UgxHsbkWTeMJ-wF1ha54AaABAg.9cxPNd-CwDc9nBW1PBgLPl,,,negative,0.95,disagreement,,,Equal,False
UgxHsbkWTeMJ-wF1ha54AaABAg.9cxPNd-CwDc9nBW40-QD18,,,negative,0.95,disagreement,,,Equal,False
UgxHsbkWTeMJ-wF1ha54AaABAg.9cxPNd-CwDc9nBZhKAg5SH,,,negative,0.94,disagreement,,,Equal,False
UgxHsbkWTeMJ-wF1ha54AaABAg.9cxPNd-CwDc9nCBYtEFyxL,,,negative,0.95,disagreement,,,Equal,False
UgxHsbkWTeMJ-wF1ha54AaABAg.9cxPNd-CwDc9nD5yvxxWNF,,,negative,0.94,disagreement,,,Equal,False
UgxHsbkWTeMJ-wF1ha54AaABAg.9cxPNd-CwDc9uZ9b_svsVF,,,negative,0.95,disagreement,,,Equal,False
UgxHsbkWTeMJ-wF1ha54AaABAg.9cxPNd-CwDc9uZJNp_2c4o,,,negative,0.9,disagreement,,,Equal,False
UgxgDkLpJpGlLySVTT94AaABAg,,,negative,0.95,disagreement,,,Equal,False
UgxgDkLpJpGlLySVTT94AaABAg.9cxX2BlOJ219cynJ2mLXpA,,,neutral,0.85,disagreement,,,Equal,False
UgxgDkLpJpGlLySVTT94AaABAg.9cxX2BlOJ219nBBGbZ_UK9,,,negative,0.95,disagreement,,,Equal,False
UgxgDkLpJpGlLySVTT94AaABAg.9cxX2BlOJ219uZ9GwzWZAe,,,negative,0.95,disagreement,,,Equal,False
Ugxw8_pEtjxX-Wzr5cR4AaABAg,,,positive,0.95,disagreement,,,Equal,False
Ugxw8_pEtjxX-Wzr5cR4AaABAg.9cxZFV4oyex9nB5Q8Tx5pL,,,negative,0.94,disagreement,,,Equal,False
Ugxw8_pEtjxX-Wzr5cR4AaABAg.9cxZFV4oyex9uZ9926P5nf,,,negative,1.0,disagreement,,,Equal,False
UgzMmZbv4agLfIBtDWB4AaABAg,,,negative,1.0,disagreement,,,Equal,False
UgzMmZbv4agLfIBtDWB4AaABAg.9cuF6N0f3qb9cuVKaq3vXU,,,negative,0.95,disagreement,,,Equal,False
UgzMmZbv4agLfIBtDWB4AaABAg.9cuF6N0f3qb9cwStnphibS,,,negative,0.94,disagreement,,,Equal,False
UgzMmZbv4agLfIBtDWB4AaABAg.9cuF6N0f3qb9rDy129JfoI,,,negative,0.95,disagreement,,,Equal,False
UgzMmZbv4agLfIBtDWB4AaABAg.9cuF6N0f3qb9rERLoYQ8vR,,,negative,1.0,disagreement,,,Equal,False
UgzMG_e8ISaJ6g0h9ll4AaABAg,,,negative,1.0,disagreement,,,Equal,False
UgwmfzuWX5GHCRcjTed4AaABAg,,,positive,0.95,disagreement,,,Equal,False
UgwlM1WlpmXTFwevJM94AaABAg,,,negative,0.95,disagreement,,,Equal,False
UgwlM1WlpmXTFwevJM94AaABAg.9cuHTM90QFQ9cyp3y_fFYM,,,negative,0.95,disagreement,,,Equal,False
UgwlM1WlpmXTFwevJM94AaABAg.9cuHTM90QFQ9cyuB5ZTU7L,,,positive,0.95,disagreement,,,Equal,False
UgwlM1WlpmXTFwevJM94AaABAg.9cuHTM90QFQ9rDyjKBaEj8,,,positive,0.95,disagreement,,,Equal,False
UgzIi3ugqoVr9AKP6154AaABAg,,,negative,0.8,disagreement,,,Equal,False
UgzIi3ugqoVr9AKP6154AaABAg.9cueOt-chG79cyu7hpWxyD,,,positive,0.95,disagreement,,,Equal,False
UgxE3snVQ4oy3K4-TP54AaABAg,,,negative,1.0,disagreement,,,Equal,False
UgwU6jc2XgDuCItHPFh4AaABAg,,,neutral,0.85,disagreement,,,Equal,False
UgwU6jc2XgDuCItHPFh4AaABAg.9cuFTvYTuFI9cuVD8l8ApI,,,negative,1.0,disagreement,,,Equal,False
UgwU6jc2XgDuCItHPFh4AaABAg.9cuFTvYTuFI9cudJxMnHzG,,,positive,0.95,disagreement,,,Equal,False
UgwU6jc2XgDuCItHPFh4AaABAg.9cuFTvYTuFI9cyuD7batTU,,,positive,0.95,disagreement,,,Equal,False
UgwU6jc2XgDuCItHPFh4AaABAg.9cuFTvYTuFI9rDyDqmnu8w,,,negative,0.95,disagreement,,,Equal,False
Ugxjp9UqDiM19OXOuJ54AaABAg,,,negative,0.95,disagreement,,,Equal,False
Ugxjp9UqDiM19OXOuJ54AaABAg.9cxB42rIHMu9cxC7Et0ebu,,,negative,1.0,disagreement,,,Equal,False
Ugxjp9UqDiM19OXOuJ54AaABAg.9cxB42rIHMu9d0tb0zh_pB,,,negative,0.95,disagreement,,,Equal,False
Ugxjp9UqDiM19OXOuJ54AaABAg.9cxB42rIHMu9d0tuSi_whq,,,negative,1.0,disagreement,,,Equal,False
Ugxjp9UqDiM19OXOuJ54AaABAg.9cxB42rIHMu9d1ZmTFmBuw,,,negative,0.95,disagreement,,,Equal,False
Ugxjp9UqDiM19OXOuJ54AaABAg.9cxB42rIHMu9d1j6vHuZ9E,,,negative,0.95,disagreement,,,Equal,False
Ugxjp9UqDiM19OXOuJ54AaABAg.9cxB42rIHMu9t6t4ohVs2T,,,negative,0.95,disagreement,,,Equal,False
Ugx0FC7d_kiZftBUVzx4AaABAg,,,negative,0.95,disagreement,,,Equal,False
Ugx0FC7d_kiZftBUVzx4AaABAg.9cx9CLKx8Qu9cyuhszYxuG,,,negative,0.95,disagreement,,,Equal,False
Ugx0FC7d_kiZftBUVzx4AaABAg.9cx9CLKx8Qu9czZLGY3o8o,,,negative,0.95,disagreement,,,Equal,False
Ugx0FC7d_kiZftBUVzx4AaABAg.9cx9CLKx8Qu9d7Fwo_yVLC,,,negative,1.0,disagreement,,,Equal,False
UgyyCGSDxn6FS_Dx3z94AaABAg,,,positive,0.95,disagreement,,,Equal,False
Ugz9yOhRLZ8WRA8YeaF4AaABAg,,,positive,0.95,disagreement,,,Equal,False
Ugz9yOhRLZ8WRA8YeaF4AaABAg.9G7s5JOBWzZ9G7xwv4ksFj,,,negative,0.95,disagreement,,,Equal,False
UgykU68qPKE_UjgJn4J4AaABAg,,,positive,0.95,disagreement,,,Equal,False
UgykU68qPKE_UjgJn4J4AaABAg.9G7rcVGe7Mm9G7sD0F-wcm,,,negative,0.95,disagreement,,,Equal,False
UgykU68qPKE_UjgJn4J4AaABAg.9G7rcVGe7Mm9G80pxuSu_E,,,negative,0.95,disagreement,,,Equal,False
UgykU68qPKE_UjgJn4J4AaABAg.9G7rcVGe7Mm9G82i06NxP6,,,positive,0.95,disagreement,,,Equal,False
UgykU68qPKE_UjgJn4J4AaABAg.9G7rcVGe7Mm9G8CGLlhoq3,,,negative,0.95,disagreement,,,Equal,False
Ugy_8AMoW4eScEXQUsV4AaABAg,,,negative,0.94,disagreement,,,Equal,False
Ugy_8AMoW4eScEXQUsV4AaABAg.9G9IX2E0vI-9G9LaR-CmMQ,,,negative,0.94,disagreement,,,Equal,False
Ugy_8AMoW4eScEXQUsV4AaABAg.9G9IX2E0vI-9G9QE4Afjnc,,,positive,0.95,disagreement,,,Equal,False
Ugy_8AMoW4eScEXQUsV4AaABAg.9G9IX2E0vI-9G9t0tzPnPT,,,negative,0.94,disagreement,,,Equal,False
Ugy_8AMoW4eScEXQUsV4AaABAg.9G9IX2E0vI-9GAnYDiQmIu,,,negative,0.83,disagreement,,,Equal,False
Ugzg21vAqDjBPmzsU3d4AaABAg,,,positive,0.95,disagreement,,,Equal,False
Ugzg21vAqDjBPmzsU3d4AaABAg.9G7pcJGmHZU9G7ziqWO5aw,,,positive,0.95,disagreement,,,Equal,False
UgyinjDP-PlImfd3JIF4AaABAg,,,positive,0.95,disagreement,,,Equal,False
UgyinjDP-PlImfd3JIF4AaABAg.9cuWy8ouVO69cyuNaSoXq7,,,positive,0.95,disagreement,,,Equal,False
UgyinjDP-PlImfd3JIF4AaABAg.9cuWy8ouVO69cyvHDR4oRc,,,positive,0.95,disagreement,,,Equal,False
UgyinjDP-PlImfd3JIF4AaABAg.9cuWy8ouVO69cyvlQhSuMy,,,negative,0.95,disagreement,,,Equal,False
UgyinjDP-PlImfd3JIF4AaABAg.9cuWy8ouVO69wWEzeWzIoj,,,positive,0.95,disagreement,,,Equal,False
UgwINqIKYfRQo8Yuh0d4AaABAg,,,negative,1.0,disagreement,,,Equal,False
Ugyr7SnZ2RYhRt7mvTF4AaABAg,,,negative,0.8,disagreement,,,Equal,False
Ugyr7SnZ2RYhRt7mvTF4AaABAg.9cuW1ITxmH_9cyuM60xdWk,,,positive,0.95,disagreement,,,Equal,False
Ugyr7SnZ2RYhRt7mvTF4AaABAg.9cuW1ITxmH_9wWFW97K6Hh,,,positive,0.95,disagreement,,,Equal,False
UgxANEBBBpXU_VnD7Sd4AaABAg,,,neutral,1.0,disagreement,,,Equal,False
Ugxa8LjOBDUNoDAyQQx4AaABAg,,,negative,0.94,disagreement,,,Equal,False
Ugzah8PdSzgCvoM_7pV4AaABAg,,,neutral,1.0,disagreement,,,Equal,False
UgyopReoqXLJB3bMqYJ4AaABAg,,,neutral,1.0,disagreement,,,Equal,False
UgxdiPCSgkla_FTSPt54AaABAg,,,positive,0.95,disagreement,,,Equal,False
UgxPM0L685-W-gh_RjZ4AaABAg,,,negative,1.0,disagreement,,,Equal,False
UgzFP8uGv1wCZ4A31mZ4AaABAg,,,neutral,0.85,disagreement,,,Equal,False
UgxDuq2vu6qMTksI5Jx4AaABAg,,,negative,0.94,disagreement,,,Equal,False
UgxeZEkbYEW8YwIEz8V4AaABAg,,,negative,0.95,disagreement,,,Equal,False
UgzkyzoxWnXJZFLclKh4AaABAg,,,positive,0.95,disagreement,,,Equal,False
Ugwd1LTkDdPQnDKmzrh4AaABAg,,,positive,0.95,disagreement,,,Equal,False
Ugz5ySaE_rord5a_T7p4AaABAg,,,negative,0.95,disagreement,,,Equal,False
Ugy1FddU-XVETS9hJ9N4AaABAg,,,positive,0.95,disagreement,,,Equal,False
Ugztnv_qumA7VTa0BtJ4AaABAg,,,negative,0.95,disagreement,,,Equal,False
UgxZDxIvbv6oJ1oE9xZ4AaABAg,,,negative,1.0,disagreement,,,Equal,False
Ugz64LiA5nRkAxBhmhN4AaABAg,,,negative,0.95,disagreement,,,Equal,False
Ugz8IfVB8HRN9m5Cyod4AaABAg,,,positive,0.95,disagreement,,,Equal,False
UgwAe_lDxHMvqGLbXCd4AaABAg,,,negative,0.95,disagreement,,,Equal,False
UgwAe_lDxHMvqGLbXCd4AaABAg.9t-XWiusjev9uwdlXdOxtM,,,negative,1.0,disagreement,,,Equal,False
Ugx-SpE7yn3E1s7uyrh4AaABAg,,,negative,1.0,disagreement,,,Equal,False
Ugx-SpE7yn3E1s7uyrh4AaABAg.9t-XrwccWp69uwdVzyq2eo,,,negative,1.0,disagreement,,,Equal,False
Ugxd9anPOz5mMKKrKZJ4AaABAg,,,negative,0.95,disagreement,,,Equal,False
Ugxd9anPOz5mMKKrKZJ4AaABAg.9t-dDaP9L2a9t9WyeUJBlO,,,negative,0.95,disagreement,,,Equal,False
Ugxd9anPOz5mMKKrKZJ4AaABAg.9t-dDaP9L2a9t9XNwLGdjf,,,positive,0.95,disagreement,,,Equal,False
Ugxd9anPOz5mMKKrKZJ4AaABAg.9t-dDaP9L2a9tA0vX-qiJ9,,,positive,0.95,disagreement,,,Equal,False
Ugxd9anPOz5mMKKrKZJ4AaABAg.9t-dDaP9L2a9tA2Mj4o6aZ,,,negative,0.94,disagreement,,,Equal,False
Ugzb2BcT5XCLe9XFVBt4AaABAg,,,negative,0.95,disagreement,,,Equal,False
UgzcZsNKGwp-Fb4wfAZ4AaABAg,,,negative,1.0,disagreement,,,Equal,False
UgxKdJU3i3l2JC7b4pB4AaABAg,,,negative,0.8,disagreement,,,Equal,False
UgyL7PCpsnhtw_tLZxB4AaABAg,,,negative,0.95,disagreement,,,Equal,False
UgyL7PCpsnhtw_tLZxB4AaABAg.9bwR9V50iU-9bw_zUH1it6,,,negative,0.95,disagreement,,,Equal,False
UgyL7PCpsnhtw_tLZxB4AaABAg.9bwR9V50iU-9c15fKaBKBh,,,negative,0.95,disagreement,,,Equal,False
UgyEQyA5yIJe7-bKGmJ4AaABAg,,,negative,0.94,disagreement,,,Equal,False
UgyEQyA5yIJe7-bKGmJ4AaABAg.9bwO9mwNXKz9bwaAzDufqb,,,negative,1.0,disagreement,,,Equal,False
UgzFU05WyBZoe7VTyOJ4AaABAg,,,negative,0.95,disagreement,,,Equal,False
Ugz8e3r8uHJDyLFj5I94AaABAg,,,negative,0.95,disagreement,,,Equal,False
UgwyXQ6xOvygWef1Uzd4AaABAg,,,neutral,0.98,disagreement,,,Equal,False
UgwyXQ6xOvygWef1Uzd4AaABAg.9cVSAxqE2u79cWO4TtCsJV,,,negative,0.95,disagreement,,,Equal,False
UgwyXQ6xOvygWef1Uzd4AaABAg.9cVSAxqE2u79cX1pNhlT51,,,negative,0.95,disagreement,,,Equal,False
UgwyXQ6xOvygWef1Uzd4AaABAg.9cVSAxqE2u79cY5hEV2Kv-,,,negative,0.93,disagreement,,,Equal,False
UgzBmwozVDezhP4-MOB4AaABAg,,,negative,0.94,disagreement,,,Equal,False
UgzBmwozVDezhP4-MOB4AaABAg.9o5B30t3B5D9oFr36vem6c,,,negative,0.95,disagreement,,,Equal,False
UgzBmwozVDezhP4-MOB4AaABAg.9o5B30t3B5D9oNWywrXNvh,,,neutral,0.85,disagreement,,,Equal,False
UgzBmwozVDezhP4-MOB4AaABAg.9o5B30t3B5D9o_G_ojheTG,,,negative,0.8,disagreement,,,Equal,False
UgzBmwozVDezhP4-MOB4AaABAg.9o5B30t3B5D9o__53427RG,,,negative,0.95,disagreement,,,Equal,False
UgzBmwozVDezhP4-MOB4AaABAg.9o5B30t3B5D9rwjnN5d1_7,,,negative,0.94,disagreement,,,Equal,False
UgwVCJZQKFYODrt1hB54AaABAg,,,positive,0.95,disagreement,,,Equal,False
Ugx84rFpRfJKYjOt9B54AaABAg,,,negative,0.95,disagreement,,,Equal,False
UgyG-O5Hqdd1UmluArF4AaABAg,,,negative,0.94,disagreement,,,Equal,False
UgyG-O5Hqdd1UmluArF4AaABAg.AIwKZBWYCe0AJDdqi73B9z,,,negative,0.95,disagreement,,,Equal,False
Ugx8daPCDXKgXMk8Ddt4AaABAg,,,negative,1.0,disagreement,,,Equal,False
UgwBuoc6TUd67BD2sON4AaABAg,,,negative,0.93,disagreement,,,Equal,False
UgzAvy1YnvbjBSCR4714AaABAg,,,neutral,0.85,disagreement,,,Equal,False
UgzUDZREN6I0TIpIPkZ4AaABAg,,,negative,0.95,disagreement,,,Equal,False
UgzUDZREN6I0TIpIPkZ4AaABAg.9vL3quOIm1W9vMWTEQaj6U,,,negative,0.95,disagreement,,,Equal,False
UgwCv-jw9FbBZjVYvyt4AaABAg,,,negative,0.95,disagreement,,,Equal,False
Ugw2nXkdSF3kwoSfYPh4AaABAg,,,negative,0.95,disagreement,,,Equal,False
Ugw2nXkdSF3kwoSfYPh4AaABAg.9cwpguy3DdX9cxMcBFyuCo,,,positive,0.95,disagreement,,,Equal,False
Ugw2nXkdSF3kwoSfYPh4AaABAg.9cwpguy3DdX9czK5qxX2gV,,,negative,0.94,disagreement,,,Equal,False
UgxxPe12FMgVDRX6zBB4AaABAg,,,negative,0.95,disagreement,,,Equal,False
UgyeGaEiWh6L4JqPup94AaABAg,,,negative,0.94,disagreement,,,Equal,False
Ugy7eT3U0CQPg_WNv1F4AaABAg,,,negative,0.95,disagreement,,,Equal,False
Ugy7eT3U0CQPg_WNv1F4AaABAg.A0z4O67wlTsA0z8WViljRT,,,negative,0.95,disagreement,,,Equal,False
UgyVMY5fBUtqe4QIKb94AaABAg,,,negative,0.83,disagreement,,,Equal,False
UgzoM4ATYxYwDlIlxkx4AaABAg,,,positive,0.95,disagreement,,,Equal,False
UgxRHLTSfKUr9uM1of14AaABAg,,,negative,0.83,disagreement,,,Equal,False
Ugx6bfD88PSRkEtlJh94AaABAg,,,negative,0.94,disagreement,,,Equal,False
UgzrDSVeNCdhkogbg_14AaABAg,,,negative,0.95,disagreement,,,Equal,False
UgzrDSVeNCdhkogbg_14AaABAg.9HVIblof_iU9HVmHtDsWRW,,,neutral,0.85,disagreement,,,Equal,False
Ugy19InNPoHTu2C3CIl4AaABAg,,,negative,0.95,disagreement,,,Equal,False
Ugy19InNPoHTu2C3CIl4AaABAg.9HUcTufVP2Q9HUcu2toJS3,,,negative,0.95,disagreement,,,Equal,False
Ugy19InNPoHTu2C3CIl4AaABAg.9HUcTufVP2Q9HVDHdlVVYO,,,negative,0.95,disagreement,,,Equal,False
Ugy19InNPoHTu2C3CIl4AaABAg.9HUcTufVP2Q9HVFLmGl0mh,,,negative,0.95,disagreement,,,Equal,False
Ugy19InNPoHTu2C3CIl4AaABAg.9HUcTufVP2Q9HVW9iwbI8g,,,negative,0.95,disagreement,,,Equal,False
Ugy19InNPoHTu2C3CIl4AaABAg.9HUcTufVP2Q9HWWEaIl16R,,,negative,0.94,disagreement,,,Equal,False
Ugy19InNPoHTu2C3CIl4AaABAg.9HUcTufVP2Q9H_TyEJhLb9,,,negative,0.95,disagreement,,,Equal,False
UgycDu45ij8kkcMo3KV4AaABAg,,,negative,0.94,disagreement,,,Equal,False
UgycDu45ij8kkcMo3KV4AaABAg.9HUGpoItS9_9HUd2XiHQlV,,,negative,0.95,disagreement,,,Equal,False
UgycDu45ij8kkcMo3KV4AaABAg.9HUGpoItS9_9HVTBynz3to,,,negative,0.95,disagreement,,,Equal,False
UgxURyQwSdKR3UrxBgJ4AaABAg,,,negative,0.95,disagreement,,,Equal,False
UgxURyQwSdKR3UrxBgJ4AaABAg.9ccqpa6dZTd9cd6qDLrnr5,,,negative,0.94,disagreement,,,Equal,False
UgwRZUug-tDh3CJ3AhZ4AaABAg,,,negative,0.95,disagreement,,,Equal,False
UgwF1efu0DIovArrzqZ4AaABAg,,,negative,0.97,disagreement,,,Equal,False
UgxoNVc8ak4_xbZDnZN4AaABAg,,,neutral,0.85,disagreement,,,Equal,False
UgyMwme0598Ze5ItOB54AaABAg,,,positive,0.95,disagreement,,,Equal,False
UgxAqsyQcmkBzB3j6tZ4AaABAg,,,negative,0.95,disagreement,,,Equal,False
UgxWXfwGN3rTuhk106R4AaABAg,,,negative,0.95,disagreement,,,Equal,False
UgxVaB0jQoE0ntR_9cd4AaABAg,,,negative,1.0,disagreement,,,Equal,False
UgxVaB0jQoE0ntR_9cd4AaABAg.9ccMqKAguyN9ccSWpdY6oh,,,negative,0.95,disagreement,,,Equal,False
UgxVaB0jQoE0ntR_9cd4AaABAg.9ccMqKAguyN9ccSXjkJt3h,,,positive,0.95,disagreement,,,Equal,False
Ugy3jfRkcERHsXGi7zt4AaABAg,,,neutral,1.0,disagreement,,,Equal,False
Ugx4Qij4bxo9cb5SMTF4AaABAg,,,neutral,1.0,disagreement,,,Equal,False
UgxhGf98kl0TwSFUMmh4AaABAg,,,positive,0.95,disagreement,,,Equal,False
Ugwkk3zeeNWjQE4t3I14AaABAg,,,negative,0.95,disagreement,,,Equal,False
UgxjhO0QjqQpJb6rTD14AaABAg,,,negative,0.95,disagreement,,,Equal,False
Ugy6nNJ5x2A1NbACV-p4AaABAg,,,positive,0.95,disagreement,,,Equal,False
UgxfrLR-K1JbONqgNnJ4AaABAg,,,negative,0.95,disagreement,,,Equal,False
UgxfrLR-K1JbONqgNnJ4AaABAg.9sqLKd1V4B09sqNfBj6fMz,,,positive,0.95,disagreement,,,Equal,False
UgxfrLR-K1JbONqgNnJ4AaABAg.9sqLKd1V4B09sqmN95knU9,,,negative,0.95,disagreement,,,Equal,False
UgyOa2djvY68-Ij9vwp4AaABAg,,,negative,0.8,disagreement,,,Equal,False
Ugw5cKiqY8JUj3q_mtl4AaABAg,,,positive,0.95,disagreement,,,Equal,False
Ugw7ydb7kNFXoNRT6Ex4AaABAg,,,negative,1.0,disagreement,,,Equal,False
Ugw7ydb7kNFXoNRT6Ex4AaABAg.9hDEK63dgiS9hE14JdnVmB,,,neutral,1.0,disagreement,,,Equal,False
Ugw7ydb7kNFXoNRT6Ex4AaABAg.9hDEK63dgiS9hF5YqD2n4E,,,negative,0.94,disagreement,,,Equal,False
Ugw7ydb7kNFXoNRT6Ex4AaABAg.9hDEK63dgiS9hFcbseIkUu,,,negative,0.95,disagreement,,,Equal,False
Ugx0b2QSqfFZwaskf614AaABAg,,,positive,0.85,disagreement,,,Equal,False
UgzM-H7GqwE0DvZJED14AaABAg,,,negative,0.8,disagreement,,,Equal,False
UgzM-H7GqwE0DvZJED14AaABAg.9cxDzOtxkmk9cxOsdSw5Ll,,,negative,0.95,disagreement,,,Equal,False
UgzNPlVwzDYaGzke6V94AaABAg,,,negative,0.95,disagreement,,,Equal,False
UgzkzXepA4PNsN6Wu0p4AaABAg,,,negative,0.95,disagreement,,,Equal,False
UgxiE59C3JovGXEC0LR4AaABAg,,,negative,0.94,disagreement,,,Equal,False
Ugxc6AfPgNtAVnDi7cl4AaABAg,,,positive,0.95,disagreement,,,Equal,False
Ugxc6AfPgNtAVnDi7cl4AaABAg.9cf3W6JFY2q9chd2qiSCbd,,,positive,0.95,disagreement,,,Equal,False
Ugxc6AfPgNtAVnDi7cl4AaABAg.9cf3W6JFY2q9cho-4ExMk5,,,negative,0.95,disagreement,,,Equal,False
Ugxc6AfPgNtAVnDi7cl4AaABAg.9cf3W6JFY2q9choox5cdDm,,,positive,0.95,disagreement,,,Equal,False
UgyJx2mkIoxs35xyNml4AaABAg,,,positive,0.95,disagreement,,,Equal,False
UgwFN0eFrEL6AAe_MKh4AaABAg,,,positive,0.95,disagreement,,,Equal,False
UgwFN0eFrEL6AAe_MKh4AaABAg.9cf99oC-fJz9cfBrJ3rSbs,,,positive,0.95,disagreement,,,Equal,False
UgwFN0eFrEL6AAe_MKh4AaABAg.9cf99oC-fJz9cfD-7l6S7-,,,negative,0.95,disagreement,,,Equal,False
UgwFN0eFrEL6AAe_MKh4AaABAg.9cf99oC-fJz9cfEr_K6TRV,,,negative,0.8,disagreement,,,Equal,False
UgwwNnWGCxgu8qo1fix4AaABAg,,,negative,0.94,disagreement,,,Equal,False
UgwwNnWGCxgu8qo1fix4AaABAg.9cep84Jbqsa9cfC6vahQfU,,,negative,0.94,disagreement,,,Equal,False
UgwwNnWGCxgu8qo1fix4AaABAg.9cep84Jbqsa9cfDmzMrMEF,,,negative,0.95,disagreement,,,Equal,False
Ugxl50XnmVPbL8BLFzJ4AaABAg,,,neutral,0.85,disagreement,,,Equal,False
UgzvFEHE5cp9xzZ67Zx4AaABAg,,,negative,0.95,disagreement,,,Equal,False
UgzvFEHE5cp9xzZ67Zx4AaABAg.9tzaDSX8KVu9u-9aP_8B7H,,,negative,0.95,disagreement,,,Equal,False
UgwKfM1qV4LFLiCJwtN4AaABAg,,,positive,0.85,disagreement,,,Equal,False
UgykAyCxojoLwjbSYyx4AaABAg,,,negative,0.95,disagreement,,,Equal,False
UgzJzRH07LdEfpQaSod4AaABAg,,,negative,0.95,disagreement,,,Equal,False
UgzJzRH07LdEfpQaSod4AaABAg.9ty--UpkXTF9ty-RV2FmOK,,,neutral,1.0,disagreement,,,Equal,False
UgzJzRH07LdEfpQaSod4AaABAg.9ty--UpkXTF9ty6KQqQ1xb,,,positive,0.95,disagreement,,,Equal,False
UgzJzRH07LdEfpQaSod4AaABAg.9ty--UpkXTF9tyMpbbpVwu,,,negative,0.9,disagreement,,,Equal,False
UgzJzRH07LdEfpQaSod4AaABAg.9ty--UpkXTF9tytqxAWlnX,,,neutral,0.88,disagreement,,,Equal,False
UgzJzRH07LdEfpQaSod4AaABAg.9ty--UpkXTF9tyu5nu8Dys,,,negative,0.9,disagreement,,,Equal,False
UgzJzRH07LdEfpQaSod4AaABAg.9ty--UpkXTF9tzzAoHT708,,,neutral,0.85,disagreement,,,Equal,False
UgzJzRH07LdEfpQaSod4AaABAg.9ty--UpkXTF9u-97dIxWKy,,,negative,1.0,disagreement,,,Equal,False
UgygfpMzC9BIWd_KwYV4AaABAg,,,negative,0.95,disagreement,,,Equal,False
UgygLpfTQ9tFsHkMIUV4AaABAg,,,negative,0.95,disagreement,,,Equal,False
UgygLpfTQ9tFsHkMIUV4AaABAg.9cmbVoyXj7u9cmcg1lLySN,,,negative,1.0,disagreement,,,Equal,False
UgygLpfTQ9tFsHkMIUV4AaABAg.9cmbVoyXj7u9cmdVAYdt4M,,,negative,0.95,disagreement,,,Equal,False
UgygLpfTQ9tFsHkMIUV4AaABAg.9cmbVoyXj7u9cmzTsxusWc,,,negative,1.0,disagreement,,,Equal,False
UgygLpfTQ9tFsHkMIUV4AaABAg.9cmbVoyXj7u9cneO7VI0P6,,,negative,1.0,disagreement,,,Equal,False
Ugz-XkDoGVO6-cFhj1Z4AaABAg,,,negative,0.8,disagreement,,,Equal,False
UgwaOqTj1Xrqq3J_k9p4AaABAg,,,negative,0.95,disagreement,,,Equal,False
UgwaOqTj1Xrqq3J_k9p4AaABAg.9cmciEMKMQp9cn6NNx93wM,,,positive,0.95,disagreement,,,Equal,False
UgwaOqTj1Xrqq3J_k9p4AaABAg.9cmciEMKMQp9cn6i0jsghV,,,negative,0.9,disagreement,,,Equal,False
UgzVWZb0soERvbexjg54AaABAg,,,negative,0.95,disagreement,,,Equal,False
UgzVWZb0soERvbexjg54AaABAg.9cmtQtl90lQ9cmtv5Ug8uL,,,negative,0.95,disagreement,,,Equal,False
UgzVWZb0soERvbexjg54AaABAg.9cmtQtl90lQ9cmzeHh9Mnj,,,negative,0.95,disagreement,,,Equal,False
UgzWOf23Wx7fdWDn9DB4AaABAg,,,negative,0.94,disagreement,,,Equal,False
UgxFfNYGOjUQHAKxYLh4AaABAg,,,negative,1.0,disagreement,,,Equal,False
UgyyIbpS82l_buXUJfB4AaABAg,,,negative,0.95,disagreement,,,Equal,False
UgyyIbpS82l_buXUJfB4AaABAg.9cwpVTua1bm9cx2z8GwZL4,,,positive,0.95,disagreement,,,Equal,False
UgyyIbpS82l_buXUJfB4AaABAg.9cwpVTua1bm9cx46YKIQET,,,negative,0.95,disagreement,,,Equal,False
UgyyIbpS82l_buXUJfB4AaABAg.9cwpVTua1bm9cyndnFubYo,,,negative,0.95,disagreement,,,Equal,False
UgyyIbpS82l_buXUJfB4AaABAg.9cwpVTua1bm9czKH-14_OJ,,,negative,1.0,disagreement,,,Equal,False
UgyyIbpS82l_buXUJfB4AaABAg.9cwpVTua1bm9czl5cxZp7P,,,neutral,0.85,disagreement,,,Equal,False
UgyyIbpS82l_buXUJfB4AaABAg.9cwpVTua1bm9d-I5HoI0U5,,,negative,0.95,disagreement,,,Equal,False
UgxrEV6FuBDJ9yGer9l4AaABAg,,,negative,0.95,disagreement,,,Equal,False
Ugw5CN8kJjVDUCixG454AaABAg,,,negative,1.0,disagreement,,,Equal,False
UgyHXmm7oef-VqpafaB4AaABAg,,,negative,0.95,disagreement,,,Equal,False
UgyHXmm7oef-VqpafaB4AaABAg.9cuw8m4wEiu9dWNCpeuCRA,,,negative,0.95,disagreement,,,Equal,False
UgwG-GRXCwDjPLPweet4AaABAg,,,negative,0.94,disagreement,,,Equal,False
UgwG-GRXCwDjPLPweet4AaABAg.9culg0pz5K49curGY4JO4s,,,negative,0.95,disagreement,,,Equal,False
UgwG-GRXCwDjPLPweet4AaABAg.9culg0pz5K49cvCrLrzLcL,,,negative,0.94,disagreement,,,Equal,False
UgwG-GRXCwDjPLPweet4AaABAg.9culg0pz5K49dWN6KLoXXV,,,negative,0.95,disagreement,,,Equal,False
Ugxa_GnZbNbSyNG7-_R4AaABAg,,,positive,0.95,disagreement,,,Equal,False
UgzlGnMnARlDS0w8WjB4AaABAg,,,negative,1.0,disagreement,,,Equal,False
UgzlGnMnARlDS0w8WjB4AaABAg.95TuHNlNjWt95Tx6MO7FFA,,,negative,0.95,disagreement,,,Equal,False
UgyZe8D6_eD7IpRxlbB4AaABAg,,,negative,0.94,disagreement,,,Equal,False
Ugyh1OjoH5itR7oAMC54AaABAg,,,neutral,0.58,disagreement,,,Equal,False
Ugw5yhoo_IBppkcFoNR4AaABAg,,,negative,0.9,disagreement,,,Equal,False
UgyBjzyHrJTdNVkM7P94AaABAg,,,negative,0.95,disagreement,,,Equal,False
UgyBjzyHrJTdNVkM7P94AaABAg.9d16btCiq849d178t5GLVw,,,positive,0.95,disagreement,,,Equal,False
UgyBjzyHrJTdNVkM7P94AaABAg.9d16btCiq849d1_-xZUfs_,,,negative,0.95,disagreement,,,Equal,False
Ugxwx-uvzeiw53Xj-0t4AaABAg,,,negative,0.95,disagreement,,,Equal,False
Ugy6vCXlOFP_WpIWiX14AaABAg,,,negative,0.95,disagreement,,,Equal,False
Ugy6vCXlOFP_WpIWiX14AaABAg.9tYjUYPMwwb9tYzB_J9U0a,,,negative,1.0,disagreement,,,Equal,False
Ugy6vCXlOFP_WpIWiX14AaABAg.9tYjUYPMwwb9tZ3RDzxTlf,,,negative,1.0,disagreement,,,Equal,False
Ugws56pnLFsveKpo_bx4AaABAg,,,positive,0.95,disagreement,,,Equal,False
Ugztm4Y_uJ0s39gH1Ed4AaABAg,,,negative,0.94,disagreement,,,Equal,False
Ugztm4Y_uJ0s39gH1Ed4AaABAg.8lfPzroWnkN8loxRaTX6T-,,,positive,0.95,disagreement,,,Equal,False
UgwkrEWSX_SUFcXzUa94AaABAg,,,positive,0.95,disagreement,,,Equal,False
UgwkrEWSX_SUFcXzUa94AaABAg.8lmQViIynhO8loxY9DrVoe,,,negative,1.0,disagreement,,,Equal,False
Ugy8f1VoV5ZFAmDmjW54AaABAg,,,negative,0.94,disagreement,,,Equal,False
UgwVt64Gyz_CwjXXIyd4AaABAg,,,negative,1.0,disagreement,,,Equal,False
UgyGCqz0pESqBuZubHN4AaABAg,,,positive,0.95,disagreement,,,Equal,False
Ugx9fXxsNCk5tC8YWN54AaABAg,,,negative,0.95,disagreement,,,Equal,False
UgynDzl6xv1Krj0fdad4AaABAg,,,negative,0.95,disagreement,,,Equal,False
UgynDzl6xv1Krj0fdad4AaABAg.9cf4_wKPk5m9cf61Wigce6,,,neutral,0.85,disagreement,,,Equal,False
UgynDzl6xv1Krj0fdad4AaABAg.9cf4_wKPk5m9cf7-CcGrE-,,,negative,0.95,disagreement,,,Equal,False
UgxDxGdPH6lULYG5_eN4AaABAg,,,negative,0.94,disagreement,,,Equal,False
UgxDxGdPH6lULYG5_eN4AaABAg.9mJ8JECssW29vqm1FyksG3,,,positive,0.95,disagreement,,,Equal,False
UgzNy1YsjrmUf5WlSS14AaABAg,,,negative,0.94,disagreement,,,Equal,False
UgzNy1YsjrmUf5WlSS14AaABAg.9oUKCJv6a6g9vqlafWTCAP,,,negative,0.94,disagreement,,,Equal,False
UgzHpx3ZW6asiEqFXTN4AaABAg,,,negative,0.94,disagreement,,,Equal,False
Ugyyrt02GnRUDWZLFEl4AaABAg,,,positive,0.95,disagreement,,,Equal,False
Ugwwiobxf_VlCy9676h4AaABAg,,,positive,0.95,disagreement,,,Equal,False
UgyAH52I-TJXRYLlST54AaABAg,,,positive,0.95,disagreement,,,Equal,False
UgxDyWFx0wq8a82Zgop4AaABAg,,,negative,0.83,disagreement,,,Equal,False
UgyFivtLCFmH2rNE4iZ4AaABAg,,,negative,0.95,disagreement,,,Equal,False
Ugy8CB2aPvRbX8nE6kx4AaABAg,,,negative,0.95,disagreement,,,Equal,False
UgwJmA6keICGXILGUVh4AaABAg,,,negative,0.95,disagreement,,,Equal,False
UgyTHqdpLSMUsHy5Y2R4AaABAg,,,positive,0.95,disagreement,,,Equal,False
UgyTHqdpLSMUsHy5Y2R4AaABAg.9ToFC_KLPne9TxDo5mrQi8,,,negative,0.95,disagreement,,,Equal,False
UgyTHqdpLSMUsHy5Y2R4AaABAg.9ToFC_KLPne9wNEU8mbnjc,,,negative,0.95,disagreement,,,Equal,False
UgyzsXtsCZOrvssbOtp4AaABAg,,,negative,0.95,disagreement,,,Equal,False
UgyzsXtsCZOrvssbOtp4AaABAg.9Tpvm7cm0GD9TxELp9IJ0d,,,negative,0.95,disagreement,,,Equal,False
Ugw0_ObBJHbEFznozXZ4AaABAg,,,negative,1.0,disagreement,,,Equal,False
Ugw0_ObBJHbEFznozXZ4AaABAg.9TtDm_yxn-H9wNEOFvPBBq,,,negative,0.95,disagreement,,,Equal,False
UgyhVJFe_AMNA7PcUKV4AaABAg,,,negative,0.95,disagreement,,,Equal,False
UgyhVJFe_AMNA7PcUKV4AaABAg.9TtF8gU_LVv9wNF-mgjpoM,,,negative,0.95,disagreement,,,Equal,False
UgyhVJFe_AMNA7PcUKV4AaABAg.9TtF8gU_LVv9wNGRuqz8CD,,,positive,1.0,disagreement,,,Equal,False
UgyhVJFe_AMNA7PcUKV4AaABAg.9TtF8gU_LVv9xGj5p0y7us,,,negative,1.0,disagreement,,,Equal,False
Ugy7XxmMDreYwOvTQlh4AaABAg,,,negative,0.94,disagreement,,,Equal,False
Ugy7XxmMDreYwOvTQlh4AaABAg.9ToBBHaGXQW9ToGKNUqnEf,,,negative,0.95,disagreement,,,Equal,False
Ugy7XxmMDreYwOvTQlh4AaABAg.9ToBBHaGXQW9ToZSO6fTnZ,,,negative,0.8,disagreement,,,Equal,False
Ugy7XxmMDreYwOvTQlh4AaABAg.9ToBBHaGXQW9Tpw4YfMopS,,,positive,0.95,disagreement,,,Equal,False
Ugy7XxmMDreYwOvTQlh4AaABAg.9ToBBHaGXQW9TqKNF0e-d-,,,negative,0.95,disagreement,,,Equal,False
Ugy7XxmMDreYwOvTQlh4AaABAg.9ToBBHaGXQW9Tqhxj8AzTy,,,negative,0.95,disagreement,,,Equal,False
Ugy7XxmMDreYwOvTQlh4AaABAg.9ToBBHaGXQW9wNEkJ3OtkD,,,positive,0.95,disagreement,,,Equal,False
Ugy7XxmMDreYwOvTQlh4AaABAg.9ToBBHaGXQW9wNGkebWuqy,,,positive,0.95,disagreement,,,Equal,False
Ugy7XxmMDreYwOvTQlh4AaABAg.9ToBBHaGXQW9xGitCvuNZE,,,negative,0.95,disagreement,,,Equal,False
Ugy7XxmMDreYwOvTQlh4AaABAg.9ToBBHaGXQW9xGmC0aKV1k,,,negative,1.0,disagreement,,,Equal,False
Ugyf8dYVQqx9niVItWR4AaABAg,,,negative,0.95,disagreement,,,Equal,False
