video_id,total_comments_downloaded,reason
JyQij-2-8bM,15,ok
HX8bGIwN6Q4,0,commentsDisabled
Vml7Q5mX3v8,1,ok
-XRqaDk40hg,0,commentsDisabled
A4cEAI_Yn40,17,ok
u6sCNFNhz_o,0,ok
x39IrNgERWY,2,ok
XID0dhJAmeE,2,ok
Yq0NnINcIcQ,0,commentsDisabled
wvN6G9NFjMI,0,commentsDisabled
fCALnM5U4TI,0,commentsDisabled
9Sw-3-ybGTQ,0,commentsDisabled
xXrZjObDRRs,0,commentsDisabled
fbnDYYxcjV0,0,commentsDisabled
FoowhPiZ9Nk,0,ok
DkvlSo5uRSk,0,ok
aHRLEFZCIzQ,18,ok
trlSvmfBLjc,3,ok
3AxlHyyRsQw,5,ok
97cGb1Id5e0,2,ok
Uj4vuTUwkzc,1,ok
WN9SgVyozvA,0,commentsDisabled
kBSlBrWGm50,0,commentsDisabled
IM32LH0f-9w,0,ok
SFjo4M3uvuU,0,commentsDisabled
L1y0VfZP6zY,0,ok
CPCMZI7LSN0,0,commentsDisabled
ERDH1qvZb-E,7,ok
SXdOxQZ7Sew,3,ok
e72pCF6wjLA,1,ok
NAdveqaab_g,0,commentsDisabled
42o1PjL_vZw,0,commentsDisabled
7RPGdDgbhhQ,0,commentsDisabled
9tyxHeDNFU4,0,commentsDisabled
dZOBQHp2afw,0,commentsDisabled
n5OE5Jh8W1g,0,commentsDisabled
wrDQm4krpaM,0,commentsDisabled
nAF234DsE_I,46,ok
dkFksf42B6E,73,ok
had-LSYNqqU,2,ok
G1oEY94bdWs,0,commentsDisabled
Lxsx5GQ5omM,0,commentsDisabled
NYqjucEOnNk,0,commentsDisabled
t4eDXS7d9tw,0,commentsDisabled
hBuMnYVP1S4,0,commentsDisabled
5ePsh5ADOFo,0,ok
9A4AqYj663g,0,commentsDisabled
OW8ALdGzvAI,0,commentsDisabled
uHXyDavUaLk,0,commentsDisabled
pWCyTRz2fSI,0,commentsDisabled
x6cJ550bcZU,0,commentsDisabled
3L_KHFovRf8,0,ok
2TZe9ETYJI8,0,ok
60kLyJg_ePY,0,ok
xdyRRJX4HaI,0,ok
P64y-BEpYYY,2,ok
sEkwJ77suEs,0,ok
izNRL8hAKQs,0,commentsDisabled
eErJa8iSS_o,2,ok
s-Vo04PddZg,1,ok
iT_D1sTv5Xs,1,ok
Hh0VxTy6LWc,0,commentsDisabled
giayCGoigZM,0,commentsDisabled
kY1irHy0JGg,0,commentsDisabled
5jyckxAxiF8,0,commentsDisabled
7tiY4LaDPP4,4,ok
bXILIKUdJX0,0,ok
dkabWxAEpso,0,commentsDisabled
x0Ew1zzSxR8,0,commentsDisabled
8xrsU2ChBa8,0,commentsDisabled
xQQLpXbXqdI,0,ok
om8_GAjHLMc,0,commentsDisabled
Xj4k2j1xoS4,0,ok
ha7yNsW35wU,0,commentsDisabled
DJp8zdRagVw,16,ok
OUDZhf5eiDI,4,ok
il_nOsikLXA,1,ok
sXdv7OyCgCg,0,commentsDisabled
C2gPn0siUEA,0,commentsDisabled
CVhQaBIwFys,0,commentsDisabled
Arn1ytQ7Lns,0,commentsDisabled
aQaZoVrlaaA,0,ok
eWnyDqmZT2c,0,ok
h_68AYy0mag,0,ok
ynIKtjEr1ww,2,ok
Xy-fTTDwuyA,0,commentsDisabled
uPTzkIwdt9I,0,ok
r6ddXosGVnU,0,commentsDisabled
3Xq1CKezbsA,0,commentsDisabled
AerX-Lc5_A4,2,ok
vfjZeNGEjVM,2,ok
HfezZsE-lT8,2,ok
mKJao6wkto0,0,ok
HodXlf_2Tok,1,ok
eWAdI9CrjDE,0,ok
kgeU9_Cmivc,0,commentsDisabled
etGEw37bxn4,0,commentsDisabled
3pRow7b5NA0,0,commentsDisabled
v-j9jsIzF2I,0,ok
sHYUrGrWiLs,0,ok
Q-z7FyIukNI,0,ok
v1P3QVi_-ow,0,ok
S2WnqYS1FIw,0,ok
jhqhsSy0AGY,0,ok
4PVL_P4rvVc,0,ok
Jk4w9_IKAWY,0,ok
vxAAOiDr1cE,3,ok
551Dj7UEOjY,1,ok
d7cUkACvsa8,0,commentsDisabled
BUbetii-xUI,0,ok
XhTOqmXZnEM,0,ok
iK7upwLQrFU,0,commentsDisabled
4467AOsnQ70,0,ok
gjqYcYLICFI,30,ok
8T1AnuFT6ls,13,ok
c0QP1YT2hss,6,ok
THNoe_6Kxos,2,ok
YJrFnTl06cI,4,ok
so9a3ojDlIs,1,ok
siebDicc1-A,0,ok
n5z4D1qY3V4,0,ok
5yYOfzkKbZY,0,commentsDisabled
P_OY70ulOZI,0,commentsDisabled
Gj4L5NpyaxE,0,commentsDisabled
gAgGhxBKnJI,0,commentsDisabled
x3C1oAneHR4,0,ok
AxVdpdXnRiM,0,commentsDisabled
yrf3thLngVA,0,ok
Y0wC7TAPpNE,0,ok
By6lPBZTBxg,0,ok
Ncr04i27KyU,0,ok
24IZ7rk8YaM,0,ok
uePNDKzbwts,15,ok
OqSTFXNL4bk,4,ok
oegzCMibWWU,0,ok
rsJ3Il6t-Y0,0,commentsDisabled
YcEAsBSF2lQ,0,ok
hzc35E0PJqM,0,commentsDisabled
AQohSrAc0zU,0,commentsDisabled
9t3_CdjrcvE,0,commentsDisabled
kZD8OUGe-vc,0,commentsDisabled
IQukOuSHUDY,0,commentsDisabled
FN_MjAdElrw,0,ok
GzdS_hJVbNg,0,commentsDisabled
OmWDEDYgGLg,0,ok
Vv-GoVLUIh8,0,ok
GWQNX8UtQ9s,0,commentsDisabled
p_N2qgMoB0A,0,ok
UcTbsw4CYR4,0,ok
lt6AUJUFPps,5,ok
eXUCHuQBrF8,1,ok
J0pkoymUoFI,1,ok
6mz4F_MBeMA,0,commentsDisabled
5ls6JGJgKC4,0,commentsDisabled
RPyQQjg7ScE,0,commentsDisabled
rvDt_w2QIE0,0,commentsDisabled
EeP7VuKto3w,0,commentsDisabled
J33W0uyvxuo,0,commentsDisabled
VpPwCgfss_A,0,commentsDisabled
ApXqwI9Np7E,0,commentsDisabled
DsnzasYaeCQ,0,commentsDisabled
iDU0E4HPP6g,0,commentsDisabled
CaNV6PpaPIw,0,ok
GgrJSLQasjc,0,ok
9B_gB7xdj9E,0,ok
DwHAzlYzvG0,8,ok
49IGUWXwLnw,0,commentsDisabled
pbucp_9hk_A,0,commentsDisabled
Vqqr0uYC1wc,0,commentsDisabled
krqexaRayJU,0,commentsDisabled
idbUaRVNhBA,0,commentsDisabled
H-7XEi8CHeE,0,commentsDisabled
cgoCnmeJnVw,0,commentsDisabled
lyJVdfUv5QY,0,ok
hdI2UStSqH8,0,ok
AC5oh3lIczA,12,ok
g_kPCvjDn9U,3,ok
ae8hz1dR1Ko,3,ok
kt9GJxQDhlA,1,ok
jOjh07l-K64,0,commentsDisabled
84-lYdFjPiA,0,commentsDisabled
pw_5b54gq80,0,ok
SkBt4zfoxiw,0,ok
P0XCVSh5Gys,0,ok
IgLcSBDujoM,0,commentsDisabled
tusQ48ZZiJs,0,commentsDisabled
-1LFr0cveVk,0,commentsDisabled
0s0pp_Ok808,0,ok
4-xF9V3ev8s,1,ok
Us5rc-pPe8U,0,commentsDisabled
NJ_-bz_FSMY,0,commentsDisabled
qdrW4wmNK6E,0,commentsDisabled
_PeCOwuwsXs,0,ok
39ywYN6GvWs,0,commentsDisabled
e9nogfjOMZ0,0,commentsDisabled
htpuYdEWvP8,0,commentsDisabled
MIvbOvpR5V8,0,commentsDisabled
dqwqSHbT6JY,0,commentsDisabled
xxqKuFFA7vc,0,ok
KUw6CaDm4rY,0,ok
STwhzkW5gaQ,0,ok
vVowUktO_68,0,ok
L6bYjU_R5og,0,ok
xdiTwKMTuHE,23,ok
MybzZ5vqP1A,3,ok
NwRxWdIFUek,3,ok
fSjKX9MmbtY,3,ok
X4eCxazNy0o,1,ok
N1w1iTBbni8,0,commentsDisabled
CwG0LNNQb4w,0,commentsDisabled
VZdbFB5zpxY,0,commentsDisabled
DbNO8F4Ee38,0,ok
7fAgWtD0dP4,0,commentsDisabled
z4ZAuSXP2pc,0,ok
HY1hLnnra-c,0,commentsDisabled
dawrnf5M_u0,0,ok
EQOf5mJOptw,0,ok
FmPc8WANRHI,0,ok
DhVne22uEUY,0,ok
EPZviFoQ0xA,5,ok
9wzJdex8loM,2,ok
DhQCSJ55NFA,2,ok
IJeT9K2gows,1,ok
pEkebZlW9LM,0,commentsDisabled
B82xHGB7FuY,0,commentsDisabled
TKqXM5yeeoY,0,ok
mXIJTjqu8fw,0,ok
SnIPTnEVte0,0,ok
wZ0HKIAJoaQ,0,commentsDisabled
zVrgoz7pykc,0,ok
9aJKTharwzA,0,commentsDisabled
_bdSKo-40vw,0,ok
mmU8MvV2UOY,0,commentsDisabled
bAGJ8TDVqaM,0,ok
3YGaQ1vv8kw,2,ok
R6X4m08Rrn8,2,ok
zp0AXZSpmZQ,1,ok
23ft_KC3hQo,0,commentsDisabled
So8ILXBd69k,0,commentsDisabled
WAYom3Dfzfs,0,commentsDisabled
Y_NHM2EgS6I,0,commentsDisabled
LkeoMKpqCyc,0,commentsDisabled
A33zpNK7LTw,0,commentsDisabled
p-qlLj09y1c,0,ok
9nbaymroWaI,0,ok
LVrunB17a4E,0,commentsDisabled
73ZwmGndqZ4,0,ok
01ajck2aNVg,0,ok
aIvZ-GeWOTY,0,ok
x3cTiElCr4o,0,ok
V42776uWR4E,0,ok
E0Dwv_8nzGw,0,ok
9jXidfA0LGw,7,ok
B7SAQYNnxNo,11,ok
zEKlzOInUo0,2,ok
-u-oSfCxE-0,0,ok
Fj85OANFj-U,0,ok
e2rocQfw1uQ,0,commentsDisabled
8H5bj5HNlTw,0,commentsDisabled
CTkL01_WA1Q,0,commentsDisabled
S4N9FeDGkkQ,0,commentsDisabled
DOmNqLp-f4k,0,commentsDisabled
raXWCb-hAYI,0,commentsDisabled
oMgLs6m6I5c,0,commentsDisabled
Zx1CNxT6oGg,0,commentsDisabled
soItt4viZys,5,ok
WN6SXjGDSk0,1,ok
uZpGlz9Elco,1,ok
Wq_EARUjwIs,2,ok
lfzspbgB3VM,1,ok
eR30B38Q3pU,1,ok
GU3qLw8pu7c,0,commentsDisabled
KAqFHUlnD6Q,0,commentsDisabled
PGG5q0E1qeE,0,commentsDisabled
suKsezhqKk4,0,commentsDisabled
xWWoSOtOW1E,0,commentsDisabled
6DPiy6yyjwY,0,commentsDisabled
p5sMhQSQ388,0,ok
vru2pl4DIMg,0,ok
uVHiD4puSus,0,commentsDisabled
8j1ccduOVwA,0,ok
SW-uWx7_7ts,0,ok
zYD624nM35g,0,ok
aL1wIpGmcqw,0,ok
yV4tzx4Nvnc,0,ok
pgncXkXvzkk,0,commentsDisabled
NUz-lHT48Z0,0,ok
Mds_JCiKej0,0,commentsDisabled
xXaRGLunHU0,0,ok
aYlhXyy0mg8,0,ok
DBRov8dwXEw,4,ok
3B0PKcqPdNc,12,ok
t7ufRLjDal0,3,ok
QBamUzkj5_U,6,ok
x3c9yz5Y-6s,3,ok
0cC03R5SvZ0,7,ok
y-5SUSEmSAo,3,ok
Rd3qYJ_oz1o,1,ok
GK0Fq2s5bIc,3,ok
-G2k7cwlUpw,3,ok
FPXL9WWK6gE,1,ok
HohAEDTGcp8,2,ok
JAPhRssamX4,1,ok
owDXpK7ekr0,1,ok
kowwpeRLNhs,1,ok
6pw_CG6V5l8,0,commentsDisabled
kFyL-Rjqf9E,0,commentsDisabled
G6JcJiWvML8,0,commentsDisabled
YLY_ggZCxVo,0,commentsDisabled
t0Edmt2gxoE,0,commentsDisabled
nq6f0FZXJD4,0,commentsDisabled
NJSJ5-izMUA,0,commentsDisabled
M8n3DBMC1ik,0,commentsDisabled
cqv_wfc2tuU,0,commentsDisabled
yvgvD7s9AJI,0,commentsDisabled
E8JmJ9U_r98,0,commentsDisabled
uDFozzFkVsQ,0,ok
KM2txtP4rp0,0,commentsDisabled
YS6bwZUMrVQ,0,commentsDisabled
dt--Wth4W5g,0,commentsDisabled
vC_dlDaNlzw,0,ok
Q9bIDNrfX0Q,0,commentsDisabled
XI_heZpp9Wg,0,ok
D9DDI6iMvTg,0,commentsDisabled
ErJpHhUZBgc,6,ok
VgHZUBIyRRQ,6,ok
cVOLH7Z-CJk,1,ok
Jb6rDn_b_2c,5,ok
0nmSzbU578U,2,ok
ghTdDYrGGbQ,2,ok
m8_AW0sHqLQ,1,ok
7K1FwTangec,2,ok
5OCvEJtJkd0,0,ok
Lu3HJlwWc04,1,ok
fdcjbtM4XN8,2,ok
4Fmzvu88vh4,0,ok
o8QKYK8GRsw,0,ok
o2NPPpJQtkk,1,ok
3D0iSYtIbXw,0,ok
iKhq5V3-F-c,0,ok
ldMqME5Qw_g,0,commentsDisabled
RHbdR_kTpEU,0,ok
uOuNmEnxZJA,0,commentsDisabled
o2Vw8w5XYD0,0,commentsDisabled
FhJswT8u9Hs,0,commentsDisabled
7BCOAvPXc6E,0,ok
K29tH9nLz80,0,ok
OyJVRQAQaWE,0,commentsDisabled
pXCtrzp9JTU,0,ok
IqZRskHXX_o,0,ok
nryX2OJyhYY,0,ok
ZmePh_DIUm8,0,ok
8c8UBqoXG3Y,0,commentsDisabled
SAw7t-hV-6w,0,ok
YPl76fmb3rA,0,ok
0-GVre4jAY0,0,ok
pCRKo1rAf1U,0,commentsDisabled
RpU_9bGqfG4,0,commentsDisabled
hwhaWjT-hUE,0,ok
4VHYR5IIBbM,0,ok
jMmJgLuSuZc,0,ok
NKLh79BT-bI,0,commentsDisabled
WDJQhCPEqTQ,0,ok
pgP78O86Nq4,22,ok
by0b5nejRTQ,5,ok
4UFXWEv2uXw,1,ok
R4OFlXfP948,1,ok
7uSOIcAwAYY,2,ok
bMf3HhEYPx0,2,ok
rlbZCQN_C8w,1,ok
UNx9X-_Cecw,1,ok
LNFWCFPfUgA,1,ok
10rZq5pJTBk,1,ok
wKKkFu9YJ_o,0,ok
igBGI-tOf9s,0,ok
QlC6Q2m4Pvs,0,ok
9vx-hJWgc9s,0,ok
VitrTZPEkBA,0,ok
azHBDlO9km8,0,ok
ExwBx9SETmQ,0,ok
lHIpZGyqp7Y,0,commentsDisabled
WjDhQI79mmM,0,commentsDisabled
e9fgWzhRXaI,0,commentsDisabled
crzUq8T-EfE,0,commentsDisabled
BsKyaJqn31w,0,commentsDisabled
9cDwVKJaT_E,0,ok
I8mDo13zmRQ,0,commentsDisabled
k7JxdN5oL7k,0,ok
PZZzWev7IVs,0,ok
2xF9Lf79ND0,0,ok
aNGhmeXo1RY,0,ok
AZIRxs2gv-c,0,ok
ReJsL1JOtG0,14,ok
O7fRWw7Hhac,5,ok
XPB6Uuc_stA,6,ok
WZ5WHfCQ6tg,5,ok
AWhqxaRte0k,9,ok
NED6fFAgpfQ,6,ok
tXIjqdXZYbU,0,ok
OSRwp6pZUvY,3,ok
pWkeHDEkahY,3,ok
OdvuL5y4GOk,1,ok
Uby9Ogl8Bes,0,ok
ieFxp-W5m6s,1,ok
_0wR3FaRsgk,1,ok
bG7iihLI6Uw,0,ok
0k_6TswCeBU,1,ok
lhRkvyRs_h8,1,ok
zTiVPmNbuYI,1,ok
02zC2FH4rNQ,1,ok
5uq3rTMnKRQ,0,ok
ecaqdRglJ7I,1,ok
cdRQjrkVlmE,1,ok
3WUAtVqMBJo,0,commentsDisabled
Zn499I2InlM,0,commentsDisabled
KfuqrniCP8k,0,commentsDisabled
cZ4GwS_FqNM,0,ok
EUBKUeba2D8,0,commentsDisabled
QqaTXrUXog4,0,ok
MyCiSZxi7Oo,0,commentsDisabled
B7rLyS5huL8,0,commentsDisabled
5HjJtG4sFiY,0,commentsDisabled
fIGSbXx4vm0,0,commentsDisabled
wkX-Q2pD0nY,0,ok
OLIksEQv-7E,0,commentsDisabled
V-K8W5Cxkeg,0,commentsDisabled
67PKa02I0AA,0,commentsDisabled
W5vKVFFz9wM,0,commentsDisabled
kvkk9_amQUM,0,ok
0AW_1CPTqsY,0,commentsDisabled
hWqa2eP1Pvs,0,commentsDisabled
fT0LHTf39Tc,0,ok
DgBKoR3P5V4,0,commentsDisabled
dqO4GvhGRHQ,0,commentsDisabled
YHn44y7a6M0,0,commentsDisabled
IWWW0LYU-9Q,0,ok
zg6MUz2r6LI,0,ok
S_baQGmVSs4,0,commentsDisabled
Wfy835lJNOo,0,ok
jfAq83QDxbg,0,commentsDisabled
lECfNSnivpk,0,ok
OVeHUrdXkW0,0,ok
r1Enq8qLDBo,0,ok
o5VOAjAY-Y0,0,ok
zRWkryqF1Ys,0,commentsDisabled
eSUrKIzBCwg,12,ok
dvG3iLjvyeI,7,ok
cdvulARrAOY,6,ok
8rcyDB3dtpk,7,ok
5xWNeeCK0kk,7,ok
fYlN0wwszOE,4,ok
Gvu--TMVpqI,3,ok
0TESskKckHA,3,ok
3dlyjEPynwo,2,ok
lXNVmndAa7k,1,ok
TXr8RWBowXo,3,ok
1Nz4mX6GsWU,2,ok
XyM-mISMxgw,1,ok
P5ZZjxyYAyk,1,ok
YCu_3YdvZgM,0,ok
DRKWmeAe3G0,0,ok
3Tb0ctnp984,1,ok
KeRX38ij3D0,1,ok
ezbX8xYVb8A,0,ok
rARgUJznwRk,0,ok
AQiEy3tQoqk,0,ok
Cll2Vzv_VDk,1,ok
242yXGp5moQ,1,ok
9-s8jK-XFIk,0,commentsDisabled
u4Q929yFH6k,0,commentsDisabled
dLvFwoP32zQ,0,ok
UA9uOgFih-4,0,ok
L0Sks5DNvqs,0,commentsDisabled
yywsOeQ2X04,0,commentsDisabled
6FtI5z6Q0wo,0,ok
gNoKVuId1Fs,0,ok
mowRQWtnATo,0,commentsDisabled
YQrXB0b0J3w,0,commentsDisabled
JKBAa6ZZuFE,0,ok
Wn9w6MkGhdw,0,commentsDisabled
4dEA3b4hLGY,0,commentsDisabled
my4moQ3KYAc,0,ok
dSc0V4fc4oc,0,ok
7cOWwMFGPJg,0,commentsDisabled
NrPtpN_JYP8,0,commentsDisabled
fHYXaFuv_dw,0,ok
f4UFtKEdYLE,0,commentsDisabled
tccNJ_bI7Qk,0,commentsDisabled
9Dg2QRxg5AE,0,commentsDisabled
EKyjlo6kGsA,0,ok
1aLwQoTZcYo,0,ok
26B868ziEDA,0,commentsDisabled
8UmrG96GW_o,0,commentsDisabled
MbLnnV5ly5c,0,ok
LuMprZm4nII,48,ok
w7mUkcw_LJE,9,ok
Ow6SYWyf28U,8,ok
xnJFB1ProEE,2,ok
6YYTO1gtygA,2,ok
2zgN77nsHWE,5,ok
phi4Ggq7a0g,1,ok
DHWye1lbdOk,3,ok
CIQppi4qfME,2,ok
b5DO_IlcZUQ,4,ok
VGl25nYEDNM,2,ok
dXwBrkZVAdk,1,ok
9BdKcRbuPOk,2,ok
5PpY4uXhr_I,1,ok
MUus7G_lHoA,0,ok
lHKHx1ppuuA,1,ok
hN92roqqNY4,1,ok
_l9aC6St7b8,2,ok
JNSRyP8KTHQ,0,ok
eAZP0dgCWpA,1,ok
EnkJ81hoDJk,1,ok
VNwORgb2sIU,0,ok
N6TuHw8ZTfM,1,ok
tqr8YCKQW5E,0,ok
Grh_CQ1bjYI,0,commentsDisabled
zGhnXbEzVa0,0,commentsDisabled
K0frYGwKBoQ,0,commentsDisabled
95vktwSZoVM,0,commentsDisabled
hFiyKWLNA5o,0,commentsDisabled
8ITaBIoDSJA,0,commentsDisabled
s7bktSvvMl0,0,commentsDisabled
P4NmYk8CO-w,0,commentsDisabled
srAdTcD69wY,0,commentsDisabled
7DD1RdT4-FY,0,commentsDisabled
gTLcpux-PwI,0,commentsDisabled
SxG85kcb4ec,0,commentsDisabled
xGN7oYPz_fY,0,commentsDisabled
rjo4ZFdDd4w,0,ok
6wkVExva6E4,0,commentsDisabled
32--4n1vje8,0,ok
gD9yZNNIjUU,0,ok
EH3_H0X-lqA,0,ok
zCF_NboH7NQ,0,commentsDisabled
ZQcVmbx3wf8,0,ok
JGef7sfr8G4,0,commentsDisabled
oFP3J9K4DyA,0,ok
VBw_BmgauiI,0,ok
7PLdIdQX0Yc,0,ok
Qj9muKFcSiI,0,ok
ED4wo75t7JQ,0,commentsDisabled
rBkBwo9Zjrs,0,ok
hiEaYIjBl84,0,ok
b8HRlOIM9ts,0,ok
hiyD0A1Is-Q,0,commentsDisabled
_thIKUt7N58,0,ok
0E7YtQcl3pY,33,ok
Hnjiou-0NXg,3,ok
wxmt09jAkN0,11,ok
nax7I5J7rhU,14,ok
wzEdsVPq4uc,9,ok
iQhXca4517w,7,ok
Jaf3eCj5Bk4,3,ok
Jj5_Ycwn-ig,2,ok
uNLyHAAEu7g,2,ok
4buAraR6g-s,4,ok
A26nKi_5B44,2,ok
P11D7ynrit0,2,ok
DGk4infDKw8,1,ok
yz2nIXw5M4A,1,ok
YFH5uqCWhxM,0,ok
wtDqBCm_9-Y,1,ok
g3gDP01fRqU,2,ok
ouUKsTHlGFc,1,ok
yJFkZOim9I4,0,ok
r8_3Z1ey6BY,0,ok
_MljBBTLEI0,0,commentsDisabled
Kg05zHnhbvI,0,commentsDisabled
mZ2BHXkNR2c,0,commentsDisabled
OiXNQaMmIMU,0,commentsDisabled
OL2td-y6A-c,0,commentsDisabled
x5gcmklkkdw,0,ok
BiXtop6SxMY,0,commentsDisabled
olSrc8qTSHs,0,ok
j3zFVpvb-zA,0,ok
Vl9qDUCtXa0,0,ok
QDjPYMrY-xA,0,ok
jQQGufDhmwA,31,ok
vB9sIcT1NHc,10,ok
z_t_YykWBgQ,6,ok
v9skudDPncQ,5,ok
4R43TX2g-3M,3,ok
Ak8vrIzVrKk,8,ok
HZQ4TYsd_hI,1,ok
2bkqdYmpmg0,1,ok
cp0Qf8ewG0Q,2,ok
V0n0Hz7iFbE,0,ok
_RTMtkuv91c,1,ok
wSg11DyfJTw,0,commentsDisabled
PHMQ4lN4Y7g,0,commentsDisabled
BRJ_wTcJxF4,0,ok
ZXt9LuW_KN0,0,commentsDisabled
2mJBxZ4DFxQ,0,commentsDisabled
C9aOLyFe2T4,0,commentsDisabled
bOfdwsy2mEU,0,commentsDisabled
XxLaGVRZ94Y,0,commentsDisabled
kcdXZU6-h_Y,0,ok
lDJCdGE3dqY,0,ok
YbiYfZIFeO0,0,commentsDisabled
fIeZvbQLQqs,0,commentsDisabled
s0pkMpRbQp4,0,commentsDisabled
hiDKMlIe4bc,0,ok
TXmyM3WwoFc,0,ok
H0WzI4JzA80,0,ok
xhPCQQs4p5A,0,commentsDisabled
jm_QAPezr5c,0,ok
A_LGR5uxzNc,0,commentsDisabled
WtTwdPUBuS4,0,ok
YG3XcdQeVhY,0,ok
1QnKdPN4CP0,41,ok
CK8MA3OnX9U,12,ok
c0Axfer7QC0,4,ok
yu7i_tI2gN4,4,ok
pmyVHqFlKyw,3,ok
8LElTnBX6aA,5,ok
npzxbI-fJi8,6,ok
ZpRSFEVrr98,2,ok
-hf8VtgXYPo,2,ok
XS8MEfACVvA,3,ok
ca7ykxHhlgs,2,ok
2uCCinEg6uY,1,ok
OGjWH5DwuA0,2,ok
aHRBjaUq_b8,1,ok
JYsL6EhkHwg,1,ok
Gro20J7FAA0,1,ok
i5mjAyfhG3A,1,ok
aFC9iR4I3wk,1,ok
pxtMVLkPUnk,0,ok
hSyzH1BOKzs,1,ok
_77idUINyUg,1,ok
xc-iPBaWw4A,1,ok
MGDGSN3ts2o,0,commentsDisabled
yp_AXkxxtFk,0,ok
FrjJYg1mOOU,0,commentsDisabled
f-Ae7UtYRmM,0,ok
ZqHNjY1b0tM,0,ok
8T1QXyZXoEI,0,commentsDisabled
jLf_IKftP6k,0,commentsDisabled
ESBS_xvxr-0,0,ok
jT_Vd3IF_-8,0,ok
jXZ8wPk9g4g,0,commentsDisabled
Gqf0K3Y1gFA,0,commentsDisabled
1CBEpl9OurQ,0,ok
IDzKZ0vCbys,0,commentsDisabled
J5BfdxkUU2A,0,ok
P4wJXvs-Zjw,0,ok
8H1FbGsP4vY,0,ok
GUCM75JeTwA,0,ok
14eDp6Ourq4,0,ok
Kcn4MhraXbI,0,ok
bp64_NIo2SA,0,ok
k1EQJhCjyiw,0,ok
aSTTS1K3FKI,0,commentsDisabled
RbVKqOS4Wuo,0,commentsDisabled
95huIIO0fg8,11,ok
Z2B9JqJTtmw,11,ok
ltaJi7h5tRI,13,ok
Fi5V7FmaG3w,7,ok
aEeZBmOE3cc,2,ok
H9G7hiYzy6M,6,ok
KG3SG0HM3A8,2,ok
S39QxMmFw1o,8,ok
orGQIi5yfLI,5,ok
kqT9teiqyPc,1,ok
NXCb9WTkkVg,3,ok
FFTCNm8z11s,1,ok
mcyHJwfVjL8,1,ok
xXzVD4gmnBg,2,ok
OYI8_6t7tJQ,0,ok
JioHhGkGQAQ,0,ok
yVgXj2pXg1Y,1,ok
Lw8Z14g2Hac,1,ok
7w6n3JMwfFw,1,ok
CwJL7QOopNI,1,ok
-AyfK4WcdyQ,0,ok
GFwrfNxaSXw,0,ok
Nyi_i4xePQY,0,commentsDisabled
49Ahwxu8EBE,0,commentsDisabled
XY6U6TLJs-8,0,ok
aV11RiD3-ls,0,commentsDisabled
WsL71uZTc8Q,0,ok
U79Qs-BdkaE,0,commentsDisabled
OnXeVabwAJA,0,commentsDisabled
oxIbwALJ7yo,0,ok
zECH8cqCs1Y,0,commentsDisabled
j5JVQWC2gGQ,0,ok
R_jHctgxyog,0,ok
Bbi6fhMcGME,0,commentsDisabled
iuLMt3Vlr28,0,ok
DMZmEdg4AGk,0,ok
2mWylmKuuX0,0,commentsDisabled
ttsLIPx6-Nw,0,ok
rQUDS1QaqMU,0,ok
Et8-zcdx3xs,0,ok
lsRoTTKe6UA,0,ok
P8lf_6edh6I,0,commentsDisabled
rAWpaWNQcMw,0,commentsDisabled
ziALlBvqz98,0,commentsDisabled
v2-M82tRW0g,0,commentsDisabled
PfMly58KllA,0,ok
7oXTlvyg0qQ,0,ok
akOtKVlSzyM,20,ok
PnpfAxhhZ-g,11,ok
Zn9RAuznRlY,6,ok
OvxjHzaWgWM,5,ok
IodnnMkdptg,5,ok
Qy0ND05biHM,9,ok
5ay2LaahGUw,22,ok
r5T1AMBCwB0,5,ok
ToIU9NP-wcg,3,ok
GdjQdGhIV9k,4,ok
ZoUj5yjLmeA,3,ok
WPx-nqJsRhk,3,ok
ukSE1fdqPac,2,ok
rYLyv43i9Xw,0,ok
InUrI9xlHn8,2,ok
pQsoFJ-oNGE,1,ok
PVw40GuMVUk,1,ok
K7dLhHV8IDg,1,ok
X2nhoTCryZk,1,ok
axRotKe9Ws0,1,ok
XvFLLmWsZ74,0,ok
lfbRFwxW74w,1,ok
aHio4bABiPo,0,ok
gSp300a_i6U,0,commentsDisabled
0EwLhxLLStE,0,commentsDisabled
dXqGMJC7mRA,0,commentsDisabled
0vR7dE8BA1I,0,commentsDisabled
QcZ6VGXz_TQ,0,ok
7V5Uio9F8o0,0,commentsDisabled
tPjYRVigazU,0,commentsDisabled
qBU8DNAafoM,0,commentsDisabled
xJ7N7mretNg,0,commentsDisabled
YdDjYKGG8vE,0,ok
C-G8k8c8JVc,0,ok
_1yuFOZpbUc,0,ok
0hU_zLdUUqI,0,ok
dA85sZE7SoY,0,commentsDisabled
JAb2r522MFw,0,commentsDisabled
dIoCO6kSV8k,0,ok
VpWtGFwZr3M,0,commentsDisabled
MZsEyjNw8Go,0,ok
9ydCZ6s4GZ8,0,ok
rbfXYz62USw,0,ok
AwSiWGgBq9M,0,ok
R6nDpY_K7ZQ,36,ok
eAH3OwOhRa8,12,ok
RgmhnfZTLP8,15,ok
mRTZi8yvtcU,7,ok
feHexA3rszo,7,ok
0E-76oZ8O8A,6,ok
zWOQGRZBuck,4,ok
6v7GmuTwkY0,3,ok
npjO2Hb5cjc,3,ok
uMMygt6DcEs,4,ok
9XzxvaGaeRs,3,ok
ZmmgufsbMxQ,2,ok
ZjRJUJroPFA,1,ok
C_A2yM8UrJE,0,ok
Ishk1PIOqPA,2,ok
YQHe2oclTh4,0,ok
Tt-W-vnUDXY,0,ok
IesPOqyi7Yk,1,ok
Cv7BeL5FxZE,1,ok
EFLGmWHx_0U,0,commentsDisabled
D4f6jT0IWm8,0,commentsDisabled
89eQNYbdqzs,0,commentsDisabled
a1QJNIV8Ago,0,commentsDisabled
ACV9BWy1Vzs,0,commentsDisabled
I0WE3teSlWY,0,commentsDisabled
zBpJK3WLKY0,0,commentsDisabled
pLQtYjQ-X5w,0,commentsDisabled
5VI03VQlpY4,0,ok
R6vtUfmkY3s,0,commentsDisabled
mp0VmEszidA,0,commentsDisabled
rI9macnvg5k,0,ok
JiPOnbsUhQM,0,commentsDisabled
6RGkPaujGrs,0,ok
X5nPufhsLRc,0,ok
XMq8xXfYUQg,0,ok
ENqkUBXRYyo,0,commentsDisabled
CH-rjMhbQP4,0,ok
whGq5tP0FjI,0,ok
H-bve4ja6Xk,0,commentsDisabled
i6J87opMRFw,0,ok
NHAXZL3mw-s,0,ok
kztrU51_tYM,0,ok
qyI0v1jxeik,0,ok
4D0T7hzZsy0,0,commentsDisabled
MLwX_cwjc_Q,0,ok
p6AAcU946Io,0,ok
EYDbGRXygU4,0,ok
J2vPbjbUAt8,0,commentsDisabled
F6NPlWPIVhQ,0,commentsDisabled
_jNbTCUbJhg,0,commentsDisabled
QgnL0rx6zvI,0,ok
jwa_7QmxYEo,0,commentsDisabled
k1-YDDVgBH4,0,commentsDisabled
QfbeQlWGPQQ,23,ok
bvwKmmnsEf4,14,ok
mNAGmh9pFIk,11,ok
grje2Przj6s,6,ok
uuedEfALnS4,2,ok
cedo4QFli3w,5,ok
VW1eoFtQYJo,3,ok
2oCIgjD19Vg,1,ok
LQyVMQWDUck,1,ok
zw6VwPwL_FM,1,ok
C0LycnUttQ0,1,ok
udclYrdv-nk,1,ok
YuIbH4g3W04,1,ok
GPg_xRxroNI,1,ok
jaBUV__O0w8,0,ok
WzGs0ic6mQA,0,ok
hdycmo3pqIE,0,ok
uOWfJmdmezw,1,ok
jGYwACXnWZ8,0,commentsDisabled
TuR38_7Ew5o,0,commentsDisabled
aOAT2M-TTSE,0,ok
dLPk5XJ-y74,0,commentsDisabled
ldh4VR84n4I,0,commentsDisabled
QkADxU0KcqY,0,commentsDisabled
kcd5ugO3bCY,0,commentsDisabled
vV72_tbyxNc,0,commentsDisabled
8S_g31M674s,0,commentsDisabled
N205RC6hFLY,0,ok
GY_MseQwwzo,0,ok
gdr6oPUqXps,0,commentsDisabled
v9DAqSTEaaE,0,ok
RZidzhevl2Q,0,ok
3dqe9NM7-JQ,0,ok
tpDVNxeME_c,0,ok
k5zT4ZSP9vY,0,ok
PRoWw1p0enw,0,ok
3wnz58MBuNE,1,ok
6BnyUnI9gYY,4,ok
izX2vsQvT4s,4,ok
GfgpDyNLEnc,3,ok
Kfqnk1Bs6cA,1,ok
6w5NSEGSlfE,2,ok
x_6x1JmmJzk,2,ok
5TNJlVt19Hs,0,ok
u_bFjHKVlz8,2,ok
3SooZzfp9as,1,ok
CztfImfJIBY,0,ok
f6Ks3sPb6Mk,0,ok
QgJiryEjC7E,1,ok
gvplrhWAhFc,0,commentsDisabled
-pnBz3TaZaE,0,ok
DDyuxL7_EI8,0,ok
SxeruF4Qf8U,0,ok
wTf4Hok-O1Q,0,ok
nzA9mCorR4A,0,commentsDisabled
6gqdU1Yfvo0,0,ok
VoP6xoS3PAg,0,ok
yKPSixbDfN8,0,ok
LHBIMM-wFsA,0,commentsDisabled
gqoBJC_0lEQ,0,commentsDisabled
FZXDZVOiy7c,0,ok
IkbaiwzFlBU,0,ok
wd7EQiMx59M,0,ok
FWuVHGPPDZg,0,ok
U8ihxV10E40,0,ok
tHNj1V0EluY,0,ok
b5YnGNATasc,0,ok
6i4TLEEw_wM,0,ok
AZ6fH4_ziGU,0,ok
QQU2Babg7B8,0,ok
EnKY5MmaYvg,0,ok
G3Uv-qwtKcc,0,ok
XiOZSLzmd8k,11,ok
HxpMqFLIWtA,9,ok
7pjt5FXpW0c,12,ok
2MuBcEy5o0A,9,ok
E-JBeBdqd0Y,4,ok
RKwU0E8MwLA,3,ok
y3sDejGok80,1,ok
-J-Po43_--w,7,ok
aMyhiKyCEk0,4,ok
ZJn4GGm3-s4,5,ok
zqFHEHv5JIA,4,ok
lz10b2UmMDA,3,ok
tfr9pp8KI8o,2,ok
fPzPePyJo04,2,ok
H4rzcnw_qBE,1,ok
HyeucgUgOVU,3,ok
vAdxsq4a3Tk,0,ok
hUDA-hii-UA,0,ok
Y3lAtNTo0FM,1,ok
vudAEbS9fqM,1,ok
vXXBXOdndqE,0,ok
twpCCXwj6rM,1,ok
sUju9hX9FtM,1,ok
naG6AXNAcDw,0,ok
PHOcA3DBPxs,0,ok
itGsFEkVzqw,0,ok
hFKN8soj4h8,0,commentsDisabled
QretokZE-UM,0,commentsDisabled
tgZdhP3JVus,0,commentsDisabled
PalS0cytsFM,0,ok
osiHmfH-51Y,0,ok
zXEDW8ESlmE,0,ok
BJ9mJ0VIJM4,0,commentsDisabled
8tOR58u9Lak,0,ok
CisPu9YcrVQ,0,ok
MdRIf3Qe95I,0,ok
mvUff-OmN-w,0,commentsDisabled
jHT-9wely2g,0,commentsDisabled
b-B8grtjxjs,0,commentsDisabled
kAFhHaeU38A,0,commentsDisabled
5XfBdf6FQT4,0,commentsDisabled
e0IL06ZXHFs,0,commentsDisabled
NfoYRHvaqkQ,0,commentsDisabled
YvjDtjCAdJE,0,commentsDisabled
RJzYkMvQNrw,0,commentsDisabled
IJrEyRFrZA4,0,ok
Q_L6biJsdwE,0,ok
eHw89s7cEqo,0,commentsDisabled
azpXFBvKjxQ,0,ok
T8F00H_VFuw,0,commentsDisabled
E1PFy1DGbzc,0,ok
2mcyLCbRlMk,0,ok
j6nSYjhQ4yU,25,ok
m_ABIhyh_28,7,ok
M-tRDy9KrpI,2,ok
JsGsUgRl1Ag,3,ok
l7hr4xzhFGY,1,ok
Wo9qFWlf5rg,2,ok
b9xmotSMd7c,3,ok
-MK2SR3pRF8,2,ok
QgN6pfhAWT8,2,ok
uPT9QC4lElg,0,ok
1hSqpEkwRLM,0,ok
WalEiZbkz6s,1,ok
dXvjZ8hIfQA,0,ok
9PkfcHD_a6E,1,ok
a9I69hz9THs,1,ok
mojJvlbcq8U,1,ok
EQH5pWWllXk,1,ok
QXwU-nZWJt4,0,ok
LlqpnRLmidI,0,ok
vw8K1vYlvoo,0,commentsDisabled
2PxwbwDiamU,0,commentsDisabled
mJ5_7oJSbYc,0,ok
jdexrepbavI,0,commentsDisabled
aGzDeXqV-L4,0,commentsDisabled
sDAMSarXTYc,0,commentsDisabled
LlxjD1fnC5M,0,commentsDisabled
zLDpplQZLsg,0,commentsDisabled
iu0G0ndovX8,0,ok
tL0xlE_V2-E,0,ok
YfnZOB0R19g,0,ok
26NRBIUSbGA,0,commentsDisabled
LV76n8d0T1A,0,commentsDisabled
xbR9rIvpnRQ,0,ok
rKFsUwxjEsA,0,ok
M51xsa_ZEak,0,commentsDisabled
ux-aErLbeSY,0,ok
RTOk_UoLEvw,0,commentsDisabled
odeM3Hbz7Sw,0,ok
l5Hr6vw0yBg,0,ok
HDidYFPIFAI,0,commentsDisabled
YJfnxYB3hh4,0,ok
sEqQBLnZavE,0,ok
81stlvF-Hak,0,ok
nZgFB6cx_T4,0,commentsDisabled
ipXOg3K51RI,0,ok
0hSrOVIOv1Q,0,ok
7ul9hCZtJH0,0,commentsDisabled
EhvZ9qHzxPk,0,ok
zqAQ96uUx0A,0,ok
liUBw7El5O0,0,ok
HRUYmD8VqIg,0,ok
w3HDm7fGsjo,33,ok
vrWKxBV9KMw,15,ok
wVphLBoN2-o,4,ok
-xWZM__b_lg,10,ok
N9FiVoaLTL8,10,ok
DS4iHv7361I,7,ok
d8BeOtg7jYc,5,ok
Wy3ee4Lxh2Y,7,ok
PRj_U5days8,3,ok
33GECflf3Ds,2,ok
8DB8I2LQpV8,1,ok
XfNxJSv32Vk,2,ok
ryk7P50NggE,1,ok
rf6JL5tbGcY,2,ok
ywLsFXO8Waw,1,ok
Dh6ybs9C8KQ,1,ok
Dd4K7h1VIdE,1,ok
E8RYutJl9dg,1,ok
HhCtcLFTScE,1,ok
BNLiAKMmJfA,0,ok
i6twLNWLcSI,0,commentsDisabled
tFDQ0pSOm4k,0,commentsDisabled
9u92u3eg6Jw,0,ok
yZ1L8ABB7OQ,0,ok
7wPpDz0JGDU,0,commentsDisabled
up91yoJPdTQ,0,commentsDisabled
imtiA0H4E5U,0,ok
ZiUcIkT1vZg,0,ok
YZR3zKboHI0,0,ok
8Bli9bM-a-Y,0,commentsDisabled
BKd-1bQu5pY,0,commentsDisabled
x8F9tfM_Ens,0,commentsDisabled
DPMRkXViC7c,0,ok
SSIG7w_OBOM,0,ok
16Js3IFtFOY,0,ok
xujO_f9XcpE,0,ok
QYgCDXK0YjM,0,ok
sheEEBs_HuM,0,ok
p6f1MvYFLuM,0,commentsDisabled
pcFdMlRw1Nw,0,ok
iJhYTLP6hRM,0,commentsDisabled
BZ6-yEqGM6U,0,ok
BKPDhePdjZ4,0,ok
3bWnBKAlAoU,0,ok
tU9M_bS6nLY,0,ok
aOBs-PlEPTs,0,commentsDisabled
zZeO7qdd-LQ,0,ok
5r3noRvnbBI,0,commentsDisabled
aLLUfYgDpd4,0,ok
iFedfrlFFw8,0,ok
jO-bDaZOIPY,0,commentsDisabled
GpnD4FAZ-EE,0,ok
LZDgEHOAPC0,0,ok
N2zEVwjtGAw,0,ok
rzTWbb8IIW8,0,commentsDisabled
vBAOLRfQbgw,0,ok
h78E2iKnlZ4,10,ok
UDPGzNHBtIk,8,ok
f8mh9-eoe9o,5,ok
bE-NgNztiSM,5,ok
vJA5ePgd5vA,4,ok
M_29l9JZYHc,3,ok
kNobEkZNRjo,3,ok
gytDD0EXPXQ,0,ok
O-vxmD6Go3U,2,ok
udBbTMtuJRM,1,ok
BO89ZuOJIfs,0,commentsDisabled
xs4S-F8gaeM,0,commentsDisabled
2eTsGcHWdcY,0,ok
yAqYE4fwe44,0,ok
-pkTXL3L9AE,0,commentsDisabled
MkQHPghS2gc,0,commentsDisabled
c_mRcMJ8F6c,0,ok
ZFe5Z4ilU8U,0,ok
qiFPzNBe-Bk,0,ok
XMHzNBL3xPg,0,ok
z5jvMNyAz_0,0,ok
Fi5BzGUrfBQ,0,commentsDisabled
cfmHLtkVGvM,0,ok
5EdqO0RC0ck,0,commentsDisabled
hvSPc6PL4DI,0,ok
35i5ciImtrE,3,ok
j02Kc0ujdfA,7,ok
AUhbBGg_xe4,2,ok
BUEHmHFjeQY,5,ok
8ZvCvwUVQZs,3,ok
cdwWdLsbi5I,3,ok
q6XMQQlWumQ,1,ok
Uyxf258TYME,2,ok
lFD8aH6zq0Y,3,ok
OdgkauvJJS4,2,ok
GAz-Ffe0GXM,2,ok
b47GwJ3tfQw,1,ok
vEaq_EFzSns,0,ok
GS6B6sG601Y,1,ok
iLv0P4h3qlY,0,ok
netEKi1gRJw,0,commentsDisabled
4iRijyKI3uA,0,commentsDisabled
cA7kQTdwSDM,0,commentsDisabled
hyyAztKUPdQ,0,commentsDisabled
MaQeVEB7sAU,0,commentsDisabled
W3WEMEGtK8M,0,commentsDisabled
5w80em2xTTE,0,ok
6E0vLPCHUMk,0,ok
8EDyAIllbgw,0,ok
ccXbtSwtn0g,0,ok
ZTxakmfeH1s,0,ok
j7WGA4Uf44o,0,commentsDisabled
jatUln64v_U,0,ok
8P7Gi1JbqPo,0,ok
S-e2vK3Fg-g,0,commentsDisabled
l85PyMImEII,0,commentsDisabled
OXQZ1MN9lFY,0,ok
gw2Y8FzgZXQ,0,ok
PH_sLSByqhE,0,ok
az5oV-K_Azk,4,ok
NvjfoCeY_Pw,5,ok
PElVRqYjUwU,3,ok
tfXjFlEryHo,1,ok
FlNXJ-Ss6Fo,1,ok
2klMuWfca0U,4,ok
fOWo1NJrSnA,2,ok
AqJc_cwe08k,1,ok
_wVb2fEj1mA,3,ok
Dm9n81dOiHQ,0,ok
UemiOvQ1MPc,1,ok
MDpIWCsaiTQ,1,ok
6FGhxLWxfzc,0,ok
DBAdylu5DTw,1,ok
_PI66sr4vNg,0,ok
8pYlQaqQRU8,0,commentsDisabled
SvzFhM9nEc0,0,commentsDisabled
0xZsBz1Mbo8,0,commentsDisabled
wgfKpkfEvDM,0,commentsDisabled
E63R_pIzXWs,0,commentsDisabled
pknJjObGyP8,0,ok
OpG4n-FN95I,0,commentsDisabled
5il7YlonaCE,0,commentsDisabled
j0VNEBDpLfU,0,ok
VOcjo6UKCO8,0,ok
KhRUB9q-jYQ,0,commentsDisabled
YbipIjms2Do,0,commentsDisabled
_LPVZa6mR9k,0,ok
LuM-dB2MPTo,0,commentsDisabled
MIObmzKFUII,0,ok
SlZFoUZI9fI,0,commentsDisabled
6-0mj8QRjh4,0,ok
ZQgHDLPS24Q,0,ok
WPhK8SSNdDc,0,commentsDisabled
CmLpsoRGxIA,0,ok
kRHNpsuulUU,0,ok
ItS9q3JasnY,0,ok
9Bk48knjs-o,0,ok
6i5adglrAe0,4,ok
_dyniJ7QJ1E,10,ok
364Mpy2G688,4,ok
dCdUiRGtOU8,3,ok
4U0IvB3jXis,2,ok
-Dq1aizEFQQ,1,ok
PFEy4q2G7qs,0,ok
cVW8IJ5WCeo,0,commentsDisabled
HlJ_Njek7qs,0,commentsDisabled
o9ubBcBfyuc,0,commentsDisabled
oMRArWZsG1Q,0,commentsDisabled
ZDSnrixdW2s,0,commentsDisabled
zoJXlaC4Zk8,0,commentsDisabled
lGc6yv9Y_oc,0,commentsDisabled
D_vo40hSJQ4,0,ok
oEXDEyA8zhk,0,ok
ECfkzk-VJIs,0,commentsDisabled
GBc47Pok9UY,0,ok
X_6aEfMKM4A,0,ok
lGiR7Dw62kE,0,commentsDisabled
1tR5T8Qm5Uw,0,ok
YNcGrmpVnmM,0,ok
f8Iqv1e20NM,0,commentsDisabled
IjGhU67tlo4,0,ok
6mKWQ_RdN8c,0,ok
gldnIX7a8dY,6,ok
lQN-jA58Wpk,5,ok
7a6pnR5A7YE,4,ok
CSkyeHRX1Zc,4,ok
cCFzm5zYtss,3,ok
7-MnmjamZOc,3,ok
OTm2PdCUbCE,3,ok
pLUYV383x0Y,2,ok
3tk2Pt9IZyg,3,ok
b37X2Azvln4,4,ok
nArULZyXh90,1,ok
Tq85vJkoxGI,2,ok
sFR8gbVatLI,1,ok
kr9N3Gf89uU,2,ok
-G7imBskuhE,1,ok
FtuN7rz8mNA,1,ok
BzyZszuIMXw,1,ok
cfMABm6Uocg,0,commentsDisabled
hYuIfNxGR-4,0,commentsDisabled
jekxqVWJYlA,0,commentsDisabled
uVwrBpes9UQ,0,ok
co5mkiuThl8,0,commentsDisabled
ruFDRQPcCes,0,ok
Xnb9EE823j8,0,commentsDisabled
18TrgKrQjIQ,0,ok
Rw5Cp1czWbA,0,commentsDisabled
CoCUeG_-iEE,0,commentsDisabled
VjfPFcRUYg0,0,ok
GVoIT02se9Y,0,ok
At0Vc28tnuE,0,ok
5_gCqDwlWLI,0,commentsDisabled
SLuW92aMNss,0,ok
4AbWg1t4YAw,0,commentsDisabled
ImFdawvN-yQ,0,ok
3yF9qh6-IEo,0,commentsDisabled
r2NmGGkF8-I,0,commentsDisabled
LOLoJfLaxfI,0,ok
5lg8zynurSw,0,ok
nOUfNQsRDwc,0,commentsDisabled
KFgmn4wQdT4,0,commentsDisabled
68KPMtEtFHY,0,commentsDisabled
862MHBm-5Iw,0,commentsDisabled
UOGoQ1Pyu0o,0,ok
iY4htNG4MWU,0,commentsDisabled
uASH881BxE8,0,ok
3-TBjPQBNZ4,0,commentsDisabled
Wswus79UY8w,7,ok
O-Dt7gh2NSg,1,ok
HtZ4yNsWrKQ,0,ok
c2gJsj0kRH4,0,commentsDisabled
AqC7IfQ41uY,0,commentsDisabled
dEI6rCIrnyc,0,commentsDisabled
1EWTzsqBRwk,0,commentsDisabled
HX8bGIwN6Q4,0,commentsDisabled
-XRqaDk40hg,0,commentsDisabled
u6sCNFNhz_o,0,ok
Yq0NnINcIcQ,0,commentsDisabled
wvN6G9NFjMI,0,commentsDisabled
fCALnM5U4TI,0,commentsDisabled
9Sw-3-ybGTQ,0,commentsDisabled
xXrZjObDRRs,0,commentsDisabled
fbnDYYxcjV0,0,commentsDisabled
FoowhPiZ9Nk,0,ok
DkvlSo5uRSk,0,ok
WN9SgVyozvA,0,commentsDisabled
kBSlBrWGm50,0,commentsDisabled
IM32LH0f-9w,0,ok
SFjo4M3uvuU,0,commentsDisabled
L1y0VfZP6zY,0,ok
CPCMZI7LSN0,0,commentsDisabled
NAdveqaab_g,0,commentsDisabled
42o1PjL_vZw,0,commentsDisabled
7RPGdDgbhhQ,0,commentsDisabled
9tyxHeDNFU4,0,commentsDisabled
dZOBQHp2afw,0,commentsDisabled
n5OE5Jh8W1g,0,commentsDisabled
wrDQm4krpaM,0,commentsDisabled
G1oEY94bdWs,0,commentsDisabled
Lxsx5GQ5omM,0,commentsDisabled
NYqjucEOnNk,0,commentsDisabled
t4eDXS7d9tw,0,commentsDisabled
hBuMnYVP1S4,0,commentsDisabled
5ePsh5ADOFo,0,ok
9A4AqYj663g,0,commentsDisabled
OW8ALdGzvAI,0,commentsDisabled
uHXyDavUaLk,0,commentsDisabled
pWCyTRz2fSI,0,commentsDisabled
x6cJ550bcZU,0,commentsDisabled
3L_KHFovRf8,0,ok
2TZe9ETYJI8,0,ok
60kLyJg_ePY,0,ok
xdyRRJX4HaI,0,ok
sEkwJ77suEs,0,ok
izNRL8hAKQs,0,commentsDisabled
Hh0VxTy6LWc,0,commentsDisabled
giayCGoigZM,0,commentsDisabled
kY1irHy0JGg,0,commentsDisabled
5jyckxAxiF8,0,commentsDisabled
bXILIKUdJX0,0,ok
dkabWxAEpso,0,commentsDisabled
x0Ew1zzSxR8,0,commentsDisabled
8xrsU2ChBa8,0,commentsDisabled
xQQLpXbXqdI,0,ok
om8_GAjHLMc,0,commentsDisabled
Xj4k2j1xoS4,0,ok
ha7yNsW35wU,0,commentsDisabled
sXdv7OyCgCg,0,commentsDisabled
C2gPn0siUEA,0,commentsDisabled
CVhQaBIwFys,0,commentsDisabled
Arn1ytQ7Lns,0,commentsDisabled
aQaZoVrlaaA,0,ok
eWnyDqmZT2c,0,ok
h_68AYy0mag,0,ok
Xy-fTTDwuyA,0,commentsDisabled
uPTzkIwdt9I,0,ok
r6ddXosGVnU,0,commentsDisabled
3Xq1CKezbsA,0,commentsDisabled
mKJao6wkto0,0,ok
eWAdI9CrjDE,0,ok
kgeU9_Cmivc,0,commentsDisabled
etGEw37bxn4,0,commentsDisabled
3pRow7b5NA0,0,commentsDisabled
v-j9jsIzF2I,0,ok
sHYUrGrWiLs,0,ok
Q-z7FyIukNI,0,ok
v1P3QVi_-ow,0,ok
S2WnqYS1FIw,0,ok
jhqhsSy0AGY,0,ok
4PVL_P4rvVc,0,ok
Jk4w9_IKAWY,0,ok
d7cUkACvsa8,0,commentsDisabled
BUbetii-xUI,0,ok
XhTOqmXZnEM,0,ok
iK7upwLQrFU,0,commentsDisabled
4467AOsnQ70,0,ok
siebDicc1-A,0,ok
n5z4D1qY3V4,0,ok
5yYOfzkKbZY,0,commentsDisabled
P_OY70ulOZI,0,commentsDisabled
Gj4L5NpyaxE,0,commentsDisabled
gAgGhxBKnJI,0,commentsDisabled
x3C1oAneHR4,0,ok
AxVdpdXnRiM,0,commentsDisabled
yrf3thLngVA,0,ok
Y0wC7TAPpNE,0,ok
By6lPBZTBxg,0,ok
Ncr04i27KyU,0,ok
24IZ7rk8YaM,0,ok
oegzCMibWWU,0,ok
rsJ3Il6t-Y0,0,commentsDisabled
YcEAsBSF2lQ,0,ok
hzc35E0PJqM,0,commentsDisabled
AQohSrAc0zU,0,commentsDisabled
9t3_CdjrcvE,0,commentsDisabled
kZD8OUGe-vc,0,commentsDisabled
IQukOuSHUDY,0,commentsDisabled
FN_MjAdElrw,0,ok
GzdS_hJVbNg,0,commentsDisabled
OmWDEDYgGLg,0,ok
Vv-GoVLUIh8,0,ok
GWQNX8UtQ9s,0,commentsDisabled
p_N2qgMoB0A,0,ok
UcTbsw4CYR4,0,ok
6mz4F_MBeMA,0,commentsDisabled
5ls6JGJgKC4,0,commentsDisabled
RPyQQjg7ScE,0,commentsDisabled
rvDt_w2QIE0,0,commentsDisabled
EeP7VuKto3w,0,commentsDisabled
J33W0uyvxuo,0,commentsDisabled
VpPwCgfss_A,0,commentsDisabled
ApXqwI9Np7E,0,commentsDisabled
DsnzasYaeCQ,0,commentsDisabled
iDU0E4HPP6g,0,commentsDisabled
CaNV6PpaPIw,0,ok
GgrJSLQasjc,0,ok
9B_gB7xdj9E,0,ok
49IGUWXwLnw,0,commentsDisabled
pbucp_9hk_A,0,commentsDisabled
Vqqr0uYC1wc,0,commentsDisabled
krqexaRayJU,0,commentsDisabled
idbUaRVNhBA,0,commentsDisabled
H-7XEi8CHeE,0,commentsDisabled
cgoCnmeJnVw,0,commentsDisabled
lyJVdfUv5QY,0,ok
hdI2UStSqH8,0,ok
jOjh07l-K64,0,commentsDisabled
84-lYdFjPiA,0,commentsDisabled
pw_5b54gq80,0,ok
SkBt4zfoxiw,0,ok
P0XCVSh5Gys,0,ok
IgLcSBDujoM,0,commentsDisabled
tusQ48ZZiJs,0,commentsDisabled
-1LFr0cveVk,0,commentsDisabled
0s0pp_Ok808,0,ok
Us5rc-pPe8U,0,commentsDisabled
NJ_-bz_FSMY,0,commentsDisabled
qdrW4wmNK6E,0,commentsDisabled
_PeCOwuwsXs,0,ok
39ywYN6GvWs,0,commentsDisabled
e9nogfjOMZ0,0,commentsDisabled
htpuYdEWvP8,0,commentsDisabled
MIvbOvpR5V8,0,commentsDisabled
dqwqSHbT6JY,0,commentsDisabled
xxqKuFFA7vc,0,ok
KUw6CaDm4rY,0,ok
STwhzkW5gaQ,0,ok
vVowUktO_68,0,ok
L6bYjU_R5og,0,ok
N1w1iTBbni8,0,commentsDisabled
CwG0LNNQb4w,0,commentsDisabled
VZdbFB5zpxY,0,commentsDisabled
DbNO8F4Ee38,0,ok
7fAgWtD0dP4,0,commentsDisabled
z4ZAuSXP2pc,0,ok
HY1hLnnra-c,0,commentsDisabled
dawrnf5M_u0,0,ok
EQOf5mJOptw,0,ok
FmPc8WANRHI,0,ok
DhVne22uEUY,0,ok
pEkebZlW9LM,0,commentsDisabled
B82xHGB7FuY,0,commentsDisabled
TKqXM5yeeoY,0,ok
mXIJTjqu8fw,0,ok
SnIPTnEVte0,0,ok
wZ0HKIAJoaQ,0,commentsDisabled
zVrgoz7pykc,0,ok
9aJKTharwzA,0,commentsDisabled
_bdSKo-40vw,0,ok
mmU8MvV2UOY,0,commentsDisabled
bAGJ8TDVqaM,0,ok
23ft_KC3hQo,0,commentsDisabled
So8ILXBd69k,0,commentsDisabled
WAYom3Dfzfs,0,commentsDisabled
Y_NHM2EgS6I,0,commentsDisabled
LkeoMKpqCyc,0,commentsDisabled
A33zpNK7LTw,0,commentsDisabled
p-qlLj09y1c,0,ok
9nbaymroWaI,0,ok
LVrunB17a4E,0,commentsDisabled
73ZwmGndqZ4,0,ok
01ajck2aNVg,0,ok
aIvZ-GeWOTY,0,ok
x3cTiElCr4o,0,ok
V42776uWR4E,0,ok
E0Dwv_8nzGw,0,ok
-u-oSfCxE-0,0,ok
Fj85OANFj-U,0,ok
e2rocQfw1uQ,0,commentsDisabled
8H5bj5HNlTw,0,commentsDisabled
CTkL01_WA1Q,0,commentsDisabled
S4N9FeDGkkQ,0,commentsDisabled
DOmNqLp-f4k,0,commentsDisabled
raXWCb-hAYI,0,commentsDisabled
oMgLs6m6I5c,0,commentsDisabled
Zx1CNxT6oGg,0,commentsDisabled
GU3qLw8pu7c,0,commentsDisabled
KAqFHUlnD6Q,0,commentsDisabled
PGG5q0E1qeE,0,commentsDisabled
suKsezhqKk4,0,commentsDisabled
xWWoSOtOW1E,0,commentsDisabled
6DPiy6yyjwY,0,commentsDisabled
p5sMhQSQ388,0,ok
vru2pl4DIMg,0,ok
uVHiD4puSus,0,commentsDisabled
8j1ccduOVwA,0,ok
SW-uWx7_7ts,0,ok
zYD624nM35g,0,ok
aL1wIpGmcqw,0,ok
yV4tzx4Nvnc,0,ok
pgncXkXvzkk,0,commentsDisabled
NUz-lHT48Z0,0,ok
Mds_JCiKej0,0,commentsDisabled
xXaRGLunHU0,0,ok
aYlhXyy0mg8,0,ok
6pw_CG6V5l8,0,commentsDisabled
kFyL-Rjqf9E,0,commentsDisabled
G6JcJiWvML8,0,commentsDisabled
YLY_ggZCxVo,0,commentsDisabled
t0Edmt2gxoE,0,commentsDisabled
nq6f0FZXJD4,0,commentsDisabled
NJSJ5-izMUA,0,commentsDisabled
M8n3DBMC1ik,0,commentsDisabled
cqv_wfc2tuU,0,commentsDisabled
yvgvD7s9AJI,0,commentsDisabled
E8JmJ9U_r98,0,commentsDisabled
uDFozzFkVsQ,0,ok
KM2txtP4rp0,0,commentsDisabled
YS6bwZUMrVQ,0,commentsDisabled
dt--Wth4W5g,0,commentsDisabled
vC_dlDaNlzw,0,ok
Q9bIDNrfX0Q,0,commentsDisabled
XI_heZpp9Wg,0,ok
D9DDI6iMvTg,0,commentsDisabled
5OCvEJtJkd0,0,ok
4Fmzvu88vh4,0,ok
o8QKYK8GRsw,1,ok
3D0iSYtIbXw,0,ok
iKhq5V3-F-c,0,ok
ldMqME5Qw_g,0,commentsDisabled
RHbdR_kTpEU,0,ok
uOuNmEnxZJA,0,commentsDisabled
o2Vw8w5XYD0,0,commentsDisabled
FhJswT8u9Hs,0,commentsDisabled
7BCOAvPXc6E,0,ok
K29tH9nLz80,0,ok
OyJVRQAQaWE,0,commentsDisabled
pXCtrzp9JTU,0,ok
IqZRskHXX_o,0,ok
nryX2OJyhYY,0,ok
ZmePh_DIUm8,0,ok
8c8UBqoXG3Y,0,commentsDisabled
SAw7t-hV-6w,0,ok
YPl76fmb3rA,0,ok
0-GVre4jAY0,0,ok
pCRKo1rAf1U,0,commentsDisabled
RpU_9bGqfG4,0,commentsDisabled
hwhaWjT-hUE,0,ok
4VHYR5IIBbM,0,ok
jMmJgLuSuZc,0,ok
NKLh79BT-bI,0,commentsDisabled
WDJQhCPEqTQ,0,ok
wKKkFu9YJ_o,0,ok
igBGI-tOf9s,0,ok
QlC6Q2m4Pvs,0,ok
9vx-hJWgc9s,0,ok
VitrTZPEkBA,0,ok
azHBDlO9km8,0,ok
ExwBx9SETmQ,0,ok
lHIpZGyqp7Y,0,commentsDisabled
WjDhQI79mmM,0,commentsDisabled
e9fgWzhRXaI,0,commentsDisabled
crzUq8T-EfE,0,commentsDisabled
BsKyaJqn31w,0,commentsDisabled
9cDwVKJaT_E,0,ok
I8mDo13zmRQ,0,commentsDisabled
k7JxdN5oL7k,0,ok
PZZzWev7IVs,0,ok
2xF9Lf79ND0,0,ok
aNGhmeXo1RY,0,ok
AZIRxs2gv-c,0,ok
tXIjqdXZYbU,0,ok
Uby9Ogl8Bes,0,ok
bG7iihLI6Uw,0,ok
5uq3rTMnKRQ,0,ok
3WUAtVqMBJo,0,commentsDisabled
Zn499I2InlM,0,commentsDisabled
KfuqrniCP8k,0,commentsDisabled
cZ4GwS_FqNM,0,ok
EUBKUeba2D8,0,commentsDisabled
QqaTXrUXog4,0,ok
MyCiSZxi7Oo,0,commentsDisabled
B7rLyS5huL8,0,commentsDisabled
5HjJtG4sFiY,0,commentsDisabled
fIGSbXx4vm0,0,commentsDisabled
wkX-Q2pD0nY,0,ok
OLIksEQv-7E,0,commentsDisabled
V-K8W5Cxkeg,0,commentsDisabled
67PKa02I0AA,0,commentsDisabled
W5vKVFFz9wM,0,commentsDisabled
kvkk9_amQUM,0,ok
0AW_1CPTqsY,0,commentsDisabled
hWqa2eP1Pvs,0,commentsDisabled
fT0LHTf39Tc,0,ok
DgBKoR3P5V4,0,commentsDisabled
dqO4GvhGRHQ,0,commentsDisabled
YHn44y7a6M0,0,commentsDisabled
IWWW0LYU-9Q,0,ok
zg6MUz2r6LI,0,ok
S_baQGmVSs4,0,commentsDisabled
Wfy835lJNOo,0,ok
jfAq83QDxbg,0,commentsDisabled
lECfNSnivpk,0,ok
OVeHUrdXkW0,0,ok
r1Enq8qLDBo,0,ok
o5VOAjAY-Y0,0,ok
zRWkryqF1Ys,0,commentsDisabled
YCu_3YdvZgM,0,ok
DRKWmeAe3G0,0,ok
ezbX8xYVb8A,0,ok
rARgUJznwRk,0,ok
AQiEy3tQoqk,0,ok
9-s8jK-XFIk,0,commentsDisabled
u4Q929yFH6k,0,commentsDisabled
dLvFwoP32zQ,0,ok
UA9uOgFih-4,0,ok
L0Sks5DNvqs,0,commentsDisabled
yywsOeQ2X04,0,commentsDisabled
6FtI5z6Q0wo,0,ok
gNoKVuId1Fs,0,ok
mowRQWtnATo,0,commentsDisabled
YQrXB0b0J3w,0,commentsDisabled
JKBAa6ZZuFE,0,ok
Wn9w6MkGhdw,0,commentsDisabled
4dEA3b4hLGY,0,commentsDisabled
my4moQ3KYAc,0,ok
dSc0V4fc4oc,0,ok
7cOWwMFGPJg,0,commentsDisabled
NrPtpN_JYP8,0,commentsDisabled
fHYXaFuv_dw,0,ok
f4UFtKEdYLE,0,commentsDisabled
tccNJ_bI7Qk,0,commentsDisabled
9Dg2QRxg5AE,0,commentsDisabled
EKyjlo6kGsA,0,ok
1aLwQoTZcYo,0,ok
26B868ziEDA,0,commentsDisabled
8UmrG96GW_o,0,commentsDisabled
MbLnnV5ly5c,0,ok
MUus7G_lHoA,1,ok
JNSRyP8KTHQ,1,ok
VNwORgb2sIU,0,ok
tqr8YCKQW5E,0,ok
Grh_CQ1bjYI,0,commentsDisabled
zGhnXbEzVa0,0,commentsDisabled
K0frYGwKBoQ,0,commentsDisabled
95vktwSZoVM,0,commentsDisabled
hFiyKWLNA5o,0,commentsDisabled
8ITaBIoDSJA,0,commentsDisabled
s7bktSvvMl0,0,commentsDisabled
P4NmYk8CO-w,0,commentsDisabled
srAdTcD69wY,0,commentsDisabled
7DD1RdT4-FY,0,commentsDisabled
gTLcpux-PwI,0,commentsDisabled
SxG85kcb4ec,0,commentsDisabled
xGN7oYPz_fY,0,commentsDisabled
rjo4ZFdDd4w,0,ok
6wkVExva6E4,0,commentsDisabled
32--4n1vje8,0,ok
gD9yZNNIjUU,0,ok
EH3_H0X-lqA,0,ok
zCF_NboH7NQ,0,commentsDisabled
ZQcVmbx3wf8,0,ok
JGef7sfr8G4,0,commentsDisabled
oFP3J9K4DyA,0,ok
VBw_BmgauiI,0,ok
7PLdIdQX0Yc,0,ok
Qj9muKFcSiI,0,ok
ED4wo75t7JQ,0,commentsDisabled
rBkBwo9Zjrs,0,ok
hiEaYIjBl84,0,ok
b8HRlOIM9ts,0,ok
hiyD0A1Is-Q,0,commentsDisabled
_thIKUt7N58,0,ok
YFH5uqCWhxM,0,ok
yJFkZOim9I4,0,ok
r8_3Z1ey6BY,0,ok
_MljBBTLEI0,0,commentsDisabled
Kg05zHnhbvI,0,commentsDisabled
mZ2BHXkNR2c,0,commentsDisabled
OiXNQaMmIMU,0,commentsDisabled
OL2td-y6A-c,0,commentsDisabled
x5gcmklkkdw,0,ok
BiXtop6SxMY,0,commentsDisabled
olSrc8qTSHs,0,ok
j3zFVpvb-zA,0,ok
Vl9qDUCtXa0,0,ok
QDjPYMrY-xA,0,ok
V0n0Hz7iFbE,0,ok
wSg11DyfJTw,0,commentsDisabled
PHMQ4lN4Y7g,0,commentsDisabled
BRJ_wTcJxF4,0,ok
ZXt9LuW_KN0,0,commentsDisabled
2mJBxZ4DFxQ,0,commentsDisabled
C9aOLyFe2T4,0,commentsDisabled
bOfdwsy2mEU,0,commentsDisabled
XxLaGVRZ94Y,0,commentsDisabled
kcdXZU6-h_Y,0,ok
lDJCdGE3dqY,0,ok
YbiYfZIFeO0,0,commentsDisabled
fIeZvbQLQqs,0,commentsDisabled
s0pkMpRbQp4,0,commentsDisabled
hiDKMlIe4bc,0,ok
TXmyM3WwoFc,0,ok
H0WzI4JzA80,0,ok
xhPCQQs4p5A,0,commentsDisabled
jm_QAPezr5c,0,ok
A_LGR5uxzNc,0,commentsDisabled
WtTwdPUBuS4,0,ok
YG3XcdQeVhY,0,ok
pxtMVLkPUnk,0,ok
MGDGSN3ts2o,0,commentsDisabled
yp_AXkxxtFk,0,ok
FrjJYg1mOOU,0,commentsDisabled
f-Ae7UtYRmM,0,ok
ZqHNjY1b0tM,0,ok
8T1QXyZXoEI,0,commentsDisabled
jLf_IKftP6k,0,commentsDisabled
ESBS_xvxr-0,0,ok
jT_Vd3IF_-8,0,ok
jXZ8wPk9g4g,0,commentsDisabled
Gqf0K3Y1gFA,0,commentsDisabled
1CBEpl9OurQ,0,ok
IDzKZ0vCbys,0,commentsDisabled
J5BfdxkUU2A,0,ok
P4wJXvs-Zjw,0,ok
8H1FbGsP4vY,0,ok
GUCM75JeTwA,0,ok
14eDp6Ourq4,0,ok
Kcn4MhraXbI,0,ok
bp64_NIo2SA,0,ok
k1EQJhCjyiw,0,ok
aSTTS1K3FKI,0,commentsDisabled
RbVKqOS4Wuo,0,commentsDisabled
OYI8_6t7tJQ,1,ok
JioHhGkGQAQ,0,ok
-AyfK4WcdyQ,0,ok
GFwrfNxaSXw,0,ok
Nyi_i4xePQY,0,commentsDisabled
49Ahwxu8EBE,0,commentsDisabled
XY6U6TLJs-8,0,ok
aV11RiD3-ls,0,commentsDisabled
WsL71uZTc8Q,0,ok
U79Qs-BdkaE,0,commentsDisabled
OnXeVabwAJA,0,commentsDisabled
oxIbwALJ7yo,0,ok
zECH8cqCs1Y,0,commentsDisabled
j5JVQWC2gGQ,0,ok
R_jHctgxyog,0,ok
Bbi6fhMcGME,0,commentsDisabled
iuLMt3Vlr28,0,ok
DMZmEdg4AGk,0,ok
2mWylmKuuX0,0,commentsDisabled
ttsLIPx6-Nw,0,ok
rQUDS1QaqMU,0,ok
Et8-zcdx3xs,0,ok
lsRoTTKe6UA,0,ok
P8lf_6edh6I,0,commentsDisabled
rAWpaWNQcMw,0,commentsDisabled
ziALlBvqz98,0,commentsDisabled
v2-M82tRW0g,0,commentsDisabled
PfMly58KllA,0,ok
7oXTlvyg0qQ,0,ok
rYLyv43i9Xw,0,ok
XvFLLmWsZ74,1,ok
aHio4bABiPo,0,ok
gSp300a_i6U,0,commentsDisabled
0EwLhxLLStE,0,commentsDisabled
dXqGMJC7mRA,0,commentsDisabled
0vR7dE8BA1I,0,commentsDisabled
QcZ6VGXz_TQ,0,ok
7V5Uio9F8o0,0,commentsDisabled
tPjYRVigazU,0,commentsDisabled
qBU8DNAafoM,0,commentsDisabled
xJ7N7mretNg,0,commentsDisabled
YdDjYKGG8vE,0,ok
C-G8k8c8JVc,0,ok
_1yuFOZpbUc,0,ok
0hU_zLdUUqI,0,ok
dA85sZE7SoY,0,commentsDisabled
JAb2r522MFw,0,commentsDisabled
dIoCO6kSV8k,0,ok
VpWtGFwZr3M,0,commentsDisabled
MZsEyjNw8Go,0,ok
9ydCZ6s4GZ8,0,ok
rbfXYz62USw,0,ok
AwSiWGgBq9M,0,ok
C_A2yM8UrJE,0,ok
YQHe2oclTh4,0,ok
Tt-W-vnUDXY,1,ok
EFLGmWHx_0U,0,commentsDisabled
D4f6jT0IWm8,0,commentsDisabled
89eQNYbdqzs,0,commentsDisabled
a1QJNIV8Ago,0,commentsDisabled
ACV9BWy1Vzs,0,commentsDisabled
I0WE3teSlWY,0,commentsDisabled
zBpJK3WLKY0,0,commentsDisabled
pLQtYjQ-X5w,0,commentsDisabled
5VI03VQlpY4,0,ok
R6vtUfmkY3s,0,commentsDisabled
mp0VmEszidA,0,commentsDisabled
rI9macnvg5k,0,ok
JiPOnbsUhQM,0,commentsDisabled
6RGkPaujGrs,0,ok
X5nPufhsLRc,0,ok
XMq8xXfYUQg,0,ok
ENqkUBXRYyo,0,commentsDisabled
CH-rjMhbQP4,0,ok
whGq5tP0FjI,0,ok
H-bve4ja6Xk,0,commentsDisabled
i6J87opMRFw,0,ok
NHAXZL3mw-s,0,ok
kztrU51_tYM,0,ok
qyI0v1jxeik,0,ok
4D0T7hzZsy0,0,commentsDisabled
MLwX_cwjc_Q,0,ok
p6AAcU946Io,0,ok
EYDbGRXygU4,0,ok
J2vPbjbUAt8,0,commentsDisabled
F6NPlWPIVhQ,0,commentsDisabled
_jNbTCUbJhg,0,commentsDisabled
QgnL0rx6zvI,0,ok
jwa_7QmxYEo,0,commentsDisabled
k1-YDDVgBH4,0,commentsDisabled
jaBUV__O0w8,0,ok
WzGs0ic6mQA,0,ok
hdycmo3pqIE,0,ok
jGYwACXnWZ8,0,commentsDisabled
TuR38_7Ew5o,0,commentsDisabled
aOAT2M-TTSE,0,ok
dLPk5XJ-y74,0,commentsDisabled
ldh4VR84n4I,0,commentsDisabled
QkADxU0KcqY,0,commentsDisabled
kcd5ugO3bCY,0,commentsDisabled
vV72_tbyxNc,0,commentsDisabled
8S_g31M674s,0,commentsDisabled
N205RC6hFLY,0,ok
GY_MseQwwzo,0,ok
gdr6oPUqXps,0,commentsDisabled
v9DAqSTEaaE,0,ok
RZidzhevl2Q,0,ok
3dqe9NM7-JQ,0,ok
tpDVNxeME_c,0,ok
k5zT4ZSP9vY,0,ok
PRoWw1p0enw,0,ok
5TNJlVt19Hs,0,ok
CztfImfJIBY,0,ok
f6Ks3sPb6Mk,0,ok
gvplrhWAhFc,0,commentsDisabled
-pnBz3TaZaE,0,ok
DDyuxL7_EI8,0,ok
SxeruF4Qf8U,0,ok
wTf4Hok-O1Q,0,ok
nzA9mCorR4A,0,commentsDisabled
6gqdU1Yfvo0,0,ok
VoP6xoS3PAg,0,ok
yKPSixbDfN8,0,ok
LHBIMM-wFsA,0,commentsDisabled
gqoBJC_0lEQ,0,commentsDisabled
FZXDZVOiy7c,0,ok
IkbaiwzFlBU,0,ok
wd7EQiMx59M,0,ok
FWuVHGPPDZg,0,ok
U8ihxV10E40,0,ok
tHNj1V0EluY,0,ok
b5YnGNATasc,0,ok
6i4TLEEw_wM,0,ok
AZ6fH4_ziGU,0,ok
QQU2Babg7B8,0,ok
EnKY5MmaYvg,0,ok
G3Uv-qwtKcc,0,ok
vAdxsq4a3Tk,0,ok
hUDA-hii-UA,0,ok
vXXBXOdndqE,1,ok
naG6AXNAcDw,0,ok
PHOcA3DBPxs,0,ok
itGsFEkVzqw,0,ok
hFKN8soj4h8,0,commentsDisabled
QretokZE-UM,0,commentsDisabled
tgZdhP3JVus,0,commentsDisabled
PalS0cytsFM,0,ok
osiHmfH-51Y,0,ok
zXEDW8ESlmE,0,ok
BJ9mJ0VIJM4,0,commentsDisabled
8tOR58u9Lak,0,ok
CisPu9YcrVQ,0,ok
MdRIf3Qe95I,0,ok
mvUff-OmN-w,0,commentsDisabled
jHT-9wely2g,0,commentsDisabled
b-B8grtjxjs,0,commentsDisabled
kAFhHaeU38A,0,commentsDisabled
5XfBdf6FQT4,0,commentsDisabled
e0IL06ZXHFs,0,commentsDisabled
NfoYRHvaqkQ,0,commentsDisabled
YvjDtjCAdJE,0,commentsDisabled
RJzYkMvQNrw,0,commentsDisabled
IJrEyRFrZA4,0,ok
Q_L6biJsdwE,0,ok
eHw89s7cEqo,0,commentsDisabled
azpXFBvKjxQ,0,ok
T8F00H_VFuw,0,commentsDisabled
E1PFy1DGbzc,0,ok
2mcyLCbRlMk,0,ok
uPT9QC4lElg,1,ok
1hSqpEkwRLM,0,ok
dXvjZ8hIfQA,0,ok
QXwU-nZWJt4,0,ok
LlqpnRLmidI,1,ok
vw8K1vYlvoo,0,commentsDisabled
2PxwbwDiamU,0,commentsDisabled
mJ5_7oJSbYc,0,ok
jdexrepbavI,0,commentsDisabled
aGzDeXqV-L4,0,commentsDisabled
sDAMSarXTYc,0,commentsDisabled
LlxjD1fnC5M,0,commentsDisabled
zLDpplQZLsg,0,commentsDisabled
iu0G0ndovX8,0,ok
tL0xlE_V2-E,0,ok
YfnZOB0R19g,0,ok
26NRBIUSbGA,0,commentsDisabled
LV76n8d0T1A,0,commentsDisabled
xbR9rIvpnRQ,0,ok
rKFsUwxjEsA,0,ok
M51xsa_ZEak,0,commentsDisabled
ux-aErLbeSY,0,ok
RTOk_UoLEvw,0,commentsDisabled
odeM3Hbz7Sw,0,ok
l5Hr6vw0yBg,0,ok
HDidYFPIFAI,0,commentsDisabled
YJfnxYB3hh4,0,ok
sEqQBLnZavE,0,ok
81stlvF-Hak,0,ok
nZgFB6cx_T4,0,commentsDisabled
ipXOg3K51RI,0,ok
0hSrOVIOv1Q,0,ok
7ul9hCZtJH0,0,commentsDisabled
EhvZ9qHzxPk,0,ok
zqAQ96uUx0A,0,ok
liUBw7El5O0,0,ok
HRUYmD8VqIg,0,ok
BNLiAKMmJfA,0,ok
i6twLNWLcSI,0,commentsDisabled
tFDQ0pSOm4k,0,commentsDisabled
9u92u3eg6Jw,0,ok
yZ1L8ABB7OQ,0,ok
7wPpDz0JGDU,0,commentsDisabled
up91yoJPdTQ,0,commentsDisabled
imtiA0H4E5U,0,ok
ZiUcIkT1vZg,0,ok
YZR3zKboHI0,0,ok
8Bli9bM-a-Y,0,commentsDisabled
BKd-1bQu5pY,0,commentsDisabled
x8F9tfM_Ens,0,commentsDisabled
DPMRkXViC7c,0,ok
SSIG7w_OBOM,0,ok
16Js3IFtFOY,0,ok
xujO_f9XcpE,0,ok
QYgCDXK0YjM,0,ok
sheEEBs_HuM,0,ok
p6f1MvYFLuM,0,commentsDisabled
pcFdMlRw1Nw,0,ok
iJhYTLP6hRM,0,commentsDisabled
BZ6-yEqGM6U,0,ok
BKPDhePdjZ4,0,ok
3bWnBKAlAoU,0,ok
tU9M_bS6nLY,0,ok
aOBs-PlEPTs,0,commentsDisabled
zZeO7qdd-LQ,0,ok
5r3noRvnbBI,0,commentsDisabled
aLLUfYgDpd4,0,ok
iFedfrlFFw8,0,ok
jO-bDaZOIPY,0,commentsDisabled
GpnD4FAZ-EE,0,ok
LZDgEHOAPC0,0,ok
N2zEVwjtGAw,0,ok
rzTWbb8IIW8,0,commentsDisabled
vBAOLRfQbgw,0,ok
gytDD0EXPXQ,0,ok
BO89ZuOJIfs,0,commentsDisabled
xs4S-F8gaeM,0,commentsDisabled
2eTsGcHWdcY,0,ok
yAqYE4fwe44,0,ok
-pkTXL3L9AE,0,commentsDisabled
MkQHPghS2gc,0,commentsDisabled
c_mRcMJ8F6c,0,ok
ZFe5Z4ilU8U,0,ok
qiFPzNBe-Bk,0,ok
XMHzNBL3xPg,0,ok
z5jvMNyAz_0,0,ok
Fi5BzGUrfBQ,0,commentsDisabled
cfmHLtkVGvM,0,ok
5EdqO0RC0ck,0,commentsDisabled
hvSPc6PL4DI,0,notFound
vEaq_EFzSns,0,ok
iLv0P4h3qlY,0,ok
netEKi1gRJw,0,commentsDisabled
4iRijyKI3uA,0,commentsDisabled
cA7kQTdwSDM,0,commentsDisabled
hyyAztKUPdQ,0,commentsDisabled
MaQeVEB7sAU,0,commentsDisabled
W3WEMEGtK8M,0,commentsDisabled
5w80em2xTTE,0,ok
6E0vLPCHUMk,0,ok
8EDyAIllbgw,0,ok
ccXbtSwtn0g,0,ok
ZTxakmfeH1s,0,ok
j7WGA4Uf44o,0,commentsDisabled
jatUln64v_U,0,ok
8P7Gi1JbqPo,0,ok
S-e2vK3Fg-g,0,commentsDisabled
l85PyMImEII,0,commentsDisabled
OXQZ1MN9lFY,0,ok
gw2Y8FzgZXQ,0,ok
PH_sLSByqhE,0,ok
Dm9n81dOiHQ,0,ok
6FGhxLWxfzc,0,ok
_PI66sr4vNg,0,ok
8pYlQaqQRU8,0,commentsDisabled
SvzFhM9nEc0,0,commentsDisabled
0xZsBz1Mbo8,0,commentsDisabled
wgfKpkfEvDM,0,commentsDisabled
E63R_pIzXWs,0,commentsDisabled
pknJjObGyP8,0,ok
OpG4n-FN95I,0,commentsDisabled
5il7YlonaCE,0,commentsDisabled
j0VNEBDpLfU,0,ok
VOcjo6UKCO8,0,ok
KhRUB9q-jYQ,0,commentsDisabled
YbipIjms2Do,0,commentsDisabled
_LPVZa6mR9k,0,ok
LuM-dB2MPTo,0,commentsDisabled
MIObmzKFUII,0,ok
SlZFoUZI9fI,0,commentsDisabled
6-0mj8QRjh4,0,ok
ZQgHDLPS24Q,0,ok
WPhK8SSNdDc,0,commentsDisabled
CmLpsoRGxIA,0,ok
kRHNpsuulUU,0,ok
ItS9q3JasnY,0,ok
9Bk48knjs-o,0,ok
PFEy4q2G7qs,0,ok
cVW8IJ5WCeo,0,commentsDisabled
HlJ_Njek7qs,0,commentsDisabled
o9ubBcBfyuc,0,commentsDisabled
oMRArWZsG1Q,0,commentsDisabled
ZDSnrixdW2s,0,commentsDisabled
zoJXlaC4Zk8,0,commentsDisabled
lGc6yv9Y_oc,0,commentsDisabled
D_vo40hSJQ4,0,ok
oEXDEyA8zhk,0,ok
ECfkzk-VJIs,0,commentsDisabled
GBc47Pok9UY,0,ok
X_6aEfMKM4A,0,ok
lGiR7Dw62kE,0,commentsDisabled
1tR5T8Qm5Uw,0,ok
YNcGrmpVnmM,0,ok
f8Iqv1e20NM,0,commentsDisabled
IjGhU67tlo4,0,ok
6mKWQ_RdN8c,0,ok
cfMABm6Uocg,0,commentsDisabled
hYuIfNxGR-4,0,commentsDisabled
jekxqVWJYlA,0,commentsDisabled
uVwrBpes9UQ,0,ok
co5mkiuThl8,0,commentsDisabled
ruFDRQPcCes,0,ok
Xnb9EE823j8,0,commentsDisabled
18TrgKrQjIQ,0,ok
Rw5Cp1czWbA,0,commentsDisabled
CoCUeG_-iEE,0,commentsDisabled
VjfPFcRUYg0,0,ok
GVoIT02se9Y,0,ok
At0Vc28tnuE,0,ok
5_gCqDwlWLI,0,commentsDisabled
SLuW92aMNss,0,ok
4AbWg1t4YAw,0,commentsDisabled
ImFdawvN-yQ,0,ok
3yF9qh6-IEo,0,commentsDisabled
r2NmGGkF8-I,0,commentsDisabled
LOLoJfLaxfI,0,ok
5lg8zynurSw,0,ok
nOUfNQsRDwc,0,commentsDisabled
KFgmn4wQdT4,0,commentsDisabled
68KPMtEtFHY,0,commentsDisabled
862MHBm-5Iw,0,commentsDisabled
UOGoQ1Pyu0o,0,ok
iY4htNG4MWU,0,commentsDisabled
uASH881BxE8,0,ok
3-TBjPQBNZ4,0,commentsDisabled
HtZ4yNsWrKQ,0,ok
c2gJsj0kRH4,0,commentsDisabled
AqC7IfQ41uY,0,commentsDisabled
dEI6rCIrnyc,0,commentsDisabled
1EWTzsqBRwk,0,commentsDisabled
HX8bGIwN6Q4,0,commentsDisabled
-XRqaDk40hg,0,commentsDisabled
u6sCNFNhz_o,0,ok
Yq0NnINcIcQ,0,commentsDisabled
wvN6G9NFjMI,0,commentsDisabled
fCALnM5U4TI,0,commentsDisabled
9Sw-3-ybGTQ,0,commentsDisabled
xXrZjObDRRs,0,commentsDisabled
fbnDYYxcjV0,0,commentsDisabled
FoowhPiZ9Nk,0,ok
DkvlSo5uRSk,0,ok
WN9SgVyozvA,0,commentsDisabled
kBSlBrWGm50,0,commentsDisabled
IM32LH0f-9w,0,ok
SFjo4M3uvuU,0,commentsDisabled
L1y0VfZP6zY,0,ok
CPCMZI7LSN0,0,commentsDisabled
NAdveqaab_g,0,commentsDisabled
42o1PjL_vZw,0,commentsDisabled
7RPGdDgbhhQ,0,commentsDisabled
9tyxHeDNFU4,0,commentsDisabled
dZOBQHp2afw,0,commentsDisabled
n5OE5Jh8W1g,0,commentsDisabled
wrDQm4krpaM,0,commentsDisabled
G1oEY94bdWs,0,commentsDisabled
Lxsx5GQ5omM,0,commentsDisabled
NYqjucEOnNk,0,commentsDisabled
t4eDXS7d9tw,0,commentsDisabled
hBuMnYVP1S4,0,commentsDisabled
5ePsh5ADOFo,0,ok
9A4AqYj663g,0,commentsDisabled
OW8ALdGzvAI,0,commentsDisabled
uHXyDavUaLk,0,commentsDisabled
pWCyTRz2fSI,0,commentsDisabled
x6cJ550bcZU,0,commentsDisabled
3L_KHFovRf8,0,ok
2TZe9ETYJI8,0,ok
60kLyJg_ePY,0,ok
xdyRRJX4HaI,0,ok
sEkwJ77suEs,0,ok
izNRL8hAKQs,0,commentsDisabled
Hh0VxTy6LWc,0,commentsDisabled
giayCGoigZM,0,commentsDisabled
kY1irHy0JGg,0,commentsDisabled
5jyckxAxiF8,0,commentsDisabled
bXILIKUdJX0,0,ok
dkabWxAEpso,0,commentsDisabled
x0Ew1zzSxR8,0,commentsDisabled
8xrsU2ChBa8,0,commentsDisabled
xQQLpXbXqdI,0,ok
om8_GAjHLMc,0,commentsDisabled
Xj4k2j1xoS4,0,ok
ha7yNsW35wU,0,commentsDisabled
sXdv7OyCgCg,0,commentsDisabled
C2gPn0siUEA,0,commentsDisabled
CVhQaBIwFys,0,commentsDisabled
Arn1ytQ7Lns,0,commentsDisabled
aQaZoVrlaaA,0,ok
eWnyDqmZT2c,0,ok
h_68AYy0mag,0,ok
Xy-fTTDwuyA,0,commentsDisabled
uPTzkIwdt9I,0,ok
r6ddXosGVnU,0,commentsDisabled
3Xq1CKezbsA,0,commentsDisabled
mKJao6wkto0,0,ok
eWAdI9CrjDE,0,ok
kgeU9_Cmivc,0,commentsDisabled
etGEw37bxn4,0,commentsDisabled
3pRow7b5NA0,0,commentsDisabled
v-j9jsIzF2I,0,ok
sHYUrGrWiLs,0,ok
Q-z7FyIukNI,0,ok
v1P3QVi_-ow,0,ok
S2WnqYS1FIw,0,ok
jhqhsSy0AGY,0,ok
4PVL_P4rvVc,0,ok
Jk4w9_IKAWY,0,ok
d7cUkACvsa8,0,commentsDisabled
BUbetii-xUI,0,ok
XhTOqmXZnEM,0,ok
iK7upwLQrFU,0,commentsDisabled
4467AOsnQ70,0,ok
siebDicc1-A,0,ok
n5z4D1qY3V4,0,ok
5yYOfzkKbZY,0,commentsDisabled
P_OY70ulOZI,0,commentsDisabled
Gj4L5NpyaxE,0,commentsDisabled
gAgGhxBKnJI,0,commentsDisabled
x3C1oAneHR4,0,ok
AxVdpdXnRiM,0,commentsDisabled
yrf3thLngVA,0,ok
Y0wC7TAPpNE,0,ok
By6lPBZTBxg,0,ok
Ncr04i27KyU,0,ok
24IZ7rk8YaM,0,ok
oegzCMibWWU,0,ok
rsJ3Il6t-Y0,0,commentsDisabled
YcEAsBSF2lQ,0,ok
hzc35E0PJqM,0,commentsDisabled
AQohSrAc0zU,0,commentsDisabled
9t3_CdjrcvE,0,commentsDisabled
kZD8OUGe-vc,0,commentsDisabled
IQukOuSHUDY,0,commentsDisabled
FN_MjAdElrw,0,ok
GzdS_hJVbNg,0,commentsDisabled
OmWDEDYgGLg,0,ok
Vv-GoVLUIh8,0,ok
GWQNX8UtQ9s,0,commentsDisabled
p_N2qgMoB0A,0,ok
UcTbsw4CYR4,0,ok
6mz4F_MBeMA,0,commentsDisabled
5ls6JGJgKC4,0,commentsDisabled
RPyQQjg7ScE,0,commentsDisabled
rvDt_w2QIE0,0,commentsDisabled
EeP7VuKto3w,0,commentsDisabled
J33W0uyvxuo,0,commentsDisabled
VpPwCgfss_A,0,commentsDisabled
ApXqwI9Np7E,0,commentsDisabled
DsnzasYaeCQ,0,commentsDisabled
iDU0E4HPP6g,0,commentsDisabled
CaNV6PpaPIw,0,ok
GgrJSLQasjc,0,ok
9B_gB7xdj9E,0,ok
49IGUWXwLnw,0,commentsDisabled
pbucp_9hk_A,0,commentsDisabled
Vqqr0uYC1wc,0,commentsDisabled
krqexaRayJU,0,commentsDisabled
idbUaRVNhBA,0,commentsDisabled
H-7XEi8CHeE,0,commentsDisabled
cgoCnmeJnVw,0,commentsDisabled
lyJVdfUv5QY,0,ok
hdI2UStSqH8,0,ok
jOjh07l-K64,0,commentsDisabled
84-lYdFjPiA,0,commentsDisabled
pw_5b54gq80,0,ok
SkBt4zfoxiw,0,ok
P0XCVSh5Gys,0,ok
IgLcSBDujoM,0,commentsDisabled
tusQ48ZZiJs,0,commentsDisabled
-1LFr0cveVk,0,commentsDisabled
0s0pp_Ok808,0,ok
Us5rc-pPe8U,0,commentsDisabled
NJ_-bz_FSMY,0,commentsDisabled
qdrW4wmNK6E,0,commentsDisabled
_PeCOwuwsXs,0,ok
39ywYN6GvWs,0,commentsDisabled
e9nogfjOMZ0,0,commentsDisabled
htpuYdEWvP8,0,commentsDisabled
MIvbOvpR5V8,0,commentsDisabled
dqwqSHbT6JY,0,commentsDisabled
xxqKuFFA7vc,0,ok
KUw6CaDm4rY,0,ok
STwhzkW5gaQ,0,ok
vVowUktO_68,0,ok
L6bYjU_R5og,0,ok
N1w1iTBbni8,0,commentsDisabled
CwG0LNNQb4w,0,commentsDisabled
VZdbFB5zpxY,0,commentsDisabled
DbNO8F4Ee38,0,ok
7fAgWtD0dP4,0,commentsDisabled
z4ZAuSXP2pc,0,ok
HY1hLnnra-c,0,commentsDisabled
dawrnf5M_u0,0,ok
EQOf5mJOptw,0,ok
FmPc8WANRHI,0,ok
DhVne22uEUY,0,ok
pEkebZlW9LM,0,commentsDisabled
B82xHGB7FuY,0,commentsDisabled
TKqXM5yeeoY,0,ok
mXIJTjqu8fw,0,ok
SnIPTnEVte0,0,ok
wZ0HKIAJoaQ,0,commentsDisabled
zVrgoz7pykc,0,ok
9aJKTharwzA,0,commentsDisabled
_bdSKo-40vw,0,ok
mmU8MvV2UOY,0,commentsDisabled
bAGJ8TDVqaM,0,ok
23ft_KC3hQo,0,commentsDisabled
So8ILXBd69k,0,commentsDisabled
WAYom3Dfzfs,0,commentsDisabled
Y_NHM2EgS6I,0,commentsDisabled
LkeoMKpqCyc,0,commentsDisabled
A33zpNK7LTw,0,commentsDisabled
p-qlLj09y1c,0,ok
9nbaymroWaI,0,ok
LVrunB17a4E,0,commentsDisabled
73ZwmGndqZ4,0,ok
01ajck2aNVg,0,ok
aIvZ-GeWOTY,0,ok
x3cTiElCr4o,0,ok
V42776uWR4E,0,ok
E0Dwv_8nzGw,0,ok
-u-oSfCxE-0,0,ok
Fj85OANFj-U,0,ok
e2rocQfw1uQ,0,commentsDisabled
8H5bj5HNlTw,0,commentsDisabled
CTkL01_WA1Q,0,commentsDisabled
S4N9FeDGkkQ,0,commentsDisabled
DOmNqLp-f4k,0,commentsDisabled
raXWCb-hAYI,0,commentsDisabled
oMgLs6m6I5c,0,commentsDisabled
Zx1CNxT6oGg,0,commentsDisabled
GU3qLw8pu7c,0,commentsDisabled
KAqFHUlnD6Q,0,commentsDisabled
PGG5q0E1qeE,0,commentsDisabled
suKsezhqKk4,0,commentsDisabled
xWWoSOtOW1E,0,commentsDisabled
6DPiy6yyjwY,0,commentsDisabled
p5sMhQSQ388,0,ok
vru2pl4DIMg,0,ok
uVHiD4puSus,0,commentsDisabled
8j1ccduOVwA,0,ok
SW-uWx7_7ts,0,ok
zYD624nM35g,0,ok
aL1wIpGmcqw,0,ok
yV4tzx4Nvnc,0,ok
pgncXkXvzkk,0,commentsDisabled
NUz-lHT48Z0,0,ok
Mds_JCiKej0,0,commentsDisabled
xXaRGLunHU0,0,ok
aYlhXyy0mg8,0,ok
6pw_CG6V5l8,0,commentsDisabled
kFyL-Rjqf9E,0,commentsDisabled
G6JcJiWvML8,0,commentsDisabled
YLY_ggZCxVo,0,commentsDisabled
t0Edmt2gxoE,0,commentsDisabled
nq6f0FZXJD4,0,commentsDisabled
NJSJ5-izMUA,0,commentsDisabled
M8n3DBMC1ik,0,commentsDisabled
cqv_wfc2tuU,0,commentsDisabled
yvgvD7s9AJI,0,commentsDisabled
E8JmJ9U_r98,0,commentsDisabled
uDFozzFkVsQ,0,ok
KM2txtP4rp0,0,commentsDisabled
YS6bwZUMrVQ,0,commentsDisabled
dt--Wth4W5g,0,commentsDisabled
vC_dlDaNlzw,0,ok
Q9bIDNrfX0Q,0,commentsDisabled
XI_heZpp9Wg,0,ok
D9DDI6iMvTg,0,commentsDisabled
5OCvEJtJkd0,0,ok
4Fmzvu88vh4,0,ok
3D0iSYtIbXw,0,ok
iKhq5V3-F-c,0,ok
ldMqME5Qw_g,0,commentsDisabled
RHbdR_kTpEU,0,ok
uOuNmEnxZJA,0,commentsDisabled
o2Vw8w5XYD0,0,commentsDisabled
FhJswT8u9Hs,0,commentsDisabled
7BCOAvPXc6E,0,ok
K29tH9nLz80,0,ok
OyJVRQAQaWE,0,commentsDisabled
pXCtrzp9JTU,0,ok
IqZRskHXX_o,0,ok
nryX2OJyhYY,0,ok
ZmePh_DIUm8,0,ok
8c8UBqoXG3Y,0,commentsDisabled
SAw7t-hV-6w,0,ok
YPl76fmb3rA,0,ok
0-GVre4jAY0,0,ok
pCRKo1rAf1U,0,commentsDisabled
RpU_9bGqfG4,0,commentsDisabled
hwhaWjT-hUE,0,ok
4VHYR5IIBbM,0,ok
jMmJgLuSuZc,0,ok
NKLh79BT-bI,0,commentsDisabled
WDJQhCPEqTQ,0,ok
wKKkFu9YJ_o,0,ok
igBGI-tOf9s,0,ok
QlC6Q2m4Pvs,0,ok
9vx-hJWgc9s,0,ok
VitrTZPEkBA,0,ok
azHBDlO9km8,0,ok
ExwBx9SETmQ,0,ok
lHIpZGyqp7Y,0,commentsDisabled
WjDhQI79mmM,0,commentsDisabled
e9fgWzhRXaI,0,commentsDisabled
crzUq8T-EfE,0,commentsDisabled
BsKyaJqn31w,0,commentsDisabled
9cDwVKJaT_E,0,ok
I8mDo13zmRQ,0,commentsDisabled
k7JxdN5oL7k,0,ok
PZZzWev7IVs,0,ok
2xF9Lf79ND0,0,ok
aNGhmeXo1RY,0,ok
AZIRxs2gv-c,0,ok
tXIjqdXZYbU,0,ok
Uby9Ogl8Bes,0,ok
bG7iihLI6Uw,0,ok
5uq3rTMnKRQ,0,ok
3WUAtVqMBJo,0,commentsDisabled
Zn499I2InlM,0,commentsDisabled
KfuqrniCP8k,0,commentsDisabled
cZ4GwS_FqNM,0,ok
EUBKUeba2D8,0,commentsDisabled
QqaTXrUXog4,0,ok
MyCiSZxi7Oo,0,commentsDisabled
B7rLyS5huL8,0,commentsDisabled
5HjJtG4sFiY,0,commentsDisabled
fIGSbXx4vm0,0,commentsDisabled
wkX-Q2pD0nY,0,ok
OLIksEQv-7E,0,commentsDisabled
V-K8W5Cxkeg,0,commentsDisabled
67PKa02I0AA,0,commentsDisabled
W5vKVFFz9wM,0,commentsDisabled
kvkk9_amQUM,0,ok
0AW_1CPTqsY,0,commentsDisabled
hWqa2eP1Pvs,0,commentsDisabled
fT0LHTf39Tc,0,ok
DgBKoR3P5V4,0,commentsDisabled
dqO4GvhGRHQ,0,commentsDisabled
YHn44y7a6M0,0,commentsDisabled
IWWW0LYU-9Q,0,ok
zg6MUz2r6LI,0,ok
S_baQGmVSs4,0,commentsDisabled
Wfy835lJNOo,0,ok
jfAq83QDxbg,0,commentsDisabled
lECfNSnivpk,0,ok
OVeHUrdXkW0,0,ok
r1Enq8qLDBo,0,ok
o5VOAjAY-Y0,0,ok
zRWkryqF1Ys,0,commentsDisabled
YCu_3YdvZgM,0,ok
DRKWmeAe3G0,0,ok
ezbX8xYVb8A,0,ok
rARgUJznwRk,0,ok
AQiEy3tQoqk,0,ok
9-s8jK-XFIk,0,commentsDisabled
u4Q929yFH6k,0,commentsDisabled
dLvFwoP32zQ,0,ok
UA9uOgFih-4,0,ok
L0Sks5DNvqs,0,commentsDisabled
yywsOeQ2X04,0,commentsDisabled
6FtI5z6Q0wo,0,ok
gNoKVuId1Fs,0,ok
mowRQWtnATo,0,commentsDisabled
YQrXB0b0J3w,0,commentsDisabled
JKBAa6ZZuFE,0,ok
Wn9w6MkGhdw,0,commentsDisabled
4dEA3b4hLGY,0,commentsDisabled
my4moQ3KYAc,0,ok
dSc0V4fc4oc,0,ok
7cOWwMFGPJg,0,commentsDisabled
NrPtpN_JYP8,0,commentsDisabled
fHYXaFuv_dw,0,ok
f4UFtKEdYLE,0,commentsDisabled
tccNJ_bI7Qk,0,commentsDisabled
9Dg2QRxg5AE,0,commentsDisabled
EKyjlo6kGsA,0,ok
1aLwQoTZcYo,0,ok
26B868ziEDA,0,commentsDisabled
8UmrG96GW_o,0,commentsDisabled
MbLnnV5ly5c,0,ok
VNwORgb2sIU,0,ok
tqr8YCKQW5E,0,ok
Grh_CQ1bjYI,0,commentsDisabled
zGhnXbEzVa0,0,commentsDisabled
K0frYGwKBoQ,0,commentsDisabled
95vktwSZoVM,0,commentsDisabled
hFiyKWLNA5o,0,commentsDisabled
8ITaBIoDSJA,0,commentsDisabled
s7bktSvvMl0,0,commentsDisabled
P4NmYk8CO-w,0,commentsDisabled
srAdTcD69wY,0,commentsDisabled
7DD1RdT4-FY,0,commentsDisabled
gTLcpux-PwI,0,commentsDisabled
SxG85kcb4ec,0,commentsDisabled
xGN7oYPz_fY,0,commentsDisabled
rjo4ZFdDd4w,0,ok
6wkVExva6E4,0,commentsDisabled
32--4n1vje8,0,ok
gD9yZNNIjUU,0,ok
EH3_H0X-lqA,0,ok
zCF_NboH7NQ,0,commentsDisabled
ZQcVmbx3wf8,0,ok
JGef7sfr8G4,0,commentsDisabled
oFP3J9K4DyA,0,ok
VBw_BmgauiI,0,ok
7PLdIdQX0Yc,0,ok
Qj9muKFcSiI,0,ok
ED4wo75t7JQ,0,commentsDisabled
rBkBwo9Zjrs,0,ok
hiEaYIjBl84,0,ok
b8HRlOIM9ts,0,ok
hiyD0A1Is-Q,0,commentsDisabled
_thIKUt7N58,0,ok
YFH5uqCWhxM,0,ok
yJFkZOim9I4,0,ok
r8_3Z1ey6BY,0,ok
_MljBBTLEI0,0,commentsDisabled
Kg05zHnhbvI,0,commentsDisabled
mZ2BHXkNR2c,0,commentsDisabled
OiXNQaMmIMU,0,commentsDisabled
OL2td-y6A-c,0,commentsDisabled
x5gcmklkkdw,0,ok
BiXtop6SxMY,0,commentsDisabled
olSrc8qTSHs,0,ok
j3zFVpvb-zA,0,ok
Vl9qDUCtXa0,0,ok
QDjPYMrY-xA,0,ok
V0n0Hz7iFbE,0,ok
wSg11DyfJTw,0,commentsDisabled
PHMQ4lN4Y7g,0,commentsDisabled
BRJ_wTcJxF4,0,ok
ZXt9LuW_KN0,0,commentsDisabled
2mJBxZ4DFxQ,0,commentsDisabled
C9aOLyFe2T4,0,commentsDisabled
bOfdwsy2mEU,0,commentsDisabled
XxLaGVRZ94Y,0,commentsDisabled
kcdXZU6-h_Y,0,ok
lDJCdGE3dqY,0,ok
YbiYfZIFeO0,0,commentsDisabled
fIeZvbQLQqs,0,commentsDisabled
s0pkMpRbQp4,0,commentsDisabled
hiDKMlIe4bc,0,ok
TXmyM3WwoFc,0,ok
H0WzI4JzA80,0,ok
xhPCQQs4p5A,0,commentsDisabled
jm_QAPezr5c,0,ok
A_LGR5uxzNc,0,commentsDisabled
WtTwdPUBuS4,0,ok
YG3XcdQeVhY,0,ok
pxtMVLkPUnk,0,ok
MGDGSN3ts2o,0,commentsDisabled
yp_AXkxxtFk,0,ok
FrjJYg1mOOU,0,commentsDisabled
f-Ae7UtYRmM,0,ok
ZqHNjY1b0tM,0,ok
8T1QXyZXoEI,0,commentsDisabled
jLf_IKftP6k,0,commentsDisabled
ESBS_xvxr-0,0,ok
jT_Vd3IF_-8,0,ok
jXZ8wPk9g4g,0,commentsDisabled
Gqf0K3Y1gFA,0,commentsDisabled
1CBEpl9OurQ,0,ok
IDzKZ0vCbys,0,commentsDisabled
J5BfdxkUU2A,0,ok
P4wJXvs-Zjw,0,ok
8H1FbGsP4vY,0,ok
GUCM75JeTwA,0,ok
14eDp6Ourq4,0,ok
Kcn4MhraXbI,0,ok
bp64_NIo2SA,0,ok
k1EQJhCjyiw,0,ok
aSTTS1K3FKI,0,commentsDisabled
RbVKqOS4Wuo,0,commentsDisabled
JioHhGkGQAQ,0,ok
-AyfK4WcdyQ,0,ok
GFwrfNxaSXw,0,ok
Nyi_i4xePQY,0,commentsDisabled
49Ahwxu8EBE,0,commentsDisabled
XY6U6TLJs-8,0,ok
aV11RiD3-ls,0,commentsDisabled
WsL71uZTc8Q,0,ok
U79Qs-BdkaE,0,commentsDisabled
OnXeVabwAJA,0,commentsDisabled
oxIbwALJ7yo,0,ok
zECH8cqCs1Y,0,commentsDisabled
j5JVQWC2gGQ,0,ok
R_jHctgxyog,0,ok
Bbi6fhMcGME,0,commentsDisabled
iuLMt3Vlr28,0,ok
DMZmEdg4AGk,0,ok
2mWylmKuuX0,0,commentsDisabled
ttsLIPx6-Nw,0,ok
rQUDS1QaqMU,0,ok
Et8-zcdx3xs,0,ok
lsRoTTKe6UA,0,ok
P8lf_6edh6I,0,commentsDisabled
rAWpaWNQcMw,0,commentsDisabled
ziALlBvqz98,0,commentsDisabled
v2-M82tRW0g,0,commentsDisabled
PfMly58KllA,0,ok
7oXTlvyg0qQ,0,ok
rYLyv43i9Xw,0,ok
aHio4bABiPo,0,ok
gSp300a_i6U,0,commentsDisabled
0EwLhxLLStE,0,commentsDisabled
dXqGMJC7mRA,0,commentsDisabled
0vR7dE8BA1I,0,commentsDisabled
QcZ6VGXz_TQ,0,ok
7V5Uio9F8o0,0,commentsDisabled
tPjYRVigazU,0,commentsDisabled
qBU8DNAafoM,0,commentsDisabled
xJ7N7mretNg,0,commentsDisabled
YdDjYKGG8vE,0,ok
C-G8k8c8JVc,0,ok
_1yuFOZpbUc,0,ok
0hU_zLdUUqI,0,ok
dA85sZE7SoY,0,commentsDisabled
JAb2r522MFw,0,commentsDisabled
dIoCO6kSV8k,0,ok
VpWtGFwZr3M,0,commentsDisabled
MZsEyjNw8Go,0,ok
9ydCZ6s4GZ8,0,ok
rbfXYz62USw,0,ok
AwSiWGgBq9M,0,ok
C_A2yM8UrJE,0,ok
YQHe2oclTh4,0,ok
EFLGmWHx_0U,0,commentsDisabled
D4f6jT0IWm8,0,commentsDisabled
89eQNYbdqzs,0,commentsDisabled
a1QJNIV8Ago,0,commentsDisabled
ACV9BWy1Vzs,0,commentsDisabled
I0WE3teSlWY,0,commentsDisabled
zBpJK3WLKY0,0,commentsDisabled
pLQtYjQ-X5w,0,commentsDisabled
5VI03VQlpY4,0,ok
R6vtUfmkY3s,0,commentsDisabled
mp0VmEszidA,0,commentsDisabled
rI9macnvg5k,0,ok
JiPOnbsUhQM,0,commentsDisabled
6RGkPaujGrs,0,ok
X5nPufhsLRc,0,ok
XMq8xXfYUQg,0,ok
ENqkUBXRYyo,0,commentsDisabled
CH-rjMhbQP4,0,ok
whGq5tP0FjI,0,ok
H-bve4ja6Xk,0,commentsDisabled
i6J87opMRFw,0,ok
NHAXZL3mw-s,0,ok
kztrU51_tYM,0,ok
qyI0v1jxeik,0,ok
4D0T7hzZsy0,0,commentsDisabled
MLwX_cwjc_Q,0,ok
p6AAcU946Io,0,ok
EYDbGRXygU4,0,ok
J2vPbjbUAt8,0,commentsDisabled
F6NPlWPIVhQ,0,commentsDisabled
_jNbTCUbJhg,0,commentsDisabled
QgnL0rx6zvI,0,ok
jwa_7QmxYEo,0,commentsDisabled
k1-YDDVgBH4,0,commentsDisabled
jaBUV__O0w8,0,ok
WzGs0ic6mQA,0,ok
hdycmo3pqIE,0,ok
jGYwACXnWZ8,0,commentsDisabled
TuR38_7Ew5o,0,commentsDisabled
aOAT2M-TTSE,0,ok
dLPk5XJ-y74,0,commentsDisabled
ldh4VR84n4I,0,commentsDisabled
QkADxU0KcqY,0,commentsDisabled
kcd5ugO3bCY,0,commentsDisabled
vV72_tbyxNc,0,commentsDisabled
8S_g31M674s,0,commentsDisabled
N205RC6hFLY,0,ok
GY_MseQwwzo,0,ok
gdr6oPUqXps,0,commentsDisabled
v9DAqSTEaaE,0,ok
RZidzhevl2Q,0,ok
3dqe9NM7-JQ,0,ok
tpDVNxeME_c,0,ok
k5zT4ZSP9vY,0,ok
PRoWw1p0enw,0,ok
5TNJlVt19Hs,0,ok
CztfImfJIBY,0,ok
f6Ks3sPb6Mk,0,ok
gvplrhWAhFc,0,commentsDisabled
-pnBz3TaZaE,0,ok
DDyuxL7_EI8,0,ok
SxeruF4Qf8U,0,ok
wTf4Hok-O1Q,0,ok
nzA9mCorR4A,0,commentsDisabled
6gqdU1Yfvo0,0,ok
VoP6xoS3PAg,0,ok
yKPSixbDfN8,0,ok
LHBIMM-wFsA,0,commentsDisabled
gqoBJC_0lEQ,0,commentsDisabled
FZXDZVOiy7c,0,ok
IkbaiwzFlBU,0,ok
wd7EQiMx59M,0,ok
FWuVHGPPDZg,0,ok
U8ihxV10E40,0,ok
tHNj1V0EluY,0,ok
b5YnGNATasc,0,ok
6i4TLEEw_wM,0,ok
AZ6fH4_ziGU,0,ok
QQU2Babg7B8,0,ok
EnKY5MmaYvg,0,ok
G3Uv-qwtKcc,0,ok
vAdxsq4a3Tk,0,ok
hUDA-hii-UA,0,ok
naG6AXNAcDw,0,ok
PHOcA3DBPxs,0,ok
itGsFEkVzqw,0,ok
hFKN8soj4h8,0,commentsDisabled
QretokZE-UM,0,commentsDisabled
tgZdhP3JVus,0,commentsDisabled
PalS0cytsFM,0,ok
osiHmfH-51Y,0,ok
zXEDW8ESlmE,0,ok
BJ9mJ0VIJM4,0,commentsDisabled
8tOR58u9Lak,0,ok
CisPu9YcrVQ,0,ok
MdRIf3Qe95I,0,ok
mvUff-OmN-w,0,commentsDisabled
jHT-9wely2g,0,commentsDisabled
b-B8grtjxjs,0,commentsDisabled
kAFhHaeU38A,0,commentsDisabled
5XfBdf6FQT4,0,commentsDisabled
e0IL06ZXHFs,0,commentsDisabled
NfoYRHvaqkQ,0,commentsDisabled
YvjDtjCAdJE,0,commentsDisabled
RJzYkMvQNrw,0,commentsDisabled
IJrEyRFrZA4,0,ok
Q_L6biJsdwE,0,ok
eHw89s7cEqo,0,commentsDisabled
azpXFBvKjxQ,0,ok
T8F00H_VFuw,0,commentsDisabled
E1PFy1DGbzc,0,ok
2mcyLCbRlMk,0,ok
1hSqpEkwRLM,0,ok
dXvjZ8hIfQA,0,ok
QXwU-nZWJt4,0,ok
vw8K1vYlvoo,0,commentsDisabled
2PxwbwDiamU,0,commentsDisabled
mJ5_7oJSbYc,0,ok
jdexrepbavI,0,commentsDisabled
aGzDeXqV-L4,0,commentsDisabled
sDAMSarXTYc,0,commentsDisabled
LlxjD1fnC5M,0,commentsDisabled
zLDpplQZLsg,0,commentsDisabled
iu0G0ndovX8,0,ok
tL0xlE_V2-E,0,ok
YfnZOB0R19g,0,ok
26NRBIUSbGA,0,commentsDisabled
LV76n8d0T1A,0,commentsDisabled
xbR9rIvpnRQ,0,ok
rKFsUwxjEsA,0,ok
M51xsa_ZEak,0,commentsDisabled
ux-aErLbeSY,0,ok
RTOk_UoLEvw,0,commentsDisabled
odeM3Hbz7Sw,0,ok
l5Hr6vw0yBg,0,ok
HDidYFPIFAI,0,commentsDisabled
YJfnxYB3hh4,0,ok
sEqQBLnZavE,0,ok
81stlvF-Hak,0,ok
nZgFB6cx_T4,0,commentsDisabled
ipXOg3K51RI,0,ok
0hSrOVIOv1Q,0,ok
7ul9hCZtJH0,0,commentsDisabled
EhvZ9qHzxPk,0,ok
zqAQ96uUx0A,0,ok
liUBw7El5O0,0,ok
HRUYmD8VqIg,0,ok
BNLiAKMmJfA,0,ok
i6twLNWLcSI,0,commentsDisabled
tFDQ0pSOm4k,0,commentsDisabled
9u92u3eg6Jw,0,ok
yZ1L8ABB7OQ,0,ok
7wPpDz0JGDU,0,commentsDisabled
up91yoJPdTQ,0,commentsDisabled
imtiA0H4E5U,0,ok
ZiUcIkT1vZg,0,ok
YZR3zKboHI0,0,ok
8Bli9bM-a-Y,0,commentsDisabled
BKd-1bQu5pY,0,commentsDisabled
x8F9tfM_Ens,0,commentsDisabled
DPMRkXViC7c,0,ok
SSIG7w_OBOM,0,ok
16Js3IFtFOY,0,ok
xujO_f9XcpE,0,ok
QYgCDXK0YjM,0,ok
sheEEBs_HuM,0,ok
p6f1MvYFLuM,0,commentsDisabled
pcFdMlRw1Nw,0,ok
iJhYTLP6hRM,0,commentsDisabled
BZ6-yEqGM6U,0,ok
BKPDhePdjZ4,0,ok
3bWnBKAlAoU,0,ok
tU9M_bS6nLY,0,ok
aOBs-PlEPTs,0,commentsDisabled
zZeO7qdd-LQ,0,ok
5r3noRvnbBI,0,commentsDisabled
aLLUfYgDpd4,0,ok
iFedfrlFFw8,0,ok
jO-bDaZOIPY,0,commentsDisabled
GpnD4FAZ-EE,0,ok
LZDgEHOAPC0,0,ok
N2zEVwjtGAw,0,ok
rzTWbb8IIW8,0,commentsDisabled
vBAOLRfQbgw,0,ok
gytDD0EXPXQ,0,ok
BO89ZuOJIfs,0,commentsDisabled
xs4S-F8gaeM,0,commentsDisabled
2eTsGcHWdcY,0,ok
yAqYE4fwe44,0,ok
-pkTXL3L9AE,0,commentsDisabled
MkQHPghS2gc,0,commentsDisabled
c_mRcMJ8F6c,0,ok
ZFe5Z4ilU8U,0,ok
qiFPzNBe-Bk,0,ok
XMHzNBL3xPg,0,ok
z5jvMNyAz_0,0,ok
Fi5BzGUrfBQ,0,commentsDisabled
cfmHLtkVGvM,0,ok
5EdqO0RC0ck,0,commentsDisabled
hvSPc6PL4DI,0,notFound
vEaq_EFzSns,0,ok
iLv0P4h3qlY,0,ok
netEKi1gRJw,0,commentsDisabled
4iRijyKI3uA,0,commentsDisabled
cA7kQTdwSDM,0,commentsDisabled
hyyAztKUPdQ,0,commentsDisabled
MaQeVEB7sAU,0,commentsDisabled
W3WEMEGtK8M,0,commentsDisabled
5w80em2xTTE,0,ok
6E0vLPCHUMk,0,ok
8EDyAIllbgw,0,ok
ccXbtSwtn0g,0,ok
ZTxakmfeH1s,0,ok
j7WGA4Uf44o,0,commentsDisabled
jatUln64v_U,0,ok
8P7Gi1JbqPo,0,ok
S-e2vK3Fg-g,0,commentsDisabled
l85PyMImEII,0,commentsDisabled
OXQZ1MN9lFY,0,ok
gw2Y8FzgZXQ,0,ok
PH_sLSByqhE,0,ok
Dm9n81dOiHQ,0,ok
6FGhxLWxfzc,0,ok
_PI66sr4vNg,0,ok
8pYlQaqQRU8,0,commentsDisabled
SvzFhM9nEc0,0,commentsDisabled
0xZsBz1Mbo8,0,commentsDisabled
wgfKpkfEvDM,0,commentsDisabled
E63R_pIzXWs,0,commentsDisabled
pknJjObGyP8,0,ok
OpG4n-FN95I,0,commentsDisabled
5il7YlonaCE,0,commentsDisabled
j0VNEBDpLfU,0,ok
VOcjo6UKCO8,0,ok
KhRUB9q-jYQ,0,commentsDisabled
YbipIjms2Do,0,commentsDisabled
_LPVZa6mR9k,0,ok
LuM-dB2MPTo,0,commentsDisabled
MIObmzKFUII,0,ok
SlZFoUZI9fI,0,commentsDisabled
6-0mj8QRjh4,0,ok
ZQgHDLPS24Q,0,ok
WPhK8SSNdDc,0,commentsDisabled
CmLpsoRGxIA,0,ok
kRHNpsuulUU,0,ok
ItS9q3JasnY,0,ok
9Bk48knjs-o,0,ok
PFEy4q2G7qs,0,ok
cVW8IJ5WCeo,0,commentsDisabled
HlJ_Njek7qs,0,commentsDisabled
o9ubBcBfyuc,0,commentsDisabled
oMRArWZsG1Q,0,commentsDisabled
ZDSnrixdW2s,0,commentsDisabled
zoJXlaC4Zk8,0,commentsDisabled
lGc6yv9Y_oc,0,commentsDisabled
D_vo40hSJQ4,0,ok
oEXDEyA8zhk,0,ok
ECfkzk-VJIs,0,commentsDisabled
GBc47Pok9UY,0,ok
X_6aEfMKM4A,0,ok
lGiR7Dw62kE,0,commentsDisabled
1tR5T8Qm5Uw,0,ok
YNcGrmpVnmM,0,ok
f8Iqv1e20NM,0,commentsDisabled
IjGhU67tlo4,0,ok
6mKWQ_RdN8c,0,ok
cfMABm6Uocg,0,commentsDisabled
hYuIfNxGR-4,0,commentsDisabled
jekxqVWJYlA,0,commentsDisabled
uVwrBpes9UQ,0,ok
co5mkiuThl8,0,commentsDisabled
ruFDRQPcCes,0,ok
Xnb9EE823j8,0,commentsDisabled
18TrgKrQjIQ,0,ok
Rw5Cp1czWbA,0,commentsDisabled
CoCUeG_-iEE,0,commentsDisabled
VjfPFcRUYg0,0,ok
GVoIT02se9Y,0,ok
At0Vc28tnuE,0,ok
5_gCqDwlWLI,0,commentsDisabled
SLuW92aMNss,0,ok
4AbWg1t4YAw,0,commentsDisabled
ImFdawvN-yQ,0,ok
3yF9qh6-IEo,0,commentsDisabled
r2NmGGkF8-I,0,commentsDisabled
LOLoJfLaxfI,0,ok
5lg8zynurSw,0,ok
nOUfNQsRDwc,0,commentsDisabled
KFgmn4wQdT4,0,commentsDisabled
68KPMtEtFHY,0,commentsDisabled
862MHBm-5Iw,0,commentsDisabled
UOGoQ1Pyu0o,0,ok
iY4htNG4MWU,0,commentsDisabled
uASH881BxE8,0,ok
3-TBjPQBNZ4,0,commentsDisabled
HtZ4yNsWrKQ,0,ok
c2gJsj0kRH4,0,commentsDisabled
AqC7IfQ41uY,0,commentsDisabled
dEI6rCIrnyc,0,commentsDisabled
1EWTzsqBRwk,0,commentsDisabled
HX8bGIwN6Q4,0,commentsDisabled
-XRqaDk40hg,0,commentsDisabled
u6sCNFNhz_o,0,ok
Yq0NnINcIcQ,0,commentsDisabled
wvN6G9NFjMI,0,commentsDisabled
fCALnM5U4TI,0,commentsDisabled
9Sw-3-ybGTQ,0,commentsDisabled
xXrZjObDRRs,0,commentsDisabled
fbnDYYxcjV0,0,commentsDisabled
FoowhPiZ9Nk,0,ok
DkvlSo5uRSk,0,ok
WN9SgVyozvA,0,commentsDisabled
kBSlBrWGm50,0,commentsDisabled
IM32LH0f-9w,0,ok
SFjo4M3uvuU,0,commentsDisabled
L1y0VfZP6zY,0,ok
CPCMZI7LSN0,0,commentsDisabled
NAdveqaab_g,0,commentsDisabled
42o1PjL_vZw,0,commentsDisabled
7RPGdDgbhhQ,0,commentsDisabled
9tyxHeDNFU4,0,commentsDisabled
dZOBQHp2afw,0,commentsDisabled
n5OE5Jh8W1g,0,commentsDisabled
wrDQm4krpaM,0,commentsDisabled
G1oEY94bdWs,0,commentsDisabled
Lxsx5GQ5omM,0,commentsDisabled
NYqjucEOnNk,0,commentsDisabled
t4eDXS7d9tw,0,commentsDisabled
hBuMnYVP1S4,0,commentsDisabled
5ePsh5ADOFo,0,ok
9A4AqYj663g,0,commentsDisabled
OW8ALdGzvAI,0,commentsDisabled
uHXyDavUaLk,0,commentsDisabled
pWCyTRz2fSI,0,commentsDisabled
x6cJ550bcZU,0,commentsDisabled
3L_KHFovRf8,0,ok
2TZe9ETYJI8,0,ok
60kLyJg_ePY,0,ok
xdyRRJX4HaI,0,ok
sEkwJ77suEs,0,ok
izNRL8hAKQs,0,commentsDisabled
Hh0VxTy6LWc,0,commentsDisabled
giayCGoigZM,0,commentsDisabled
kY1irHy0JGg,0,commentsDisabled
5jyckxAxiF8,0,commentsDisabled
bXILIKUdJX0,0,ok
dkabWxAEpso,0,commentsDisabled
x0Ew1zzSxR8,0,commentsDisabled
8xrsU2ChBa8,0,commentsDisabled
xQQLpXbXqdI,0,ok
om8_GAjHLMc,0,commentsDisabled
Xj4k2j1xoS4,0,ok
ha7yNsW35wU,0,commentsDisabled
sXdv7OyCgCg,0,commentsDisabled
C2gPn0siUEA,0,commentsDisabled
CVhQaBIwFys,0,commentsDisabled
Arn1ytQ7Lns,0,commentsDisabled
aQaZoVrlaaA,0,ok
eWnyDqmZT2c,0,ok
h_68AYy0mag,0,ok
Xy-fTTDwuyA,0,commentsDisabled
uPTzkIwdt9I,0,ok
r6ddXosGVnU,0,commentsDisabled
3Xq1CKezbsA,0,commentsDisabled
mKJao6wkto0,0,ok
eWAdI9CrjDE,0,ok
kgeU9_Cmivc,0,commentsDisabled
etGEw37bxn4,0,commentsDisabled
3pRow7b5NA0,0,commentsDisabled
v-j9jsIzF2I,0,ok
sHYUrGrWiLs,0,ok
Q-z7FyIukNI,0,ok
v1P3QVi_-ow,0,ok
S2WnqYS1FIw,0,ok
jhqhsSy0AGY,0,ok
4PVL_P4rvVc,0,ok
Jk4w9_IKAWY,0,ok
d7cUkACvsa8,0,commentsDisabled
BUbetii-xUI,0,ok
XhTOqmXZnEM,0,ok
iK7upwLQrFU,0,commentsDisabled
4467AOsnQ70,0,ok
siebDicc1-A,0,ok
n5z4D1qY3V4,0,ok
5yYOfzkKbZY,0,commentsDisabled
P_OY70ulOZI,0,commentsDisabled
Gj4L5NpyaxE,0,commentsDisabled
gAgGhxBKnJI,0,commentsDisabled
x3C1oAneHR4,0,ok
AxVdpdXnRiM,0,commentsDisabled
yrf3thLngVA,0,ok
Y0wC7TAPpNE,0,ok
By6lPBZTBxg,0,ok
Ncr04i27KyU,0,ok
24IZ7rk8YaM,0,ok
oegzCMibWWU,0,ok
rsJ3Il6t-Y0,0,commentsDisabled
YcEAsBSF2lQ,0,ok
hzc35E0PJqM,0,commentsDisabled
AQohSrAc0zU,0,commentsDisabled
9t3_CdjrcvE,0,commentsDisabled
kZD8OUGe-vc,0,commentsDisabled
IQukOuSHUDY,0,commentsDisabled
FN_MjAdElrw,0,ok
GzdS_hJVbNg,0,commentsDisabled
OmWDEDYgGLg,0,ok
Vv-GoVLUIh8,0,ok
GWQNX8UtQ9s,0,commentsDisabled
p_N2qgMoB0A,0,ok
UcTbsw4CYR4,0,ok
6mz4F_MBeMA,0,commentsDisabled
5ls6JGJgKC4,0,commentsDisabled
RPyQQjg7ScE,0,commentsDisabled
rvDt_w2QIE0,0,commentsDisabled
EeP7VuKto3w,0,commentsDisabled
J33W0uyvxuo,0,commentsDisabled
VpPwCgfss_A,0,commentsDisabled
ApXqwI9Np7E,0,commentsDisabled
DsnzasYaeCQ,0,commentsDisabled
iDU0E4HPP6g,0,commentsDisabled
CaNV6PpaPIw,0,ok
GgrJSLQasjc,0,ok
9B_gB7xdj9E,0,ok
49IGUWXwLnw,0,commentsDisabled
pbucp_9hk_A,0,commentsDisabled
Vqqr0uYC1wc,0,commentsDisabled
krqexaRayJU,0,commentsDisabled
idbUaRVNhBA,0,commentsDisabled
H-7XEi8CHeE,0,commentsDisabled
cgoCnmeJnVw,0,commentsDisabled
lyJVdfUv5QY,0,ok
hdI2UStSqH8,0,ok
jOjh07l-K64,0,commentsDisabled
84-lYdFjPiA,0,commentsDisabled
pw_5b54gq80,0,ok
SkBt4zfoxiw,0,ok
P0XCVSh5Gys,0,ok
IgLcSBDujoM,0,commentsDisabled
tusQ48ZZiJs,0,commentsDisabled
-1LFr0cveVk,0,commentsDisabled
0s0pp_Ok808,0,ok
Us5rc-pPe8U,0,commentsDisabled
NJ_-bz_FSMY,0,commentsDisabled
qdrW4wmNK6E,0,commentsDisabled
_PeCOwuwsXs,0,ok
39ywYN6GvWs,0,commentsDisabled
e9nogfjOMZ0,0,commentsDisabled
htpuYdEWvP8,0,commentsDisabled
MIvbOvpR5V8,0,commentsDisabled
dqwqSHbT6JY,0,commentsDisabled
xxqKuFFA7vc,0,ok
KUw6CaDm4rY,0,ok
STwhzkW5gaQ,0,ok
vVowUktO_68,0,ok
L6bYjU_R5og,0,ok
N1w1iTBbni8,0,commentsDisabled
CwG0LNNQb4w,0,commentsDisabled
VZdbFB5zpxY,0,commentsDisabled
DbNO8F4Ee38,0,ok
7fAgWtD0dP4,0,commentsDisabled
z4ZAuSXP2pc,0,ok
HY1hLnnra-c,0,commentsDisabled
dawrnf5M_u0,0,ok
EQOf5mJOptw,0,ok
FmPc8WANRHI,0,ok
DhVne22uEUY,0,ok
pEkebZlW9LM,0,commentsDisabled
B82xHGB7FuY,0,commentsDisabled
TKqXM5yeeoY,0,ok
mXIJTjqu8fw,0,ok
SnIPTnEVte0,0,ok
wZ0HKIAJoaQ,0,commentsDisabled
zVrgoz7pykc,0,ok
9aJKTharwzA,0,commentsDisabled
_bdSKo-40vw,0,ok
mmU8MvV2UOY,0,commentsDisabled
bAGJ8TDVqaM,0,ok
23ft_KC3hQo,0,commentsDisabled
So8ILXBd69k,0,commentsDisabled
WAYom3Dfzfs,0,commentsDisabled
Y_NHM2EgS6I,0,commentsDisabled
LkeoMKpqCyc,0,commentsDisabled
A33zpNK7LTw,0,commentsDisabled
p-qlLj09y1c,0,ok
9nbaymroWaI,0,ok
LVrunB17a4E,0,commentsDisabled
73ZwmGndqZ4,0,ok
01ajck2aNVg,0,ok
aIvZ-GeWOTY,0,ok
x3cTiElCr4o,0,ok
V42776uWR4E,0,ok
E0Dwv_8nzGw,0,ok
-u-oSfCxE-0,0,ok
Fj85OANFj-U,0,ok
e2rocQfw1uQ,0,commentsDisabled
8H5bj5HNlTw,0,commentsDisabled
CTkL01_WA1Q,0,commentsDisabled
S4N9FeDGkkQ,0,commentsDisabled
DOmNqLp-f4k,0,commentsDisabled
raXWCb-hAYI,0,commentsDisabled
oMgLs6m6I5c,0,commentsDisabled
Zx1CNxT6oGg,0,commentsDisabled
GU3qLw8pu7c,0,commentsDisabled
KAqFHUlnD6Q,0,commentsDisabled
PGG5q0E1qeE,0,commentsDisabled
suKsezhqKk4,0,commentsDisabled
xWWoSOtOW1E,0,commentsDisabled
6DPiy6yyjwY,0,commentsDisabled
p5sMhQSQ388,0,ok
vru2pl4DIMg,0,ok
uVHiD4puSus,0,commentsDisabled
8j1ccduOVwA,0,ok
SW-uWx7_7ts,0,ok
zYD624nM35g,0,ok
aL1wIpGmcqw,0,ok
yV4tzx4Nvnc,0,ok
pgncXkXvzkk,0,commentsDisabled
NUz-lHT48Z0,0,ok
Mds_JCiKej0,0,commentsDisabled
xXaRGLunHU0,0,ok
aYlhXyy0mg8,0,ok
6pw_CG6V5l8,0,commentsDisabled
kFyL-Rjqf9E,0,commentsDisabled
G6JcJiWvML8,0,commentsDisabled
YLY_ggZCxVo,0,commentsDisabled
t0Edmt2gxoE,0,commentsDisabled
nq6f0FZXJD4,0,commentsDisabled
NJSJ5-izMUA,0,commentsDisabled
M8n3DBMC1ik,0,commentsDisabled
cqv_wfc2tuU,0,commentsDisabled
yvgvD7s9AJI,0,commentsDisabled
E8JmJ9U_r98,0,commentsDisabled
uDFozzFkVsQ,0,ok
KM2txtP4rp0,0,commentsDisabled
YS6bwZUMrVQ,0,commentsDisabled
dt--Wth4W5g,0,commentsDisabled
vC_dlDaNlzw,0,ok
Q9bIDNrfX0Q,0,commentsDisabled
XI_heZpp9Wg,0,ok
D9DDI6iMvTg,0,commentsDisabled
5OCvEJtJkd0,0,ok
4Fmzvu88vh4,0,ok
3D0iSYtIbXw,0,ok
iKhq5V3-F-c,0,ok
ldMqME5Qw_g,0,commentsDisabled
RHbdR_kTpEU,0,ok
uOuNmEnxZJA,0,commentsDisabled
o2Vw8w5XYD0,0,commentsDisabled
FhJswT8u9Hs,0,commentsDisabled
7BCOAvPXc6E,0,ok
K29tH9nLz80,0,ok
OyJVRQAQaWE,0,commentsDisabled
pXCtrzp9JTU,0,ok
IqZRskHXX_o,0,ok
nryX2OJyhYY,0,ok
ZmePh_DIUm8,0,ok
8c8UBqoXG3Y,0,commentsDisabled
SAw7t-hV-6w,0,ok
YPl76fmb3rA,0,ok
0-GVre4jAY0,0,ok
pCRKo1rAf1U,0,commentsDisabled
RpU_9bGqfG4,0,commentsDisabled
hwhaWjT-hUE,0,ok
4VHYR5IIBbM,0,ok
jMmJgLuSuZc,0,ok
NKLh79BT-bI,0,commentsDisabled
WDJQhCPEqTQ,0,ok
wKKkFu9YJ_o,0,ok
igBGI-tOf9s,0,ok
QlC6Q2m4Pvs,0,ok
9vx-hJWgc9s,0,ok
VitrTZPEkBA,0,ok
azHBDlO9km8,0,ok
ExwBx9SETmQ,0,ok
lHIpZGyqp7Y,0,commentsDisabled
WjDhQI79mmM,0,commentsDisabled
e9fgWzhRXaI,0,commentsDisabled
crzUq8T-EfE,0,commentsDisabled
BsKyaJqn31w,0,commentsDisabled
9cDwVKJaT_E,0,ok
I8mDo13zmRQ,0,commentsDisabled
k7JxdN5oL7k,0,ok
PZZzWev7IVs,0,ok
2xF9Lf79ND0,0,ok
aNGhmeXo1RY,0,ok
AZIRxs2gv-c,0,ok
tXIjqdXZYbU,0,ok
Uby9Ogl8Bes,0,ok
bG7iihLI6Uw,0,ok
5uq3rTMnKRQ,0,ok
3WUAtVqMBJo,0,commentsDisabled
Zn499I2InlM,0,commentsDisabled
KfuqrniCP8k,0,commentsDisabled
cZ4GwS_FqNM,0,ok
EUBKUeba2D8,0,commentsDisabled
QqaTXrUXog4,0,ok
MyCiSZxi7Oo,0,commentsDisabled
B7rLyS5huL8,0,commentsDisabled
5HjJtG4sFiY,0,commentsDisabled
fIGSbXx4vm0,0,commentsDisabled
wkX-Q2pD0nY,0,ok
OLIksEQv-7E,0,commentsDisabled
V-K8W5Cxkeg,0,commentsDisabled
67PKa02I0AA,0,commentsDisabled
W5vKVFFz9wM,0,commentsDisabled
kvkk9_amQUM,0,ok
0AW_1CPTqsY,0,commentsDisabled
hWqa2eP1Pvs,0,commentsDisabled
fT0LHTf39Tc,0,ok
DgBKoR3P5V4,0,commentsDisabled
dqO4GvhGRHQ,0,commentsDisabled
YHn44y7a6M0,0,commentsDisabled
IWWW0LYU-9Q,0,ok
zg6MUz2r6LI,0,ok
S_baQGmVSs4,0,commentsDisabled
Wfy835lJNOo,0,ok
jfAq83QDxbg,0,commentsDisabled
lECfNSnivpk,0,ok
OVeHUrdXkW0,0,ok
r1Enq8qLDBo,0,ok
o5VOAjAY-Y0,0,ok
zRWkryqF1Ys,0,commentsDisabled
YCu_3YdvZgM,0,ok
DRKWmeAe3G0,0,ok
ezbX8xYVb8A,0,ok
rARgUJznwRk,0,ok
AQiEy3tQoqk,0,ok
9-s8jK-XFIk,0,commentsDisabled
u4Q929yFH6k,0,commentsDisabled
dLvFwoP32zQ,0,ok
UA9uOgFih-4,0,ok
L0Sks5DNvqs,0,commentsDisabled
yywsOeQ2X04,0,commentsDisabled
6FtI5z6Q0wo,0,ok
gNoKVuId1Fs,0,ok
mowRQWtnATo,0,commentsDisabled
YQrXB0b0J3w,0,commentsDisabled
JKBAa6ZZuFE,0,ok
Wn9w6MkGhdw,0,commentsDisabled
4dEA3b4hLGY,0,commentsDisabled
my4moQ3KYAc,0,ok
dSc0V4fc4oc,0,ok
7cOWwMFGPJg,0,commentsDisabled
NrPtpN_JYP8,0,commentsDisabled
fHYXaFuv_dw,0,ok
f4UFtKEdYLE,0,commentsDisabled
tccNJ_bI7Qk,0,commentsDisabled
9Dg2QRxg5AE,0,commentsDisabled
EKyjlo6kGsA,0,ok
1aLwQoTZcYo,0,ok
26B868ziEDA,0,commentsDisabled
8UmrG96GW_o,0,commentsDisabled
MbLnnV5ly5c,0,ok
VNwORgb2sIU,0,ok
tqr8YCKQW5E,0,ok
Grh_CQ1bjYI,0,commentsDisabled
zGhnXbEzVa0,0,commentsDisabled
K0frYGwKBoQ,0,commentsDisabled
95vktwSZoVM,0,commentsDisabled
hFiyKWLNA5o,0,commentsDisabled
8ITaBIoDSJA,0,commentsDisabled
s7bktSvvMl0,0,commentsDisabled
P4NmYk8CO-w,0,commentsDisabled
srAdTcD69wY,0,commentsDisabled
7DD1RdT4-FY,0,commentsDisabled
gTLcpux-PwI,0,commentsDisabled
SxG85kcb4ec,0,commentsDisabled
xGN7oYPz_fY,0,commentsDisabled
rjo4ZFdDd4w,0,ok
6wkVExva6E4,0,commentsDisabled
32--4n1vje8,0,ok
gD9yZNNIjUU,0,ok
EH3_H0X-lqA,0,ok
zCF_NboH7NQ,0,commentsDisabled
ZQcVmbx3wf8,0,ok
JGef7sfr8G4,0,commentsDisabled
oFP3J9K4DyA,0,ok
VBw_BmgauiI,0,ok
7PLdIdQX0Yc,0,ok
Qj9muKFcSiI,0,ok
ED4wo75t7JQ,0,commentsDisabled
rBkBwo9Zjrs,0,ok
hiEaYIjBl84,0,ok
b8HRlOIM9ts,0,ok
hiyD0A1Is-Q,0,commentsDisabled
_thIKUt7N58,0,ok
YFH5uqCWhxM,0,ok
yJFkZOim9I4,0,ok
r8_3Z1ey6BY,0,ok
_MljBBTLEI0,0,commentsDisabled
Kg05zHnhbvI,0,commentsDisabled
mZ2BHXkNR2c,0,commentsDisabled
OiXNQaMmIMU,0,commentsDisabled
OL2td-y6A-c,0,commentsDisabled
x5gcmklkkdw,0,ok
BiXtop6SxMY,0,commentsDisabled
olSrc8qTSHs,0,ok
j3zFVpvb-zA,0,ok
Vl9qDUCtXa0,0,ok
QDjPYMrY-xA,0,ok
V0n0Hz7iFbE,0,ok
wSg11DyfJTw,0,commentsDisabled
PHMQ4lN4Y7g,0,commentsDisabled
BRJ_wTcJxF4,0,ok
ZXt9LuW_KN0,0,commentsDisabled
2mJBxZ4DFxQ,0,commentsDisabled
C9aOLyFe2T4,0,commentsDisabled
bOfdwsy2mEU,0,commentsDisabled
XxLaGVRZ94Y,0,commentsDisabled
kcdXZU6-h_Y,0,ok
lDJCdGE3dqY,0,ok
YbiYfZIFeO0,0,commentsDisabled
fIeZvbQLQqs,0,commentsDisabled
s0pkMpRbQp4,0,commentsDisabled
hiDKMlIe4bc,0,ok
TXmyM3WwoFc,0,ok
H0WzI4JzA80,0,ok
xhPCQQs4p5A,0,commentsDisabled
jm_QAPezr5c,0,ok
A_LGR5uxzNc,0,commentsDisabled
WtTwdPUBuS4,0,ok
YG3XcdQeVhY,0,ok
pxtMVLkPUnk,0,ok
MGDGSN3ts2o,0,commentsDisabled
yp_AXkxxtFk,0,ok
FrjJYg1mOOU,0,commentsDisabled
f-Ae7UtYRmM,0,ok
ZqHNjY1b0tM,0,ok
8T1QXyZXoEI,0,commentsDisabled
jLf_IKftP6k,0,commentsDisabled
ESBS_xvxr-0,0,ok
jT_Vd3IF_-8,0,ok
jXZ8wPk9g4g,0,commentsDisabled
Gqf0K3Y1gFA,0,commentsDisabled
1CBEpl9OurQ,0,ok
IDzKZ0vCbys,0,commentsDisabled
J5BfdxkUU2A,0,ok
P4wJXvs-Zjw,0,ok
8H1FbGsP4vY,0,ok
GUCM75JeTwA,0,ok
14eDp6Ourq4,0,ok
Kcn4MhraXbI,0,ok
bp64_NIo2SA,0,ok
k1EQJhCjyiw,0,ok
aSTTS1K3FKI,0,commentsDisabled
RbVKqOS4Wuo,0,commentsDisabled
JioHhGkGQAQ,0,ok
-AyfK4WcdyQ,0,ok
GFwrfNxaSXw,0,ok
Nyi_i4xePQY,0,commentsDisabled
49Ahwxu8EBE,0,commentsDisabled
XY6U6TLJs-8,0,ok
aV11RiD3-ls,0,commentsDisabled
WsL71uZTc8Q,0,ok
U79Qs-BdkaE,0,commentsDisabled
OnXeVabwAJA,0,commentsDisabled
oxIbwALJ7yo,0,ok
zECH8cqCs1Y,0,commentsDisabled
j5JVQWC2gGQ,0,ok
R_jHctgxyog,0,ok
Bbi6fhMcGME,0,commentsDisabled
iuLMt3Vlr28,0,ok
DMZmEdg4AGk,0,ok
2mWylmKuuX0,0,commentsDisabled
ttsLIPx6-Nw,0,ok
rQUDS1QaqMU,0,ok
Et8-zcdx3xs,0,ok
lsRoTTKe6UA,0,ok
P8lf_6edh6I,0,commentsDisabled
rAWpaWNQcMw,0,commentsDisabled
ziALlBvqz98,0,commentsDisabled
v2-M82tRW0g,0,commentsDisabled
PfMly58KllA,0,ok
7oXTlvyg0qQ,0,ok
rYLyv43i9Xw,0,ok
aHio4bABiPo,0,ok
gSp300a_i6U,0,commentsDisabled
0EwLhxLLStE,0,commentsDisabled
dXqGMJC7mRA,0,commentsDisabled
0vR7dE8BA1I,0,commentsDisabled
QcZ6VGXz_TQ,0,ok
7V5Uio9F8o0,0,commentsDisabled
tPjYRVigazU,0,commentsDisabled
qBU8DNAafoM,0,commentsDisabled
xJ7N7mretNg,0,commentsDisabled
YdDjYKGG8vE,0,ok
C-G8k8c8JVc,0,ok
_1yuFOZpbUc,0,ok
0hU_zLdUUqI,0,ok
dA85sZE7SoY,0,commentsDisabled
JAb2r522MFw,0,commentsDisabled
dIoCO6kSV8k,0,ok
VpWtGFwZr3M,0,commentsDisabled
MZsEyjNw8Go,0,ok
9ydCZ6s4GZ8,0,ok
rbfXYz62USw,0,ok
AwSiWGgBq9M,0,ok
C_A2yM8UrJE,0,ok
YQHe2oclTh4,0,ok
EFLGmWHx_0U,0,commentsDisabled
D4f6jT0IWm8,0,commentsDisabled
89eQNYbdqzs,0,commentsDisabled
a1QJNIV8Ago,0,commentsDisabled
ACV9BWy1Vzs,0,commentsDisabled
I0WE3teSlWY,0,commentsDisabled
zBpJK3WLKY0,0,commentsDisabled
pLQtYjQ-X5w,0,commentsDisabled
5VI03VQlpY4,0,ok
R6vtUfmkY3s,0,commentsDisabled
mp0VmEszidA,0,commentsDisabled
rI9macnvg5k,0,ok
JiPOnbsUhQM,0,commentsDisabled
6RGkPaujGrs,0,ok
X5nPufhsLRc,0,ok
XMq8xXfYUQg,0,ok
ENqkUBXRYyo,0,commentsDisabled
CH-rjMhbQP4,0,ok
whGq5tP0FjI,0,ok
H-bve4ja6Xk,0,commentsDisabled
i6J87opMRFw,0,ok
NHAXZL3mw-s,0,ok
kztrU51_tYM,0,ok
qyI0v1jxeik,0,ok
4D0T7hzZsy0,0,commentsDisabled
MLwX_cwjc_Q,0,ok
p6AAcU946Io,0,ok
EYDbGRXygU4,0,ok
J2vPbjbUAt8,0,commentsDisabled
F6NPlWPIVhQ,0,commentsDisabled
_jNbTCUbJhg,0,commentsDisabled
QgnL0rx6zvI,0,ok
jwa_7QmxYEo,0,commentsDisabled
k1-YDDVgBH4,0,commentsDisabled
jaBUV__O0w8,0,ok
WzGs0ic6mQA,0,ok
hdycmo3pqIE,0,ok
jGYwACXnWZ8,0,commentsDisabled
TuR38_7Ew5o,0,commentsDisabled
aOAT2M-TTSE,0,ok
dLPk5XJ-y74,0,commentsDisabled
ldh4VR84n4I,0,commentsDisabled
QkADxU0KcqY,0,commentsDisabled
kcd5ugO3bCY,0,commentsDisabled
vV72_tbyxNc,0,commentsDisabled
8S_g31M674s,0,commentsDisabled
N205RC6hFLY,0,ok
GY_MseQwwzo,0,ok
gdr6oPUqXps,0,commentsDisabled
v9DAqSTEaaE,0,ok
RZidzhevl2Q,0,ok
3dqe9NM7-JQ,0,ok
tpDVNxeME_c,0,ok
k5zT4ZSP9vY,0,ok
PRoWw1p0enw,0,ok
5TNJlVt19Hs,0,ok
CztfImfJIBY,0,ok
f6Ks3sPb6Mk,0,ok
gvplrhWAhFc,0,commentsDisabled
-pnBz3TaZaE,0,ok
DDyuxL7_EI8,0,ok
SxeruF4Qf8U,0,ok
wTf4Hok-O1Q,0,ok
nzA9mCorR4A,0,commentsDisabled
6gqdU1Yfvo0,0,ok
VoP6xoS3PAg,0,ok
yKPSixbDfN8,0,ok
LHBIMM-wFsA,0,commentsDisabled
gqoBJC_0lEQ,0,commentsDisabled
FZXDZVOiy7c,0,ok
IkbaiwzFlBU,0,ok
wd7EQiMx59M,0,ok
FWuVHGPPDZg,0,ok
U8ihxV10E40,0,ok
tHNj1V0EluY,0,ok
b5YnGNATasc,0,ok
6i4TLEEw_wM,0,ok
AZ6fH4_ziGU,0,ok
QQU2Babg7B8,0,ok
EnKY5MmaYvg,0,ok
G3Uv-qwtKcc,0,ok
vAdxsq4a3Tk,0,ok
hUDA-hii-UA,0,ok
naG6AXNAcDw,0,ok
PHOcA3DBPxs,0,ok
itGsFEkVzqw,0,ok
hFKN8soj4h8,0,commentsDisabled
QretokZE-UM,0,commentsDisabled
tgZdhP3JVus,0,commentsDisabled
PalS0cytsFM,0,ok
osiHmfH-51Y,0,ok
zXEDW8ESlmE,0,ok
BJ9mJ0VIJM4,0,commentsDisabled
8tOR58u9Lak,0,ok
CisPu9YcrVQ,0,ok
MdRIf3Qe95I,0,ok
mvUff-OmN-w,0,commentsDisabled
jHT-9wely2g,0,commentsDisabled
b-B8grtjxjs,0,commentsDisabled
kAFhHaeU38A,0,commentsDisabled
5XfBdf6FQT4,0,commentsDisabled
e0IL06ZXHFs,0,commentsDisabled
NfoYRHvaqkQ,0,commentsDisabled
YvjDtjCAdJE,0,commentsDisabled
RJzYkMvQNrw,0,commentsDisabled
IJrEyRFrZA4,0,ok
Q_L6biJsdwE,0,ok
eHw89s7cEqo,0,commentsDisabled
azpXFBvKjxQ,0,ok
T8F00H_VFuw,0,commentsDisabled
E1PFy1DGbzc,0,ok
2mcyLCbRlMk,0,ok
1hSqpEkwRLM,0,ok
dXvjZ8hIfQA,0,ok
QXwU-nZWJt4,0,ok
vw8K1vYlvoo,0,commentsDisabled
2PxwbwDiamU,0,commentsDisabled
mJ5_7oJSbYc,0,ok
jdexrepbavI,0,commentsDisabled
aGzDeXqV-L4,0,commentsDisabled
sDAMSarXTYc,0,commentsDisabled
LlxjD1fnC5M,0,commentsDisabled
zLDpplQZLsg,0,commentsDisabled
iu0G0ndovX8,0,ok
tL0xlE_V2-E,0,ok
YfnZOB0R19g,0,ok
26NRBIUSbGA,0,commentsDisabled
LV76n8d0T1A,0,commentsDisabled
xbR9rIvpnRQ,0,ok
rKFsUwxjEsA,0,ok
M51xsa_ZEak,0,commentsDisabled
ux-aErLbeSY,0,ok
RTOk_UoLEvw,0,commentsDisabled
odeM3Hbz7Sw,0,ok
l5Hr6vw0yBg,0,ok
HDidYFPIFAI,0,commentsDisabled
YJfnxYB3hh4,0,ok
sEqQBLnZavE,0,ok
81stlvF-Hak,0,ok
nZgFB6cx_T4,0,commentsDisabled
ipXOg3K51RI,0,ok
0hSrOVIOv1Q,0,ok
7ul9hCZtJH0,0,commentsDisabled
EhvZ9qHzxPk,0,ok
zqAQ96uUx0A,0,ok
liUBw7El5O0,0,ok
HRUYmD8VqIg,0,ok
BNLiAKMmJfA,0,ok
i6twLNWLcSI,0,commentsDisabled
tFDQ0pSOm4k,0,commentsDisabled
9u92u3eg6Jw,0,ok
yZ1L8ABB7OQ,0,ok
7wPpDz0JGDU,0,commentsDisabled
up91yoJPdTQ,0,commentsDisabled
imtiA0H4E5U,0,ok
ZiUcIkT1vZg,0,ok
YZR3zKboHI0,0,ok
8Bli9bM-a-Y,0,commentsDisabled
BKd-1bQu5pY,0,commentsDisabled
x8F9tfM_Ens,0,commentsDisabled
DPMRkXViC7c,0,ok
SSIG7w_OBOM,0,ok
16Js3IFtFOY,0,ok
xujO_f9XcpE,0,ok
QYgCDXK0YjM,0,ok
sheEEBs_HuM,0,ok
p6f1MvYFLuM,0,commentsDisabled
pcFdMlRw1Nw,0,ok
iJhYTLP6hRM,0,commentsDisabled
BZ6-yEqGM6U,0,ok
BKPDhePdjZ4,0,ok
3bWnBKAlAoU,0,ok
tU9M_bS6nLY,0,ok
aOBs-PlEPTs,0,commentsDisabled
zZeO7qdd-LQ,0,ok
5r3noRvnbBI,0,commentsDisabled
aLLUfYgDpd4,0,ok
iFedfrlFFw8,0,ok
jO-bDaZOIPY,0,commentsDisabled
GpnD4FAZ-EE,0,ok
LZDgEHOAPC0,0,ok
N2zEVwjtGAw,0,ok
rzTWbb8IIW8,0,commentsDisabled
vBAOLRfQbgw,0,ok
gytDD0EXPXQ,0,ok
BO89ZuOJIfs,0,commentsDisabled
xs4S-F8gaeM,0,commentsDisabled
2eTsGcHWdcY,0,ok
yAqYE4fwe44,0,ok
-pkTXL3L9AE,0,commentsDisabled
MkQHPghS2gc,0,commentsDisabled
c_mRcMJ8F6c,0,ok
ZFe5Z4ilU8U,0,ok
qiFPzNBe-Bk,0,ok
XMHzNBL3xPg,0,ok
z5jvMNyAz_0,0,ok
Fi5BzGUrfBQ,0,commentsDisabled
cfmHLtkVGvM,0,ok
5EdqO0RC0ck,0,commentsDisabled
hvSPc6PL4DI,0,notFound
vEaq_EFzSns,0,ok
iLv0P4h3qlY,0,ok
netEKi1gRJw,0,commentsDisabled
4iRijyKI3uA,0,commentsDisabled
cA7kQTdwSDM,0,commentsDisabled
hyyAztKUPdQ,0,commentsDisabled
MaQeVEB7sAU,0,commentsDisabled
W3WEMEGtK8M,0,commentsDisabled
5w80em2xTTE,0,ok
6E0vLPCHUMk,0,ok
8EDyAIllbgw,0,ok
ccXbtSwtn0g,0,ok
ZTxakmfeH1s,0,ok
j7WGA4Uf44o,0,commentsDisabled
jatUln64v_U,0,ok
8P7Gi1JbqPo,0,ok
S-e2vK3Fg-g,0,commentsDisabled
l85PyMImEII,0,commentsDisabled
OXQZ1MN9lFY,0,ok
gw2Y8FzgZXQ,0,ok
PH_sLSByqhE,0,ok
Dm9n81dOiHQ,0,ok
6FGhxLWxfzc,0,ok
_PI66sr4vNg,0,ok
8pYlQaqQRU8,0,commentsDisabled
SvzFhM9nEc0,0,commentsDisabled
0xZsBz1Mbo8,0,commentsDisabled
wgfKpkfEvDM,0,commentsDisabled
E63R_pIzXWs,0,commentsDisabled
pknJjObGyP8,0,ok
OpG4n-FN95I,0,commentsDisabled
5il7YlonaCE,0,commentsDisabled
j0VNEBDpLfU,0,ok
VOcjo6UKCO8,0,ok
KhRUB9q-jYQ,0,commentsDisabled
YbipIjms2Do,0,commentsDisabled
_LPVZa6mR9k,0,ok
LuM-dB2MPTo,0,commentsDisabled
MIObmzKFUII,0,ok
SlZFoUZI9fI,0,commentsDisabled
6-0mj8QRjh4,0,ok
ZQgHDLPS24Q,0,ok
WPhK8SSNdDc,0,commentsDisabled
CmLpsoRGxIA,0,ok
kRHNpsuulUU,0,ok
ItS9q3JasnY,0,ok
9Bk48knjs-o,0,ok
PFEy4q2G7qs,0,ok
cVW8IJ5WCeo,0,commentsDisabled
HlJ_Njek7qs,0,commentsDisabled
o9ubBcBfyuc,0,commentsDisabled
oMRArWZsG1Q,0,commentsDisabled
ZDSnrixdW2s,0,commentsDisabled
zoJXlaC4Zk8,0,commentsDisabled
lGc6yv9Y_oc,0,commentsDisabled
D_vo40hSJQ4,0,ok
oEXDEyA8zhk,0,ok
ECfkzk-VJIs,0,commentsDisabled
GBc47Pok9UY,0,ok
X_6aEfMKM4A,0,ok
lGiR7Dw62kE,0,commentsDisabled
1tR5T8Qm5Uw,0,ok
YNcGrmpVnmM,0,ok
f8Iqv1e20NM,0,commentsDisabled
IjGhU67tlo4,0,ok
6mKWQ_RdN8c,0,ok
cfMABm6Uocg,0,commentsDisabled
hYuIfNxGR-4,0,commentsDisabled
jekxqVWJYlA,0,commentsDisabled
uVwrBpes9UQ,0,ok
co5mkiuThl8,0,commentsDisabled
ruFDRQPcCes,0,ok
Xnb9EE823j8,0,commentsDisabled
18TrgKrQjIQ,0,ok
Rw5Cp1czWbA,0,commentsDisabled
CoCUeG_-iEE,0,commentsDisabled
VjfPFcRUYg0,0,ok
GVoIT02se9Y,0,ok
At0Vc28tnuE,0,ok
5_gCqDwlWLI,0,commentsDisabled
SLuW92aMNss,0,ok
4AbWg1t4YAw,0,commentsDisabled
ImFdawvN-yQ,0,ok
3yF9qh6-IEo,0,commentsDisabled
r2NmGGkF8-I,0,commentsDisabled
LOLoJfLaxfI,0,ok
5lg8zynurSw,0,ok
nOUfNQsRDwc,0,commentsDisabled
KFgmn4wQdT4,0,commentsDisabled
68KPMtEtFHY,0,commentsDisabled
862MHBm-5Iw,0,commentsDisabled
UOGoQ1Pyu0o,0,ok
iY4htNG4MWU,0,commentsDisabled
uASH881BxE8,0,ok
3-TBjPQBNZ4,0,commentsDisabled
HtZ4yNsWrKQ,0,ok
c2gJsj0kRH4,0,commentsDisabled
AqC7IfQ41uY,0,commentsDisabled
dEI6rCIrnyc,0,commentsDisabled
1EWTzsqBRwk,0,commentsDisabled
HX8bGIwN6Q4,0,commentsDisabled
-XRqaDk40hg,0,commentsDisabled
u6sCNFNhz_o,0,ok
Yq0NnINcIcQ,0,commentsDisabled
wvN6G9NFjMI,0,commentsDisabled
fCALnM5U4TI,0,commentsDisabled
9Sw-3-ybGTQ,0,commentsDisabled
xXrZjObDRRs,0,commentsDisabled
fbnDYYxcjV0,0,commentsDisabled
FoowhPiZ9Nk,0,ok
DkvlSo5uRSk,0,ok
WN9SgVyozvA,0,commentsDisabled
kBSlBrWGm50,0,commentsDisabled
IM32LH0f-9w,0,ok
SFjo4M3uvuU,0,commentsDisabled
L1y0VfZP6zY,0,ok
CPCMZI7LSN0,0,commentsDisabled
NAdveqaab_g,0,commentsDisabled
42o1PjL_vZw,0,commentsDisabled
7RPGdDgbhhQ,0,commentsDisabled
9tyxHeDNFU4,0,commentsDisabled
dZOBQHp2afw,0,commentsDisabled
n5OE5Jh8W1g,0,commentsDisabled
wrDQm4krpaM,0,commentsDisabled
G1oEY94bdWs,0,commentsDisabled
Lxsx5GQ5omM,0,commentsDisabled
NYqjucEOnNk,0,commentsDisabled
t4eDXS7d9tw,0,commentsDisabled
hBuMnYVP1S4,0,commentsDisabled
5ePsh5ADOFo,0,ok
9A4AqYj663g,0,commentsDisabled
OW8ALdGzvAI,0,commentsDisabled
uHXyDavUaLk,0,commentsDisabled
pWCyTRz2fSI,0,commentsDisabled
x6cJ550bcZU,0,commentsDisabled
3L_KHFovRf8,0,ok
2TZe9ETYJI8,0,ok
60kLyJg_ePY,0,ok
xdyRRJX4HaI,0,ok
sEkwJ77suEs,0,ok
izNRL8hAKQs,0,commentsDisabled
Hh0VxTy6LWc,0,commentsDisabled
giayCGoigZM,0,commentsDisabled
kY1irHy0JGg,0,commentsDisabled
5jyckxAxiF8,0,commentsDisabled
bXILIKUdJX0,0,ok
dkabWxAEpso,0,commentsDisabled
x0Ew1zzSxR8,0,commentsDisabled
8xrsU2ChBa8,0,commentsDisabled
xQQLpXbXqdI,0,ok
om8_GAjHLMc,0,commentsDisabled
Xj4k2j1xoS4,0,ok
ha7yNsW35wU,0,commentsDisabled
sXdv7OyCgCg,0,commentsDisabled
C2gPn0siUEA,0,commentsDisabled
CVhQaBIwFys,0,commentsDisabled
Arn1ytQ7Lns,0,commentsDisabled
aQaZoVrlaaA,0,ok
eWnyDqmZT2c,0,ok
h_68AYy0mag,0,ok
Xy-fTTDwuyA,0,commentsDisabled
uPTzkIwdt9I,0,ok
r6ddXosGVnU,0,commentsDisabled
3Xq1CKezbsA,0,commentsDisabled
mKJao6wkto0,0,ok
eWAdI9CrjDE,0,ok
kgeU9_Cmivc,0,commentsDisabled
etGEw37bxn4,0,commentsDisabled
3pRow7b5NA0,0,commentsDisabled
v-j9jsIzF2I,0,ok
sHYUrGrWiLs,0,ok
Q-z7FyIukNI,0,ok
v1P3QVi_-ow,0,ok
S2WnqYS1FIw,0,ok
jhqhsSy0AGY,0,ok
4PVL_P4rvVc,0,ok
Jk4w9_IKAWY,0,ok
d7cUkACvsa8,0,commentsDisabled
BUbetii-xUI,0,ok
XhTOqmXZnEM,0,ok
iK7upwLQrFU,0,commentsDisabled
4467AOsnQ70,0,ok
siebDicc1-A,0,ok
n5z4D1qY3V4,0,ok
5yYOfzkKbZY,0,commentsDisabled
P_OY70ulOZI,0,commentsDisabled
Gj4L5NpyaxE,0,commentsDisabled
gAgGhxBKnJI,0,commentsDisabled
x3C1oAneHR4,0,ok
AxVdpdXnRiM,0,commentsDisabled
yrf3thLngVA,0,ok
Y0wC7TAPpNE,0,ok
By6lPBZTBxg,0,ok
Ncr04i27KyU,0,ok
24IZ7rk8YaM,0,ok
oegzCMibWWU,0,ok
rsJ3Il6t-Y0,0,commentsDisabled
YcEAsBSF2lQ,0,ok
hzc35E0PJqM,0,commentsDisabled
AQohSrAc0zU,0,commentsDisabled
9t3_CdjrcvE,0,commentsDisabled
kZD8OUGe-vc,0,commentsDisabled
IQukOuSHUDY,0,commentsDisabled
FN_MjAdElrw,0,ok
GzdS_hJVbNg,0,commentsDisabled
OmWDEDYgGLg,0,ok
Vv-GoVLUIh8,0,ok
GWQNX8UtQ9s,0,commentsDisabled
p_N2qgMoB0A,0,ok
UcTbsw4CYR4,0,ok
6mz4F_MBeMA,0,commentsDisabled
5ls6JGJgKC4,0,commentsDisabled
RPyQQjg7ScE,0,commentsDisabled
rvDt_w2QIE0,0,commentsDisabled
EeP7VuKto3w,0,commentsDisabled
J33W0uyvxuo,0,commentsDisabled
VpPwCgfss_A,0,commentsDisabled
ApXqwI9Np7E,0,commentsDisabled
DsnzasYaeCQ,0,commentsDisabled
iDU0E4HPP6g,0,commentsDisabled
CaNV6PpaPIw,0,ok
GgrJSLQasjc,0,ok
9B_gB7xdj9E,0,ok
49IGUWXwLnw,0,commentsDisabled
pbucp_9hk_A,0,commentsDisabled
Vqqr0uYC1wc,0,commentsDisabled
krqexaRayJU,0,commentsDisabled
idbUaRVNhBA,0,commentsDisabled
H-7XEi8CHeE,0,commentsDisabled
cgoCnmeJnVw,0,commentsDisabled
lyJVdfUv5QY,0,ok
hdI2UStSqH8,0,ok
jOjh07l-K64,0,commentsDisabled
84-lYdFjPiA,0,commentsDisabled
pw_5b54gq80,0,ok
SkBt4zfoxiw,0,ok
P0XCVSh5Gys,0,ok
IgLcSBDujoM,0,commentsDisabled
tusQ48ZZiJs,0,commentsDisabled
-1LFr0cveVk,0,commentsDisabled
0s0pp_Ok808,0,ok
Us5rc-pPe8U,0,commentsDisabled
NJ_-bz_FSMY,0,commentsDisabled
qdrW4wmNK6E,0,commentsDisabled
_PeCOwuwsXs,0,ok
39ywYN6GvWs,0,commentsDisabled
e9nogfjOMZ0,0,commentsDisabled
htpuYdEWvP8,0,commentsDisabled
MIvbOvpR5V8,0,commentsDisabled
dqwqSHbT6JY,0,commentsDisabled
xxqKuFFA7vc,0,ok
KUw6CaDm4rY,0,ok
STwhzkW5gaQ,0,ok
vVowUktO_68,0,ok
L6bYjU_R5og,0,ok
N1w1iTBbni8,0,commentsDisabled
CwG0LNNQb4w,0,commentsDisabled
VZdbFB5zpxY,0,commentsDisabled
DbNO8F4Ee38,0,ok
7fAgWtD0dP4,0,commentsDisabled
z4ZAuSXP2pc,0,ok
HY1hLnnra-c,0,commentsDisabled
dawrnf5M_u0,0,ok
EQOf5mJOptw,0,ok
FmPc8WANRHI,0,ok
DhVne22uEUY,0,ok
pEkebZlW9LM,0,commentsDisabled
B82xHGB7FuY,0,commentsDisabled
TKqXM5yeeoY,0,ok
mXIJTjqu8fw,0,ok
SnIPTnEVte0,0,ok
wZ0HKIAJoaQ,0,commentsDisabled
zVrgoz7pykc,0,ok
9aJKTharwzA,0,commentsDisabled
_bdSKo-40vw,0,ok
mmU8MvV2UOY,0,commentsDisabled
bAGJ8TDVqaM,0,ok
23ft_KC3hQo,0,commentsDisabled
So8ILXBd69k,0,commentsDisabled
WAYom3Dfzfs,0,commentsDisabled
Y_NHM2EgS6I,0,commentsDisabled
LkeoMKpqCyc,0,commentsDisabled
A33zpNK7LTw,0,commentsDisabled
p-qlLj09y1c,0,ok
9nbaymroWaI,0,ok
LVrunB17a4E,0,commentsDisabled
73ZwmGndqZ4,0,ok
01ajck2aNVg,0,ok
aIvZ-GeWOTY,0,ok
x3cTiElCr4o,0,ok
V42776uWR4E,0,ok
E0Dwv_8nzGw,0,ok
-u-oSfCxE-0,0,ok
Fj85OANFj-U,0,ok
e2rocQfw1uQ,0,commentsDisabled
8H5bj5HNlTw,0,commentsDisabled
CTkL01_WA1Q,0,commentsDisabled
S4N9FeDGkkQ,0,commentsDisabled
DOmNqLp-f4k,0,commentsDisabled
raXWCb-hAYI,0,commentsDisabled
oMgLs6m6I5c,0,commentsDisabled
Zx1CNxT6oGg,0,commentsDisabled
GU3qLw8pu7c,0,commentsDisabled
KAqFHUlnD6Q,0,commentsDisabled
PGG5q0E1qeE,0,commentsDisabled
suKsezhqKk4,0,commentsDisabled
xWWoSOtOW1E,0,commentsDisabled
6DPiy6yyjwY,0,commentsDisabled
p5sMhQSQ388,0,ok
vru2pl4DIMg,0,ok
uVHiD4puSus,0,commentsDisabled
8j1ccduOVwA,0,ok
SW-uWx7_7ts,0,ok
zYD624nM35g,0,ok
aL1wIpGmcqw,0,ok
yV4tzx4Nvnc,0,ok
pgncXkXvzkk,0,commentsDisabled
NUz-lHT48Z0,0,ok
Mds_JCiKej0,0,commentsDisabled
xXaRGLunHU0,0,ok
aYlhXyy0mg8,0,ok
6pw_CG6V5l8,0,commentsDisabled
kFyL-Rjqf9E,0,commentsDisabled
G6JcJiWvML8,0,commentsDisabled
YLY_ggZCxVo,0,commentsDisabled
t0Edmt2gxoE,0,commentsDisabled
nq6f0FZXJD4,0,commentsDisabled
NJSJ5-izMUA,0,commentsDisabled
M8n3DBMC1ik,0,commentsDisabled
cqv_wfc2tuU,0,commentsDisabled
yvgvD7s9AJI,0,commentsDisabled
E8JmJ9U_r98,0,commentsDisabled
uDFozzFkVsQ,0,ok
KM2txtP4rp0,0,commentsDisabled
YS6bwZUMrVQ,0,commentsDisabled
dt--Wth4W5g,0,commentsDisabled
vC_dlDaNlzw,0,ok
Q9bIDNrfX0Q,0,commentsDisabled
XI_heZpp9Wg,0,ok
D9DDI6iMvTg,0,commentsDisabled
5OCvEJtJkd0,0,ok
4Fmzvu88vh4,0,ok
3D0iSYtIbXw,0,ok
iKhq5V3-F-c,0,ok
ldMqME5Qw_g,0,commentsDisabled
RHbdR_kTpEU,0,ok
uOuNmEnxZJA,0,commentsDisabled
o2Vw8w5XYD0,0,commentsDisabled
FhJswT8u9Hs,0,commentsDisabled
7BCOAvPXc6E,0,ok
K29tH9nLz80,0,ok
OyJVRQAQaWE,0,commentsDisabled
pXCtrzp9JTU,0,ok
IqZRskHXX_o,0,ok
nryX2OJyhYY,0,ok
ZmePh_DIUm8,0,ok
8c8UBqoXG3Y,0,commentsDisabled
SAw7t-hV-6w,0,ok
YPl76fmb3rA,0,ok
0-GVre4jAY0,0,ok
pCRKo1rAf1U,0,commentsDisabled
RpU_9bGqfG4,0,commentsDisabled
hwhaWjT-hUE,0,ok
4VHYR5IIBbM,0,ok
jMmJgLuSuZc,0,ok
NKLh79BT-bI,0,commentsDisabled
WDJQhCPEqTQ,0,ok
wKKkFu9YJ_o,0,ok
igBGI-tOf9s,0,ok
QlC6Q2m4Pvs,0,ok
9vx-hJWgc9s,0,ok
VitrTZPEkBA,0,ok
azHBDlO9km8,0,ok
ExwBx9SETmQ,0,ok
lHIpZGyqp7Y,0,commentsDisabled
WjDhQI79mmM,0,commentsDisabled
e9fgWzhRXaI,0,commentsDisabled
crzUq8T-EfE,0,commentsDisabled
BsKyaJqn31w,0,commentsDisabled
9cDwVKJaT_E,0,ok
I8mDo13zmRQ,0,commentsDisabled
k7JxdN5oL7k,0,ok
PZZzWev7IVs,0,ok
2xF9Lf79ND0,0,ok
aNGhmeXo1RY,0,ok
AZIRxs2gv-c,0,ok
tXIjqdXZYbU,0,ok
Uby9Ogl8Bes,0,ok
bG7iihLI6Uw,0,ok
5uq3rTMnKRQ,0,ok
3WUAtVqMBJo,0,commentsDisabled
Zn499I2InlM,0,commentsDisabled
KfuqrniCP8k,0,commentsDisabled
cZ4GwS_FqNM,0,ok
EUBKUeba2D8,0,commentsDisabled
QqaTXrUXog4,0,ok
MyCiSZxi7Oo,0,commentsDisabled
B7rLyS5huL8,0,commentsDisabled
5HjJtG4sFiY,0,commentsDisabled
fIGSbXx4vm0,0,commentsDisabled
wkX-Q2pD0nY,0,ok
OLIksEQv-7E,0,commentsDisabled
V-K8W5Cxkeg,0,commentsDisabled
67PKa02I0AA,0,commentsDisabled
W5vKVFFz9wM,0,commentsDisabled
kvkk9_amQUM,0,ok
0AW_1CPTqsY,0,commentsDisabled
hWqa2eP1Pvs,0,commentsDisabled
fT0LHTf39Tc,0,ok
DgBKoR3P5V4,0,commentsDisabled
dqO4GvhGRHQ,0,commentsDisabled
YHn44y7a6M0,0,commentsDisabled
IWWW0LYU-9Q,0,ok
zg6MUz2r6LI,0,ok
S_baQGmVSs4,0,commentsDisabled
Wfy835lJNOo,0,ok
jfAq83QDxbg,0,commentsDisabled
lECfNSnivpk,0,ok
OVeHUrdXkW0,0,ok
r1Enq8qLDBo,0,ok
o5VOAjAY-Y0,0,ok
zRWkryqF1Ys,0,commentsDisabled
YCu_3YdvZgM,0,ok
DRKWmeAe3G0,0,ok
ezbX8xYVb8A,0,ok
rARgUJznwRk,0,ok
AQiEy3tQoqk,0,ok
9-s8jK-XFIk,0,commentsDisabled
u4Q929yFH6k,0,commentsDisabled
dLvFwoP32zQ,0,ok
UA9uOgFih-4,0,ok
L0Sks5DNvqs,0,commentsDisabled
yywsOeQ2X04,0,commentsDisabled
6FtI5z6Q0wo,0,ok
gNoKVuId1Fs,0,ok
mowRQWtnATo,0,commentsDisabled
YQrXB0b0J3w,0,commentsDisabled
JKBAa6ZZuFE,0,ok
Wn9w6MkGhdw,0,commentsDisabled
4dEA3b4hLGY,0,commentsDisabled
my4moQ3KYAc,0,ok
dSc0V4fc4oc,0,ok
7cOWwMFGPJg,0,commentsDisabled
NrPtpN_JYP8,0,commentsDisabled
fHYXaFuv_dw,0,ok
f4UFtKEdYLE,0,commentsDisabled
tccNJ_bI7Qk,0,commentsDisabled
9Dg2QRxg5AE,0,commentsDisabled
EKyjlo6kGsA,0,ok
1aLwQoTZcYo,0,ok
26B868ziEDA,0,commentsDisabled
8UmrG96GW_o,0,commentsDisabled
MbLnnV5ly5c,0,ok
VNwORgb2sIU,0,ok
tqr8YCKQW5E,0,ok
Grh_CQ1bjYI,0,commentsDisabled
zGhnXbEzVa0,0,commentsDisabled
K0frYGwKBoQ,0,commentsDisabled
95vktwSZoVM,0,commentsDisabled
hFiyKWLNA5o,0,commentsDisabled
8ITaBIoDSJA,0,commentsDisabled
s7bktSvvMl0,0,commentsDisabled
P4NmYk8CO-w,0,commentsDisabled
srAdTcD69wY,0,commentsDisabled
7DD1RdT4-FY,0,commentsDisabled
gTLcpux-PwI,0,commentsDisabled
SxG85kcb4ec,0,commentsDisabled
xGN7oYPz_fY,0,commentsDisabled
rjo4ZFdDd4w,0,ok
6wkVExva6E4,0,commentsDisabled
32--4n1vje8,0,ok
gD9yZNNIjUU,0,ok
EH3_H0X-lqA,0,ok
zCF_NboH7NQ,0,commentsDisabled
ZQcVmbx3wf8,0,ok
JGef7sfr8G4,0,commentsDisabled
oFP3J9K4DyA,0,ok
VBw_BmgauiI,0,ok
7PLdIdQX0Yc,0,ok
Qj9muKFcSiI,0,ok
ED4wo75t7JQ,0,commentsDisabled
rBkBwo9Zjrs,0,ok
hiEaYIjBl84,0,ok
b8HRlOIM9ts,0,ok
hiyD0A1Is-Q,0,commentsDisabled
_thIKUt7N58,0,ok
YFH5uqCWhxM,0,ok
yJFkZOim9I4,0,ok
r8_3Z1ey6BY,0,ok
_MljBBTLEI0,0,commentsDisabled
Kg05zHnhbvI,0,commentsDisabled
mZ2BHXkNR2c,0,commentsDisabled
OiXNQaMmIMU,0,commentsDisabled
OL2td-y6A-c,0,commentsDisabled
x5gcmklkkdw,0,ok
BiXtop6SxMY,0,commentsDisabled
olSrc8qTSHs,0,ok
j3zFVpvb-zA,0,ok
Vl9qDUCtXa0,0,ok
QDjPYMrY-xA,0,ok
V0n0Hz7iFbE,0,ok
wSg11DyfJTw,0,commentsDisabled
PHMQ4lN4Y7g,0,commentsDisabled
BRJ_wTcJxF4,0,ok
ZXt9LuW_KN0,0,commentsDisabled
2mJBxZ4DFxQ,0,commentsDisabled
C9aOLyFe2T4,0,commentsDisabled
bOfdwsy2mEU,0,commentsDisabled
XxLaGVRZ94Y,0,commentsDisabled
kcdXZU6-h_Y,0,ok
lDJCdGE3dqY,0,ok
YbiYfZIFeO0,0,commentsDisabled
fIeZvbQLQqs,0,commentsDisabled
s0pkMpRbQp4,0,commentsDisabled
hiDKMlIe4bc,0,ok
TXmyM3WwoFc,0,ok
H0WzI4JzA80,0,ok
xhPCQQs4p5A,0,commentsDisabled
jm_QAPezr5c,0,ok
A_LGR5uxzNc,0,commentsDisabled
WtTwdPUBuS4,0,ok
YG3XcdQeVhY,0,ok
pxtMVLkPUnk,0,ok
MGDGSN3ts2o,0,commentsDisabled
yp_AXkxxtFk,0,ok
FrjJYg1mOOU,0,commentsDisabled
f-Ae7UtYRmM,0,ok
ZqHNjY1b0tM,0,ok
8T1QXyZXoEI,0,commentsDisabled
jLf_IKftP6k,0,commentsDisabled
ESBS_xvxr-0,0,ok
jT_Vd3IF_-8,0,ok
jXZ8wPk9g4g,0,commentsDisabled
Gqf0K3Y1gFA,0,commentsDisabled
1CBEpl9OurQ,0,ok
IDzKZ0vCbys,0,commentsDisabled
J5BfdxkUU2A,0,ok
P4wJXvs-Zjw,0,ok
8H1FbGsP4vY,0,ok
GUCM75JeTwA,0,ok
14eDp6Ourq4,0,ok
Kcn4MhraXbI,0,ok
bp64_NIo2SA,0,ok
k1EQJhCjyiw,0,ok
aSTTS1K3FKI,0,commentsDisabled
RbVKqOS4Wuo,0,commentsDisabled
JioHhGkGQAQ,0,ok
-AyfK4WcdyQ,0,ok
GFwrfNxaSXw,0,ok
Nyi_i4xePQY,0,commentsDisabled
49Ahwxu8EBE,0,commentsDisabled
XY6U6TLJs-8,0,ok
aV11RiD3-ls,0,commentsDisabled
WsL71uZTc8Q,0,ok
U79Qs-BdkaE,0,commentsDisabled
OnXeVabwAJA,0,commentsDisabled
oxIbwALJ7yo,0,ok
zECH8cqCs1Y,0,commentsDisabled
j5JVQWC2gGQ,0,ok
R_jHctgxyog,0,ok
Bbi6fhMcGME,0,commentsDisabled
iuLMt3Vlr28,0,ok
DMZmEdg4AGk,0,ok
2mWylmKuuX0,0,commentsDisabled
ttsLIPx6-Nw,0,ok
rQUDS1QaqMU,0,ok
Et8-zcdx3xs,0,ok
lsRoTTKe6UA,0,ok
P8lf_6edh6I,0,commentsDisabled
rAWpaWNQcMw,0,commentsDisabled
ziALlBvqz98,0,commentsDisabled
v2-M82tRW0g,0,commentsDisabled
PfMly58KllA,0,ok
7oXTlvyg0qQ,0,ok
rYLyv43i9Xw,0,ok
aHio4bABiPo,0,ok
gSp300a_i6U,0,commentsDisabled
0EwLhxLLStE,0,commentsDisabled
dXqGMJC7mRA,0,commentsDisabled
0vR7dE8BA1I,0,commentsDisabled
QcZ6VGXz_TQ,0,ok
7V5Uio9F8o0,0,commentsDisabled
tPjYRVigazU,0,commentsDisabled
qBU8DNAafoM,0,commentsDisabled
xJ7N7mretNg,0,commentsDisabled
YdDjYKGG8vE,0,ok
C-G8k8c8JVc,0,ok
_1yuFOZpbUc,0,ok
0hU_zLdUUqI,0,ok
dA85sZE7SoY,0,commentsDisabled
JAb2r522MFw,0,commentsDisabled
dIoCO6kSV8k,0,ok
VpWtGFwZr3M,0,commentsDisabled
MZsEyjNw8Go,0,ok
9ydCZ6s4GZ8,0,ok
rbfXYz62USw,0,ok
AwSiWGgBq9M,0,ok
C_A2yM8UrJE,0,ok
YQHe2oclTh4,0,ok
EFLGmWHx_0U,0,commentsDisabled
D4f6jT0IWm8,0,commentsDisabled
89eQNYbdqzs,0,commentsDisabled
a1QJNIV8Ago,0,commentsDisabled
ACV9BWy1Vzs,0,commentsDisabled
I0WE3teSlWY,0,commentsDisabled
zBpJK3WLKY0,0,commentsDisabled
pLQtYjQ-X5w,0,commentsDisabled
5VI03VQlpY4,0,ok
R6vtUfmkY3s,0,commentsDisabled
mp0VmEszidA,0,commentsDisabled
rI9macnvg5k,0,ok
JiPOnbsUhQM,0,commentsDisabled
6RGkPaujGrs,0,ok
X5nPufhsLRc,0,ok
XMq8xXfYUQg,0,ok
ENqkUBXRYyo,0,commentsDisabled
CH-rjMhbQP4,0,ok
whGq5tP0FjI,0,ok
H-bve4ja6Xk,0,commentsDisabled
i6J87opMRFw,0,ok
NHAXZL3mw-s,0,ok
kztrU51_tYM,0,ok
qyI0v1jxeik,0,ok
4D0T7hzZsy0,0,commentsDisabled
MLwX_cwjc_Q,0,ok
p6AAcU946Io,0,ok
EYDbGRXygU4,0,ok
J2vPbjbUAt8,0,commentsDisabled
F6NPlWPIVhQ,0,commentsDisabled
_jNbTCUbJhg,0,commentsDisabled
QgnL0rx6zvI,0,ok
jwa_7QmxYEo,0,commentsDisabled
k1-YDDVgBH4,0,commentsDisabled
jaBUV__O0w8,0,ok
WzGs0ic6mQA,0,ok
hdycmo3pqIE,0,ok
jGYwACXnWZ8,0,commentsDisabled
TuR38_7Ew5o,0,commentsDisabled
aOAT2M-TTSE,0,ok
dLPk5XJ-y74,0,commentsDisabled
ldh4VR84n4I,0,commentsDisabled
QkADxU0KcqY,0,commentsDisabled
kcd5ugO3bCY,0,commentsDisabled
vV72_tbyxNc,0,commentsDisabled
8S_g31M674s,0,commentsDisabled
N205RC6hFLY,0,ok
GY_MseQwwzo,0,ok
gdr6oPUqXps,0,commentsDisabled
v9DAqSTEaaE,0,ok
RZidzhevl2Q,0,ok
3dqe9NM7-JQ,0,ok
tpDVNxeME_c,0,ok
k5zT4ZSP9vY,0,ok
PRoWw1p0enw,0,ok
5TNJlVt19Hs,0,ok
CztfImfJIBY,0,ok
f6Ks3sPb6Mk,0,ok
gvplrhWAhFc,0,commentsDisabled
-pnBz3TaZaE,0,ok
DDyuxL7_EI8,0,ok
SxeruF4Qf8U,0,ok
wTf4Hok-O1Q,0,ok
nzA9mCorR4A,0,commentsDisabled
6gqdU1Yfvo0,0,ok
VoP6xoS3PAg,0,ok
yKPSixbDfN8,0,ok
LHBIMM-wFsA,0,commentsDisabled
gqoBJC_0lEQ,0,commentsDisabled
FZXDZVOiy7c,0,ok
IkbaiwzFlBU,0,ok
wd7EQiMx59M,0,ok
FWuVHGPPDZg,0,ok
U8ihxV10E40,0,ok
tHNj1V0EluY,0,ok
b5YnGNATasc,0,ok
6i4TLEEw_wM,0,ok
AZ6fH4_ziGU,0,ok
QQU2Babg7B8,0,ok
EnKY5MmaYvg,0,ok
G3Uv-qwtKcc,0,ok
vAdxsq4a3Tk,0,ok
hUDA-hii-UA,0,ok
naG6AXNAcDw,0,ok
PHOcA3DBPxs,0,ok
itGsFEkVzqw,0,ok
hFKN8soj4h8,0,commentsDisabled
QretokZE-UM,0,commentsDisabled
tgZdhP3JVus,0,commentsDisabled
PalS0cytsFM,0,ok
osiHmfH-51Y,0,ok
zXEDW8ESlmE,0,ok
BJ9mJ0VIJM4,0,commentsDisabled
8tOR58u9Lak,0,ok
CisPu9YcrVQ,0,ok
MdRIf3Qe95I,0,ok
mvUff-OmN-w,0,commentsDisabled
jHT-9wely2g,0,commentsDisabled
b-B8grtjxjs,0,commentsDisabled
kAFhHaeU38A,0,commentsDisabled
5XfBdf6FQT4,0,commentsDisabled
e0IL06ZXHFs,0,commentsDisabled
NfoYRHvaqkQ,0,commentsDisabled
YvjDtjCAdJE,0,commentsDisabled
RJzYkMvQNrw,0,commentsDisabled
IJrEyRFrZA4,0,ok
Q_L6biJsdwE,0,ok
eHw89s7cEqo,0,commentsDisabled
azpXFBvKjxQ,0,ok
T8F00H_VFuw,0,commentsDisabled
E1PFy1DGbzc,0,ok
2mcyLCbRlMk,0,ok
1hSqpEkwRLM,0,ok
dXvjZ8hIfQA,0,ok
QXwU-nZWJt4,0,ok
vw8K1vYlvoo,0,commentsDisabled
2PxwbwDiamU,0,commentsDisabled
mJ5_7oJSbYc,0,ok
jdexrepbavI,0,commentsDisabled
aGzDeXqV-L4,0,commentsDisabled
sDAMSarXTYc,0,commentsDisabled
LlxjD1fnC5M,0,commentsDisabled
zLDpplQZLsg,0,commentsDisabled
iu0G0ndovX8,0,ok
tL0xlE_V2-E,0,ok
YfnZOB0R19g,0,ok
26NRBIUSbGA,0,commentsDisabled
LV76n8d0T1A,0,commentsDisabled
xbR9rIvpnRQ,0,ok
rKFsUwxjEsA,0,ok
M51xsa_ZEak,0,commentsDisabled
ux-aErLbeSY,0,ok
RTOk_UoLEvw,0,commentsDisabled
odeM3Hbz7Sw,0,ok
l5Hr6vw0yBg,0,ok
HDidYFPIFAI,0,commentsDisabled
YJfnxYB3hh4,0,ok
sEqQBLnZavE,0,ok
81stlvF-Hak,0,ok
nZgFB6cx_T4,0,commentsDisabled
ipXOg3K51RI,0,ok
0hSrOVIOv1Q,0,ok
7ul9hCZtJH0,0,commentsDisabled
EhvZ9qHzxPk,0,ok
zqAQ96uUx0A,0,ok
liUBw7El5O0,0,ok
HRUYmD8VqIg,0,ok
BNLiAKMmJfA,0,ok
i6twLNWLcSI,0,commentsDisabled
tFDQ0pSOm4k,0,commentsDisabled
9u92u3eg6Jw,0,ok
yZ1L8ABB7OQ,0,ok
7wPpDz0JGDU,0,commentsDisabled
up91yoJPdTQ,0,commentsDisabled
imtiA0H4E5U,0,ok
ZiUcIkT1vZg,0,ok
YZR3zKboHI0,0,ok
8Bli9bM-a-Y,0,commentsDisabled
BKd-1bQu5pY,0,commentsDisabled
x8F9tfM_Ens,0,commentsDisabled
DPMRkXViC7c,0,ok
SSIG7w_OBOM,0,ok
16Js3IFtFOY,0,ok
xujO_f9XcpE,0,ok
QYgCDXK0YjM,0,ok
sheEEBs_HuM,0,ok
p6f1MvYFLuM,0,commentsDisabled
pcFdMlRw1Nw,0,ok
iJhYTLP6hRM,0,commentsDisabled
BZ6-yEqGM6U,0,ok
BKPDhePdjZ4,0,ok
3bWnBKAlAoU,0,ok
tU9M_bS6nLY,0,ok
aOBs-PlEPTs,0,commentsDisabled
zZeO7qdd-LQ,0,ok
5r3noRvnbBI,0,commentsDisabled
aLLUfYgDpd4,0,ok
iFedfrlFFw8,0,ok
jO-bDaZOIPY,0,commentsDisabled
GpnD4FAZ-EE,0,ok
LZDgEHOAPC0,0,ok
N2zEVwjtGAw,0,ok
rzTWbb8IIW8,0,commentsDisabled
vBAOLRfQbgw,0,ok
gytDD0EXPXQ,0,ok
BO89ZuOJIfs,0,commentsDisabled
xs4S-F8gaeM,0,commentsDisabled
2eTsGcHWdcY,0,ok
yAqYE4fwe44,0,ok
-pkTXL3L9AE,0,commentsDisabled
MkQHPghS2gc,0,commentsDisabled
c_mRcMJ8F6c,0,ok
ZFe5Z4ilU8U,0,ok
qiFPzNBe-Bk,0,ok
XMHzNBL3xPg,0,ok
z5jvMNyAz_0,0,ok
Fi5BzGUrfBQ,0,commentsDisabled
cfmHLtkVGvM,0,ok
5EdqO0RC0ck,0,commentsDisabled
hvSPc6PL4DI,0,notFound
vEaq_EFzSns,0,ok
iLv0P4h3qlY,0,ok
netEKi1gRJw,0,commentsDisabled
4iRijyKI3uA,0,commentsDisabled
cA7kQTdwSDM,0,commentsDisabled
hyyAztKUPdQ,0,commentsDisabled
MaQeVEB7sAU,0,commentsDisabled
W3WEMEGtK8M,0,commentsDisabled
5w80em2xTTE,0,ok
6E0vLPCHUMk,0,ok
8EDyAIllbgw,0,ok
ccXbtSwtn0g,0,ok
ZTxakmfeH1s,0,ok
j7WGA4Uf44o,0,commentsDisabled
jatUln64v_U,0,ok
8P7Gi1JbqPo,0,ok
S-e2vK3Fg-g,0,commentsDisabled
l85PyMImEII,0,commentsDisabled
OXQZ1MN9lFY,0,ok
gw2Y8FzgZXQ,0,ok
PH_sLSByqhE,0,ok
Dm9n81dOiHQ,0,ok
6FGhxLWxfzc,0,ok
_PI66sr4vNg,0,ok
8pYlQaqQRU8,0,commentsDisabled
SvzFhM9nEc0,0,commentsDisabled
0xZsBz1Mbo8,0,commentsDisabled
wgfKpkfEvDM,0,commentsDisabled
E63R_pIzXWs,0,commentsDisabled
pknJjObGyP8,0,ok
OpG4n-FN95I,0,commentsDisabled
5il7YlonaCE,0,commentsDisabled
j0VNEBDpLfU,0,ok
VOcjo6UKCO8,0,ok
KhRUB9q-jYQ,0,commentsDisabled
YbipIjms2Do,0,commentsDisabled
_LPVZa6mR9k,0,ok
LuM-dB2MPTo,0,commentsDisabled
MIObmzKFUII,0,ok
SlZFoUZI9fI,0,commentsDisabled
6-0mj8QRjh4,0,ok
ZQgHDLPS24Q,0,ok
WPhK8SSNdDc,0,commentsDisabled
CmLpsoRGxIA,0,ok
kRHNpsuulUU,0,ok
ItS9q3JasnY,0,ok
9Bk48knjs-o,0,ok
PFEy4q2G7qs,0,ok
cVW8IJ5WCeo,0,commentsDisabled
HlJ_Njek7qs,0,commentsDisabled
o9ubBcBfyuc,0,commentsDisabled
oMRArWZsG1Q,0,commentsDisabled
ZDSnrixdW2s,0,commentsDisabled
zoJXlaC4Zk8,0,commentsDisabled
lGc6yv9Y_oc,0,commentsDisabled
D_vo40hSJQ4,0,ok
oEXDEyA8zhk,0,ok
ECfkzk-VJIs,0,commentsDisabled
GBc47Pok9UY,0,ok
X_6aEfMKM4A,0,ok
lGiR7Dw62kE,0,commentsDisabled
1tR5T8Qm5Uw,0,ok
YNcGrmpVnmM,0,ok
f8Iqv1e20NM,0,commentsDisabled
IjGhU67tlo4,0,ok
6mKWQ_RdN8c,0,ok
cfMABm6Uocg,0,commentsDisabled
hYuIfNxGR-4,0,commentsDisabled
jekxqVWJYlA,0,commentsDisabled
uVwrBpes9UQ,0,ok
co5mkiuThl8,0,commentsDisabled
ruFDRQPcCes,0,ok
Xnb9EE823j8,0,commentsDisabled
18TrgKrQjIQ,0,ok
Rw5Cp1czWbA,0,commentsDisabled
CoCUeG_-iEE,0,commentsDisabled
VjfPFcRUYg0,0,ok
GVoIT02se9Y,0,ok
At0Vc28tnuE,0,ok
5_gCqDwlWLI,0,commentsDisabled
SLuW92aMNss,0,ok
4AbWg1t4YAw,0,commentsDisabled
ImFdawvN-yQ,0,ok
3yF9qh6-IEo,0,commentsDisabled
r2NmGGkF8-I,0,commentsDisabled
LOLoJfLaxfI,0,ok
5lg8zynurSw,0,ok
nOUfNQsRDwc,0,commentsDisabled
KFgmn4wQdT4,0,commentsDisabled
68KPMtEtFHY,0,commentsDisabled
862MHBm-5Iw,0,commentsDisabled
UOGoQ1Pyu0o,0,ok
iY4htNG4MWU,0,commentsDisabled
uASH881BxE8,0,ok
3-TBjPQBNZ4,0,commentsDisabled
HtZ4yNsWrKQ,0,ok
c2gJsj0kRH4,0,commentsDisabled
AqC7IfQ41uY,0,commentsDisabled
dEI6rCIrnyc,0,commentsDisabled
1EWTzsqBRwk,0,commentsDisabled
JyQij-2-8bM,16,ok
HX8bGIwN6Q4,0,commentsDisabled
Vml7Q5mX3v8,1,ok
-XRqaDk40hg,0,commentsDisabled
A4cEAI_Yn40,42,ok
u6sCNFNhz_o,0,ok
x39IrNgERWY,4,ok
XID0dhJAmeE,2,ok
Yq0NnINcIcQ,0,commentsDisabled
wvN6G9NFjMI,0,commentsDisabled
fCALnM5U4TI,0,commentsDisabled
9Sw-3-ybGTQ,0,commentsDisabled
xXrZjObDRRs,0,commentsDisabled
fbnDYYxcjV0,0,commentsDisabled
FoowhPiZ9Nk,0,ok
DkvlSo5uRSk,0,ok
aHRLEFZCIzQ,53,ok
trlSvmfBLjc,5,ok
3AxlHyyRsQw,5,ok
97cGb1Id5e0,2,ok
Uj4vuTUwkzc,1,ok
WN9SgVyozvA,0,commentsDisabled
kBSlBrWGm50,0,commentsDisabled
IM32LH0f-9w,0,ok
SFjo4M3uvuU,0,commentsDisabled
L1y0VfZP6zY,0,ok
CPCMZI7LSN0,0,commentsDisabled
ERDH1qvZb-E,27,ok
SXdOxQZ7Sew,3,ok
e72pCF6wjLA,1,ok
NAdveqaab_g,0,commentsDisabled
42o1PjL_vZw,0,commentsDisabled
7RPGdDgbhhQ,0,commentsDisabled
9tyxHeDNFU4,0,commentsDisabled
dZOBQHp2afw,0,commentsDisabled
n5OE5Jh8W1g,0,commentsDisabled
wrDQm4krpaM,0,commentsDisabled
nAF234DsE_I,147,ok
dkFksf42B6E,97,ok
had-LSYNqqU,3,ok
G1oEY94bdWs,0,commentsDisabled
Lxsx5GQ5omM,0,commentsDisabled
NYqjucEOnNk,0,commentsDisabled
t4eDXS7d9tw,0,commentsDisabled
hBuMnYVP1S4,0,commentsDisabled
5ePsh5ADOFo,0,ok
9A4AqYj663g,0,commentsDisabled
OW8ALdGzvAI,0,commentsDisabled
uHXyDavUaLk,0,commentsDisabled
pWCyTRz2fSI,0,commentsDisabled
x6cJ550bcZU,0,commentsDisabled
3L_KHFovRf8,0,ok
2TZe9ETYJI8,0,ok
60kLyJg_ePY,0,ok
xdyRRJX4HaI,0,ok
P64y-BEpYYY,2,ok
sEkwJ77suEs,0,ok
izNRL8hAKQs,0,commentsDisabled
eErJa8iSS_o,2,ok
s-Vo04PddZg,1,ok
iT_D1sTv5Xs,1,ok
Hh0VxTy6LWc,0,commentsDisabled
giayCGoigZM,0,commentsDisabled
kY1irHy0JGg,0,commentsDisabled
5jyckxAxiF8,0,commentsDisabled
7tiY4LaDPP4,4,ok
bXILIKUdJX0,0,ok
dkabWxAEpso,0,commentsDisabled
x0Ew1zzSxR8,0,commentsDisabled
8xrsU2ChBa8,0,commentsDisabled
xQQLpXbXqdI,0,ok
om8_GAjHLMc,0,commentsDisabled
Xj4k2j1xoS4,0,ok
ha7yNsW35wU,0,commentsDisabled
DJp8zdRagVw,33,ok
OUDZhf5eiDI,5,ok
il_nOsikLXA,1,ok
sXdv7OyCgCg,0,commentsDisabled
C2gPn0siUEA,0,commentsDisabled
CVhQaBIwFys,0,commentsDisabled
Arn1ytQ7Lns,0,commentsDisabled
aQaZoVrlaaA,0,ok
eWnyDqmZT2c,0,ok
h_68AYy0mag,0,ok
ynIKtjEr1ww,3,ok
Xy-fTTDwuyA,0,commentsDisabled
uPTzkIwdt9I,0,ok
r6ddXosGVnU,0,commentsDisabled
3Xq1CKezbsA,0,commentsDisabled
AerX-Lc5_A4,2,ok
vfjZeNGEjVM,2,ok
HfezZsE-lT8,2,ok
mKJao6wkto0,0,ok
HodXlf_2Tok,1,ok
eWAdI9CrjDE,0,ok
kgeU9_Cmivc,0,commentsDisabled
etGEw37bxn4,0,commentsDisabled
3pRow7b5NA0,0,commentsDisabled
v-j9jsIzF2I,0,ok
sHYUrGrWiLs,0,ok
Q-z7FyIukNI,0,ok
v1P3QVi_-ow,0,ok
S2WnqYS1FIw,0,ok
jhqhsSy0AGY,0,ok
4PVL_P4rvVc,0,ok
Jk4w9_IKAWY,0,ok
vxAAOiDr1cE,4,ok
551Dj7UEOjY,1,ok
d7cUkACvsa8,0,commentsDisabled
BUbetii-xUI,0,ok
XhTOqmXZnEM,0,ok
iK7upwLQrFU,0,commentsDisabled
4467AOsnQ70,0,ok
gjqYcYLICFI,113,ok
8T1AnuFT6ls,23,ok
c0QP1YT2hss,6,ok
THNoe_6Kxos,2,ok
YJrFnTl06cI,4,ok
so9a3ojDlIs,1,ok
siebDicc1-A,0,ok
n5z4D1qY3V4,0,ok
5yYOfzkKbZY,0,commentsDisabled
P_OY70ulOZI,0,commentsDisabled
Gj4L5NpyaxE,0,commentsDisabled
gAgGhxBKnJI,0,commentsDisabled
x3C1oAneHR4,0,ok
AxVdpdXnRiM,0,commentsDisabled
yrf3thLngVA,0,ok
Y0wC7TAPpNE,0,ok
By6lPBZTBxg,0,ok
Ncr04i27KyU,0,ok
24IZ7rk8YaM,0,ok
uePNDKzbwts,36,ok
OqSTFXNL4bk,4,ok
oegzCMibWWU,0,ok
rsJ3Il6t-Y0,0,commentsDisabled
YcEAsBSF2lQ,0,ok
hzc35E0PJqM,0,commentsDisabled
AQohSrAc0zU,0,commentsDisabled
9t3_CdjrcvE,0,commentsDisabled
kZD8OUGe-vc,0,commentsDisabled
IQukOuSHUDY,0,commentsDisabled
FN_MjAdElrw,0,ok
GzdS_hJVbNg,0,commentsDisabled
OmWDEDYgGLg,0,ok
Vv-GoVLUIh8,0,ok
GWQNX8UtQ9s,0,commentsDisabled
p_N2qgMoB0A,0,ok
UcTbsw4CYR4,0,ok
lt6AUJUFPps,11,ok
eXUCHuQBrF8,1,ok
J0pkoymUoFI,1,ok
6mz4F_MBeMA,0,commentsDisabled
5ls6JGJgKC4,0,commentsDisabled
RPyQQjg7ScE,0,commentsDisabled
rvDt_w2QIE0,0,commentsDisabled
EeP7VuKto3w,0,commentsDisabled
J33W0uyvxuo,0,commentsDisabled
VpPwCgfss_A,0,commentsDisabled
ApXqwI9Np7E,0,commentsDisabled
DsnzasYaeCQ,0,commentsDisabled
iDU0E4HPP6g,0,commentsDisabled
CaNV6PpaPIw,0,ok
GgrJSLQasjc,0,ok
9B_gB7xdj9E,0,ok
DwHAzlYzvG0,9,ok
49IGUWXwLnw,0,commentsDisabled
pbucp_9hk_A,0,commentsDisabled
Vqqr0uYC1wc,0,commentsDisabled
krqexaRayJU,0,commentsDisabled
idbUaRVNhBA,0,commentsDisabled
H-7XEi8CHeE,0,commentsDisabled
cgoCnmeJnVw,0,commentsDisabled
lyJVdfUv5QY,0,ok
hdI2UStSqH8,0,ok
AC5oh3lIczA,18,ok
g_kPCvjDn9U,6,ok
ae8hz1dR1Ko,3,ok
kt9GJxQDhlA,1,ok
jOjh07l-K64,0,commentsDisabled
84-lYdFjPiA,0,commentsDisabled
pw_5b54gq80,0,ok
SkBt4zfoxiw,0,ok
P0XCVSh5Gys,0,ok
IgLcSBDujoM,0,commentsDisabled
tusQ48ZZiJs,0,commentsDisabled
-1LFr0cveVk,0,commentsDisabled
0s0pp_Ok808,0,ok
4-xF9V3ev8s,2,ok
Us5rc-pPe8U,0,commentsDisabled
NJ_-bz_FSMY,0,commentsDisabled
qdrW4wmNK6E,0,commentsDisabled
_PeCOwuwsXs,0,ok
39ywYN6GvWs,0,commentsDisabled
e9nogfjOMZ0,0,commentsDisabled
htpuYdEWvP8,0,commentsDisabled
MIvbOvpR5V8,0,commentsDisabled
dqwqSHbT6JY,0,commentsDisabled
xxqKuFFA7vc,0,ok
KUw6CaDm4rY,0,ok
STwhzkW5gaQ,0,ok
vVowUktO_68,0,ok
L6bYjU_R5og,0,ok
xdiTwKMTuHE,24,ok
MybzZ5vqP1A,6,ok
NwRxWdIFUek,3,ok
fSjKX9MmbtY,3,ok
X4eCxazNy0o,3,ok
N1w1iTBbni8,0,commentsDisabled
CwG0LNNQb4w,0,commentsDisabled
VZdbFB5zpxY,0,commentsDisabled
DbNO8F4Ee38,0,ok
7fAgWtD0dP4,0,commentsDisabled
z4ZAuSXP2pc,0,ok
HY1hLnnra-c,0,commentsDisabled
dawrnf5M_u0,0,ok
EQOf5mJOptw,0,ok
FmPc8WANRHI,0,ok
DhVne22uEUY,0,ok
EPZviFoQ0xA,5,ok
9wzJdex8loM,3,ok
DhQCSJ55NFA,2,ok
IJeT9K2gows,1,ok
pEkebZlW9LM,0,commentsDisabled
B82xHGB7FuY,0,commentsDisabled
TKqXM5yeeoY,0,ok
mXIJTjqu8fw,0,ok
SnIPTnEVte0,0,ok
wZ0HKIAJoaQ,0,commentsDisabled
zVrgoz7pykc,0,ok
9aJKTharwzA,0,commentsDisabled
_bdSKo-40vw,0,ok
mmU8MvV2UOY,0,commentsDisabled
bAGJ8TDVqaM,0,ok
3YGaQ1vv8kw,2,ok
R6X4m08Rrn8,2,ok
zp0AXZSpmZQ,1,ok
23ft_KC3hQo,0,commentsDisabled
So8ILXBd69k,0,commentsDisabled
WAYom3Dfzfs,0,commentsDisabled
Y_NHM2EgS6I,0,commentsDisabled
LkeoMKpqCyc,0,commentsDisabled
A33zpNK7LTw,0,commentsDisabled
p-qlLj09y1c,0,ok
9nbaymroWaI,0,ok
LVrunB17a4E,0,commentsDisabled
73ZwmGndqZ4,0,ok
01ajck2aNVg,0,ok
aIvZ-GeWOTY,0,ok
x3cTiElCr4o,0,ok
V42776uWR4E,0,ok
E0Dwv_8nzGw,0,ok
9jXidfA0LGw,8,ok
B7SAQYNnxNo,12,ok
zEKlzOInUo0,2,ok
-u-oSfCxE-0,0,ok
Fj85OANFj-U,0,ok
e2rocQfw1uQ,0,commentsDisabled
8H5bj5HNlTw,0,commentsDisabled
CTkL01_WA1Q,0,commentsDisabled
S4N9FeDGkkQ,0,commentsDisabled
DOmNqLp-f4k,0,commentsDisabled
raXWCb-hAYI,0,commentsDisabled
oMgLs6m6I5c,0,commentsDisabled
Zx1CNxT6oGg,0,commentsDisabled
soItt4viZys,11,ok
WN6SXjGDSk0,1,ok
uZpGlz9Elco,1,ok
Wq_EARUjwIs,2,ok
lfzspbgB3VM,1,ok
eR30B38Q3pU,1,ok
GU3qLw8pu7c,0,commentsDisabled
KAqFHUlnD6Q,0,commentsDisabled
PGG5q0E1qeE,0,commentsDisabled
suKsezhqKk4,0,commentsDisabled
xWWoSOtOW1E,0,commentsDisabled
6DPiy6yyjwY,0,commentsDisabled
p5sMhQSQ388,0,ok
vru2pl4DIMg,0,ok
uVHiD4puSus,0,commentsDisabled
8j1ccduOVwA,0,ok
SW-uWx7_7ts,0,ok
zYD624nM35g,0,ok
aL1wIpGmcqw,0,ok
yV4tzx4Nvnc,0,ok
pgncXkXvzkk,0,commentsDisabled
NUz-lHT48Z0,0,ok
Mds_JCiKej0,0,commentsDisabled
xXaRGLunHU0,0,ok
aYlhXyy0mg8,0,ok
DBRov8dwXEw,9,ok
3B0PKcqPdNc,26,ok
t7ufRLjDal0,17,ok
QBamUzkj5_U,6,ok
x3c9yz5Y-6s,5,ok
0cC03R5SvZ0,7,ok
y-5SUSEmSAo,3,ok
Rd3qYJ_oz1o,1,ok
GK0Fq2s5bIc,3,ok
-G2k7cwlUpw,3,ok
FPXL9WWK6gE,1,ok
HohAEDTGcp8,2,ok
JAPhRssamX4,1,ok
owDXpK7ekr0,1,ok
kowwpeRLNhs,1,ok
6pw_CG6V5l8,0,commentsDisabled
kFyL-Rjqf9E,0,commentsDisabled
G6JcJiWvML8,0,commentsDisabled
YLY_ggZCxVo,0,commentsDisabled
t0Edmt2gxoE,0,commentsDisabled
nq6f0FZXJD4,0,commentsDisabled
NJSJ5-izMUA,0,commentsDisabled
M8n3DBMC1ik,0,commentsDisabled
cqv_wfc2tuU,0,commentsDisabled
yvgvD7s9AJI,0,commentsDisabled
E8JmJ9U_r98,0,commentsDisabled
uDFozzFkVsQ,0,ok
KM2txtP4rp0,0,commentsDisabled
YS6bwZUMrVQ,0,commentsDisabled
dt--Wth4W5g,0,commentsDisabled
vC_dlDaNlzw,0,ok
Q9bIDNrfX0Q,0,commentsDisabled
XI_heZpp9Wg,0,ok
D9DDI6iMvTg,0,commentsDisabled
ErJpHhUZBgc,34,ok
VgHZUBIyRRQ,9,ok
cVOLH7Z-CJk,8,ok
Jb6rDn_b_2c,6,ok
0nmSzbU578U,4,ok
ghTdDYrGGbQ,2,ok
m8_AW0sHqLQ,3,ok
7K1FwTangec,2,ok
5OCvEJtJkd0,0,ok
Lu3HJlwWc04,1,ok
fdcjbtM4XN8,2,ok
4Fmzvu88vh4,0,ok
o8QKYK8GRsw,1,ok
o2NPPpJQtkk,1,ok
3D0iSYtIbXw,0,ok
iKhq5V3-F-c,0,ok
ldMqME5Qw_g,0,commentsDisabled
RHbdR_kTpEU,0,ok
uOuNmEnxZJA,0,commentsDisabled
o2Vw8w5XYD0,0,commentsDisabled
FhJswT8u9Hs,0,commentsDisabled
7BCOAvPXc6E,0,ok
K29tH9nLz80,0,ok
OyJVRQAQaWE,0,commentsDisabled
pXCtrzp9JTU,0,ok
IqZRskHXX_o,0,ok
nryX2OJyhYY,0,ok
ZmePh_DIUm8,0,ok
8c8UBqoXG3Y,0,commentsDisabled
SAw7t-hV-6w,0,ok
YPl76fmb3rA,0,ok
0-GVre4jAY0,0,ok
pCRKo1rAf1U,0,commentsDisabled
RpU_9bGqfG4,0,commentsDisabled
hwhaWjT-hUE,0,ok
4VHYR5IIBbM,0,ok
jMmJgLuSuZc,0,ok
NKLh79BT-bI,0,commentsDisabled
WDJQhCPEqTQ,0,ok
pgP78O86Nq4,29,ok
by0b5nejRTQ,11,ok
4UFXWEv2uXw,8,ok
R4OFlXfP948,3,ok
7uSOIcAwAYY,3,ok
bMf3HhEYPx0,3,ok
rlbZCQN_C8w,1,ok
UNx9X-_Cecw,1,ok
LNFWCFPfUgA,1,ok
10rZq5pJTBk,1,ok
wKKkFu9YJ_o,0,ok
igBGI-tOf9s,0,ok
QlC6Q2m4Pvs,0,ok
9vx-hJWgc9s,0,ok
VitrTZPEkBA,0,ok
azHBDlO9km8,0,ok
ExwBx9SETmQ,0,ok
lHIpZGyqp7Y,0,commentsDisabled
WjDhQI79mmM,0,commentsDisabled
e9fgWzhRXaI,0,commentsDisabled
crzUq8T-EfE,0,commentsDisabled
BsKyaJqn31w,0,commentsDisabled
9cDwVKJaT_E,0,ok
I8mDo13zmRQ,0,commentsDisabled
k7JxdN5oL7k,0,ok
PZZzWev7IVs,0,ok
2xF9Lf79ND0,0,ok
aNGhmeXo1RY,0,ok
AZIRxs2gv-c,0,ok
ReJsL1JOtG0,93,ok
O7fRWw7Hhac,84,ok
XPB6Uuc_stA,28,ok
WZ5WHfCQ6tg,26,ok
AWhqxaRte0k,22,ok
NED6fFAgpfQ,12,ok
tXIjqdXZYbU,0,ok
OSRwp6pZUvY,4,ok
pWkeHDEkahY,3,ok
OdvuL5y4GOk,2,ok
Uby9Ogl8Bes,0,ok
ieFxp-W5m6s,1,ok
_0wR3FaRsgk,2,ok
bG7iihLI6Uw,0,ok
0k_6TswCeBU,1,ok
lhRkvyRs_h8,1,ok
zTiVPmNbuYI,1,ok
02zC2FH4rNQ,1,ok
5uq3rTMnKRQ,0,ok
ecaqdRglJ7I,1,ok
cdRQjrkVlmE,1,ok
3WUAtVqMBJo,0,commentsDisabled
Zn499I2InlM,0,commentsDisabled
KfuqrniCP8k,0,commentsDisabled
cZ4GwS_FqNM,0,ok
EUBKUeba2D8,0,commentsDisabled
QqaTXrUXog4,0,ok
MyCiSZxi7Oo,0,commentsDisabled
B7rLyS5huL8,0,commentsDisabled
5HjJtG4sFiY,0,commentsDisabled
fIGSbXx4vm0,0,commentsDisabled
wkX-Q2pD0nY,0,ok
OLIksEQv-7E,0,commentsDisabled
V-K8W5Cxkeg,0,commentsDisabled
67PKa02I0AA,0,commentsDisabled
W5vKVFFz9wM,0,commentsDisabled
kvkk9_amQUM,0,ok
0AW_1CPTqsY,0,commentsDisabled
hWqa2eP1Pvs,0,commentsDisabled
fT0LHTf39Tc,0,ok
DgBKoR3P5V4,0,commentsDisabled
dqO4GvhGRHQ,0,commentsDisabled
YHn44y7a6M0,0,commentsDisabled
IWWW0LYU-9Q,0,ok
zg6MUz2r6LI,0,ok
S_baQGmVSs4,0,commentsDisabled
Wfy835lJNOo,0,ok
jfAq83QDxbg,0,commentsDisabled
lECfNSnivpk,0,ok
OVeHUrdXkW0,0,ok
r1Enq8qLDBo,0,ok
o5VOAjAY-Y0,0,ok
zRWkryqF1Ys,0,commentsDisabled
eSUrKIzBCwg,35,ok
dvG3iLjvyeI,28,ok
cdvulARrAOY,15,ok
8rcyDB3dtpk,7,ok
5xWNeeCK0kk,7,ok
fYlN0wwszOE,4,ok
Gvu--TMVpqI,7,ok
0TESskKckHA,5,ok
3dlyjEPynwo,3,ok
lXNVmndAa7k,2,ok
TXr8RWBowXo,3,ok
1Nz4mX6GsWU,2,ok
XyM-mISMxgw,1,ok
P5ZZjxyYAyk,1,ok
YCu_3YdvZgM,0,ok
DRKWmeAe3G0,0,ok
3Tb0ctnp984,1,ok
KeRX38ij3D0,1,ok
ezbX8xYVb8A,0,ok
rARgUJznwRk,0,ok
AQiEy3tQoqk,0,ok
Cll2Vzv_VDk,1,ok
242yXGp5moQ,1,ok
9-s8jK-XFIk,0,commentsDisabled
u4Q929yFH6k,0,commentsDisabled
dLvFwoP32zQ,0,ok
UA9uOgFih-4,0,ok
L0Sks5DNvqs,0,commentsDisabled
yywsOeQ2X04,0,commentsDisabled
6FtI5z6Q0wo,0,ok
gNoKVuId1Fs,0,ok
mowRQWtnATo,0,commentsDisabled
YQrXB0b0J3w,0,commentsDisabled
JKBAa6ZZuFE,0,ok
Wn9w6MkGhdw,0,commentsDisabled
4dEA3b4hLGY,0,commentsDisabled
my4moQ3KYAc,0,ok
dSc0V4fc4oc,0,ok
7cOWwMFGPJg,0,commentsDisabled
NrPtpN_JYP8,0,commentsDisabled
fHYXaFuv_dw,0,ok
f4UFtKEdYLE,0,commentsDisabled
tccNJ_bI7Qk,0,commentsDisabled
9Dg2QRxg5AE,0,commentsDisabled
EKyjlo6kGsA,0,ok
1aLwQoTZcYo,0,ok
26B868ziEDA,0,commentsDisabled
8UmrG96GW_o,0,commentsDisabled
MbLnnV5ly5c,0,ok
LuMprZm4nII,360,ok
w7mUkcw_LJE,69,ok
Ow6SYWyf28U,21,ok
xnJFB1ProEE,9,ok
6YYTO1gtygA,4,ok
2zgN77nsHWE,8,ok
phi4Ggq7a0g,1,ok
DHWye1lbdOk,8,ok
CIQppi4qfME,3,ok
b5DO_IlcZUQ,6,ok
VGl25nYEDNM,3,ok
dXwBrkZVAdk,2,ok
9BdKcRbuPOk,2,ok
5PpY4uXhr_I,1,ok
MUus7G_lHoA,1,ok
lHKHx1ppuuA,2,ok
hN92roqqNY4,1,ok
_l9aC6St7b8,2,ok
JNSRyP8KTHQ,1,ok
eAZP0dgCWpA,1,ok
EnkJ81hoDJk,1,ok
VNwORgb2sIU,0,ok
N6TuHw8ZTfM,1,ok
tqr8YCKQW5E,0,ok
Grh_CQ1bjYI,0,commentsDisabled
zGhnXbEzVa0,0,commentsDisabled
K0frYGwKBoQ,0,commentsDisabled
95vktwSZoVM,0,commentsDisabled
hFiyKWLNA5o,0,commentsDisabled
8ITaBIoDSJA,0,commentsDisabled
s7bktSvvMl0,0,commentsDisabled
P4NmYk8CO-w,0,commentsDisabled
srAdTcD69wY,0,commentsDisabled
7DD1RdT4-FY,0,commentsDisabled
gTLcpux-PwI,0,commentsDisabled
SxG85kcb4ec,0,commentsDisabled
xGN7oYPz_fY,0,commentsDisabled
rjo4ZFdDd4w,0,ok
6wkVExva6E4,0,commentsDisabled
32--4n1vje8,0,ok
gD9yZNNIjUU,0,ok
EH3_H0X-lqA,0,ok
zCF_NboH7NQ,0,commentsDisabled
ZQcVmbx3wf8,0,ok
JGef7sfr8G4,0,commentsDisabled
oFP3J9K4DyA,0,ok
VBw_BmgauiI,0,ok
7PLdIdQX0Yc,0,ok
Qj9muKFcSiI,0,ok
ED4wo75t7JQ,0,commentsDisabled
rBkBwo9Zjrs,0,ok
hiEaYIjBl84,0,ok
b8HRlOIM9ts,0,ok
hiyD0A1Is-Q,0,commentsDisabled
_thIKUt7N58,0,ok
0E7YtQcl3pY,42,ok
Hnjiou-0NXg,30,ok
wxmt09jAkN0,17,ok
nax7I5J7rhU,18,ok
wzEdsVPq4uc,12,ok
iQhXca4517w,11,ok
Jaf3eCj5Bk4,3,ok
Jj5_Ycwn-ig,5,ok
uNLyHAAEu7g,4,ok
4buAraR6g-s,7,ok
A26nKi_5B44,2,ok
P11D7ynrit0,2,ok
DGk4infDKw8,2,ok
yz2nIXw5M4A,1,ok
YFH5uqCWhxM,0,ok
wtDqBCm_9-Y,1,ok
g3gDP01fRqU,2,ok
ouUKsTHlGFc,1,ok
yJFkZOim9I4,0,ok
r8_3Z1ey6BY,0,ok
_MljBBTLEI0,0,commentsDisabled
Kg05zHnhbvI,0,commentsDisabled
mZ2BHXkNR2c,0,commentsDisabled
OiXNQaMmIMU,0,commentsDisabled
OL2td-y6A-c,0,commentsDisabled
x5gcmklkkdw,0,ok
BiXtop6SxMY,0,commentsDisabled
olSrc8qTSHs,0,ok
j3zFVpvb-zA,0,ok
Vl9qDUCtXa0,0,ok
QDjPYMrY-xA,0,ok
jQQGufDhmwA,35,ok
vB9sIcT1NHc,25,ok
z_t_YykWBgQ,20,ok
v9skudDPncQ,10,ok
4R43TX2g-3M,11,ok
Ak8vrIzVrKk,9,ok
HZQ4TYsd_hI,2,ok
2bkqdYmpmg0,2,ok
cp0Qf8ewG0Q,2,ok
V0n0Hz7iFbE,0,ok
_RTMtkuv91c,1,ok
wSg11DyfJTw,0,commentsDisabled
PHMQ4lN4Y7g,0,commentsDisabled
BRJ_wTcJxF4,0,ok
ZXt9LuW_KN0,0,commentsDisabled
2mJBxZ4DFxQ,0,commentsDisabled
C9aOLyFe2T4,0,commentsDisabled
bOfdwsy2mEU,0,commentsDisabled
XxLaGVRZ94Y,0,commentsDisabled
kcdXZU6-h_Y,0,ok
lDJCdGE3dqY,0,ok
YbiYfZIFeO0,0,commentsDisabled
fIeZvbQLQqs,0,commentsDisabled
s0pkMpRbQp4,0,commentsDisabled
hiDKMlIe4bc,0,ok
TXmyM3WwoFc,0,ok
H0WzI4JzA80,0,ok
xhPCQQs4p5A,0,commentsDisabled
jm_QAPezr5c,0,ok
A_LGR5uxzNc,0,commentsDisabled
WtTwdPUBuS4,0,ok
YG3XcdQeVhY,0,ok
1QnKdPN4CP0,208,ok
CK8MA3OnX9U,19,ok
c0Axfer7QC0,24,ok
yu7i_tI2gN4,12,ok
pmyVHqFlKyw,4,ok
8LElTnBX6aA,9,ok
npzxbI-fJi8,7,ok
ZpRSFEVrr98,2,ok
-hf8VtgXYPo,4,ok
XS8MEfACVvA,4,ok
ca7ykxHhlgs,2,ok
2uCCinEg6uY,1,ok
OGjWH5DwuA0,3,ok
aHRBjaUq_b8,1,ok
JYsL6EhkHwg,1,ok
Gro20J7FAA0,1,ok
i5mjAyfhG3A,1,ok
aFC9iR4I3wk,1,ok
pxtMVLkPUnk,0,ok
hSyzH1BOKzs,1,ok
_77idUINyUg,1,ok
xc-iPBaWw4A,1,ok
MGDGSN3ts2o,0,commentsDisabled
yp_AXkxxtFk,0,ok
FrjJYg1mOOU,0,commentsDisabled
f-Ae7UtYRmM,0,ok
ZqHNjY1b0tM,0,ok
8T1QXyZXoEI,0,commentsDisabled
jLf_IKftP6k,0,commentsDisabled
ESBS_xvxr-0,0,ok
jT_Vd3IF_-8,0,ok
jXZ8wPk9g4g,0,commentsDisabled
Gqf0K3Y1gFA,0,commentsDisabled
1CBEpl9OurQ,0,ok
IDzKZ0vCbys,0,commentsDisabled
J5BfdxkUU2A,0,ok
P4wJXvs-Zjw,0,ok
8H1FbGsP4vY,0,ok
GUCM75JeTwA,0,ok
14eDp6Ourq4,0,ok
Kcn4MhraXbI,0,ok
bp64_NIo2SA,0,ok
k1EQJhCjyiw,0,ok
aSTTS1K3FKI,0,commentsDisabled
RbVKqOS4Wuo,0,commentsDisabled
95huIIO0fg8,45,ok
Z2B9JqJTtmw,17,ok
ltaJi7h5tRI,14,ok
Fi5V7FmaG3w,7,ok
aEeZBmOE3cc,2,ok
H9G7hiYzy6M,11,ok
KG3SG0HM3A8,5,ok
S39QxMmFw1o,8,ok
orGQIi5yfLI,6,ok
kqT9teiqyPc,3,ok
NXCb9WTkkVg,4,ok
FFTCNm8z11s,1,ok
mcyHJwfVjL8,1,ok
xXzVD4gmnBg,2,ok
OYI8_6t7tJQ,1,ok
JioHhGkGQAQ,0,ok
yVgXj2pXg1Y,1,ok
Lw8Z14g2Hac,1,ok
7w6n3JMwfFw,1,ok
CwJL7QOopNI,1,ok
-AyfK4WcdyQ,0,ok
GFwrfNxaSXw,0,ok
Nyi_i4xePQY,0,commentsDisabled
49Ahwxu8EBE,0,commentsDisabled
XY6U6TLJs-8,0,ok
aV11RiD3-ls,0,commentsDisabled
WsL71uZTc8Q,0,ok
U79Qs-BdkaE,0,commentsDisabled
OnXeVabwAJA,0,commentsDisabled
oxIbwALJ7yo,0,ok
zECH8cqCs1Y,0,commentsDisabled
j5JVQWC2gGQ,0,ok
R_jHctgxyog,0,ok
Bbi6fhMcGME,0,commentsDisabled
iuLMt3Vlr28,0,ok
DMZmEdg4AGk,0,ok
2mWylmKuuX0,0,commentsDisabled
ttsLIPx6-Nw,0,ok
rQUDS1QaqMU,0,ok
Et8-zcdx3xs,0,ok
lsRoTTKe6UA,0,ok
P8lf_6edh6I,0,commentsDisabled
rAWpaWNQcMw,0,commentsDisabled
ziALlBvqz98,0,commentsDisabled
v2-M82tRW0g,0,commentsDisabled
PfMly58KllA,0,ok
7oXTlvyg0qQ,0,ok
akOtKVlSzyM,103,ok
PnpfAxhhZ-g,44,ok
Zn9RAuznRlY,13,ok
OvxjHzaWgWM,16,ok
IodnnMkdptg,17,ok
Qy0ND05biHM,9,ok
5ay2LaahGUw,23,ok
r5T1AMBCwB0,24,ok
ToIU9NP-wcg,7,ok
GdjQdGhIV9k,6,ok
ZoUj5yjLmeA,7,ok
WPx-nqJsRhk,7,ok
ukSE1fdqPac,3,ok
rYLyv43i9Xw,0,ok
InUrI9xlHn8,2,ok
pQsoFJ-oNGE,1,ok
PVw40GuMVUk,1,ok
K7dLhHV8IDg,1,ok
X2nhoTCryZk,1,ok
axRotKe9Ws0,1,ok
XvFLLmWsZ74,1,ok
lfbRFwxW74w,1,ok
aHio4bABiPo,0,ok
gSp300a_i6U,0,commentsDisabled
0EwLhxLLStE,0,commentsDisabled
dXqGMJC7mRA,0,commentsDisabled
0vR7dE8BA1I,0,commentsDisabled
QcZ6VGXz_TQ,0,ok
7V5Uio9F8o0,0,commentsDisabled
tPjYRVigazU,0,commentsDisabled
qBU8DNAafoM,0,commentsDisabled
xJ7N7mretNg,0,commentsDisabled
YdDjYKGG8vE,0,ok
C-G8k8c8JVc,0,ok
_1yuFOZpbUc,0,ok
0hU_zLdUUqI,0,ok
dA85sZE7SoY,0,commentsDisabled
JAb2r522MFw,0,commentsDisabled
dIoCO6kSV8k,0,ok
VpWtGFwZr3M,0,commentsDisabled
MZsEyjNw8Go,0,ok
9ydCZ6s4GZ8,0,ok
rbfXYz62USw,0,ok
AwSiWGgBq9M,0,ok
R6nDpY_K7ZQ,80,ok
eAH3OwOhRa8,47,ok
RgmhnfZTLP8,33,ok
mRTZi8yvtcU,15,ok
feHexA3rszo,10,ok
0E-76oZ8O8A,6,ok
zWOQGRZBuck,4,ok
6v7GmuTwkY0,3,ok
npjO2Hb5cjc,4,ok
uMMygt6DcEs,5,ok
9XzxvaGaeRs,4,ok
ZmmgufsbMxQ,2,ok
ZjRJUJroPFA,1,ok
C_A2yM8UrJE,0,ok
Ishk1PIOqPA,2,ok
YQHe2oclTh4,0,ok
Tt-W-vnUDXY,1,ok
IesPOqyi7Yk,1,ok
Cv7BeL5FxZE,1,ok
EFLGmWHx_0U,0,commentsDisabled
D4f6jT0IWm8,0,commentsDisabled
89eQNYbdqzs,0,commentsDisabled
a1QJNIV8Ago,0,commentsDisabled
ACV9BWy1Vzs,0,commentsDisabled
I0WE3teSlWY,0,commentsDisabled
zBpJK3WLKY0,0,commentsDisabled
pLQtYjQ-X5w,0,commentsDisabled
5VI03VQlpY4,0,ok
R6vtUfmkY3s,0,commentsDisabled
mp0VmEszidA,0,commentsDisabled
rI9macnvg5k,0,ok
JiPOnbsUhQM,0,commentsDisabled
6RGkPaujGrs,0,ok
X5nPufhsLRc,0,ok
XMq8xXfYUQg,0,ok
ENqkUBXRYyo,0,commentsDisabled
CH-rjMhbQP4,0,ok
whGq5tP0FjI,0,ok
H-bve4ja6Xk,0,commentsDisabled
i6J87opMRFw,0,ok
NHAXZL3mw-s,0,ok
kztrU51_tYM,0,ok
qyI0v1jxeik,0,ok
4D0T7hzZsy0,0,commentsDisabled
MLwX_cwjc_Q,0,ok
p6AAcU946Io,0,ok
EYDbGRXygU4,0,ok
J2vPbjbUAt8,0,commentsDisabled
F6NPlWPIVhQ,0,commentsDisabled
_jNbTCUbJhg,0,commentsDisabled
QgnL0rx6zvI,0,ok
jwa_7QmxYEo,0,commentsDisabled
k1-YDDVgBH4,0,commentsDisabled
QfbeQlWGPQQ,76,ok
bvwKmmnsEf4,42,ok
mNAGmh9pFIk,39,ok
grje2Przj6s,29,ok
uuedEfALnS4,7,ok
cedo4QFli3w,6,ok
VW1eoFtQYJo,3,ok
2oCIgjD19Vg,2,ok
LQyVMQWDUck,2,ok
zw6VwPwL_FM,1,ok
C0LycnUttQ0,2,ok
udclYrdv-nk,1,ok
YuIbH4g3W04,1,ok
GPg_xRxroNI,1,ok
jaBUV__O0w8,0,ok
WzGs0ic6mQA,0,ok
hdycmo3pqIE,0,ok
uOWfJmdmezw,1,ok
jGYwACXnWZ8,0,commentsDisabled
TuR38_7Ew5o,0,commentsDisabled
aOAT2M-TTSE,0,ok
dLPk5XJ-y74,0,commentsDisabled
ldh4VR84n4I,0,commentsDisabled
QkADxU0KcqY,0,commentsDisabled
kcd5ugO3bCY,0,commentsDisabled
vV72_tbyxNc,0,commentsDisabled
8S_g31M674s,0,commentsDisabled
N205RC6hFLY,0,ok
GY_MseQwwzo,0,ok
gdr6oPUqXps,0,commentsDisabled
v9DAqSTEaaE,0,ok
RZidzhevl2Q,0,ok
3dqe9NM7-JQ,0,ok
tpDVNxeME_c,0,ok
k5zT4ZSP9vY,0,ok
PRoWw1p0enw,0,ok
3wnz58MBuNE,1,ok
6BnyUnI9gYY,5,ok
izX2vsQvT4s,4,ok
GfgpDyNLEnc,4,ok
Kfqnk1Bs6cA,3,ok
6w5NSEGSlfE,2,ok
x_6x1JmmJzk,2,ok
5TNJlVt19Hs,0,ok
u_bFjHKVlz8,2,ok
3SooZzfp9as,1,ok
CztfImfJIBY,0,ok
f6Ks3sPb6Mk,0,ok
QgJiryEjC7E,1,ok
gvplrhWAhFc,0,commentsDisabled
-pnBz3TaZaE,0,ok
DDyuxL7_EI8,0,ok
SxeruF4Qf8U,0,ok
wTf4Hok-O1Q,0,ok
nzA9mCorR4A,0,commentsDisabled
6gqdU1Yfvo0,0,ok
VoP6xoS3PAg,0,ok
yKPSixbDfN8,0,ok
LHBIMM-wFsA,0,commentsDisabled
gqoBJC_0lEQ,0,commentsDisabled
FZXDZVOiy7c,0,ok
IkbaiwzFlBU,0,ok
wd7EQiMx59M,0,ok
FWuVHGPPDZg,0,ok
U8ihxV10E40,0,ok
tHNj1V0EluY,0,ok
b5YnGNATasc,0,ok
6i4TLEEw_wM,0,ok
AZ6fH4_ziGU,0,ok
QQU2Babg7B8,0,ok
EnKY5MmaYvg,0,ok
G3Uv-qwtKcc,0,ok
XiOZSLzmd8k,61,ok
HxpMqFLIWtA,48,ok
7pjt5FXpW0c,16,ok
2MuBcEy5o0A,14,ok
E-JBeBdqd0Y,13,ok
RKwU0E8MwLA,5,ok
y3sDejGok80,1,ok
-J-Po43_--w,10,ok
aMyhiKyCEk0,6,ok
ZJn4GGm3-s4,5,ok
zqFHEHv5JIA,7,ok
lz10b2UmMDA,4,ok
tfr9pp8KI8o,4,ok
fPzPePyJo04,4,ok
H4rzcnw_qBE,3,ok
HyeucgUgOVU,3,ok
vAdxsq4a3Tk,0,ok
hUDA-hii-UA,0,ok
Y3lAtNTo0FM,1,ok
vudAEbS9fqM,1,ok
vXXBXOdndqE,1,ok
twpCCXwj6rM,1,ok
sUju9hX9FtM,1,ok
naG6AXNAcDw,0,ok
PHOcA3DBPxs,0,ok
itGsFEkVzqw,0,ok
hFKN8soj4h8,0,commentsDisabled
QretokZE-UM,0,commentsDisabled
tgZdhP3JVus,0,commentsDisabled
PalS0cytsFM,0,ok
osiHmfH-51Y,0,ok
zXEDW8ESlmE,0,ok
BJ9mJ0VIJM4,0,commentsDisabled
8tOR58u9Lak,0,ok
CisPu9YcrVQ,0,ok
MdRIf3Qe95I,0,ok
mvUff-OmN-w,0,commentsDisabled
jHT-9wely2g,0,commentsDisabled
b-B8grtjxjs,0,commentsDisabled
kAFhHaeU38A,0,commentsDisabled
5XfBdf6FQT4,0,commentsDisabled
e0IL06ZXHFs,0,commentsDisabled
NfoYRHvaqkQ,0,commentsDisabled
YvjDtjCAdJE,0,commentsDisabled
RJzYkMvQNrw,0,commentsDisabled
IJrEyRFrZA4,0,ok
Q_L6biJsdwE,0,ok
eHw89s7cEqo,0,commentsDisabled
azpXFBvKjxQ,0,ok
T8F00H_VFuw,0,commentsDisabled
E1PFy1DGbzc,0,ok
2mcyLCbRlMk,0,ok
j6nSYjhQ4yU,27,ok
m_ABIhyh_28,22,ok
M-tRDy9KrpI,11,ok
JsGsUgRl1Ag,11,ok
l7hr4xzhFGY,9,ok
Wo9qFWlf5rg,3,ok
b9xmotSMd7c,3,ok
-MK2SR3pRF8,2,ok
QgN6pfhAWT8,3,ok
uPT9QC4lElg,1,ok
1hSqpEkwRLM,0,ok
WalEiZbkz6s,1,ok
dXvjZ8hIfQA,0,ok
9PkfcHD_a6E,2,ok
a9I69hz9THs,1,ok
mojJvlbcq8U,1,ok
EQH5pWWllXk,1,ok
QXwU-nZWJt4,0,ok
LlqpnRLmidI,1,ok
vw8K1vYlvoo,0,commentsDisabled
2PxwbwDiamU,0,commentsDisabled
mJ5_7oJSbYc,0,ok
jdexrepbavI,0,commentsDisabled
aGzDeXqV-L4,0,commentsDisabled
sDAMSarXTYc,0,commentsDisabled
LlxjD1fnC5M,0,commentsDisabled
zLDpplQZLsg,0,commentsDisabled
iu0G0ndovX8,0,ok
tL0xlE_V2-E,0,ok
YfnZOB0R19g,0,ok
26NRBIUSbGA,0,commentsDisabled
LV76n8d0T1A,0,commentsDisabled
xbR9rIvpnRQ,0,ok
rKFsUwxjEsA,0,ok
M51xsa_ZEak,0,commentsDisabled
ux-aErLbeSY,0,ok
RTOk_UoLEvw,0,commentsDisabled
odeM3Hbz7Sw,0,ok
l5Hr6vw0yBg,0,ok
HDidYFPIFAI,0,commentsDisabled
YJfnxYB3hh4,0,ok
sEqQBLnZavE,0,ok
81stlvF-Hak,0,ok
nZgFB6cx_T4,0,commentsDisabled
ipXOg3K51RI,0,ok
0hSrOVIOv1Q,0,ok
7ul9hCZtJH0,0,commentsDisabled
EhvZ9qHzxPk,0,ok
zqAQ96uUx0A,0,ok
liUBw7El5O0,0,ok
HRUYmD8VqIg,0,ok
w3HDm7fGsjo,44,ok
vrWKxBV9KMw,19,ok
wVphLBoN2-o,15,ok
-xWZM__b_lg,10,ok
N9FiVoaLTL8,12,ok
DS4iHv7361I,9,ok
d8BeOtg7jYc,5,ok
Wy3ee4Lxh2Y,8,ok
PRj_U5days8,3,ok
33GECflf3Ds,2,ok
8DB8I2LQpV8,3,ok
XfNxJSv32Vk,2,ok
ryk7P50NggE,1,ok
rf6JL5tbGcY,2,ok
ywLsFXO8Waw,1,ok
Dh6ybs9C8KQ,1,ok
Dd4K7h1VIdE,1,ok
E8RYutJl9dg,1,ok
HhCtcLFTScE,1,ok
BNLiAKMmJfA,0,ok
i6twLNWLcSI,0,commentsDisabled
tFDQ0pSOm4k,0,commentsDisabled
9u92u3eg6Jw,0,ok
yZ1L8ABB7OQ,0,ok
7wPpDz0JGDU,0,commentsDisabled
up91yoJPdTQ,0,commentsDisabled
imtiA0H4E5U,0,ok
ZiUcIkT1vZg,0,ok
YZR3zKboHI0,0,ok
8Bli9bM-a-Y,0,commentsDisabled
BKd-1bQu5pY,0,commentsDisabled
x8F9tfM_Ens,0,commentsDisabled
DPMRkXViC7c,0,ok
SSIG7w_OBOM,0,ok
16Js3IFtFOY,0,ok
xujO_f9XcpE,0,ok
QYgCDXK0YjM,0,ok
sheEEBs_HuM,0,ok
p6f1MvYFLuM,0,commentsDisabled
pcFdMlRw1Nw,0,ok
iJhYTLP6hRM,0,commentsDisabled
BZ6-yEqGM6U,0,ok
BKPDhePdjZ4,0,ok
3bWnBKAlAoU,0,ok
tU9M_bS6nLY,0,ok
aOBs-PlEPTs,0,commentsDisabled
zZeO7qdd-LQ,0,ok
5r3noRvnbBI,0,commentsDisabled
aLLUfYgDpd4,0,ok
iFedfrlFFw8,0,ok
jO-bDaZOIPY,0,commentsDisabled
GpnD4FAZ-EE,0,ok
LZDgEHOAPC0,0,ok
N2zEVwjtGAw,0,ok
rzTWbb8IIW8,0,commentsDisabled
vBAOLRfQbgw,0,ok
h78E2iKnlZ4,42,ok
UDPGzNHBtIk,20,ok
f8mh9-eoe9o,13,ok
bE-NgNztiSM,16,ok
vJA5ePgd5vA,9,ok
M_29l9JZYHc,4,ok
kNobEkZNRjo,3,ok
gytDD0EXPXQ,0,ok
O-vxmD6Go3U,2,ok
udBbTMtuJRM,1,ok
BO89ZuOJIfs,0,commentsDisabled
xs4S-F8gaeM,0,commentsDisabled
2eTsGcHWdcY,0,ok
yAqYE4fwe44,0,ok
-pkTXL3L9AE,0,commentsDisabled
MkQHPghS2gc,0,commentsDisabled
c_mRcMJ8F6c,0,ok
ZFe5Z4ilU8U,0,ok
qiFPzNBe-Bk,0,ok
XMHzNBL3xPg,0,ok
z5jvMNyAz_0,0,ok
Fi5BzGUrfBQ,0,commentsDisabled
cfmHLtkVGvM,0,ok
5EdqO0RC0ck,0,commentsDisabled
hvSPc6PL4DI,0,notFound
35i5ciImtrE,44,ok
j02Kc0ujdfA,19,ok
AUhbBGg_xe4,11,ok
BUEHmHFjeQY,15,ok
8ZvCvwUVQZs,9,ok
cdwWdLsbi5I,4,ok
q6XMQQlWumQ,1,ok
Uyxf258TYME,2,ok
lFD8aH6zq0Y,3,ok
OdgkauvJJS4,2,ok
GAz-Ffe0GXM,2,ok
b47GwJ3tfQw,1,ok
vEaq_EFzSns,0,ok
GS6B6sG601Y,1,ok
iLv0P4h3qlY,0,ok
netEKi1gRJw,0,commentsDisabled
4iRijyKI3uA,0,commentsDisabled
cA7kQTdwSDM,0,commentsDisabled
hyyAztKUPdQ,0,commentsDisabled
MaQeVEB7sAU,0,commentsDisabled
W3WEMEGtK8M,0,commentsDisabled
5w80em2xTTE,0,ok
HX8bGIwN6Q4,0,commentsDisabled
-XRqaDk40hg,0,commentsDisabled
u6sCNFNhz_o,0,ok
Yq0NnINcIcQ,0,commentsDisabled
wvN6G9NFjMI,0,commentsDisabled
fCALnM5U4TI,0,commentsDisabled
9Sw-3-ybGTQ,0,commentsDisabled
xXrZjObDRRs,0,commentsDisabled
fbnDYYxcjV0,0,commentsDisabled
FoowhPiZ9Nk,0,ok
DkvlSo5uRSk,0,ok
WN9SgVyozvA,0,commentsDisabled
kBSlBrWGm50,0,commentsDisabled
IM32LH0f-9w,0,ok
SFjo4M3uvuU,0,commentsDisabled
L1y0VfZP6zY,0,ok
CPCMZI7LSN0,0,commentsDisabled
NAdveqaab_g,0,commentsDisabled
42o1PjL_vZw,0,commentsDisabled
7RPGdDgbhhQ,0,commentsDisabled
9tyxHeDNFU4,0,commentsDisabled
dZOBQHp2afw,0,commentsDisabled
n5OE5Jh8W1g,0,commentsDisabled
wrDQm4krpaM,0,commentsDisabled
G1oEY94bdWs,0,commentsDisabled
Lxsx5GQ5omM,0,commentsDisabled
NYqjucEOnNk,0,commentsDisabled
t4eDXS7d9tw,0,commentsDisabled
hBuMnYVP1S4,0,commentsDisabled
5ePsh5ADOFo,0,ok
9A4AqYj663g,0,commentsDisabled
OW8ALdGzvAI,0,commentsDisabled
uHXyDavUaLk,0,commentsDisabled
pWCyTRz2fSI,0,commentsDisabled
x6cJ550bcZU,0,commentsDisabled
3L_KHFovRf8,0,ok
2TZe9ETYJI8,0,ok
60kLyJg_ePY,0,ok
xdyRRJX4HaI,0,ok
sEkwJ77suEs,0,ok
izNRL8hAKQs,0,commentsDisabled
Hh0VxTy6LWc,0,commentsDisabled
giayCGoigZM,0,commentsDisabled
kY1irHy0JGg,0,commentsDisabled
5jyckxAxiF8,0,commentsDisabled
bXILIKUdJX0,0,ok
dkabWxAEpso,0,commentsDisabled
x0Ew1zzSxR8,0,commentsDisabled
8xrsU2ChBa8,0,commentsDisabled
xQQLpXbXqdI,0,ok
om8_GAjHLMc,0,commentsDisabled
Xj4k2j1xoS4,0,ok
ha7yNsW35wU,0,commentsDisabled
sXdv7OyCgCg,0,commentsDisabled
C2gPn0siUEA,0,commentsDisabled
CVhQaBIwFys,0,commentsDisabled
Arn1ytQ7Lns,0,commentsDisabled
aQaZoVrlaaA,0,ok
eWnyDqmZT2c,0,ok
h_68AYy0mag,0,ok
Xy-fTTDwuyA,0,commentsDisabled
uPTzkIwdt9I,0,ok
r6ddXosGVnU,0,commentsDisabled
3Xq1CKezbsA,0,commentsDisabled
mKJao6wkto0,0,ok
eWAdI9CrjDE,0,ok
kgeU9_Cmivc,0,commentsDisabled
etGEw37bxn4,0,commentsDisabled
3pRow7b5NA0,0,commentsDisabled
v-j9jsIzF2I,0,ok
sHYUrGrWiLs,0,ok
Q-z7FyIukNI,0,ok
v1P3QVi_-ow,0,ok
S2WnqYS1FIw,0,ok
jhqhsSy0AGY,0,ok
4PVL_P4rvVc,0,ok
Jk4w9_IKAWY,0,ok
d7cUkACvsa8,0,commentsDisabled
BUbetii-xUI,0,ok
XhTOqmXZnEM,0,ok
iK7upwLQrFU,0,commentsDisabled
4467AOsnQ70,0,ok
siebDicc1-A,0,ok
n5z4D1qY3V4,0,ok
5yYOfzkKbZY,0,commentsDisabled
P_OY70ulOZI,0,commentsDisabled
Gj4L5NpyaxE,0,commentsDisabled
gAgGhxBKnJI,0,commentsDisabled
x3C1oAneHR4,0,ok
AxVdpdXnRiM,0,commentsDisabled
yrf3thLngVA,0,ok
Y0wC7TAPpNE,0,ok
By6lPBZTBxg,0,ok
Ncr04i27KyU,0,ok
24IZ7rk8YaM,0,ok
oegzCMibWWU,0,ok
rsJ3Il6t-Y0,0,commentsDisabled
YcEAsBSF2lQ,0,ok
hzc35E0PJqM,0,commentsDisabled
AQohSrAc0zU,0,commentsDisabled
9t3_CdjrcvE,0,commentsDisabled
kZD8OUGe-vc,0,commentsDisabled
IQukOuSHUDY,0,commentsDisabled
FN_MjAdElrw,0,ok
GzdS_hJVbNg,0,commentsDisabled
OmWDEDYgGLg,0,ok
Vv-GoVLUIh8,0,ok
GWQNX8UtQ9s,0,commentsDisabled
p_N2qgMoB0A,0,ok
UcTbsw4CYR4,0,ok
6mz4F_MBeMA,0,commentsDisabled
5ls6JGJgKC4,0,commentsDisabled
RPyQQjg7ScE,0,commentsDisabled
rvDt_w2QIE0,0,commentsDisabled
EeP7VuKto3w,0,commentsDisabled
J33W0uyvxuo,0,commentsDisabled
VpPwCgfss_A,0,commentsDisabled
ApXqwI9Np7E,0,commentsDisabled
DsnzasYaeCQ,0,commentsDisabled
iDU0E4HPP6g,0,commentsDisabled
CaNV6PpaPIw,0,ok
GgrJSLQasjc,0,ok
9B_gB7xdj9E,0,ok
49IGUWXwLnw,0,commentsDisabled
pbucp_9hk_A,0,commentsDisabled
Vqqr0uYC1wc,0,commentsDisabled
krqexaRayJU,0,commentsDisabled
idbUaRVNhBA,0,commentsDisabled
H-7XEi8CHeE,0,commentsDisabled
cgoCnmeJnVw,0,commentsDisabled
lyJVdfUv5QY,0,ok
hdI2UStSqH8,0,ok
jOjh07l-K64,0,commentsDisabled
84-lYdFjPiA,0,commentsDisabled
pw_5b54gq80,0,ok
SkBt4zfoxiw,0,ok
P0XCVSh5Gys,0,ok
IgLcSBDujoM,0,commentsDisabled
tusQ48ZZiJs,0,commentsDisabled
-1LFr0cveVk,0,commentsDisabled
0s0pp_Ok808,0,ok
Us5rc-pPe8U,0,commentsDisabled
NJ_-bz_FSMY,0,commentsDisabled
qdrW4wmNK6E,0,commentsDisabled
_PeCOwuwsXs,0,ok
39ywYN6GvWs,0,commentsDisabled
e9nogfjOMZ0,0,commentsDisabled
htpuYdEWvP8,0,commentsDisabled
MIvbOvpR5V8,0,commentsDisabled
dqwqSHbT6JY,0,commentsDisabled
xxqKuFFA7vc,0,ok
KUw6CaDm4rY,0,ok
STwhzkW5gaQ,0,ok
vVowUktO_68,0,ok
L6bYjU_R5og,0,ok
N1w1iTBbni8,0,commentsDisabled
CwG0LNNQb4w,0,commentsDisabled
VZdbFB5zpxY,0,commentsDisabled
DbNO8F4Ee38,0,ok
7fAgWtD0dP4,0,commentsDisabled
z4ZAuSXP2pc,0,ok
HY1hLnnra-c,0,commentsDisabled
dawrnf5M_u0,0,ok
EQOf5mJOptw,0,ok
FmPc8WANRHI,0,ok
DhVne22uEUY,0,ok
pEkebZlW9LM,0,commentsDisabled
B82xHGB7FuY,0,commentsDisabled
TKqXM5yeeoY,0,ok
mXIJTjqu8fw,0,ok
SnIPTnEVte0,0,ok
wZ0HKIAJoaQ,0,commentsDisabled
zVrgoz7pykc,0,ok
9aJKTharwzA,0,commentsDisabled
_bdSKo-40vw,0,ok
mmU8MvV2UOY,0,commentsDisabled
bAGJ8TDVqaM,0,ok
23ft_KC3hQo,0,commentsDisabled
So8ILXBd69k,0,commentsDisabled
WAYom3Dfzfs,0,commentsDisabled
Y_NHM2EgS6I,0,commentsDisabled
LkeoMKpqCyc,0,commentsDisabled
A33zpNK7LTw,0,commentsDisabled
p-qlLj09y1c,0,ok
9nbaymroWaI,0,ok
LVrunB17a4E,0,commentsDisabled
73ZwmGndqZ4,0,ok
01ajck2aNVg,0,ok
aIvZ-GeWOTY,0,ok
x3cTiElCr4o,0,ok
V42776uWR4E,0,ok
E0Dwv_8nzGw,0,ok
-u-oSfCxE-0,0,ok
Fj85OANFj-U,0,ok
e2rocQfw1uQ,0,commentsDisabled
8H5bj5HNlTw,0,commentsDisabled
CTkL01_WA1Q,0,commentsDisabled
S4N9FeDGkkQ,0,commentsDisabled
DOmNqLp-f4k,0,commentsDisabled
raXWCb-hAYI,0,commentsDisabled
oMgLs6m6I5c,0,commentsDisabled
Zx1CNxT6oGg,0,commentsDisabled
GU3qLw8pu7c,0,commentsDisabled
KAqFHUlnD6Q,0,commentsDisabled
PGG5q0E1qeE,0,commentsDisabled
suKsezhqKk4,0,commentsDisabled
xWWoSOtOW1E,0,commentsDisabled
6DPiy6yyjwY,0,commentsDisabled
p5sMhQSQ388,0,ok
vru2pl4DIMg,0,ok
uVHiD4puSus,0,commentsDisabled
8j1ccduOVwA,0,ok
SW-uWx7_7ts,0,ok
zYD624nM35g,0,ok
aL1wIpGmcqw,0,ok
yV4tzx4Nvnc,0,ok
pgncXkXvzkk,0,commentsDisabled
NUz-lHT48Z0,0,ok
Mds_JCiKej0,0,commentsDisabled
xXaRGLunHU0,0,ok
aYlhXyy0mg8,0,ok
6pw_CG6V5l8,0,commentsDisabled
kFyL-Rjqf9E,0,commentsDisabled
G6JcJiWvML8,0,commentsDisabled
YLY_ggZCxVo,0,commentsDisabled
t0Edmt2gxoE,0,commentsDisabled
nq6f0FZXJD4,0,commentsDisabled
NJSJ5-izMUA,0,commentsDisabled
M8n3DBMC1ik,0,commentsDisabled
cqv_wfc2tuU,0,commentsDisabled
yvgvD7s9AJI,0,commentsDisabled
E8JmJ9U_r98,0,commentsDisabled
uDFozzFkVsQ,0,ok
KM2txtP4rp0,0,commentsDisabled
YS6bwZUMrVQ,0,commentsDisabled
dt--Wth4W5g,0,commentsDisabled
vC_dlDaNlzw,0,ok
Q9bIDNrfX0Q,0,commentsDisabled
XI_heZpp9Wg,0,ok
D9DDI6iMvTg,0,commentsDisabled
5OCvEJtJkd0,0,ok
4Fmzvu88vh4,0,ok
3D0iSYtIbXw,0,ok
iKhq5V3-F-c,0,ok
ldMqME5Qw_g,0,commentsDisabled
RHbdR_kTpEU,0,ok
uOuNmEnxZJA,0,commentsDisabled
o2Vw8w5XYD0,0,commentsDisabled
FhJswT8u9Hs,0,commentsDisabled
7BCOAvPXc6E,0,ok
K29tH9nLz80,0,ok
OyJVRQAQaWE,0,commentsDisabled
pXCtrzp9JTU,0,ok
IqZRskHXX_o,0,ok
nryX2OJyhYY,0,ok
ZmePh_DIUm8,0,ok
8c8UBqoXG3Y,0,commentsDisabled
SAw7t-hV-6w,0,ok
YPl76fmb3rA,0,ok
0-GVre4jAY0,0,ok
pCRKo1rAf1U,0,commentsDisabled
RpU_9bGqfG4,0,commentsDisabled
hwhaWjT-hUE,0,ok
4VHYR5IIBbM,0,ok
jMmJgLuSuZc,0,ok
NKLh79BT-bI,0,commentsDisabled
WDJQhCPEqTQ,0,ok
wKKkFu9YJ_o,0,ok
igBGI-tOf9s,0,ok
QlC6Q2m4Pvs,0,ok
9vx-hJWgc9s,0,ok
VitrTZPEkBA,0,ok
azHBDlO9km8,0,ok
ExwBx9SETmQ,0,ok
lHIpZGyqp7Y,0,commentsDisabled
WjDhQI79mmM,0,commentsDisabled
e9fgWzhRXaI,0,commentsDisabled
crzUq8T-EfE,0,commentsDisabled
BsKyaJqn31w,0,commentsDisabled
9cDwVKJaT_E,0,ok
I8mDo13zmRQ,0,commentsDisabled
k7JxdN5oL7k,0,ok
PZZzWev7IVs,0,ok
2xF9Lf79ND0,0,ok
aNGhmeXo1RY,0,ok
AZIRxs2gv-c,0,ok
tXIjqdXZYbU,0,ok
Uby9Ogl8Bes,0,ok
bG7iihLI6Uw,0,ok
5uq3rTMnKRQ,0,ok
3WUAtVqMBJo,0,commentsDisabled
Zn499I2InlM,0,commentsDisabled
KfuqrniCP8k,0,commentsDisabled
cZ4GwS_FqNM,0,ok
EUBKUeba2D8,0,commentsDisabled
QqaTXrUXog4,0,ok
MyCiSZxi7Oo,0,commentsDisabled
B7rLyS5huL8,0,commentsDisabled
5HjJtG4sFiY,0,commentsDisabled
fIGSbXx4vm0,0,commentsDisabled
wkX-Q2pD0nY,0,ok
OLIksEQv-7E,0,commentsDisabled
V-K8W5Cxkeg,0,commentsDisabled
67PKa02I0AA,0,commentsDisabled
W5vKVFFz9wM,0,commentsDisabled
kvkk9_amQUM,0,ok
0AW_1CPTqsY,0,commentsDisabled
hWqa2eP1Pvs,0,commentsDisabled
fT0LHTf39Tc,0,ok
DgBKoR3P5V4,0,commentsDisabled
dqO4GvhGRHQ,0,commentsDisabled
YHn44y7a6M0,0,commentsDisabled
IWWW0LYU-9Q,0,ok
zg6MUz2r6LI,0,ok
S_baQGmVSs4,0,commentsDisabled
Wfy835lJNOo,0,ok
jfAq83QDxbg,0,commentsDisabled
lECfNSnivpk,0,ok
OVeHUrdXkW0,0,ok
r1Enq8qLDBo,0,ok
o5VOAjAY-Y0,0,ok
zRWkryqF1Ys,0,commentsDisabled
YCu_3YdvZgM,0,ok
DRKWmeAe3G0,0,ok
ezbX8xYVb8A,0,ok
rARgUJznwRk,0,ok
AQiEy3tQoqk,0,ok
9-s8jK-XFIk,0,commentsDisabled
u4Q929yFH6k,0,commentsDisabled
dLvFwoP32zQ,0,ok
UA9uOgFih-4,0,ok
L0Sks5DNvqs,0,commentsDisabled
yywsOeQ2X04,0,commentsDisabled
6FtI5z6Q0wo,0,ok
gNoKVuId1Fs,0,ok
mowRQWtnATo,0,commentsDisabled
YQrXB0b0J3w,0,commentsDisabled
JKBAa6ZZuFE,0,ok
Wn9w6MkGhdw,0,commentsDisabled
4dEA3b4hLGY,0,commentsDisabled
my4moQ3KYAc,0,ok
dSc0V4fc4oc,0,ok
7cOWwMFGPJg,0,commentsDisabled
NrPtpN_JYP8,0,commentsDisabled
fHYXaFuv_dw,0,ok
f4UFtKEdYLE,0,commentsDisabled
tccNJ_bI7Qk,0,commentsDisabled
9Dg2QRxg5AE,0,commentsDisabled
EKyjlo6kGsA,0,ok
1aLwQoTZcYo,0,ok
26B868ziEDA,0,commentsDisabled
8UmrG96GW_o,0,commentsDisabled
MbLnnV5ly5c,0,ok
VNwORgb2sIU,0,ok
tqr8YCKQW5E,0,ok
Grh_CQ1bjYI,0,commentsDisabled
zGhnXbEzVa0,0,commentsDisabled
K0frYGwKBoQ,0,commentsDisabled
95vktwSZoVM,0,commentsDisabled
hFiyKWLNA5o,0,commentsDisabled
8ITaBIoDSJA,0,commentsDisabled
s7bktSvvMl0,0,commentsDisabled
P4NmYk8CO-w,0,commentsDisabled
srAdTcD69wY,0,commentsDisabled
7DD1RdT4-FY,0,commentsDisabled
gTLcpux-PwI,0,commentsDisabled
SxG85kcb4ec,0,commentsDisabled
xGN7oYPz_fY,0,commentsDisabled
rjo4ZFdDd4w,0,ok
6wkVExva6E4,0,commentsDisabled
32--4n1vje8,0,ok
gD9yZNNIjUU,0,ok
EH3_H0X-lqA,0,ok
zCF_NboH7NQ,0,commentsDisabled
ZQcVmbx3wf8,0,ok
JGef7sfr8G4,0,commentsDisabled
oFP3J9K4DyA,0,ok
VBw_BmgauiI,0,ok
7PLdIdQX0Yc,0,ok
Qj9muKFcSiI,0,ok
ED4wo75t7JQ,0,commentsDisabled
rBkBwo9Zjrs,0,ok
hiEaYIjBl84,0,ok
b8HRlOIM9ts,0,ok
hiyD0A1Is-Q,0,commentsDisabled
_thIKUt7N58,0,ok
YFH5uqCWhxM,0,ok
yJFkZOim9I4,0,ok
r8_3Z1ey6BY,0,ok
_MljBBTLEI0,0,commentsDisabled
Kg05zHnhbvI,0,commentsDisabled
mZ2BHXkNR2c,0,commentsDisabled
OiXNQaMmIMU,0,commentsDisabled
OL2td-y6A-c,0,commentsDisabled
x5gcmklkkdw,0,ok
BiXtop6SxMY,0,commentsDisabled
olSrc8qTSHs,0,ok
j3zFVpvb-zA,0,ok
Vl9qDUCtXa0,0,ok
QDjPYMrY-xA,0,ok
V0n0Hz7iFbE,0,ok
wSg11DyfJTw,0,commentsDisabled
PHMQ4lN4Y7g,0,commentsDisabled
BRJ_wTcJxF4,0,ok
ZXt9LuW_KN0,0,commentsDisabled
2mJBxZ4DFxQ,0,commentsDisabled
C9aOLyFe2T4,0,commentsDisabled
bOfdwsy2mEU,0,commentsDisabled
XxLaGVRZ94Y,0,commentsDisabled
kcdXZU6-h_Y,0,ok
lDJCdGE3dqY,0,ok
YbiYfZIFeO0,0,commentsDisabled
fIeZvbQLQqs,0,commentsDisabled
s0pkMpRbQp4,0,commentsDisabled
hiDKMlIe4bc,0,ok
TXmyM3WwoFc,0,ok
H0WzI4JzA80,0,ok
xhPCQQs4p5A,0,commentsDisabled
jm_QAPezr5c,0,ok
A_LGR5uxzNc,0,commentsDisabled
WtTwdPUBuS4,0,ok
YG3XcdQeVhY,0,ok
pxtMVLkPUnk,0,ok
MGDGSN3ts2o,0,commentsDisabled
yp_AXkxxtFk,0,ok
FrjJYg1mOOU,0,commentsDisabled
f-Ae7UtYRmM,0,ok
ZqHNjY1b0tM,0,ok
8T1QXyZXoEI,0,commentsDisabled
jLf_IKftP6k,0,commentsDisabled
ESBS_xvxr-0,0,ok
jT_Vd3IF_-8,0,ok
jXZ8wPk9g4g,0,commentsDisabled
Gqf0K3Y1gFA,0,commentsDisabled
1CBEpl9OurQ,0,ok
IDzKZ0vCbys,0,commentsDisabled
J5BfdxkUU2A,0,ok
P4wJXvs-Zjw,0,ok
8H1FbGsP4vY,0,ok
GUCM75JeTwA,0,ok
14eDp6Ourq4,0,ok
Kcn4MhraXbI,0,ok
bp64_NIo2SA,0,ok
k1EQJhCjyiw,0,ok
aSTTS1K3FKI,0,commentsDisabled
RbVKqOS4Wuo,0,commentsDisabled
JioHhGkGQAQ,0,ok
-AyfK4WcdyQ,0,ok
GFwrfNxaSXw,0,ok
Nyi_i4xePQY,0,commentsDisabled
49Ahwxu8EBE,0,commentsDisabled
XY6U6TLJs-8,0,ok
aV11RiD3-ls,0,commentsDisabled
WsL71uZTc8Q,0,ok
U79Qs-BdkaE,0,commentsDisabled
OnXeVabwAJA,0,commentsDisabled
oxIbwALJ7yo,0,ok
zECH8cqCs1Y,0,commentsDisabled
j5JVQWC2gGQ,0,ok
R_jHctgxyog,0,ok
Bbi6fhMcGME,0,commentsDisabled
iuLMt3Vlr28,0,ok
DMZmEdg4AGk,0,ok
2mWylmKuuX0,0,commentsDisabled
ttsLIPx6-Nw,0,ok
rQUDS1QaqMU,0,ok
Et8-zcdx3xs,0,ok
lsRoTTKe6UA,0,ok
P8lf_6edh6I,0,commentsDisabled
rAWpaWNQcMw,0,commentsDisabled
ziALlBvqz98,0,commentsDisabled
v2-M82tRW0g,0,commentsDisabled
PfMly58KllA,0,ok
7oXTlvyg0qQ,0,ok
rYLyv43i9Xw,0,ok
aHio4bABiPo,0,ok
gSp300a_i6U,0,commentsDisabled
0EwLhxLLStE,0,commentsDisabled
dXqGMJC7mRA,0,commentsDisabled
0vR7dE8BA1I,0,commentsDisabled
QcZ6VGXz_TQ,0,ok
7V5Uio9F8o0,0,commentsDisabled
tPjYRVigazU,0,commentsDisabled
qBU8DNAafoM,0,commentsDisabled
xJ7N7mretNg,0,commentsDisabled
YdDjYKGG8vE,0,ok
C-G8k8c8JVc,0,ok
_1yuFOZpbUc,0,ok
0hU_zLdUUqI,0,ok
dA85sZE7SoY,0,commentsDisabled
JAb2r522MFw,0,commentsDisabled
dIoCO6kSV8k,0,ok
VpWtGFwZr3M,0,commentsDisabled
MZsEyjNw8Go,0,ok
9ydCZ6s4GZ8,0,ok
rbfXYz62USw,0,ok
AwSiWGgBq9M,0,ok
C_A2yM8UrJE,0,ok
YQHe2oclTh4,0,ok
EFLGmWHx_0U,0,commentsDisabled
D4f6jT0IWm8,0,commentsDisabled
89eQNYbdqzs,0,commentsDisabled
a1QJNIV8Ago,0,commentsDisabled
ACV9BWy1Vzs,0,commentsDisabled
I0WE3teSlWY,0,commentsDisabled
zBpJK3WLKY0,0,commentsDisabled
pLQtYjQ-X5w,0,commentsDisabled
5VI03VQlpY4,0,ok
R6vtUfmkY3s,0,commentsDisabled
mp0VmEszidA,0,commentsDisabled
rI9macnvg5k,0,ok
JiPOnbsUhQM,0,commentsDisabled
6RGkPaujGrs,0,ok
X5nPufhsLRc,0,ok
XMq8xXfYUQg,0,ok
ENqkUBXRYyo,0,commentsDisabled
CH-rjMhbQP4,0,ok
whGq5tP0FjI,0,ok
H-bve4ja6Xk,0,commentsDisabled
i6J87opMRFw,0,ok
NHAXZL3mw-s,0,ok
kztrU51_tYM,0,ok
qyI0v1jxeik,0,ok
4D0T7hzZsy0,0,commentsDisabled
MLwX_cwjc_Q,0,ok
p6AAcU946Io,0,ok
EYDbGRXygU4,0,ok
J2vPbjbUAt8,0,commentsDisabled
F6NPlWPIVhQ,0,commentsDisabled
_jNbTCUbJhg,0,commentsDisabled
QgnL0rx6zvI,0,ok
jwa_7QmxYEo,0,commentsDisabled
k1-YDDVgBH4,0,commentsDisabled
jaBUV__O0w8,0,ok
WzGs0ic6mQA,0,ok
hdycmo3pqIE,0,ok
jGYwACXnWZ8,0,commentsDisabled
TuR38_7Ew5o,0,commentsDisabled
aOAT2M-TTSE,0,ok
dLPk5XJ-y74,0,commentsDisabled
ldh4VR84n4I,0,commentsDisabled
QkADxU0KcqY,0,commentsDisabled
kcd5ugO3bCY,0,commentsDisabled
vV72_tbyxNc,0,commentsDisabled
8S_g31M674s,0,commentsDisabled
N205RC6hFLY,0,ok
GY_MseQwwzo,0,ok
gdr6oPUqXps,0,commentsDisabled
v9DAqSTEaaE,0,ok
RZidzhevl2Q,0,ok
3dqe9NM7-JQ,0,ok
tpDVNxeME_c,0,ok
k5zT4ZSP9vY,0,ok
PRoWw1p0enw,0,ok
5TNJlVt19Hs,0,ok
CztfImfJIBY,0,ok
f6Ks3sPb6Mk,0,ok
gvplrhWAhFc,0,commentsDisabled
-pnBz3TaZaE,0,ok
DDyuxL7_EI8,0,ok
SxeruF4Qf8U,0,ok
wTf4Hok-O1Q,0,ok
nzA9mCorR4A,0,commentsDisabled
6gqdU1Yfvo0,0,ok
VoP6xoS3PAg,0,ok
yKPSixbDfN8,0,ok
LHBIMM-wFsA,0,commentsDisabled
gqoBJC_0lEQ,0,commentsDisabled
FZXDZVOiy7c,0,ok
IkbaiwzFlBU,0,ok
wd7EQiMx59M,0,ok
FWuVHGPPDZg,0,ok
U8ihxV10E40,0,ok
tHNj1V0EluY,0,ok
b5YnGNATasc,0,ok
6i4TLEEw_wM,0,ok
AZ6fH4_ziGU,0,ok
QQU2Babg7B8,0,ok
EnKY5MmaYvg,0,ok
G3Uv-qwtKcc,0,ok
vAdxsq4a3Tk,0,ok
hUDA-hii-UA,0,ok
naG6AXNAcDw,0,ok
PHOcA3DBPxs,0,ok
itGsFEkVzqw,0,ok
hFKN8soj4h8,0,commentsDisabled
QretokZE-UM,0,commentsDisabled
tgZdhP3JVus,0,commentsDisabled
PalS0cytsFM,0,ok
osiHmfH-51Y,0,ok
zXEDW8ESlmE,0,ok
BJ9mJ0VIJM4,0,commentsDisabled
8tOR58u9Lak,0,ok
CisPu9YcrVQ,0,ok
MdRIf3Qe95I,0,ok
mvUff-OmN-w,0,commentsDisabled
jHT-9wely2g,0,commentsDisabled
b-B8grtjxjs,0,commentsDisabled
kAFhHaeU38A,0,commentsDisabled
5XfBdf6FQT4,0,commentsDisabled
e0IL06ZXHFs,0,commentsDisabled
NfoYRHvaqkQ,0,commentsDisabled
YvjDtjCAdJE,0,commentsDisabled
RJzYkMvQNrw,0,commentsDisabled
IJrEyRFrZA4,0,ok
Q_L6biJsdwE,0,ok
eHw89s7cEqo,0,commentsDisabled
azpXFBvKjxQ,0,ok
T8F00H_VFuw,0,commentsDisabled
E1PFy1DGbzc,0,ok
2mcyLCbRlMk,0,ok
1hSqpEkwRLM,0,ok
dXvjZ8hIfQA,0,ok
QXwU-nZWJt4,0,ok
vw8K1vYlvoo,0,commentsDisabled
2PxwbwDiamU,0,commentsDisabled
mJ5_7oJSbYc,0,ok
jdexrepbavI,0,commentsDisabled
aGzDeXqV-L4,0,commentsDisabled
sDAMSarXTYc,0,commentsDisabled
LlxjD1fnC5M,0,commentsDisabled
zLDpplQZLsg,0,commentsDisabled
iu0G0ndovX8,0,ok
tL0xlE_V2-E,0,ok
YfnZOB0R19g,0,ok
26NRBIUSbGA,0,commentsDisabled
LV76n8d0T1A,0,commentsDisabled
xbR9rIvpnRQ,0,ok
rKFsUwxjEsA,0,ok
M51xsa_ZEak,0,commentsDisabled
ux-aErLbeSY,0,ok
RTOk_UoLEvw,0,commentsDisabled
odeM3Hbz7Sw,0,ok
l5Hr6vw0yBg,0,ok
HDidYFPIFAI,0,commentsDisabled
YJfnxYB3hh4,0,ok
sEqQBLnZavE,0,ok
81stlvF-Hak,0,ok
nZgFB6cx_T4,0,commentsDisabled
ipXOg3K51RI,0,ok
0hSrOVIOv1Q,0,ok
7ul9hCZtJH0,0,commentsDisabled
EhvZ9qHzxPk,0,ok
zqAQ96uUx0A,0,ok
liUBw7El5O0,0,ok
HRUYmD8VqIg,0,ok
BNLiAKMmJfA,0,ok
i6twLNWLcSI,0,commentsDisabled
tFDQ0pSOm4k,0,commentsDisabled
9u92u3eg6Jw,0,ok
yZ1L8ABB7OQ,0,ok
7wPpDz0JGDU,0,commentsDisabled
up91yoJPdTQ,0,commentsDisabled
imtiA0H4E5U,0,ok
ZiUcIkT1vZg,0,ok
YZR3zKboHI0,0,ok
8Bli9bM-a-Y,0,commentsDisabled
BKd-1bQu5pY,0,commentsDisabled
x8F9tfM_Ens,0,commentsDisabled
DPMRkXViC7c,0,ok
SSIG7w_OBOM,0,ok
16Js3IFtFOY,0,ok
xujO_f9XcpE,0,ok
QYgCDXK0YjM,0,ok
sheEEBs_HuM,0,ok
p6f1MvYFLuM,0,commentsDisabled
pcFdMlRw1Nw,0,ok
iJhYTLP6hRM,0,commentsDisabled
BZ6-yEqGM6U,0,ok
BKPDhePdjZ4,0,ok
3bWnBKAlAoU,0,ok
tU9M_bS6nLY,0,ok
aOBs-PlEPTs,0,commentsDisabled
zZeO7qdd-LQ,0,ok
5r3noRvnbBI,0,commentsDisabled
aLLUfYgDpd4,0,ok
iFedfrlFFw8,0,ok
jO-bDaZOIPY,0,commentsDisabled
GpnD4FAZ-EE,0,ok
LZDgEHOAPC0,0,ok
N2zEVwjtGAw,0,ok
rzTWbb8IIW8,0,commentsDisabled
vBAOLRfQbgw,0,ok
gytDD0EXPXQ,0,ok
BO89ZuOJIfs,0,commentsDisabled
xs4S-F8gaeM,0,commentsDisabled
2eTsGcHWdcY,0,ok
yAqYE4fwe44,0,ok
-pkTXL3L9AE,0,commentsDisabled
MkQHPghS2gc,0,commentsDisabled
c_mRcMJ8F6c,0,ok
ZFe5Z4ilU8U,0,ok
qiFPzNBe-Bk,0,ok
XMHzNBL3xPg,0,ok
z5jvMNyAz_0,0,ok
Fi5BzGUrfBQ,0,commentsDisabled
cfmHLtkVGvM,0,ok
5EdqO0RC0ck,0,commentsDisabled
hvSPc6PL4DI,0,notFound
vEaq_EFzSns,0,ok
iLv0P4h3qlY,0,ok
netEKi1gRJw,0,commentsDisabled
4iRijyKI3uA,0,commentsDisabled
cA7kQTdwSDM,0,commentsDisabled
hyyAztKUPdQ,0,commentsDisabled
MaQeVEB7sAU,0,commentsDisabled
W3WEMEGtK8M,0,commentsDisabled
5w80em2xTTE,0,ok
6E0vLPCHUMk,0,ok
8EDyAIllbgw,0,ok
ccXbtSwtn0g,0,ok
ZTxakmfeH1s,0,ok
j7WGA4Uf44o,0,commentsDisabled
jatUln64v_U,0,ok
8P7Gi1JbqPo,0,ok
S-e2vK3Fg-g,0,commentsDisabled
l85PyMImEII,0,commentsDisabled
OXQZ1MN9lFY,0,ok
gw2Y8FzgZXQ,0,ok
PH_sLSByqhE,0,ok
az5oV-K_Azk,10,ok
NvjfoCeY_Pw,8,ok
PElVRqYjUwU,6,ok
tfXjFlEryHo,6,ok
FlNXJ-Ss6Fo,1,ok
2klMuWfca0U,5,ok
fOWo1NJrSnA,4,ok
AqJc_cwe08k,3,ok
_wVb2fEj1mA,4,ok
Dm9n81dOiHQ,0,ok
UemiOvQ1MPc,1,ok
MDpIWCsaiTQ,1,ok
6FGhxLWxfzc,0,ok
DBAdylu5DTw,1,ok
_PI66sr4vNg,0,ok
8pYlQaqQRU8,0,commentsDisabled
SvzFhM9nEc0,0,commentsDisabled
0xZsBz1Mbo8,0,commentsDisabled
wgfKpkfEvDM,0,commentsDisabled
E63R_pIzXWs,0,commentsDisabled
pknJjObGyP8,0,ok
OpG4n-FN95I,0,commentsDisabled
5il7YlonaCE,0,commentsDisabled
j0VNEBDpLfU,0,ok
VOcjo6UKCO8,0,ok
KhRUB9q-jYQ,0,commentsDisabled
YbipIjms2Do,0,commentsDisabled
_LPVZa6mR9k,0,ok
LuM-dB2MPTo,0,commentsDisabled
MIObmzKFUII,0,ok
SlZFoUZI9fI,0,commentsDisabled
6-0mj8QRjh4,0,ok
ZQgHDLPS24Q,0,ok
WPhK8SSNdDc,0,commentsDisabled
CmLpsoRGxIA,0,ok
kRHNpsuulUU,0,ok
ItS9q3JasnY,0,ok
9Bk48knjs-o,0,ok
6i5adglrAe0,13,ok
_dyniJ7QJ1E,13,ok
364Mpy2G688,7,ok
dCdUiRGtOU8,6,ok
4U0IvB3jXis,3,ok
-Dq1aizEFQQ,1,ok
PFEy4q2G7qs,0,ok
cVW8IJ5WCeo,0,commentsDisabled
HlJ_Njek7qs,0,commentsDisabled
o9ubBcBfyuc,0,commentsDisabled
oMRArWZsG1Q,0,commentsDisabled
ZDSnrixdW2s,0,commentsDisabled
zoJXlaC4Zk8,0,commentsDisabled
lGc6yv9Y_oc,0,commentsDisabled
D_vo40hSJQ4,0,ok
oEXDEyA8zhk,0,ok
ECfkzk-VJIs,0,commentsDisabled
GBc47Pok9UY,0,ok
X_6aEfMKM4A,0,ok
lGiR7Dw62kE,0,commentsDisabled
1tR5T8Qm5Uw,0,ok
YNcGrmpVnmM,0,ok
f8Iqv1e20NM,0,commentsDisabled
IjGhU67tlo4,0,ok
6mKWQ_RdN8c,0,ok
gldnIX7a8dY,14,ok
lQN-jA58Wpk,14,ok
7a6pnR5A7YE,12,ok
CSkyeHRX1Zc,10,ok
cCFzm5zYtss,7,ok
7-MnmjamZOc,4,ok
OTm2PdCUbCE,5,ok
pLUYV383x0Y,4,ok
3tk2Pt9IZyg,5,ok
b37X2Azvln4,4,ok
nArULZyXh90,3,ok
Tq85vJkoxGI,4,ok
sFR8gbVatLI,1,ok
kr9N3Gf89uU,2,ok
-G7imBskuhE,1,ok
FtuN7rz8mNA,1,ok
BzyZszuIMXw,1,ok
cfMABm6Uocg,0,commentsDisabled
hYuIfNxGR-4,0,commentsDisabled
jekxqVWJYlA,0,commentsDisabled
uVwrBpes9UQ,0,ok
co5mkiuThl8,0,commentsDisabled
ruFDRQPcCes,0,ok
Xnb9EE823j8,0,commentsDisabled
18TrgKrQjIQ,0,ok
Rw5Cp1czWbA,0,commentsDisabled
CoCUeG_-iEE,0,commentsDisabled
VjfPFcRUYg0,0,ok
GVoIT02se9Y,0,ok
At0Vc28tnuE,0,ok
5_gCqDwlWLI,0,commentsDisabled
SLuW92aMNss,0,ok
4AbWg1t4YAw,0,commentsDisabled
ImFdawvN-yQ,0,ok
3yF9qh6-IEo,0,commentsDisabled
r2NmGGkF8-I,0,commentsDisabled
LOLoJfLaxfI,0,ok
5lg8zynurSw,0,ok
nOUfNQsRDwc,0,commentsDisabled
KFgmn4wQdT4,0,commentsDisabled
68KPMtEtFHY,0,commentsDisabled
862MHBm-5Iw,0,commentsDisabled
UOGoQ1Pyu0o,0,ok
iY4htNG4MWU,0,commentsDisabled
uASH881BxE8,0,ok
3-TBjPQBNZ4,0,commentsDisabled
Wswus79UY8w,23,ok
O-Dt7gh2NSg,1,ok
HtZ4yNsWrKQ,0,ok
c2gJsj0kRH4,0,commentsDisabled
AqC7IfQ41uY,0,commentsDisabled
dEI6rCIrnyc,0,commentsDisabled
1EWTzsqBRwk,0,commentsDisabled
