video_id,title,description,channel,published_at,year,views,likes,comments,match_count,matched_terms,seed_term,lang,video_url,title_mk,description_mk,title_description_mk,title_en,description_en,title_description_en,text_mk_norm,total_comments_downloaded,reason
JyQij-2-8bM,"Обраќање на Иванов: Референдумот е неуспешен, време е за одговорност пред Македонскиот народ","Почитувани граѓани на Република Македонија,

На вчерашниот референдум народот го отфрли Преспанскиот договор. Со негласање, народот јасно се изјасни против избрзани, наметнати и штетни решенија донесени без претходно постигнат национален консензус.Тивкото мнозинство одлучи. Бојкотот е гласот на оние кои се потценети и не се слушнати.

Пораката од народот е испратена до оние кои мора да ја слушнат.

Реалноста е дека референдумот не успеа. Не се обидувајте да ја измените оваа реалност. Не ја потценувајте суверената волја на македонскиот народ. Не може да се зборува за волја на мнозинството во услови кога не е исполнет законскиот цензус за референдум. 36,9% излезност не е волја на народот, туку 63,1% кои не излегоа. 

Колку и да извртувате, не можете да ја промените реалноста. А реалноста е дека референдумот е неуспешен. Време е за одговорност пред македонскиот народ. 
Поддршката за ЕУ и НАТО е колатерална штета на непопуларниот референдум. Поддршката за ЕУ и НАТО од над 80% ја сведовте на само 36,9%. Ги манипулирате и нашите граѓани, а на нашите европски и евроатлантски партнери им пласирате лажни претстави и перцепции.

Држава не се води со слободно и неовластено толкување на Уставот и законите на Република Македонија. Истовремено, очекувам набљудувачката мисија на ОБСЕ/ОДИХР сериозно да ги земе предвид приговорите околу нерегуларностите на одредени избирачки места.

А на оние кои се мешаат во внатрешните работи на Република Македонија и непринципиелно заземаат страна им порачувам да ги почитуваат меѓународните конвенции за дипломатски односи. Не може оние кои имаат демократски дефицит да наметнуваат решенија спротивни на суверената волја на македонскиот народ.

Почитувани сограѓани,

Пред само неколку дена, од говорницата на Обединетите нации, Претседателот на Соединетите Американски Држави Доналд Трамп изјави дека слободата, мирот и демократијата се можни само во суверени и независни држави. Вчера, македонскиот народ ја покажа својата суверена волја. Како и францускиот претседател Макрон, така и јас верувам во силниот идентитет на секој народ, верувам во историјата и амбицијата на нашиот македонски народ.

Референдумот не е анкета. Одлуката на граѓаните обврзува. На референдумот вие граѓаните непосредно ја остварувате вашата суверена власт. Собранието таа одлука мора да ја почитува.

Затоа, им честитам на Македонскиот народ, на Албанците, Турците, Србите, Ромите, Бошњаците и Власите за нивната одлука. 

Почитувани,

Дозволете да се обратам и на сите граѓани на Република Македонија кои вчера излегоа и го дадоа својот глас на референдумот.

Само цврсто сплотени околу нашите државни интереси, почитувајќи го уставниот и правниот поредок може да го изодиме патот до европското и евроатлатското семејство. Немаме дилеми дека местото на Република Македонија е во ЕУ и НАТО. Но, таму треба да влеземе со нашето човечко достоинство, без уцени, притисоци и двојни стандарди. Само така ќе можеме да се справиме со двата големи предизвика:

Првиот предизвик се сериозни и темелни реформи во сите сегменти, бидејќи без вистински судски реформи, без правда и владеење на правото, без борба против корупцијата, без борба против партискиот елитизам и клиентелизам, нема членство во Унијата и НАТО.

Вториот предизвик е одново да го изградиме нашиот национален консензус за да можеме со еден глас и сплотени да настапуваме во бранењето на нашите државни интереси и остварувањето на нашите стратешки цели. 

На крајот, како Претседател на Република Македонија, сакам да ве потсетам дека речиси во сите одлучувачки моменти од историјата на Македонија, народот носел мудра одлука. Наше е да ја почитуваме таа одлука. Ова треба да биде поука за сите политички партии да внимаваат што и кому ветуваат. 

А како граѓанин, пак, очекувам од владејачкото мнозинство да понесе одговорност за неуспешниот референдум. Сите во животот се соочуваме со порази. Некој повеќе, некој помалку. Големината на човекот е да го препознае и признае поразот. 

Вчера, Република Македонија остана непоразена.
Да живее Република Македонија.",TheMKDocs - Документарен канал,2018-10-01 17:12:10+00:00,2018,4627,173,33,51,национален идентитет,национален идентитет,mk,https://www.youtube.com/watch?v=JyQij-2-8bM,"Обраќање на Иванов: Референдумот е неуспешен, време е за одговорност пред Македонскиот народ","Почитувани граѓани на Република Македонија, На вчерашниот референдум народот го отфрли Преспанскиот договор. Со негласање, народот јасно се изјасни против избрзани, наметнати и штетни решенија донесени без претходно постигнат национален консензус.Тивкото мнозинство одлучи. Бојкотот е гласот на оние кои се потценети и не се слушнати. Пораката од народот е испратена до оние кои мора да ја слушнат. Реалноста е дека референдумот не успеа. Не се обидувајте да ја измените оваа реалност. Не ја потценувајте суверената волја на македонскиот народ. Не може да се зборува за волја на мнозинството во услови кога не е исполнет законскиот цензус за референдум. 36,9% излезност не е волја на народот, туку 63,1% кои не излегоа. Колку и да извртувате, не можете да ја промените реалноста. А реалноста е дека референдумот е неуспешен. Време е за одговорност пред македонскиот народ. Поддршката за ЕУ и НАТО е колатерална штета на непопуларниот референдум. Поддршката за ЕУ и НАТО од над 80% ја сведовте на само 36,9%. Ги манипулирате и нашите граѓани, а на нашите европски и евроатлантски партнери им пласирате лажни претстави и перцепции. Држава не се води со слободно и неовластено толкување на Уставот и законите на Република Македонија. Истовремено, очекувам набљудувачката мисија на ОБСЕ/ОДИХР сериозно да ги земе предвид приговорите околу нерегуларностите на одредени избирачки места. А на оние кои се мешаат во внатрешните работи на Република Македонија и непринципиелно заземаат страна им порачувам да ги почитуваат меѓународните конвенции за дипломатски односи. Не може оние кои имаат демократски дефицит да наметнуваат решенија спротивни на суверената волја на македонскиот народ. Почитувани сограѓани, Пред само неколку дена, од говорницата на Обединетите нации, Претседателот на Соединетите Американски Држави Доналд Трамп изјави дека слободата, мирот и демократијата се можни само во суверени и независни држави. Вчера, македонскиот народ ја покажа својата суверена волја. Како и францускиот претседател Макрон, така и јас верувам во силниот идентитет на секој народ, верувам во историјата и амбицијата на нашиот македонски народ. Референдумот не е анкета. Одлуката на граѓаните обврзува. На референдумот вие граѓаните непосредно ја остварувате вашата суверена власт. Собранието таа одлука мора да ја почитува. Затоа, им честитам на Македонскиот народ, на Албанците, Турците, Србите, Ромите, Бошњаците и Власите за нивната одлука. Почитувани, Дозволете да се обратам и на сите граѓани на Република Македонија кои вчера излегоа и го дадоа својот глас на референдумот. Само цврсто сплотени околу нашите државни интереси, почитувајќи го уставниот и правниот поредок може да го изодиме патот до европското и евроатлатското семејство. Немаме дилеми дека местото на Република Македонија е во ЕУ и НАТО. Но, таму треба да влеземе со нашето човечко достоинство, без уцени, притисоци и двојни стандарди. Само така ќе можеме да се справиме со двата големи предизвика: Првиот предизвик се сериозни и темелни реформи во сите сегменти, бидејќи без вистински судски реформи, без правда и владеење на правото, без борба против корупцијата, без борба против партискиот елитизам и клиентелизам, нема членство во Унијата и НАТО. Вториот предизвик е одново да го изградиме нашиот национален консензус за да можеме со еден глас и сплотени да настапуваме во бранењето на нашите државни интереси и остварувањето на нашите стратешки цели. На крајот, како Претседател на Република Македонија, сакам да ве потсетам дека речиси во сите одлучувачки моменти од историјата на Македонија, народот носел мудра одлука. Наше е да ја почитуваме таа одлука. Ова треба да биде поука за сите политички партии да внимаваат што и кому ветуваат. А како граѓанин, пак, очекувам од владејачкото мнозинство да понесе одговорност за неуспешниот референдум. Сите во животот се соочуваме со порази. Некој повеќе, некој помалку. Големината на човекот е да го препознае и признае поразот. Вчера, Република Македонија остана непоразена. Да живее Република Македонија.","Обраќање на Иванов: Референдумот е неуспешен, време е за одговорност пред Македонскиот народ — Почитувани граѓани на Република Македонија, На вчерашниот референдум народот го отфрли Преспанскиот договор. Со негласање, народот јасно се изјасни против избрзани, наметнати и штетни решенија донесени без претходно постигнат национален консензус.Тивкото мнозинство одлучи. Бојкотот е гласот на оние кои се потценети и не се слушнати. Пораката од народот е испратена до оние кои мора да ја слушнат. Реалноста е дека референдумот не успеа. Не се обидувајте да ја измените оваа реалност. Не ја потценувајте суверената волја на македонскиот народ. Не може да се зборува за волја на мнозинството во услови кога не е исполнет законскиот цензус за референдум. 36,9% излезност не е волја на народот, туку 63,1% кои не излегоа. Колку и да извртувате, не можете да ја промените реалноста. А реалноста е дека референдумот е неуспешен. Време е за одговорност пред македонскиот народ. Поддршката за ЕУ и НАТО е колатерална штета на непопуларниот референдум. Поддршката за ЕУ и НАТО од над 80% ја сведовте на само 36,9%. Ги манипулирате и нашите граѓани, а на нашите европски и евроатлантски партнери им пласирате лажни претстави и перцепции. Држава не се води со слободно и неовластено толкување на Уставот и законите на Република Македонија. Истовремено, очекувам набљудувачката мисија на ОБСЕ/ОДИХР сериозно да ги земе предвид приговорите околу нерегуларностите на одредени избирачки места. А на оние кои се мешаат во внатрешните работи на Република Македонија и непринципиелно заземаат страна им порачувам да ги почитуваат меѓународните конвенции за дипломатски односи. Не може оние кои имаат демократски дефицит да наметнуваат решенија спротивни на суверената волја на македонскиот народ. Почитувани сограѓани, Пред само неколку дена, од говорницата на Обединетите нации, Претседателот на Соединетите Американски Држави Доналд Трамп изјави дека слободата, мирот и демократијата се можни само во суверени и независни држави. Вчера, македонскиот народ ја покажа својата суверена волја. Како и францускиот претседател Макрон, така и јас верувам во силниот идентитет на секој народ, верувам во историјата и амбицијата на нашиот македонски народ. Референдумот не е анкета. Одлуката на граѓаните обврзува. На референдумот вие граѓаните непосредно ја остварувате вашата суверена власт. Собранието таа одлука мора да ја почитува. Затоа, им честитам на Македонскиот народ, на Албанците, Турците, Србите, Ромите, Бошњаците и Власите за нивната одлука. Почитувани, Дозволете да се обратам и на сите граѓани на Република Македонија кои вчера излегоа и го дадоа својот глас на референдумот. Само цврсто сплотени околу нашите државни интереси, почитувајќи го уставниот и правниот поредок може да го изодиме патот до европското и евроатлатското семејство. Немаме дилеми дека местото на Република Македонија е во ЕУ и НАТО. Но, таму треба да влеземе со нашето човечко достоинство, без уцени, притисоци и двојни стандарди. Само така ќе можеме да се справиме со двата големи предизвика: Првиот предизвик се сериозни и темелни реформи во сите сегменти, бидејќи без вистински судски реформи, без правда и владеење на правото, без борба против корупцијата, без борба против партискиот елитизам и клиентелизам, нема членство во Унијата и НАТО. Вториот предизвик е одново да го изградиме нашиот национален консензус за да можеме со еден глас и сплотени да настапуваме во бранењето на нашите државни интереси и остварувањето на нашите стратешки цели. На крајот, како Претседател на Република Македонија, сакам да ве потсетам дека речиси во сите одлучувачки моменти од историјата на Македонија, народот носел мудра одлука. Наше е да ја почитуваме таа одлука. Ова треба да биде поука за сите политички партии да внимаваат што и кому ветуваат. А како граѓанин, пак, очекувам од владејачкото мнозинство да понесе одговорност за неуспешниот референдум. Сите во животот се соочуваме со порази. Некој повеќе, некој помалку. Големината на човекот е да го препознае и признае поразот. Вчера, Република Македонија остана непоразена. Да живее Република Македонија.","Ivanov's address: The referendum was unsuccessful, it is time for responsibility before the Macedonian people",,"Ivanov's address: The referendum was unsuccessful, it is time for responsibility before the Macedonian people","Обраќање на Иванов: Референдумот е неуспешен, време е за одговорност пред Македонскиот народ — Почитувани граѓани на Република Македонија, На вчерашниот референдум народот го отфрли Преспанскиот договор. Со негласање, народот јасно се изјасни против избрзани, наметнати и штетни решенија донесени без претходно постигнат национален консензус.Тивкото мнозинство одлучи. Бојкотот е гласот на оние кои се потценети и не се слушнати. Пораката од народот е испратена до оние кои мора да ја слушнат. Реалноста е дека референдумот не успеа. Не се обидувајте да ја измените оваа реалност. Не ја потценувајте суверената волја на македонскиот народ. Не може да се зборува за волја на мнозинството во услови кога не е исполнет законскиот цензус за референдум. 36,9% излезност не е волја на народот, туку 63,1% кои не излегоа. Колку и да извртувате, не можете да ја промените реалноста. А реалноста е дека референдумот е неуспешен. Време е за одговорност пред македонскиот народ. Поддршката за ЕУ и НАТО е колатерална штета на непопуларниот референдум. Поддршката за ЕУ и НАТО од над 80% ја сведовте на само 36,9%. Ги манипулирате и нашите граѓани, а на нашите европски и евроатлантски партнери им пласирате лажни претстави и перцепции. Држава не се води со слободно и неовластено толкување на Уставот и законите на Република Македонија. Истовремено, очекувам набљудувачката мисија на ОБСЕ/ОДИХР сериозно да ги земе предвид приговорите околу нерегуларностите на одредени избирачки места. А на оние кои се мешаат во внатрешните работи на Република Македонија и непринципиелно заземаат страна им порачувам да ги почитуваат меѓународните конвенции за дипломатски односи. Не може оние кои имаат демократски дефицит да наметнуваат решенија спротивни на суверената волја на македонскиот народ. Почитувани сограѓани, Пред само неколку дена, од говорницата на Обединетите нации, Претседателот на Соединетите Американски Држави Доналд Трамп изјави дека слободата, мирот и демократијата се можни само во суверени и независни држави. Вчера, македонскиот народ ја покажа својата суверена волја. Како и францускиот претседател Макрон, така и јас верувам во силниот идентитет на секој народ, верувам во историјата и амбицијата на нашиот македонски народ. Референдумот не е анкета. Одлуката на граѓаните обврзува. На референдумот вие граѓаните непосредно ја остварувате вашата суверена власт. Собранието таа одлука мора да ја почитува. Затоа, им честитам на Македонскиот народ, на Албанците, Турците, Србите, Ромите, Бошњаците и Власите за нивната одлука. Почитувани, Дозволете да се обратам и на сите граѓани на Република Македонија кои вчера излегоа и го дадоа својот глас на референдумот. Само цврсто сплотени околу нашите државни интереси, почитувајќи го уставниот и правниот поредок може да го изодиме патот до европското и евроатлатското семејство. Немаме дилеми дека местото на Република Македонија е во ЕУ и НАТО. Но, таму треба да влеземе со нашето човечко достоинство, без уцени, притисоци и двојни стандарди. Само така ќе можеме да се справиме со двата големи предизвика: Првиот предизвик се сериозни и темелни реформи во сите сегменти, бидејќи без вистински судски реформи, без правда и владеење на правото, без борба против корупцијата, без борба против партискиот елитизам и клиентелизам, нема членство во Унијата и НАТО. Вториот предизвик е одново да го изградиме нашиот национален консензус за да можеме со еден глас и сплотени да настапуваме во бранењето на нашите државни интереси и остварувањето на нашите стратешки цели. На крајот, како Претседател на Република Македонија, сакам да ве потсетам дека речиси во сите одлучувачки моменти од историјата на Македонија, народот носел мудра одлука. Наше е да ја почитуваме таа одлука. Ова треба да биде поука за сите политички партии да внимаваат што и кому ветуваат. А како граѓанин, пак, очекувам од владејачкото мнозинство да понесе одговорност за неуспешниот референдум. Сите во животот се соочуваме со порази. Некој повеќе, некој помалку. Големината на човекот е да го препознае и признае поразот. Вчера, Република Македонија остана непоразена. Да живее Република Македонија.",15,ok
Vml7Q5mX3v8,Мециновиќ: Македонија не смее да биде земја каде што животот се купува и продава,"„Во ова прво обраќање на политичката партија Левица во најтраорните денови во поновата македонска историја, кога ја преживуваме најголемата колективна болка како нација - уште еднаш изразуваме сочувство до семејствата на загинатите и брзо закрепнување на повредените. Во отсуството на зборови кои можат да ја утешат болката, и да ја пополнат празнината од оваа страшна трагедија - оваа држава и овој народ, сите ние, мораме да стоиме сплотено и со понизност кон болката која не обзема - да го побараме тоа што мора да следи - а тоа е одговорноста“, истакна Амар Мециновиќ, пратеник од Левица и потпарол на партијата на прес конференција во македонското Собрание.

Во обраќањето кон јавноста посочи дека судбината која ги обединува сите трагедии од изминатите години, како модуларната болница, онкологија и тн со оваа кобна вечер - е судбина запечатена со корупција. Истакна дека не смее да се бега од вистината дека ова не е инцидент туку е системска пресуда на држава во која корупцијата стана поважна од човечкиот живот. 

„Затоа, ова е моментот кога државата мора да покаже дека постои. Институциите мора да делуваат брзо, ефикасно и без компромис. Ова не е време за калкулации, ниту за политички маневри, туку за дејствија на сите нивоа на власта - за да се создаде безбедноста и осигура одговорноста. Бараме од Владата, од Министерството за внатрешни работи, од обвинителството и од сите надлежни органи да спроведат сеопфатна, транспарентна и бескомпромисна истрага, бидејќи јавноста овој пат не останува нема за селективна правда. Не прифаќаме изговори. Секој што дозволил ова да се случи без разлика на функцијата, позицијата или влијанието мора да одговара“ рече Мециновиќ и праша дали државата ќе се направи сè што е потребно или повторно ќе гледаме заташкување.

„Нејасно е како воопшто работела дискотеката со блокирана сметка, како плаќала набавки и трошоци, дали со готовина (што е незаконски) или преку трета фирма. Во декември 2023 година, УЈП утврдила дека не се издаваат фискални сметки, по што дискотеката била затворена, а сопственикот казнет“, истакна Мециновиќ.

„Во 2012 година, сопственикот се обидел да го пренамени објектот од лесна индустрија во угостителски објект, но Пазарниот инспекторат и општинските власти тогаш биле изманипулирани дека дозволата е за „лесна индустрија“ со јавен паркинг. Тогашниот градоначалник Димитриевски не презел ништо откако дискотеката почнала да работи“, истакна Мециновиќ.

Од страна на безбедносни пропусти и злоупотреби истакна дека вечерта кога се случи трагедијата имало 650 луѓе во дискотеката, иако капацитетот бил само 300, продадени биле 250 карти, а имало најмалку 31. Фирмата „Рубикон“, која требало да обезбедува безбедност, немала потпишан договор со дискотеката.
Одговорност лоцираше и кај институциите и полицијата и тоа дека полицијата имала претходни пријави за кривични дела и нарушување на јавен ред и мир во дискотеката, но службениците од Кочани и Штип дале позитивно мислење за работата на локалот при што посочи и дека постои сомнеж дека полицијата примала мито за да не постапува.

„Разрешените началници се вратени на претходните работни места, што укажува на круг на неказнивост - за што бараме од министерот за внатрешни работи Панче Тошковски да си поднесе оставка во рок од седум дена, во спротивно ние ќе поднесеме интерпелација во Собранието“ рече Мециновиќ.

Според Левица само дел од наведените причини откриваа дека ова не е само трагедија предизвикана од пожар туку е целосен крах на системот. Оваа дискотека не само што работела незаконски, туку тоа го правела со години, пред очите на сите институции што требало да ја спречат. Корупцијата, небрежноста и институционалната неказнивост се директни виновници за смртта на толку голем број невини луѓе. 

„Во наредните денови ќе предложиме четири клучни законски решенија: Измени во Кривичниот законик  за одредбите кои беа сменети минатата година а се однесуваат на кривичната одговорност поврзана со злоупотребата на службената положба, укинување на приватното обезбедување во објекти од висок ризик, државни објекти и поголеми собири и измени во Законот за инспекциски надзор, како и во Законот за градење, како и по барање на медиумски работници да се создаде законска материја која ќе ги обврзува медиумите да имаат фонд на материјал за емитување во денови на жалост по примерот на јавниот сервис. 
Ова мора да биде последната ваква трагедија. Македонија не смее да биде земја каде што животот се купува и продава. Каде што корупцијата диктира кој ќе живее, а кој ќе гине. Каде што институциите служат како параван за неказнивост, а граѓаните се оставени сами на себе. Дојден е моментот на одлука. Или ќе изградиме систем што ќе ги штити луѓето, или ќе оставиме анархијата да владее. Или ќе расчистиме со корупцијата, или ќе ѝ дозволиме да убива. Нема повеќе сиви зони, нема повеќе изговори. Ова не е прашање на политички разлики, туку на државна чест. Ова е тест за Македонија, истакна Мециновиќ.",Левица Политичка Партија,2025-03-24 11:34:52+00:00,2025,781,47,6,50,колективна жалост,колективна жалост,mk,https://www.youtube.com/watch?v=Vml7Q5mX3v8,Мециновиќ: Македонија не смее да биде земја каде што животот се купува и продава,"„Во ова прво обраќање на политичката партија Левица во најтраорните денови во поновата македонска историја, кога ја преживуваме најголемата колективна болка како нација - уште еднаш изразуваме сочувство до семејствата на загинатите и брзо закрепнување на повредените. Во отсуството на зборови кои можат да ја утешат болката, и да ја пополнат празнината од оваа страшна трагедија - оваа држава и овој народ, сите ние, мораме да стоиме сплотено и со понизност кон болката која не обзема - да го побараме тоа што мора да следи - а тоа е одговорноста“, истакна Амар Мециновиќ, пратеник од Левица и потпарол на партијата на прес конференција во македонското Собрание. Во обраќањето кон јавноста посочи дека судбината која ги обединува сите трагедии од изминатите години, како модуларната болница, онкологија и тн со оваа кобна вечер - е судбина запечатена со корупција. Истакна дека не смее да се бега од вистината дека ова не е инцидент туку е системска пресуда на држава во која корупцијата стана поважна од човечкиот живот. „Затоа, ова е моментот кога државата мора да покаже дека постои. Институциите мора да делуваат брзо, ефикасно и без компромис. Ова не е време за калкулации, ниту за политички маневри, туку за дејствија на сите нивоа на власта - за да се создаде безбедноста и осигура одговорноста. Бараме од Владата, од Министерството за внатрешни работи, од обвинителството и од сите надлежни органи да спроведат сеопфатна, транспарентна и бескомпромисна истрага, бидејќи јавноста овој пат не останува нема за селективна правда. Не прифаќаме изговори. Секој што дозволил ова да се случи без разлика на функцијата, позицијата или влијанието мора да одговара“ рече Мециновиќ и праша дали државата ќе се направи сè што е потребно или повторно ќе гледаме заташкување. „Нејасно е како воопшто работела дискотеката со блокирана сметка, како плаќала набавки и трошоци, дали со готовина (што е незаконски) или преку трета фирма. Во декември 2023 година, УЈП утврдила дека не се издаваат фискални сметки, по што дискотеката била затворена, а сопственикот казнет“, истакна Мециновиќ. „Во 2012 година, сопственикот се обидел да го пренамени објектот од лесна индустрија во угостителски објект, но Пазарниот инспекторат и општинските власти тогаш биле изманипулирани дека дозволата е за „лесна индустрија“ со јавен паркинг. Тогашниот градоначалник Димитриевски не презел ништо откако дискотеката почнала да работи“, истакна Мециновиќ. Од страна на безбедносни пропусти и злоупотреби истакна дека вечерта кога се случи трагедијата имало 650 луѓе во дискотеката, иако капацитетот бил само 300, продадени биле 250 карти, а имало најмалку 31. Фирмата „Рубикон“, која требало да обезбедува безбедност, немала потпишан договор со дискотеката. Одговорност лоцираше и кај институциите и полицијата и тоа дека полицијата имала претходни пријави за кривични дела и нарушување на јавен ред и мир во дискотеката, но службениците од Кочани и Штип дале позитивно мислење за работата на локалот при што посочи и дека постои сомнеж дека полицијата примала мито за да не постапува. „Разрешените началници се вратени на претходните работни места, што укажува на круг на неказнивост - за што бараме од министерот за внатрешни работи Панче Тошковски да си поднесе оставка во рок од седум дена, во спротивно ние ќе поднесеме интерпелација во Собранието“ рече Мециновиќ. Според Левица само дел од наведените причини откриваа дека ова не е само трагедија предизвикана од пожар туку е целосен крах на системот. Оваа дискотека не само што работела незаконски, туку тоа го правела со години, пред очите на сите институции што требало да ја спречат. Корупцијата, небрежноста и институционалната неказнивост се директни виновници за смртта на толку голем број невини луѓе. „Во наредните денови ќе предложиме четири клучни законски решенија: Измени во Кривичниот законик за одредбите кои беа сменети минатата година а се однесуваат на кривичната одговорност поврзана со злоупотребата на службената положба, укинување на приватното обезбедување во објекти од висок ризик, државни објекти и поголеми собири и измени во Законот за инспекциски надзор, како и во Законот за градење, како и по барање на медиумски работници да се создаде законска материја која ќе ги обврзува медиумите да имаат фонд на материјал за емитување во денови на жалост по примерот на јавниот сервис. Ова мора да биде последната ваква трагедија. Македонија не смее да биде земја каде што животот се купува и продава. Каде што корупцијата диктира кој ќе живее, а кој ќе гине. Каде што институциите служат како параван за неказнивост, а граѓаните се оставени сами на себе. Дојден е моментот на одлука. Или ќе изградиме систем што ќе ги штити луѓето, или ќе оставиме анархијата да владее. Или ќе расчистиме со корупцијата, или ќе ѝ дозволиме да убива. Нема повеќе сиви зони, нема повеќе изговори. Ова не е прашање на политички разлики, туку на државна чест. Ова е тест за Македонија, истакна Мециновиќ.","Мециновиќ: Македонија не смее да биде земја каде што животот се купува и продава — „Во ова прво обраќање на политичката партија Левица во најтраорните денови во поновата македонска историја, кога ја преживуваме најголемата колективна болка како нација - уште еднаш изразуваме сочувство до семејствата на загинатите и брзо закрепнување на повредените. Во отсуството на зборови кои можат да ја утешат болката, и да ја пополнат празнината од оваа страшна трагедија - оваа држава и овој народ, сите ние, мораме да стоиме сплотено и со понизност кон болката која не обзема - да го побараме тоа што мора да следи - а тоа е одговорноста“, истакна Амар Мециновиќ, пратеник од Левица и потпарол на партијата на прес конференција во македонското Собрание. Во обраќањето кон јавноста посочи дека судбината која ги обединува сите трагедии од изминатите години, како модуларната болница, онкологија и тн со оваа кобна вечер - е судбина запечатена со корупција. Истакна дека не смее да се бега од вистината дека ова не е инцидент туку е системска пресуда на држава во која корупцијата стана поважна од човечкиот живот. „Затоа, ова е моментот кога државата мора да покаже дека постои. Институциите мора да делуваат брзо, ефикасно и без компромис. Ова не е време за калкулации, ниту за политички маневри, туку за дејствија на сите нивоа на власта - за да се создаде безбедноста и осигура одговорноста. Бараме од Владата, од Министерството за внатрешни работи, од обвинителството и од сите надлежни органи да спроведат сеопфатна, транспарентна и бескомпромисна истрага, бидејќи јавноста овој пат не останува нема за селективна правда. Не прифаќаме изговори. Секој што дозволил ова да се случи без разлика на функцијата, позицијата или влијанието мора да одговара“ рече Мециновиќ и праша дали државата ќе се направи сè што е потребно или повторно ќе гледаме заташкување. „Нејасно е како воопшто работела дискотеката со блокирана сметка, како плаќала набавки и трошоци, дали со готовина (што е незаконски) или преку трета фирма. Во декември 2023 година, УЈП утврдила дека не се издаваат фискални сметки, по што дискотеката била затворена, а сопственикот казнет“, истакна Мециновиќ. „Во 2012 година, сопственикот се обидел да го пренамени објектот од лесна индустрија во угостителски објект, но Пазарниот инспекторат и општинските власти тогаш биле изманипулирани дека дозволата е за „лесна индустрија“ со јавен паркинг. Тогашниот градоначалник Димитриевски не презел ништо откако дискотеката почнала да работи“, истакна Мециновиќ. Од страна на безбедносни пропусти и злоупотреби истакна дека вечерта кога се случи трагедијата имало 650 луѓе во дискотеката, иако капацитетот бил само 300, продадени биле 250 карти, а имало најмалку 31. Фирмата „Рубикон“, која требало да обезбедува безбедност, немала потпишан договор со дискотеката. Одговорност лоцираше и кај институциите и полицијата и тоа дека полицијата имала претходни пријави за кривични дела и нарушување на јавен ред и мир во дискотеката, но службениците од Кочани и Штип дале позитивно мислење за работата на локалот при што посочи и дека постои сомнеж дека полицијата примала мито за да не постапува. „Разрешените началници се вратени на претходните работни места, што укажува на круг на неказнивост - за што бараме од министерот за внатрешни работи Панче Тошковски да си поднесе оставка во рок од седум дена, во спротивно ние ќе поднесеме интерпелација во Собранието“ рече Мециновиќ. Според Левица само дел од наведените причини откриваа дека ова не е само трагедија предизвикана од пожар туку е целосен крах на системот. Оваа дискотека не само што работела незаконски, туку тоа го правела со години, пред очите на сите институции што требало да ја спречат. Корупцијата, небрежноста и институционалната неказнивост се директни виновници за смртта на толку голем број невини луѓе. „Во наредните денови ќе предложиме четири клучни законски решенија: Измени во Кривичниот законик за одредбите кои беа сменети минатата година а се однесуваат на кривичната одговорност поврзана со злоупотребата на службената положба, укинување на приватното обезбедување во објекти од висок ризик, државни објекти и поголеми собири и измени во Законот за инспекциски надзор, како и во Законот за градење, како и по барање на медиумски работници да се создаде законска материја која ќе ги обврзува медиумите да имаат фонд на материјал за емитување во денови на жалост по примерот на јавниот сервис. Ова мора да биде последната ваква трагедија. Македонија не смее да биде земја каде што животот се купува и продава. Каде што корупцијата диктира кој ќе живее, а кој ќе гине. Каде што институциите служат како параван за неказнивост, а граѓаните се оставени сами на себе. Дојден е моментот на одлука. Или ќе изградиме систем што ќе ги штити луѓето, или ќе оставиме анархијата да владее. Или ќе расчистиме со корупцијата, или ќе ѝ дозволиме да убива. Нема повеќе сиви зони, нема повеќе изговори. Ова не е прашање на политички разлики, туку на државна чест. Ова е тест за Македонија, истакна Мециновиќ.",Mecinovic: Macedonia must not be a country where life is bought and sold,,Mecinovic: Macedonia must not be a country where life is bought and sold,"Мециновиќ: Македонија не смее да биде земја каде што животот се купува и продава — „Во ова прво обраќање на политичката партија Левица во најтраорните денови во поновата македонска историја, кога ја преживуваме најголемата колективна болка како нација - уште еднаш изразуваме сочувство до семејствата на загинатите и брзо закрепнување на повредените. Во отсуството на зборови кои можат да ја утешат болката, и да ја пополнат празнината од оваа страшна трагедија - оваа држава и овој народ, сите ние, мораме да стоиме сплотено и со понизност кон болката која не обзема - да го побараме тоа што мора да следи - а тоа е одговорноста“, истакна Амар Мециновиќ, пратеник од Левица и потпарол на партијата на прес конференција во македонското Собрание. Во обраќањето кон јавноста посочи дека судбината која ги обединува сите трагедии од изминатите години, како модуларната болница, онкологија и тн со оваа кобна вечер - е судбина запечатена со корупција. Истакна дека не смее да се бега од вистината дека ова не е инцидент туку е системска пресуда на држава во која корупцијата стана поважна од човечкиот живот. „Затоа, ова е моментот кога државата мора да покаже дека постои. Институциите мора да делуваат брзо, ефикасно и без компромис. Ова не е време за калкулации, ниту за политички маневри, туку за дејствија на сите нивоа на власта - за да се создаде безбедноста и осигура одговорноста. Бараме од Владата, од Министерството за внатрешни работи, од обвинителството и од сите надлежни органи да спроведат сеопфатна, транспарентна и бескомпромисна истрага, бидејќи јавноста овој пат не останува нема за селективна правда. Не прифаќаме изговори. Секој што дозволил ова да се случи без разлика на функцијата, позицијата или влијанието мора да одговара“ рече Мециновиќ и праша дали државата ќе се направи сè што е потребно или повторно ќе гледаме заташкување. „Нејасно е како воопшто работела дискотеката со блокирана сметка, како плаќала набавки и трошоци, дали со готовина (што е незаконски) или преку трета фирма. Во декември 2023 година, УЈП утврдила дека не се издаваат фискални сметки, по што дискотеката била затворена, а сопственикот казнет“, истакна Мециновиќ. „Во 2012 година, сопственикот се обидел да го пренамени објектот од лесна индустрија во угостителски објект, но Пазарниот инспекторат и општинските власти тогаш биле изманипулирани дека дозволата е за „лесна индустрија“ со јавен паркинг. Тогашниот градоначалник Димитриевски не презел ништо откако дискотеката почнала да работи“, истакна Мециновиќ. Од страна на безбедносни пропусти и злоупотреби истакна дека вечерта кога се случи трагедијата имало 650 луѓе во дискотеката, иако капацитетот бил само 300, продадени биле 250 карти, а имало најмалку 31. Фирмата „Рубикон“, која требало да обезбедува безбедност, немала потпишан договор со дискотеката. Одговорност лоцираше и кај институциите и полицијата и тоа дека полицијата имала претходни пријави за кривични дела и нарушување на јавен ред и мир во дискотеката, но службениците од Кочани и Штип дале позитивно мислење за работата на локалот при што посочи и дека постои сомнеж дека полицијата примала мито за да не постапува. „Разрешените началници се вратени на претходните работни места, што укажува на круг на неказнивост - за што бараме од министерот за внатрешни работи Панче Тошковски да си поднесе оставка во рок од седум дена, во спротивно ние ќе поднесеме интерпелација во Собранието“ рече Мециновиќ. Според Левица само дел од наведените причини откриваа дека ова не е само трагедија предизвикана од пожар туку е целосен крах на системот. Оваа дискотека не само што работела незаконски, туку тоа го правела со години, пред очите на сите институции што требало да ја спречат. Корупцијата, небрежноста и институционалната неказнивост се директни виновници за смртта на толку голем број невини луѓе. „Во наредните денови ќе предложиме четири клучни законски решенија: Измени во Кривичниот законик за одредбите кои беа сменети минатата година а се однесуваат на кривичната одговорност поврзана со злоупотребата на службената положба, укинување на приватното обезбедување во објекти од висок ризик, државни објекти и поголеми собири и измени во Законот за инспекциски надзор, како и во Законот за градење, како и по барање на медиумски работници да се создаде законска материја која ќе ги обврзува медиумите да имаат фонд на материјал за емитување во денови на жалост по примерот на јавниот сервис. Ова мора да биде последната ваква трагедија. Македонија не смее да биде земја каде што животот се купува и продава. Каде што корупцијата диктира кој ќе живее, а кој ќе гине. Каде што институциите служат како параван за неказнивост, а граѓаните се оставени сами на себе. Дојден е моментот на одлука. Или ќе изградиме систем што ќе ги штити луѓето, или ќе оставиме анархијата да владее. Или ќе расчистиме со корупцијата, или ќе ѝ дозволиме да убива. Нема повеќе сиви зони, нема повеќе изговори. Ова не е прашање на политички разлики, туку на државна чест. Ова е тест за Македонија, истакна Мециновиќ.",1,ok
A4cEAI_Yn40,"Заев: Постигнавме договор - Република Северна Македонија, со македонски јазик и македонски идентитет","Follow Kanal5 on...
• FB: https://smarturl.it/fb5
• IG: https://smarturl.it/Ig5
• Web: https://kanal5.com.mk/

© & ℗ Kanal5 & IN Media. All Rights Reserved



Република Северна Македонија за севкупна употреба, што ќе се прецизира со амандман во Уставот е договорот што го постигнаа Македонија и Грицја во процесот на преговорите за решавање на спорот за името.",Канал 5 Телевизија,2018-06-12 17:33:20+00:00,2018,7525,65,69,47,македонски идентитет,македонски идентитет,mk,https://www.youtube.com/watch?v=A4cEAI_Yn40,"Заев: Постигнавме договор - Република Северна Македонија, со македонски јазик и македонски идентитет","Follow Kanal5 on... Република Северна Македонија за севкупна употреба, што ќе се прецизира со амандман во Уставот е договорот што го постигнаа Македонија и Грицја во процесот на преговорите за решавање на спорот за името.","Заев: Постигнавме договор - Република Северна Македонија, со македонски јазик и македонски идентитет — Follow Kanal5 on... Република Северна Македонија за севкупна употреба, што ќе се прецизира со амандман во Уставот е договорот што го постигнаа Македонија и Грицја во процесот на преговорите за решавање на спорот за името.","Zaev: We reached an agreement - the Republic of North Macedonia, with Macedonian language and Macedonian identity","Follow Kanal5 on... The Republic of North Macedonia for overall use, which will be specified by an amendment to the Constitution, is the agreement reached by Macedonia and Greece in the process of negotiations to resolve the name dispute.","Zaev: We reached an agreement - the Republic of North Macedonia, with Macedonian language and Macedonian identity — Follow Kanal5 on... The Republic of North Macedonia for overall use, which will be specified by an amendment to the Constitution, is the agreement reached by Macedonia and Greece in the process of negotiations to resolve the name dispute.","Заев: Постигнавме договор - Република Северна Македонија, со македонски јазик и македонски идентитет — Follow Kanal5 on... Република Северна Македонија за севкупна употреба, што ќе се прецизира со амандман во Уставот е договорот што го постигнаа Македонија и Грицја во процесот на преговорите за решавање на спорот за името.",17,ok
x39IrNgERWY,Македонија се истрча – без датум половина Преспански Договор не треба да важи,"„Северни“ институции, свидетелства, дипломи, изводи и други документи. Наскоро и „северни“ денари и „северни“ униформи за кои тендерите се веќе распишани. Македонија се истрча и спроведе речиси се и тоа пред време иако Преспанскиот Договор предвидува преоден период за внатрешна употреба на новото уставно име.",AlfaTV News,2019-10-17 13:37:05+00:00,2019,4198,7,6,45,Преспански договор; преспански договор,преспански договор,mk,https://www.youtube.com/watch?v=x39IrNgERWY,Македонија се истрча – без датум половина Преспански Договор не треба да важи,"„Северни“ институции, свидетелства, дипломи, изводи и други документи. Наскоро и „северни“ денари и „северни“ униформи за кои тендерите се веќе распишани. Македонија се истрча и спроведе речиси се и тоа пред време иако Преспанскиот Договор предвидува преоден период за внатрешна употреба на новото уставно име.","Македонија се истрча – без датум половина Преспански Договор не треба да важи — „Северни“ институции, свидетелства, дипломи, изводи и други документи. Наскоро и „северни“ денари и „северни“ униформи за кои тендерите се веќе распишани. Македонија се истрча и спроведе речиси се и тоа пред време иако Преспанскиот Договор предвидува преоден период за внатрешна употреба на новото уставно име.","Macedonia ran away - without a date, half of the Prespa Agreement should not be valid","""Northern"" institutions, certificates, diplomas, transcripts and other documents. Soon ""northern"" denars and ""northern"" uniforms for which tenders have already been announced. Macedonia ran and implemented almost everything and that ahead of time, even though the Prespa Agreement provides for a transitional period for the internal use of the new constitutional name.","Macedonia ran away - without a date, half of the Prespa Agreement should not be valid — ""Northern"" institutions, certificates, diplomas, transcripts and other documents. Soon ""northern"" denars and ""northern"" uniforms for which tenders have already been announced. Macedonia ran and implemented almost everything and that ahead of time, even though the Prespa Agreement provides for a transitional period for the internal use of the new constitutional name.","Македонија се истрча – без датум половина Преспански Договор не треба да важи — „Северни“ институции, свидетелства, дипломи, изводи и други документи. Наскоро и „северни“ денари и „северни“ униформи за кои тендерите се веќе распишани. Македонија се истрча и спроведе речиси се и тоа пред време иако Преспанскиот Договор предвидува преоден период за внатрешна употреба на новото уставно име.",2,ok
XID0dhJAmeE,Михаил Михајлов запали „бугарското знаме“ за поддршка на Македонија,"Скандалозниот новинар Михаил Михајлов испрати петиција до Европскиот парламент. Во неа тој побара воведување санкции и притисок врз Бугарија, бидејќи државата не го почитува европското законодавство, како и правата на луѓето и етничките малцинства. Во конкретниот случај, Михаил Михаилов се осврна на непочитувањето на правата на македонското малцинство од страна на владата и бугарските судови, како и на апсурдните барања на владата на Бугарија кон северна Македонија, што е еквивалентно на тоа што Германија да бара такви работи од Холандија - Бугарите се разликуваат од Македонците како Германците од Холанѓаните. Покрај тоа, Михаилов побара политички азил од Европската унија, бидејќи во последниве години притисокот и малтретирањето што ги изврши бугарската држава врз него надмина сите граници.

                                                          ПЕТИЦИЈА
                                                 од Михаил Михајлов

                                        Дами и господа европратеници,
     Во Бугарија, правата на северномакедонското малцинство, што е околу половина милион во земјата, продолжуваат грубо да се кршат (Би сакал да истакнам дека јас не сум северен Македонец). Иако Вашата Резолуција за принципите на владеењето на правото и основните права во Бугарија од 08.10.2020 година - B9-0309/2020 (2020/2793 RSP), бугарските власти продолжуваат да го вознемируваат ова малцинство и во чиста вербална смисла дури и го интензивираа по невидените спорови на владејачките власти во Бугарија со раководството на Северна Македонија, во кои спорови бугарските власти бараат од северните Македонци да се откажат од својот идентитет и националниот јазик за да бидат примени на преговори за членство во Европската унија. На пример, како новинар, јавно ја поздравив вашата Резолуција за принципите на владеењето на правото и основните права во Бугарија од 8 октомври 2020 година и јавно се изјаснив како поддршка на македонското малцинство - ова предизвика да ме задржат 72 часа на 10 ноември 2020 година без соодветно обвинение и повторно да бидам задржан од полицијата два часа на 9 декември 2020 година. Уште еднаш изјавувам дека не сум северен Македонец, но се борам во Бугарија да ги почитувам европските вредности и европското законодавство а особено чл. 2 и чл. 6 од Договорот за Европската унија, Повелбата за основните права на Европската унија и Европската конвенција за човекови права.

    Дами и господа Европратеници, ве молиме поостро да интервенирате против постапките на бугарската влада и бугарското судство, бидејќи вашата Резолуција за владеење на правото и основните права во Бугарија од 08.10.2020 - Б9-0309 / 2020 (2020/2793 RSP) беше апсолутно игнорирана од бугарската влада. Нешто повеќе, по оваа Резолуција, бугарската влада ја обвини „лошата“ Европска унија за политички мешање во внатрешните работи на Бугарија. Односно, вашата Резолуција немаше речиси никакво влијание врз бугарската влада и бугарското судство. 

     Затоа:

     1. Ве молам, почесто интервенирајте во „внатрешните работи“ на Бугарија! 
     
     2. Ве молам, започнете да воведувате политички и економски санкции и притисок врз државата и бугарската влада да започнат со спроведување на одредбите на Договорот за Европската унија, Повелбата за основните права на Европската унија и Европската конвенција за човекови права.

     3. Ве молам, започнете да воведувате санкции и притисок врз државата и бугарската влада да не застане на патот на Северна Македонија кон Европската унија, бидејќи северномакедонците се посебен народ со посебен јазик, а тврдењата на Бугарија се фашистички. Тврдењето од страна на бугарската влада за Северна Македонија е исто како, на пример, Германија да и се обраќа на Холандија за национален идентитет и јазик.

     4. Ве молам, добијте политички азил во Европската унија, бидејќи ме малтретираат и ме притвораат во Бугарија единствено поради искажување на мое лично мислење за голем број јавни прашања, главно во врска со недостаток на човекови права во Бугарија, недостаток на правда во Бугарија и систематско кршење на Повелбата за основните права на Европската унија, на Европската конвенција за човекови права и на Европско законодавство во Бугарија!

   p.s.: Ако Европскиот парламент сака, можам да испратам голем број докази за кршење на правата на северномакедонското малцинство во Бугарија и на граѓаните на Бугарија. Барам помош, бидејќи бугарската влада и бугарскиот судски систем веќе неповратно ја оштетија мојата доверба не само во криминалната Република Бугарија, туку и во можноста Европската унија да промени нешто во оваа земја! Лично, се срамам што сум бугарски државјанин!

                                                       Михаил Михајлов:",Съпротива!!!,2020-12-17 08:27:59+00:00,2020,370,12,3,45,национален идентитет,национален идентитет,mk,https://www.youtube.com/watch?v=XID0dhJAmeE,Михаил Михајлов запали „бугарското знаме“ за поддршка на Македонија,"Скандалозниот новинар Михаил Михајлов испрати петиција до Европскиот парламент. Во неа тој побара воведување санкции и притисок врз Бугарија, бидејќи државата не го почитува европското законодавство, како и правата на луѓето и етничките малцинства. Во конкретниот случај, Михаил Михаилов се осврна на непочитувањето на правата на македонското малцинство од страна на владата и бугарските судови, како и на апсурдните барања на владата на Бугарија кон северна Македонија, што е еквивалентно на тоа што Германија да бара такви работи од Холандија - Бугарите се разликуваат од Македонците како Германците од Холанѓаните. Покрај тоа, Михаилов побара политички азил од Европската унија, бидејќи во последниве години притисокот и малтретирањето што ги изврши бугарската држава врз него надмина сите граници. ПЕТИЦИЈА од Михаил Михајлов Дами и господа европратеници, Во Бугарија, правата на северномакедонското малцинство, што е околу половина милион во земјата, продолжуваат грубо да се кршат (Би сакал да истакнам дека јас не сум северен Македонец). Иако Вашата Резолуција за принципите на владеењето на правото и основните права во Бугарија од 08.10.2020 година - B9-0309/2020 (2020/2793 RSP), бугарските власти продолжуваат да го вознемируваат ова малцинство и во чиста вербална смисла дури и го интензивираа по невидените спорови на владејачките власти во Бугарија со раководството на Северна Македонија, во кои спорови бугарските власти бараат од северните Македонци да се откажат од својот идентитет и националниот јазик за да бидат примени на преговори за членство во Европската унија. На пример, како новинар, јавно ја поздравив вашата Резолуција за принципите на владеењето на правото и основните права во Бугарија од 8 октомври 2020 година и јавно се изјаснив како поддршка на македонското малцинство - ова предизвика да ме задржат 72 часа на 10 ноември 2020 година без соодветно обвинение и повторно да бидам задржан од полицијата два часа на 9 декември 2020 година. Уште еднаш изјавувам дека не сум северен Македонец, но се борам во Бугарија да ги почитувам европските вредности и европското законодавство а особено чл. 2 и чл. 6 од Договорот за Европската унија, Повелбата за основните права на Европската унија и Европската конвенција за човекови права. Дами и господа Европратеници, ве молиме поостро да интервенирате против постапките на бугарската влада и бугарското судство, бидејќи вашата Резолуција за владеење на правото и основните права во Бугарија од 08.10.2020 - Б9-0309 / 2020 (2020/2793 RSP) беше апсолутно игнорирана од бугарската влада. Нешто повеќе, по оваа Резолуција, бугарската влада ја обвини „лошата“ Европска унија за политички мешање во внатрешните работи на Бугарија. Односно, вашата Резолуција немаше речиси никакво влијание врз бугарската влада и бугарското судство. Затоа: 1. Ве молам, почесто интервенирајте во „внатрешните работи“ на Бугарија! 2. Ве молам, започнете да воведувате политички и економски санкции и притисок врз државата и бугарската влада да започнат со спроведување на одредбите на Договорот за Европската унија, Повелбата за основните права на Европската унија и Европската конвенција за човекови права. 3. Ве молам, започнете да воведувате санкции и притисок врз државата и бугарската влада да не застане на патот на Северна Македонија кон Европската унија, бидејќи северномакедонците се посебен народ со посебен јазик, а тврдењата на Бугарија се фашистички. Тврдењето од страна на бугарската влада за Северна Македонија е исто како, на пример, Германија да и се обраќа на Холандија за национален идентитет и јазик. 4. Ве молам, добијте политички азил во Европската унија, бидејќи ме малтретираат и ме притвораат во Бугарија единствено поради искажување на мое лично мислење за голем број јавни прашања, главно во врска со недостаток на човекови права во Бугарија, недостаток на правда во Бугарија и систематско кршење на Повелбата за основните права на Европската унија, на Европската конвенција за човекови права и на Европско законодавство во Бугарија! p.s.: Ако Европскиот парламент сака, можам да испратам голем број докази за кршење на правата на северномакедонското малцинство во Бугарија и на граѓаните на Бугарија. Барам помош, бидејќи бугарската влада и бугарскиот судски систем веќе неповратно ја оштетија мојата доверба не само во криминалната Република Бугарија, туку и во можноста Европската унија да промени нешто во оваа земја! Лично, се срамам што сум бугарски државјанин! Михаил Михајлов:","Михаил Михајлов запали „бугарското знаме“ за поддршка на Македонија — Скандалозниот новинар Михаил Михајлов испрати петиција до Европскиот парламент. Во неа тој побара воведување санкции и притисок врз Бугарија, бидејќи државата не го почитува европското законодавство, како и правата на луѓето и етничките малцинства. Во конкретниот случај, Михаил Михаилов се осврна на непочитувањето на правата на македонското малцинство од страна на владата и бугарските судови, како и на апсурдните барања на владата на Бугарија кон северна Македонија, што е еквивалентно на тоа што Германија да бара такви работи од Холандија - Бугарите се разликуваат од Македонците како Германците од Холанѓаните. Покрај тоа, Михаилов побара политички азил од Европската унија, бидејќи во последниве години притисокот и малтретирањето што ги изврши бугарската држава врз него надмина сите граници. ПЕТИЦИЈА од Михаил Михајлов Дами и господа европратеници, Во Бугарија, правата на северномакедонското малцинство, што е околу половина милион во земјата, продолжуваат грубо да се кршат (Би сакал да истакнам дека јас не сум северен Македонец). Иако Вашата Резолуција за принципите на владеењето на правото и основните права во Бугарија од 08.10.2020 година - B9-0309/2020 (2020/2793 RSP), бугарските власти продолжуваат да го вознемируваат ова малцинство и во чиста вербална смисла дури и го интензивираа по невидените спорови на владејачките власти во Бугарија со раководството на Северна Македонија, во кои спорови бугарските власти бараат од северните Македонци да се откажат од својот идентитет и националниот јазик за да бидат примени на преговори за членство во Европската унија. На пример, како новинар, јавно ја поздравив вашата Резолуција за принципите на владеењето на правото и основните права во Бугарија од 8 октомври 2020 година и јавно се изјаснив како поддршка на македонското малцинство - ова предизвика да ме задржат 72 часа на 10 ноември 2020 година без соодветно обвинение и повторно да бидам задржан од полицијата два часа на 9 декември 2020 година. Уште еднаш изјавувам дека не сум северен Македонец, но се борам во Бугарија да ги почитувам европските вредности и европското законодавство а особено чл. 2 и чл. 6 од Договорот за Европската унија, Повелбата за основните права на Европската унија и Европската конвенција за човекови права. Дами и господа Европратеници, ве молиме поостро да интервенирате против постапките на бугарската влада и бугарското судство, бидејќи вашата Резолуција за владеење на правото и основните права во Бугарија од 08.10.2020 - Б9-0309 / 2020 (2020/2793 RSP) беше апсолутно игнорирана од бугарската влада. Нешто повеќе, по оваа Резолуција, бугарската влада ја обвини „лошата“ Европска унија за политички мешање во внатрешните работи на Бугарија. Односно, вашата Резолуција немаше речиси никакво влијание врз бугарската влада и бугарското судство. Затоа: 1. Ве молам, почесто интервенирајте во „внатрешните работи“ на Бугарија! 2. Ве молам, започнете да воведувате политички и економски санкции и притисок врз државата и бугарската влада да започнат со спроведување на одредбите на Договорот за Европската унија, Повелбата за основните права на Европската унија и Европската конвенција за човекови права. 3. Ве молам, започнете да воведувате санкции и притисок врз државата и бугарската влада да не застане на патот на Северна Македонија кон Европската унија, бидејќи северномакедонците се посебен народ со посебен јазик, а тврдењата на Бугарија се фашистички. Тврдењето од страна на бугарската влада за Северна Македонија е исто како, на пример, Германија да и се обраќа на Холандија за национален идентитет и јазик. 4. Ве молам, добијте политички азил во Европската унија, бидејќи ме малтретираат и ме притвораат во Бугарија единствено поради искажување на мое лично мислење за голем број јавни прашања, главно во врска со недостаток на човекови права во Бугарија, недостаток на правда во Бугарија и систематско кршење на Повелбата за основните права на Европската унија, на Европската конвенција за човекови права и на Европско законодавство во Бугарија! p.s.: Ако Европскиот парламент сака, можам да испратам голем број докази за кршење на правата на северномакедонското малцинство во Бугарија и на граѓаните на Бугарија. Барам помош, бидејќи бугарската влада и бугарскиот судски систем веќе неповратно ја оштетија мојата доверба не само во криминалната Република Бугарија, туку и во можноста Европската унија да промени нешто во оваа земја! Лично, се срамам што сум бугарски државјанин! Михаил Михајлов:","Mihail Mihailov burned the ""Bulgarian flag"" in support of Macedonia",,"Mihail Mihailov burned the ""Bulgarian flag"" in support of Macedonia","Михаил Михајлов запали „бугарското знаме“ за поддршка на Македонија — Скандалозниот новинар Михаил Михајлов испрати петиција до Европскиот парламент. Во неа тој побара воведување санкции и притисок врз Бугарија, бидејќи државата не го почитува европското законодавство, како и правата на луѓето и етничките малцинства. Во конкретниот случај, Михаил Михаилов се осврна на непочитувањето на правата на македонското малцинство од страна на владата и бугарските судови, како и на апсурдните барања на владата на Бугарија кон северна Македонија, што е еквивалентно на тоа што Германија да бара такви работи од Холандија - Бугарите се разликуваат од Македонците како Германците од Холанѓаните. Покрај тоа, Михаилов побара политички азил од Европската унија, бидејќи во последниве години притисокот и малтретирањето што ги изврши бугарската држава врз него надмина сите граници. ПЕТИЦИЈА од Михаил Михајлов Дами и господа европратеници, Во Бугарија, правата на северномакедонското малцинство, што е околу половина милион во земјата, продолжуваат грубо да се кршат (Би сакал да истакнам дека јас не сум северен Македонец). Иако Вашата Резолуција за принципите на владеењето на правото и основните права во Бугарија од 08.10.2020 година - B9-0309/2020 (2020/2793 RSP), бугарските власти продолжуваат да го вознемируваат ова малцинство и во чиста вербална смисла дури и го интензивираа по невидените спорови на владејачките власти во Бугарија со раководството на Северна Македонија, во кои спорови бугарските власти бараат од северните Македонци да се откажат од својот идентитет и националниот јазик за да бидат примени на преговори за членство во Европската унија. На пример, како новинар, јавно ја поздравив вашата Резолуција за принципите на владеењето на правото и основните права во Бугарија од 8 октомври 2020 година и јавно се изјаснив како поддршка на македонското малцинство - ова предизвика да ме задржат 72 часа на 10 ноември 2020 година без соодветно обвинение и повторно да бидам задржан од полицијата два часа на 9 декември 2020 година. Уште еднаш изјавувам дека не сум северен Македонец, но се борам во Бугарија да ги почитувам европските вредности и европското законодавство а особено чл. 2 и чл. 6 од Договорот за Европската унија, Повелбата за основните права на Европската унија и Европската конвенција за човекови права. Дами и господа Европратеници, ве молиме поостро да интервенирате против постапките на бугарската влада и бугарското судство, бидејќи вашата Резолуција за владеење на правото и основните права во Бугарија од 08.10.2020 - Б9-0309 / 2020 (2020/2793 RSP) беше апсолутно игнорирана од бугарската влада. Нешто повеќе, по оваа Резолуција, бугарската влада ја обвини „лошата“ Европска унија за политички мешање во внатрешните работи на Бугарија. Односно, вашата Резолуција немаше речиси никакво влијание врз бугарската влада и бугарското судство. Затоа: 1. Ве молам, почесто интервенирајте во „внатрешните работи“ на Бугарија! 2. Ве молам, започнете да воведувате политички и економски санкции и притисок врз државата и бугарската влада да започнат со спроведување на одредбите на Договорот за Европската унија, Повелбата за основните права на Европската унија и Европската конвенција за човекови права. 3. Ве молам, започнете да воведувате санкции и притисок врз државата и бугарската влада да не застане на патот на Северна Македонија кон Европската унија, бидејќи северномакедонците се посебен народ со посебен јазик, а тврдењата на Бугарија се фашистички. Тврдењето од страна на бугарската влада за Северна Македонија е исто како, на пример, Германија да и се обраќа на Холандија за национален идентитет и јазик. 4. Ве молам, добијте политички азил во Европската унија, бидејќи ме малтретираат и ме притвораат во Бугарија единствено поради искажување на мое лично мислење за голем број јавни прашања, главно во врска со недостаток на човекови права во Бугарија, недостаток на правда во Бугарија и систематско кршење на Повелбата за основните права на Европската унија, на Европската конвенција за човекови права и на Европско законодавство во Бугарија! p.s.: Ако Европскиот парламент сака, можам да испратам голем број докази за кршење на правата на северномакедонското малцинство во Бугарија и на граѓаните на Бугарија. Барам помош, бидејќи бугарската влада и бугарскиот судски систем веќе неповратно ја оштетија мојата доверба не само во криминалната Република Бугарија, туку и во можноста Европската унија да промени нешто во оваа земја! Лично, се срамам што сум бугарски државјанин! Михаил Михајлов:",2,ok
aHRLEFZCIzQ,"НИКОВСКИ РАСПАЛИ: Македонија ја предаваат на тацна – ЕУ бара асимилација, а ние ќутиме!","@mmakedonskikorenijb9559
‼️Никовски алармира и предупредува: „Не е ова само услов – ова е ултиматум за асимилација – мора да се сопре националната капитулација на рати“!

📌 Во најновата најостра и најжестока изјава досега, поранешниот амбасадор Ристо Никовски го крши молкот и ги разобличува скриените планови на ЕУ– и директно обвинува: Македонија се води кон тивко предавство! Според него, ЕУ има скриени барања за културна и национална асимилација, а македонските власти само молчеле и потпишувале.
📌 Дали интеграцијата во ЕУ значи бришење на македонскиот идентитет? 
📌 Дали навистина европската интеграција значи културна и национална асимилација? 
📌 Зошто народот е држен во неинформираност и не знае што се случува зад затворени врати? 
📌 Кој навистина ги диктирал политиките од Скопје?

#Никовски #Македонија #ЕУ #Асимилација #Идентитет #Политика #МакедонскиНарод #НационалнаКапитулација #ТивкоПредавство #МакедонијаВоОпасност",Mакедонски корени ЈБ /Makedonski koreni JB,2025-09-28 13:10:01+00:00,2025,3839,84,62,44,интеграција во ЕУ Македонија,интеграција во ЕУ Македонија,mk,https://www.youtube.com/watch?v=aHRLEFZCIzQ,"НИКОВСКИ РАСПАЛИ: Македонија ја предаваат на тацна – ЕУ бара асимилација, а ние ќутиме!","<USER> ‼️Никовски алармира и предупредува: „Не е ова само услов – ова е ултиматум за асимилација – мора да се сопре националната капитулација на рати“! 📌 Во најновата најостра и најжестока изјава досега, поранешниот амбасадор Ристо Никовски го крши молкот и ги разобличува скриените планови на ЕУ– и директно обвинува: Македонија се води кон тивко предавство! Според него, ЕУ има скриени барања за културна и национална асимилација, а македонските власти само молчеле и потпишувале. 📌 Дали интеграцијата во ЕУ значи бришење на македонскиот идентитет? 📌 Дали навистина европската интеграција значи културна и национална асимилација? 📌 Зошто народот е држен во неинформираност и не знае што се случува зад затворени врати? 📌 Кој навистина ги диктирал политиките од Скопје? Никовски Македонија ЕУ Асимилација Идентитет Политика МакедонскиНарод НационалнаКапитулација ТивкоПредавство МакедонијаВоОпасност","НИКОВСКИ РАСПАЛИ: Македонија ја предаваат на тацна – ЕУ бара асимилација, а ние ќутиме! — <USER> ‼️Никовски алармира и предупредува: „Не е ова само услов – ова е ултиматум за асимилација – мора да се сопре националната капитулација на рати“! 📌 Во најновата најостра и најжестока изјава досега, поранешниот амбасадор Ристо Никовски го крши молкот и ги разобличува скриените планови на ЕУ– и директно обвинува: Македонија се води кон тивко предавство! Според него, ЕУ има скриени барања за културна и национална асимилација, а македонските власти само молчеле и потпишувале. 📌 Дали интеграцијата во ЕУ значи бришење на македонскиот идентитет? 📌 Дали навистина европската интеграција значи културна и национална асимилација? 📌 Зошто народот е држен во неинформираност и не знае што се случува зад затворени врати? 📌 Кој навистина ги диктирал политиките од Скопје? Никовски Македонија ЕУ Асимилација Идентитет Политика МакедонскиНарод НационалнаКапитулација ТивкоПредавство МакедонијаВоОпасност","NIKOVSKI EXPLODES: Macedonia is being handed over on a platter - the EU demands assimilation, and we are silent!","<USER> ‼️Nikovski alarms and warns: ""This is not just a condition - this is an ultimatum for assimilation - the national capitulation in installments must be stopped""! 📌 In the latest sharpest and fiercest statement so far, former ambassador Risto Nikovski breaks his silence and exposes the hidden plans of the EU - and directly accuses: Macedonia is leading to silent betrayal! According to him, the EU has hidden demands for cultural and national assimilation, and the Macedonian authorities just kept silent and signed. 📌 Does EU integration mean erasing the Macedonian identity? 📌 Does European integration really mean cultural and national assimilation? 📌 Why is the people kept in the dark and does not know what is happening behind closed doors? 📌 Who really dictated the policies from Skopje? Nikovski Macedonia EU Assimilation Identity Politics Macedonian People National Capitulation Silent Betrayal Macedonia In Danger","NIKOVSKI EXPLODES: Macedonia is being handed over on a platter - the EU demands assimilation, and we are silent! — <USER> ‼️Nikovski alarms and warns: ""This is not just a condition - this is an ultimatum for assimilation - the national capitulation in installments must be stopped""! 📌 In the latest sharpest and fiercest statement so far, former ambassador Risto Nikovski breaks his silence and exposes the hidden plans of the EU - and directly accuses: Macedonia is leading to silent betrayal! According to him, the EU has hidden demands for cultural and national assimilation, and the Macedonian authorities just kept silent and signed. 📌 Does EU integration mean erasing the Macedonian identity? 📌 Does European integration really mean cultural and national assimilation? 📌 Why is the people kept in the dark and does not know what is happening behind closed doors? 📌 Who really dictated the policies from Skopje? Nikovski Macedonia EU Assimilation Identity Politics Macedonian People National Capitulation Silent Betrayal Macedonia In Danger","НИКОВСКИ РАСПАЛИ: Македонија ја предаваат на тацна – ЕУ бара асимилација, а ние ќутиме! — <USER> ‼️Никовски алармира и предупредува: „Не е ова само услов – ова е ултиматум за асимилација – мора да се сопре националната капитулација на рати“! 📌 Во најновата најостра и најжестока изјава досега, поранешниот амбасадор Ристо Никовски го крши молкот и ги разобличува скриените планови на ЕУ– и директно обвинува: Македонија се води кон тивко предавство! Според него, ЕУ има скриени барања за културна и национална асимилација, а македонските власти само молчеле и потпишувале. 📌 Дали интеграцијата во ЕУ значи бришење на македонскиот идентитет? 📌 Дали навистина европската интеграција значи културна и национална асимилација? 📌 Зошто народот е држен во неинформираност и не знае што се случува зад затворени врати? 📌 Кој навистина ги диктирал политиките од Скопје? Никовски Македонија ЕУ Асимилација Идентитет Политика МакедонскиНарод НационалнаКапитулација ТивкоПредавство МакедонијаВоОпасност",18,ok
trlSvmfBLjc,Европат - Ќе остане ли Македонија во тампон зона ако не ги вметне Бугарите во Уставот?,"Што значи објаснувачки, а што билатерален скрининг со ЕУ ? Ќе остане ли Македонија во тампон зона ако не ги вметне Бугарите во Уставот и што ќе значи тоа за преговарачкиот процес. По долгото чекање пред европската врата, дали Македонија спремно настапува во Брисел? Ќе се бара ли транзициски период за имплементација на некои акти ? Што со втората тура на уставни измени на крајот на процесот и референдумот каде некои членки на Унијата ќе треба да се изјаснат дали сакаат нов член во семејството ? Во новото издание на ЕВРОПАТ – разговор со Драган Тилев Државен советник за европски политики . Во сабота по централниот дневник",Televizija 24,2022-11-12 20:23:32+00:00,2022,1101,2,7,44,довербата во институциите,довербата во институциите,mk,https://www.youtube.com/watch?v=trlSvmfBLjc,Европат - Ќе остане ли Македонија во тампон зона ако не ги вметне Бугарите во Уставот?,"Што значи објаснувачки, а што билатерален скрининг со ЕУ ? Ќе остане ли Македонија во тампон зона ако не ги вметне Бугарите во Уставот и што ќе значи тоа за преговарачкиот процес. По долгото чекање пред европската врата, дали Македонија спремно настапува во Брисел? Ќе се бара ли транзициски период за имплементација на некои акти ? Што со втората тура на уставни измени на крајот на процесот и референдумот каде некои членки на Унијата ќе треба да се изјаснат дали сакаат нов член во семејството ? Во новото издание на ЕВРОПАТ – разговор со Драган Тилев Државен советник за европски политики . Во сабота по централниот дневник","Европат - Ќе остане ли Македонија во тампон зона ако не ги вметне Бугарите во Уставот? — Што значи објаснувачки, а што билатерален скрининг со ЕУ ? Ќе остане ли Македонија во тампон зона ако не ги вметне Бугарите во Уставот и што ќе значи тоа за преговарачкиот процес. По долгото чекање пред европската врата, дали Македонија спремно настапува во Брисел? Ќе се бара ли транзициски период за имплементација на некои акти ? Што со втората тура на уставни измени на крајот на процесот и референдумот каде некои членки на Унијата ќе треба да се изјаснат дали сакаат нов член во семејството ? Во новото издание на ЕВРОПАТ – разговор со Драган Тилев Државен советник за европски политики . Во сабота по централниот дневник",Europat - Will Macedonia remain in a buffer zone if the Bulgarians are not included in the Constitution?,"What does explanatory, and what does bilateral screening with the EU mean? Will Macedonia remain in a buffer zone if it does not include the Bulgarians in the Constitution and what will that mean for the negotiation process. After the long wait in front of the European door, is Macedonia ready to perform in Brussels? Will a transition period be required for the implementation of some acts? What about the second round of constitutional amendments at the end of the process and the referendum where some members of the Union will have to declare whether they want a new member in the family? In the new edition of EUROPATH - a conversation with Dragan Tilev, State Councilor for European Policies. On Saturday according to the central diary","Europat - Will Macedonia remain in a buffer zone if the Bulgarians are not included in the Constitution? — What does explanatory, and what does bilateral screening with the EU mean? Will Macedonia remain in a buffer zone if it does not include the Bulgarians in the Constitution and what will that mean for the negotiation process. After the long wait in front of the European door, is Macedonia ready to perform in Brussels? Will a transition period be required for the implementation of some acts? What about the second round of constitutional amendments at the end of the process and the referendum where some members of the Union will have to declare whether they want a new member in the family? In the new edition of EUROPATH - a conversation with Dragan Tilev, State Councilor for European Policies. On Saturday according to the central diary","Европат - Ќе остане ли Македонија во тампон зона ако не ги вметне Бугарите во Уставот? — Што значи објаснувачки, а што билатерален скрининг со ЕУ ? Ќе остане ли Македонија во тампон зона ако не ги вметне Бугарите во Уставот и што ќе значи тоа за преговарачкиот процес. По долгото чекање пред европската врата, дали Македонија спремно настапува во Брисел? Ќе се бара ли транзициски период за имплементација на некои акти ? Што со втората тура на уставни измени на крајот на процесот и референдумот каде некои членки на Унијата ќе треба да се изјаснат дали сакаат нов член во семејството ? Во новото издание на ЕВРОПАТ – разговор со Драган Тилев Државен советник за европски политики . Во сабота по централниот дневник",3,ok
3AxlHyyRsQw,Левица поднесе Резолуција против фашизмот во Собранието на Република Македонија,"Денес (09.05.2022г.), пратениците на Левица во Собранието на Република Македонија, поднесоа Предлог-резолуција против рехабилитација и глорификација на фашизмот, нацизмот и нивните современи облици.

Во Резолуцијата детално се укажува на состојбите при кои во Република Македонија, преку историски ревизионизам и учество на јавни настани, собири, свечености и прослави, од страна на групи и поединци, се промовираат и актуелизираат мегаломанските идеи за големи држави со што се шири нетолеранција, меѓуетничка и национална нетрпеливост.
Воедно, во Резолуцијата се предвидуваат мерки и постапки, кои, Владата на Република Македонија, потребно е итно да ги превземе за да ја спречи појавата и ширењето на ваквите штетни и мрачни идеи и идеологии кои ги воскреснуваат идеите на фашистичките окупатори на Македонија од времето на Втората светска војна, со кои сериозно се загрозува националниот идентитет и безбедноста на македонскиот народ.

Ова беше најавено на прес-конференцијата која се одржа пред споменикот посветен на ослободителите на Скопје, на кој, по повод  9 Мај – Денот на победата над фашизмот, делегацијата на Левица, предводена од членот на Президиумот на Левица, Реџеп Исмаил - Хактан, положија венец, оддавајќи почит на хероите, кои како борци во Народноослободителната војна, го ослободија македонскиот народ од јаремот на фашизмот.",Левица Политичка Партија,2022-05-09 13:05:26+00:00,2022,1087,54,6,44,политички настани Македонија,политички настани Македонија,mk,https://www.youtube.com/watch?v=3AxlHyyRsQw,Левица поднесе Резолуција против фашизмот во Собранието на Република Македонија,"Денес (09.05.2022г.), пратениците на Левица во Собранието на Република Македонија, поднесоа Предлог-резолуција против рехабилитација и глорификација на фашизмот, нацизмот и нивните современи облици. Во Резолуцијата детално се укажува на состојбите при кои во Република Македонија, преку историски ревизионизам и учество на јавни настани, собири, свечености и прослави, од страна на групи и поединци, се промовираат и актуелизираат мегаломанските идеи за големи држави со што се шири нетолеранција, меѓуетничка и национална нетрпеливост. Воедно, во Резолуцијата се предвидуваат мерки и постапки, кои, Владата на Република Македонија, потребно е итно да ги превземе за да ја спречи појавата и ширењето на ваквите штетни и мрачни идеи и идеологии кои ги воскреснуваат идеите на фашистичките окупатори на Македонија од времето на Втората светска војна, со кои сериозно се загрозува националниот идентитет и безбедноста на македонскиот народ. Ова беше најавено на прес-конференцијата која се одржа пред споменикот посветен на ослободителите на Скопје, на кој, по повод 9 Мај – Денот на победата над фашизмот, делегацијата на Левица, предводена од членот на Президиумот на Левица, Реџеп Исмаил - Хактан, положија венец, оддавајќи почит на хероите, кои како борци во Народноослободителната војна, го ослободија македонскиот народ од јаремот на фашизмот.","Левица поднесе Резолуција против фашизмот во Собранието на Република Македонија — Денес (09.05.2022г.), пратениците на Левица во Собранието на Република Македонија, поднесоа Предлог-резолуција против рехабилитација и глорификација на фашизмот, нацизмот и нивните современи облици. Во Резолуцијата детално се укажува на состојбите при кои во Република Македонија, преку историски ревизионизам и учество на јавни настани, собири, свечености и прослави, од страна на групи и поединци, се промовираат и актуелизираат мегаломанските идеи за големи држави со што се шири нетолеранција, меѓуетничка и национална нетрпеливост. Воедно, во Резолуцијата се предвидуваат мерки и постапки, кои, Владата на Република Македонија, потребно е итно да ги превземе за да ја спречи појавата и ширењето на ваквите штетни и мрачни идеи и идеологии кои ги воскреснуваат идеите на фашистичките окупатори на Македонија од времето на Втората светска војна, со кои сериозно се загрозува националниот идентитет и безбедноста на македонскиот народ. Ова беше најавено на прес-конференцијата која се одржа пред споменикот посветен на ослободителите на Скопје, на кој, по повод 9 Мај – Денот на победата над фашизмот, делегацијата на Левица, предводена од членот на Президиумот на Левица, Реџеп Исмаил - Хактан, положија венец, оддавајќи почит на хероите, кои како борци во Народноослободителната војна, го ослободија македонскиот народ од јаремот на фашизмот.",The Left submitted a Resolution against fascism in the Parliament of the Republic of Macedonia,"Today (05/09/2022), the deputies of the Left in the Parliament of the Republic of Macedonia submitted a motion-resolution against the rehabilitation and glorification of fascism, Nazism and their modern forms. The Resolution points out in detail the situations in which in the Republic of Macedonia, through historical revisionism and participation in public events, gatherings, festivities and celebrations, by groups and individuals, megalomaniacal ideas about big states are promoted and actualized, thereby spreading intolerance, inter-ethnic and national impatience. At the same time, the Resolution envisages measures and procedures, which the Government of the Republic of Macedonia needs to take urgently to prevent the emergence and spread of such harmful and dark ideas and ideologies that resurrect the ideas of the fascist occupiers of Macedonia from the time of the Second World War, which seriously threaten the national identity and security of the Macedonian people. This was announced at the press conference that was held in front of the monument dedicated to the liberators of Skopje, at which, on the occasion of May 9 - the Day of Victory over Fascism, the delegation of the Left, led by the member of the Presidium of the Left, Redzep Ismail - Haktan, laid a wreath, paying respect to the heroes who, as fighters in the National Liberation War, freed the Macedonian people from the yoke of fascism.","The Left submitted a Resolution against fascism in the Parliament of the Republic of Macedonia — Today (05/09/2022), the deputies of the Left in the Parliament of the Republic of Macedonia submitted a motion-resolution against the rehabilitation and glorification of fascism, Nazism and their modern forms. The Resolution points out in detail the situations in which in the Republic of Macedonia, through historical revisionism and participation in public events, gatherings, festivities and celebrations, by groups and individuals, megalomaniacal ideas about big states are promoted and actualized, thereby spreading intolerance, inter-ethnic and national impatience. At the same time, the Resolution envisages measures and procedures, which the Government of the Republic of Macedonia needs to take urgently to prevent the emergence and spread of such harmful and dark ideas and ideologies that resurrect the ideas of the fascist occupiers of Macedonia from the time of the Second World War, which seriously threaten the national identity and security of the Macedonian people. This was announced at the press conference that was held in front of the monument dedicated to the liberators of Skopje, at which, on the occasion of May 9 - the Day of Victory over Fascism, the delegation of the Left, led by the member of the Presidium of the Left, Redzep Ismail - Haktan, laid a wreath, paying respect to the heroes who, as fighters in the National Liberation War, freed the Macedonian people from the yoke of fascism.","Левица поднесе Резолуција против фашизмот во Собранието на Република Македонија — Денес (09.05.2022г.), пратениците на Левица во Собранието на Република Македонија, поднесоа Предлог-резолуција против рехабилитација и глорификација на фашизмот, нацизмот и нивните современи облици. Во Резолуцијата детално се укажува на состојбите при кои во Република Македонија, преку историски ревизионизам и учество на јавни настани, собири, свечености и прослави, од страна на групи и поединци, се промовираат и актуелизираат мегаломанските идеи за големи држави со што се шири нетолеранција, меѓуетничка и национална нетрпеливост. Воедно, во Резолуцијата се предвидуваат мерки и постапки, кои, Владата на Република Македонија, потребно е итно да ги превземе за да ја спречи појавата и ширењето на ваквите штетни и мрачни идеи и идеологии кои ги воскреснуваат идеите на фашистичките окупатори на Македонија од времето на Втората светска војна, со кои сериозно се загрозува националниот идентитет и безбедноста на македонскиот народ. Ова беше најавено на прес-конференцијата која се одржа пред споменикот посветен на ослободителите на Скопје, на кој, по повод 9 Мај – Денот на победата над фашизмот, делегацијата на Левица, предводена од членот на Президиумот на Левица, Реџеп Исмаил - Хактан, положија венец, оддавајќи почит на хероите, кои како борци во Народноослободителната војна, го ослободија македонскиот народ од јаремот на фашизмот.",5,ok
97cGb1Id5e0,Крмов: Преговорите со ЕУ се наметнат фокус за оправдување на капитулантскиот Преспански договор,"Дел од гостувањето на пратеникот Борислав Крмов, во вечерашното издание на „Само Вистина“, во врска со денешната изјава на бугарскиот претседател, Румен Радев и изјавата на македонскиот претседател, Стево Пендаровски во однос на т.н. „пронаоѓање на решение меѓу Македонија и Бугарија за одблокирање на преговорите со ЕУ за Македонија“.

Според Крмов, македонската власт продолжува со сервилната политика - дека други треба да ни' ја завршат работата, чекаме надворешниот притисок да се стави на Бугарија, додека од друга страна, гледаме дека Бугарија цврсто си стои на своите ставови. Сепак, кај нас и да се случи почеток на преговори во јуни - материјално ништо нема да се смени! Единствено, целта е - капитулацијата која што се створи со Преспански договор, некако да се оправда, па затоа се наметнува тој фокус на преговори со ЕУ!",Левица Политичка Партија,2021-05-27 20:13:40+00:00,2021,769,32,5,44,преспански договор,преспански договор,mk,https://www.youtube.com/watch?v=97cGb1Id5e0,Крмов: Преговорите со ЕУ се наметнат фокус за оправдување на капитулантскиот Преспански договор,"Дел од гостувањето на пратеникот Борислав Крмов, во вечерашното издание на „Само Вистина“, во врска со денешната изјава на бугарскиот претседател, Румен Радев и изјавата на македонскиот претседател, Стево Пендаровски во однос на т.н. „пронаоѓање на решение меѓу Македонија и Бугарија за одблокирање на преговорите со ЕУ за Македонија“. Според Крмов, македонската власт продолжува со сервилната политика - дека други треба да ни' ја завршат работата, чекаме надворешниот притисок да се стави на Бугарија, додека од друга страна, гледаме дека Бугарија цврсто си стои на своите ставови. Сепак, кај нас и да се случи почеток на преговори во јуни - материјално ништо нема да се смени! Единствено, целта е - капитулацијата која што се створи со Преспански договор, некако да се оправда, па затоа се наметнува тој фокус на преговори со ЕУ!","Крмов: Преговорите со ЕУ се наметнат фокус за оправдување на капитулантскиот Преспански договор — Дел од гостувањето на пратеникот Борислав Крмов, во вечерашното издание на „Само Вистина“, во врска со денешната изјава на бугарскиот претседател, Румен Радев и изјавата на македонскиот претседател, Стево Пендаровски во однос на т.н. „пронаоѓање на решение меѓу Македонија и Бугарија за одблокирање на преговорите со ЕУ за Македонија“. Според Крмов, македонската власт продолжува со сервилната политика - дека други треба да ни' ја завршат работата, чекаме надворешниот притисок да се стави на Бугарија, додека од друга страна, гледаме дека Бугарија цврсто си стои на своите ставови. Сепак, кај нас и да се случи почеток на преговори во јуни - материјално ништо нема да се смени! Единствено, целта е - капитулацијата која што се створи со Преспански договор, некако да се оправда, па затоа се наметнува тој фокус на преговори со ЕУ!",Krmov: Negotiations with the EU are an imposed focus to justify the capitulating Prespa Agreement,"Part of MP Borislav Krmov's guest appearance, in tonight's edition of ""Samo Vistina"", in connection with today's statement of the Bulgarian President, Rumen Radev, and the statement of the Macedonian President, Stevo Pendarovski, regarding the so-called ""finding a solution between Macedonia and Bulgaria to unblock negotiations with the EU for Macedonia"". According to Krmov, the Macedonian government continues with its servile policy - that others should do our work, we are waiting for the external pressure to be put on Bulgaria, while on the other hand, we see that Bulgaria firmly stands by its positions. However, even if negotiations start in June, materially nothing will change! The only goal is to somehow justify the capitulation created by the Prespa Agreement, which is why the focus on negotiations with the EU is imposed!","Krmov: Negotiations with the EU are an imposed focus to justify the capitulating Prespa Agreement — Part of MP Borislav Krmov's guest appearance, in tonight's edition of ""Samo Vistina"", in connection with today's statement of the Bulgarian President, Rumen Radev, and the statement of the Macedonian President, Stevo Pendarovski, regarding the so-called ""finding a solution between Macedonia and Bulgaria to unblock negotiations with the EU for Macedonia"". According to Krmov, the Macedonian government continues with its servile policy - that others should do our work, we are waiting for the external pressure to be put on Bulgaria, while on the other hand, we see that Bulgaria firmly stands by its positions. However, even if negotiations start in June, materially nothing will change! The only goal is to somehow justify the capitulation created by the Prespa Agreement, which is why the focus on negotiations with the EU is imposed!","Крмов: Преговорите со ЕУ се наметнат фокус за оправдување на капитулантскиот Преспански договор — Дел од гостувањето на пратеникот Борислав Крмов, во вечерашното издание на „Само Вистина“, во врска со денешната изјава на бугарскиот претседател, Румен Радев и изјавата на македонскиот претседател, Стево Пендаровски во однос на т.н. „пронаоѓање на решение меѓу Македонија и Бугарија за одблокирање на преговорите со ЕУ за Македонија“. Според Крмов, македонската власт продолжува со сервилната политика - дека други треба да ни' ја завршат работата, чекаме надворешниот притисок да се стави на Бугарија, додека од друга страна, гледаме дека Бугарија цврсто си стои на своите ставови. Сепак, кај нас и да се случи почеток на преговори во јуни - материјално ништо нема да се смени! Единствено, целта е - капитулацијата која што се створи со Преспански договор, некако да се оправда, па затоа се наметнува тој фокус на преговори со ЕУ!",2,ok
Uj4vuTUwkzc,"Факор магазин - Столтенберг, Курц и Меркел во Македонија","Посетите на Столтенберг, Курц и Меркел се синхронизирани и имаат за цел лично да им предочат на политичките елити дека е од исклучителна важност Македонија да спроведе успешен референдум за да тргне процесот на интеграција на Македонија во НАТО и ЕУ, проценува Мирјана Малеска за емисијата Фактор - магазин.  Според универзитетскиот професор, канцеларката Меркел ќе го убедува лидерот на ВМРО-ДПМНЕ, Мицкоски да се вклучи во анимацијата на граѓаните за Договорот со Грција да биде во целост спроведен.",Televizija 24,2018-09-06 19:53:23+00:00,2018,893,1,3,44,интеграција во ЕУ Македонија,интеграција во ЕУ Македонија,mk,https://www.youtube.com/watch?v=Uj4vuTUwkzc,"Факор магазин - Столтенберг, Курц и Меркел во Македонија","Посетите на Столтенберг, Курц и Меркел се синхронизирани и имаат за цел лично да им предочат на политичките елити дека е од исклучителна важност Македонија да спроведе успешен референдум за да тргне процесот на интеграција на Македонија во НАТО и ЕУ, проценува Мирјана Малеска за емисијата Фактор - магазин. Според универзитетскиот професор, канцеларката Меркел ќе го убедува лидерот на ВМРО-ДПМНЕ, Мицкоски да се вклучи во анимацијата на граѓаните за Договорот со Грција да биде во целост спроведен.","Факор магазин - Столтенберг, Курц и Меркел во Македонија — Посетите на Столтенберг, Курц и Меркел се синхронизирани и имаат за цел лично да им предочат на политичките елити дека е од исклучителна важност Македонија да спроведе успешен референдум за да тргне процесот на интеграција на Македонија во НАТО и ЕУ, проценува Мирјана Малеска за емисијата Фактор - магазин. Според универзитетскиот професор, канцеларката Меркел ќе го убедува лидерот на ВМРО-ДПМНЕ, Мицкоски да се вклучи во анимацијата на граѓаните за Договорот со Грција да биде во целост спроведен.","Fakor magazine - Stoltenberg, Kurz and Merkel in Macedonia","The visits of Stoltenberg, Kurz and Merkel are synchronized and aim to personally convey to the political elites that it is extremely important for Macedonia to hold a successful referendum in order to start the process of Macedonia's integration into NATO and the EU, estimates Mirjana Maleska for the Faktor - magazine show. According to the university professor, Chancellor Merkel will convince the leader of VMRO-DPMNE, Mickoski, to join the citizens' animation for the Agreement with Greece to be fully implemented.","Fakor magazine - Stoltenberg, Kurz and Merkel in Macedonia — The visits of Stoltenberg, Kurz and Merkel are synchronized and aim to personally convey to the political elites that it is extremely important for Macedonia to hold a successful referendum in order to start the process of Macedonia's integration into NATO and the EU, estimates Mirjana Maleska for the Faktor - magazine show. According to the university professor, Chancellor Merkel will convince the leader of VMRO-DPMNE, Mickoski, to join the citizens' animation for the Agreement with Greece to be fully implemented.","Факор магазин - Столтенберг, Курц и Меркел во Македонија — Посетите на Столтенберг, Курц и Меркел се синхронизирани и имаат за цел лично да им предочат на политичките елити дека е од исклучителна важност Македонија да спроведе успешен референдум за да тргне процесот на интеграција на Македонија во НАТО и ЕУ, проценува Мирјана Малеска за емисијата Фактор - магазин. Според универзитетскиот професор, канцеларката Меркел ќе го убедува лидерот на ВМРО-ДПМНЕ, Мицкоски да се вклучи во анимацијата на граѓаните за Договорот со Грција да биде во целост спроведен.",1,ok
ERDH1qvZb-E,Апасиев: Со уставни измени ќе ја славиме Санстефанска Бугарија кај нас во Македонија,"🔸 Претседателот на #Левица проф. д-р Димитар Апасиев за последиците од уставните измени:

💬 ,,Никој не говори за правните последици, не е ова како што ни викавте: Бугарите ќе ги внесеме и тоа е тоа. Не е така. Ние немаме граѓански концепт на држава, туку имаме етнички, трибалистички заостанат примитивен концепт на држава! Ние сме поделени на етнички групи и тие етнички групи имаат колективни права, за разлика во Бугарија кадешто немаат. Ние имаме lex specialis за малцински права на тие заедници, кои имаат право на образование, за децата во струмичко да учат на бугарски јазик. 

Сега ќe се вадат нови бугарски пасоши - за 250 денари, како што Министерот за правда им овозможи. Ќе се овозможи радио и ТВ програма на бугарски јазик каде ќе се емитуваат документарци за како Гоце Делчев е Бугарин и како Илинденското востание е бугарско востание. 

Понатаму, поради славењето на празниците, ние во оваа држава ќе ја славиме Санстефанска Бугарија, во која е инкорпориран дел од Македонија, со Охрид како столица. Се предвидува државно финансирање на културни клубови како „Ванчо Михајлов“, „Цар Борис Трети“ или „Цар Фердинанд“. За на крајот да имаме и квоти за вработување и да имаме Рамковен за Бугарите како што имаме за Албанците. Ова се правните последици од вметнувањето на преамбулата на Уставот.’’

#ЛевицаОдПарламент",Левица Политичка Партија,2023-07-30 14:37:18+00:00,2023,2055,79,27,43,уставни измени Македонија,уставни измени Македонија,mk,https://www.youtube.com/watch?v=ERDH1qvZb-E,Апасиев: Со уставни измени ќе ја славиме Санстефанска Бугарија кај нас во Македонија,"🔸 Претседателот на Левица проф. д-р Димитар Апасиев за последиците од уставните измени: 💬 ,,Никој не говори за правните последици, не е ова како што ни викавте: Бугарите ќе ги внесеме и тоа е тоа. Не е така. Ние немаме граѓански концепт на држава, туку имаме етнички, трибалистички заостанат примитивен концепт на држава! Ние сме поделени на етнички групи и тие етнички групи имаат колективни права, за разлика во Бугарија кадешто немаат. Ние имаме lex specialis за малцински права на тие заедници, кои имаат право на образование, за децата во струмичко да учат на бугарски јазик. Сега ќe се вадат нови бугарски пасоши - за 250 денари, како што Министерот за правда им овозможи. Ќе се овозможи радио и ТВ програма на бугарски јазик каде ќе се емитуваат документарци за како Гоце Делчев е Бугарин и како Илинденското востание е бугарско востание. Понатаму, поради славењето на празниците, ние во оваа држава ќе ја славиме Санстефанска Бугарија, во која е инкорпориран дел од Македонија, со Охрид како столица. Се предвидува државно финансирање на културни клубови како „Ванчо Михајлов“, „Цар Борис Трети“ или „Цар Фердинанд“. За на крајот да имаме и квоти за вработување и да имаме Рамковен за Бугарите како што имаме за Албанците. Ова се правните последици од вметнувањето на преамбулата на Уставот.’’ ЛевицаОдПарламент","Апасиев: Со уставни измени ќе ја славиме Санстефанска Бугарија кај нас во Македонија — 🔸 Претседателот на Левица проф. д-р Димитар Апасиев за последиците од уставните измени: 💬 ,,Никој не говори за правните последици, не е ова како што ни викавте: Бугарите ќе ги внесеме и тоа е тоа. Не е така. Ние немаме граѓански концепт на држава, туку имаме етнички, трибалистички заостанат примитивен концепт на држава! Ние сме поделени на етнички групи и тие етнички групи имаат колективни права, за разлика во Бугарија кадешто немаат. Ние имаме lex specialis за малцински права на тие заедници, кои имаат право на образование, за децата во струмичко да учат на бугарски јазик. Сега ќe се вадат нови бугарски пасоши - за 250 денари, како што Министерот за правда им овозможи. Ќе се овозможи радио и ТВ програма на бугарски јазик каде ќе се емитуваат документарци за како Гоце Делчев е Бугарин и како Илинденското востание е бугарско востание. Понатаму, поради славењето на празниците, ние во оваа држава ќе ја славиме Санстефанска Бугарија, во која е инкорпориран дел од Македонија, со Охрид како столица. Се предвидува државно финансирање на културни клубови како „Ванчо Михајлов“, „Цар Борис Трети“ или „Цар Фердинанд“. За на крајот да имаме и квоти за вработување и да имаме Рамковен за Бугарите како што имаме за Албанците. Ова се правните последици од вметнувањето на преамбулата на Уставот.’’ ЛевицаОдПарламент","Apasiev: With constitutional changes, we will celebrate San Stefano Bulgaria here in Macedonia","🔸 The president of Left prof. Dr. Dimitar Apasiev on the consequences of the constitutional amendments: 💬 ""No one is talking about the legal consequences, this is not what you called us: we will bring in the Bulgarians and that's it."" It is not so. We don't have a civil concept of a state, but we have an ethnic, tribalist backward primitive concept of a state! We are divided into ethnic groups and those ethnic groups have collective rights, unlike in Bulgaria where they do not. We have a lex specialis for minority rights of those communities, which have the right to education, for children in Strumica to study in the Bulgarian language. Now new Bulgarian passports will be issued - for 250 denars, as the Minister of Justice has made it possible for them. A radio and TV program in Bulgarian will be made available, where documentaries will be broadcast about how Gotse Delchev is a Bulgarian and how the Ilinden uprising is a Bulgarian uprising. Furthermore, due to the celebration of the holidays, we in this country will celebrate San Stefano Bulgaria, in which a part of Macedonia is incorporated, with Ohrid as the capital. State funding of cultural clubs such as ""Vancho Mihailov"", ""Czar Boris the Third"" or ""Czar Ferdinand"" is foreseen. So that in the end we have employment quotas and have a Framework for Bulgarians as we have for Albanians. These are the legal consequences of the insertion of the preamble to the Constitution.''LevicaOfParliament","Apasiev: With constitutional changes, we will celebrate San Stefano Bulgaria here in Macedonia — 🔸 The president of Left prof. Dr. Dimitar Apasiev on the consequences of the constitutional amendments: 💬 ""No one is talking about the legal consequences, this is not what you called us: we will bring in the Bulgarians and that's it."" It is not so. We don't have a civil concept of a state, but we have an ethnic, tribalist backward primitive concept of a state! We are divided into ethnic groups and those ethnic groups have collective rights, unlike in Bulgaria where they do not. We have a lex specialis for minority rights of those communities, which have the right to education, for children in Strumica to study in the Bulgarian language. Now new Bulgarian passports will be issued - for 250 denars, as the Minister of Justice has made it possible for them. A radio and TV program in Bulgarian will be made available, where documentaries will be broadcast about how Gotse Delchev is a Bulgarian and how the Ilinden uprising is a Bulgarian uprising. Furthermore, due to the celebration of the holidays, we in this country will celebrate San Stefano Bulgaria, in which a part of Macedonia is incorporated, with Ohrid as the capital. State funding of cultural clubs such as ""Vancho Mihailov"", ""Czar Boris the Third"" or ""Czar Ferdinand"" is foreseen. So that in the end we have employment quotas and have a Framework for Bulgarians as we have for Albanians. These are the legal consequences of the insertion of the preamble to the Constitution.''LevicaOfParliament","Апасиев: Со уставни измени ќе ја славиме Санстефанска Бугарија кај нас во Македонија — 🔸 Претседателот на Левица проф. д-р Димитар Апасиев за последиците од уставните измени: 💬 ,,Никој не говори за правните последици, не е ова како што ни викавте: Бугарите ќе ги внесеме и тоа е тоа. Не е така. Ние немаме граѓански концепт на држава, туку имаме етнички, трибалистички заостанат примитивен концепт на држава! Ние сме поделени на етнички групи и тие етнички групи имаат колективни права, за разлика во Бугарија кадешто немаат. Ние имаме lex specialis за малцински права на тие заедници, кои имаат право на образование, за децата во струмичко да учат на бугарски јазик. Сега ќe се вадат нови бугарски пасоши - за 250 денари, како што Министерот за правда им овозможи. Ќе се овозможи радио и ТВ програма на бугарски јазик каде ќе се емитуваат документарци за како Гоце Делчев е Бугарин и како Илинденското востание е бугарско востание. Понатаму, поради славењето на празниците, ние во оваа држава ќе ја славиме Санстефанска Бугарија, во која е инкорпориран дел од Македонија, со Охрид како столица. Се предвидува државно финансирање на културни клубови како „Ванчо Михајлов“, „Цар Борис Трети“ или „Цар Фердинанд“. За на крајот да имаме и квоти за вработување и да имаме Рамковен за Бугарите како што имаме за Албанците. Ова се правните последици од вметнувањето на преамбулата на Уставот.’’ ЛевицаОдПарламент",7,ok
SXdOxQZ7Sew,Македонија доби условен датум за почеток на преговорите со ЕУ,"Follow Kanal5 on...
• FB: https://smarturl.it/fb5
• IG: https://smarturl.it/Ig5
• Web: https://kanal5.com.mk/

© & ℗ Kanal5 & IN Media. All Rights Reserved



По долга дебата, вечерва Советот на министри на Европската Унија одлучи на Македонија да и додели условен датум за почеток на преговорите . Ако се одржи реформскиот напредок, земјава би требало да ги почне пристапните преговори во јуни 2019.",Канал 5 Телевизија,2018-06-26 20:07:02+00:00,2018,1991,21,7,43,ЕУ преговори Македонија,ЕУ преговори Македонија,mk,https://www.youtube.com/watch?v=SXdOxQZ7Sew,Македонија доби условен датум за почеток на преговорите со ЕУ,"Follow Kanal5 on... По долга дебата, вечерва Советот на министри на Европската Унија одлучи на Македонија да и додели условен датум за почеток на преговорите . Ако се одржи реформскиот напредок, земјава би требало да ги почне пристапните преговори во јуни 2019.","Македонија доби условен датум за почеток на преговорите со ЕУ — Follow Kanal5 on... По долга дебата, вечерва Советот на министри на Европската Унија одлучи на Македонија да и додели условен датум за почеток на преговорите . Ако се одржи реформскиот напредок, земјава би требало да ги почне пристапните преговори во јуни 2019.",Macedonia received a conditional date for the start of negotiations with the EU,"Follow Kanal5 on... After a long debate, tonight the Council of Ministers of the European Union decided to give Macedonia a conditional date for the start of negotiations. If reform progress is maintained, the country should start accession negotiations in June 2019.","Macedonia received a conditional date for the start of negotiations with the EU — Follow Kanal5 on... After a long debate, tonight the Council of Ministers of the European Union decided to give Macedonia a conditional date for the start of negotiations. If reform progress is maintained, the country should start accession negotiations in June 2019.","Македонија доби условен датум за почеток на преговорите со ЕУ — Follow Kanal5 on... По долга дебата, вечерва Советот на министри на Европската Унија одлучи на Македонија да и додели условен датум за почеток на преговорите . Ако се одржи реформскиот напредок, земјава би требало да ги почне пристапните преговори во јуни 2019.",3,ok
e72pCF6wjLA,Ванковска:  Нас ни треба сосема нов Устав. Прашањето е само дали има политичка воља?,"“Јас себе би сакала да се видам како народен претседател, кој ќе ги претставува сите граѓани. Некој мора да има храброст да каже дека овој Устав што го имаме е крпен, долепен, со најголем број на уставни амандмани, во толку кус период. 

По настаните во 2001 година, преку уставни реформи се модифицираше политичкиот систем. Со тој упад, ние практично го трансформиравме оној првично замислен либерален, демократски Устав, “Ние Народот”, “Ние Нацијата”, во”Ние, етничките заедници”. И од тука натаму, всушност почнува една сериозна деформација на политичкиот систем. Нас ни треба сосема нов Устав. Прашањето е само дали има политичка воља?

 Не можам да најдам оправдание за етнотрибализам, етничка сеградација, картели на елити кои одлучуваат зад затворени врати за нас. Дури и за формирање на влади се договараат за амнестија на воени злосторства или за некакви отстапки. Тоа не е начин, на кој една нација се гради. 
Кога зборувам за достоинството на нацијата, не мислам на македонскиот народ исклучиво, туку на сите граѓани во државата да бидат еднакви. Треба ние да си донесеме Устав, а не странците да ни наметнуваат. Рамковниот договор беше напишан на англиски. Беше напишан од странски експерти. Преспанскиот договор да не потсетувам, беше наместен.

Јас сум да имаме релации со сите, вклучувајќи го и Брисел, затоа што таму најмногу сме инвестирале од нашиот политички капацитет, реформи и слично. Ние сме мала држава, која мора да соработува со сите, за се она што е во нејзин интерес.
ЕУ за жал се милитаризира. Ние не можеме да веруваме дека ЕУ е трајно нешто. Таа се менува. Во Германија, јавноста веќе притиска за излегување од ЕУ. Јас сум за трезвено гледање на работите. ЕУ менторството е во ред, но не да бидат владетели во оваа држава.
НАТО го ветуваа како економска бонанза, ќе бидеме безбедна дестинација... Само за овие неколку години, за воена опрема и оружје имаме потрошено повеќе од 34 пати во сума, во пари, за да покажеме колку сме лојални, притоа одземајќи од социјалните потреби на граѓаните. Нашата алтернатива е воена неутралност. Ја не сакам Македонија да биде ничиј геополитички плен.  
 Ако сега бев претседател, еден куп закони немаше да потпишам, почнувајќи со промената на кривичниот законик. Меѓутоа, треба да се трансформира Собранието кое е сега гласачка машинерија и само крева рака, тоа е катастрофата.Такви закони не би смееле да излезат oд Собранието.

Јас сум против тоа во Собранието да се бира Претседател на држава. Јас ќе апелирам да се укинат привилегиите на сите бивши претседатели. Избор на Претседател во Собранието е само јакнење на етнократијата, и партократијата.

Сум за глање на дијаспората и места во Парламентот. Мислам дека тие можат да имаат голем и значаен удел во државата. Но, сегашната поставеност околу ова прашање преба да се преиспита. 
Апсолутно сум за укинување на патните трошоци за пратениците во Собранието. 

Мојата поддршка на Резолуцијата на ООН за прекин на трговското ембарго кон Куба, е изразување на мојата лична, меѓутоа и таа на Левица, определба кон интернационализам и солидарност со други прогресивни движења.”",Левица Политичка Партија,2024-04-09 14:15:14+00:00,2024,400,31,2,43,реформа на уставот Македонија,реформа на уставот Македонија,mk,https://www.youtube.com/watch?v=e72pCF6wjLA,Ванковска: Нас ни треба сосема нов Устав. Прашањето е само дали има политичка воља?,"“Јас себе би сакала да се видам како народен претседател, кој ќе ги претставува сите граѓани. Некој мора да има храброст да каже дека овој Устав што го имаме е крпен, долепен, со најголем број на уставни амандмани, во толку кус период. По настаните во 2001 година, преку уставни реформи се модифицираше политичкиот систем. Со тој упад, ние практично го трансформиравме оној првично замислен либерален, демократски Устав, “Ние Народот”, “Ние Нацијата”, во”Ние, етничките заедници”. И од тука натаму, всушност почнува една сериозна деформација на политичкиот систем. Нас ни треба сосема нов Устав. Прашањето е само дали има политичка воља? Не можам да најдам оправдание за етнотрибализам, етничка сеградација, картели на елити кои одлучуваат зад затворени врати за нас. Дури и за формирање на влади се договараат за амнестија на воени злосторства или за некакви отстапки. Тоа не е начин, на кој една нација се гради. Кога зборувам за достоинството на нацијата, не мислам на македонскиот народ исклучиво, туку на сите граѓани во државата да бидат еднакви. Треба ние да си донесеме Устав, а не странците да ни наметнуваат. Рамковниот договор беше напишан на англиски. Беше напишан од странски експерти. Преспанскиот договор да не потсетувам, беше наместен. Јас сум да имаме релации со сите, вклучувајќи го и Брисел, затоа што таму најмногу сме инвестирале од нашиот политички капацитет, реформи и слично. Ние сме мала држава, која мора да соработува со сите, за се она што е во нејзин интерес. ЕУ за жал се милитаризира. Ние не можеме да веруваме дека ЕУ е трајно нешто. Таа се менува. Во Германија, јавноста веќе притиска за излегување од ЕУ. Јас сум за трезвено гледање на работите. ЕУ менторството е во ред, но не да бидат владетели во оваа држава. НАТО го ветуваа како економска бонанза, ќе бидеме безбедна дестинација... Само за овие неколку години, за воена опрема и оружје имаме потрошено повеќе од 34 пати во сума, во пари, за да покажеме колку сме лојални, притоа одземајќи од социјалните потреби на граѓаните. Нашата алтернатива е воена неутралност. Ја не сакам Македонија да биде ничиј геополитички плен. Ако сега бев претседател, еден куп закони немаше да потпишам, почнувајќи со промената на кривичниот законик. Меѓутоа, треба да се трансформира Собранието кое е сега гласачка машинерија и само крева рака, тоа е катастрофата.Такви закони не би смееле да излезат oд Собранието. Јас сум против тоа во Собранието да се бира Претседател на држава. Јас ќе апелирам да се укинат привилегиите на сите бивши претседатели. Избор на Претседател во Собранието е само јакнење на етнократијата, и партократијата. Сум за глање на дијаспората и места во Парламентот. Мислам дека тие можат да имаат голем и значаен удел во државата. Но, сегашната поставеност околу ова прашање преба да се преиспита. Апсолутно сум за укинување на патните трошоци за пратениците во Собранието. Мојата поддршка на Резолуцијата на ООН за прекин на трговското ембарго кон Куба, е изразување на мојата лична, меѓутоа и таа на Левица, определба кон интернационализам и солидарност со други прогресивни движења.”","Ванковска: Нас ни треба сосема нов Устав. Прашањето е само дали има политичка воља? — “Јас себе би сакала да се видам како народен претседател, кој ќе ги претставува сите граѓани. Некој мора да има храброст да каже дека овој Устав што го имаме е крпен, долепен, со најголем број на уставни амандмани, во толку кус период. По настаните во 2001 година, преку уставни реформи се модифицираше политичкиот систем. Со тој упад, ние практично го трансформиравме оној првично замислен либерален, демократски Устав, “Ние Народот”, “Ние Нацијата”, во”Ние, етничките заедници”. И од тука натаму, всушност почнува една сериозна деформација на политичкиот систем. Нас ни треба сосема нов Устав. Прашањето е само дали има политичка воља? Не можам да најдам оправдание за етнотрибализам, етничка сеградација, картели на елити кои одлучуваат зад затворени врати за нас. Дури и за формирање на влади се договараат за амнестија на воени злосторства или за некакви отстапки. Тоа не е начин, на кој една нација се гради. Кога зборувам за достоинството на нацијата, не мислам на македонскиот народ исклучиво, туку на сите граѓани во државата да бидат еднакви. Треба ние да си донесеме Устав, а не странците да ни наметнуваат. Рамковниот договор беше напишан на англиски. Беше напишан од странски експерти. Преспанскиот договор да не потсетувам, беше наместен. Јас сум да имаме релации со сите, вклучувајќи го и Брисел, затоа што таму најмногу сме инвестирале од нашиот политички капацитет, реформи и слично. Ние сме мала држава, која мора да соработува со сите, за се она што е во нејзин интерес. ЕУ за жал се милитаризира. Ние не можеме да веруваме дека ЕУ е трајно нешто. Таа се менува. Во Германија, јавноста веќе притиска за излегување од ЕУ. Јас сум за трезвено гледање на работите. ЕУ менторството е во ред, но не да бидат владетели во оваа држава. НАТО го ветуваа како економска бонанза, ќе бидеме безбедна дестинација... Само за овие неколку години, за воена опрема и оружје имаме потрошено повеќе од 34 пати во сума, во пари, за да покажеме колку сме лојални, притоа одземајќи од социјалните потреби на граѓаните. Нашата алтернатива е воена неутралност. Ја не сакам Македонија да биде ничиј геополитички плен. Ако сега бев претседател, еден куп закони немаше да потпишам, почнувајќи со промената на кривичниот законик. Меѓутоа, треба да се трансформира Собранието кое е сега гласачка машинерија и само крева рака, тоа е катастрофата.Такви закони не би смееле да излезат oд Собранието. Јас сум против тоа во Собранието да се бира Претседател на држава. Јас ќе апелирам да се укинат привилегиите на сите бивши претседатели. Избор на Претседател во Собранието е само јакнење на етнократијата, и партократијата. Сум за глање на дијаспората и места во Парламентот. Мислам дека тие можат да имаат голем и значаен удел во државата. Но, сегашната поставеност околу ова прашање преба да се преиспита. Апсолутно сум за укинување на патните трошоци за пратениците во Собранието. Мојата поддршка на Резолуцијата на ООН за прекин на трговското ембарго кон Куба, е изразување на мојата лична, меѓутоа и таа на Левица, определба кон интернационализам и солидарност со други прогресивни движења.”",Vankovska: We need a completely new Constitution. The only question is whether there is political will?,"""I myself would like to see myself as a people's president, who will represent all citizens. Someone must have the courage to say that this Constitution we have has been patched, glued, with the largest number of constitutional amendments, in such a short period of time. After the events of 2001, the political system was modified through constitutional reforms. With that intrusion, we practically transformed the initially conceived liberal, democratic Constitution, ""We the People"", ""We the Nation"", into ""We, ethnic communities"". And from here on, in fact, a serious deformation of the political system begins. We need a completely new Constitution. The only question is whether there is political will? I cannot find an excuse for ethno-tribalism, ethnic segregation, cartels of elites who decide behind closed doors for us. Even for the formation of governments, they agree on amnesty for war crimes or some concessions. This is not the way a nation is built. When I talk about the dignity of the nation, I don't mean that all the citizens in the country should be equal. The framework agreement was written by foreign experts. I want to have relations with everyone, including Brussels, because we are a small country, which has to cooperate with everyone what is in its interest. We cannot believe that the EU is a permanent thing. In Germany, I am in favor of a sober view of things. They promised that NATO would be a safe destination, in just these few years, in money, to show how loyal we are, taking away from the citizens' social needs. I don't want Macedonia to be anyone's prey, I wouldn't sign a bunch of laws, starting with the change of the criminal code. That's a disaster. I'm against it elects the President of the country. I will appeal to abolish the privileges of the President in the Parliament. I am in favor of the elimination of the diaspora and the seats in the Parliament the deputies in the Assembly. My support of the UN Resolution for ending the trade embargo against Cuba is an expression of my personal, but also that of the Left, commitment to internationalism and solidarity with other progressive movements.""","Vankovska: We need a completely new Constitution. The only question is whether there is political will? — ""I myself would like to see myself as a people's president, who will represent all citizens. Someone must have the courage to say that this Constitution we have has been patched, glued, with the largest number of constitutional amendments, in such a short period of time. After the events of 2001, the political system was modified through constitutional reforms. With that intrusion, we practically transformed the initially conceived liberal, democratic Constitution, ""We the People"", ""We the Nation"", into ""We, ethnic communities"". And from here on, in fact, a serious deformation of the political system begins. We need a completely new Constitution. The only question is whether there is political will? I cannot find an excuse for ethno-tribalism, ethnic segregation, cartels of elites who decide behind closed doors for us. Even for the formation of governments, they agree on amnesty for war crimes or some concessions. This is not the way a nation is built. When I talk about the dignity of the nation, I don't mean that all the citizens in the country should be equal. The framework agreement was written by foreign experts. I want to have relations with everyone, including Brussels, because we are a small country, which has to cooperate with everyone what is in its interest. We cannot believe that the EU is a permanent thing. In Germany, I am in favor of a sober view of things. They promised that NATO would be a safe destination, in just these few years, in money, to show how loyal we are, taking away from the citizens' social needs. I don't want Macedonia to be anyone's prey, I wouldn't sign a bunch of laws, starting with the change of the criminal code. That's a disaster. I'm against it elects the President of the country. I will appeal to abolish the privileges of the President in the Parliament. I am in favor of the elimination of the diaspora and the seats in the Parliament the deputies in the Assembly. My support of the UN Resolution for ending the trade embargo against Cuba is an expression of my personal, but also that of the Left, commitment to internationalism and solidarity with other progressive movements.""","Ванковска: Нас ни треба сосема нов Устав. Прашањето е само дали има политичка воља? — “Јас себе би сакала да се видам како народен претседател, кој ќе ги претставува сите граѓани. Некој мора да има храброст да каже дека овој Устав што го имаме е крпен, долепен, со најголем број на уставни амандмани, во толку кус период. По настаните во 2001 година, преку уставни реформи се модифицираше политичкиот систем. Со тој упад, ние практично го трансформиравме оној првично замислен либерален, демократски Устав, “Ние Народот”, “Ние Нацијата”, во”Ние, етничките заедници”. И од тука натаму, всушност почнува една сериозна деформација на политичкиот систем. Нас ни треба сосема нов Устав. Прашањето е само дали има политичка воља? Не можам да најдам оправдание за етнотрибализам, етничка сеградација, картели на елити кои одлучуваат зад затворени врати за нас. Дури и за формирање на влади се договараат за амнестија на воени злосторства или за некакви отстапки. Тоа не е начин, на кој една нација се гради. Кога зборувам за достоинството на нацијата, не мислам на македонскиот народ исклучиво, туку на сите граѓани во државата да бидат еднакви. Треба ние да си донесеме Устав, а не странците да ни наметнуваат. Рамковниот договор беше напишан на англиски. Беше напишан од странски експерти. Преспанскиот договор да не потсетувам, беше наместен. Јас сум да имаме релации со сите, вклучувајќи го и Брисел, затоа што таму најмногу сме инвестирале од нашиот политички капацитет, реформи и слично. Ние сме мала држава, која мора да соработува со сите, за се она што е во нејзин интерес. ЕУ за жал се милитаризира. Ние не можеме да веруваме дека ЕУ е трајно нешто. Таа се менува. Во Германија, јавноста веќе притиска за излегување од ЕУ. Јас сум за трезвено гледање на работите. ЕУ менторството е во ред, но не да бидат владетели во оваа држава. НАТО го ветуваа како економска бонанза, ќе бидеме безбедна дестинација... Само за овие неколку години, за воена опрема и оружје имаме потрошено повеќе од 34 пати во сума, во пари, за да покажеме колку сме лојални, притоа одземајќи од социјалните потреби на граѓаните. Нашата алтернатива е воена неутралност. Ја не сакам Македонија да биде ничиј геополитички плен. Ако сега бев претседател, еден куп закони немаше да потпишам, почнувајќи со промената на кривичниот законик. Меѓутоа, треба да се трансформира Собранието кое е сега гласачка машинерија и само крева рака, тоа е катастрофата.Такви закони не би смееле да излезат oд Собранието. Јас сум против тоа во Собранието да се бира Претседател на држава. Јас ќе апелирам да се укинат привилегиите на сите бивши претседатели. Избор на Претседател во Собранието е само јакнење на етнократијата, и партократијата. Сум за глање на дијаспората и места во Парламентот. Мислам дека тие можат да имаат голем и значаен удел во државата. Но, сегашната поставеност околу ова прашање преба да се преиспита. Апсолутно сум за укинување на патните трошоци за пратениците во Собранието. Мојата поддршка на Резолуцијата на ООН за прекин на трговското ембарго кон Куба, е изразување на мојата лична, меѓутоа и таа на Левица, определба кон интернационализам и солидарност со други прогресивни движења.”",1,ok
nAF234DsE_I,Како секој регион во Егејска Македонија си го добил името,"Егејска Македонија е дел од окупираната територија на Македонија по Букурешкиот мировен договор од 10 август 1913 година, денес во состав на Република Грција. Претставува најголем регион во денешна Република Грција според површина и втор регион според број на население. Официјално се нарекува како Македонија (грчки: Μακεδονία), бидејќи сметаат дека тоа е единствениот ентитет кој има право да го носи името Македонија. Ова е една од причините за грчко-македонскиот спор околу името на Македонија, кој бил решен во 2018 година со контроверзниот Преспански договор.

Gaming Kanal: @objasnuvacgaming 
Музика:
 https://www.youtube.com/watch?v=zQxFRZ65034
https://www.youtube.com/watch?v=dzlcxN0lxSo

gmail: pametniraboti@gmail.com

Subscribe i like",Objasnuvac,2025-01-12 14:50:45+00:00,2025,15952,366,177,42,името на Македонија,името на Македонија,mk,https://www.youtube.com/watch?v=nAF234DsE_I,Како секој регион во Егејска Македонија си го добил името,"Егејска Македонија е дел од окупираната територија на Македонија по Букурешкиот мировен договор од 10 август 1913 година, денес во состав на Република Грција. Претставува најголем регион во денешна Република Грција според површина и втор регион според број на население. Официјално се нарекува како Македонија (грчки: Μακεδονία), бидејќи сметаат дека тоа е единствениот ентитет кој има право да го носи името Македонија. Ова е една од причините за грчко-македонскиот спор околу името на Македонија, кој бил решен во 2018 година со контроверзниот Преспански договор. Gaming Kanal: <USER> Музика:","Како секој регион во Егејска Македонија си го добил името — Егејска Македонија е дел од окупираната територија на Македонија по Букурешкиот мировен договор од 10 август 1913 година, денес во состав на Република Грција. Претставува најголем регион во денешна Република Грција според површина и втор регион според број на население. Официјално се нарекува како Македонија (грчки: Μακεδονία), бидејќи сметаат дека тоа е единствениот ентитет кој има право да го носи името Македонија. Ова е една од причините за грчко-македонскиот спор околу името на Македонија, кој бил решен во 2018 година со контроверзниот Преспански договор. Gaming Kanal: <USER> Музика:","Like every region in Aegean Macedonia, it got its name","Aegean Macedonia is part of the occupied territory of Macedonia after the Bucharest Peace Treaty of August 10, 1913, today part of the Republic of Greece. It represents the largest region in today's Republic of Greece in terms of area and the second region in terms of population. It is officially referred to as Macedonia (Greek: Μακεδονία), because they believe that it is the only entity that has the right to bear the name Macedonia. This is one of the reasons for the Greek-Macedonian dispute over the name of Macedonia, which was resolved in 2018 with the controversial Prespa Agreement. Gaming Channel: <USER> Music:","Like every region in Aegean Macedonia, it got its name — Aegean Macedonia is part of the occupied territory of Macedonia after the Bucharest Peace Treaty of August 10, 1913, today part of the Republic of Greece. It represents the largest region in today's Republic of Greece in terms of area and the second region in terms of population. It is officially referred to as Macedonia (Greek: Μακεδονία), because they believe that it is the only entity that has the right to bear the name Macedonia. This is one of the reasons for the Greek-Macedonian dispute over the name of Macedonia, which was resolved in 2018 with the controversial Prespa Agreement. Gaming Channel: <USER> Music:","Како секој регион во Егејска Македонија си го добил името — Егејска Македонија е дел од окупираната територија на Македонија по Букурешкиот мировен договор од 10 август 1913 година, денес во состав на Република Грција. Претставува најголем регион во денешна Република Грција според површина и втор регион според број на население. Официјално се нарекува како Македонија (грчки: Μακεδονία), бидејќи сметаат дека тоа е единствениот ентитет кој има право да го носи името Македонија. Ова е една од причините за грчко-македонскиот спор околу името на Македонија, кој бил решен во 2018 година со контроверзниот Преспански договор. Gaming Kanal: <USER> Музика:",46,ok
dkFksf42B6E,Апасиев: Удавете се во септичката јама која сами ја ископавте - уставни измени нема да има!,"(Историски говор на Претседателот на Левица - Димитар АПАСИЕВ на денешната собраниска Комисија за промена на Уставот)

„Сѐ што денес зборуваме е обична козметика, затоа што влегуваме во еден лузерски процес, бидејќи вие навикнавте и сакате и нас како македонска нација да нѐ навикнете на ПОРАЗИ. Првото, францускиот предлог за бугаризација, спортски кажано вие премиере, со министерот, изгубивте 17:2 во процесот. Независни германски експерти ви кажаа дека ова е чудо на бугарската дипломатија. Или како што велат антимакедонскте кругови во Софија ова е СМРТ НА МАКЕДОНИЗМОТ, ова е спој на необализам и неоврховизам.

Следно, историјата влезе како дел од преговарачката рамка. Наместо да преговараме за Копенхашки критериуми, ние ќе преговараме каков бил Цар Самоил, каков бил Гоце Делчев, какво било Илинденското востание. И што е најтрагично, не обезбедивте државнички гаранции дека ќе нема нови вета. И тоа не само од Бугарија, која има уште 35 пати шанса да ни стави вето. Ќе ни стават и други земји. Вие сте недоветни да водите дипломатија и тоа треба да си го прифатите!

Следно, имаме унилатерална изјава за македонскиот јазик, званично архивирана во европски архиви, дека македонскиот јазик е ЗАПАДНОБУГАРСКИ ДИЈАЛЕКТ. Оттука, вие немате право да се нарекувате Социјалдемократски сојуз на Македонија! „М“-то станува СДС-Михајловистичка. Вие сте предводници на неоврховизмот заедно со бализмот во Владата. 

Добивме само анонимусни бирократи од ЕУ кои ни навиваат часовници и ни викаат ""затнете го носот и голтајте"". КОЛКУ ПАТИ ТРЕБА ДА ГОЛТАМЕ ПРЕМИЕРЕ?! 40 пати Уставот го менуваме. Уставот се менува со рака која трепери. Голтавме за ФИРОМ. Голтавме за знамето. Голтаме за Рамковниот Договор. Голтаме за територијалната поделба. Голтаме за Преспанскиот договор каде станавме СЕВЕРНОМАКЕДОНЦИ. Голтаме за двојазичноста илегална без потпис на Претседателот. Голтаме за добрососедство со ОКУПАТОРОТ.

Имате ли вие кичма, имате ли вие достоинство, имате ли вие НАЦИОНАЛНА ГОРДОСТ?! Вие наметнавте лузерски менталитет на овој народ, вие сте една одродена политичка елита која е најголем КРВНИК на македонскиот народ!""

#ЛевицаОдПарламент
#НеЗаУставниИзмени",Левица Политичка Партија,2023-07-25 10:37:59+00:00,2023,12335,566,104,42,уставни измени Македонија,уставни измени Македонија,mk,https://www.youtube.com/watch?v=dkFksf42B6E,Апасиев: Удавете се во септичката јама која сами ја ископавте - уставни измени нема да има!,"(Историски говор на Претседателот на Левица - Димитар АПАСИЕВ на денешната собраниска Комисија за промена на Уставот) „Сѐ што денес зборуваме е обична козметика, затоа што влегуваме во еден лузерски процес, бидејќи вие навикнавте и сакате и нас како македонска нација да нѐ навикнете на ПОРАЗИ. Првото, францускиот предлог за бугаризација, спортски кажано вие премиере, со министерот, изгубивте 17:2 во процесот. Независни германски експерти ви кажаа дека ова е чудо на бугарската дипломатија. Или како што велат антимакедонскте кругови во Софија ова е СМРТ НА МАКЕДОНИЗМОТ, ова е спој на необализам и неоврховизам. Следно, историјата влезе како дел од преговарачката рамка. Наместо да преговараме за Копенхашки критериуми, ние ќе преговараме каков бил Цар Самоил, каков бил Гоце Делчев, какво било Илинденското востание. И што е најтрагично, не обезбедивте државнички гаранции дека ќе нема нови вета. И тоа не само од Бугарија, која има уште 35 пати шанса да ни стави вето. Ќе ни стават и други земји. Вие сте недоветни да водите дипломатија и тоа треба да си го прифатите! Следно, имаме унилатерална изјава за македонскиот јазик, званично архивирана во европски архиви, дека македонскиот јазик е ЗАПАДНОБУГАРСКИ ДИЈАЛЕКТ. Оттука, вие немате право да се нарекувате Социјалдемократски сојуз на Македонија! „М“-то станува СДС-Михајловистичка. Вие сте предводници на неоврховизмот заедно со бализмот во Владата. Добивме само анонимусни бирократи од ЕУ кои ни навиваат часовници и ни викаат ""затнете го носот и голтајте"". КОЛКУ ПАТИ ТРЕБА ДА ГОЛТАМЕ ПРЕМИЕРЕ?! 40 пати Уставот го менуваме. Уставот се менува со рака која трепери. Голтавме за ФИРОМ. Голтавме за знамето. Голтаме за Рамковниот Договор. Голтаме за територијалната поделба. Голтаме за Преспанскиот договор каде станавме СЕВЕРНОМАКЕДОНЦИ. Голтаме за двојазичноста илегална без потпис на Претседателот. Голтаме за добрососедство со ОКУПАТОРОТ. Имате ли вие кичма, имате ли вие достоинство, имате ли вие НАЦИОНАЛНА ГОРДОСТ?! Вие наметнавте лузерски менталитет на овој народ, вие сте една одродена политичка елита која е најголем КРВНИК на македонскиот народ!"" ЛевицаОдПарламент НеЗаУставниИзмени","Апасиев: Удавете се во септичката јама која сами ја ископавте - уставни измени нема да има! — (Историски говор на Претседателот на Левица - Димитар АПАСИЕВ на денешната собраниска Комисија за промена на Уставот) „Сѐ што денес зборуваме е обична козметика, затоа што влегуваме во еден лузерски процес, бидејќи вие навикнавте и сакате и нас како македонска нација да нѐ навикнете на ПОРАЗИ. Првото, францускиот предлог за бугаризација, спортски кажано вие премиере, со министерот, изгубивте 17:2 во процесот. Независни германски експерти ви кажаа дека ова е чудо на бугарската дипломатија. Или како што велат антимакедонскте кругови во Софија ова е СМРТ НА МАКЕДОНИЗМОТ, ова е спој на необализам и неоврховизам. Следно, историјата влезе како дел од преговарачката рамка. Наместо да преговараме за Копенхашки критериуми, ние ќе преговараме каков бил Цар Самоил, каков бил Гоце Делчев, какво било Илинденското востание. И што е најтрагично, не обезбедивте државнички гаранции дека ќе нема нови вета. И тоа не само од Бугарија, која има уште 35 пати шанса да ни стави вето. Ќе ни стават и други земји. Вие сте недоветни да водите дипломатија и тоа треба да си го прифатите! Следно, имаме унилатерална изјава за македонскиот јазик, званично архивирана во европски архиви, дека македонскиот јазик е ЗАПАДНОБУГАРСКИ ДИЈАЛЕКТ. Оттука, вие немате право да се нарекувате Социјалдемократски сојуз на Македонија! „М“-то станува СДС-Михајловистичка. Вие сте предводници на неоврховизмот заедно со бализмот во Владата. Добивме само анонимусни бирократи од ЕУ кои ни навиваат часовници и ни викаат ""затнете го носот и голтајте"". КОЛКУ ПАТИ ТРЕБА ДА ГОЛТАМЕ ПРЕМИЕРЕ?! 40 пати Уставот го менуваме. Уставот се менува со рака која трепери. Голтавме за ФИРОМ. Голтавме за знамето. Голтаме за Рамковниот Договор. Голтаме за територијалната поделба. Голтаме за Преспанскиот договор каде станавме СЕВЕРНОМАКЕДОНЦИ. Голтаме за двојазичноста илегална без потпис на Претседателот. Голтаме за добрососедство со ОКУПАТОРОТ. Имате ли вие кичма, имате ли вие достоинство, имате ли вие НАЦИОНАЛНА ГОРДОСТ?! Вие наметнавте лузерски менталитет на овој народ, вие сте една одродена политичка елита која е најголем КРВНИК на македонскиот народ!"" ЛевицаОдПарламент НеЗаУставниИзмени",Apasiev: Drown in the septic tank you dug yourself - there will be no constitutional amendments!,"(Historical speech by the President of the Left - Dimitar APASIEV at today's Parliamentary Commission for Changing the Constitution) ""Everything we are talking about today is just cosmetics, because we are entering a losing process, because you have gotten used to and want us as a Macedonian nation to get used to DEFEAT. The first, the French proposal for Bulgarianization, in sportsmanship terms, you Prime Minister, with the Minister, lost 17:2 in the process. Independent German experts told you that this is a miracle of Bulgarian diplomacy. Or as they say, this is the DEATH OF MACEDONISM. Next, history entered as part of the negotiation framework, what was Tsar Samoil, what was the most tragic. you have provided us with state guarantees that there will be no new vetoes. And that is not the only reason why other countries will veto us. You have to accept it! Next, we have a unilateral statement about the Macedonian language, which is a WESTERN DIALECT. Hence, you have no right to call yourself a Social Democratic Union of Macedonia! ""M"" becomes SDS-Mihajlovist. You are leaders of neo-superarchism together with Ballism in the Government. We only got anonymous bureaucrats from the EU who wind up our watches and shout at us ""stop your nose and swallow"". HOW MANY TIMES SHOULD WE SWALLOW PREMIERE?! We change the Constitution 40 times. The constitution is changed with a trembling hand. We gulped for FIROM. We gulped for the flag. We swallow for the Framework Agreement. We swallow for the territorial division. We swallow for the Prespa Agreement where we became NORTH MACEDONIANS. We swallow for bilingualism illegal without the President's signature. We swallow for good neighborliness with the OCCUPIER. Do you have a backbone, do you have dignity, do you have NATIONAL PRIDE?! You imposed a loser mentality on this nation, you are a reborn political elite that is the biggest bloodsucker of the Macedonian people!"" Left From Parliament Not For Constitutional Changes","Apasiev: Drown in the septic tank you dug yourself - there will be no constitutional amendments! — (Historical speech by the President of the Left - Dimitar APASIEV at today's Parliamentary Commission for Changing the Constitution) ""Everything we are talking about today is just cosmetics, because we are entering a losing process, because you have gotten used to and want us as a Macedonian nation to get used to DEFEAT. The first, the French proposal for Bulgarianization, in sportsmanship terms, you Prime Minister, with the Minister, lost 17:2 in the process. Independent German experts told you that this is a miracle of Bulgarian diplomacy. Or as they say, this is the DEATH OF MACEDONISM. Next, history entered as part of the negotiation framework, what was Tsar Samoil, what was the most tragic. you have provided us with state guarantees that there will be no new vetoes. And that is not the only reason why other countries will veto us. You have to accept it! Next, we have a unilateral statement about the Macedonian language, which is a WESTERN DIALECT. Hence, you have no right to call yourself a Social Democratic Union of Macedonia! ""M"" becomes SDS-Mihajlovist. You are leaders of neo-superarchism together with Ballism in the Government. We only got anonymous bureaucrats from the EU who wind up our watches and shout at us ""stop your nose and swallow"". HOW MANY TIMES SHOULD WE SWALLOW PREMIERE?! We change the Constitution 40 times. The constitution is changed with a trembling hand. We gulped for FIROM. We gulped for the flag. We swallow for the Framework Agreement. We swallow for the territorial division. We swallow for the Prespa Agreement where we became NORTH MACEDONIANS. We swallow for bilingualism illegal without the President's signature. We swallow for good neighborliness with the OCCUPIER. Do you have a backbone, do you have dignity, do you have NATIONAL PRIDE?! You imposed a loser mentality on this nation, you are a reborn political elite that is the biggest bloodsucker of the Macedonian people!"" Left From Parliament Not For Constitutional Changes","Апасиев: Удавете се во септичката јама која сами ја ископавте - уставни измени нема да има! — (Историски говор на Претседателот на Левица - Димитар АПАСИЕВ на денешната собраниска Комисија за промена на Уставот) „Сѐ што денес зборуваме е обична козметика, затоа што влегуваме во еден лузерски процес, бидејќи вие навикнавте и сакате и нас како македонска нација да нѐ навикнете на ПОРАЗИ. Првото, францускиот предлог за бугаризација, спортски кажано вие премиере, со министерот, изгубивте 17:2 во процесот. Независни германски експерти ви кажаа дека ова е чудо на бугарската дипломатија. Или како што велат антимакедонскте кругови во Софија ова е СМРТ НА МАКЕДОНИЗМОТ, ова е спој на необализам и неоврховизам. Следно, историјата влезе како дел од преговарачката рамка. Наместо да преговараме за Копенхашки критериуми, ние ќе преговараме каков бил Цар Самоил, каков бил Гоце Делчев, какво било Илинденското востание. И што е најтрагично, не обезбедивте државнички гаранции дека ќе нема нови вета. И тоа не само од Бугарија, која има уште 35 пати шанса да ни стави вето. Ќе ни стават и други земји. Вие сте недоветни да водите дипломатија и тоа треба да си го прифатите! Следно, имаме унилатерална изјава за македонскиот јазик, званично архивирана во европски архиви, дека македонскиот јазик е ЗАПАДНОБУГАРСКИ ДИЈАЛЕКТ. Оттука, вие немате право да се нарекувате Социјалдемократски сојуз на Македонија! „М“-то станува СДС-Михајловистичка. Вие сте предводници на неоврховизмот заедно со бализмот во Владата. Добивме само анонимусни бирократи од ЕУ кои ни навиваат часовници и ни викаат ""затнете го носот и голтајте"". КОЛКУ ПАТИ ТРЕБА ДА ГОЛТАМЕ ПРЕМИЕРЕ?! 40 пати Уставот го менуваме. Уставот се менува со рака која трепери. Голтавме за ФИРОМ. Голтавме за знамето. Голтаме за Рамковниот Договор. Голтаме за територијалната поделба. Голтаме за Преспанскиот договор каде станавме СЕВЕРНОМАКЕДОНЦИ. Голтаме за двојазичноста илегална без потпис на Претседателот. Голтаме за добрососедство со ОКУПАТОРОТ. Имате ли вие кичма, имате ли вие достоинство, имате ли вие НАЦИОНАЛНА ГОРДОСТ?! Вие наметнавте лузерски менталитет на овој народ, вие сте една одродена политичка елита која е најголем КРВНИК на македонскиот народ!"" ЛевицаОдПарламент НеЗаУставниИзмени",73,ok
had-LSYNqqU,Регионална конференција: ЕУ да испорача датум за преговори со Северна Македонија и Албанија,"Follow Kanal5 on...
• FB: https://smarturl.it/fb5
• IG: https://smarturl.it/Ig5
• Web: https://kanal5.com.mk/

© & ℗ Kanal5 & IN Media. All Rights Reserved



Европската Унија ќе го изгуби кредибилитетот и нејзината улога доколку не одреди датум за почеток на преговорите со Северна Македонија, е оценката од регионалната конференција во организација на кабинетот на екс шефот на државата, Бранко Црвенковски.",Канал 5 Телевизија,2019-06-04 13:12:29+00:00,2019,599,3,4,42,ЕУ преговори Македонија,ЕУ преговори Македонија,mk,https://www.youtube.com/watch?v=had-LSYNqqU,Регионална конференција: ЕУ да испорача датум за преговори со Северна Македонија и Албанија,"Follow Kanal5 on... Европската Унија ќе го изгуби кредибилитетот и нејзината улога доколку не одреди датум за почеток на преговорите со Северна Македонија, е оценката од регионалната конференција во организација на кабинетот на екс шефот на државата, Бранко Црвенковски.","Регионална конференција: ЕУ да испорача датум за преговори со Северна Македонија и Албанија — Follow Kanal5 on... Европската Унија ќе го изгуби кредибилитетот и нејзината улога доколку не одреди датум за почеток на преговорите со Северна Македонија, е оценката од регионалната конференција во организација на кабинетот на екс шефот на државата, Бранко Црвенковски.",Regional conference: EU to deliver a date for negotiations with North Macedonia and Albania,"Follow Kanal5 on... The European Union will lose its credibility and its role if it does not set a date for the start of negotiations with North Macedonia, is the assessment from the regional conference organized by the cabinet of the former head of state, Branko Crvenkovski.","Regional conference: EU to deliver a date for negotiations with North Macedonia and Albania — Follow Kanal5 on... The European Union will lose its credibility and its role if it does not set a date for the start of negotiations with North Macedonia, is the assessment from the regional conference organized by the cabinet of the former head of state, Branko Crvenkovski.","Регионална конференција: ЕУ да испорача датум за преговори со Северна Македонија и Албанија — Follow Kanal5 on... Европската Унија ќе го изгуби кредибилитетот и нејзината улога доколку не одреди датум за почеток на преговорите со Северна Македонија, е оценката од регионалната конференција во организација на кабинетот на екс шефот на државата, Бранко Црвенковски.",2,ok
P64y-BEpYYY,25 минути - Какви се шансите за крај на бугарското вето кон Македонија за ЕУ?,"Какви се шансите за крај на бугарското вето кон Македонија за ЕУ?Француското претседателство со Унијата се уште не е завршено, па оттука на сила е се уште авторитетот на Макрон за кревање на бугарското вето - вели Бојан Маричиќ - вицепремиер за евроинтеграции за емисијата 25 минути.",Televizija 24,2022-06-12 16:48:14+00:00,2022,792,3,2,41,бугарско вето Македонија,бугарско вето Македонија,mk,https://www.youtube.com/watch?v=P64y-BEpYYY,25 минути - Какви се шансите за крај на бугарското вето кон Македонија за ЕУ?,"Какви се шансите за крај на бугарското вето кон Македонија за ЕУ?Француското претседателство со Унијата се уште не е завршено, па оттука на сила е се уште авторитетот на Макрон за кревање на бугарското вето - вели Бојан Маричиќ - вицепремиер за евроинтеграции за емисијата 25 минути.","25 минути - Какви се шансите за крај на бугарското вето кон Македонија за ЕУ? — Какви се шансите за крај на бугарското вето кон Македонија за ЕУ?Француското претседателство со Унијата се уште не е завршено, па оттука на сила е се уште авторитетот на Макрон за кревање на бугарското вето - вели Бојан Маричиќ - вицепремиер за евроинтеграции за емисијата 25 минути.",25 minutes - What are the chances of ending the Bulgarian veto towards Macedonia for the EU?,"What are the chances of an end to the Bulgarian veto towards Macedonia for the EU? The French presidency of the Union is not over yet, so Macron's authority to lift the Bulgarian veto is still in force - says Bojan Maricic - Deputy Prime Minister for European Integrations for the 25 minutes show.","25 minutes - What are the chances of ending the Bulgarian veto towards Macedonia for the EU? — What are the chances of an end to the Bulgarian veto towards Macedonia for the EU? The French presidency of the Union is not over yet, so Macron's authority to lift the Bulgarian veto is still in force - says Bojan Maricic - Deputy Prime Minister for European Integrations for the 25 minutes show.","25 минути - Какви се шансите за крај на бугарското вето кон Македонија за ЕУ? — Какви се шансите за крај на бугарското вето кон Македонија за ЕУ?Француското претседателство со Унијата се уште не е завршено, па оттука на сила е се уште авторитетот на Макрон за кревање на бугарското вето - вели Бојан Маричиќ - вицепремиер за евроинтеграции за емисијата 25 минути.",2,ok
eErJa8iSS_o,"ТРОЈНОТО НЕ ОД МАКЕДОНСКИОТ НАРОД УПАТЕНО КОН ЕУ, НАТО И ПРЕСПАНСКИОТ - ОБВРСКА ЗА СЕКОЈА ИДНА ВЛАДА","ТРОЈНОТО НЕ ОД МАКЕДОНСКИОТ НАРОД УПАТЕНО КОН ЕУ, НАТО И ГЕНОЦИДНИТЕ ДОГОВОРИ - ОБВРСКА ЗА СЕКОЈА ИДНА МАКЕДОНСКА ВЛАДА
На 30.09.2019год. се одржа протестен марш по повод една година од Референдумот кој нелегитимната власт го организираше за зачленување на Македонија во ЕУ и НАТО со прифаќање на т.н. Преспански договор со Грција. Овој референдум македонскиот народ го бојкотираше. Државната изборна комисија објави дека е неуспешен, односно народот не прифати зачленување на Македонија во ЕУ и НАТО и не го прифати Преспанскиот договор а со тоа ниту промената на името. Со оглед на медиумската блокада, огромното полициско присуство, репресивната психоза која власта ја создаде кај народот со претходни апсења на патриоти со монтирани случаи но и огромната партиска контрола преку нивните мрежи на сдс и дпне,  сепак околу 2000 храбри Македонки и Македонци излегоа да ја потсетат домашната и светската јавност дека нелегитимната власт во Македонија не ја почитува одлуката на граѓаните.",Родина Македонија Политичка партија,2019-10-01 06:32:00+00:00,2019,872,32,4,40,НАТО ЕУ Македонија протест,НАТО ЕУ Македонија протест,mk,https://www.youtube.com/watch?v=eErJa8iSS_o,"ТРОЈНОТО НЕ ОД МАКЕДОНСКИОТ НАРОД УПАТЕНО КОН ЕУ, НАТО И ПРЕСПАНСКИОТ - ОБВРСКА ЗА СЕКОЈА ИДНА ВЛАДА","ТРОЈНОТО НЕ ОД МАКЕДОНСКИОТ НАРОД УПАТЕНО КОН ЕУ, НАТО И ГЕНОЦИДНИТЕ ДОГОВОРИ - ОБВРСКА ЗА СЕКОЈА ИДНА МАКЕДОНСКА ВЛАДА На 30.09.2019год. се одржа протестен марш по повод една година од Референдумот кој нелегитимната власт го организираше за зачленување на Македонија во ЕУ и НАТО со прифаќање на т.н. Преспански договор со Грција. Овој референдум македонскиот народ го бојкотираше. Државната изборна комисија објави дека е неуспешен, односно народот не прифати зачленување на Македонија во ЕУ и НАТО и не го прифати Преспанскиот договор а со тоа ниту промената на името. Со оглед на медиумската блокада, огромното полициско присуство, репресивната психоза која власта ја создаде кај народот со претходни апсења на патриоти со монтирани случаи но и огромната партиска контрола преку нивните мрежи на сдс и дпне, сепак околу 2000 храбри Македонки и Македонци излегоа да ја потсетат домашната и светската јавност дека нелегитимната власт во Македонија не ја почитува одлуката на граѓаните.","ТРОЈНОТО НЕ ОД МАКЕДОНСКИОТ НАРОД УПАТЕНО КОН ЕУ, НАТО И ПРЕСПАНСКИОТ - ОБВРСКА ЗА СЕКОЈА ИДНА ВЛАДА — ТРОЈНОТО НЕ ОД МАКЕДОНСКИОТ НАРОД УПАТЕНО КОН ЕУ, НАТО И ГЕНОЦИДНИТЕ ДОГОВОРИ - ОБВРСКА ЗА СЕКОЈА ИДНА МАКЕДОНСКА ВЛАДА На 30.09.2019год. се одржа протестен марш по повод една година од Референдумот кој нелегитимната власт го организираше за зачленување на Македонија во ЕУ и НАТО со прифаќање на т.н. Преспански договор со Грција. Овој референдум македонскиот народ го бојкотираше. Државната изборна комисија објави дека е неуспешен, односно народот не прифати зачленување на Македонија во ЕУ и НАТО и не го прифати Преспанскиот договор а со тоа ниту промената на името. Со оглед на медиумската блокада, огромното полициско присуство, репресивната психоза која власта ја создаде кај народот со претходни апсења на патриоти со монтирани случаи но и огромната партиска контрола преку нивните мрежи на сдс и дпне, сепак околу 2000 храбри Македонки и Македонци излегоа да ја потсетат домашната и светската јавност дека нелегитимната власт во Македонија не ја почитува одлуката на граѓаните.","THE TRIPLE NO FROM THE MACEDONIAN PEOPLE ADDRESSED TO THE EU, NATO AND PRESPA - AN OBLIGATION FOR ANY FUTURE GOVERNMENT","THE TRIPLE NO OF THE MACEDONIAN PEOPLE ADDRESSED TO THE EU, NATO AND THE GENOCIDE AGREEMENTS - A COMMITMENT FOR EVERY FUTURE MACEDONIAN GOVERNMENT On September 30, 2019. a protest march was held on the occasion of one year since the Referendum organized by the illegitimate government for the accession of Macedonia to the EU and NATO by accepting the so-called Prespa agreement with Greece. The Macedonian people boycotted this referendum. The State Election Commission announced that it was unsuccessful, that is, the people did not accept Macedonia's membership in the EU and NATO and did not accept the Prespa Agreement, and thus neither the name change. Considering the media blockade, the huge police presence, the repressive psychosis that the government created among the people with previous arrests of patriots with fabricated cases, but also the huge party control through their SDS and DPNE networks, still around 2000 brave Macedonian men and women came out to remind the domestic and world public that the illegitimate government in Macedonia does not respect the decision of the citizens.","THE TRIPLE NO FROM THE MACEDONIAN PEOPLE ADDRESSED TO THE EU, NATO AND PRESPA - AN OBLIGATION FOR ANY FUTURE GOVERNMENT — THE TRIPLE NO OF THE MACEDONIAN PEOPLE ADDRESSED TO THE EU, NATO AND THE GENOCIDE AGREEMENTS - A COMMITMENT FOR EVERY FUTURE MACEDONIAN GOVERNMENT On September 30, 2019. a protest march was held on the occasion of one year since the Referendum organized by the illegitimate government for the accession of Macedonia to the EU and NATO by accepting the so-called Prespa agreement with Greece. The Macedonian people boycotted this referendum. The State Election Commission announced that it was unsuccessful, that is, the people did not accept Macedonia's membership in the EU and NATO and did not accept the Prespa Agreement, and thus neither the name change. Considering the media blockade, the huge police presence, the repressive psychosis that the government created among the people with previous arrests of patriots with fabricated cases, but also the huge party control through their SDS and DPNE networks, still around 2000 brave Macedonian men and women came out to remind the domestic and world public that the illegitimate government in Macedonia does not respect the decision of the citizens.","ТРОЈНОТО НЕ ОД МАКЕДОНСКИОТ НАРОД УПАТЕНО КОН ЕУ, НАТО И ПРЕСПАНСКИОТ - ОБВРСКА ЗА СЕКОЈА ИДНА ВЛАДА — ТРОЈНОТО НЕ ОД МАКЕДОНСКИОТ НАРОД УПАТЕНО КОН ЕУ, НАТО И ГЕНОЦИДНИТЕ ДОГОВОРИ - ОБВРСКА ЗА СЕКОЈА ИДНА МАКЕДОНСКА ВЛАДА На 30.09.2019год. се одржа протестен марш по повод една година од Референдумот кој нелегитимната власт го организираше за зачленување на Македонија во ЕУ и НАТО со прифаќање на т.н. Преспански договор со Грција. Овој референдум македонскиот народ го бојкотираше. Државната изборна комисија објави дека е неуспешен, односно народот не прифати зачленување на Македонија во ЕУ и НАТО и не го прифати Преспанскиот договор а со тоа ниту промената на името. Со оглед на медиумската блокада, огромното полициско присуство, репресивната психоза која власта ја создаде кај народот со претходни апсења на патриоти со монтирани случаи но и огромната партиска контрола преку нивните мрежи на сдс и дпне, сепак околу 2000 храбри Македонки и Македонци излегоа да ја потсетат домашната и светската јавност дека нелегитимната власт во Македонија не ја почитува одлуката на граѓаните.",2,ok
s-Vo04PddZg,Кирацовски: Датумот за преговори со ЕУ е голем успех за Македонија,"Follow Kanal5 on...
• FB: https://smarturl.it/fb5
• IG: https://smarturl.it/Ig5
• Web: https://kanal5.com.mk/

© & ℗ Kanal5 & IN Media. All Rights Reserved



Нека ни е честито на сите! Европската унија одлучи: Македонија започнува преговори за полноправно членство во 2019 година.",Канал 5 Телевизија,2018-06-27 13:14:42+00:00,2018,387,1,1,40,ЕУ преговори Македонија,ЕУ преговори Македонија,mk,https://www.youtube.com/watch?v=s-Vo04PddZg,Кирацовски: Датумот за преговори со ЕУ е голем успех за Македонија,Follow Kanal5 on... Нека ни е честито на сите! Европската унија одлучи: Македонија започнува преговори за полноправно членство во 2019 година.,Кирацовски: Датумот за преговори со ЕУ е голем успех за Македонија — Follow Kanal5 on... Нека ни е честито на сите! Европската унија одлучи: Македонија започнува преговори за полноправно членство во 2019 година.,Kiratsovski: The date for negotiations with the EU is a great success for Macedonia,Follow Kanal5 on... Congratulations to all of us! The European Union has decided: Macedonia will start negotiations for full membership in 2019.,Kiratsovski: The date for negotiations with the EU is a great success for Macedonia — Follow Kanal5 on... Congratulations to all of us! The European Union has decided: Macedonia will start negotiations for full membership in 2019.,Кирацовски: Датумот за преговори со ЕУ е голем успех за Македонија — Follow Kanal5 on... Нека ни е честито на сите! Европската унија одлучи: Македонија започнува преговори за полноправно членство во 2019 година.,1,ok
iT_D1sTv5Xs,Името МАКЕДОНИЈА е најстарото државно име во Европа,"Само сонцето е постаро од Македонија - Волшебна Македонија | Документарна серија на македонски и англиски јазик

Епизода 1: https://www.youtube.com/watch?v=dYCgNRU9zvA
Епизода 2: https://www.youtube.com/watch?v=lk5VLeIUWAs
Епизода 3: https://www.youtube.com/watch?v=u-27H72IrQ4
Епизода 4: https://www.youtube.com/watch?v=31cl4pFIHKQ
Епизода 5: https://www.youtube.com/watch?v=rXYeB44TUhU

Kоја е земјата со најмногу археолошки локалитети на метар квадратен? Од кога човекот живеел на територијата на денешната Македонија? Што знаеме за славното античко минато на големата Македонска империја? Зошто Македонија е лулката на христијанството? Со какво културно наследство располага Република Македонија? Земјата на првиот европски универзитет, земјата од каде започнала ренесансата, земјата од која писменоста се раширила низ цела Европа, а културата низ цел свет. Само сонцето е постаро од Македонија!",ARISTON PRODUCTION MACEDONIA,2024-10-20 15:00:06+00:00,2024,260,14,1,40,името на Македонија,името на Македонија,mk,https://www.youtube.com/watch?v=iT_D1sTv5Xs,Името МАКЕДОНИЈА е најстарото државно име во Европа,"Само сонцето е постаро од Македонија - Волшебна Македонија | Документарна серија на македонски и англиски јазик Kоја е земјата со најмногу археолошки локалитети на метар квадратен? Од кога човекот живеел на територијата на денешната Македонија? Што знаеме за славното античко минато на големата Македонска империја? Зошто Македонија е лулката на христијанството? Со какво културно наследство располага Република Македонија? Земјата на првиот европски универзитет, земјата од каде започнала ренесансата, земјата од која писменоста се раширила низ цела Европа, а културата низ цел свет. Само сонцето е постаро од Македонија!","Името МАКЕДОНИЈА е најстарото државно име во Европа — Само сонцето е постаро од Македонија - Волшебна Македонија | Документарна серија на македонски и англиски јазик Kоја е земјата со најмногу археолошки локалитети на метар квадратен? Од кога човекот живеел на територијата на денешната Македонија? Што знаеме за славното античко минато на големата Македонска империја? Зошто Македонија е лулката на христијанството? Со какво културно наследство располага Република Македонија? Земјата на првиот европски универзитет, земјата од каде започнала ренесансата, земјата од која писменоста се раширила низ цела Европа, а културата низ цел свет. Само сонцето е постаро од Македонија!",The name MACEDONIA is the oldest state name in Europe,"Only the sun is older than Macedonia - Magical Macedonia | Documentary series in Macedonian and English Which is the country with the most archaeological sites per square meter? Since when did man live in the territory of today's Macedonia? What do we know about the glorious ancient past of the great Macedonian empire? Why is Macedonia the cradle of Christianity? What kind of cultural heritage does the Republic of Macedonia have? The country of the first European university, the country where the renaissance began, the country from which literacy spread throughout Europe, and culture throughout the world. Only the sun is older than Macedonia!","The name MACEDONIA is the oldest state name in Europe — Only the sun is older than Macedonia - Magical Macedonia | Documentary series in Macedonian and English Which is the country with the most archaeological sites per square meter? Since when did man live in the territory of today's Macedonia? What do we know about the glorious ancient past of the great Macedonian empire? Why is Macedonia the cradle of Christianity? What kind of cultural heritage does the Republic of Macedonia have? The country of the first European university, the country where the renaissance began, the country from which literacy spread throughout Europe, and culture throughout the world. Only the sun is older than Macedonia!","Името МАКЕДОНИЈА е најстарото државно име во Европа — Само сонцето е постаро од Македонија - Волшебна Македонија | Документарна серија на македонски и англиски јазик Kоја е земјата со најмногу археолошки локалитети на метар квадратен? Од кога човекот живеел на територијата на денешната Македонија? Што знаеме за славното античко минато на големата Македонска империја? Зошто Македонија е лулката на христијанството? Со какво културно наследство располага Република Македонија? Земјата на првиот европски универзитет, земјата од каде започнала ренесансата, земјата од која писменоста се раширила низ цела Европа, а културата низ цел свет. Само сонцето е постаро од Македонија!",1,ok
7tiY4LaDPP4,Грчки медиуми: Северна Македонија со македонски јазик и македонски идентитет,"Follow Kanal5 on...
• FB: https://smarturl.it/fb5
• IG: https://smarturl.it/Ig5
• Web: https://kanal5.com.mk/

© & ℗ Kanal5 & IN Media. All Rights Reserved



Република Северна Македонија (Republic of North Macedonia, на англиски) е името за севкупна употреба кое наводно го договориле премиерите на двете држави, пишуваат грчките медиуми претпладнево.",Канал 5 Телевизија,2018-06-12 13:21:24+00:00,2018,5756,34,6,39,македонски идентитет,македонски идентитет,mk,https://www.youtube.com/watch?v=7tiY4LaDPP4,Грчки медиуми: Северна Македонија со македонски јазик и македонски идентитет,"Follow Kanal5 on... Република Северна Македонија (Republic of North Macedonia, на англиски) е името за севкупна употреба кое наводно го договориле премиерите на двете држави, пишуваат грчките медиуми претпладнево.","Грчки медиуми: Северна Македонија со македонски јазик и македонски идентитет — Follow Kanal5 on... Република Северна Македонија (Republic of North Macedonia, на англиски) е името за севкупна употреба кое наводно го договориле премиерите на двете држави, пишуваат грчките медиуми претпладнево.",Greek media: North Macedonia with Macedonian language and Macedonian identity,"Follow Kanal5 on... The Republic of North Macedonia (Republic of North Macedonia, in English) is the name for overall use that was allegedly agreed upon by the prime ministers of the two countries, the Greek media write this morning.","Greek media: North Macedonia with Macedonian language and Macedonian identity — Follow Kanal5 on... The Republic of North Macedonia (Republic of North Macedonia, in English) is the name for overall use that was allegedly agreed upon by the prime ministers of the two countries, the Greek media write this morning.","Грчки медиуми: Северна Македонија со македонски јазик и македонски идентитет — Follow Kanal5 on... Република Северна Македонија (Republic of North Macedonia, на англиски) е името за севкупна употреба кое наводно го договориле премиерите на двете држави, пишуваат грчките медиуми претпладнево.",4,ok
DJp8zdRagVw,24 Отворено - Како дојде до француски предлог?,"Македонија и рече не на Франција - предлогот на Макрон за кревање на ветото како непристоен предлог кој можеше да го распарчи и онака поделеното македонско општество. Изнудено одбивање или конзинстентен став на владата за неприфакање на предлози кои можат да го поткопаат националниот идентитет? Како дојде до француски предлог со кој во основа беа бетонирани бугарските позиции во спорот со Македонија? Што понатаму? Преспанскиот договор не научи дека секое одлговлекување не носи подобра позиција за Македонија. Значи ли тоа дека по португалскиот, а сега и со француската алтернатива за решение, македонските позиции за некои идни преговори се урнисани?

Во 24 отворено дебатираат Антонио Милошоски претседател на Комисијата за надворешни работи во Собранието и екс министер за надврешни работи во време на владата на ВМРО-ДПМНЕ и Андреј Петров член на извршниот одбор на СДСМ.",Televizija 24,2022-06-23 22:52:39+00:00,2022,6422,29,51,38,француски предлог Македонија,француски предлог Македонија,mk,https://www.youtube.com/watch?v=DJp8zdRagVw,24 Отворено - Како дојде до француски предлог?,"Македонија и рече не на Франција - предлогот на Макрон за кревање на ветото како непристоен предлог кој можеше да го распарчи и онака поделеното македонско општество. Изнудено одбивање или конзинстентен став на владата за неприфакање на предлози кои можат да го поткопаат националниот идентитет? Како дојде до француски предлог со кој во основа беа бетонирани бугарските позиции во спорот со Македонија? Што понатаму? Преспанскиот договор не научи дека секое одлговлекување не носи подобра позиција за Македонија. Значи ли тоа дека по португалскиот, а сега и со француската алтернатива за решение, македонските позиции за некои идни преговори се урнисани? Во 24 отворено дебатираат Антонио Милошоски претседател на Комисијата за надворешни работи во Собранието и екс министер за надврешни работи во време на владата на ВМРО-ДПМНЕ и Андреј Петров член на извршниот одбор на СДСМ.","24 Отворено - Како дојде до француски предлог? — Македонија и рече не на Франција - предлогот на Макрон за кревање на ветото како непристоен предлог кој можеше да го распарчи и онака поделеното македонско општество. Изнудено одбивање или конзинстентен став на владата за неприфакање на предлози кои можат да го поткопаат националниот идентитет? Како дојде до француски предлог со кој во основа беа бетонирани бугарските позиции во спорот со Македонија? Што понатаму? Преспанскиот договор не научи дека секое одлговлекување не носи подобра позиција за Македонија. Значи ли тоа дека по португалскиот, а сега и со француската алтернатива за решение, македонските позиции за некои идни преговори се урнисани? Во 24 отворено дебатираат Антонио Милошоски претседател на Комисијата за надворешни работи во Собранието и екс министер за надврешни работи во време на владата на ВМРО-ДПМНЕ и Андреј Петров член на извршниот одбор на СДСМ.",24 Open - How did the French proposal come about?,"Macedonia said no to France - Macron's proposal to lift the veto as an obscene proposal that could tear apart the already divided Macedonian society. Forced refusal or the government's consistent attitude of not accepting proposals that can undermine national identity? How did the French proposal come about, which basically cemented the Bulgarian positions in the dispute with Macedonia? What next? The Prespa agreement taught us that any delay does not bring a better position for Macedonia. Does that mean that after the Portuguese, and now with the French alternative for a solution, the Macedonian positions for some future negotiations have been destroyed? At 24, Antonio Miloshoski, president of the Foreign Affairs Commission in the Parliament and ex-minister of external affairs during the VMRO-DPMNE government, and Andrej Petrov, a member of the executive board of SDSM, are debating openly.","24 Open - How did the French proposal come about? — Macedonia said no to France - Macron's proposal to lift the veto as an obscene proposal that could tear apart the already divided Macedonian society. Forced refusal or the government's consistent attitude of not accepting proposals that can undermine national identity? How did the French proposal come about, which basically cemented the Bulgarian positions in the dispute with Macedonia? What next? The Prespa agreement taught us that any delay does not bring a better position for Macedonia. Does that mean that after the Portuguese, and now with the French alternative for a solution, the Macedonian positions for some future negotiations have been destroyed? At 24, Antonio Miloshoski, president of the Foreign Affairs Commission in the Parliament and ex-minister of external affairs during the VMRO-DPMNE government, and Andrej Petrov, a member of the executive board of SDSM, are debating openly.","24 Отворено - Како дојде до француски предлог? — Македонија и рече не на Франција - предлогот на Макрон за кревање на ветото како непристоен предлог кој можеше да го распарчи и онака поделеното македонско општество. Изнудено одбивање или конзинстентен став на владата за неприфакање на предлози кои можат да го поткопаат националниот идентитет? Како дојде до француски предлог со кој во основа беа бетонирани бугарските позиции во спорот со Македонија? Што понатаму? Преспанскиот договор не научи дека секое одлговлекување не носи подобра позиција за Македонија. Значи ли тоа дека по португалскиот, а сега и со француската алтернатива за решение, македонските позиции за некои идни преговори се урнисани? Во 24 отворено дебатираат Антонио Милошоски претседател на Комисијата за надворешни работи во Собранието и екс министер за надврешни работи во време на владата на ВМРО-ДПМНЕ и Андреј Петров член на извршниот одбор на СДСМ.",16,ok
OUDZhf5eiDI,„Тврдокорни” и „Македонија блокира“ протестираат против преспанскиот договор,"Follow Kanal5 on...
• FB: https://smarturl.it/fb5
• IG: https://smarturl.it/Ig5
• Web: https://kanal5.com.mk/

© & ℗ Kanal5 & IN Media. All Rights Reserved



Паралелно со закажаната собраниска седница за уставни измени пред законодавниот дом точно на пладне започна протестот на граѓански здруженија меѓу кои „Македонија блокира“ и „Тврдокорни“ против промена на уставно име.",Канал 5 Телевизија,2019-01-09 13:56:47+00:00,2019,2216,48,10,38,НАТО ЕУ Македонија протест,НАТО ЕУ Македонија протест,mk,https://www.youtube.com/watch?v=OUDZhf5eiDI,„Тврдокорни” и „Македонија блокира“ протестираат против преспанскиот договор,Follow Kanal5 on... Паралелно со закажаната собраниска седница за уставни измени пред законодавниот дом точно на пладне започна протестот на граѓански здруженија меѓу кои „Македонија блокира“ и „Тврдокорни“ против промена на уставно име.,„Тврдокорни” и „Македонија блокира“ протестираат против преспанскиот договор — Follow Kanal5 on... Паралелно со закажаната собраниска седница за уставни измени пред законодавниот дом точно на пладне започна протестот на граѓански здруженија меѓу кои „Македонија блокира“ и „Тврдокорни“ против промена на уставно име.,"""Hard-core"" and ""Macedonia blocks"" are protesting against the Prespa agreement","Follow Kanal5 on... Parallel to the scheduled parliamentary session for constitutional amendments in front of the legislature, the protest of civil associations, including ""Macedonia blocks"" and ""Tvrdokorni"" against changing the constitutional name, began at noon.","""Hard-core"" and ""Macedonia blocks"" are protesting against the Prespa agreement — Follow Kanal5 on... Parallel to the scheduled parliamentary session for constitutional amendments in front of the legislature, the protest of civil associations, including ""Macedonia blocks"" and ""Tvrdokorni"" against changing the constitutional name, began at noon.",„Тврдокорни” и „Македонија блокира“ протестираат против преспанскиот договор — Follow Kanal5 on... Паралелно со закажаната собраниска седница за уставни измени пред законодавниот дом точно на пладне започна протестот на граѓански здруженија меѓу кои „Македонија блокира“ и „Тврдокорни“ против промена на уставно име.,4,ok
il_nOsikLXA,Пред Собранието на Македонија протест против уставни измени,"Пред Собранието, на чиј дневен ред е клучната седница за уставните промени, се одржува протест во организација на здруженијата „Tврдокорни” и ,,Македонија блокира“ против усвојувањето на уставните амандмани.
Објавено на https://www.slobodnaevropa.mk/a/29699474.html",Radio Slobodna Evropa na Makedonski,2019-01-09 12:25:15+00:00,2019,683,27,1,38,уставни измени Македонија,уставни измени Македонија,mk,https://www.youtube.com/watch?v=il_nOsikLXA,Пред Собранието на Македонија протест против уставни измени,"Пред Собранието, на чиј дневен ред е клучната седница за уставните промени, се одржува протест во организација на здруженијата „Tврдокорни” и ,,Македонија блокира“ против усвојувањето на уставните амандмани.","Пред Собранието на Македонија протест против уставни измени — Пред Собранието, на чиј дневен ред е клучната седница за уставните промени, се одржува протест во организација на здруженијата „Tврдокорни” и ,,Македонија блокира“ против усвојувањето на уставните амандмани.",Protest against constitutional amendments in front of the Parliament of Macedonia,"In front of the Parliament, whose agenda is the key session on the constitutional changes, a protest organized by the associations ""Tvrdokorni"" and ""Macedonia blocks"" is being held against the adoption of the constitutional amendments.","Protest against constitutional amendments in front of the Parliament of Macedonia — In front of the Parliament, whose agenda is the key session on the constitutional changes, a protest organized by the associations ""Tvrdokorni"" and ""Macedonia blocks"" is being held against the adoption of the constitutional amendments.","Пред Собранието на Македонија протест против уставни измени — Пред Собранието, на чиј дневен ред е клучната седница за уставните промени, се одржува протест во организација на здруженијата „Tврдокорни” и ,,Македонија блокира“ против усвојувањето на уставните амандмани.",1,ok
ynIKtjEr1ww,13 земји членки на ЕУ со нон-пејпер агитираат на Македонија годинава да и се додели датум,"Follow Kanal5 on...
• FB: https://smarturl.it/fb5
• IG: https://smarturl.it/Ig5
• Web: https://kanal5.com.mk/

© & ℗ Kanal5 & IN Media. All Rights Reserved



Околу датумот за старт на преговорите за земјава тринаесет земји членки на Унијата  подготвуваат допис до централата во Брисел за тоа дека на Македонија треба да и се додели датум и да ги почне преговорите.",Канал 5 Телевизија,2019-06-14 12:42:51+00:00,2019,1453,4,4,37,ЕУ преговори Македонија,ЕУ преговори Македонија,mk,https://www.youtube.com/watch?v=ynIKtjEr1ww,13 земји членки на ЕУ со нон-пејпер агитираат на Македонија годинава да и се додели датум,Follow Kanal5 on... Околу датумот за старт на преговорите за земјава тринаесет земји членки на Унијата подготвуваат допис до централата во Брисел за тоа дека на Македонија треба да и се додели датум и да ги почне преговорите.,13 земји членки на ЕУ со нон-пејпер агитираат на Македонија годинава да и се додели датум — Follow Kanal5 on... Околу датумот за старт на преговорите за земјава тринаесет земји членки на Унијата подготвуваат допис до централата во Брисел за тоа дека на Македонија треба да и се додели датум и да ги почне преговорите.,13 member states of the EU are agitating with a non-paper to give Macedonia a date this year,"Follow Kanal5 on... Around the date for the start of the negotiations for the country, thirteen member states of the Union are preparing a letter to the headquarters in Brussels that Macedonia should be given a date and start the negotiations.","13 member states of the EU are agitating with a non-paper to give Macedonia a date this year — Follow Kanal5 on... Around the date for the start of the negotiations for the country, thirteen member states of the Union are preparing a letter to the headquarters in Brussels that Macedonia should be given a date and start the negotiations.",13 земји членки на ЕУ со нон-пејпер агитираат на Македонија годинава да и се додели датум — Follow Kanal5 on... Околу датумот за старт на преговорите за земјава тринаесет земји членки на Унијата подготвуваат допис до централата во Брисел за тоа дека на Македонија треба да и се додели датум и да ги почне преговорите.,2,ok
AerX-Lc5_A4,24 анализа - Плати ли Македонија преголема цена за европските интеграции?,"Се плаши ли СДСМ од предвремени парлементрани избори – по промената на уставното име и Законот за албански јазик? Ги бара ли ВМРО-ДПМНЕ, а „моли бога“ да не ги добие - особено откако тивко помогнаа уставните измени да поминат без поголема драма? Плати ли Македонија преголема цена за европските интеграции, која е неизвесно дали и кога ќе и се исплати, кои ќе бидат последиците за власта, кои за опозицијата во целиот тој процес? Колку ќе ги чини граѓаните новиот Закон за јазици, зошто власта го донесе на сила, ќе одговара ли некој кривично, што ќе значи повикот за бојкот од опозицијата до институциите, дали ако ВМРО-ДПМНЕ беше на власт ќе го бранеше со истата жестина со која сега го напаѓа? 
Во 24 Анализа, дебата меѓу потпретседателот на СДСМ и член на извршниот одбор, Дамјан Манчевски и координаторот на пратеничката група на ВМРО-ДПМНЕ и дел од Извршниот комитет, Никола Мицевски.",Televizija 24,2019-01-18 01:59:42+00:00,2019,6108,13,12,36,довербата во институциите,довербата во институциите,mk,https://www.youtube.com/watch?v=AerX-Lc5_A4,24 анализа - Плати ли Македонија преголема цена за европските интеграции?,"Се плаши ли СДСМ од предвремени парлементрани избори – по промената на уставното име и Законот за албански јазик? Ги бара ли ВМРО-ДПМНЕ, а „моли бога“ да не ги добие - особено откако тивко помогнаа уставните измени да поминат без поголема драма? Плати ли Македонија преголема цена за европските интеграции, која е неизвесно дали и кога ќе и се исплати, кои ќе бидат последиците за власта, кои за опозицијата во целиот тој процес? Колку ќе ги чини граѓаните новиот Закон за јазици, зошто власта го донесе на сила, ќе одговара ли некој кривично, што ќе значи повикот за бојкот од опозицијата до институциите, дали ако ВМРО-ДПМНЕ беше на власт ќе го бранеше со истата жестина со која сега го напаѓа? Во 24 Анализа, дебата меѓу потпретседателот на СДСМ и член на извршниот одбор, Дамјан Манчевски и координаторот на пратеничката група на ВМРО-ДПМНЕ и дел од Извршниот комитет, Никола Мицевски.","24 анализа - Плати ли Македонија преголема цена за европските интеграции? — Се плаши ли СДСМ од предвремени парлементрани избори – по промената на уставното име и Законот за албански јазик? Ги бара ли ВМРО-ДПМНЕ, а „моли бога“ да не ги добие - особено откако тивко помогнаа уставните измени да поминат без поголема драма? Плати ли Македонија преголема цена за европските интеграции, која е неизвесно дали и кога ќе и се исплати, кои ќе бидат последиците за власта, кои за опозицијата во целиот тој процес? Колку ќе ги чини граѓаните новиот Закон за јазици, зошто власта го донесе на сила, ќе одговара ли некој кривично, што ќе значи повикот за бојкот од опозицијата до институциите, дали ако ВМРО-ДПМНЕ беше на власт ќе го бранеше со истата жестина со која сега го напаѓа? Во 24 Анализа, дебата меѓу потпретседателот на СДСМ и член на извршниот одбор, Дамјан Манчевски и координаторот на пратеничката група на ВМРО-ДПМНЕ и дел од Извршниот комитет, Никола Мицевски.",24 analysis - Did Macedonia pay too high a price for European integration?,"Is SDSM afraid of early parliamentary elections - after the change of the constitutional name and the Law on the Albanian language? Is VMRO-DPMNE looking for them, and ""pray to God"" not to get them - especially after they quietly helped the constitutional amendments pass without much drama? Did Macedonia pay too high a price for European integration, which is uncertain if and when it will be paid, what will be the consequences for the government, which for the opposition in the whole process? How much will the new Language Law cost the citizens, why did the government bring it into force, will anyone be held criminally responsible, what will the call for a boycott by the opposition to the institutions mean, if VMRO-DPMNE was in power would it defend it with the same fervor with which it is attacking it now? In 24 Analysis, a debate between the vice-president of SDSM and member of the executive board, Damjan Mancevski, and the coordinator of the parliamentary group of VMRO-DPMNE and part of the Executive Committee, Nikola Micevski.","24 analysis - Did Macedonia pay too high a price for European integration? — Is SDSM afraid of early parliamentary elections - after the change of the constitutional name and the Law on the Albanian language? Is VMRO-DPMNE looking for them, and ""pray to God"" not to get them - especially after they quietly helped the constitutional amendments pass without much drama? Did Macedonia pay too high a price for European integration, which is uncertain if and when it will be paid, what will be the consequences for the government, which for the opposition in the whole process? How much will the new Language Law cost the citizens, why did the government bring it into force, will anyone be held criminally responsible, what will the call for a boycott by the opposition to the institutions mean, if VMRO-DPMNE was in power would it defend it with the same fervor with which it is attacking it now? In 24 Analysis, a debate between the vice-president of SDSM and member of the executive board, Damjan Mancevski, and the coordinator of the parliamentary group of VMRO-DPMNE and part of the Executive Committee, Nikola Micevski.","24 анализа - Плати ли Македонија преголема цена за европските интеграции? — Се плаши ли СДСМ од предвремени парлементрани избори – по промената на уставното име и Законот за албански јазик? Ги бара ли ВМРО-ДПМНЕ, а „моли бога“ да не ги добие - особено откако тивко помогнаа уставните измени да поминат без поголема драма? Плати ли Македонија преголема цена за европските интеграции, која е неизвесно дали и кога ќе и се исплати, кои ќе бидат последиците за власта, кои за опозицијата во целиот тој процес? Колку ќе ги чини граѓаните новиот Закон за јазици, зошто власта го донесе на сила, ќе одговара ли некој кривично, што ќе значи повикот за бојкот од опозицијата до институциите, дали ако ВМРО-ДПМНЕ беше на власт ќе го бранеше со истата жестина со која сега го напаѓа? Во 24 Анализа, дебата меѓу потпретседателот на СДСМ и член на извршниот одбор, Дамјан Манчевски и координаторот на пратеничката група на ВМРО-ДПМНЕ и дел од Извршниот комитет, Никола Мицевски.",2,ok
vfjZeNGEjVM,Руски разузнавачи меѓу Македонија и НАТО,"Според официјални разузнавачки документи, од самитот на НАТО во 2008 година па наваму, Македонија се соочува со силна субверзивна пропаганда и разузнавачка активност координирана од Москва, се вели во извештајот на „Џејмстаун“,  фондација специјализирана за политички анализи.
Објавено на https://www.slobodnaevropa.mk/a/29463721.html",Radio Slobodna Evropa na Makedonski,2018-09-03 09:00:54+00:00,2018,2151,14,3,36,НАТО ЕУ Македонија протест,НАТО ЕУ Македонија протест,mk,https://www.youtube.com/watch?v=vfjZeNGEjVM,Руски разузнавачи меѓу Македонија и НАТО,"Според официјални разузнавачки документи, од самитот на НАТО во 2008 година па наваму, Македонија се соочува со силна субверзивна пропаганда и разузнавачка активност координирана од Москва, се вели во извештајот на „Џејмстаун“, фондација специјализирана за политички анализи.","Руски разузнавачи меѓу Македонија и НАТО — Според официјални разузнавачки документи, од самитот на НАТО во 2008 година па наваму, Македонија се соочува со силна субверзивна пропаганда и разузнавачка активност координирана од Москва, се вели во извештајот на „Џејмстаун“, фондација специјализирана за политички анализи.",Russian intelligence agents between Macedonia and NATO,"According to official intelligence documents, since the 2008 NATO summit, Macedonia has been facing strong subversive propaganda and intelligence activity coordinated by Moscow, according to a report by Jamestown, a foundation specializing in political analysis.","Russian intelligence agents between Macedonia and NATO — According to official intelligence documents, since the 2008 NATO summit, Macedonia has been facing strong subversive propaganda and intelligence activity coordinated by Moscow, according to a report by Jamestown, a foundation specializing in political analysis.","Руски разузнавачи меѓу Македонија и НАТО — Според официјални разузнавачки документи, од самитот на НАТО во 2008 година па наваму, Македонија се соочува со силна субверзивна пропаганда и разузнавачка активност координирана од Москва, се вели во извештајот на „Џејмстаун“, фондација специјализирана за политички анализи.",2,ok
HfezZsE-lT8,Левица: Уште еден закон одбиен - власта не гласаше за предлогот за денови на жалост,"На вчерашната собраниска седница, владејачкото мнозинство повторно не ја надмина својата партиска суета и не гласаше за предлог-законот на Левица за денови на жалост. Бидејќи во Македонија никако не е регулиран медиумскиот простор при денови на жалост, пратеничката група на Левица поднесе законско решение за регулирана медиумска програма без забавни и политички содржини за време на деновите на жалост, како и за воведување едноминутно молчење и санкции за недолично однесување.

Пратеникот Амар Мециновиќ од Левица, образложувајќи го предлогот, истакна дека „тагата не смее да биде дел од политички наратив“ и дека со законот се бараат јасни и унифицирани критериуми за прогласување денови на жалост, кои не би зависеле исклучиво од одлуката на Владата.

При образложување на предлог-законот, пратеникот Мециновиќ потенцира дека овој закон не навлегува во правото на слобода за изразување и во регулирањето на приватните субјекти, туку ги подразбира измените кои ќе дозволат како нација да ја доживееме тагата во која што сме се нашле и да се дозволи на вистински начин да закрепнеме од колективните трагедии. 

Предлогот се однесува на јавниот и на институционалниот домен, со фокус на одбележување трагични настани на национално и локално ниво.

Во предлогот стои дека целта на законот е обезбедување на правна основа за правилно одбележување на деновите на жалост на национално и локално ниво, преку организирано, унифицирано и достоинствено одбележување на трагични настани кои влијаат на националната и колективна меморија на државата, преку достоинствено оддавање почит кон настраданите и нивните блиски, како и поттикнување на човечноста, солидарноста и на националното единство.

Жално е што дури и при една катарза кое му се случи на македонското општество, власта предводена од ВМРО-ДПМНЕ не гласаше за конструктивно законско решение, кое треба да го пополни правниот вакуум каде Македонија е ретка држава која нема Закон за денови на жалост.",Левица Политичка Партија,2025-04-30 10:19:31+00:00,2025,1156,30,2,36,колективна жалост; колективна меморија,колективна жалост,mk,https://www.youtube.com/watch?v=HfezZsE-lT8,Левица: Уште еден закон одбиен - власта не гласаше за предлогот за денови на жалост,"На вчерашната собраниска седница, владејачкото мнозинство повторно не ја надмина својата партиска суета и не гласаше за предлог-законот на Левица за денови на жалост. Бидејќи во Македонија никако не е регулиран медиумскиот простор при денови на жалост, пратеничката група на Левица поднесе законско решение за регулирана медиумска програма без забавни и политички содржини за време на деновите на жалост, како и за воведување едноминутно молчење и санкции за недолично однесување. Пратеникот Амар Мециновиќ од Левица, образложувајќи го предлогот, истакна дека „тагата не смее да биде дел од политички наратив“ и дека со законот се бараат јасни и унифицирани критериуми за прогласување денови на жалост, кои не би зависеле исклучиво од одлуката на Владата. При образложување на предлог-законот, пратеникот Мециновиќ потенцира дека овој закон не навлегува во правото на слобода за изразување и во регулирањето на приватните субјекти, туку ги подразбира измените кои ќе дозволат како нација да ја доживееме тагата во која што сме се нашле и да се дозволи на вистински начин да закрепнеме од колективните трагедии. Предлогот се однесува на јавниот и на институционалниот домен, со фокус на одбележување трагични настани на национално и локално ниво. Во предлогот стои дека целта на законот е обезбедување на правна основа за правилно одбележување на деновите на жалост на национално и локално ниво, преку организирано, унифицирано и достоинствено одбележување на трагични настани кои влијаат на националната и колективна меморија на државата, преку достоинствено оддавање почит кон настраданите и нивните блиски, како и поттикнување на човечноста, солидарноста и на националното единство. Жално е што дури и при една катарза кое му се случи на македонското општество, власта предводена од ВМРО-ДПМНЕ не гласаше за конструктивно законско решение, кое треба да го пополни правниот вакуум каде Македонија е ретка држава која нема Закон за денови на жалост.","Левица: Уште еден закон одбиен - власта не гласаше за предлогот за денови на жалост — На вчерашната собраниска седница, владејачкото мнозинство повторно не ја надмина својата партиска суета и не гласаше за предлог-законот на Левица за денови на жалост. Бидејќи во Македонија никако не е регулиран медиумскиот простор при денови на жалост, пратеничката група на Левица поднесе законско решение за регулирана медиумска програма без забавни и политички содржини за време на деновите на жалост, како и за воведување едноминутно молчење и санкции за недолично однесување. Пратеникот Амар Мециновиќ од Левица, образложувајќи го предлогот, истакна дека „тагата не смее да биде дел од политички наратив“ и дека со законот се бараат јасни и унифицирани критериуми за прогласување денови на жалост, кои не би зависеле исклучиво од одлуката на Владата. При образложување на предлог-законот, пратеникот Мециновиќ потенцира дека овој закон не навлегува во правото на слобода за изразување и во регулирањето на приватните субјекти, туку ги подразбира измените кои ќе дозволат како нација да ја доживееме тагата во која што сме се нашле и да се дозволи на вистински начин да закрепнеме од колективните трагедии. Предлогот се однесува на јавниот и на институционалниот домен, со фокус на одбележување трагични настани на национално и локално ниво. Во предлогот стои дека целта на законот е обезбедување на правна основа за правилно одбележување на деновите на жалост на национално и локално ниво, преку организирано, унифицирано и достоинствено одбележување на трагични настани кои влијаат на националната и колективна меморија на државата, преку достоинствено оддавање почит кон настраданите и нивните блиски, како и поттикнување на човечноста, солидарноста и на националното единство. Жално е што дури и при една катарза кое му се случи на македонското општество, власта предводена од ВМРО-ДПМНЕ не гласаше за конструктивно законско решение, кое треба да го пополни правниот вакуум каде Македонија е ретка држава која нема Закон за денови на жалост.",Left: Another law rejected - the government did not vote on the proposal for days of mourning,"At yesterday's parliamentary session, the ruling majority again did not overcome its party vanity and did not vote for the Left's bill on days of mourning. Since the media space during days of mourning is not regulated in any way in Macedonia, the parliamentary group of the Left submitted a legal solution for a regulated media program without entertainment and political content during the days of mourning, as well as for the introduction of one-minute silence and sanctions for misconduct. MP Amar Mecinovic from Left, explaining the proposal, emphasized that ""grief must not be part of a political narrative"" and that the law requires clear and unified criteria for declaring days of mourning, which would not depend solely on the Government's decision. When explaining the draft law, MP Mecinovic emphasizes that this law does not encroach on the right to freedom of expression and the regulation of private entities, but implies the changes that will allow us as a nation to experience the sadness we have found ourselves in and allow us to recover from the collective tragedies in the right way. The proposal refers to the public and institutional domain, with a focus on commemorating tragic events at the national and local level. The proposal states that the purpose of the law is to provide a legal basis for the proper observance of the days of mourning at the national and local level, through organized, unified and dignified commemoration of tragic events that affect the national and collective memory of the state, through dignified respect for the victims and their relatives, as well as encouraging humanity, solidarity and national unity. It is unfortunate that even during a catharsis that happened to Macedonian society, the government led by VMRO-DPMNE did not vote for a constructive legal solution, which should fill the legal vacuum where Macedonia is a rare country that does not have a law on days of mourning.","Left: Another law rejected - the government did not vote on the proposal for days of mourning — At yesterday's parliamentary session, the ruling majority again did not overcome its party vanity and did not vote for the Left's bill on days of mourning. Since the media space during days of mourning is not regulated in any way in Macedonia, the parliamentary group of the Left submitted a legal solution for a regulated media program without entertainment and political content during the days of mourning, as well as for the introduction of one-minute silence and sanctions for misconduct. MP Amar Mecinovic from Left, explaining the proposal, emphasized that ""grief must not be part of a political narrative"" and that the law requires clear and unified criteria for declaring days of mourning, which would not depend solely on the Government's decision. When explaining the draft law, MP Mecinovic emphasizes that this law does not encroach on the right to freedom of expression and the regulation of private entities, but implies the changes that will allow us as a nation to experience the sadness we have found ourselves in and allow us to recover from the collective tragedies in the right way. The proposal refers to the public and institutional domain, with a focus on commemorating tragic events at the national and local level. The proposal states that the purpose of the law is to provide a legal basis for the proper observance of the days of mourning at the national and local level, through organized, unified and dignified commemoration of tragic events that affect the national and collective memory of the state, through dignified respect for the victims and their relatives, as well as encouraging humanity, solidarity and national unity. It is unfortunate that even during a catharsis that happened to Macedonian society, the government led by VMRO-DPMNE did not vote for a constructive legal solution, which should fill the legal vacuum where Macedonia is a rare country that does not have a law on days of mourning.","Левица: Уште еден закон одбиен - власта не гласаше за предлогот за денови на жалост — На вчерашната собраниска седница, владејачкото мнозинство повторно не ја надмина својата партиска суета и не гласаше за предлог-законот на Левица за денови на жалост. Бидејќи во Македонија никако не е регулиран медиумскиот простор при денови на жалост, пратеничката група на Левица поднесе законско решение за регулирана медиумска програма без забавни и политички содржини за време на деновите на жалост, како и за воведување едноминутно молчење и санкции за недолично однесување. Пратеникот Амар Мециновиќ од Левица, образложувајќи го предлогот, истакна дека „тагата не смее да биде дел од политички наратив“ и дека со законот се бараат јасни и унифицирани критериуми за прогласување денови на жалост, кои не би зависеле исклучиво од одлуката на Владата. При образложување на предлог-законот, пратеникот Мециновиќ потенцира дека овој закон не навлегува во правото на слобода за изразување и во регулирањето на приватните субјекти, туку ги подразбира измените кои ќе дозволат како нација да ја доживееме тагата во која што сме се нашле и да се дозволи на вистински начин да закрепнеме од колективните трагедии. Предлогот се однесува на јавниот и на институционалниот домен, со фокус на одбележување трагични настани на национално и локално ниво. Во предлогот стои дека целта на законот е обезбедување на правна основа за правилно одбележување на деновите на жалост на национално и локално ниво, преку организирано, унифицирано и достоинствено одбележување на трагични настани кои влијаат на националната и колективна меморија на државата, преку достоинствено оддавање почит кон настраданите и нивните блиски, како и поттикнување на човечноста, солидарноста и на националното единство. Жално е што дури и при една катарза кое му се случи на македонското општество, власта предводена од ВМРО-ДПМНЕ не гласаше за конструктивно законско решение, кое треба да го пополни правниот вакуум каде Македонија е ретка држава која нема Закон за денови на жалост.",2,ok
HodXlf_2Tok,Зголемен евроскептицизам по бугарското вето за Македонија,"Граѓаните се разочарани што Бугарија по трет пат го блокираше почетокот на преговорите за членство на Македонија во ЕУ. Повеќето од нив се разочарани од блокадата и не веруваат дека проблемот набрзо ќе се реши. Сепак има и такви кои веруваат дека земјава ќе ги почне долгоочекуваните преговори.
Објавено на https://www.slobodnaevropa.mk/a/%d0%b7%d0%b3%d0%be%d0%bb%d0%b5%d0%bc%d0%b5%d0%bd-%d0%b5%d0%b2%d1%80%d0%be%d1%81%d0%ba%d0%b5%d0%bf%d1%82%d0%b8%d1%86%d0%b8%d0%b7%d0%b0%d0%bc-%d0%bf%d0%be-%d0%b1%d1%83%d0%b3%d0%b0%d1%80%d1%81%d0%ba%d0%be%d1%82%d0%be-%d0%b2%d0%b5%d1%82%d0%be-%d0%b7%d0%b0-%d0%bc%d0%b0%d0%ba%d0%b5%d0%b4%d0%be%d0%bd%d0%b8%d1%98%d0%b0/31613916.html",Radio Slobodna Evropa na Makedonski,2021-12-20 09:29:55+00:00,2021,113,0,1,36,бугарско вето Македонија; реформа на уставот Македонија,реформа на уставот Македонија,mk,https://www.youtube.com/watch?v=HodXlf_2Tok,Зголемен евроскептицизам по бугарското вето за Македонија,Граѓаните се разочарани што Бугарија по трет пат го блокираше почетокот на преговорите за членство на Македонија во ЕУ. Повеќето од нив се разочарани од блокадата и не веруваат дека проблемот набрзо ќе се реши. Сепак има и такви кои веруваат дека земјава ќе ги почне долгоочекуваните преговори.,Зголемен евроскептицизам по бугарското вето за Македонија — Граѓаните се разочарани што Бугарија по трет пат го блокираше почетокот на преговорите за членство на Македонија во ЕУ. Повеќето од нив се разочарани од блокадата и не веруваат дека проблемот набрзо ќе се реши. Сепак има и такви кои веруваат дека земјава ќе ги почне долгоочекуваните преговори.,Increased Euroscepticism after the Bulgarian veto for Macedonia,"Citizens are disappointed that Bulgaria blocked the start of negotiations for Macedonia's EU membership for the third time. Most of them are disappointed by the blockade and do not believe that the problem will be solved soon. However, there are those who believe that the country will start the long-awaited negotiations.","Increased Euroscepticism after the Bulgarian veto for Macedonia — Citizens are disappointed that Bulgaria blocked the start of negotiations for Macedonia's EU membership for the third time. Most of them are disappointed by the blockade and do not believe that the problem will be solved soon. However, there are those who believe that the country will start the long-awaited negotiations.",Зголемен евроскептицизам по бугарското вето за Македонија — Граѓаните се разочарани што Бугарија по трет пат го блокираше почетокот на преговорите за членство на Македонија во ЕУ. Повеќето од нив се разочарани од блокадата и не веруваат дека проблемот набрзо ќе се реши. Сепак има и такви кои веруваат дека земјава ќе ги почне долгоочекуваните преговори.,1,ok
vxAAOiDr1cE,Потенцијални Black Swan настани во остатокот од 2025 - Гео-Политички и Макроекономски! 18.06.2025,"Потенцијални Black Swan настани во остатокот од 2025 - Гео-Политички и Макроекономски!

Содржина:

1. Тарифите на Трамп
https://youtu.be/gJTnRpgbaNI?si=jWGuH7vrcYH5h6_k

2. Јапонскиот carry trade!

3. Муриканска рецесија
https://youtu.be/X7Au5eAW3uA?si=HtVRJvcCjoJR0hqI

4. Иранска војна

5. Руско - Гејропска војна

КАНАЛОТ ЌЕ ПОСТОИ СЕ ДОДЕКА МАКЕДОНСКИОТ НАРОД ИМА ИНТЕРЕС ЗА МОЈАТА РАБОТА - БЕСПЛАТНО!!!

Доколку сакате директно да ја поддржите работата на Крипто Гемиџија и напредокот на каналот тоа можете да го направите со мала месечна чланарина на Patreon платформата на следниот линк:

https://www.patreon.com/cryptogemidzija/membership

Поддржете го нашиот канал со купување на брендиран артикл од нашата Крипто Гемиџија - КоОпЕрАцИјА. Сите средства се употребени за надградба и функционирање на каналот кој произведува Финансиски едукативен и информативен материјал за Македонците ширум светот! Посетете ја нашата Крипто Гемиџија - КоОпЕрАцИјА на линкот подолу:

https://www.facebook.com/profile.php?id=61571446327195

Но доколку сте одлучиле да ме частите кафе повелете на адресите подолу или на специјалната Buy me a coffee апликација за поддршка на дигитални креатори - кои ќе бидат искористени за помош на Македонци на кои овие донации им се многу попотребни:

Купи ми кафе :D
https://www.buymeacoffee.com/cryptogemidzija

USDT/USDC
0x6dd848feb9804d86beacb8a3cdf8d20ed9fe6353

BTC
3F1YGWnKdSjPWqt9YNBpdtg2mYpodezhq8

ETH
0x6dd848feb9804d86beacb8a3cdf8d20ed9fe6353

ADA
addr1q83q3uq2jfy3ca4xcfy9mr3j5vqry487vwqwayau29hqvcxjmcyu4ukqy0hzuk35cz97dt3snx93dehhc8pm2z85s7lqn3uqn6

DOT
15dCx5mn1hFG6rJ26SACzH72LqwaVhZ3FSza8bFzFjjoBbDR

XRP
rhtibE7qNF6t7PbmtCTkTgDa3yrBL6bmeh

KAS
kaspa:qpe8k4dfn8vq4dyn5mkj7l2e6z0fjjleuad95j2s85aavpgct75w27700egjs


Следете ја нашата работа на нашите профили на социјалните мрежи:
 
Facebook fan page: 

https://www.facebook.com/CryptoGemidzija

Youtube Channel: 

https://www.youtube.com/@cryptogemidzija

X (Twitter):

https://twitter.com/GemidzijaC
 
Instagram:

https://www.instagram.com/cryptogemidzija4/

TIkTok:

Крипто Гемиџија

Odysee:

https://odysee.com/@cryptogemidzija:3

Rumble:

https://rumble.com/user/CryptoGemidzija

Rutube:

https://rutube.ru/channel/41369759/

Dailymotion:

https://www.dailymotion.com/cryptogemidzija


Сето она што е објавено на нашиот канал е од исклучиво едукационен карактер. Ве повикуваме да оставите ваш коментар со мислење околу нашите содржини и да ни помогнете да го унапредиме нашиот нов канал. Секоја ваша помош со ставање на Like на нашите видеа, субскрипција на нашиот канал како и споделување на овие материјали помага во распространување на оваа незастапена наука во Македонија па и пошироко, за што сме ви однапред благодарни. Помогнете ни да пораснеме како канал за да можеме ние да помогнеме на многумина во нашата земја на кои им се потребни овие едукативни материјали. Ви благодариме за соработката и се надеваме уживате во нашите материјали. 

Со почит - Крипто Гемиџија
#криптогемиџија
#cryptogemidzija
@криптогемиџија
@cryptogemidzija",CRYPTO GEMIDZIJA,2025-06-17 18:00:06+00:00,2025,722,71,4,35,политички настани Македонија,политички настани Македонија,mk,https://www.youtube.com/watch?v=vxAAOiDr1cE,Потенцијални Black Swan настани во остатокот од 2025 - Гео-Политички и Макроекономски! 18.06.2025,"Потенцијални Black Swan настани во остатокот од 2025 - Гео-Политички и Макроекономски! Содржина: 1. Тарифите на Трамп 2. Јапонскиот carry trade! 3. Муриканска рецесија 4. Иранска војна 5. Руско - Гејропска војна КАНАЛОТ ЌЕ ПОСТОИ СЕ ДОДЕКА МАКЕДОНСКИОТ НАРОД ИМА ИНТЕРЕС ЗА МОЈАТА РАБОТА - БЕСПЛАТНО!!! Поддржете го нашиот канал со купување на брендиран артикл од нашата Крипто Гемиџија - КоОпЕрАцИјА. Сите средства се употребени за надградба и функционирање на каналот кој произведува Финансиски едукативен и информативен материјал за Македонците ширум светот! Посетете ја нашата Крипто Гемиџија - КоОпЕрАцИјА на линкот подолу: Но доколку сте одлучиле да ме частите кафе повелете на адресите подолу или на специјалната Buy me a coffee апликација за поддршка на дигитални креатори - кои ќе бидат искористени за помош на Македонци на кои овие донации им се многу попотребни: Купи ми кафе :D USDT/USDC 0x6dd848feb9804d86beacb8a3cdf8d20ed9fe6353 BTC 3F1YGWnKdSjPWqt9YNBpdtg2mYpodezhq8 ETH 0x6dd848feb9804d86beacb8a3cdf8d20ed9fe6353 ADA addr1q83q3uq2jfy3ca4xcfy9mr3j5vqry487vwqwayau29hqvcxjmcyu4ukqy0hzuk35cz97dt3snx93dehhc8pm2z85s7lqn3uqn6 DOT 15dCx5mn1hFG6rJ26SACzH72LqwaVhZ3FSza8bFzFjjoBbDR XRP rhtibE7qNF6t7PbmtCTkTgDa3yrBL6bmeh KAS kaspa:qpe8k4dfn8vq4dyn5mkj7l2e6z0fjjleuad95j2s85aavpgct75w27700egjs Следете ја нашата работа на нашите профили на социјалните мрежи: Youtube Channel: Крипто Гемиџија Odysee: Rumble: Rutube: Dailymotion: Сето она што е објавено на нашиот канал е од исклучиво едукационен карактер. Ве повикуваме да оставите ваш коментар со мислење околу нашите содржини и да ни помогнете да го унапредиме нашиот нов канал. Секоја ваша помош со ставање на Like на нашите видеа, субскрипција на нашиот канал како и споделување на овие материјали помага во распространување на оваа незастапена наука во Македонија па и пошироко, за што сме ви однапред благодарни. Помогнете ни да пораснеме како канал за да можеме ние да помогнеме на многумина во нашата земја на кои им се потребни овие едукативни материјали. Ви благодариме за соработката и се надеваме уживате во нашите материјали. Со почит - Крипто Гемиџија криптогемиџија cryptogemidzija <USER> <USER>","Потенцијални Black Swan настани во остатокот од 2025 - Гео-Политички и Макроекономски! 18.06.2025 — Потенцијални Black Swan настани во остатокот од 2025 - Гео-Политички и Макроекономски! Содржина: 1. Тарифите на Трамп 2. Јапонскиот carry trade! 3. Муриканска рецесија 4. Иранска војна 5. Руско - Гејропска војна КАНАЛОТ ЌЕ ПОСТОИ СЕ ДОДЕКА МАКЕДОНСКИОТ НАРОД ИМА ИНТЕРЕС ЗА МОЈАТА РАБОТА - БЕСПЛАТНО!!! Поддржете го нашиот канал со купување на брендиран артикл од нашата Крипто Гемиџија - КоОпЕрАцИјА. Сите средства се употребени за надградба и функционирање на каналот кој произведува Финансиски едукативен и информативен материјал за Македонците ширум светот! Посетете ја нашата Крипто Гемиџија - КоОпЕрАцИјА на линкот подолу: Но доколку сте одлучиле да ме частите кафе повелете на адресите подолу или на специјалната Buy me a coffee апликација за поддршка на дигитални креатори - кои ќе бидат искористени за помош на Македонци на кои овие донации им се многу попотребни: Купи ми кафе :D USDT/USDC 0x6dd848feb9804d86beacb8a3cdf8d20ed9fe6353 BTC 3F1YGWnKdSjPWqt9YNBpdtg2mYpodezhq8 ETH 0x6dd848feb9804d86beacb8a3cdf8d20ed9fe6353 ADA addr1q83q3uq2jfy3ca4xcfy9mr3j5vqry487vwqwayau29hqvcxjmcyu4ukqy0hzuk35cz97dt3snx93dehhc8pm2z85s7lqn3uqn6 DOT 15dCx5mn1hFG6rJ26SACzH72LqwaVhZ3FSza8bFzFjjoBbDR XRP rhtibE7qNF6t7PbmtCTkTgDa3yrBL6bmeh KAS kaspa:qpe8k4dfn8vq4dyn5mkj7l2e6z0fjjleuad95j2s85aavpgct75w27700egjs Следете ја нашата работа на нашите профили на социјалните мрежи: Youtube Channel: Крипто Гемиџија Odysee: Rumble: Rutube: Dailymotion: Сето она што е објавено на нашиот канал е од исклучиво едукационен карактер. Ве повикуваме да оставите ваш коментар со мислење околу нашите содржини и да ни помогнете да го унапредиме нашиот нов канал. Секоја ваша помош со ставање на Like на нашите видеа, субскрипција на нашиот канал како и споделување на овие материјали помага во распространување на оваа незастапена наука во Македонија па и пошироко, за што сме ви однапред благодарни. Помогнете ни да пораснеме како канал за да можеме ние да помогнеме на многумина во нашата земја на кои им се потребни овие едукативни материјали. Ви благодариме за соработката и се надеваме уживате во нашите материјали. Со почит - Крипто Гемиџија криптогемиџија cryptogemidzija <USER> <USER>",Potential Black Swan Events in the Rest of 2025 - Geo-Political and Macroeconomic! 18.06.2025,"Potential Black Swan Events in the Rest of 2025 - Geo-Political and Macroeconomic! Contents: 1. Trump's tariffs 2. The Japanese carry trade! 3. Murican recession 4. Iranian war 5. Russian - European war THE CHANNEL WILL EXIST AS LONG AS THE MACEDONIAN PEOPLE ARE INTERESTED IN MY WORK - FREE!!! Support our channel by purchasing a branded item from our Crypto Ship - Co-Operation. All funds are used for upgrading and functioning of the channel that produces financial educational and informative material for Macedonians all over the world! Visit our Crypto Ship - COOPERATION at the link below: But if you have decided to buy me a coffee, go to the addresses below or to the special Buy me a coffee application to support digital creators - which will be used to help Macedonians who need these donations more: Buy me a coffee :D USDT/USDC 0x6dd848feb9804d86beacb8a3cdf8d20ed9fe6353 BTC 3F1YGWnKdSjPWqt9YNBpdtg2mYpodezhq8 ETH 0x6dd848feb9804d86beacb8a3cdf8d20ed9fe6353 ADA addr1q83q3uq2jfy3ca4xcfy9mr3j5vqry487vwqwayau29hqvcxjmcyu4ukqy0hzuk35cz97dt3snx93dehhc8pm2z85s7lqn3uqn6 DOT 15dCx5mn1hFG6rJ26SACzH72LqwaVhZ3FSza8bFzFjjoBbDR XRP rhtibE7qNF6t7PbmtCTkTgDa3yrBL6bmeh KAS kaspa:qpe8k4dfn8vq4dyn5mkj7l2e6z0fjjleuad95j2s85aavpgct75w27700egjs Follow our work on our social media profiles: Youtube Channel: Crypto Ship Odysee: Rumble: Rutube: Dailymotion: Everything posted on our channel is from exclusively educational character. We invite you to leave your comment with your opinion about our content and help us improve our new channel. Every bit of your help by liking our videos, subscribing to our channel as well as sharing these materials helps in spreading this unrepresented science in Macedonia and beyond, for which we are grateful in advance. Help us grow as a channel so we can help many in our country who need these educational materials. Thank you for your cooperation and we hope you enjoy our materials. Sincerely - Crypto Gemidzija cryptogemidzija cryptogemidzija <USER> <USER>","Potential Black Swan Events in the Rest of 2025 - Geo-Political and Macroeconomic! 18.06.2025 — Potential Black Swan Events in the Rest of 2025 - Geo-Political and Macroeconomic! Contents: 1. Trump's tariffs 2. The Japanese carry trade! 3. Murican recession 4. Iranian war 5. Russian - European war THE CHANNEL WILL EXIST AS LONG AS THE MACEDONIAN PEOPLE ARE INTERESTED IN MY WORK - FREE!!! Support our channel by purchasing a branded item from our Crypto Ship - Co-Operation. All funds are used for upgrading and functioning of the channel that produces financial educational and informative material for Macedonians all over the world! Visit our Crypto Ship - COOPERATION at the link below: But if you have decided to buy me a coffee, go to the addresses below or to the special Buy me a coffee application to support digital creators - which will be used to help Macedonians who need these donations more: Buy me a coffee :D USDT/USDC 0x6dd848feb9804d86beacb8a3cdf8d20ed9fe6353 BTC 3F1YGWnKdSjPWqt9YNBpdtg2mYpodezhq8 ETH 0x6dd848feb9804d86beacb8a3cdf8d20ed9fe6353 ADA addr1q83q3uq2jfy3ca4xcfy9mr3j5vqry487vwqwayau29hqvcxjmcyu4ukqy0hzuk35cz97dt3snx93dehhc8pm2z85s7lqn3uqn6 DOT 15dCx5mn1hFG6rJ26SACzH72LqwaVhZ3FSza8bFzFjjoBbDR XRP rhtibE7qNF6t7PbmtCTkTgDa3yrBL6bmeh KAS kaspa:qpe8k4dfn8vq4dyn5mkj7l2e6z0fjjleuad95j2s85aavpgct75w27700egjs Follow our work on our social media profiles: Youtube Channel: Crypto Ship Odysee: Rumble: Rutube: Dailymotion: Everything posted on our channel is from exclusively educational character. We invite you to leave your comment with your opinion about our content and help us improve our new channel. Every bit of your help by liking our videos, subscribing to our channel as well as sharing these materials helps in spreading this unrepresented science in Macedonia and beyond, for which we are grateful in advance. Help us grow as a channel so we can help many in our country who need these educational materials. Thank you for your cooperation and we hope you enjoy our materials. Sincerely - Crypto Gemidzija cryptogemidzija cryptogemidzija <USER> <USER>","Потенцијални Black Swan настани во остатокот од 2025 - Гео-Политички и Макроекономски! 18.06.2025 — Потенцијални Black Swan настани во остатокот од 2025 - Гео-Политички и Макроекономски! Содржина: 1. Тарифите на Трамп 2. Јапонскиот carry trade! 3. Муриканска рецесија 4. Иранска војна 5. Руско - Гејропска војна КАНАЛОТ ЌЕ ПОСТОИ СЕ ДОДЕКА МАКЕДОНСКИОТ НАРОД ИМА ИНТЕРЕС ЗА МОЈАТА РАБОТА - БЕСПЛАТНО!!! Поддржете го нашиот канал со купување на брендиран артикл од нашата Крипто Гемиџија - КоОпЕрАцИјА. Сите средства се употребени за надградба и функционирање на каналот кој произведува Финансиски едукативен и информативен материјал за Македонците ширум светот! Посетете ја нашата Крипто Гемиџија - КоОпЕрАцИјА на линкот подолу: Но доколку сте одлучиле да ме частите кафе повелете на адресите подолу или на специјалната Buy me a coffee апликација за поддршка на дигитални креатори - кои ќе бидат искористени за помош на Македонци на кои овие донации им се многу попотребни: Купи ми кафе :D USDT/USDC 0x6dd848feb9804d86beacb8a3cdf8d20ed9fe6353 BTC 3F1YGWnKdSjPWqt9YNBpdtg2mYpodezhq8 ETH 0x6dd848feb9804d86beacb8a3cdf8d20ed9fe6353 ADA addr1q83q3uq2jfy3ca4xcfy9mr3j5vqry487vwqwayau29hqvcxjmcyu4ukqy0hzuk35cz97dt3snx93dehhc8pm2z85s7lqn3uqn6 DOT 15dCx5mn1hFG6rJ26SACzH72LqwaVhZ3FSza8bFzFjjoBbDR XRP rhtibE7qNF6t7PbmtCTkTgDa3yrBL6bmeh KAS kaspa:qpe8k4dfn8vq4dyn5mkj7l2e6z0fjjleuad95j2s85aavpgct75w27700egjs Следете ја нашата работа на нашите профили на социјалните мрежи: Youtube Channel: Крипто Гемиџија Odysee: Rumble: Rutube: Dailymotion: Сето она што е објавено на нашиот канал е од исклучиво едукационен карактер. Ве повикуваме да оставите ваш коментар со мислење околу нашите содржини и да ни помогнете да го унапредиме нашиот нов канал. Секоја ваша помош со ставање на Like на нашите видеа, субскрипција на нашиот канал како и споделување на овие материјали помага во распространување на оваа незастапена наука во Македонија па и пошироко, за што сме ви однапред благодарни. Помогнете ни да пораснеме како канал за да можеме ние да помогнеме на многумина во нашата земја на кои им се потребни овие едукативни материјали. Ви благодариме за соработката и се надеваме уживате во нашите материјали. Со почит - Крипто Гемиџија криптогемиџија cryptogemidzija <USER> <USER>",3,ok
551Dj7UEOjY,Ангеловски: Најголемата последица од дезинформациите е намалувањето на довербата во институциите,"Помошникот на Министерот за внатрешни работи за односи со јавноста, Тони Ангеловски на панелот на ЦИВИЛ „Информациски хаос: Трендови и перспективи“ посочи дека дезинформацискиот хаос во Северна Македонија е реален проблем и дека треба заеднички да се решава. 
„Ме радува што дискутираме на тема што е горлива за општеството, затоа што, меѓу другото, како што кажавте, ни се создаваат вакви проблеми пред се затоа што сме изложени на масовни дезинформации. Ние сме една од државите со најмало ниво на вакцинација, затоа што сме под влијание на дезинформациите, каде што, на пример „Стојанчо од Старо Нагоричане“ е убеден дека не треба да се вакцинира бидејќи Бил Гејтс, кога ќе стане наутро помислува дека треба него да го чипира.

Ова е наш реален проблем и мораме заеднички да го решаваме. Со заеднички напори со институциите, но пред се  на невладините организации, и особено на новинарските здруженија. Како што спомнавте, имаме проблем со групата „Лев Тахор“, еве најавуваат протести во Охрид, затоа што лица од оваа група дошле во нивно село, што е навистина несфатливо, иако до сега немаме ниеден настан, ниедна причина да кажеме дека кој било криво погледнале, а не дека некој бил нападнат или загрозен. Но, бидејќи се пласираат низа дезинформации, се создава едно таква наелектризираност во Охрид, претходно во Куманово, во Скопје… И сето ова е плод на ширење дезинформации. И Тука се согласувам донекаде со Весна, дека државата не може да ги регулира медиумите, апсолутно. Бидејќи, секој , доколку му дадете можност да чепка во тој дел, може да направи злоупотреба. Медиумите треба да се регулираат самите.
Дезинформациите се шират повеќе за време на избори, референдуми и војни, во модерно време најсилното оружје се дезинформациите. Најголемата последица од дезинформациите е намалувањето на довербата во институциите“, вели меѓу другото Анегловски. 
Камера: Дехран Муратов
реализација и монтажа: Ариан Мехмети",Civil,2022-02-25 11:16:55+00:00,2022,8,0,1,35,довербата во институциите,довербата во институциите,mk,https://www.youtube.com/watch?v=551Dj7UEOjY,Ангеловски: Најголемата последица од дезинформациите е намалувањето на довербата во институциите,"Помошникот на Министерот за внатрешни работи за односи со јавноста, Тони Ангеловски на панелот на ЦИВИЛ „Информациски хаос: Трендови и перспективи“ посочи дека дезинформацискиот хаос во Северна Македонија е реален проблем и дека треба заеднички да се решава. „Ме радува што дискутираме на тема што е горлива за општеството, затоа што, меѓу другото, како што кажавте, ни се создаваат вакви проблеми пред се затоа што сме изложени на масовни дезинформации. Ние сме една од државите со најмало ниво на вакцинација, затоа што сме под влијание на дезинформациите, каде што, на пример „Стојанчо од Старо Нагоричане“ е убеден дека не треба да се вакцинира бидејќи Бил Гејтс, кога ќе стане наутро помислува дека треба него да го чипира. Ова е наш реален проблем и мораме заеднички да го решаваме. Со заеднички напори со институциите, но пред се на невладините организации, и особено на новинарските здруженија. Како што спомнавте, имаме проблем со групата „Лев Тахор“, еве најавуваат протести во Охрид, затоа што лица од оваа група дошле во нивно село, што е навистина несфатливо, иако до сега немаме ниеден настан, ниедна причина да кажеме дека кој било криво погледнале, а не дека некој бил нападнат или загрозен. Но, бидејќи се пласираат низа дезинформации, се создава едно таква наелектризираност во Охрид, претходно во Куманово, во Скопје… И сето ова е плод на ширење дезинформации. И Тука се согласувам донекаде со Весна, дека државата не може да ги регулира медиумите, апсолутно. Бидејќи, секој , доколку му дадете можност да чепка во тој дел, може да направи злоупотреба. Медиумите треба да се регулираат самите. Дезинформациите се шират повеќе за време на избори, референдуми и војни, во модерно време најсилното оружје се дезинформациите. Најголемата последица од дезинформациите е намалувањето на довербата во институциите“, вели меѓу другото Анегловски. Камера: Дехран Муратов реализација и монтажа: Ариан Мехмети","Ангеловски: Најголемата последица од дезинформациите е намалувањето на довербата во институциите — Помошникот на Министерот за внатрешни работи за односи со јавноста, Тони Ангеловски на панелот на ЦИВИЛ „Информациски хаос: Трендови и перспективи“ посочи дека дезинформацискиот хаос во Северна Македонија е реален проблем и дека треба заеднички да се решава. „Ме радува што дискутираме на тема што е горлива за општеството, затоа што, меѓу другото, како што кажавте, ни се создаваат вакви проблеми пред се затоа што сме изложени на масовни дезинформации. Ние сме една од државите со најмало ниво на вакцинација, затоа што сме под влијание на дезинформациите, каде што, на пример „Стојанчо од Старо Нагоричане“ е убеден дека не треба да се вакцинира бидејќи Бил Гејтс, кога ќе стане наутро помислува дека треба него да го чипира. Ова е наш реален проблем и мораме заеднички да го решаваме. Со заеднички напори со институциите, но пред се на невладините организации, и особено на новинарските здруженија. Како што спомнавте, имаме проблем со групата „Лев Тахор“, еве најавуваат протести во Охрид, затоа што лица од оваа група дошле во нивно село, што е навистина несфатливо, иако до сега немаме ниеден настан, ниедна причина да кажеме дека кој било криво погледнале, а не дека некој бил нападнат или загрозен. Но, бидејќи се пласираат низа дезинформации, се создава едно таква наелектризираност во Охрид, претходно во Куманово, во Скопје… И сето ова е плод на ширење дезинформации. И Тука се согласувам донекаде со Весна, дека државата не може да ги регулира медиумите, апсолутно. Бидејќи, секој , доколку му дадете можност да чепка во тој дел, може да направи злоупотреба. Медиумите треба да се регулираат самите. Дезинформациите се шират повеќе за време на избори, референдуми и војни, во модерно време најсилното оружје се дезинформациите. Најголемата последица од дезинформациите е намалувањето на довербата во институциите“, вели меѓу другото Анегловски. Камера: Дехран Муратов реализација и монтажа: Ариан Мехмети",Angelovski: The biggest consequence of misinformation is the reduction of trust in institutions,"The Assistant to the Minister of Internal Affairs for Public Relations, Toni Angelovski pointed out at the CIVIL panel ""Information Chaos: Trends and Perspectives"" that the disinformation chaos in North Macedonia is a real problem and should be solved jointly. ""I am glad that we are discussing a topic that is burning for society, because, among other things, as you said, we are having such problems primarily because we are exposed to mass disinformation. We are one of the countries with the lowest level of vaccination, because we are influenced by disinformation, where, for example, ""Stojancho from Staro Nagoricane"" is convinced that he should not be vaccinated because Bill Gates, when he gets up in the morning, thinks that he should chips. This is our real problem and we must solve it together. With joint efforts with the institutions, but above all with the non-governmental organizations, and especially with the journalistic associations. As you mentioned, we have a problem with the ""Lev Tahor"" group, here they are announcing protests in Ohrid, because people from this group came to their village, which is really incomprehensible, although so far we have no event, no reason to say that they looked askance at anyone, not that anyone was attacked or threatened. But since a series of misinformation is being published, such an electrification is being created in Ohrid, previously in Kumanovo, in Skopje... And all this is the result of spreading misinformation. And here I somewhat agree with Vesna, that the state cannot regulate the media, absolutely. Because anyone, if you give them the opportunity to tamper with that part, can abuse it. The media should regulate itself. Misinformation spreads more during elections, referendums and wars, in modern times the strongest weapon is misinformation. The biggest consequence of misinformation is the reduction of trust in institutions,"" Aneglovski says, among other things. Camera: Dehran Muratov, production and editing: Arian Mehmeti","Angelovski: The biggest consequence of misinformation is the reduction of trust in institutions — The Assistant to the Minister of Internal Affairs for Public Relations, Toni Angelovski pointed out at the CIVIL panel ""Information Chaos: Trends and Perspectives"" that the disinformation chaos in North Macedonia is a real problem and should be solved jointly. ""I am glad that we are discussing a topic that is burning for society, because, among other things, as you said, we are having such problems primarily because we are exposed to mass disinformation. We are one of the countries with the lowest level of vaccination, because we are influenced by disinformation, where, for example, ""Stojancho from Staro Nagoricane"" is convinced that he should not be vaccinated because Bill Gates, when he gets up in the morning, thinks that he should chips. This is our real problem and we must solve it together. With joint efforts with the institutions, but above all with the non-governmental organizations, and especially with the journalistic associations. As you mentioned, we have a problem with the ""Lev Tahor"" group, here they are announcing protests in Ohrid, because people from this group came to their village, which is really incomprehensible, although so far we have no event, no reason to say that they looked askance at anyone, not that anyone was attacked or threatened. But since a series of misinformation is being published, such an electrification is being created in Ohrid, previously in Kumanovo, in Skopje... And all this is the result of spreading misinformation. And here I somewhat agree with Vesna, that the state cannot regulate the media, absolutely. Because anyone, if you give them the opportunity to tamper with that part, can abuse it. The media should regulate itself. Misinformation spreads more during elections, referendums and wars, in modern times the strongest weapon is misinformation. The biggest consequence of misinformation is the reduction of trust in institutions,"" Aneglovski says, among other things. Camera: Dehran Muratov, production and editing: Arian Mehmeti","Ангеловски: Најголемата последица од дезинформациите е намалувањето на довербата во институциите — Помошникот на Министерот за внатрешни работи за односи со јавноста, Тони Ангеловски на панелот на ЦИВИЛ „Информациски хаос: Трендови и перспективи“ посочи дека дезинформацискиот хаос во Северна Македонија е реален проблем и дека треба заеднички да се решава. „Ме радува што дискутираме на тема што е горлива за општеството, затоа што, меѓу другото, како што кажавте, ни се создаваат вакви проблеми пред се затоа што сме изложени на масовни дезинформации. Ние сме една од државите со најмало ниво на вакцинација, затоа што сме под влијание на дезинформациите, каде што, на пример „Стојанчо од Старо Нагоричане“ е убеден дека не треба да се вакцинира бидејќи Бил Гејтс, кога ќе стане наутро помислува дека треба него да го чипира. Ова е наш реален проблем и мораме заеднички да го решаваме. Со заеднички напори со институциите, но пред се на невладините организации, и особено на новинарските здруженија. Како што спомнавте, имаме проблем со групата „Лев Тахор“, еве најавуваат протести во Охрид, затоа што лица од оваа група дошле во нивно село, што е навистина несфатливо, иако до сега немаме ниеден настан, ниедна причина да кажеме дека кој било криво погледнале, а не дека некој бил нападнат или загрозен. Но, бидејќи се пласираат низа дезинформации, се создава едно таква наелектризираност во Охрид, претходно во Куманово, во Скопје… И сето ова е плод на ширење дезинформации. И Тука се согласувам донекаде со Весна, дека државата не може да ги регулира медиумите, апсолутно. Бидејќи, секој , доколку му дадете можност да чепка во тој дел, може да направи злоупотреба. Медиумите треба да се регулираат самите. Дезинформациите се шират повеќе за време на избори, референдуми и војни, во модерно време најсилното оружје се дезинформациите. Најголемата последица од дезинформациите е намалувањето на довербата во институциите“, вели меѓу другото Анегловски. Камера: Дехран Муратов реализација и монтажа: Ариан Мехмети",1,ok
gjqYcYLICFI,"Апасиев: Ветото од Бугарија е директна последица од Преспанскиот договор, а за тоа е виновен Заев!","Обраќање на пратеникот Димитар Апасиев, во врска со Предлог-резолуцијата на ДПМНЕ за „црвените линии“ на македонските државни позиции:

„Ќе почнам во еден гандиевски дух, односно на вистината не ѝ е потребна јавната поддршка од корумпираните пратеници за да биде вистина, така што овие документи кои ние ги носиме се само симболични. Вистината е дека Македонци има, Македонци имало и Македонци ќе има, без оглед дали брливите политичари преговараат за тоа како ќе им се вика јазикот и како ќе им се вика државата. 

Резолуцијата, барем за наш вкус e доста бенигна и пишувана, разбирливо, со дипломатски манири. Она што ми фали во оваа Резолуција е: 

- Јасно отфрлање на објаснувачкиот Меморандум на Бугарската академија и бугарските пратеници;

Осуда на неоврховистичките позиции на бугарската влада;
Конечно отворање за македонското малцинство во Пиринска Македонија; 

- Ставање на дневен ред на Македонската платформа како пандан на Тиранската платформа;

И оваа Резолуција би требало да се достави и до Европската Унија и нашите меѓународни партнери, а не само да се објави во Службен весник.
Меѓутоа, и оваа варијанта е прифатлива за нас и ние ќе ја гласаме, со надеж дека нашата дипломатија во иднина ќе биде поофанзивна, а не само дефанзивна во овие билатерални спорови.""",Левица Политичка Партија,2021-07-29 12:55:03+00:00,2021,14048,363,185,34,политички настани Македонија,политички настани Македонија,mk,https://www.youtube.com/watch?v=gjqYcYLICFI,"Апасиев: Ветото од Бугарија е директна последица од Преспанскиот договор, а за тоа е виновен Заев!","Обраќање на пратеникот Димитар Апасиев, во врска со Предлог-резолуцијата на ДПМНЕ за „црвените линии“ на македонските државни позиции: „Ќе почнам во еден гандиевски дух, односно на вистината не ѝ е потребна јавната поддршка од корумпираните пратеници за да биде вистина, така што овие документи кои ние ги носиме се само симболични. Вистината е дека Македонци има, Македонци имало и Македонци ќе има, без оглед дали брливите политичари преговараат за тоа како ќе им се вика јазикот и како ќе им се вика државата. Резолуцијата, барем за наш вкус e доста бенигна и пишувана, разбирливо, со дипломатски манири. Она што ми фали во оваа Резолуција е: - Јасно отфрлање на објаснувачкиот Меморандум на Бугарската академија и бугарските пратеници; Осуда на неоврховистичките позиции на бугарската влада; Конечно отворање за македонското малцинство во Пиринска Македонија; - Ставање на дневен ред на Македонската платформа како пандан на Тиранската платформа; И оваа Резолуција би требало да се достави и до Европската Унија и нашите меѓународни партнери, а не само да се објави во Службен весник. Меѓутоа, и оваа варијанта е прифатлива за нас и ние ќе ја гласаме, со надеж дека нашата дипломатија во иднина ќе биде поофанзивна, а не само дефанзивна во овие билатерални спорови.""","Апасиев: Ветото од Бугарија е директна последица од Преспанскиот договор, а за тоа е виновен Заев! — Обраќање на пратеникот Димитар Апасиев, во врска со Предлог-резолуцијата на ДПМНЕ за „црвените линии“ на македонските државни позиции: „Ќе почнам во еден гандиевски дух, односно на вистината не ѝ е потребна јавната поддршка од корумпираните пратеници за да биде вистина, така што овие документи кои ние ги носиме се само симболични. Вистината е дека Македонци има, Македонци имало и Македонци ќе има, без оглед дали брливите политичари преговараат за тоа како ќе им се вика јазикот и како ќе им се вика државата. Резолуцијата, барем за наш вкус e доста бенигна и пишувана, разбирливо, со дипломатски манири. Она што ми фали во оваа Резолуција е: - Јасно отфрлање на објаснувачкиот Меморандум на Бугарската академија и бугарските пратеници; Осуда на неоврховистичките позиции на бугарската влада; Конечно отворање за македонското малцинство во Пиринска Македонија; - Ставање на дневен ред на Македонската платформа како пандан на Тиранската платформа; И оваа Резолуција би требало да се достави и до Европската Унија и нашите меѓународни партнери, а не само да се објави во Службен весник. Меѓутоа, и оваа варијанта е прифатлива за нас и ние ќе ја гласаме, со надеж дека нашата дипломатија во иднина ќе биде поофанзивна, а не само дефанзивна во овие билатерални спорови.""","Apasiev: The veto from Bulgaria is a direct consequence of the Prespa Agreement, and Zaev is to blame for that!","Address of MP Dimitar Apasiev, regarding the Proposal-Resolution of DPMNE on the ""red lines"" of Macedonian state positions: ""I will start in a Gandhian spirit, that is, the truth does not need the public support of corrupt MPs to be true, so these documents that we carry are only symbolic. The truth is that there are Macedonians, there have been Macedonians and there will be Macedonians, regardless of whether the loud politicians They are negotiating what their language will be called. The resolution, at least for our taste, is written in a diplomatic manner. What I miss is the explanatory memorandum of the Bulgarian parliament; Condemnation of the Bulgarian government's position; on the agenda of the Macedonian platform as a counterpart to the Tirana platform; this Resolution should also be submitted to the European Union and our international partners, and not just published in the Official Gazette. However, this variant is acceptable to us and we will vote for it, in the hope that our diplomacy will be more offensive and not only defensive in these bilateral disputes.""","Apasiev: The veto from Bulgaria is a direct consequence of the Prespa Agreement, and Zaev is to blame for that! — Address of MP Dimitar Apasiev, regarding the Proposal-Resolution of DPMNE on the ""red lines"" of Macedonian state positions: ""I will start in a Gandhian spirit, that is, the truth does not need the public support of corrupt MPs to be true, so these documents that we carry are only symbolic. The truth is that there are Macedonians, there have been Macedonians and there will be Macedonians, regardless of whether the loud politicians They are negotiating what their language will be called. The resolution, at least for our taste, is written in a diplomatic manner. What I miss is the explanatory memorandum of the Bulgarian parliament; Condemnation of the Bulgarian government's position; on the agenda of the Macedonian platform as a counterpart to the Tirana platform; this Resolution should also be submitted to the European Union and our international partners, and not just published in the Official Gazette. However, this variant is acceptable to us and we will vote for it, in the hope that our diplomacy will be more offensive and not only defensive in these bilateral disputes.""","Апасиев: Ветото од Бугарија е директна последица од Преспанскиот договор, а за тоа е виновен Заев! — Обраќање на пратеникот Димитар Апасиев, во врска со Предлог-резолуцијата на ДПМНЕ за „црвените линии“ на македонските државни позиции: „Ќе почнам во еден гандиевски дух, односно на вистината не ѝ е потребна јавната поддршка од корумпираните пратеници за да биде вистина, така што овие документи кои ние ги носиме се само симболични. Вистината е дека Македонци има, Македонци имало и Македонци ќе има, без оглед дали брливите политичари преговараат за тоа како ќе им се вика јазикот и како ќе им се вика државата. Резолуцијата, барем за наш вкус e доста бенигна и пишувана, разбирливо, со дипломатски манири. Она што ми фали во оваа Резолуција е: - Јасно отфрлање на објаснувачкиот Меморандум на Бугарската академија и бугарските пратеници; Осуда на неоврховистичките позиции на бугарската влада; Конечно отворање за македонското малцинство во Пиринска Македонија; - Ставање на дневен ред на Македонската платформа како пандан на Тиранската платформа; И оваа Резолуција би требало да се достави и до Европската Унија и нашите меѓународни партнери, а не само да се објави во Службен весник. Меѓутоа, и оваа варијанта е прифатлива за нас и ние ќе ја гласаме, со надеж дека нашата дипломатија во иднина ќе биде поофанзивна, а не само дефанзивна во овие билатерални спорови.""",30,ok
8T1AnuFT6ls,Македонија-Бугарија-црвен прогрес и црна реакција/Maqedoni-Bullgari-progres të kuq dhe reaksion i zi,"Во оваа емисија со другарите Дејан Лутовски и Евгениј Литовски, зборуваме за односите помеѓу Македонија и Бугарија, низ различните гледишта на историјата. Го разгледуваме и влијанието на исторските личности , како Георги Димитров и Ванчо Михајлов, осврнувќи се на различните идеолошки погледи на овој спор. 
Секако, посебен акцент ставаме и на денешницата, која го прави овој спор доста актуелен преку францускиот предлог.

Në këtë emision me shokët Dejan Lutovski dhe Evgenij Litovski, flasim për marrëdhëniet mes Maqedonisë dhe Bullgarisë, përmes këndvështrimeve të ndryshme të historisë. E shqyrtojmë edhe ndikimin e figurave historike, si Georgi Dimitrov dhe Vanço Mihailov, duke iu referuar pikëpamjeve të ndryshme ideologjike të kësaj mosmarrëveshje.
Natyrisht, një theks të veçantë i kushtojmë edhe të sotshmes, gjë që e bën mjaft aktiv këtë mosmarrëveshje përmes propozimit francez.


Website: https://glasniidei.mk
Facebook: https://fb.com/glasniidei
Instagram: https://instagram.com/glasniidei",Гласни идеи,2022-10-11 16:02:54+00:00,2022,2025,27,33,34,француски предлог Македонија,француски предлог Македонија,mk,https://www.youtube.com/watch?v=8T1AnuFT6ls,Македонија-Бугарија-црвен прогрес и црна реакција/Maqedoni-Bullgari-progres të kuq dhe reaksion i zi,"Во оваа емисија со другарите Дејан Лутовски и Евгениј Литовски, зборуваме за односите помеѓу Македонија и Бугарија, низ различните гледишта на историјата. Го разгледуваме и влијанието на исторските личности , како Георги Димитров и Ванчо Михајлов, осврнувќи се на различните идеолошки погледи на овој спор. Секако, посебен акцент ставаме и на денешницата, која го прави овој спор доста актуелен преку францускиот предлог. Në këtë emision me shokët Dejan Lutovski dhe Evgenij Litovski, flasim për marrëdhëniet mes Maqedonisë dhe Bullgarisë, përmes këndvështrimeve të ndryshme të historisë. E shqyrtojmë edhe ndikimin e figurave historike, si Georgi Dimitrov dhe Vanço Mihailov, duke iu referuar pikëpamjeve të ndryshme ideologjike të kësaj mosmarrëveshje. Natyrisht, një theks të veçantë i kushtojmë edhe të sotshmes, gjë që e bën mjaft aktiv këtë mosmarrëveshje përmes propozimit francez.","Македонија-Бугарија-црвен прогрес и црна реакција/Maqedoni-Bullgari-progres të kuq dhe reaksion i zi — Во оваа емисија со другарите Дејан Лутовски и Евгениј Литовски, зборуваме за односите помеѓу Македонија и Бугарија, низ различните гледишта на историјата. Го разгледуваме и влијанието на исторските личности , како Георги Димитров и Ванчо Михајлов, осврнувќи се на различните идеолошки погледи на овој спор. Секако, посебен акцент ставаме и на денешницата, која го прави овој спор доста актуелен преку францускиот предлог. Në këtë emision me shokët Dejan Lutovski dhe Evgenij Litovski, flasim për marrëdhëniet mes Maqedonisë dhe Bullgarisë, përmes këndvështrimeve të ndryshme të historisë. E shqyrtojmë edhe ndikimin e figurave historike, si Georgi Dimitrov dhe Vanço Mihailov, duke iu referuar pikëpamjeve të ndryshme ideologjike të kësaj mosmarrëveshje. Natyrisht, një theks të veçantë i kushtojmë edhe të sotshmes, gjë që e bën mjaft aktiv këtë mosmarrëveshje përmes propozimit francez.",Macedonia-Bulgaria-red progress and black reaction,"In this show with friends Dejan Lutovski and Evgenij Litovski, we talk about the relations between Macedonia and Bulgaria, through the different points of view of history. We also consider the influence of historical figures, such as Georgi Dimitrov and Vancho Mihailov, referring to the different ideological views of this dispute. Of course, we also place a special emphasis on today, which makes this dispute quite topical through the French proposal. In this show, together with Dejan Lutovski and Evgenij Litovski, we talk about the relations between Macedonia and Bulgaria, through different perspectives of history. We also examine the influence of historical figures, such as Georgi Dimitrov and Vanço Mihailov, referring to the different ideological views of this dispute. Of course, një theks të geçinal i kushtôme edhe të sotshmes, which makes this dispute quite active through the French proposal.","Macedonia-Bulgaria-red progress and black reaction — In this show with friends Dejan Lutovski and Evgenij Litovski, we talk about the relations between Macedonia and Bulgaria, through the different points of view of history. We also consider the influence of historical figures, such as Georgi Dimitrov and Vancho Mihailov, referring to the different ideological views of this dispute. Of course, we also place a special emphasis on today, which makes this dispute quite topical through the French proposal. In this show, together with Dejan Lutovski and Evgenij Litovski, we talk about the relations between Macedonia and Bulgaria, through different perspectives of history. We also examine the influence of historical figures, such as Georgi Dimitrov and Vanço Mihailov, referring to the different ideological views of this dispute. Of course, një theks të geçinal i kushtôme edhe të sotshmes, which makes this dispute quite active through the French proposal.","Македонија-Бугарија-црвен прогрес и црна реакција/Maqedoni-Bullgari-progres të kuq dhe reaksion i zi — Во оваа емисија со другарите Дејан Лутовски и Евгениј Литовски, зборуваме за односите помеѓу Македонија и Бугарија, низ различните гледишта на историјата. Го разгледуваме и влијанието на исторските личности , како Георги Димитров и Ванчо Михајлов, осврнувќи се на различните идеолошки погледи на овој спор. Секако, посебен акцент ставаме и на денешницата, која го прави овој спор доста актуелен преку францускиот предлог. Në këtë emision me shokët Dejan Lutovski dhe Evgenij Litovski, flasim për marrëdhëniet mes Maqedonisë dhe Bullgarisë, përmes këndvështrimeve të ndryshme të historisë. E shqyrtojmë edhe ndikimin e figurave historike, si Georgi Dimitrov dhe Vanço Mihailov, duke iu referuar pikëpamjeve të ndryshme ideologjike të kësaj mosmarrëveshje. Natyrisht, një theks të veçantë i kushtojmë edhe të sotshmes, gjë që e bën mjaft aktiv këtë mosmarrëveshje përmes propozimit francez.",13,ok
c0QP1YT2hss,Бачев на ТВ Нова: Ќе го одбраниме името и Македонија од одродените Македонци,"Претседателот на Единствена Македонија, проф. д-р Јанко Бачев, денес, петок,, 15 јуни 2018 заедно со аналитичарот Александар Станковски гостин во емисијата „Отворено студио„ на ТВ Нова со новинарот Слободан Томиќ.",Единствена Македонија,2018-06-22 05:51:33+00:00,2018,4992,103,15,34,името на Македонија,името на Македонија,mk,https://www.youtube.com/watch?v=c0QP1YT2hss,Бачев на ТВ Нова: Ќе го одбраниме името и Македонија од одродените Македонци,"Претседателот на Единствена Македонија, проф. д-р Јанко Бачев, денес, петок,, 15 јуни 2018 заедно со аналитичарот Александар Станковски гостин во емисијата „Отворено студио„ на ТВ Нова со новинарот Слободан Томиќ.","Бачев на ТВ Нова: Ќе го одбраниме името и Македонија од одродените Македонци — Претседателот на Единствена Македонија, проф. д-р Јанко Бачев, денес, петок,, 15 јуни 2018 заедно со аналитичарот Александар Станковски гостин во емисијата „Отворено студио„ на ТВ Нова со новинарот Слободан Томиќ.",Bacev on TV Nova: We will defend the name and Macedonia from the reborn Macedonians,"The president of United Macedonia, prof. Dr. Janko Bacev, today, Friday, June 15, 2018, together with analyst Aleksandar Stankovski, guest in the show ""Open Studio"" on TV Nova with journalist Slobodan Tomic.","Bacev on TV Nova: We will defend the name and Macedonia from the reborn Macedonians — The president of United Macedonia, prof. Dr. Janko Bacev, today, Friday, June 15, 2018, together with analyst Aleksandar Stankovski, guest in the show ""Open Studio"" on TV Nova with journalist Slobodan Tomic.","Бачев на ТВ Нова: Ќе го одбраниме името и Македонија од одродените Македонци — Претседателот на Единствена Македонија, проф. д-р Јанко Бачев, денес, петок,, 15 јуни 2018 заедно со аналитичарот Александар Станковски гостин во емисијата „Отворено студио„ на ТВ Нова со новинарот Слободан Томиќ.",6,ok
THNoe_6Kxos,Ципрас прв грчки премиер што ја посетил Р. Македонија,"Follow Kanal5 on...
• FB: https://smarturl.it/fb5
• IG: https://smarturl.it/Ig5
• Web: https://kanal5.com.mk/

© & ℗ Kanal5 & IN Media. All Rights Reserved



Потпишувањето на договорот за името помеѓу Грција и Македонија предизвика нови потреси на политичката сцена во Грција.",Канал 5 Телевизија,2018-06-17 15:41:58+00:00,2018,1793,13,6,34,преспански договор,преспански договор,mk,https://www.youtube.com/watch?v=THNoe_6Kxos,Ципрас прв грчки премиер што ја посетил Р. Македонија,Follow Kanal5 on... Потпишувањето на договорот за името помеѓу Грција и Македонија предизвика нови потреси на политичката сцена во Грција.,Ципрас прв грчки премиер што ја посетил Р. Македонија — Follow Kanal5 on... Потпишувањето на договорот за името помеѓу Грција и Македонија предизвика нови потреси на политичката сцена во Грција.,Tsipras is the first Greek Prime Minister to visit R. Macedonia,Follow Kanal5 on... The signing of the name agreement between Greece and Macedonia caused new upheavals on the political scene in Greece.,Tsipras is the first Greek Prime Minister to visit R. Macedonia — Follow Kanal5 on... The signing of the name agreement between Greece and Macedonia caused new upheavals on the political scene in Greece.,Ципрас прв грчки премиер што ја посетил Р. Македонија — Follow Kanal5 on... Потпишувањето на договорот за името помеѓу Грција и Македонија предизвика нови потреси на политичката сцена во Грција.,2,ok
YJrFnTl06cI,Како е животот во Македонија?😃🇲🇰,"Со најискрениот и најнежниот јазик е дефиниран вака 🤷‍♀️😅
Животот е убав во Македонија доколку што имате пари..
Ако сте сиромашни како мене само ќе се мачите..",Aslı Kılıçer,2020-12-25 08:30:50+00:00,2020,886,56,4,34,интеграција во ЕУ Македонија,интеграција во ЕУ Македонија,mk,https://www.youtube.com/watch?v=YJrFnTl06cI,Како е животот во Македонија?😃🇲🇰,Со најискрениот и најнежниот јазик е дефиниран вака 🤷‍♀️😅 Животот е убав во Македонија доколку што имате пари.. Ако сте сиромашни како мене само ќе се мачите..,Како е животот во Македонија?😃🇲🇰 — Со најискрениот и најнежниот јазик е дефиниран вака 🤷‍♀️😅 Животот е убав во Македонија доколку што имате пари.. Ако сте сиромашни како мене само ќе се мачите..,How is life in Macedonia?😃🇲🇰,With the most honest and gentle language it is defined like this 🤷 ♀️😅 Life is beautiful in Macedonia if you have money.. If you are poor like me you will only struggle..,How is life in Macedonia?😃🇲🇰 — With the most honest and gentle language it is defined like this 🤷 ♀️😅 Life is beautiful in Macedonia if you have money.. If you are poor like me you will only struggle..,Како е животот во Македонија?😃🇲🇰 — Со најискрениот и најнежниот јазик е дефиниран вака 🤷‍♀️😅 Животот е убав во Македонија доколку што имате пари.. Ако сте сиромашни како мене само ќе се мачите..,4,ok
so9a3ojDlIs,Топ Тема на Ваша Страна: Кои се очекувањата од Самитот на НАТО (09.07.2018),"Два клучни настани поврзани со стратешките надворешно политички приоритети на земјава. За два дена Македонија се очекува да добие покана за старт на пристапните разговри за членство во НАТО, претходно условен датум за почеток на преговори со ЕУ. Вечерва во Топ Тема на Ваша страна осврт кон очекувањата од НАТО Самитот и интервју со првиот министер за одбрана др.Трајан Гоцевски. Ја проектираме врменската рамка за процесите што следуваат во ЕУ, а за тоа какви се перпективите на договорт за името интервју со европратеникот од Грција – Стелиос Кулоглу.",ТОП ТЕМА НА ВАША СТРАНА (ТОП ТЕМА#ONYOURSIDE),2018-07-09 19:00:04+00:00,2018,1837,5,2,34,политички настани Македонија,политички настани Македонија,mk,https://www.youtube.com/watch?v=so9a3ojDlIs,Топ Тема на Ваша Страна: Кои се очекувањата од Самитот на НАТО (09.07.2018),"Два клучни настани поврзани со стратешките надворешно политички приоритети на земјава. За два дена Македонија се очекува да добие покана за старт на пристапните разговри за членство во НАТО, претходно условен датум за почеток на преговори со ЕУ. Вечерва во Топ Тема на Ваша страна осврт кон очекувањата од НАТО Самитот и интервју со првиот министер за одбрана др.Трајан Гоцевски. Ја проектираме врменската рамка за процесите што следуваат во ЕУ, а за тоа какви се перпективите на договорт за името интервју со европратеникот од Грција – Стелиос Кулоглу.","Топ Тема на Ваша Страна: Кои се очекувањата од Самитот на НАТО (09.07.2018) — Два клучни настани поврзани со стратешките надворешно политички приоритети на земјава. За два дена Македонија се очекува да добие покана за старт на пристапните разговри за членство во НАТО, претходно условен датум за почеток на преговори со ЕУ. Вечерва во Топ Тема на Ваша страна осврт кон очекувањата од НАТО Самитот и интервју со првиот министер за одбрана др.Трајан Гоцевски. Ја проектираме врменската рамка за процесите што следуваат во ЕУ, а за тоа какви се перпективите на договорт за името интервју со европратеникот од Грција – Стелиос Кулоглу.",Top Topic on Your Page: What are the expectations from the NATO Summit (07/09/2018),"Two key events related to the country's strategic foreign policy priorities. In two days, Macedonia is expected to receive an invitation for the start of accession talks for NATO membership, a previously conditional date for the start of negotiations with the EU. Tonight in Top Topic on your side, a look at the expectations from the NATO Summit and an interview with the first Minister of Defense Dr. Trajan Gotcevski. We project the time frame for the processes that follow in the EU, and what are the perspectives of the agreement for the name interview with the MEP from Greece - Stelios Kouloglu.","Top Topic on Your Page: What are the expectations from the NATO Summit (07/09/2018) — Two key events related to the country's strategic foreign policy priorities. In two days, Macedonia is expected to receive an invitation for the start of accession talks for NATO membership, a previously conditional date for the start of negotiations with the EU. Tonight in Top Topic on your side, a look at the expectations from the NATO Summit and an interview with the first Minister of Defense Dr. Trajan Gotcevski. We project the time frame for the processes that follow in the EU, and what are the perspectives of the agreement for the name interview with the MEP from Greece - Stelios Kouloglu.","Топ Тема на Ваша Страна: Кои се очекувањата од Самитот на НАТО (09.07.2018) — Два клучни настани поврзани со стратешките надворешно политички приоритети на земјава. За два дена Македонија се очекува да добие покана за старт на пристапните разговри за членство во НАТО, претходно условен датум за почеток на преговори со ЕУ. Вечерва во Топ Тема на Ваша страна осврт кон очекувањата од НАТО Самитот и интервју со првиот министер за одбрана др.Трајан Гоцевски. Ја проектираме врменската рамка за процесите што следуваат во ЕУ, а за тоа какви се перпективите на договорт за името интервју со европратеникот од Грција – Стелиос Кулоглу.",1,ok
uePNDKzbwts,💥Проф. Андонов за „хибридните напади“ на власта и наративите во пресрет на локалните избори (1 дел),"🎙️ Во првиот дел од разговорот со проф. д-р Оливер Андонов од Воената академија во Скопје и еден од основачите на Фракцијата за демократизација и ревитализација на ВМРО-ДПМНЕ, се фокусираме на домашниот политички контекст и на анализите што предизвикуваат внимание во јавноста.
Андонов детално ги анализира актуелните настани и наративите на власта на Мицкоски, ја објаснува својата теза дека Северна Македонија веќе функционира како прокси држава на Балканот, а ја отвора и дискусијата за надворешните влијанија врз институциите и политичките процеси. 
Понатаму, говориме за главните политички наративи што доминираат во пресрет на локалните избори – дали се однесуваат на локални прашања или пак се злоупотребуваат за ширење национални, националистички и геополитички агенди.
Разговорот допира и до прашањето како ваквите наративи влијаат врз меѓуетничките односи, како и довербата во институциите.
Разговорот го водеше: Џабир Дерала
Камери и монтажа: Ариан Мехмети

Прочитајте го научниот есеј од прф. Андонов:
РУСКИ ХИБРИДНИ ЗАКАНИ: Моделирање и пристапи (1)
👉 https://civilmedia.mk/ruski-hibridni-zakani-modelirane-i-pristapi-1/ 
РУСКИ ХИБРИДНИ ЗАКАНИ (2): Од мета на напади до прокси држава
👉 https://civilmedia.mk/ruski-hibridni-zakani-2-od-meta-na-napadi-do-proksi-drzhava/",Civil,2025-09-18 14:45:17+00:00,2025,5408,65,40,33,довербата во институциите,довербата во институциите,mk,https://www.youtube.com/watch?v=uePNDKzbwts,💥Проф. Андонов за „хибридните напади“ на власта и наративите во пресрет на локалните избори (1 дел),"🎙️ Во првиот дел од разговорот со проф. д-р Оливер Андонов од Воената академија во Скопје и еден од основачите на Фракцијата за демократизација и ревитализација на ВМРО-ДПМНЕ, се фокусираме на домашниот политички контекст и на анализите што предизвикуваат внимание во јавноста. Андонов детално ги анализира актуелните настани и наративите на власта на Мицкоски, ја објаснува својата теза дека Северна Македонија веќе функционира како прокси држава на Балканот, а ја отвора и дискусијата за надворешните влијанија врз институциите и политичките процеси. Понатаму, говориме за главните политички наративи што доминираат во пресрет на локалните избори – дали се однесуваат на локални прашања или пак се злоупотребуваат за ширење национални, националистички и геополитички агенди. Разговорот допира и до прашањето како ваквите наративи влијаат врз меѓуетничките односи, како и довербата во институциите. Разговорот го водеше: Џабир Дерала Камери и монтажа: Ариан Мехмети Прочитајте го научниот есеј од прф. Андонов: РУСКИ ХИБРИДНИ ЗАКАНИ: Моделирање и пристапи (1) РУСКИ ХИБРИДНИ ЗАКАНИ (2): Од мета на напади до прокси држава","💥Проф. Андонов за „хибридните напади“ на власта и наративите во пресрет на локалните избори (1 дел) — 🎙️ Во првиот дел од разговорот со проф. д-р Оливер Андонов од Воената академија во Скопје и еден од основачите на Фракцијата за демократизација и ревитализација на ВМРО-ДПМНЕ, се фокусираме на домашниот политички контекст и на анализите што предизвикуваат внимание во јавноста. Андонов детално ги анализира актуелните настани и наративите на власта на Мицкоски, ја објаснува својата теза дека Северна Македонија веќе функционира како прокси држава на Балканот, а ја отвора и дискусијата за надворешните влијанија врз институциите и политичките процеси. Понатаму, говориме за главните политички наративи што доминираат во пресрет на локалните избори – дали се однесуваат на локални прашања или пак се злоупотребуваат за ширење национални, националистички и геополитички агенди. Разговорот допира и до прашањето како ваквите наративи влијаат врз меѓуетничките односи, како и довербата во институциите. Разговорот го водеше: Џабир Дерала Камери и монтажа: Ариан Мехмети Прочитајте го научниот есеј од прф. Андонов: РУСКИ ХИБРИДНИ ЗАКАНИ: Моделирање и пристапи (1) РУСКИ ХИБРИДНИ ЗАКАНИ (2): Од мета на напади до прокси држава","💥Prof. Andonov on the ""hybrid attacks"" of the government and the narratives on the eve of the local elections (part 1)","🎙️ In the first part of the conversation with Prof. Dr. Oliver Andonov from the Military Academy in Skopje and one of the founders of the Fraction for Democratization and Revitalization of VMRO-DPMNE, we focus on the domestic political context and the analyzes that cause public attention. Andonov analyzes in detail the current events and the narratives of Mickoski's government, explains his thesis that North Macedonia already functions as a proxy state in the Balkans, and opens the discussion about external influences on institutions and political processes. Furthermore, we talk about the main political narratives that dominate in the run-up to the local elections – whether they refer to local issues or are misused to spread national, nationalist and geopolitical agendas. The conversation touches on the question of how such narratives affect inter-ethnic relations, as well as trust in institutions. The conversation was led by: Jabir Derala Camera and editing: Arian Mehmeti Read the scholarly essay by Prof. Andonov: RUSSIAN HYBRID THREATS: Modeling and Approaches (1) RUSSIAN HYBRID THREATS (2): From Attack Target to Proxy State","💥Prof. Andonov on the ""hybrid attacks"" of the government and the narratives on the eve of the local elections (part 1) — 🎙️ In the first part of the conversation with Prof. Dr. Oliver Andonov from the Military Academy in Skopje and one of the founders of the Fraction for Democratization and Revitalization of VMRO-DPMNE, we focus on the domestic political context and the analyzes that cause public attention. Andonov analyzes in detail the current events and the narratives of Mickoski's government, explains his thesis that North Macedonia already functions as a proxy state in the Balkans, and opens the discussion about external influences on institutions and political processes. Furthermore, we talk about the main political narratives that dominate in the run-up to the local elections – whether they refer to local issues or are misused to spread national, nationalist and geopolitical agendas. The conversation touches on the question of how such narratives affect inter-ethnic relations, as well as trust in institutions. The conversation was led by: Jabir Derala Camera and editing: Arian Mehmeti Read the scholarly essay by Prof. Andonov: RUSSIAN HYBRID THREATS: Modeling and Approaches (1) RUSSIAN HYBRID THREATS (2): From Attack Target to Proxy State","💥Проф. Андонов за „хибридните напади“ на власта и наративите во пресрет на локалните избори (1 дел) — 🎙️ Во првиот дел од разговорот со проф. д-р Оливер Андонов од Воената академија во Скопје и еден од основачите на Фракцијата за демократизација и ревитализација на ВМРО-ДПМНЕ, се фокусираме на домашниот политички контекст и на анализите што предизвикуваат внимание во јавноста. Андонов детално ги анализира актуелните настани и наративите на власта на Мицкоски, ја објаснува својата теза дека Северна Македонија веќе функционира како прокси држава на Балканот, а ја отвора и дискусијата за надворешните влијанија врз институциите и политичките процеси. Понатаму, говориме за главните политички наративи што доминираат во пресрет на локалните избори – дали се однесуваат на локални прашања или пак се злоупотребуваат за ширење национални, националистички и геополитички агенди. Разговорот допира и до прашањето како ваквите наративи влијаат врз меѓуетничките односи, како и довербата во институциите. Разговорот го водеше: Џабир Дерала Камери и монтажа: Ариан Мехмети Прочитајте го научниот есеј од прф. Андонов: РУСКИ ХИБРИДНИ ЗАКАНИ: Моделирање и пристапи (1) РУСКИ ХИБРИДНИ ЗАКАНИ (2): Од мета на напади до прокси држава",15,ok
OqSTFXNL4bk,Македонија беше ѕвезда на Самитот на НАТО,"Follow Kanal5 on...
• FB: https://smarturl.it/fb5
• IG: https://smarturl.it/Ig5
• Web: https://kanal5.com.mk/

© & ℗ Kanal5 & IN Media. All Rights Reserved



Македонија и официјално доби покана за членство во НАТО.",Канал 5 Телевизија,2018-07-12 16:50:42+00:00,2018,1289,6,6,33,НАТО ЕУ Македонија протест,НАТО ЕУ Македонија протест,mk,https://www.youtube.com/watch?v=OqSTFXNL4bk,Македонија беше ѕвезда на Самитот на НАТО,Follow Kanal5 on... Македонија и официјално доби покана за членство во НАТО.,Македонија беше ѕвезда на Самитот на НАТО — Follow Kanal5 on... Македонија и официјално доби покана за членство во НАТО.,Macedonia was the star of the NATO Summit,Follow Kanal5 on... Macedonia officially received an invitation for membership in NATO.,Macedonia was the star of the NATO Summit — Follow Kanal5 on... Macedonia officially received an invitation for membership in NATO.,Македонија беше ѕвезда на Самитот на НАТО — Follow Kanal5 on... Македонија и официјално доби покана за членство во НАТО.,4,ok
lt6AUJUFPps,"Трендафилов: Македонските Бугари немаат доверба во системот, затоа не се жалат пред институциите","Отворените прашања меѓу РС Македонија и Бугарија се на дневен ред. Можеби ќе има напор да се одложат или разговорите кои ги таргетираат тие прашања да не бидат во прв план и да ги полнат новинските наслови, но прашањата нема да исчезнат и тие прашања ќе мора да се решат"", изјави Ѓорѓи Трендафилов, претседавач на Националниот комитет на Граѓанско демократската унија во емисијата Hyde Park на порталот Трибуна.
,, Можеби претседателот Стево Пендаровски ќе се обиде да се дистанцира од оптимизмот кој го покажува Владата во Скопје по посетата на премиерот Петков, ако процени дека тоа ќе му донесе евентуална политичка штета"", вели Трендафилов.
,,Логично е секој на кој што му се повредени правата да чувствува недоверба кон институцијата за заштита од дискриминација. Прашањето за човековите права се растегнува со децении во земјата, посебно тоа е интересно кога доаѓа мисија на ОБСЕ, кога имаме некаков флагрантен пример кој ќе заврши на насловните страни на печатот, но мислам дека ниту еден случај не завршил позитивно. Кога перцепцијата е таква илузорно е некој да очекува дека човек кога чуствува дискриминација од било какви побуди, кога нема доверба во системот, бидејќи Уставот е таков каков што е, не секој чувствува дека е заштитен во рамките на уставните права кои му се дадени. Има една цела лепеза од дискриминации за кои судовите не реагираат и затоа нема претставки"", подвлече Трендафилов.",Tribuna mk,2022-01-23 23:00:30+00:00,2022,2196,38,18,32,довербата во системот,довербата во системот,mk,https://www.youtube.com/watch?v=lt6AUJUFPps,"Трендафилов: Македонските Бугари немаат доверба во системот, затоа не се жалат пред институциите","Отворените прашања меѓу РС Македонија и Бугарија се на дневен ред. Можеби ќе има напор да се одложат или разговорите кои ги таргетираат тие прашања да не бидат во прв план и да ги полнат новинските наслови, но прашањата нема да исчезнат и тие прашања ќе мора да се решат"", изјави Ѓорѓи Трендафилов, претседавач на Националниот комитет на Граѓанско демократската унија во емисијата Hyde Park на порталот Трибуна. ,, Можеби претседателот Стево Пендаровски ќе се обиде да се дистанцира од оптимизмот кој го покажува Владата во Скопје по посетата на премиерот Петков, ако процени дека тоа ќе му донесе евентуална политичка штета"", вели Трендафилов. ,,Логично е секој на кој што му се повредени правата да чувствува недоверба кон институцијата за заштита од дискриминација. Прашањето за човековите права се растегнува со децении во земјата, посебно тоа е интересно кога доаѓа мисија на ОБСЕ, кога имаме некаков флагрантен пример кој ќе заврши на насловните страни на печатот, но мислам дека ниту еден случај не завршил позитивно. Кога перцепцијата е таква илузорно е некој да очекува дека човек кога чуствува дискриминација од било какви побуди, кога нема доверба во системот, бидејќи Уставот е таков каков што е, не секој чувствува дека е заштитен во рамките на уставните права кои му се дадени. Има една цела лепеза од дискриминации за кои судовите не реагираат и затоа нема претставки"", подвлече Трендафилов.","Трендафилов: Македонските Бугари немаат доверба во системот, затоа не се жалат пред институциите — Отворените прашања меѓу РС Македонија и Бугарија се на дневен ред. Можеби ќе има напор да се одложат или разговорите кои ги таргетираат тие прашања да не бидат во прв план и да ги полнат новинските наслови, но прашањата нема да исчезнат и тие прашања ќе мора да се решат"", изјави Ѓорѓи Трендафилов, претседавач на Националниот комитет на Граѓанско демократската унија во емисијата Hyde Park на порталот Трибуна. ,, Можеби претседателот Стево Пендаровски ќе се обиде да се дистанцира од оптимизмот кој го покажува Владата во Скопје по посетата на премиерот Петков, ако процени дека тоа ќе му донесе евентуална политичка штета"", вели Трендафилов. ,,Логично е секој на кој што му се повредени правата да чувствува недоверба кон институцијата за заштита од дискриминација. Прашањето за човековите права се растегнува со децении во земјата, посебно тоа е интересно кога доаѓа мисија на ОБСЕ, кога имаме некаков флагрантен пример кој ќе заврши на насловните страни на печатот, но мислам дека ниту еден случај не завршил позитивно. Кога перцепцијата е таква илузорно е некој да очекува дека човек кога чуствува дискриминација од било какви побуди, кога нема доверба во системот, бидејќи Уставот е таков каков што е, не секој чувствува дека е заштитен во рамките на уставните права кои му се дадени. Има една цела лепеза од дискриминации за кои судовите не реагираат и затоа нема претставки"", подвлече Трендафилов.","Trendafilov: Macedonian Bulgarians don't trust the system, that's why they don't complain to the institutions","The open issues between RS Macedonia and Bulgaria are on the agenda. ""Perhaps there will be an effort to postpone or the conversations targeting those issues will not be in the foreground and fill the news headlines, but the issues will not disappear and those issues will have to be resolved,"" said Gjorgi Trendafilov, chairman of the National Committee of the Civic Democratic Union in the Hyde Park show on the Tribuna portal. ,, Perhaps President Stevo Pendarovski will try to distance himself from the optimism shown by the Government in Skopje after the visit of Prime Minister Petkov, if he estimates that it will bring him possible political damage"", says Trendafilov. ""It is logical that anyone whose rights have been violated should feel mistrust towards the institution for protection against discrimination. The issue of human rights has been stretching for decades in the country, it is especially interesting when an OSCE mission comes, when we have some flagrant example that will end up on the front pages of the press, but I don't think that any case has ended positively. When the perception is like that, it is illusory for someone to expect that when a person feels discriminated against for any reasons, when he does not trust the system, because the Constitution is the way it is, not everyone feels that he is protected within the framework of the constitutional rights given to him. There is a whole range of discriminations for which the courts do not react, and therefore there are no complaints"", underlined Trendafilov.","Trendafilov: Macedonian Bulgarians don't trust the system, that's why they don't complain to the institutions — The open issues between RS Macedonia and Bulgaria are on the agenda. ""Perhaps there will be an effort to postpone or the conversations targeting those issues will not be in the foreground and fill the news headlines, but the issues will not disappear and those issues will have to be resolved,"" said Gjorgi Trendafilov, chairman of the National Committee of the Civic Democratic Union in the Hyde Park show on the Tribuna portal. ,, Perhaps President Stevo Pendarovski will try to distance himself from the optimism shown by the Government in Skopje after the visit of Prime Minister Petkov, if he estimates that it will bring him possible political damage"", says Trendafilov. ""It is logical that anyone whose rights have been violated should feel mistrust towards the institution for protection against discrimination. The issue of human rights has been stretching for decades in the country, it is especially interesting when an OSCE mission comes, when we have some flagrant example that will end up on the front pages of the press, but I don't think that any case has ended positively. When the perception is like that, it is illusory for someone to expect that when a person feels discriminated against for any reasons, when he does not trust the system, because the Constitution is the way it is, not everyone feels that he is protected within the framework of the constitutional rights given to him. There is a whole range of discriminations for which the courts do not react, and therefore there are no complaints"", underlined Trendafilov.","Трендафилов: Македонските Бугари немаат доверба во системот, затоа не се жалат пред институциите — Отворените прашања меѓу РС Македонија и Бугарија се на дневен ред. Можеби ќе има напор да се одложат или разговорите кои ги таргетираат тие прашања да не бидат во прв план и да ги полнат новинските наслови, но прашањата нема да исчезнат и тие прашања ќе мора да се решат"", изјави Ѓорѓи Трендафилов, претседавач на Националниот комитет на Граѓанско демократската унија во емисијата Hyde Park на порталот Трибуна. ,, Можеби претседателот Стево Пендаровски ќе се обиде да се дистанцира од оптимизмот кој го покажува Владата во Скопје по посетата на премиерот Петков, ако процени дека тоа ќе му донесе евентуална политичка штета"", вели Трендафилов. ,,Логично е секој на кој што му се повредени правата да чувствува недоверба кон институцијата за заштита од дискриминација. Прашањето за човековите права се растегнува со децении во земјата, посебно тоа е интересно кога доаѓа мисија на ОБСЕ, кога имаме некаков флагрантен пример кој ќе заврши на насловните страни на печатот, но мислам дека ниту еден случај не завршил позитивно. Кога перцепцијата е таква илузорно е некој да очекува дека човек кога чуствува дискриминација од било какви побуди, кога нема доверба во системот, бидејќи Уставот е таков каков што е, не секој чувствува дека е заштитен во рамките на уставните права кои му се дадени. Има една цела лепеза од дискриминации за кои судовите не реагираат и затоа нема претставки"", подвлече Трендафилов.",5,ok
eXUCHuQBrF8,Караманлис прифатил Република Македонија –Скопје и двојна формула за името,"Follow Kanal5 on...
• FB: https://smarturl.it/fb5
• IG: https://smarturl.it/Ig5
• Web: https://kanal5.com.mk/

© & ℗ Kanal5 & IN Media. All Rights Reserved



Дали Македонија можела да избегне промена на уставното име, а притоа да го реши спорот со Грција?",Канал 5 Телевизија,2019-07-02 12:55:03+00:00,2019,2017,6,2,32,името на Македонија,името на Македонија,mk,https://www.youtube.com/watch?v=eXUCHuQBrF8,Караманлис прифатил Република Македонија –Скопје и двојна формула за името,"Follow Kanal5 on... Дали Македонија можела да избегне промена на уставното име, а притоа да го реши спорот со Грција?","Караманлис прифатил Република Македонија –Скопје и двојна формула за името — Follow Kanal5 on... Дали Македонија можела да избегне промена на уставното име, а притоа да го реши спорот со Грција?",Karamanlis accepted the Republic of Macedonia - Skopje and a double formula for the name,"Follow Kanal5 on... Could Macedonia have avoided changing its constitutional name, while resolving the dispute with Greece?","Karamanlis accepted the Republic of Macedonia - Skopje and a double formula for the name — Follow Kanal5 on... Could Macedonia have avoided changing its constitutional name, while resolving the dispute with Greece?","Караманлис прифатил Република Македонија –Скопје и двојна формула за името — Follow Kanal5 on... Дали Македонија можела да избегне промена на уставното име, а притоа да го реши спорот со Грција?",1,ok
J0pkoymUoFI,"Апасиев и Kрмов заедно со носителот на Левица, Тони Стаменковски на средба со граѓани во Делчево","Претседателот на Левица, Димитар Апасиев, пратеникот Борислав Крмов и носителот на советничката листа во Делчево, Тони Стаменковски, во рамки на активностите за локалните избори денеска одржаа неформална средба со граѓаните, каде ја истакнаа улогата на партијата во борбата против непотизмот и лошите политики на локално и национално ниво.

-Убеден сум дека сега Делчево на овие локални избори ќе пренесе една јасна порака – доста е од лоши политики, фамилијарни вработувања и непотизам. Очекуваме добар резултат и за првпат ќе имаме советничка група. Ние не купуваме гласови, туку доверба од граѓаните. Овие избори ќе бидат историски за Левица и очекуваме многу добри резултати“, изјави Крмов на средбата.

Тој нагласи дека Левица е единствената партија која отворено се спротивставува на системот кој, како што рече, „осиромашува народот за сметка на мало малцинство приврзано на власта“. Крмов додаде дека и покрај забраната за рекламирање на партијата, членовите на Левица секојдневно се на терен и го чувствуваат пулсот на граѓаните. 

-Дури и режимот кој ја забрани рекламата на Левица чувствува дека партијата е негов најголем непријател. Преку овие локални избори ќе покажеме каде дува политичкиот ветар – кон Левица, која ќе се позиционира како втора политичка сила способна да се спротивстави на системот“, нагласи Крмов.
На средбата се разговараше и за подобрување на состојбата на маргинализираните групи, зголемување на нивните права како пациенти, како и за други клучни прашања од интерес на локалната заедница.

Носителот на листата и актуелен советник од Левица, Тони Стаменковски потврди дека на овие избори очекува Левица да освои три советнички мандати. 

-Оние кои мислат со своја глава ни приоѓаат заради искрената политика и заради целокупната состојба во Македонија. Мислам дека народот полека се свестува и ќе даде доверба на Левица“, рече тој, додавајќи дека партијата е фокусирана на конкретни мерки за локалниот развој и подобрување на условите за граѓаните.",delcevo 365 mk,2025-10-06 15:48:56+00:00,2025,1890,3,1,32,довербата во системот,довербата во системот,mk,https://www.youtube.com/watch?v=J0pkoymUoFI,"Апасиев и Kрмов заедно со носителот на Левица, Тони Стаменковски на средба со граѓани во Делчево","Претседателот на Левица, Димитар Апасиев, пратеникот Борислав Крмов и носителот на советничката листа во Делчево, Тони Стаменковски, во рамки на активностите за локалните избори денеска одржаа неформална средба со граѓаните, каде ја истакнаа улогата на партијата во борбата против непотизмот и лошите политики на локално и национално ниво. -Убеден сум дека сега Делчево на овие локални избори ќе пренесе една јасна порака – доста е од лоши политики, фамилијарни вработувања и непотизам. Очекуваме добар резултат и за првпат ќе имаме советничка група. Ние не купуваме гласови, туку доверба од граѓаните. Овие избори ќе бидат историски за Левица и очекуваме многу добри резултати“, изјави Крмов на средбата. Тој нагласи дека Левица е единствената партија која отворено се спротивставува на системот кој, како што рече, „осиромашува народот за сметка на мало малцинство приврзано на власта“. Крмов додаде дека и покрај забраната за рекламирање на партијата, членовите на Левица секојдневно се на терен и го чувствуваат пулсот на граѓаните. -Дури и режимот кој ја забрани рекламата на Левица чувствува дека партијата е негов најголем непријател. Преку овие локални избори ќе покажеме каде дува политичкиот ветар – кон Левица, која ќе се позиционира како втора политичка сила способна да се спротивстави на системот“, нагласи Крмов. На средбата се разговараше и за подобрување на состојбата на маргинализираните групи, зголемување на нивните права како пациенти, како и за други клучни прашања од интерес на локалната заедница. Носителот на листата и актуелен советник од Левица, Тони Стаменковски потврди дека на овие избори очекува Левица да освои три советнички мандати. -Оние кои мислат со своја глава ни приоѓаат заради искрената политика и заради целокупната состојба во Македонија. Мислам дека народот полека се свестува и ќе даде доверба на Левица“, рече тој, додавајќи дека партијата е фокусирана на конкретни мерки за локалниот развој и подобрување на условите за граѓаните.","Апасиев и Kрмов заедно со носителот на Левица, Тони Стаменковски на средба со граѓани во Делчево — Претседателот на Левица, Димитар Апасиев, пратеникот Борислав Крмов и носителот на советничката листа во Делчево, Тони Стаменковски, во рамки на активностите за локалните избори денеска одржаа неформална средба со граѓаните, каде ја истакнаа улогата на партијата во борбата против непотизмот и лошите политики на локално и национално ниво. -Убеден сум дека сега Делчево на овие локални избори ќе пренесе една јасна порака – доста е од лоши политики, фамилијарни вработувања и непотизам. Очекуваме добар резултат и за првпат ќе имаме советничка група. Ние не купуваме гласови, туку доверба од граѓаните. Овие избори ќе бидат историски за Левица и очекуваме многу добри резултати“, изјави Крмов на средбата. Тој нагласи дека Левица е единствената партија која отворено се спротивставува на системот кој, како што рече, „осиромашува народот за сметка на мало малцинство приврзано на власта“. Крмов додаде дека и покрај забраната за рекламирање на партијата, членовите на Левица секојдневно се на терен и го чувствуваат пулсот на граѓаните. -Дури и режимот кој ја забрани рекламата на Левица чувствува дека партијата е негов најголем непријател. Преку овие локални избори ќе покажеме каде дува политичкиот ветар – кон Левица, која ќе се позиционира како втора политичка сила способна да се спротивстави на системот“, нагласи Крмов. На средбата се разговараше и за подобрување на состојбата на маргинализираните групи, зголемување на нивните права како пациенти, како и за други клучни прашања од интерес на локалната заедница. Носителот на листата и актуелен советник од Левица, Тони Стаменковски потврди дека на овие избори очекува Левица да освои три советнички мандати. -Оние кои мислат со своја глава ни приоѓаат заради искрената политика и заради целокупната состојба во Македонија. Мислам дека народот полека се свестува и ќе даде доверба на Левица“, рече тој, додавајќи дека партијата е фокусирана на конкретни мерки за локалниот развој и подобрување на условите за граѓаните.","Apasiev and Krmov together with the leader of the Left Party, Toni Stamenkovski, at a meeting with citizens in Delčevo","The President of the Left, Dimitar Apasiev, MP Borislav Krmov and the holder of the list of councilors in Delčevo, Toni Stamenkovski, held an informal meeting with the citizens today as part of the activities for the local elections, where they emphasized the role of the party in the fight against nepotism and bad policies at the local and national level. - I am convinced that now Delčevo will convey a clear message in these local elections - enough of bad policies, family employment and nepotism. We expect a good result and for the first time we will have an advisory group. We do not buy votes, but trust from citizens. These elections will be historic for the Left and we expect very good results,"" Krmov said at the meeting. He emphasized that the Left is the only party that openly opposes the system which, as he said, ""impoverishes the people at the expense of a small minority attached to the government"". Krmov added that despite the party's advertising ban, members of the Left are on the ground every day and feel the pulse of the citizens. - Even the regime that banned the advertising of the Left feels that the party is its biggest enemy. Through these local elections, we will show where the political wind is blowing - towards the Left, which will position itself as the second political force capable of opposing the system,"" emphasized Krmov. The meeting also discussed improving the situation of marginalized groups, increasing their rights as patients, as well as other key issues of interest to the local community. The holder of the list and current councilor from the Left, Tony Stamenkovski, confirmed that in these elections he expects the Left to win three council mandates. -Those who think with they are coming to us because of the honest policy and because of the overall situation in Macedonia. I think that the people are slowly becoming aware and will trust the Left,"" he said, adding that the party is focused on specific measures for local development and improving conditions for citizens.","Apasiev and Krmov together with the leader of the Left Party, Toni Stamenkovski, at a meeting with citizens in Delčevo — The President of the Left, Dimitar Apasiev, MP Borislav Krmov and the holder of the list of councilors in Delčevo, Toni Stamenkovski, held an informal meeting with the citizens today as part of the activities for the local elections, where they emphasized the role of the party in the fight against nepotism and bad policies at the local and national level. - I am convinced that now Delčevo will convey a clear message in these local elections - enough of bad policies, family employment and nepotism. We expect a good result and for the first time we will have an advisory group. We do not buy votes, but trust from citizens. These elections will be historic for the Left and we expect very good results,"" Krmov said at the meeting. He emphasized that the Left is the only party that openly opposes the system which, as he said, ""impoverishes the people at the expense of a small minority attached to the government"". Krmov added that despite the party's advertising ban, members of the Left are on the ground every day and feel the pulse of the citizens. - Even the regime that banned the advertising of the Left feels that the party is its biggest enemy. Through these local elections, we will show where the political wind is blowing - towards the Left, which will position itself as the second political force capable of opposing the system,"" emphasized Krmov. The meeting also discussed improving the situation of marginalized groups, increasing their rights as patients, as well as other key issues of interest to the local community. The holder of the list and current councilor from the Left, Tony Stamenkovski, confirmed that in these elections he expects the Left to win three council mandates. -Those who think with they are coming to us because of the honest policy and because of the overall situation in Macedonia. I think that the people are slowly becoming aware and will trust the Left,"" he said, adding that the party is focused on specific measures for local development and improving conditions for citizens.","Апасиев и Kрмов заедно со носителот на Левица, Тони Стаменковски на средба со граѓани во Делчево — Претседателот на Левица, Димитар Апасиев, пратеникот Борислав Крмов и носителот на советничката листа во Делчево, Тони Стаменковски, во рамки на активностите за локалните избори денеска одржаа неформална средба со граѓаните, каде ја истакнаа улогата на партијата во борбата против непотизмот и лошите политики на локално и национално ниво. -Убеден сум дека сега Делчево на овие локални избори ќе пренесе една јасна порака – доста е од лоши политики, фамилијарни вработувања и непотизам. Очекуваме добар резултат и за првпат ќе имаме советничка група. Ние не купуваме гласови, туку доверба од граѓаните. Овие избори ќе бидат историски за Левица и очекуваме многу добри резултати“, изјави Крмов на средбата. Тој нагласи дека Левица е единствената партија која отворено се спротивставува на системот кој, како што рече, „осиромашува народот за сметка на мало малцинство приврзано на власта“. Крмов додаде дека и покрај забраната за рекламирање на партијата, членовите на Левица секојдневно се на терен и го чувствуваат пулсот на граѓаните. -Дури и режимот кој ја забрани рекламата на Левица чувствува дека партијата е негов најголем непријател. Преку овие локални избори ќе покажеме каде дува политичкиот ветар – кон Левица, која ќе се позиционира како втора политичка сила способна да се спротивстави на системот“, нагласи Крмов. На средбата се разговараше и за подобрување на состојбата на маргинализираните групи, зголемување на нивните права како пациенти, како и за други клучни прашања од интерес на локалната заедница. Носителот на листата и актуелен советник од Левица, Тони Стаменковски потврди дека на овие избори очекува Левица да освои три советнички мандати. -Оние кои мислат со своја глава ни приоѓаат заради искрената политика и заради целокупната состојба во Македонија. Мислам дека народот полека се свестува и ќе даде доверба на Левица“, рече тој, додавајќи дека партијата е фокусирана на конкретни мерки за локалниот развој и подобрување на условите за граѓаните.",1,ok
DwHAzlYzvG0,Силна порака на Бачев: Нема промена на име и влез во НАТО и ЕУ,"Вечерва, четврток, 5 јули 2018, на народниот собир за одбрана на името пред Собранието на Република Македонија, свое обраќање имаше претседателот на Единствена Македонија проф. д-р Јанко Бачев.",Единствена Македонија,2018-07-07 15:01:35+00:00,2018,3111,107,15,31,НАТО ЕУ Македонија протест,НАТО ЕУ Македонија протест,mk,https://www.youtube.com/watch?v=DwHAzlYzvG0,Силна порака на Бачев: Нема промена на име и влез во НАТО и ЕУ,"Вечерва, четврток, 5 јули 2018, на народниот собир за одбрана на името пред Собранието на Република Македонија, свое обраќање имаше претседателот на Единствена Македонија проф. д-р Јанко Бачев.","Силна порака на Бачев: Нема промена на име и влез во НАТО и ЕУ — Вечерва, четврток, 5 јули 2018, на народниот собир за одбрана на името пред Собранието на Република Македонија, свое обраќање имаше претседателот на Единствена Македонија проф. д-р Јанко Бачев.",Bacev's strong message: No name change and entry into NATO and the EU,"Tonight, Thursday, July 5, 2018, at the national gathering for the defense of the name before the Assembly of the Republic of Macedonia, the president of United Macedonia, Prof. Dr. Janko Bachev.","Bacev's strong message: No name change and entry into NATO and the EU — Tonight, Thursday, July 5, 2018, at the national gathering for the defense of the name before the Assembly of the Republic of Macedonia, the president of United Macedonia, Prof. Dr. Janko Bachev.","Силна порака на Бачев: Нема промена на име и влез во НАТО и ЕУ — Вечерва, четврток, 5 јули 2018, на народниот собир за одбрана на името пред Собранието на Република Македонија, свое обраќање имаше претседателот на Единствена Македонија проф. д-р Јанко Бачев.",8,ok
AC5oh3lIczA,24 анализа - Ќе каже ли да Македонија на модифицираниот предлог?,"Ќе каже ли да Македонија на модифицираниот предлог?

Гости се аналитичарот Сафет Бишевац, новинарот Зоран Иванов и Драган Тилев државен советник за европски прашања",Televizija 24,2022-07-01 19:59:56+00:00,2022,6891,23,27,30,француски предлог Македонија,француски предлог Македонија,mk,https://www.youtube.com/watch?v=AC5oh3lIczA,24 анализа - Ќе каже ли да Македонија на модифицираниот предлог?,"Ќе каже ли да Македонија на модифицираниот предлог? Гости се аналитичарот Сафет Бишевац, новинарот Зоран Иванов и Драган Тилев државен советник за европски прашања","24 анализа - Ќе каже ли да Македонија на модифицираниот предлог? — Ќе каже ли да Македонија на модифицираниот предлог? Гости се аналитичарот Сафет Бишевац, новинарот Зоран Иванов и Драган Тилев државен советник за европски прашања",24 analysis - Will Macedonia say yes to the modified proposal?,"Will Macedonia say yes to the modified proposal? The guests are analyst Safet Bishevac, journalist Zoran Ivanov and State Councilor for European Affairs Dragan Tilev","24 analysis - Will Macedonia say yes to the modified proposal? — Will Macedonia say yes to the modified proposal? The guests are analyst Safet Bishevac, journalist Zoran Ivanov and State Councilor for European Affairs Dragan Tilev","24 анализа - Ќе каже ли да Македонија на модифицираниот предлог? — Ќе каже ли да Македонија на модифицираниот предлог? Гости се аналитичарот Сафет Бишевац, новинарот Зоран Иванов и Драган Тилев државен советник за европски прашања",12,ok
g_kPCvjDn9U,"84 организации од земјата и дијаспората против уставни измени, распуштање на Собранието и избори","Денес, недела, 4-ти ноември 2018, осумдесет и четири организации - политички партии, невладини организации, граѓански иницијативи од земјата и дијаспората потпишаа Повелба за стратешка соработка со која се предвидува формирање на Кризен штаб против промена на Уставот на Република Македонија, распуштање на Собранието и распишување на предвремени парламентарни избори. 

Кризниот штаб ќе организира сенародни протести пред Собранието на Република Македонија, пред домовите на одметнатите и уценети пратениции, блокада на патишта и гранични премини и други форми на отпор под чиј притисок Владата и Зоран Заев ќе бидат принудени да си заминат. Антимакедонските политики го допреа врвот, или ќе дозволиме марионетската власт во Скопје да избрише се што е македонско или ќе победиме за да останеме свои на своето, трето нема. До таму е дојдено. или тие или ние. 

Целта на сенародниот отпор е со еден услов, а тоа е избори без Зоран Заев како премиер - беше истакнато меѓудругото на потпишувањето на Повелбата за стратешка соработка.

Кризен штаб против промена на Уставот, распуштање на Собранието и распишување на избори ќе настапува под слоганот „Македонија-Блокира„.",Единствена Македонија,2018-11-04 22:54:41+00:00,2018,767,40,11,30,уставни измени Македонија,уставни измени Македонија,mk,https://www.youtube.com/watch?v=g_kPCvjDn9U,"84 организации од земјата и дијаспората против уставни измени, распуштање на Собранието и избори","Денес, недела, 4-ти ноември 2018, осумдесет и четири организации - политички партии, невладини организации, граѓански иницијативи од земјата и дијаспората потпишаа Повелба за стратешка соработка со која се предвидува формирање на Кризен штаб против промена на Уставот на Република Македонија, распуштање на Собранието и распишување на предвремени парламентарни избори. Кризниот штаб ќе организира сенародни протести пред Собранието на Република Македонија, пред домовите на одметнатите и уценети пратениции, блокада на патишта и гранични премини и други форми на отпор под чиј притисок Владата и Зоран Заев ќе бидат принудени да си заминат. Антимакедонските политики го допреа врвот, или ќе дозволиме марионетската власт во Скопје да избрише се што е македонско или ќе победиме за да останеме свои на своето, трето нема. До таму е дојдено. или тие или ние. Целта на сенародниот отпор е со еден услов, а тоа е избори без Зоран Заев како премиер - беше истакнато меѓудругото на потпишувањето на Повелбата за стратешка соработка. Кризен штаб против промена на Уставот, распуштање на Собранието и распишување на избори ќе настапува под слоганот „Македонија-Блокира„.","84 организации од земјата и дијаспората против уставни измени, распуштање на Собранието и избори — Денес, недела, 4-ти ноември 2018, осумдесет и четири организации - политички партии, невладини организации, граѓански иницијативи од земјата и дијаспората потпишаа Повелба за стратешка соработка со која се предвидува формирање на Кризен штаб против промена на Уставот на Република Македонија, распуштање на Собранието и распишување на предвремени парламентарни избори. Кризниот штаб ќе организира сенародни протести пред Собранието на Република Македонија, пред домовите на одметнатите и уценети пратениции, блокада на патишта и гранични премини и други форми на отпор под чиј притисок Владата и Зоран Заев ќе бидат принудени да си заминат. Антимакедонските политики го допреа врвот, или ќе дозволиме марионетската власт во Скопје да избрише се што е македонско или ќе победиме за да останеме свои на своето, трето нема. До таму е дојдено. или тие или ние. Целта на сенародниот отпор е со еден услов, а тоа е избори без Зоран Заев како премиер - беше истакнато меѓудругото на потпишувањето на Повелбата за стратешка соработка. Кризен штаб против промена на Уставот, распуштање на Собранието и распишување на избори ќе настапува под слоганот „Македонија-Блокира„.","84 organizations from the country and the diaspora against constitutional changes, dissolution of the Assembly and elections","Today, Sunday, November 4, 2018, eighty-four organizations - political parties, non-governmental organizations, civil initiatives from the country and the diaspora signed a Charter for strategic cooperation, which provides for the establishment of a Crisis Staff against changes to the Constitution of the Republic of Macedonia, the dissolution of the Assembly and the calling of early parliamentary elections. The crisis headquarters will organize nationwide protests in front of the Parliament of the Republic of Macedonia, in front of the homes of the renegade and blackmailed deputies, blockade of roads and border crossings and other forms of resistance under the pressure of which the Government and Zoran Zaev will be forced to leave. Anti-Macedonian policies have reached their peak, either we will allow the puppet government in Skopje to erase everything that is Macedonian, or we will win to remain our own, there is no third. It has come to that. either them or us. The goal of the national resistance has one condition, and that is elections without Zoran Zaev as prime minister - it was emphasized, among other things, at the signing of the Charter for Strategic Cooperation. Crisis headquarters against changes to the Constitution, dissolution of the Parliament and the calling of elections will perform under the slogan ""Macedonia-Block"".","84 organizations from the country and the diaspora against constitutional changes, dissolution of the Assembly and elections — Today, Sunday, November 4, 2018, eighty-four organizations - political parties, non-governmental organizations, civil initiatives from the country and the diaspora signed a Charter for strategic cooperation, which provides for the establishment of a Crisis Staff against changes to the Constitution of the Republic of Macedonia, the dissolution of the Assembly and the calling of early parliamentary elections. The crisis headquarters will organize nationwide protests in front of the Parliament of the Republic of Macedonia, in front of the homes of the renegade and blackmailed deputies, blockade of roads and border crossings and other forms of resistance under the pressure of which the Government and Zoran Zaev will be forced to leave. Anti-Macedonian policies have reached their peak, either we will allow the puppet government in Skopje to erase everything that is Macedonian, or we will win to remain our own, there is no third. It has come to that. either them or us. The goal of the national resistance has one condition, and that is elections without Zoran Zaev as prime minister - it was emphasized, among other things, at the signing of the Charter for Strategic Cooperation. Crisis headquarters against changes to the Constitution, dissolution of the Parliament and the calling of elections will perform under the slogan ""Macedonia-Block"".","84 организации од земјата и дијаспората против уставни измени, распуштање на Собранието и избори — Денес, недела, 4-ти ноември 2018, осумдесет и четири организации - политички партии, невладини организации, граѓански иницијативи од земјата и дијаспората потпишаа Повелба за стратешка соработка со која се предвидува формирање на Кризен штаб против промена на Уставот на Република Македонија, распуштање на Собранието и распишување на предвремени парламентарни избори. Кризниот штаб ќе организира сенародни протести пред Собранието на Република Македонија, пред домовите на одметнатите и уценети пратениции, блокада на патишта и гранични премини и други форми на отпор под чиј притисок Владата и Зоран Заев ќе бидат принудени да си заминат. Антимакедонските политики го допреа врвот, или ќе дозволиме марионетската власт во Скопје да избрише се што е македонско или ќе победиме за да останеме свои на своето, трето нема. До таму е дојдено. или тие или ние. Целта на сенародниот отпор е со еден услов, а тоа е избори без Зоран Заев како премиер - беше истакнато меѓудругото на потпишувањето на Повелбата за стратешка соработка. Кризен штаб против промена на Уставот, распуштање на Собранието и распишување на избори ќе настапува под слоганот „Македонија-Блокира„.",3,ok
ae8hz1dR1Ko,Македонија и Грција во Псарадес потпишаа договор за иднината,"Follow Kanal5 on...
• FB: https://smarturl.it/fb5
• IG: https://smarturl.it/Ig5
• Web: https://kanal5.com.mk/

© & ℗ Kanal5 & IN Media. All Rights Reserved



Македонската делегација, предводена од премиерот Заев, во 10 часот и пет минути со глисер вплови на малото пристаниште, кое водеше на големиот чин на потпишување на договорот со Грција.",Канал 5 Телевизија,2018-06-17 14:52:10+00:00,2018,2307,12,3,30,Преспански договор; преспански договор,преспански договор,mk,https://www.youtube.com/watch?v=ae8hz1dR1Ko,Македонија и Грција во Псарадес потпишаа договор за иднината,"Follow Kanal5 on... Македонската делегација, предводена од премиерот Заев, во 10 часот и пет минути со глисер вплови на малото пристаниште, кое водеше на големиот чин на потпишување на договорот со Грција.","Македонија и Грција во Псарадес потпишаа договор за иднината — Follow Kanal5 on... Македонската делегација, предводена од премиерот Заев, во 10 часот и пет минути со глисер вплови на малото пристаниште, кое водеше на големиот чин на потпишување на договорот со Грција.",Macedonia and Greece signed an agreement for the future in Psarades,"Follow Kanal5 on... The Macedonian delegation, led by Prime Minister Zaev, sailed into the small harbor at 10:55 a.m. by speedboat, which led to the great act of signing the agreement with Greece.","Macedonia and Greece signed an agreement for the future in Psarades — Follow Kanal5 on... The Macedonian delegation, led by Prime Minister Zaev, sailed into the small harbor at 10:55 a.m. by speedboat, which led to the great act of signing the agreement with Greece.","Македонија и Грција во Псарадес потпишаа договор за иднината — Follow Kanal5 on... Македонската делегација, предводена од премиерот Заев, во 10 часот и пет минути со глисер вплови на малото пристаниште, кое водеше на големиот чин на потпишување на договорот со Грција.",3,ok
kt9GJxQDhlA,Хан верува во ЕУ интеграција на Западен Балкан,"Follow Kanal5 on...
• FB: https://smarturl.it/fb5
• IG: https://smarturl.it/Ig5
• Web: https://kanal5.com.mk/

© & ℗ Kanal5 & IN Media. All Rights Reserved



Еврокомесарот Хан кој е оптимист дека Европската комисија кон крајот на мај ќе препорача отворање на преговорите со Македонија, денеска повика Унијата да го интегрира и Западен Балкан.",Канал 5 Телевизија,2019-05-01 13:16:31+00:00,2019,105,1,1,30,интеграција во ЕУ Македонија,интеграција во ЕУ Македонија,mk,https://www.youtube.com/watch?v=kt9GJxQDhlA,Хан верува во ЕУ интеграција на Западен Балкан,"Follow Kanal5 on... Еврокомесарот Хан кој е оптимист дека Европската комисија кон крајот на мај ќе препорача отворање на преговорите со Македонија, денеска повика Унијата да го интегрира и Западен Балкан.","Хан верува во ЕУ интеграција на Западен Балкан — Follow Kanal5 on... Еврокомесарот Хан кој е оптимист дека Европската комисија кон крајот на мај ќе препорача отворање на преговорите со Македонија, денеска повика Унијата да го интегрира и Западен Балкан.",Han believes in the EU integration of the Western Balkans,"Follow Kanal5 on... European Commissioner Han, who is optimistic that the European Commission will recommend the opening of negotiations with Macedonia at the end of May, today called on the Union to integrate the Western Balkans as well.","Han believes in the EU integration of the Western Balkans — Follow Kanal5 on... European Commissioner Han, who is optimistic that the European Commission will recommend the opening of negotiations with Macedonia at the end of May, today called on the Union to integrate the Western Balkans as well.","Хан верува во ЕУ интеграција на Западен Балкан — Follow Kanal5 on... Еврокомесарот Хан кој е оптимист дека Европската комисија кон крајот на мај ќе препорача отворање на преговорите со Македонија, денеска повика Унијата да го интегрира и Западен Балкан.",1,ok
4-xF9V3ev8s,Договор за името кој обединува?,"Противници на договорот меѓу Владите на македонија и на Грција се опозициите во двете земји, како и националистите. Целата меѓународна заедница го подржува и оценува како придонес кон стабилноста во регионот.
Објавено на https://www.slobodnaevropa.mk/a/29290345.html",Radio Slobodna Evropa na Makedonski,2018-06-14 12:27:54+00:00,2018,4970,16,5,29,името на Македонија,името на Македонија,mk,https://www.youtube.com/watch?v=4-xF9V3ev8s,Договор за името кој обединува?,"Противници на договорот меѓу Владите на македонија и на Грција се опозициите во двете земји, како и националистите. Целата меѓународна заедница го подржува и оценува како придонес кон стабилноста во регионот.","Договор за името кој обединува? — Противници на договорот меѓу Владите на македонија и на Грција се опозициите во двете земји, како и националистите. Целата меѓународна заедница го подржува и оценува како придонес кон стабилноста во регионот.",A unifying name agreement?,"Opponents of the agreement between the governments of Macedonia and Greece are the opposition in both countries, as well as the nationalists. The entire international community supports and evaluates it as a contribution to stability in the region.","A unifying name agreement? — Opponents of the agreement between the governments of Macedonia and Greece are the opposition in both countries, as well as the nationalists. The entire international community supports and evaluates it as a contribution to stability in the region.","Договор за името кој обединува? — Противници на договорот меѓу Владите на македонија и на Грција се опозициите во двете земји, како и националистите. Целата меѓународна заедница го подржува и оценува како придонес кон стабилноста во регионот.",1,ok
xdiTwKMTuHE,24 анализа - Зошто институциите „го преспаа“ бегството на Груевски?,"Нов заплет во „трилерот - Бегството на Никола Груевски“, премиерот Заев вели можно е Груевски да е киднапиран. Кој би можело тоа да го направи Заев не кажа, ниту пак кој ќе одговара за бегството на осудениот поранешен премиер. Каде е Груевски? Како „пред нос“ осуденикот им избега на институциите, кој ќе одговара за тоа - колку власта е дел од „заговорот“ за бегство, зошто институциите „го преспаа“ бегството, ќе најде Груевски спас во азилот на Орбан, ќе го дозволи ли тоа Европа?
Дебатираат поранешниот амбасадор на Македонија во Унгарија Игор Есмеров, безбедносниот експерт Благоја Марковски и адвокатот Александар Наков",Televizija 24,2018-11-16 23:58:16+00:00,2018,7688,12,43,28,довербата во институциите,довербата во институциите,mk,https://www.youtube.com/watch?v=xdiTwKMTuHE,24 анализа - Зошто институциите „го преспаа“ бегството на Груевски?,"Нов заплет во „трилерот - Бегството на Никола Груевски“, премиерот Заев вели можно е Груевски да е киднапиран. Кој би можело тоа да го направи Заев не кажа, ниту пак кој ќе одговара за бегството на осудениот поранешен премиер. Каде е Груевски? Како „пред нос“ осуденикот им избега на институциите, кој ќе одговара за тоа - колку власта е дел од „заговорот“ за бегство, зошто институциите „го преспаа“ бегството, ќе најде Груевски спас во азилот на Орбан, ќе го дозволи ли тоа Европа? Дебатираат поранешниот амбасадор на Македонија во Унгарија Игор Есмеров, безбедносниот експерт Благоја Марковски и адвокатот Александар Наков","24 анализа - Зошто институциите „го преспаа“ бегството на Груевски? — Нов заплет во „трилерот - Бегството на Никола Груевски“, премиерот Заев вели можно е Груевски да е киднапиран. Кој би можело тоа да го направи Заев не кажа, ниту пак кој ќе одговара за бегството на осудениот поранешен премиер. Каде е Груевски? Како „пред нос“ осуденикот им избега на институциите, кој ќе одговара за тоа - колку власта е дел од „заговорот“ за бегство, зошто институциите „го преспаа“ бегството, ќе најде Груевски спас во азилот на Орбан, ќе го дозволи ли тоа Европа? Дебатираат поранешниот амбасадор на Македонија во Унгарија Игор Есмеров, безбедносниот експерт Благоја Марковски и адвокатот Александар Наков","24 analysis - Why did the institutions ""sleep over"" Gruevski's escape?","A new plot in the ""thriller - The Escape of Nikola Gruevski"", Prime Minister Zaev says it is possible that Gruevski was kidnapped. Zaev did not say who could do it, nor who will be responsible for the escape of the convicted former prime minister. Where is Gruevski? How did the convict escape from the institutions ""in front of his nose"", who will be responsible for that - how much is the government part of the ""conspiracy"" for the escape, why the institutions ""slept"" the escape, will Gruevski find salvation in Orban's asylum, will Europe allow it? Former Macedonian ambassador to Hungary Igor Esmerov, security expert Blagoja Markovski and lawyer Aleksandar Nakov debate","24 analysis - Why did the institutions ""sleep over"" Gruevski's escape? — A new plot in the ""thriller - The Escape of Nikola Gruevski"", Prime Minister Zaev says it is possible that Gruevski was kidnapped. Zaev did not say who could do it, nor who will be responsible for the escape of the convicted former prime minister. Where is Gruevski? How did the convict escape from the institutions ""in front of his nose"", who will be responsible for that - how much is the government part of the ""conspiracy"" for the escape, why the institutions ""slept"" the escape, will Gruevski find salvation in Orban's asylum, will Europe allow it? Former Macedonian ambassador to Hungary Igor Esmerov, security expert Blagoja Markovski and lawyer Aleksandar Nakov debate","24 анализа - Зошто институциите „го преспаа“ бегството на Груевски? — Нов заплет во „трилерот - Бегството на Никола Груевски“, премиерот Заев вели можно е Груевски да е киднапиран. Кој би можело тоа да го направи Заев не кажа, ниту пак кој ќе одговара за бегството на осудениот поранешен премиер. Каде е Груевски? Како „пред нос“ осуденикот им избега на институциите, кој ќе одговара за тоа - колку власта е дел од „заговорот“ за бегство, зошто институциите „го преспаа“ бегството, ќе најде Груевски спас во азилот на Орбан, ќе го дозволи ли тоа Европа? Дебатираат поранешниот амбасадор на Македонија во Унгарија Игор Есмеров, безбедносниот експерт Благоја Марковски и адвокатот Александар Наков",23,ok
MybzZ5vqP1A,"Заев: Имаме праведно и фер решение, Македонија ќе биде признаена од цел свет","Follow Kanal5 on...
• FB: https://smarturl.it/fb5
• IG: https://smarturl.it/Ig5
• Web: https://kanal5.com.mk/

© & ℗ Kanal5 & IN Media. All Rights Reserved



Пред студентите на универзитетот ФОН денес се одржа втората од петте јавни расправи за предложените уставни измени согласно преспанскиот договор.",Канал 5 Телевизија,2018-12-06 14:31:22+00:00,2018,782,3,8,28,уставни измени Македонија,уставни измени Македонија,mk,https://www.youtube.com/watch?v=MybzZ5vqP1A,"Заев: Имаме праведно и фер решение, Македонија ќе биде признаена од цел свет",Follow Kanal5 on... Пред студентите на универзитетот ФОН денес се одржа втората од петте јавни расправи за предложените уставни измени согласно преспанскиот договор.,"Заев: Имаме праведно и фер решение, Македонија ќе биде признаена од цел свет — Follow Kanal5 on... Пред студентите на универзитетот ФОН денес се одржа втората од петте јавни расправи за предложените уставни измени согласно преспанскиот договор.","Zaev: We have a just and fair solution, Macedonia will be recognized by the whole world",Follow Kanal5 on... The second of the five public hearings on the proposed constitutional amendments according to the Prespa agreement was held today in front of the students of the FON University.,"Zaev: We have a just and fair solution, Macedonia will be recognized by the whole world — Follow Kanal5 on... The second of the five public hearings on the proposed constitutional amendments according to the Prespa agreement was held today in front of the students of the FON University.","Заев: Имаме праведно и фер решение, Македонија ќе биде признаена од цел свет — Follow Kanal5 on... Пред студентите на универзитетот ФОН денес се одржа втората од петте јавни расправи за предложените уставни измени согласно преспанскиот договор.",3,ok
NwRxWdIFUek,"Научете да верувате во самите себе, не постои идентитетска криза!","Научете да верувате во самите себе, не постои идентитетска криза!",Инфомакс,2024-06-01 16:59:59+00:00,2024,1939,40,6,28,идентитетска криза Македонија,идентитетска криза Македонија,mk,https://www.youtube.com/watch?v=NwRxWdIFUek,"Научете да верувате во самите себе, не постои идентитетска криза!","Научете да верувате во самите себе, не постои идентитетска криза!","Научете да верувате во самите себе, не постои идентитетска криза! — Научете да верувате во самите себе, не постои идентитетска криза!","Learn to believe in yourself, there is no identity crisis!","Learn to believe in yourself, there is no identity crisis!","Learn to believe in yourself, there is no identity crisis! — Learn to believe in yourself, there is no identity crisis!","Научете да верувате во самите себе, не постои идентитетска криза! — Научете да верувате во самите себе, не постои идентитетска криза!",3,ok
fSjKX9MmbtY,Нашите генерации се срам за името Македонија!,Нашите генерации се срам за името Македонија!,Инфомакс,2025-06-02 14:17:28+00:00,2025,6456,125,5,28,името на Македонија,името на Македонија,mk,https://www.youtube.com/watch?v=fSjKX9MmbtY,Нашите генерации се срам за името Македонија!,Нашите генерации се срам за името Македонија!,Нашите генерации се срам за името Македонија! — Нашите генерации се срам за името Македонија!,Our generations are a shame for the name Macedonia!,Our generations are a shame for the name Macedonia!,Our generations are a shame for the name Macedonia! — Our generations are a shame for the name Macedonia!,Нашите генерации се срам за името Македонија! — Нашите генерации се срам за името Македонија!,3,ok
X4eCxazNy0o,Она што Заев го преговара за промена на името на Македонија не треба да биде јавно,Она што Заев го преговара за промена на името на Македонија не треба да биде јавно,Filip Petrovski,2023-08-14 17:36:57+00:00,2023,207,6,3,28,името на Македонија,името на Македонија,mk,https://www.youtube.com/watch?v=X4eCxazNy0o,Она што Заев го преговара за промена на името на Македонија не треба да биде јавно,Она што Заев го преговара за промена на името на Македонија не треба да биде јавно,Она што Заев го преговара за промена на името на Македонија не треба да биде јавно — Она што Заев го преговара за промена на името на Македонија не треба да биде јавно,What Zaev is negotiating about changing the name of Macedonia should not be public,What Zaev is negotiating about changing the name of Macedonia should not be public,What Zaev is negotiating about changing the name of Macedonia should not be public — What Zaev is negotiating about changing the name of Macedonia should not be public,Она што Заев го преговара за промена на името на Македонија не треба да биде јавно — Она што Заев го преговара за промена на името на Македонија не треба да биде јавно,1,ok
EPZviFoQ0xA,24 Отворено - Што ќе се подобри во животот на граѓаните со новите давачки?,"Прогресивен данок, намалување на јазот меѓу богатите и сиромашните или мерка што ќе ја сардиса средната класа? Со 1.500 евра во Европа имате едвај блиску за нормален живот, во Македонија ве сметаат за богаташ. Што ќе се подобри во животот на граѓаните со новите давачки? Ќе имаме ли подобро здравство, администрација, училишта? Власт, опозиција, бизнисмени, министри.
Во студиото на 24 Отворено – со Драган Тевдовски, Трајко Славески, Данела Арсовска, Џевдет Хајредини.",Televizija 24,2018-11-07 02:35:35+00:00,2018,4278,7,11,27,довербата во институциите,довербата во институциите,mk,https://www.youtube.com/watch?v=EPZviFoQ0xA,24 Отворено - Што ќе се подобри во животот на граѓаните со новите давачки?,"Прогресивен данок, намалување на јазот меѓу богатите и сиромашните или мерка што ќе ја сардиса средната класа? Со 1.500 евра во Европа имате едвај блиску за нормален живот, во Македонија ве сметаат за богаташ. Што ќе се подобри во животот на граѓаните со новите давачки? Ќе имаме ли подобро здравство, администрација, училишта? Власт, опозиција, бизнисмени, министри. Во студиото на 24 Отворено – со Драган Тевдовски, Трајко Славески, Данела Арсовска, Џевдет Хајредини.","24 Отворено - Што ќе се подобри во животот на граѓаните со новите давачки? — Прогресивен данок, намалување на јазот меѓу богатите и сиромашните или мерка што ќе ја сардиса средната класа? Со 1.500 евра во Европа имате едвај блиску за нормален живот, во Македонија ве сметаат за богаташ. Што ќе се подобри во животот на граѓаните со новите давачки? Ќе имаме ли подобро здравство, администрација, училишта? Власт, опозиција, бизнисмени, министри. Во студиото на 24 Отворено – со Драган Тевдовски, Трајко Славески, Данела Арсовска, Џевдет Хајредини.",24 Open - What will improve the lives of citizens with the new fees?,"A progressive tax, reducing the gap between the rich and the poor, or a measure that will sardize the middle class? With 1,500 euros in Europe you are barely close to a normal life, in Macedonia you are considered rich. What will improve the lives of citizens with the new taxes? Will we have better healthcare, administration, schools? Government, opposition, businessmen, ministers. In the studio of 24 Open - with Dragan Tevdovski, Trajko Slaveski, Danela Arsovska, Cevdet Hajredini.","24 Open - What will improve the lives of citizens with the new fees? — A progressive tax, reducing the gap between the rich and the poor, or a measure that will sardize the middle class? With 1,500 euros in Europe you are barely close to a normal life, in Macedonia you are considered rich. What will improve the lives of citizens with the new taxes? Will we have better healthcare, administration, schools? Government, opposition, businessmen, ministers. In the studio of 24 Open - with Dragan Tevdovski, Trajko Slaveski, Danela Arsovska, Cevdet Hajredini.","24 Отворено - Што ќе се подобри во животот на граѓаните со новите давачки? — Прогресивен данок, намалување на јазот меѓу богатите и сиромашните или мерка што ќе ја сардиса средната класа? Со 1.500 евра во Европа имате едвај блиску за нормален живот, во Македонија ве сметаат за богаташ. Што ќе се подобри во животот на граѓаните со новите давачки? Ќе имаме ли подобро здравство, администрација, училишта? Власт, опозиција, бизнисмени, министри. Во студиото на 24 Отворено – со Драган Тевдовски, Трајко Славески, Данела Арсовска, Џевдет Хајредини.",5,ok
9wzJdex8loM,Како ќе се спојуваат минатото и иднината во македонско-грчките односи?,Еден ден по селфи во Скопје и еден месец пред дијалог под Акропол во Атина. Заев и Ципрас во нова офанзива против балканските интриги и недоверби. Како ќе се спојуваат минатото и иднината? Изборите и политиката како траума или состојба на духот. Дали ни треба колективна терапија за самодоверба?,Televizija 24,2019-04-04 18:29:42+00:00,2019,1657,10,3,27,колективна траума,колективна траума,mk,https://www.youtube.com/watch?v=9wzJdex8loM,Како ќе се спојуваат минатото и иднината во македонско-грчките односи?,Еден ден по селфи во Скопје и еден месец пред дијалог под Акропол во Атина. Заев и Ципрас во нова офанзива против балканските интриги и недоверби. Како ќе се спојуваат минатото и иднината? Изборите и политиката како траума или состојба на духот. Дали ни треба колективна терапија за самодоверба?,Како ќе се спојуваат минатото и иднината во македонско-грчките односи? — Еден ден по селфи во Скопје и еден месец пред дијалог под Акропол во Атина. Заев и Ципрас во нова офанзива против балканските интриги и недоверби. Како ќе се спојуваат минатото и иднината? Изборите и политиката како траума или состојба на духот. Дали ни треба колективна терапија за самодоверба?,How will the past and the future merge in Macedonian-Greek relations?,One day after the selfie in Skopje and one month before the dialogue under the Acropolis in Athens. Zaev and Tsipras in a new offensive against Balkan intrigues and mistrust. How will the past and the future merge? Elections and politics as trauma or state of mind. Do we need collective self-esteem therapy?,How will the past and the future merge in Macedonian-Greek relations? — One day after the selfie in Skopje and one month before the dialogue under the Acropolis in Athens. Zaev and Tsipras in a new offensive against Balkan intrigues and mistrust. How will the past and the future merge? Elections and politics as trauma or state of mind. Do we need collective self-esteem therapy?,Како ќе се спојуваат минатото и иднината во македонско-грчките односи? — Еден ден по селфи во Скопје и еден месец пред дијалог под Акропол во Атина. Заев и Ципрас во нова офанзива против балканските интриги и недоверби. Како ќе се спојуваат минатото и иднината? Изборите и политиката како траума или состојба на духот. Дали ни треба колективна терапија за самодоверба?,2,ok
DhQCSJ55NFA,Ферид Мухиќ: Со овој договор се порекнува македонскиот национален идентитет,"Follow Kanal5 on...
• FB: https://smarturl.it/fb5
• IG: https://smarturl.it/Ig5
• Web: https://kanal5.com.mk/

© & ℗ Kanal5 & IN Media. All Rights Reserved



Да се укине етничкиот и културен идентитет на Македонците, заднината  на договорот со Грција претставува целосно негирање на нацијата, изјави Ферид Мухииќ  во интервју на емисијата Само Вистина.",Канал 5 Телевизија,2018-06-23 13:18:53+00:00,2018,620,9,2,27,национален идентитет,национален идентитет,mk,https://www.youtube.com/watch?v=DhQCSJ55NFA,Ферид Мухиќ: Со овој договор се порекнува македонскиот национален идентитет,"Follow Kanal5 on... Да се укине етничкиот и културен идентитет на Македонците, заднината на договорот со Грција претставува целосно негирање на нацијата, изјави Ферид Мухииќ во интервју на емисијата Само Вистина.","Ферид Мухиќ: Со овој договор се порекнува македонскиот национален идентитет — Follow Kanal5 on... Да се укине етничкиот и културен идентитет на Македонците, заднината на договорот со Грција претставува целосно негирање на нацијата, изјави Ферид Мухииќ во интервју на емисијата Само Вистина.","Ferid Muhic: With this agreement, the Macedonian national identity is denied","Follow Kanal5 on... To abolish the ethnic and cultural identity of Macedonians, the background of the agreement with Greece is a complete denial of the nation, said Ferid Muhiic in an interview on the program Samo Vistina.","Ferid Muhic: With this agreement, the Macedonian national identity is denied — Follow Kanal5 on... To abolish the ethnic and cultural identity of Macedonians, the background of the agreement with Greece is a complete denial of the nation, said Ferid Muhiic in an interview on the program Samo Vistina.","Ферид Мухиќ: Со овој договор се порекнува македонскиот национален идентитет — Follow Kanal5 on... Да се укине етничкиот и културен идентитет на Македонците, заднината на договорот со Грција претставува целосно негирање на нацијата, изјави Ферид Мухииќ во интервју на емисијата Само Вистина.",2,ok
IJeT9K2gows,Политиканти.мк - Епизода 19,За растечката општествено-политичка криза во Србија по двата трагични настани со масовните убиства во Белград и Младеновац и “прелевањата“ во дебатите во Македонија; за постизборните превирања во Бугарија и номинацијата на Марија Габриел за можна премиерка; за изборите во Турција и неизвесноста од исходот врз меѓународната позиција на земјата...,politikanti,2023-05-12 06:25:10+00:00,2023,1103,20,1,27,политички настани Македонија,политички настани Македонија,mk,https://www.youtube.com/watch?v=IJeT9K2gows,Политиканти.мк - Епизода 19,За растечката општествено-политичка криза во Србија по двата трагични настани со масовните убиства во Белград и Младеновац и “прелевањата“ во дебатите во Македонија; за постизборните превирања во Бугарија и номинацијата на Марија Габриел за можна премиерка; за изборите во Турција и неизвесноста од исходот врз меѓународната позиција на земјата...,Политиканти.мк - Епизода 19 — За растечката општествено-политичка криза во Србија по двата трагични настани со масовните убиства во Белград и Младеновац и “прелевањата“ во дебатите во Македонија; за постизборните превирања во Бугарија и номинацијата на Марија Габриел за можна премиерка; за изборите во Турција и неизвесноста од исходот врз меѓународната позиција на земјата...,Politikanti.mk - Episode 19,"About the growing socio-political crisis in Serbia after the two tragic events with the mass murders in Belgrade and Mladenovac and the ""spillovers"" in the debates in Macedonia; about the post-election turmoil in Bulgaria and the nomination of Maria Gabriel as a possible prime minister; about the elections in Turkey and the uncertainty of the outcome on the international position of the country...","Politikanti.mk - Episode 19 — About the growing socio-political crisis in Serbia after the two tragic events with the mass murders in Belgrade and Mladenovac and the ""spillovers"" in the debates in Macedonia; about the post-election turmoil in Bulgaria and the nomination of Maria Gabriel as a possible prime minister; about the elections in Turkey and the uncertainty of the outcome on the international position of the country...",Политиканти.мк - Епизода 19 — За растечката општествено-политичка криза во Србија по двата трагични настани со масовните убиства во Белград и Младеновац и “прелевањата“ во дебатите во Македонија; за постизборните превирања во Бугарија и номинацијата на Марија Габриел за можна премиерка; за изборите во Турција и неизвесноста од исходот врз меѓународната позиција на земјата...,1,ok
3YGaQ1vv8kw,ДПМНЕ го избриша името „Република Македонија“ од нивниот Статут!,ДПМНЕ го избриша името „Република Македонија“ од нивниот Статут!,Инфомакс,2024-01-17 13:22:12+00:00,2024,15418,209,6,26,името на Македонија,името на Македонија,mk,https://www.youtube.com/watch?v=3YGaQ1vv8kw,ДПМНЕ го избриша името „Република Македонија“ од нивниот Статут!,ДПМНЕ го избриша името „Република Македонија“ од нивниот Статут!,ДПМНЕ го избриша името „Република Македонија“ од нивниот Статут! — ДПМНЕ го избриша името „Република Македонија“ од нивниот Статут!,"DPMNE deleted the name ""Republic of Macedonia"" from their Statute!","DPMNE deleted the name ""Republic of Macedonia"" from their Statute!","DPMNE deleted the name ""Republic of Macedonia"" from their Statute! — DPMNE deleted the name ""Republic of Macedonia"" from their Statute!",ДПМНЕ го избриша името „Република Македонија“ од нивниот Статут! — ДПМНЕ го избриша името „Република Македонија“ од нивниот Статут!,2,ok
R6X4m08Rrn8,24 Тренд анализа - Дали владеачкото мнозинство чекори кон нова политичка криза?,"Дали владеачкото мнозинство чекори кон нова политичка криза? Во парламентот врие, лидерставата на ДУИ и СДСМ тврдат дека коалицискиот брак е стабилен.
Опозицискиот блок бара предвремени паралментари избори. Се одборјува до претседателските. Непотизам, амнестии, изборен циклус, партиски пазарења – политиката ќе ги исцрта контрите и на економската 2019 година. Бизнисмените веќе предупредуваат на проблеми во меѓусебните плаќања.

Дебатираат Хари Локвенец, пратеник на СДСМ, универзитетскиот прфесор Трајко Славески член на извршнот комитет на ВМРО-ДПМНЕ и економистот Павле Гацов, здружение на даночни советници.",Televizija 24,2019-02-26 02:41:24+00:00,2019,3213,4,5,26,политичка криза,политичка криза,mk,https://www.youtube.com/watch?v=R6X4m08Rrn8,24 Тренд анализа - Дали владеачкото мнозинство чекори кон нова политичка криза?,"Дали владеачкото мнозинство чекори кон нова политичка криза? Во парламентот врие, лидерставата на ДУИ и СДСМ тврдат дека коалицискиот брак е стабилен. Опозицискиот блок бара предвремени паралментари избори. Се одборјува до претседателските. Непотизам, амнестии, изборен циклус, партиски пазарења – политиката ќе ги исцрта контрите и на економската 2019 година. Бизнисмените веќе предупредуваат на проблеми во меѓусебните плаќања. Дебатираат Хари Локвенец, пратеник на СДСМ, универзитетскиот прфесор Трајко Славески член на извршнот комитет на ВМРО-ДПМНЕ и економистот Павле Гацов, здружение на даночни советници.","24 Тренд анализа - Дали владеачкото мнозинство чекори кон нова политичка криза? — Дали владеачкото мнозинство чекори кон нова политичка криза? Во парламентот врие, лидерставата на ДУИ и СДСМ тврдат дека коалицискиот брак е стабилен. Опозицискиот блок бара предвремени паралментари избори. Се одборјува до претседателските. Непотизам, амнестии, изборен циклус, партиски пазарења – политиката ќе ги исцрта контрите и на економската 2019 година. Бизнисмените веќе предупредуваат на проблеми во меѓусебните плаќања. Дебатираат Хари Локвенец, пратеник на СДСМ, универзитетскиот прфесор Трајко Славески член на извршнот комитет на ВМРО-ДПМНЕ и економистот Павле Гацов, здружение на даночни советници.",24 Trend analysis - Is the ruling majority moving towards a new political crisis?,"Is the ruling majority moving towards a new political crisis? The parliament is boiling, the leadership of DUI and SDSM claim that the coalition marriage is stable. The opposition bloc is demanding early parliamentary elections. It is boarded up to the presidential ones. Nepotism, amnesties, election cycle, party bargaining – politics will draw the counterpoints of the 2019 economic year as well. Businessmen are already warning of problems in mutual payments. Hari Lokvenec, MP of SDSM, university professor Trajko Slaveski, member of the executive committee of VMRO-DPMNE and economist Pavle Gatsov, association of tax advisors, are debating.","24 Trend analysis - Is the ruling majority moving towards a new political crisis? — Is the ruling majority moving towards a new political crisis? The parliament is boiling, the leadership of DUI and SDSM claim that the coalition marriage is stable. The opposition bloc is demanding early parliamentary elections. It is boarded up to the presidential ones. Nepotism, amnesties, election cycle, party bargaining – politics will draw the counterpoints of the 2019 economic year as well. Businessmen are already warning of problems in mutual payments. Hari Lokvenec, MP of SDSM, university professor Trajko Slaveski, member of the executive committee of VMRO-DPMNE and economist Pavle Gatsov, association of tax advisors, are debating.","24 Тренд анализа - Дали владеачкото мнозинство чекори кон нова политичка криза? — Дали владеачкото мнозинство чекори кон нова политичка криза? Во парламентот врие, лидерставата на ДУИ и СДСМ тврдат дека коалицискиот брак е стабилен. Опозицискиот блок бара предвремени паралментари избори. Се одборјува до претседателските. Непотизам, амнестии, изборен циклус, партиски пазарења – политиката ќе ги исцрта контрите и на економската 2019 година. Бизнисмените веќе предупредуваат на проблеми во меѓусебните плаќања. Дебатираат Хари Локвенец, пратеник на СДСМ, универзитетскиот прфесор Трајко Славески член на извршнот комитет на ВМРО-ДПМНЕ и економистот Павле Гацов, здружение на даночни советници.",2,ok
zp0AXZSpmZQ,Со цел да се задржи достоинството – Левица со нов Предлог-закон за денови на жалост,"Прес-конференција на пратеникот од Левица, Амар Мециновиќ по повод новиот предлог на пратеничката група на Левица за искоренување на недоличното и неетичкото однесување во денови на жалост:

„Иницијативата произлегува од потребата за достоинствено, правилно и правично уредување на оваа сензитивна материја. Веруваме дека секое општество треба да постави рамка за како да се однесува во моменти на колективна трагедија и болка. Во моменталната правна рамка постои сериозен законски вакум кога станува збор за уредување на деновите на жалост. Иако Владата има овластување да прогласи денови на жалост, како што и Законот за знамето предвидува тоа да биде ставено на пола копје -  нема јасни правила ниту санкции за непочитување на овој чин. Тоа остава простор за недолично и неетичко однесување. Во јавноста често пати гледаме злоупотреба од профитирање врз трагедијата преку сензуалистички медиумски настапи, до институции кои продолжуваат да функционираат како ништо да не се случило и политизација на деновите на жалост.

Последниот случај со трагедијата во Кочани, во која животот го загубија 60 наши сограѓани – е болен потсетник колку оваа материја е важна и дека е неопходно да се уреди со закон. Со овој Предлог-закон бараме да се воспостави јасен, правичен и достоинствен систем за одбележување на деновите на жалост со цел да се покаже почит, солидарност и да изградиме култура на колективна емпатија во државата.

Овој закон го нуди следното: дефиниција и критериуми за прогласување на денови на жалост врз основа на опфатот и сериозноста на трагичниот настан; прецизна надлежност кој орган го носи решението, во кој рок и на кој начин; обврски за институциите и јавните сервиси за поставување на знамиња на половина копје, соодветна медиумска содржина, одложување на манифестациите што не се соодветни за ситуацијата.
Ова е со цел заштита на достоинството, за да се спречат навредите, несоодветната употреба на јавниот простор и политичко профитерство од трагедиите.

Нагласуваме дека овој Закон нема да го ограничи правото на слободно изразување и приватно однесување, туку тој се однесува за државната, институционалната, јавната работа во тие домени. Ова е истовремено и покана за сите политички партии и општествени чинители, да се вклучат и да дадат мислење за оваа сензитивна материја за која мислиме дека ќе наидеме на широка поддршка во Собранието.
Меѓу другото, ова наше предлог-решение, доаѓа врз основа на комуникација со медиумски работници и со работници во институциите.

Да покажеме дека како држава умееме да чувствуваме, но и да го задржиме достоинството.“",Левица Политичка Партија,2025-04-07 10:48:25+00:00,2025,1208,28,1,26,колективна жалост,колективна жалост,mk,https://www.youtube.com/watch?v=zp0AXZSpmZQ,Со цел да се задржи достоинството – Левица со нов Предлог-закон за денови на жалост,"Прес-конференција на пратеникот од Левица, Амар Мециновиќ по повод новиот предлог на пратеничката група на Левица за искоренување на недоличното и неетичкото однесување во денови на жалост: „Иницијативата произлегува од потребата за достоинствено, правилно и правично уредување на оваа сензитивна материја. Веруваме дека секое општество треба да постави рамка за како да се однесува во моменти на колективна трагедија и болка. Во моменталната правна рамка постои сериозен законски вакум кога станува збор за уредување на деновите на жалост. Иако Владата има овластување да прогласи денови на жалост, како што и Законот за знамето предвидува тоа да биде ставено на пола копје - нема јасни правила ниту санкции за непочитување на овој чин. Тоа остава простор за недолично и неетичко однесување. Во јавноста често пати гледаме злоупотреба од профитирање врз трагедијата преку сензуалистички медиумски настапи, до институции кои продолжуваат да функционираат како ништо да не се случило и политизација на деновите на жалост. Последниот случај со трагедијата во Кочани, во која животот го загубија 60 наши сограѓани – е болен потсетник колку оваа материја е важна и дека е неопходно да се уреди со закон. Со овој Предлог-закон бараме да се воспостави јасен, правичен и достоинствен систем за одбележување на деновите на жалост со цел да се покаже почит, солидарност и да изградиме култура на колективна емпатија во државата. Овој закон го нуди следното: дефиниција и критериуми за прогласување на денови на жалост врз основа на опфатот и сериозноста на трагичниот настан; прецизна надлежност кој орган го носи решението, во кој рок и на кој начин; обврски за институциите и јавните сервиси за поставување на знамиња на половина копје, соодветна медиумска содржина, одложување на манифестациите што не се соодветни за ситуацијата. Ова е со цел заштита на достоинството, за да се спречат навредите, несоодветната употреба на јавниот простор и политичко профитерство од трагедиите. Нагласуваме дека овој Закон нема да го ограничи правото на слободно изразување и приватно однесување, туку тој се однесува за државната, институционалната, јавната работа во тие домени. Ова е истовремено и покана за сите политички партии и општествени чинители, да се вклучат и да дадат мислење за оваа сензитивна материја за која мислиме дека ќе наидеме на широка поддршка во Собранието. Меѓу другото, ова наше предлог-решение, доаѓа врз основа на комуникација со медиумски работници и со работници во институциите. Да покажеме дека како држава умееме да чувствуваме, но и да го задржиме достоинството.“","Со цел да се задржи достоинството – Левица со нов Предлог-закон за денови на жалост — Прес-конференција на пратеникот од Левица, Амар Мециновиќ по повод новиот предлог на пратеничката група на Левица за искоренување на недоличното и неетичкото однесување во денови на жалост: „Иницијативата произлегува од потребата за достоинствено, правилно и правично уредување на оваа сензитивна материја. Веруваме дека секое општество треба да постави рамка за како да се однесува во моменти на колективна трагедија и болка. Во моменталната правна рамка постои сериозен законски вакум кога станува збор за уредување на деновите на жалост. Иако Владата има овластување да прогласи денови на жалост, како што и Законот за знамето предвидува тоа да биде ставено на пола копје - нема јасни правила ниту санкции за непочитување на овој чин. Тоа остава простор за недолично и неетичко однесување. Во јавноста често пати гледаме злоупотреба од профитирање врз трагедијата преку сензуалистички медиумски настапи, до институции кои продолжуваат да функционираат како ништо да не се случило и политизација на деновите на жалост. Последниот случај со трагедијата во Кочани, во која животот го загубија 60 наши сограѓани – е болен потсетник колку оваа материја е важна и дека е неопходно да се уреди со закон. Со овој Предлог-закон бараме да се воспостави јасен, правичен и достоинствен систем за одбележување на деновите на жалост со цел да се покаже почит, солидарност и да изградиме култура на колективна емпатија во државата. Овој закон го нуди следното: дефиниција и критериуми за прогласување на денови на жалост врз основа на опфатот и сериозноста на трагичниот настан; прецизна надлежност кој орган го носи решението, во кој рок и на кој начин; обврски за институциите и јавните сервиси за поставување на знамиња на половина копје, соодветна медиумска содржина, одложување на манифестациите што не се соодветни за ситуацијата. Ова е со цел заштита на достоинството, за да се спречат навредите, несоодветната употреба на јавниот простор и политичко профитерство од трагедиите. Нагласуваме дека овој Закон нема да го ограничи правото на слободно изразување и приватно однесување, туку тој се однесува за државната, институционалната, јавната работа во тие домени. Ова е истовремено и покана за сите политички партии и општествени чинители, да се вклучат и да дадат мислење за оваа сензитивна материја за која мислиме дека ќе наидеме на широка поддршка во Собранието. Меѓу другото, ова наше предлог-решение, доаѓа врз основа на комуникација со медиумски работници и со работници во институциите. Да покажеме дека како држава умееме да чувствуваме, но и да го задржиме достоинството.“",In order to maintain dignity - Left with a new draft law on days of mourning,"Press conference of the MP from the Left, Amar Mecinović, on the occasion of the new proposal of the parliamentary group of the Left to eradicate inappropriate and unethical behavior during days of mourning: ""The initiative stems from the need for a dignified, correct and fair arrangement of this sensitive matter. We believe that every society should set a framework for how to behave in moments of collective tragedy and pain. In the current legal framework, there is a serious legal vacuum when it comes to the arrangement of the days of mourning. Although the Government has the authority to declare days of mourning, as the Law on the flag provides for it to be put at half-mast - there are no clear rules or sanctions for disrespecting this act. We often see abuse of the tragedy through sensational media appearances, and the politicization of the days of mourning in Kočani, in which 60 of our citizens lost their lives - is a painful reminder of how important this matter is and that it is necessary to regulate it by law. With this draft law, we ask for the establishment of a clear, fair and dignified system for celebrating days of mourning in order to show respect, solidarity and build a culture of collective empathy in the country. This law offers the following: definition and criteria for declaring days of mourning on the basis of the scope and seriousness of the tragic event, which authority carries out the decision, in which period and in what manner; obligations for the setting of flags at half mast, the postponement of the manifestations that are not appropriate for the situation. This is in order to prevent insults, inappropriate use of the public space and political profiteering expression and private behavior, but it refers to the state, institutional, public work in those domains. This is also an invitation for all political parties and social actors to get involved and give an opinion on this sensitive matter for which we think we will find broad support in the Parliament. Among other things, this decision of ours comes on the basis of communication with media workers and with workers in the institutions dignity.""","In order to maintain dignity - Left with a new draft law on days of mourning — Press conference of the MP from the Left, Amar Mecinović, on the occasion of the new proposal of the parliamentary group of the Left to eradicate inappropriate and unethical behavior during days of mourning: ""The initiative stems from the need for a dignified, correct and fair arrangement of this sensitive matter. We believe that every society should set a framework for how to behave in moments of collective tragedy and pain. In the current legal framework, there is a serious legal vacuum when it comes to the arrangement of the days of mourning. Although the Government has the authority to declare days of mourning, as the Law on the flag provides for it to be put at half-mast - there are no clear rules or sanctions for disrespecting this act. We often see abuse of the tragedy through sensational media appearances, and the politicization of the days of mourning in Kočani, in which 60 of our citizens lost their lives - is a painful reminder of how important this matter is and that it is necessary to regulate it by law. With this draft law, we ask for the establishment of a clear, fair and dignified system for celebrating days of mourning in order to show respect, solidarity and build a culture of collective empathy in the country. This law offers the following: definition and criteria for declaring days of mourning on the basis of the scope and seriousness of the tragic event, which authority carries out the decision, in which period and in what manner; obligations for the setting of flags at half mast, the postponement of the manifestations that are not appropriate for the situation. This is in order to prevent insults, inappropriate use of the public space and political profiteering expression and private behavior, but it refers to the state, institutional, public work in those domains. This is also an invitation for all political parties and social actors to get involved and give an opinion on this sensitive matter for which we think we will find broad support in the Parliament. Among other things, this decision of ours comes on the basis of communication with media workers and with workers in the institutions dignity.""","Со цел да се задржи достоинството – Левица со нов Предлог-закон за денови на жалост — Прес-конференција на пратеникот од Левица, Амар Мециновиќ по повод новиот предлог на пратеничката група на Левица за искоренување на недоличното и неетичкото однесување во денови на жалост: „Иницијативата произлегува од потребата за достоинствено, правилно и правично уредување на оваа сензитивна материја. Веруваме дека секое општество треба да постави рамка за како да се однесува во моменти на колективна трагедија и болка. Во моменталната правна рамка постои сериозен законски вакум кога станува збор за уредување на деновите на жалост. Иако Владата има овластување да прогласи денови на жалост, како што и Законот за знамето предвидува тоа да биде ставено на пола копје - нема јасни правила ниту санкции за непочитување на овој чин. Тоа остава простор за недолично и неетичко однесување. Во јавноста често пати гледаме злоупотреба од профитирање врз трагедијата преку сензуалистички медиумски настапи, до институции кои продолжуваат да функционираат како ништо да не се случило и политизација на деновите на жалост. Последниот случај со трагедијата во Кочани, во која животот го загубија 60 наши сограѓани – е болен потсетник колку оваа материја е важна и дека е неопходно да се уреди со закон. Со овој Предлог-закон бараме да се воспостави јасен, правичен и достоинствен систем за одбележување на деновите на жалост со цел да се покаже почит, солидарност и да изградиме култура на колективна емпатија во државата. Овој закон го нуди следното: дефиниција и критериуми за прогласување на денови на жалост врз основа на опфатот и сериозноста на трагичниот настан; прецизна надлежност кој орган го носи решението, во кој рок и на кој начин; обврски за институциите и јавните сервиси за поставување на знамиња на половина копје, соодветна медиумска содржина, одложување на манифестациите што не се соодветни за ситуацијата. Ова е со цел заштита на достоинството, за да се спречат навредите, несоодветната употреба на јавниот простор и политичко профитерство од трагедиите. Нагласуваме дека овој Закон нема да го ограничи правото на слободно изразување и приватно однесување, туку тој се однесува за државната, институционалната, јавната работа во тие домени. Ова е истовремено и покана за сите политички партии и општествени чинители, да се вклучат и да дадат мислење за оваа сензитивна материја за која мислиме дека ќе наидеме на широка поддршка во Собранието. Меѓу другото, ова наше предлог-решение, доаѓа врз основа на комуникација со медиумски работници и со работници во институциите. Да покажеме дека како држава умееме да чувствуваме, но и да го задржиме достоинството.“",1,ok
9jXidfA0LGw,24 Тренд анализа - Дали се бетонира или се минира државноста на Македонијa?,"Дали се бетонира или се минира државноста на Македонија. Се менува преамбулата на Уставот? Албанските партии напишаа амандмани на владините амандмани - дали зад етничкото прашање се крие политички блеф за дневна употреба? Владејачкото мнозинство очекува нови опозиционери што ќе дадат поддршка на евроатланската перспектива. Опозицијата најавува жесток фронт. Што ќе значат измените во Уставот и како со нив ќе чекори Македонија?
Екс-дипломатот, Алајдин Демири и професорите Јове Кекеновски и Александар Спасов.",Televizija 24,2018-11-06 00:09:26+00:00,2018,7229,18,21,25,реформа на уставот Македонија,реформа на уставот Македонија,mk,https://www.youtube.com/watch?v=9jXidfA0LGw,24 Тренд анализа - Дали се бетонира или се минира државноста на Македонијa?,"Дали се бетонира или се минира државноста на Македонија. Се менува преамбулата на Уставот? Албанските партии напишаа амандмани на владините амандмани - дали зад етничкото прашање се крие политички блеф за дневна употреба? Владејачкото мнозинство очекува нови опозиционери што ќе дадат поддршка на евроатланската перспектива. Опозицијата најавува жесток фронт. Што ќе значат измените во Уставот и како со нив ќе чекори Македонија? Екс-дипломатот, Алајдин Демири и професорите Јове Кекеновски и Александар Спасов.","24 Тренд анализа - Дали се бетонира или се минира државноста на Македонијa? — Дали се бетонира или се минира државноста на Македонија. Се менува преамбулата на Уставот? Албанските партии напишаа амандмани на владините амандмани - дали зад етничкото прашање се крие политички блеф за дневна употреба? Владејачкото мнозинство очекува нови опозиционери што ќе дадат поддршка на евроатланската перспектива. Опозицијата најавува жесток фронт. Што ќе значат измените во Уставот и како со нив ќе чекори Македонија? Екс-дипломатот, Алајдин Демири и професорите Јове Кекеновски и Александар Спасов.",24 Trend analysis - Is the statehood of Macedonia being concreted or mined?,"Is the statehood of Macedonia being concreted or mined? Is the preamble of the Constitution changing? Albanian parties wrote amendments to the government's amendments - is there a political bluff for daily use behind the ethnic issue? The ruling majority expects new opposition members who will support the Euro-Atlantic perspective. The opposition announces a fierce front. What will the changes in the Constitution mean and how will Macedonia proceed with them? The ex-diplomat, Alajdin Demiri and professors Jove Kekenovski and Aleksandar Spasov.","24 Trend analysis - Is the statehood of Macedonia being concreted or mined? — Is the statehood of Macedonia being concreted or mined? Is the preamble of the Constitution changing? Albanian parties wrote amendments to the government's amendments - is there a political bluff for daily use behind the ethnic issue? The ruling majority expects new opposition members who will support the Euro-Atlantic perspective. The opposition announces a fierce front. What will the changes in the Constitution mean and how will Macedonia proceed with them? The ex-diplomat, Alajdin Demiri and professors Jove Kekenovski and Aleksandar Spasov.","24 Тренд анализа - Дали се бетонира или се минира државноста на Македонијa? — Дали се бетонира или се минира државноста на Македонија. Се менува преамбулата на Уставот? Албанските партии напишаа амандмани на владините амандмани - дали зад етничкото прашање се крие политички блеф за дневна употреба? Владејачкото мнозинство очекува нови опозиционери што ќе дадат поддршка на евроатланската перспектива. Опозицијата најавува жесток фронт. Што ќе значат измените во Уставот и како со нив ќе чекори Македонија? Екс-дипломатот, Алајдин Демири и професорите Јове Кекеновски и Александар Спасов.",7,ok
B7SAQYNnxNo,"Мециновиќ: Лошо е што за вас ова е ‘несреќа’, а всушност е крах на системот кој ни уби сограѓани","Излагање на пратеникот од Левица, Амар Мециновиќ, на вчерашната седница за Интерпелација на министерот за внатрешни работи – Тошковски:

„Отворено Ве прашувам на која скала ја ставате вредноста на животот во однос на другите вредносни начела? Каде е вредноста на животот во Вашиот морален компас?
Мене ми се чини министре, дека Вие моралот не го користите како аргумент, туку како последна Ваша заштита. Денеска за Вас имаше стотина полицајци околу Собранието, а за младите нема одбрана. Тие не се чувствуваат одбрането, туку нападнато, запоставено и угнетено. Младите не можат да имаат ист морал со Вас, бидејќи тие прво губеа прилики, па години, сега губат пријатели, дечковци, девојки – потполно незаштитени. Се чувствуваат како да живеат во стапица во која има темпирана бомба.

Довербата во политичарите е на многу пониско ниво од довербата во судството. Вие министре, наместо да создавате чувство на безбедност кога ќе се појавите пред граѓаните - Вие создавате чувство на резигнација, сакајќи да ги одбраните поединците кои знаете дека имаат свој придонес во структурното насилство кое го чувствуваат нашите граѓани.

Лошо е што за Вас ова е сѐ уште несреќа. Ова не беше вис мајор. Ова беше крах на систем кој ни уби сограѓани! Несреќа е земјотрес, а Македонија е држава каде што животот се купува и продава“.",Левица Политичка Партија,2025-04-30 08:37:33+00:00,2025,3582,86,12,25,довербата во системот,довербата во системот,mk,https://www.youtube.com/watch?v=B7SAQYNnxNo,"Мециновиќ: Лошо е што за вас ова е ‘несреќа’, а всушност е крах на системот кој ни уби сограѓани","Излагање на пратеникот од Левица, Амар Мециновиќ, на вчерашната седница за Интерпелација на министерот за внатрешни работи – Тошковски: „Отворено Ве прашувам на која скала ја ставате вредноста на животот во однос на другите вредносни начела? Каде е вредноста на животот во Вашиот морален компас? Мене ми се чини министре, дека Вие моралот не го користите како аргумент, туку како последна Ваша заштита. Денеска за Вас имаше стотина полицајци околу Собранието, а за младите нема одбрана. Тие не се чувствуваат одбрането, туку нападнато, запоставено и угнетено. Младите не можат да имаат ист морал со Вас, бидејќи тие прво губеа прилики, па години, сега губат пријатели, дечковци, девојки – потполно незаштитени. Се чувствуваат како да живеат во стапица во која има темпирана бомба. Довербата во политичарите е на многу пониско ниво од довербата во судството. Вие министре, наместо да создавате чувство на безбедност кога ќе се појавите пред граѓаните - Вие создавате чувство на резигнација, сакајќи да ги одбраните поединците кои знаете дека имаат свој придонес во структурното насилство кое го чувствуваат нашите граѓани. Лошо е што за Вас ова е сѐ уште несреќа. Ова не беше вис мајор. Ова беше крах на систем кој ни уби сограѓани! Несреќа е земјотрес, а Македонија е држава каде што животот се купува и продава“.","Мециновиќ: Лошо е што за вас ова е ‘несреќа’, а всушност е крах на системот кој ни уби сограѓани — Излагање на пратеникот од Левица, Амар Мециновиќ, на вчерашната седница за Интерпелација на министерот за внатрешни работи – Тошковски: „Отворено Ве прашувам на која скала ја ставате вредноста на животот во однос на другите вредносни начела? Каде е вредноста на животот во Вашиот морален компас? Мене ми се чини министре, дека Вие моралот не го користите како аргумент, туку како последна Ваша заштита. Денеска за Вас имаше стотина полицајци околу Собранието, а за младите нема одбрана. Тие не се чувствуваат одбрането, туку нападнато, запоставено и угнетено. Младите не можат да имаат ист морал со Вас, бидејќи тие прво губеа прилики, па години, сега губат пријатели, дечковци, девојки – потполно незаштитени. Се чувствуваат како да живеат во стапица во која има темпирана бомба. Довербата во политичарите е на многу пониско ниво од довербата во судството. Вие министре, наместо да создавате чувство на безбедност кога ќе се појавите пред граѓаните - Вие создавате чувство на резигнација, сакајќи да ги одбраните поединците кои знаете дека имаат свој придонес во структурното насилство кое го чувствуваат нашите граѓани. Лошо е што за Вас ова е сѐ уште несреќа. Ова не беше вис мајор. Ова беше крах на систем кој ни уби сограѓани! Несреќа е земјотрес, а Македонија е држава каде што животот се купува и продава“.","Mecinovic: It is bad that for you this is an 'accident', but in fact it is a collapse of the system that killed our fellow citizens","Presentation of the Member of Parliament from the Left, Amar Mecinović, at yesterday's session for the Interpellation of the Minister of the Interior - Toškovski: ""I openly ask you on which scale you place the value of life in relation to other value principles? Where is the value of life in your moral compass? It seems to me, Minister, that you do not use morality as an argument, but as your last protection. Today there were a hundred policemen around the Parliament for you, and for the youth they don't feel defended, but neglected and oppressed. Young people can't have the same morals with you, because they lose friends, boyfriends, girlfriends. They feel like they are living in a time bomb. Trust in politicians is at a much lower level than you, minister, when you appear in front of them Citizens - You create a sense of resignation, wanting to defend individuals who have their own contribution to the structural violence that our citizens feel. This was not a disaster for you. This was a collapse of a system that killed our fellow citizens, and Macedonia is a country where life is bought and sold.""","Mecinovic: It is bad that for you this is an 'accident', but in fact it is a collapse of the system that killed our fellow citizens — Presentation of the Member of Parliament from the Left, Amar Mecinović, at yesterday's session for the Interpellation of the Minister of the Interior - Toškovski: ""I openly ask you on which scale you place the value of life in relation to other value principles? Where is the value of life in your moral compass? It seems to me, Minister, that you do not use morality as an argument, but as your last protection. Today there were a hundred policemen around the Parliament for you, and for the youth they don't feel defended, but neglected and oppressed. Young people can't have the same morals with you, because they lose friends, boyfriends, girlfriends. They feel like they are living in a time bomb. Trust in politicians is at a much lower level than you, minister, when you appear in front of them Citizens - You create a sense of resignation, wanting to defend individuals who have their own contribution to the structural violence that our citizens feel. This was not a disaster for you. This was a collapse of a system that killed our fellow citizens, and Macedonia is a country where life is bought and sold.""","Мециновиќ: Лошо е што за вас ова е ‘несреќа’, а всушност е крах на системот кој ни уби сограѓани — Излагање на пратеникот од Левица, Амар Мециновиќ, на вчерашната седница за Интерпелација на министерот за внатрешни работи – Тошковски: „Отворено Ве прашувам на која скала ја ставате вредноста на животот во однос на другите вредносни начела? Каде е вредноста на животот во Вашиот морален компас? Мене ми се чини министре, дека Вие моралот не го користите како аргумент, туку како последна Ваша заштита. Денеска за Вас имаше стотина полицајци околу Собранието, а за младите нема одбрана. Тие не се чувствуваат одбрането, туку нападнато, запоставено и угнетено. Младите не можат да имаат ист морал со Вас, бидејќи тие прво губеа прилики, па години, сега губат пријатели, дечковци, девојки – потполно незаштитени. Се чувствуваат како да живеат во стапица во која има темпирана бомба. Довербата во политичарите е на многу пониско ниво од довербата во судството. Вие министре, наместо да создавате чувство на безбедност кога ќе се појавите пред граѓаните - Вие создавате чувство на резигнација, сакајќи да ги одбраните поединците кои знаете дека имаат свој придонес во структурното насилство кое го чувствуваат нашите граѓани. Лошо е што за Вас ова е сѐ уште несреќа. Ова не беше вис мајор. Ова беше крах на систем кој ни уби сограѓани! Несреќа е земјотрес, а Македонија е држава каде што животот се купува и продава“.",11,ok
zEKlzOInUo0,"Совет на ЕУ: Ниту преговори, ниту датум за Македонија додека не се повлече бугарското вето","Follow Sitel Televizija on...
• WEB: http://sitel.com.mk/
• FB: https://smarturl.it/sitelFB
• IG: https://smarturl.it/SitelInstagram
• Tw: https://smarturl.it/SitelTwitter

© & ℗ Sitel Televizija All Rights Reserved",Сител Телевизија,2021-12-14 20:01:33+00:00,2021,1296,10,8,25,ЕУ преговори Македонија,ЕУ преговори Македонија,mk,https://www.youtube.com/watch?v=zEKlzOInUo0,"Совет на ЕУ: Ниту преговори, ниту датум за Македонија додека не се повлече бугарското вето",Folloв Sitel Televiziјa on...,"Совет на ЕУ: Ниту преговори, ниту датум за Македонија додека не се повлече бугарското вето — Folloв Sitel Televiziјa on...","EU Council: No negotiations, no date for Macedonia until the Bulgarian veto is lifted",Follow Sitel Television on...,"EU Council: No negotiations, no date for Macedonia until the Bulgarian veto is lifted — Follow Sitel Television on...","Совет на ЕУ: Ниту преговори, ниту датум за Македонија додека не се повлече бугарското вето — Folloв Sitel Televiziјa on...",2,ok
soItt4viZys,"Бугарија со предупредување до ЕУ: Прво уставни измени, па интеграција на Македонија","Follow Sitel Televizija on...
• WEB: http://sitel.com.mk/
• FB: https://www.facebook.com/sitelmk
• IG: https://www.instagram.com/sitel.tv/
• Tw: https://twitter.com/SitelTV
• TT: https://www.tiktok.com/@sitel.televizija

© & ℗ Sitel Televizija All Rights Reserved",Сител Телевизија,2024-12-17 15:56:13+00:00,2024,2086,9,15,24,интеграција во ЕУ Македонија,интеграција во ЕУ Македонија,mk,https://www.youtube.com/watch?v=soItt4viZys,"Бугарија со предупредување до ЕУ: Прво уставни измени, па интеграција на Македонија",Folloв Sitel Televiziјa on...,"Бугарија со предупредување до ЕУ: Прво уставни измени, па интеграција на Македонија — Folloв Sitel Televiziјa on...","Bulgaria with a warning to the EU: First constitutional amendments, then integration of Macedonia",Follow Sitel Television on...,"Bulgaria with a warning to the EU: First constitutional amendments, then integration of Macedonia — Follow Sitel Television on...","Бугарија со предупредување до ЕУ: Прво уставни измени, па интеграција на Македонија — Folloв Sitel Televiziјa on...",5,ok
WN6SXjGDSk0,"Јаневска потврди, ништо од раскинување на Преспански и Бугарски договор","Јаневска потврди, ништо од раскинување на Преспански и Бугарски договор",Инфомакс,2024-10-16 12:41:03+00:00,2024,2185,68,2,24,Преспански договор; преспански договор,преспански договор,mk,https://www.youtube.com/watch?v=WN6SXjGDSk0,"Јаневска потврди, ништо од раскинување на Преспански и Бугарски договор","Јаневска потврди, ништо од раскинување на Преспански и Бугарски договор","Јаневска потврди, ништо од раскинување на Преспански и Бугарски договор — Јаневска потврди, ништо од раскинување на Преспански и Бугарски договор","Janevska confirmed, nothing from the termination of Prespa and Bulgarian agreement","Janevska confirmed, nothing from the termination of Prespa and Bulgarian agreement","Janevska confirmed, nothing from the termination of Prespa and Bulgarian agreement — Janevska confirmed, nothing from the termination of Prespa and Bulgarian agreement","Јаневска потврди, ништо од раскинување на Преспански и Бугарски договор — Јаневска потврди, ништо од раскинување на Преспански и Бугарски договор",1,ok
uZpGlz9Elco,Анкета на ИРИ: 57 отсто се за членство во НАТО и ЕУ под името Република Северна Македонија,"Web: http://sitel.com.mk/
Facebook: https://www.facebook.com/tvsitel.mk/
Twitter: https://twitter.com/SitelTV
Instagram: https://www.instagram.com/siteltelevision/

Copyright: OnAir Media Group; www.onair.mk",Сител Телевизија,2018-08-29 16:26:53+00:00,2018,323,0,2,24,интеграција во ЕУ Македонија,интеграција во ЕУ Македонија,mk,https://www.youtube.com/watch?v=uZpGlz9Elco,Анкета на ИРИ: 57 отсто се за членство во НАТО и ЕУ под името Република Северна Македонија,,Анкета на ИРИ: 57 отсто се за членство во НАТО и ЕУ под името Република Северна Македонија,IRI survey: 57 percent are in favor of NATO and EU membership under the name of the Republic of North Macedonia,,IRI survey: 57 percent are in favor of NATO and EU membership under the name of the Republic of North Macedonia,Анкета на ИРИ: 57 отсто се за членство во НАТО и ЕУ под името Република Северна Македонија,1,ok
Wq_EARUjwIs,Стрес - Агнус Деи | Сара Павлова,"Серијал 3, тема 3: „Стрес“

Живееме во динамично општество каде што е скоро невозможно некој да каже дека не се соочува со стресни ситуации. Динамиката во која живееме ни го наметнува тој начин наживот.

Не е веќе прашањето дали се соочуваме со стрес, било на школо, факултет или на работа. Веќе прашањето е како успеваме или не успеваме да се справиме со тој стрес?

Дознајте во краток разговор со Sara Pavlova како и вие може да се справите со секојдневниот стрес во вашиот живот.

Во 1 Петрово 5:7 вели: „Сите ваши грижи предадете ги на Него, зошто Тој се грижи за вас!“

-----------------------------------------------------------------------------------

Агнус Деи е Христијанска невладина организација во Македонија, која постои со цел да го сподели Евангелието на Исус Христос со младата популација.

Нашата мисија е да ја позиционираме пораката на Евангелието токму таму каде што младите луѓе го поминуваат своето време најмногу - онлајн, а со тоа да изградиме мостови кои ќе носат луѓе до љубовта и надежта кои ги пронаоѓаме во Исус Христос.

Онлајн искуството и содржината која младите луѓе во Македонија ја впиваат, ги загадува нивните умови. Тоа несвесно на младите им внесува погрешни морални вредности. Потребно е да се внесе порака на надеж и да се сподели пораката од Евангелието на пошироко ниво. Многу психолошки истражувања покажуваат дека содржината која тие ја впиваат влијае врз нивниот мисловен процес.

Затоа нашата визија е да допринесеме за промена на оваа состојба во Македонија. Преку директната порака на Евангелието се стремиме да ги охрабриме младите луѓе да почнат да размислуваат за нивниот духовен живот, и да ја спознаат вистината за Евангелието и за тоа кој е Исус Христос.

Нашите срца се трогнати и ние се молиме дека нашиот Бог ќе ги отвори вашите срца за добрата вест од Евангелието. 

-----------------------------------------------------------------------------------

Сабскрајбнете и станете дел - - https://bit.ly/2RYuYw9
Instagram - - https://bit.ly/2DMf4wi
Facebook - - http://bit.ly/2WVpuRR

Искористена музика во позадина:
Best Documentary Background Music For Videos | Cinematic Music - - https://youtu.be/_PybCKpaw3U",Агнус Деи,2019-04-29 10:22:40+00:00,2019,78,3,2,24,стрес во општеството,стрес во општеството,mk,https://www.youtube.com/watch?v=Wq_EARUjwIs,Стрес - Агнус Деи | Сара Павлова,"Серијал 3, тема 3: „Стрес“ Живееме во динамично општество каде што е скоро невозможно некој да каже дека не се соочува со стресни ситуации. Динамиката во која живееме ни го наметнува тој начин наживот. Не е веќе прашањето дали се соочуваме со стрес, било на школо, факултет или на работа. Веќе прашањето е како успеваме или не успеваме да се справиме со тој стрес? Дознајте во краток разговор со Sara Pavlova како и вие може да се справите со секојдневниот стрес во вашиот живот. Во 1 Петрово 5:7 вели: „Сите ваши грижи предадете ги на Него, зошто Тој се грижи за вас!“ ----------------------------------------------------------------------------------- Агнус Деи е Христијанска невладина организација во Македонија, која постои со цел да го сподели Евангелието на Исус Христос со младата популација. Нашата мисија е да ја позиционираме пораката на Евангелието токму таму каде што младите луѓе го поминуваат своето време најмногу - онлајн, а со тоа да изградиме мостови кои ќе носат луѓе до љубовта и надежта кои ги пронаоѓаме во Исус Христос. Онлајн искуството и содржината која младите луѓе во Македонија ја впиваат, ги загадува нивните умови. Тоа несвесно на младите им внесува погрешни морални вредности. Потребно е да се внесе порака на надеж и да се сподели пораката од Евангелието на пошироко ниво. Многу психолошки истражувања покажуваат дека содржината која тие ја впиваат влијае врз нивниот мисловен процес. Затоа нашата визија е да допринесеме за промена на оваа состојба во Македонија. Преку директната порака на Евангелието се стремиме да ги охрабриме младите луѓе да почнат да размислуваат за нивниот духовен живот, и да ја спознаат вистината за Евангелието и за тоа кој е Исус Христос. Нашите срца се трогнати и ние се молиме дека нашиот Бог ќе ги отвори вашите срца за добрата вест од Евангелието. ----------------------------------------------------------------------------------- Искористена музика во позадина:","Стрес - Агнус Деи | Сара Павлова — Серијал 3, тема 3: „Стрес“ Живееме во динамично општество каде што е скоро невозможно некој да каже дека не се соочува со стресни ситуации. Динамиката во која живееме ни го наметнува тој начин наживот. Не е веќе прашањето дали се соочуваме со стрес, било на школо, факултет или на работа. Веќе прашањето е како успеваме или не успеваме да се справиме со тој стрес? Дознајте во краток разговор со Sara Pavlova како и вие може да се справите со секојдневниот стрес во вашиот живот. Во 1 Петрово 5:7 вели: „Сите ваши грижи предадете ги на Него, зошто Тој се грижи за вас!“ ----------------------------------------------------------------------------------- Агнус Деи е Христијанска невладина организација во Македонија, која постои со цел да го сподели Евангелието на Исус Христос со младата популација. Нашата мисија е да ја позиционираме пораката на Евангелието токму таму каде што младите луѓе го поминуваат своето време најмногу - онлајн, а со тоа да изградиме мостови кои ќе носат луѓе до љубовта и надежта кои ги пронаоѓаме во Исус Христос. Онлајн искуството и содржината која младите луѓе во Македонија ја впиваат, ги загадува нивните умови. Тоа несвесно на младите им внесува погрешни морални вредности. Потребно е да се внесе порака на надеж и да се сподели пораката од Евангелието на пошироко ниво. Многу психолошки истражувања покажуваат дека содржината која тие ја впиваат влијае врз нивниот мисловен процес. Затоа нашата визија е да допринесеме за промена на оваа состојба во Македонија. Преку директната порака на Евангелието се стремиме да ги охрабриме младите луѓе да почнат да размислуваат за нивниот духовен живот, и да ја спознаат вистината за Евангелието и за тоа кој е Исус Христос. Нашите срца се трогнати и ние се молиме дека нашиот Бог ќе ги отвори вашите срца за добрата вест од Евангелието. ----------------------------------------------------------------------------------- Искористена музика во позадина:",Stress - Agnus Dei | Sarah Pavlova,"Series 3, Topic 3: ""Stress"" We live in a dynamic society where it is almost impossible for anyone to say that they do not face stressful situations. The dynamics in which we live impose that way of life on us. It is no longer a question of whether we face stress, either at school, college or at work. The question is how do we manage or fail to deal with that stress? Find out in a short conversation with Sara Pavlova how you too can deal with the daily stress in your life. In 1 Peter 5:7 it says: ""Cast all your cares on Him, because He cares for you!"" ----------------------------------------------------------------------------- Agnus Dei is a Christian non-governmental organization in Macedonia, which exists in order to share the Gospel of Jesus Christ with the young population. Our mission is to position the message of the Gospel exactly where young people spend their time the most - online, thereby building bridges that will bring people to the love and hope that we find in Jesus Christ. The online experience and content that young people in Macedonia absorb pollutes their minds. It unknowingly introduces wrong moral values ​​to young people. It is necessary to bring in a message of hope and to share the message of the Gospel on a wider level. Many psychological studies show that the content they absorb affects their thought process. Therefore, our vision is to contribute to change this situation in Macedonia. Through the direct message of the Gospel, we strive to encourage young people to start thinking about their spiritual life, and to know the truth about the Gospel and about who Jesus Christ is. Our hearts are touched and we pray that our God will open your hearts to the good news of the Gospel. ----------------------------------------------------------------------------------- Background music used:","Stress - Agnus Dei | Sarah Pavlova — Series 3, Topic 3: ""Stress"" We live in a dynamic society where it is almost impossible for anyone to say that they do not face stressful situations. The dynamics in which we live impose that way of life on us. It is no longer a question of whether we face stress, either at school, college or at work. The question is how do we manage or fail to deal with that stress? Find out in a short conversation with Sara Pavlova how you too can deal with the daily stress in your life. In 1 Peter 5:7 it says: ""Cast all your cares on Him, because He cares for you!"" ----------------------------------------------------------------------------- Agnus Dei is a Christian non-governmental organization in Macedonia, which exists in order to share the Gospel of Jesus Christ with the young population. Our mission is to position the message of the Gospel exactly where young people spend their time the most - online, thereby building bridges that will bring people to the love and hope that we find in Jesus Christ. The online experience and content that young people in Macedonia absorb pollutes their minds. It unknowingly introduces wrong moral values ​​to young people. It is necessary to bring in a message of hope and to share the message of the Gospel on a wider level. Many psychological studies show that the content they absorb affects their thought process. Therefore, our vision is to contribute to change this situation in Macedonia. Through the direct message of the Gospel, we strive to encourage young people to start thinking about their spiritual life, and to know the truth about the Gospel and about who Jesus Christ is. Our hearts are touched and we pray that our God will open your hearts to the good news of the Gospel. ----------------------------------------------------------------------------------- Background music used:","Стрес - Агнус Деи | Сара Павлова — Серијал 3, тема 3: „Стрес“ Живееме во динамично општество каде што е скоро невозможно некој да каже дека не се соочува со стресни ситуации. Динамиката во која живееме ни го наметнува тој начин наживот. Не е веќе прашањето дали се соочуваме со стрес, било на школо, факултет или на работа. Веќе прашањето е како успеваме или не успеваме да се справиме со тој стрес? Дознајте во краток разговор со Sara Pavlova како и вие може да се справите со секојдневниот стрес во вашиот живот. Во 1 Петрово 5:7 вели: „Сите ваши грижи предадете ги на Него, зошто Тој се грижи за вас!“ ----------------------------------------------------------------------------------- Агнус Деи е Христијанска невладина организација во Македонија, која постои со цел да го сподели Евангелието на Исус Христос со младата популација. Нашата мисија е да ја позиционираме пораката на Евангелието токму таму каде што младите луѓе го поминуваат своето време најмногу - онлајн, а со тоа да изградиме мостови кои ќе носат луѓе до љубовта и надежта кои ги пронаоѓаме во Исус Христос. Онлајн искуството и содржината која младите луѓе во Македонија ја впиваат, ги загадува нивните умови. Тоа несвесно на младите им внесува погрешни морални вредности. Потребно е да се внесе порака на надеж и да се сподели пораката од Евангелието на пошироко ниво. Многу психолошки истражувања покажуваат дека содржината која тие ја впиваат влијае врз нивниот мисловен процес. Затоа нашата визија е да допринесеме за промена на оваа состојба во Македонија. Преку директната порака на Евангелието се стремиме да ги охрабриме младите луѓе да почнат да размислуваат за нивниот духовен живот, и да ја спознаат вистината за Евангелието и за тоа кој е Исус Христос. Нашите срца се трогнати и ние се молиме дека нашиот Бог ќе ги отвори вашите срца за добрата вест од Евангелието. ----------------------------------------------------------------------------------- Искористена музика во позадина:",2,ok
lfzspbgB3VM,Мециновиќ: Бетонско чудовиште во Гази Баба ќе градат компании блиски до Мицкоски и до СДСМ,"Прес-конференција на портпаролот на Левица, Амар Мециновиќ.

„Од крајот на 2021 година, кога опозицискиот бран резултираше со пораз на СДС на локалните избори - го живееме времето на широката коалиција. Раководствата и функционерите на СДСМ и ВМРО-ДПМНЕ никогаш не соработувале повеќе и не биле поблиски отколку сега. Двете најголеми партии кохабитираат на власт.

Се чини, дека пред нас претстои уште едно крунисување на нивната плодна соработка, во доменот каде што тие се најсреќни и конструктивни меѓусебно - а тоа е градежништвото.

Имено, во општина Гази Баба, ќе се гради урбанистичко чудовиште од 50.000 квадратни метри - 16 згради со по над 10 ката, на простор поголем од ИстГејт мол - проект од кој ќе профитираат единствено фирми блиски до раководствата на СДСМ и ВМРО-ДПМНЕ, а на штета на жителите на Гази Баба и Скопје.

Здружените фирми во овој бизнис подвиг, се познати имиња кои ги следат низа коруптивни скандали. Повеќе детали за фирмите до медиумите ќе пратиме преку партиско соопштение.

Јасно е дека ВМРО-ДПМНЕ после 7 години опозиција не бира средства да ја наполни партиската каса, додека за СДСМ овој ентузијазам на нивните пријатели од ВМРО-ДПМНЕ е добродојден, бидејќи им овозможува непречено одвивање на криминалните дејности.

Монструозните Детални урбанистички планови кои ги сервираат градоначалниците на ДПМНЕ, потврдуваат дека партијата никогаш не ги штитела народните интереси - туку работела само за интересите на олигархијата - и заедно со СДСМ им ја приредуваат мизеријата на жителите на Скопје и Република Македонија.“",Левица Политичка Партија,2023-07-22 10:53:25+00:00,2023,693,16,1,24,политички настани Македонија,политички настани Македонија,mk,https://www.youtube.com/watch?v=lfzspbgB3VM,Мециновиќ: Бетонско чудовиште во Гази Баба ќе градат компании блиски до Мицкоски и до СДСМ,"Прес-конференција на портпаролот на Левица, Амар Мециновиќ. „Од крајот на 2021 година, кога опозицискиот бран резултираше со пораз на СДС на локалните избори - го живееме времето на широката коалиција. Раководствата и функционерите на СДСМ и ВМРО-ДПМНЕ никогаш не соработувале повеќе и не биле поблиски отколку сега. Двете најголеми партии кохабитираат на власт. Се чини, дека пред нас претстои уште едно крунисување на нивната плодна соработка, во доменот каде што тие се најсреќни и конструктивни меѓусебно - а тоа е градежништвото. Имено, во општина Гази Баба, ќе се гради урбанистичко чудовиште од 50.000 квадратни метри - 16 згради со по над 10 ката, на простор поголем од ИстГејт мол - проект од кој ќе профитираат единствено фирми блиски до раководствата на СДСМ и ВМРО-ДПМНЕ, а на штета на жителите на Гази Баба и Скопје. Здружените фирми во овој бизнис подвиг, се познати имиња кои ги следат низа коруптивни скандали. Повеќе детали за фирмите до медиумите ќе пратиме преку партиско соопштение. Јасно е дека ВМРО-ДПМНЕ после 7 години опозиција не бира средства да ја наполни партиската каса, додека за СДСМ овој ентузијазам на нивните пријатели од ВМРО-ДПМНЕ е добродојден, бидејќи им овозможува непречено одвивање на криминалните дејности. Монструозните Детални урбанистички планови кои ги сервираат градоначалниците на ДПМНЕ, потврдуваат дека партијата никогаш не ги штитела народните интереси - туку работела само за интересите на олигархијата - и заедно со СДСМ им ја приредуваат мизеријата на жителите на Скопје и Република Македонија.“","Мециновиќ: Бетонско чудовиште во Гази Баба ќе градат компании блиски до Мицкоски и до СДСМ — Прес-конференција на портпаролот на Левица, Амар Мециновиќ. „Од крајот на 2021 година, кога опозицискиот бран резултираше со пораз на СДС на локалните избори - го живееме времето на широката коалиција. Раководствата и функционерите на СДСМ и ВМРО-ДПМНЕ никогаш не соработувале повеќе и не биле поблиски отколку сега. Двете најголеми партии кохабитираат на власт. Се чини, дека пред нас претстои уште едно крунисување на нивната плодна соработка, во доменот каде што тие се најсреќни и конструктивни меѓусебно - а тоа е градежништвото. Имено, во општина Гази Баба, ќе се гради урбанистичко чудовиште од 50.000 квадратни метри - 16 згради со по над 10 ката, на простор поголем од ИстГејт мол - проект од кој ќе профитираат единствено фирми блиски до раководствата на СДСМ и ВМРО-ДПМНЕ, а на штета на жителите на Гази Баба и Скопје. Здружените фирми во овој бизнис подвиг, се познати имиња кои ги следат низа коруптивни скандали. Повеќе детали за фирмите до медиумите ќе пратиме преку партиско соопштение. Јасно е дека ВМРО-ДПМНЕ после 7 години опозиција не бира средства да ја наполни партиската каса, додека за СДСМ овој ентузијазам на нивните пријатели од ВМРО-ДПМНЕ е добродојден, бидејќи им овозможува непречено одвивање на криминалните дејности. Монструозните Детални урбанистички планови кои ги сервираат градоначалниците на ДПМНЕ, потврдуваат дека партијата никогаш не ги штитела народните интереси - туку работела само за интересите на олигархијата - и заедно со СДСМ им ја приредуваат мизеријата на жителите на Скопје и Република Македонија.“",Mecinovic: Concrete monster in Gazi Baba will be built by companies close to Mickoski and SDSM,"Press conference of the spokesman of the Left, Amar Mecinovic. ""Since the end of 2021, when the opposition wave resulted in the defeat of the SDS in the local elections - we are living the time of the broad coalition. The leaders and officials of SDSM and VMRO-DPMNE have never cooperated more and have not been closer than now. The two largest parties cohabit in power. It seems that another crowning of their fruitful cooperation is ahead of us, in the domain where they are the happiest and most constructive with each other - and that is construction. Namely, in the municipality of Gazi Baba, an urban monster of 50,000 square meters will be built - 16 buildings with more than 10 floors, on an area larger than the Eastgate mall - a project from which only companies close to the management of SDSM and VMRO-DPMNE will profit, and to the detriment of the residents of Gazi Baba and Skopje scandals. We will send more details about the companies through a party announcement. It is clear that VMRO-DPMNE does not choose funds to fill the party coffers, while for SDSM this enthusiasm of their friends from VMRO-DPMNE is welcome, because it enables them to carry out their criminal activities. The monstrous detailed urban plans served by the mayors of DPMNE never she did not protect the people's interests - but only worked for the interests of the oligarchy - and together with the SDSM they are creating misery for the residents of Skopje and the Republic of Macedonia.""","Mecinovic: Concrete monster in Gazi Baba will be built by companies close to Mickoski and SDSM — Press conference of the spokesman of the Left, Amar Mecinovic. ""Since the end of 2021, when the opposition wave resulted in the defeat of the SDS in the local elections - we are living the time of the broad coalition. The leaders and officials of SDSM and VMRO-DPMNE have never cooperated more and have not been closer than now. The two largest parties cohabit in power. It seems that another crowning of their fruitful cooperation is ahead of us, in the domain where they are the happiest and most constructive with each other - and that is construction. Namely, in the municipality of Gazi Baba, an urban monster of 50,000 square meters will be built - 16 buildings with more than 10 floors, on an area larger than the Eastgate mall - a project from which only companies close to the management of SDSM and VMRO-DPMNE will profit, and to the detriment of the residents of Gazi Baba and Skopje scandals. We will send more details about the companies through a party announcement. It is clear that VMRO-DPMNE does not choose funds to fill the party coffers, while for SDSM this enthusiasm of their friends from VMRO-DPMNE is welcome, because it enables them to carry out their criminal activities. The monstrous detailed urban plans served by the mayors of DPMNE never she did not protect the people's interests - but only worked for the interests of the oligarchy - and together with the SDSM they are creating misery for the residents of Skopje and the Republic of Macedonia.""","Мециновиќ: Бетонско чудовиште во Гази Баба ќе градат компании блиски до Мицкоски и до СДСМ — Прес-конференција на портпаролот на Левица, Амар Мециновиќ. „Од крајот на 2021 година, кога опозицискиот бран резултираше со пораз на СДС на локалните избори - го живееме времето на широката коалиција. Раководствата и функционерите на СДСМ и ВМРО-ДПМНЕ никогаш не соработувале повеќе и не биле поблиски отколку сега. Двете најголеми партии кохабитираат на власт. Се чини, дека пред нас претстои уште едно крунисување на нивната плодна соработка, во доменот каде што тие се најсреќни и конструктивни меѓусебно - а тоа е градежништвото. Имено, во општина Гази Баба, ќе се гради урбанистичко чудовиште од 50.000 квадратни метри - 16 згради со по над 10 ката, на простор поголем од ИстГејт мол - проект од кој ќе профитираат единствено фирми блиски до раководствата на СДСМ и ВМРО-ДПМНЕ, а на штета на жителите на Гази Баба и Скопје. Здружените фирми во овој бизнис подвиг, се познати имиња кои ги следат низа коруптивни скандали. Повеќе детали за фирмите до медиумите ќе пратиме преку партиско соопштение. Јасно е дека ВМРО-ДПМНЕ после 7 години опозиција не бира средства да ја наполни партиската каса, додека за СДСМ овој ентузијазам на нивните пријатели од ВМРО-ДПМНЕ е добродојден, бидејќи им овозможува непречено одвивање на криминалните дејности. Монструозните Детални урбанистички планови кои ги сервираат градоначалниците на ДПМНЕ, потврдуваат дека партијата никогаш не ги штитела народните интереси - туку работела само за интересите на олигархијата - и заедно со СДСМ им ја приредуваат мизеријата на жителите на Скопје и Република Македонија.“",1,ok
eR30B38Q3pU,Ристиќева палата - симбол на старо Скопје,"Ристиќева палата 96 години сведочи за најразлични културни, спортски и политички настани. Во неа до 2011 година беше сместен првиот лифт донесен во Македонија од марката „Стиглер“.",Види Вака,2022-04-30 18:00:10+00:00,2022,196,3,1,24,политички настани Македонија,политички настани Македонија,mk,https://www.youtube.com/watch?v=eR30B38Q3pU,Ристиќева палата - симбол на старо Скопје,"Ристиќева палата 96 години сведочи за најразлични културни, спортски и политички настани. Во неа до 2011 година беше сместен првиот лифт донесен во Македонија од марката „Стиглер“.","Ристиќева палата - симбол на старо Скопје — Ристиќева палата 96 години сведочи за најразлични културни, спортски и политички настани. Во неа до 2011 година беше сместен првиот лифт донесен во Македонија од марката „Стиглер“.",Ristic Palace - a symbol of old Skopje,"For 96 years, the Ristic Palace has been a witness to various cultural, sports and political events. Until 2011, it housed the first elevator brought to Macedonia by the ""Stigler"" brand.","Ristic Palace - a symbol of old Skopje — For 96 years, the Ristic Palace has been a witness to various cultural, sports and political events. Until 2011, it housed the first elevator brought to Macedonia by the ""Stigler"" brand.","Ристиќева палата - симбол на старо Скопје — Ристиќева палата 96 години сведочи за најразлични културни, спортски и политички настани. Во неа до 2011 година беше сместен првиот лифт донесен во Македонија од марката „Стиглер“.",1,ok
DBRov8dwXEw,"Додека во ЕУ се одлучува едногласно, Македонија не може да почне преговори без уставни измени","Follow Sitel Televizija on...
• WEB: http://sitel.com.mk/
• FB: https://www.facebook.com/sitelmk
• IG: https://www.instagram.com/sitel.tv/
• Tw: https://twitter.com/SitelTV
• TT: https://www.tiktok.com/@sitel.televizija

© & ℗ Sitel Televizija All Rights Reserved",Сител Телевизија,2024-10-15 14:13:27+00:00,2024,1353,5,34,23,ЕУ преговори Македонија,ЕУ преговори Македонија,mk,https://www.youtube.com/watch?v=DBRov8dwXEw,"Додека во ЕУ се одлучува едногласно, Македонија не може да почне преговори без уставни измени",Folloв Sitel Televiziјa on...,"Додека во ЕУ се одлучува едногласно, Македонија не може да почне преговори без уставни измени — Folloв Sitel Televiziјa on...","While decisions are made unanimously in the EU, Macedonia cannot start negotiations without constitutional amendments",Follow Sitel Television on...,"While decisions are made unanimously in the EU, Macedonia cannot start negotiations without constitutional amendments — Follow Sitel Television on...","Додека во ЕУ се одлучува едногласно, Македонија не може да почне преговори без уставни измени — Folloв Sitel Televiziјa on...",4,ok
3B0PKcqPdNc,"Османи бара почеток на преговори, Петков сигурен дека Македонија и Албанија мора да се дел од ЕУ","Follow Sitel Televizija on...
• WEB: http://sitel.com.mk/
• FB: https://smarturl.it/sitelFB
• IG: https://smarturl.it/SitelInstagram
• Tw: https://smarturl.it/SitelTwitter

© & ℗ Sitel Televizija All Rights Reserved",Сител Телевизија,2022-05-11 14:11:00+00:00,2022,734,7,33,23,ЕУ преговори Македонија,ЕУ преговори Македонија,mk,https://www.youtube.com/watch?v=3B0PKcqPdNc,"Османи бара почеток на преговори, Петков сигурен дека Македонија и Албанија мора да се дел од ЕУ",Folloв Sitel Televiziјa on...,"Османи бара почеток на преговори, Петков сигурен дека Македонија и Албанија мора да се дел од ЕУ — Folloв Sitel Televiziјa on...","Osmani demands the beginning of negotiations, Petkov is certain that Macedonia and Albania must be part of the EU",Follow Sitel Television on...,"Osmani demands the beginning of negotiations, Petkov is certain that Macedonia and Albania must be part of the EU — Follow Sitel Television on...","Османи бара почеток на преговори, Петков сигурен дека Македонија и Албанија мора да се дел од ЕУ — Folloв Sitel Televiziјa on...",12,ok
t7ufRLjDal0,Лидерите на ЕУ одлучуваат дали да отворат преговори со Македонија- шансите се мали вели Меркел,"Web: http://sitel.com.mk/
Facebook: https://www.facebook.com/sitelvesti/
Twitter: https://twitter.com/SitelTV
Instagram: https://www.instagram.com/siteltelevision/

Copyright: OnAir Media Group; www.onair.mk",Сител Телевизија,2019-10-17 14:48:46+00:00,2019,3651,17,21,23,ЕУ преговори Македонија,ЕУ преговори Македонија,mk,https://www.youtube.com/watch?v=t7ufRLjDal0,Лидерите на ЕУ одлучуваат дали да отворат преговори со Македонија- шансите се мали вели Меркел,,Лидерите на ЕУ одлучуваат дали да отворат преговори со Македонија- шансите се мали вели Меркел,"EU leaders are deciding whether to open negotiations with Macedonia - the chances are slim, says Merkel",,"EU leaders are deciding whether to open negotiations with Macedonia - the chances are slim, says Merkel",Лидерите на ЕУ одлучуваат дали да отворат преговори со Македонија- шансите се мали вели Меркел,3,ok
QBamUzkj5_U,"Македонија нема датум за преговори со ЕУ, туку надеж дека идната година ќе добие, тврди Мицкоски",,MAKFAX,2018-06-27 13:31:56+00:00,2018,3982,54,12,23,ЕУ преговори Македонија,ЕУ преговори Македонија,mk,https://www.youtube.com/watch?v=QBamUzkj5_U,"Македонија нема датум за преговори со ЕУ, туку надеж дека идната година ќе добие, тврди Мицкоски",,"Македонија нема датум за преговори со ЕУ, туку надеж дека идната година ќе добие, тврди Мицкоски","Macedonia does not have a date for negotiations with the EU, but hopes that it will get one next year, Mickoski claims",,"Macedonia does not have a date for negotiations with the EU, but hopes that it will get one next year, Mickoski claims","Македонија нема датум за преговори со ЕУ, туку надеж дека идната година ќе добие, тврди Мицкоски",6,ok
x3c9yz5Y-6s,Македонија е подготвена за преговори со ЕУ – порака од меѓународната Паневропска унија,"Follow Sitel Televizija on...
• WEB: http://sitel.com.mk/
• FB: https://www.facebook.com/sitelmk
• IG: https://www.instagram.com/sitel.tv/
• Tw: https://twitter.com/SitelTV
• TT: https://www.tiktok.com/@sitel.televizija

© & ℗ Sitel Televizija All Rights Reserved",Сител Телевизија,2025-01-17 15:41:29+00:00,2025,915,6,10,23,ЕУ преговори Македонија,ЕУ преговори Македонија,mk,https://www.youtube.com/watch?v=x3c9yz5Y-6s,Македонија е подготвена за преговори со ЕУ – порака од меѓународната Паневропска унија,Folloв Sitel Televiziјa on...,Македонија е подготвена за преговори со ЕУ – порака од меѓународната Паневропска унија — Folloв Sitel Televiziјa on...,Macedonia is ready for negotiations with the EU - a message from the international Pan-European Union,Follow Sitel Television on...,Macedonia is ready for negotiations with the EU - a message from the international Pan-European Union — Follow Sitel Television on...,Македонија е подготвена за преговори со ЕУ – порака од меѓународната Паневропска унија — Folloв Sitel Televiziјa on...,3,ok
0cC03R5SvZ0,Совет на ЕУ одобри почеток на преговори за членство со Македонија,"Web: http://sitel.com.mk/
Facebook: https://www.facebook.com/sitelvesti/
Twitter: https://twitter.com/SitelTV
Instagram: https://www.instagram.com/siteltelevision/

Copyright: OnAir Media Group; www.onair.mk",Сител Телевизија,2020-03-24 20:04:12+00:00,2020,795,6,9,23,ЕУ преговори Македонија,ЕУ преговори Македонија,mk,https://www.youtube.com/watch?v=0cC03R5SvZ0,Совет на ЕУ одобри почеток на преговори за членство со Македонија,,Совет на ЕУ одобри почеток на преговори за членство со Македонија,The Council of the EU approved the start of membership negotiations with Macedonia,,The Council of the EU approved the start of membership negotiations with Macedonia,Совет на ЕУ одобри почеток на преговори за членство со Македонија,7,ok
y-5SUSEmSAo,ЕУ и додели условен датум за преговори на Македонија,,Televizija 24,2018-06-26 20:45:21+00:00,2018,1263,1,5,23,ЕУ преговори Македонија,ЕУ преговори Македонија,mk,https://www.youtube.com/watch?v=y-5SUSEmSAo,ЕУ и додели условен датум за преговори на Македонија,,ЕУ и додели условен датум за преговори на Македонија,The EU granted Macedonia a conditional date for negotiations,,The EU granted Macedonia a conditional date for negotiations,ЕУ и додели условен датум за преговори на Македонија,3,ok
Rd3qYJ_oz1o,Лидерите на ЕУ одлучуваат дали да отворат преговори со Македонија- шансите се мали вели Меркел,"Web: http://sitel.com.mk/
Facebook: https://www.facebook.com/sitelvesti/
Twitter: https://twitter.com/SitelTV
Instagram: https://www.instagram.com/siteltelevision/

Copyright: OnAir Media Group; www.onair.mk",Сител Телевизија,2019-10-17 18:04:20+00:00,2019,2529,9,3,23,ЕУ преговори Македонија,ЕУ преговори Македонија,mk,https://www.youtube.com/watch?v=Rd3qYJ_oz1o,Лидерите на ЕУ одлучуваат дали да отворат преговори со Македонија- шансите се мали вели Меркел,,Лидерите на ЕУ одлучуваат дали да отворат преговори со Македонија- шансите се мали вели Меркел,"EU leaders are deciding whether to open negotiations with Macedonia - the chances are slim, says Merkel",,"EU leaders are deciding whether to open negotiations with Macedonia - the chances are slim, says Merkel",Лидерите на ЕУ одлучуваат дали да отворат преговори со Македонија- шансите се мали вели Меркел,1,ok
GK0Fq2s5bIc,НАТО журката ги „разбранува“ социјалните мрежи,"Follow Kanal5 on...
• FB: https://smarturl.it/fb5
• IG: https://smarturl.it/Ig5
• Web: https://kanal5.com.mk/

© & ℗ Kanal5 & IN Media. All Rights Reserved



НАТО прославата што утре ќе се одржи во 15 поголеми градови низ Македонија, ги подигна емоциите. Како на социјалните мрежи така и во комуникацијата мегу партиите...Дел од музичарите се пишманија околу настапот.",Канал 5 Телевизија,2018-07-13 16:31:26+00:00,2018,656,2,3,23,НАТО ЕУ Македонија протест,НАТО ЕУ Македонија протест,mk,https://www.youtube.com/watch?v=GK0Fq2s5bIc,НАТО журката ги „разбранува“ социјалните мрежи,"Follow Kanal5 on... НАТО прославата што утре ќе се одржи во 15 поголеми градови низ Македонија, ги подигна емоциите. Како на социјалните мрежи така и во комуникацијата мегу партиите...Дел од музичарите се пишманија околу настапот.","НАТО журката ги „разбранува“ социјалните мрежи — Follow Kanal5 on... НАТО прославата што утре ќе се одржи во 15 поголеми градови низ Македонија, ги подигна емоциите. Како на социјалните мрежи така и во комуникацијата мегу партиите...Дел од музичарите се пишманија околу настапот.","The NATO party ""makes waves"" on social networks",Follow Kanal5 on... The NATO celebration that will be held tomorrow in 15 major cities across Macedonia raised emotions. Both on social networks and in the communication between the parties... Some of the musicians are upset about the performance.,"The NATO party ""makes waves"" on social networks — Follow Kanal5 on... The NATO celebration that will be held tomorrow in 15 major cities across Macedonia raised emotions. Both on social networks and in the communication between the parties... Some of the musicians are upset about the performance.","НАТО журката ги „разбранува“ социјалните мрежи — Follow Kanal5 on... НАТО прославата што утре ќе се одржи во 15 поголеми градови низ Македонија, ги подигна емоциите. Како на социјалните мрежи така и во комуникацијата мегу партиите...Дел од музичарите се пишманија околу настапот.",3,ok
-G2k7cwlUpw,"Македонија во политичка криза, владата нема мнозинство во парламентот, БЕСА го напушти  Заев",,AlfaTV News,2021-11-12 15:18:59+00:00,2021,516,2,3,23,политичка криза; политичка криза Македонија,политичка криза Македонија,mk,https://www.youtube.com/watch?v=-G2k7cwlUpw,"Македонија во политичка криза, владата нема мнозинство во парламентот, БЕСА го напушти Заев",,"Македонија во политичка криза, владата нема мнозинство во парламентот, БЕСА го напушти Заев","Macedonia is in a political crisis, the government does not have a majority in the parliament, BESA left Zaev",,"Macedonia is in a political crisis, the government does not have a majority in the parliament, BESA left Zaev","Македонија во политичка криза, владата нема мнозинство во парламентот, БЕСА го напушти Заев",3,ok
FPXL9WWK6gE,Груби: Критериуми од 18 и 19-ти век за интеграција на Македонија во ЕУ,"Follow Sitel Televizija on...
• WEB: http://sitel.com.mk/
• FB: https://smarturl.it/sitelFB
• IG: https://smarturl.it/SitelInstagram
• Tw: https://smarturl.it/SitelTwitter

© & ℗ Sitel Televizija All Rights Reserved",Сител Телевизија,2022-05-31 17:18:46+00:00,2022,394,7,3,23,интеграција во ЕУ Македонија,интеграција во ЕУ Македонија,mk,https://www.youtube.com/watch?v=FPXL9WWK6gE,Груби: Критериуми од 18 и 19-ти век за интеграција на Македонија во ЕУ,Folloв Sitel Televiziјa on...,Груби: Критериуми од 18 и 19-ти век за интеграција на Македонија во ЕУ — Folloв Sitel Televiziјa on...,Grubi: Criteria from the 18th and 19th centuries for the integration of Macedonia in the EU,Follow Sitel Television on...,Grubi: Criteria from the 18th and 19th centuries for the integration of Macedonia in the EU — Follow Sitel Television on...,Груби: Критериуми од 18 и 19-ти век за интеграција на Македонија во ЕУ — Folloв Sitel Televiziјa on...,1,ok
HohAEDTGcp8,Драмата за доделување датум за преговори со ЕУ на Македонија продолжува и денеска,"Web: http://sitel.com.mk/
Facebook: https://www.facebook.com/sitelvesti/
Twitter: https://twitter.com/SitelTV
Instagram: https://www.instagram.com/siteltelevision/

Copyright: OnAir Media Group; www.onair.mk",Сител Телевизија,2019-10-18 10:18:03+00:00,2019,3272,7,2,23,ЕУ преговори Македонија,ЕУ преговори Македонија,mk,https://www.youtube.com/watch?v=HohAEDTGcp8,Драмата за доделување датум за преговори со ЕУ на Македонија продолжува и денеска,,Драмата за доделување датум за преговори со ЕУ на Македонија продолжува и денеска,The drama about granting a date for negotiations with the EU to Macedonia continues today,,The drama about granting a date for negotiations with the EU to Macedonia continues today,Драмата за доделување датум за преговори со ЕУ на Македонија продолжува и денеска,2,ok
JAPhRssamX4,Протест на Украинците од Македонија пред руската амбасада во Скопје,"Слободен печат - секогаш на страна на народот.
https://www.slobodenpecat.mk/

Претплатете се на нашиот Youtube канал   

Следете нѐ на Facebook: https://www.facebook.com/slobodenpecat
Следете нѐ на Instagram: https://www.instagram.com/slobodenpecat/
Следете нѐ на Twitter: https://twitter.com/sloboden_pecat/

#slobodenpecat #slobodnaTV
#slobodenpecat #slobodnaTV",Слободен Печат ТВ / Sloboden Pecat TV,2022-02-25 14:31:31+00:00,2022,454,12,1,23,НАТО ЕУ Македонија протест,НАТО ЕУ Македонија протест,mk,https://www.youtube.com/watch?v=JAPhRssamX4,Протест на Украинците од Македонија пред руската амбасада во Скопје,Слободен печат - секогаш на страна на народот. Претплатете се на нашиот Youtube канал slobodenpecat slobodnaTV slobodenpecat slobodnaTV,Протест на Украинците од Македонија пред руската амбасада во Скопје — Слободен печат - секогаш на страна на народот. Претплатете се на нашиот Youtube канал slobodenpecat slobodnaTV slobodenpecat slobodnaTV,Protest of Ukrainians from Macedonia in front of the Russian embassy in Skopje,Free press - always on the side of the people. Subscribe to our Youtube channel slobodenpecat slobodnaTV slobodenpecat slobodnaTV,Protest of Ukrainians from Macedonia in front of the Russian embassy in Skopje — Free press - always on the side of the people. Subscribe to our Youtube channel slobodenpecat slobodnaTV slobodenpecat slobodnaTV,Протест на Украинците од Македонија пред руската амбасада во Скопје — Слободен печат - секогаш на страна на народот. Претплатете се на нашиот Youtube канал slobodenpecat slobodnaTV slobodenpecat slobodnaTV,1,ok
owDXpK7ekr0,Почна ли Македонија преговори со ЕУ или е ставена само на шините? Одговара Никола Попоски,"Follow TV21 on...
• Web: https://tv21.mk & https://tv21.tv
• FB: https://smarturl.it/TV21Fb
• IG: https://smarturl.it/TV21IG
• Tw: https://smarturl.it/tv21Tw
• Телефон: 02/313-5630

© & ℗ TV21 & IN Media. All Rights Reserved",TV21,2022-07-29 08:15:23+00:00,2022,330,1,1,23,ЕУ преговори Македонија,ЕУ преговори Македонија,mk,https://www.youtube.com/watch?v=owDXpK7ekr0,Почна ли Македонија преговори со ЕУ или е ставена само на шините? Одговара Никола Попоски,Follow TV21 on... • Телефон: 02/313-5630,Почна ли Македонија преговори со ЕУ или е ставена само на шините? Одговара Никола Попоски — Follow TV21 on... • Телефон: 02/313-5630,Has Macedonia started negotiations with the EU or is it just on the rails? Nikola Poposki answers,Follow TV21 on... • Phone: 02/313-5630,Has Macedonia started negotiations with the EU or is it just on the rails? Nikola Poposki answers — Follow TV21 on... • Phone: 02/313-5630,Почна ли Македонија преговори со ЕУ или е ставена само на шините? Одговара Никола Попоски — Follow TV21 on... • Телефон: 02/313-5630,1,ok
kowwpeRLNhs,"„Европа ве чека“, порача Лајен, а пред Парламентот протести","Претседателката на Европската комисија Урсула Фон дер Лајен денеска во македонското Собрание изјави дека со првата меѓувладина конференција, која треба да се одржи наскоро доколку Северна Македонија го прифати францускиот предлог, конкретните преговори и процесот на скрининг ќе започнат веднаш. 
Објавено на https://www.slobodnaevropa.mk/a/%d0%b5%d0%b2%d1%80%d0%be%d0%bf%d0%b0-%d0%b2%d0%b5-%d1%87%d0%b5%d0%ba%d0%b0-%d0%bf%d0%be%d1%80%d0%b0%d1%87%d0%b0-%d0%bb%d0%b0%d1%98%d0%b5%d0%bd-%d0%b0-%d0%bf%d1%80%d0%b5%d0%b4-%d0%bf%d0%b0%d1%80%d0%bb%d0%b0%d0%bc%d0%b5%d0%bd%d1%82%d0%be%d1%82-%d0%bf%d1%80%d0%be%d1%82%d0%b5%d1%81%d1%82%d0%b8/31943430.html",Radio Slobodna Evropa na Makedonski,2022-07-14 13:03:17+00:00,2022,208,1,1,23,француски предлог Македонија,француски предлог Македонија,mk,https://www.youtube.com/watch?v=kowwpeRLNhs,"„Европа ве чека“, порача Лајен, а пред Парламентот протести","Претседателката на Европската комисија Урсула Фон дер Лајен денеска во македонското Собрание изјави дека со првата меѓувладина конференција, која треба да се одржи наскоро доколку Северна Македонија го прифати францускиот предлог, конкретните преговори и процесот на скрининг ќе започнат веднаш.","„Европа ве чека“, порача Лајен, а пред Парламентот протести — Претседателката на Европската комисија Урсула Фон дер Лајен денеска во македонското Собрание изјави дека со првата меѓувладина конференција, која треба да се одржи наскоро доколку Северна Македонија го прифати францускиот предлог, конкретните преговори и процесот на скрининг ќе започнат веднаш.","""Europe is waiting for you,"" Leyen said, and there were protests in front of the Parliament","The President of the European Commission, Ursula Von der Leyen, said today in the Macedonian Assembly that with the first intergovernmental conference, which should be held soon if North Macedonia accepts the French proposal, the specific negotiations and the screening process will begin immediately.","""Europe is waiting for you,"" Leyen said, and there were protests in front of the Parliament — The President of the European Commission, Ursula Von der Leyen, said today in the Macedonian Assembly that with the first intergovernmental conference, which should be held soon if North Macedonia accepts the French proposal, the specific negotiations and the screening process will begin immediately.","„Европа ве чека“, порача Лајен, а пред Парламентот протести — Претседателката на Европската комисија Урсула Фон дер Лајен денеска во македонското Собрание изјави дека со првата меѓувладина конференција, која треба да се одржи наскоро доколку Северна Македонија го прифати францускиот предлог, конкретните преговори и процесот на скрининг ќе започнат веднаш.",1,ok
ErJpHhUZBgc,Борисов најавува: ЕУ ќе ја понижи Бугарија и ќе почне преговори со Македонија и Албанија,"Follow Sitel Televizija on...
• WEB: http://sitel.com.mk/
• FB: https://smarturl.it/sitelFB
• IG: https://smarturl.it/SitelInstagram
• Tw: https://smarturl.it/SitelTwitter

© & ℗ Sitel Televizija All Rights Reserved",Сител Телевизија,2021-11-12 15:26:09+00:00,2021,1820,7,41,22,ЕУ преговори Македонија,ЕУ преговори Македонија,mk,https://www.youtube.com/watch?v=ErJpHhUZBgc,Борисов најавува: ЕУ ќе ја понижи Бугарија и ќе почне преговори со Македонија и Албанија,Folloв Sitel Televiziјa on...,Борисов најавува: ЕУ ќе ја понижи Бугарија и ќе почне преговори со Македонија и Албанија — Folloв Sitel Televiziјa on...,Borisov announces: the EU will humiliate Bulgaria and start negotiations with Macedonia and Albania,Follow Sitel Television on...,Borisov announces: the EU will humiliate Bulgaria and start negotiations with Macedonia and Albania — Follow Sitel Television on...,Борисов најавува: ЕУ ќе ја понижи Бугарија и ќе почне преговори со Македонија и Албанија — Folloв Sitel Televiziјa on...,6,ok
VgHZUBIyRRQ,Макрон не попушти - Македонија не доби датум за преговори за почеток на преговорите со ЕУ,"Web: http://sitel.com.mk/
Facebook: https://www.facebook.com/sitelvesti/
Twitter: https://twitter.com/SitelTV
Instagram: https://www.instagram.com/siteltelevision/

Copyright: OnAir Media Group; www.onair.mk",Сител Телевизија,2019-10-18 15:34:30+00:00,2019,5121,18,16,22,ЕУ преговори Македонија,ЕУ преговори Македонија,mk,https://www.youtube.com/watch?v=VgHZUBIyRRQ,Макрон не попушти - Македонија не доби датум за преговори за почеток на преговорите со ЕУ,,Макрон не попушти - Македонија не доби датум за преговори за почеток на преговорите со ЕУ,Macron did not give in - Macedonia did not receive a date for negotiations for the start of negotiations with the EU,,Macron did not give in - Macedonia did not receive a date for negotiations for the start of negotiations with the EU,Макрон не попушти - Македонија не доби датум за преговори за почеток на преговорите со ЕУ,6,ok
cVOLH7Z-CJk,"Преспански договор: Македонија исполни се дури и пред време, Грција не направи речиси ништо",,AlfaTV News,2024-06-13 12:48:38+00:00,2024,1332,18,9,22,преспански договор,преспански договор,mk,https://www.youtube.com/watch?v=cVOLH7Z-CJk,"Преспански договор: Македонија исполни се дури и пред време, Грција не направи речиси ништо",,"Преспански договор: Македонија исполни се дури и пред време, Грција не направи речиси ништо","Prespa agreement: Macedonia fulfilled everything even ahead of time, Greece did almost nothing",,"Prespa agreement: Macedonia fulfilled everything even ahead of time, Greece did almost nothing","Преспански договор: Македонија исполни се дури и пред време, Грција не направи речиси ништо",1,ok
Jb6rDn_b_2c,Мицкоски може поинаку да го реши Преспанскиот договор!,Мицкоски може поинаку да го реши Преспанскиот договор!,Инфомакс,2024-06-01 16:57:07+00:00,2024,7429,62,8,22,Преспански договор; преспански договор,преспански договор,mk,https://www.youtube.com/watch?v=Jb6rDn_b_2c,Мицкоски може поинаку да го реши Преспанскиот договор!,Мицкоски може поинаку да го реши Преспанскиот договор!,Мицкоски може поинаку да го реши Преспанскиот договор! — Мицкоски може поинаку да го реши Преспанскиот договор!,Mickoski can solve the Prespa agreement differently!,Mickoski can solve the Prespa agreement differently!,Mickoski can solve the Prespa agreement differently! — Mickoski can solve the Prespa agreement differently!,Мицкоски може поинаку да го реши Преспанскиот договор! — Мицкоски може поинаку да го реши Преспанскиот договор!,5,ok
0nmSzbU578U,Макрон не попушти - Македонија не доби датум за преговори за почеток на преговорите со ЕУ 19h,"Web: http://sitel.com.mk/
Facebook: https://www.facebook.com/sitelvesti/
Twitter: https://twitter.com/SitelTV
Instagram: https://www.instagram.com/siteltelevision/

Copyright: OnAir Media Group; www.onair.mk",Сител Телевизија,2019-10-18 17:01:44+00:00,2019,1342,2,5,22,ЕУ преговори Македонија,ЕУ преговори Македонија,mk,https://www.youtube.com/watch?v=0nmSzbU578U,Макрон не попушти - Македонија не доби датум за преговори за почеток на преговорите со ЕУ 19h,,Макрон не попушти - Македонија не доби датум за преговори за почеток на преговорите со ЕУ 19h,Macron did not give in - Macedonia did not receive a date for negotiations for the start of negotiations with the EU 19h,,Macron did not give in - Macedonia did not receive a date for negotiations for the start of negotiations with the EU 19h,Макрон не попушти - Македонија не доби датум за преговори за почеток на преговорите со ЕУ 19h,2,ok
ghTdDYrGGbQ,"ЕУ го демантира Ковачевски: Албанија стартуваше преговори, Македонија чекор поназад, ќе почека",,AlfaTV News,2022-07-20 15:06:47+00:00,2022,612,5,4,22,ЕУ преговори Македонија,ЕУ преговори Македонија,mk,https://www.youtube.com/watch?v=ghTdDYrGGbQ,"ЕУ го демантира Ковачевски: Албанија стартуваше преговори, Македонија чекор поназад, ќе почека",,"ЕУ го демантира Ковачевски: Албанија стартуваше преговори, Македонија чекор поназад, ќе почека","The EU denies Kovacevski: Albania has started negotiations, Macedonia is a step behind, it will wait",,"The EU denies Kovacevski: Albania has started negotiations, Macedonia is a step behind, it will wait","ЕУ го демантира Ковачевски: Албанија стартуваше преговори, Македонија чекор поназад, ќе почека",2,ok
m8_AW0sHqLQ,"Кога ќе се финализира договорот за името, има ли Македонија шанса за датум за преговори?","Web: http://sitel.com.mk/
Facebook: https://www.facebook.com/tvsitel.mk/
Twitter: https://twitter.com/SitelTV
Instagram: https://www.instagram.com/siteltelevision/

Copyright: OnAir Media Group; www.onair.mk",Сител Телевизија,2018-05-29 16:18:04+00:00,2018,1102,4,3,22,името на Македонија,името на Македонија,mk,https://www.youtube.com/watch?v=m8_AW0sHqLQ,"Кога ќе се финализира договорот за името, има ли Македонија шанса за датум за преговори?",,"Кога ќе се финализира договорот за името, има ли Македонија шанса за датум за преговори?","When the name agreement is finalized, does Macedonia have a chance for a date for negotiations?",,"When the name agreement is finalized, does Macedonia have a chance for a date for negotiations?","Кога ќе се финализира договорот за името, има ли Македонија шанса за датум за преговори?",1,ok
7K1FwTangec,Вархеји: ЕУ забрзано го губи кредибилитетот - потребен е почеток на преговори со Македонија,"Follow Sitel Televizija on...
• WEB: http://sitel.com.mk/
• FB: https://smarturl.it/sitelFB
• IG: https://smarturl.it/SitelInstagram
• Tw: https://smarturl.it/SitelTwitter

© & ℗ Sitel Televizija All Rights Reserved",Сител Телевизија,2021-12-06 20:09:14+00:00,2021,904,3,3,22,интеграција во ЕУ Македонија,интеграција во ЕУ Македонија,mk,https://www.youtube.com/watch?v=7K1FwTangec,Вархеји: ЕУ забрзано го губи кредибилитетот - потребен е почеток на преговори со Македонија,Folloв Sitel Televiziјa on...,Вархеји: ЕУ забрзано го губи кредибилитетот - потребен е почеток на преговори со Македонија — Folloв Sitel Televiziјa on...,Varheji: The EU is rapidly losing credibility - the beginning of negotiations with Macedonia is needed,Follow Sitel Television on...,Varheji: The EU is rapidly losing credibility - the beginning of negotiations with Macedonia is needed — Follow Sitel Television on...,Вархеји: ЕУ забрзано го губи кредибилитетот - потребен е почеток на преговори со Македонија — Folloв Sitel Televiziјa on...,2,ok
Lu3HJlwWc04,Европските дипломати признаваат дека ЕУ направи грешка што Македонија не почна преговори порано,,AlfaTV News,2022-11-22 13:34:45+00:00,2022,191,0,3,22,ЕУ преговори Македонија,ЕУ преговори Македонија,mk,https://www.youtube.com/watch?v=Lu3HJlwWc04,Европските дипломати признаваат дека ЕУ направи грешка што Македонија не почна преговори порано,,Европските дипломати признаваат дека ЕУ направи грешка што Македонија не почна преговори порано,European diplomats admit that the EU made a mistake that Macedonia did not start negotiations earlier,,European diplomats admit that the EU made a mistake that Macedonia did not start negotiations earlier,Европските дипломати признаваат дека ЕУ направи грешка што Македонија не почна преговори порано,1,ok
fdcjbtM4XN8,"#10МИНУТИ - Македонија на патот кон ЕУ, кога зелено светло за преговори? 07.06.2021","Follow TV21 on...
• Web: https://tv21.mk & https://tv21.tv
• FB: https://smarturl.it/TV21Fb
• IG: https://smarturl.it/TV21IG
• Tw: https://smarturl.it/tv21Tw
• Телефон: 02/313-5630

© & ℗ TV21 & IN Media. All Rights Reserved",TV21,2021-06-09 00:41:44+00:00,2021,355,0,2,22,ЕУ преговори Македонија,ЕУ преговори Македонија,mk,https://www.youtube.com/watch?v=fdcjbtM4XN8,"10МИНУТИ - Македонија на патот кон ЕУ, кога зелено светло за преговори? 07.06.2021",Follow TV21 on... • Телефон: 02/313-5630,"10МИНУТИ - Македонија на патот кон ЕУ, кога зелено светло за преговори? 07.06.2021 — Follow TV21 on... • Телефон: 02/313-5630","10 MINUTES - Macedonia on the way to the EU, when the green light for negotiations? 07.06.2021",Follow TV21 on... • Phone: 02/313-5630,"10 MINUTES - Macedonia on the way to the EU, when the green light for negotiations? 07.06.2021 — Follow TV21 on... • Phone: 02/313-5630","10МИНУТИ - Македонија на патот кон ЕУ, кога зелено светло за преговори? 07.06.2021 — Follow TV21 on... • Телефон: 02/313-5630",2,ok
o2NPPpJQtkk,„Непочнувањето преговори на Македонија и Албанија со ЕУ ја загрозува стабилноста на регионот“,"Follow TV21 on...
• Web: https://tv21.mk & https://tv21.tv
• FB: https://smarturl.it/TV21Fb
• IG: https://smarturl.it/TV21IG
• Tw: https://smarturl.it/tv21Tw
• Телефон: 02/313-5630

© & ℗ TV21 & IN Media. All Rights Reserved",TV21,2021-11-03 20:50:33+00:00,2021,212,0,1,22,ЕУ преговори Македонија,ЕУ преговори Македонија,mk,https://www.youtube.com/watch?v=o2NPPpJQtkk,„Непочнувањето преговори на Македонија и Албанија со ЕУ ја загрозува стабилноста на регионот“,Follow TV21 on... • Телефон: 02/313-5630,„Непочнувањето преговори на Македонија и Албанија со ЕУ ја загрозува стабилноста на регионот“ — Follow TV21 on... • Телефон: 02/313-5630,"""The failure of Macedonia and Albania to start negotiations with the EU threatens the stability of the region""",Follow TV21 on... • Phone: 02/313-5630,"""The failure of Macedonia and Albania to start negotiations with the EU threatens the stability of the region"" — Follow TV21 on... • Phone: 02/313-5630",„Непочнувањето преговори на Македонија и Албанија со ЕУ ја загрозува стабилноста на регионот“ — Follow TV21 on... • Телефон: 02/313-5630,1,ok
pgP78O86Nq4,Заев: Или уставни измени или предвремени избори,"Follow Kanal5 on...
• FB: https://smarturl.it/fb5
• IG: https://smarturl.it/Ig5
• Web: https://kanal5.com.mk/

© & ℗ Kanal5 & IN Media. All Rights Reserved



Премиерот Зоран Заев вечерва се обрати од прес центарот на ,,Коалицијата ЗА европска Македонија” . Рече дека доколку нема двотретинско мнозинство во Собранието, ќе се одржат предвремени избори до крајот на ноември.",Канал 5 Телевизија,2018-09-30 21:35:05+00:00,2018,10368,36,41,21,реформа на уставот Македонија,реформа на уставот Македонија,mk,https://www.youtube.com/watch?v=pgP78O86Nq4,Заев: Или уставни измени или предвремени избори,"Follow Kanal5 on... Премиерот Зоран Заев вечерва се обрати од прес центарот на ,,Коалицијата ЗА европска Македонија” . Рече дека доколку нема двотретинско мнозинство во Собранието, ќе се одржат предвремени избори до крајот на ноември.","Заев: Или уставни измени или предвремени избори — Follow Kanal5 on... Премиерот Зоран Заев вечерва се обрати од прес центарот на ,,Коалицијата ЗА европска Македонија” . Рече дека доколку нема двотретинско мнозинство во Собранието, ќе се одржат предвремени избори до крајот на ноември.",Zaev: Either constitutional amendments or early elections,"Follow Kanal5 on... Prime Minister Zoran Zaev addressed the press center of the ""Coalition FOR European Macedonia"" tonight. He said that if there is not a two-thirds majority in the Parliament, early elections will be held until the end of November.","Zaev: Either constitutional amendments or early elections — Follow Kanal5 on... Prime Minister Zoran Zaev addressed the press center of the ""Coalition FOR European Macedonia"" tonight. He said that if there is not a two-thirds majority in the Parliament, early elections will be held until the end of November.","Заев: Или уставни измени или предвремени избори — Follow Kanal5 on... Премиерот Зоран Заев вечерва се обрати од прес центарот на ,,Коалицијата ЗА европска Македонија” . Рече дека доколку нема двотретинско мнозинство во Собранието, ќе се одржат предвремени избори до крајот на ноември.",22,ok
by0b5nejRTQ,"Мицкоски: Има само една Македонија, со работа и реформи да влеземе во ЕУ","Follow Sitel Televizija on...
• WEB: http://sitel.com.mk/
• FB: https://smarturl.it/sitelFB
• IG: https://smarturl.it/SitelInstagram
• Tw: https://smarturl.it/SitelTwitter

© & ℗ Sitel Televizija All Rights Reserved",Сител Телевизија,2023-05-24 14:07:26+00:00,2023,667,8,13,21,реформа на уставот Македонија,реформа на уставот Македонија,mk,https://www.youtube.com/watch?v=by0b5nejRTQ,"Мицкоски: Има само една Македонија, со работа и реформи да влеземе во ЕУ",Folloв Sitel Televiziјa on...,"Мицкоски: Има само една Македонија, со работа и реформи да влеземе во ЕУ — Folloв Sitel Televiziјa on...","Mickoski: There is only one Macedonia, let's enter the EU with work and reforms",Follow Sitel Television on...,"Mickoski: There is only one Macedonia, let's enter the EU with work and reforms — Follow Sitel Television on...","Мицкоски: Има само една Македонија, со работа и реформи да влеземе во ЕУ — Folloв Sitel Televiziјa on...",5,ok
4UFXWEv2uXw,Бугарија не отстапува од ветото за старт на преговорите - очекува конкретни чекори од Македонија,"Follow Sitel Televizija on...
• WEB: http://sitel.com.mk/
• FB: https://smarturl.it/sitelFB
• IG: https://smarturl.it/SitelInstagram
• Tw: https://smarturl.it/SitelTwitter

© & ℗ Sitel Televizija All Rights Reserved",Сител Телевизија,2021-11-25 15:27:25+00:00,2021,790,12,8,21,бугарско вето Македонија,бугарско вето Македонија,mk,https://www.youtube.com/watch?v=4UFXWEv2uXw,Бугарија не отстапува од ветото за старт на преговорите - очекува конкретни чекори од Македонија,Folloв Sitel Televiziјa on...,Бугарија не отстапува од ветото за старт на преговорите - очекува конкретни чекори од Македонија — Folloв Sitel Televiziјa on...,Bulgaria does not deviate from its veto for the start of negotiations - it expects concrete steps from Macedonia,Follow Sitel Television on...,Bulgaria does not deviate from its veto for the start of negotiations - it expects concrete steps from Macedonia — Follow Sitel Television on...,Бугарија не отстапува од ветото за старт на преговорите - очекува конкретни чекори од Македонија — Folloв Sitel Televiziјa on...,1,ok
R4OFlXfP948,"Ципрас дециден: Нема договор за името без промена во устав - На Македонија и се брза, не на Грција","Official facebook: https://www.facebook.com/tvsitel.mk/
Web: http://sitel.com.mk/
Copyright: OnAir Media Group; www.onair.mk",Сител Телевизија,2018-02-24 15:42:09+00:00,2018,1084,2,4,21,името на Македонија,името на Македонија,mk,https://www.youtube.com/watch?v=R4OFlXfP948,"Ципрас дециден: Нема договор за името без промена во устав - На Македонија и се брза, не на Грција",,"Ципрас дециден: Нема договор за името без промена во устав - На Македонија и се брза, не на Грција","Tsipras is decisive: There is no agreement on the name without a change in the constitution - Macedonia is in a hurry, not Greece",,"Tsipras is decisive: There is no agreement on the name without a change in the constitution - Macedonia is in a hurry, not Greece","Ципрас дециден: Нема договор за името без промена во устав - На Македонија и се брза, не на Грција",1,ok
7uSOIcAwAYY,Дали е можно поништување на Преспанскиот договор?,"Follow Kanal5 on...
• FB: https://smarturl.it/fb5
• IG: https://smarturl.it/Ig5
• Web: https://kanal5.com.mk/

© & ℗ Kanal5 & IN Media. All Rights Reserved



Првата недела од кампањата го исфрли на површина Договорот од Преспа како доминантна тема околу која кандидатите ги кршат копјата.",Канал 5 Телевизија,2019-04-08 12:57:26+00:00,2019,956,5,3,21,Преспански договор; преспански договор,преспански договор,mk,https://www.youtube.com/watch?v=7uSOIcAwAYY,Дали е можно поништување на Преспанскиот договор?,Follow Kanal5 on... Првата недела од кампањата го исфрли на површина Договорот од Преспа како доминантна тема околу која кандидатите ги кршат копјата.,Дали е можно поништување на Преспанскиот договор? — Follow Kanal5 on... Првата недела од кампањата го исфрли на површина Договорот од Преспа како доминантна тема околу која кандидатите ги кршат копјата.,Is it possible to cancel the Prespa Agreement?,Follow Kanal5 on... The first week of the campaign brought the Prespa Agreement to the surface as the dominant topic around which the candidates broke their spears.,Is it possible to cancel the Prespa Agreement? — Follow Kanal5 on... The first week of the campaign brought the Prespa Agreement to the surface as the dominant topic around which the candidates broke their spears.,Дали е можно поништување на Преспанскиот договор? — Follow Kanal5 on... Првата недела од кампањата го исфрли на површина Договорот од Преспа како доминантна тема околу која кандидатите ги кршат копјата.,2,ok
bMf3HhEYPx0,Македонија и Грција ставија потпис на договорот за името во Преспа,"Web: http://sitel.com.mk/
Facebook: https://www.facebook.com/tvsitel.mk/
Twitter: https://twitter.com/SitelTV
Instagram: https://www.instagram.com/siteltelevision/

Copyright: OnAir Media Group; www.onair.mk",Сител Телевизија,2018-06-17 17:38:26+00:00,2018,722,3,3,21,името на Македонија,името на Македонија,mk,https://www.youtube.com/watch?v=bMf3HhEYPx0,Македонија и Грција ставија потпис на договорот за името во Преспа,,Македонија и Грција ставија потпис на договорот за името во Преспа,Macedonia and Greece signed the name agreement in Prespa,,Macedonia and Greece signed the name agreement in Prespa,Македонија и Грција ставија потпис на договорот за името во Преспа,2,ok
rlbZCQN_C8w,"Македонија дефинитивно тоне длабоко во политичка криза, единствен излез се предвремени избори",,AlfaTV News,2023-01-24 13:50:40+00:00,2023,554,4,2,21,политичка криза; политичка криза Македонија,политичка криза Македонија,mk,https://www.youtube.com/watch?v=rlbZCQN_C8w,"Македонија дефинитивно тоне длабоко во политичка криза, единствен излез се предвремени избори",,"Македонија дефинитивно тоне длабоко во политичка криза, единствен излез се предвремени избори","Macedonia is definitely sinking deep into a political crisis, the only way out is early elections",,"Macedonia is definitely sinking deep into a political crisis, the only way out is early elections","Македонија дефинитивно тоне длабоко во политичка криза, единствен излез се предвремени избори",1,ok
UNx9X-_Cecw,Македонија во нова политичка криза: „Потребно е шумарот да ги избрка и Партизаните и Германците“,,AlfaTV News,2022-05-11 13:24:38+00:00,2022,349,1,2,21,политичка криза; политичка криза Македонија,политичка криза Македонија,mk,https://www.youtube.com/watch?v=UNx9X-_Cecw,Македонија во нова политичка криза: „Потребно е шумарот да ги избрка и Партизаните и Германците“,,Македонија во нова политичка криза: „Потребно е шумарот да ги избрка и Партизаните и Германците“,"Macedonia in a new political crisis: ""It is necessary for the forester to drive out the Partisans and the Germans""",,"Macedonia in a new political crisis: ""It is necessary for the forester to drive out the Partisans and the Germans""",Македонија во нова политичка криза: „Потребно е шумарот да ги избрка и Партизаните и Германците“,1,ok
LNFWCFPfUgA,„Северна Македонија да биде интегрирана во ЕУ“ - Брнз: Македонија и Бугарија да најдат брзо решение,"Follow TV21 on...
• Web: https://tv21.mk & https://tv21.tv
• FB: https://smarturl.it/TV21Fb
• IG: https://smarturl.it/TV21IG
• Tw: https://smarturl.it/tv21Tw
• Телефон: 02/313-5630

© & ℗ TV21 & IN Media. All Rights Reserved",TV21,2021-10-14 21:13:55+00:00,2021,309,0,2,21,интеграција во ЕУ Македонија,интеграција во ЕУ Македонија,mk,https://www.youtube.com/watch?v=LNFWCFPfUgA,„Северна Македонија да биде интегрирана во ЕУ“ - Брнз: Македонија и Бугарија да најдат брзо решение,Follow TV21 on... • Телефон: 02/313-5630,„Северна Македонија да биде интегрирана во ЕУ“ - Брнз: Македонија и Бугарија да најдат брзо решение — Follow TV21 on... • Телефон: 02/313-5630,"""Northern Macedonia should be integrated into the EU"" - Brnz: Macedonia and Bulgaria should find a quick solution",Follow TV21 on... • Phone: 02/313-5630,"""Northern Macedonia should be integrated into the EU"" - Brnz: Macedonia and Bulgaria should find a quick solution — Follow TV21 on... • Phone: 02/313-5630",„Северна Македонија да биде интегрирана во ЕУ“ - Брнз: Македонија и Бугарија да најдат брзо решение — Follow TV21 on... • Телефон: 02/313-5630,1,ok
10rZq5pJTBk,Македонија и Грција ставија потпис на договорот за името во Преспа,"Web: http://sitel.com.mk/
Facebook: https://www.facebook.com/tvsitel.mk/
Twitter: https://twitter.com/SitelTV
Instagram: https://www.instagram.com/siteltelevision/

Copyright: OnAir Media Group; www.onair.mk",Сител Телевизија,2018-06-17 18:32:24+00:00,2018,1163,6,1,21,Преспански договор; името на Македонија; преспански договор,преспански договор,mk,https://www.youtube.com/watch?v=10rZq5pJTBk,Македонија и Грција ставија потпис на договорот за името во Преспа,,Македонија и Грција ставија потпис на договорот за името во Преспа,Macedonia and Greece signed the name agreement in Prespa,,Macedonia and Greece signed the name agreement in Prespa,Македонија и Грција ставија потпис на договорот за името во Преспа,1,ok
ReJsL1JOtG0,Извештајот за Македонија изгласан во Европскиот парламент без македонски јазик и идентитет,"Follow Sitel Televizija on...
• WEB: http://sitel.com.mk/
• FB: https://www.facebook.com/sitelmk
• IG: https://www.instagram.com/sitel.tv/
• Tw: https://twitter.com/SitelTV
• TT: https://www.tiktok.com/@sitel.televizija

© & ℗ Sitel Televizija All Rights Reserved",Сител Телевизија,2025-07-09 14:13:12+00:00,2025,2329,13,114,20,македонски идентитет,македонски идентитет,mk,https://www.youtube.com/watch?v=ReJsL1JOtG0,Извештајот за Македонија изгласан во Европскиот парламент без македонски јазик и идентитет,Folloв Sitel Televiziјa on...,Извештајот за Македонија изгласан во Европскиот парламент без македонски јазик и идентитет — Folloв Sitel Televiziјa on...,The report on Macedonia voted in the European Parliament without Macedonian language and identity,Follow Sitel Television on...,The report on Macedonia voted in the European Parliament without Macedonian language and identity — Follow Sitel Television on...,Извештајот за Македонија изгласан во Европскиот парламент без македонски јазик и идентитет — Folloв Sitel Televiziјa on...,14,ok
O7fRWw7Hhac,Во предвечерието на самитот за Западен Балкан - Македонија и Бугарија се уште без договор,"Follow Sitel Televizija on...
• WEB: http://sitel.com.mk/
• FB: https://smarturl.it/sitelFB
• IG: https://smarturl.it/SitelInstagram
• Tw: https://smarturl.it/SitelTwitter

© & ℗ Sitel Televizija & IN Media. All Rights Reserved",Сител Телевизија,2020-11-09 15:37:31+00:00,2020,1411,10,87,20,бугарско вето Македонија,бугарско вето Македонија,mk,https://www.youtube.com/watch?v=O7fRWw7Hhac,Во предвечерието на самитот за Западен Балкан - Македонија и Бугарија се уште без договор,Folloв Sitel Televiziјa on...,Во предвечерието на самитот за Западен Балкан - Македонија и Бугарија се уште без договор — Folloв Sitel Televiziјa on...,On the eve of the summit for the Western Balkans - Macedonia and Bulgaria are still without an agreement,Follow Sitel Television on...,On the eve of the summit for the Western Balkans - Macedonia and Bulgaria are still without an agreement — Follow Sitel Television on...,Во предвечерието на самитот за Западен Балкан - Македонија и Бугарија се уште без договор — Folloв Sitel Televiziјa on...,5,ok
XPB6Uuc_stA,Тензична дебата во бугарското Собрание - тема ветото за Македонија,"Follow Sitel Televizija on...
• WEB: http://sitel.com.mk/
• FB: https://smarturl.it/sitelFB
• IG: https://smarturl.it/SitelInstagram
• Tw: https://smarturl.it/SitelTwitter

© & ℗ Sitel Televizija All Rights Reserved",Сител Телевизија,2022-06-15 10:33:21+00:00,2022,1382,2,33,20,бугарско вето Македонија,бугарско вето Македонија,mk,https://www.youtube.com/watch?v=XPB6Uuc_stA,Тензична дебата во бугарското Собрание - тема ветото за Македонија,Folloв Sitel Televiziјa on...,Тензична дебата во бугарското Собрание - тема ветото за Македонија — Folloв Sitel Televiziјa on...,Tense debate in the Bulgarian Parliament - the topic of the veto for Macedonia,Follow Sitel Television on...,Tense debate in the Bulgarian Parliament - the topic of the veto for Macedonia — Follow Sitel Television on...,Тензична дебата во бугарското Собрание - тема ветото за Македонија — Folloв Sitel Televiziјa on...,6,ok
WZ5WHfCQ6tg,Француски предлог – Македонија да и се извини на Бугарија за „репресиите“ вршени во комунизмот,,AlfaTV News,2022-06-22 15:18:32+00:00,2022,1151,13,33,20,француски предлог Македонија,француски предлог Македонија,mk,https://www.youtube.com/watch?v=WZ5WHfCQ6tg,Француски предлог – Македонија да и се извини на Бугарија за „репресиите“ вршени во комунизмот,,Француски предлог – Македонија да и се извини на Бугарија за „репресиите“ вршени во комунизмот,"French proposal - Macedonia should apologize to Bulgaria for the ""repressions"" carried out during communism",,"French proposal - Macedonia should apologize to Bulgaria for the ""repressions"" carried out during communism",Француски предлог – Македонија да и се извини на Бугарија за „репресиите“ вршени во комунизмот,5,ok
AWhqxaRte0k,🗣️ Ѓорчев: Сите несреќи од Македонија произлегуваат од Санстефанскиот договор #политиканти,,politikanti,2024-02-25 16:05:59+00:00,2024,33801,310,31,20,политички настани Македонија,политички настани Македонија,mk,https://www.youtube.com/watch?v=AWhqxaRte0k,🗣️ Ѓорчев: Сите несреќи од Македонија произлегуваат од Санстефанскиот договор политиканти,,🗣️ Ѓорчев: Сите несреќи од Македонија произлегуваат од Санстефанскиот договор политиканти,"🗣️ Gjorchev: All the accidents in Macedonia stem from the San Stefano Agreement, politicians",,"🗣️ Gjorchev: All the accidents in Macedonia stem from the San Stefano Agreement, politicians",🗣️ Ѓорчев: Сите несреќи од Македонија произлегуваат од Санстефанскиот договор политиканти,9,ok
NED6fFAgpfQ,Анализа: Дали Македонија и ветото се присутни во преговорите за формирање Влада во Бугарија?,"Follow Sitel Televizija on...
• WEB: http://sitel.com.mk/
• FB: https://smarturl.it/sitelFB
• IG: https://smarturl.it/SitelInstagram
• Tw: https://smarturl.it/SitelTwitter

© & ℗ Sitel Televizija All Rights Reserved",Сител Телевизија,2021-11-17 20:12:43+00:00,2021,801,5,13,20,бугарско вето Македонија,бугарско вето Македонија,mk,https://www.youtube.com/watch?v=NED6fFAgpfQ,Анализа: Дали Македонија и ветото се присутни во преговорите за формирање Влада во Бугарија?,Folloв Sitel Televiziјa on...,Анализа: Дали Македонија и ветото се присутни во преговорите за формирање Влада во Бугарија? — Folloв Sitel Televiziјa on...,Analysis: Are Macedonia and the veto present in the negotiations for the formation of a Government in Bulgaria?,Follow Sitel Television on...,Analysis: Are Macedonia and the veto present in the negotiations for the formation of a Government in Bulgaria? — Follow Sitel Television on...,Анализа: Дали Македонија и ветото се присутни во преговорите за формирање Влада во Бугарија? — Folloв Sitel Televiziјa on...,6,ok
OSRwp6pZUvY,"Европската комисија планира преговори и со Македонија и со Албанија, вели ЕУ амбасадорот Гир","Follow Sitel Televizija on...
• WEB: http://sitel.com.mk/
• FB: https://smarturl.it/sitelFB
• IG: https://smarturl.it/SitelInstagram
• Tw: https://smarturl.it/SitelTwitter

© & ℗ Sitel Televizija All Rights Reserved",Сител Телевизија,2021-05-09 14:13:53+00:00,2021,516,2,5,20,ЕУ преговори Македонија,ЕУ преговори Македонија,mk,https://www.youtube.com/watch?v=OSRwp6pZUvY,"Европската комисија планира преговори и со Македонија и со Албанија, вели ЕУ амбасадорот Гир",Folloв Sitel Televiziјa on...,"Европската комисија планира преговори и со Македонија и со Албанија, вели ЕУ амбасадорот Гир — Folloв Sitel Televiziјa on...","The European Commission is planning negotiations with both Macedonia and Albania, says EU Ambassador Gir",Follow Sitel Television on...,"The European Commission is planning negotiations with both Macedonia and Albania, says EU Ambassador Gir — Follow Sitel Television on...","Европската комисија планира преговори и со Македонија и со Албанија, вели ЕУ амбасадорот Гир — Folloв Sitel Televiziјa on...",3,ok
pWkeHDEkahY,Топ Тема на Ваша Страна - Анкета: Колкава е довербата во правосудниот систем (03.12.2018),"Граѓаните ја губат довербата во СJO. Овој пресврт го покажува Анкетата на Телма и МЦМС каде што недовербата расте и во судовите и јавното обвинителство кои се фокусот по прислушувањата, апсењата, строгите притвори и мистериозните бегства. Од клучните проблемите - политиката паѓа на дното, расте загриженоста од загадувањето и криминалот.",ТОП ТЕМА НА ВАША СТРАНА (ТОП ТЕМА#ONYOURSIDE),2018-12-03 20:24:56+00:00,2018,2359,13,4,20,довербата во системот,довербата во системот,mk,https://www.youtube.com/watch?v=pWkeHDEkahY,Топ Тема на Ваша Страна - Анкета: Колкава е довербата во правосудниот систем (03.12.2018),"Граѓаните ја губат довербата во СJO. Овој пресврт го покажува Анкетата на Телма и МЦМС каде што недовербата расте и во судовите и јавното обвинителство кои се фокусот по прислушувањата, апсењата, строгите притвори и мистериозните бегства. Од клучните проблемите - политиката паѓа на дното, расте загриженоста од загадувањето и криминалот.","Топ Тема на Ваша Страна - Анкета: Колкава е довербата во правосудниот систем (03.12.2018) — Граѓаните ја губат довербата во СJO. Овој пресврт го покажува Анкетата на Телма и МЦМС каде што недовербата расте и во судовите и јавното обвинителство кои се фокусот по прислушувањата, апсењата, строгите притвори и мистериозните бегства. Од клучните проблемите - политиката паѓа на дното, расте загриженоста од загадувањето и криминалот.",Top Topic on Your Page - Survey: What is the trust in the justice system (03.12.2018),"Citizens are losing confidence in SJO. This turnaround is shown by Thelma and MCMS Survey where distrust is growing in the courts and the public prosecution which are the focus after wiretapping, arrests, strict detentions and mysterious escapes. Of the key issues - politics is falling to the bottom, pollution and crime concerns are growing.","Top Topic on Your Page - Survey: What is the trust in the justice system (03.12.2018) — Citizens are losing confidence in SJO. This turnaround is shown by Thelma and MCMS Survey where distrust is growing in the courts and the public prosecution which are the focus after wiretapping, arrests, strict detentions and mysterious escapes. Of the key issues - politics is falling to the bottom, pollution and crime concerns are growing.","Топ Тема на Ваша Страна - Анкета: Колкава е довербата во правосудниот систем (03.12.2018) — Граѓаните ја губат довербата во СJO. Овој пресврт го покажува Анкетата на Телма и МЦМС каде што недовербата расте и во судовите и јавното обвинителство кои се фокусот по прислушувањата, апсењата, строгите притвори и мистериозните бегства. Од клучните проблемите - политиката паѓа на дното, расте загриженоста од загадувањето и криминалот.",3,ok
OdvuL5y4GOk,Македонската историографија да престане да реагира на провокации од надвор,"🗣 А понекогаш имам впечаток дека на нас многу ни е поважно Бугарија да не признае нас, нашиот идентитет, како нација, како јазик, отколку сите други држави во светот. 

👉 Имам впечаток дека сѐ друго ние би занемариле ако Бугарија каже, да, еве постои македонски јазик, постои македонски идентитет. Тоа треба да го тргнеме настрана. Воопшто не е важно Бугарија што мисли за нашите идентитет.",Рацин.мк,2025-04-28 05:47:26+00:00,2025,586,5,4,20,македонски идентитет,македонски идентитет,mk,https://www.youtube.com/watch?v=OdvuL5y4GOk,Македонската историографија да престане да реагира на провокации од надвор,"🗣 А понекогаш имам впечаток дека на нас многу ни е поважно Бугарија да не признае нас, нашиот идентитет, како нација, како јазик, отколку сите други држави во светот. 👉 Имам впечаток дека сѐ друго ние би занемариле ако Бугарија каже, да, еве постои македонски јазик, постои македонски идентитет. Тоа треба да го тргнеме настрана. Воопшто не е важно Бугарија што мисли за нашите идентитет.","Македонската историографија да престане да реагира на провокации од надвор — 🗣 А понекогаш имам впечаток дека на нас многу ни е поважно Бугарија да не признае нас, нашиот идентитет, како нација, како јазик, отколку сите други држави во светот. 👉 Имам впечаток дека сѐ друго ние би занемариле ако Бугарија каже, да, еве постои македонски јазик, постои македонски идентитет. Тоа треба да го тргнеме настрана. Воопшто не е важно Бугарија што мисли за нашите идентитет.",Macedonian historiography should stop reacting to provocations from outside,"🗣 And sometimes I have the impression that it is much more important for us that Bulgaria recognizes us, our identity, as a nation, as a language, than all other countries in the world. 👉 I have the impression that we would ignore everything else if Bulgaria says, yes, there is a Macedonian language, there is a Macedonian identity. We have to put that aside. It does not matter at all what Bulgaria thinks about our identity.","Macedonian historiography should stop reacting to provocations from outside — 🗣 And sometimes I have the impression that it is much more important for us that Bulgaria recognizes us, our identity, as a nation, as a language, than all other countries in the world. 👉 I have the impression that we would ignore everything else if Bulgaria says, yes, there is a Macedonian language, there is a Macedonian identity. We have to put that aside. It does not matter at all what Bulgaria thinks about our identity.","Македонската историографија да престане да реагира на провокации од надвор — 🗣 А понекогаш имам впечаток дека на нас многу ни е поважно Бугарија да не признае нас, нашиот идентитет, како нација, како јазик, отколку сите други држави во светот. 👉 Имам впечаток дека сѐ друго ние би занемариле ако Бугарија каже, да, еве постои македонски јазик, постои македонски идентитет. Тоа треба да го тргнеме настрана. Воопшто не е важно Бугарија што мисли за нашите идентитет.",1,ok
ieFxp-W5m6s,Бенефитот од Преспанскиот договор е очигледен,Бенефитот од Преспанскиот договор е очигледен,Инфомакс,2025-06-21 18:09:21+00:00,2025,1436,24,2,20,Преспански договор; преспански договор,преспански договор,mk,https://www.youtube.com/watch?v=ieFxp-W5m6s,Бенефитот од Преспанскиот договор е очигледен,Бенефитот од Преспанскиот договор е очигледен,Бенефитот од Преспанскиот договор е очигледен — Бенефитот од Преспанскиот договор е очигледен,The benefit of the Prespa Agreement is obvious,The benefit of the Prespa Agreement is obvious,The benefit of the Prespa Agreement is obvious — The benefit of the Prespa Agreement is obvious,Бенефитот од Преспанскиот договор е очигледен — Бенефитот од Преспанскиот договор е очигледен,1,ok
_0wR3FaRsgk,"„На Македонија и се случува национално предавство, ние не знаевме дека ќе дојде францускиот предлог“","Follow TV21 on...
• Web: https://tv21.mk & https://tv21.tv
• FB: https://smarturl.it/TV21Fb
• IG: https://smarturl.it/TV21IG
• Tw: https://smarturl.it/tv21Tw
• Телефон: 02/313-5630

© & ℗ TV21 & IN Media. All Rights Reserved",TV21,2022-06-30 20:25:48+00:00,2022,528,2,2,20,француски предлог Македонија,француски предлог Македонија,mk,https://www.youtube.com/watch?v=_0wR3FaRsgk,"„На Македонија и се случува национално предавство, ние не знаевме дека ќе дојде францускиот предлог“",Follow TV21 on... • Телефон: 02/313-5630,"„На Македонија и се случува национално предавство, ние не знаевме дека ќе дојде францускиот предлог“ — Follow TV21 on... • Телефон: 02/313-5630","""National betrayal is happening to Macedonia, we didn't know that the French proposal would come""",Follow TV21 on... • Phone: 02/313-5630,"""National betrayal is happening to Macedonia, we didn't know that the French proposal would come"" — Follow TV21 on... • Phone: 02/313-5630","„На Македонија и се случува национално предавство, ние не знаевме дека ќе дојде францускиот предлог“ — Follow TV21 on... • Телефон: 02/313-5630",1,ok
0k_6TswCeBU,Две години Преспански договор - Идентитетска капитулација или виза за НАТО и ЕУ?!,,AlfaTV News,2020-06-17 13:48:00+00:00,2020,210,0,2,20,Преспански договор; преспански договор,преспански договор,mk,https://www.youtube.com/watch?v=0k_6TswCeBU,Две години Преспански договор - Идентитетска капитулација или виза за НАТО и ЕУ?!,,Две години Преспански договор - Идентитетска капитулација или виза за НАТО и ЕУ?!,Two years of the Prespa Agreement - Identity capitulation or a visa for NATO and the EU?!,,Two years of the Prespa Agreement - Identity capitulation or a visa for NATO and the EU?!,Две години Преспански договор - Идентитетска капитулација или виза за НАТО и ЕУ?!,1,ok
lhRkvyRs_h8,Формирана групата „Охрид“ за интеграција на Македонија во НАТО,,MAKFAX,2018-04-24 16:00:35+00:00,2018,130,0,2,20,интеграција во ЕУ Македонија,интеграција во ЕУ Македонија,mk,https://www.youtube.com/watch?v=lhRkvyRs_h8,Формирана групата „Охрид“ за интеграција на Македонија во НАТО,,Формирана групата „Охрид“ за интеграција на Македонија во НАТО,"The ""Ohrid"" group was formed for the integration of Macedonia in NATO",,"The ""Ohrid"" group was formed for the integration of Macedonia in NATO",Формирана групата „Охрид“ за интеграција на Македонија во НАТО,1,ok
zTiVPmNbuYI,ЕУ стратегија : Македонија ќе ги отпочне преговорите во 2019,"Follow Kanal5 on...
• FB: https://smarturl.it/fb5
• IG: https://smarturl.it/Ig5
• Web: https://kanal5.com.mk/

© & ℗ Kanal5 & IN Media. All Rights Reserved",Канал 5 Телевизија,2018-02-02 17:35:47+00:00,2018,526,2,1,20,интеграција во ЕУ Македонија,интеграција во ЕУ Македонија,mk,https://www.youtube.com/watch?v=zTiVPmNbuYI,ЕУ стратегија : Македонија ќе ги отпочне преговорите во 2019,Folloв Kanal5 on...,ЕУ стратегија : Македонија ќе ги отпочне преговорите во 2019 — Folloв Kanal5 on...,EU strategy: Macedonia will start negotiations in 2019,Follow Kanal5 on...,EU strategy: Macedonia will start negotiations in 2019 — Follow Kanal5 on...,ЕУ стратегија : Македонија ќе ги отпочне преговорите во 2019 — Folloв Kanal5 on...,1,ok
02zC2FH4rNQ,Вжештена атмосфера во Грција спроти  протести против терминот Македонија во името на земјава,"Official facebook: https://www.facebook.com/tvsitel.mk/
Web: http://sitel.com.mk/
Copyright: OnAir Media Group; www.onair.mk",Сител Телевизија,2018-02-01 15:46:22+00:00,2018,374,1,1,20,името на Македонија,името на Македонија,mk,https://www.youtube.com/watch?v=02zC2FH4rNQ,Вжештена атмосфера во Грција спроти протести против терминот Македонија во името на земјава,,Вжештена атмосфера во Грција спроти протести против терминот Македонија во името на земјава,Heated atmosphere in Greece in the face of protests against the term Macedonia in the name of the country,,Heated atmosphere in Greece in the face of protests against the term Macedonia in the name of the country,Вжештена атмосфера во Грција спроти протести против терминот Македонија во името на земјава,1,ok
ecaqdRglJ7I,Европратеникот Флекенштајн побара ЕУ лидерите да ги отворат пристапните преговори со Македонија,"Web: http://sitel.com.mk/
Facebook: https://www.facebook.com/tvsitel.mk/
Twitter: https://twitter.com/SitelTV
Instagram: https://www.instagram.com/siteltelevision/

Copyright: OnAir Media Group; www.onair.mk",Сител Телевизија,2018-06-12 15:12:35+00:00,2018,186,2,1,20,ЕУ преговори Македонија,ЕУ преговори Македонија,mk,https://www.youtube.com/watch?v=ecaqdRglJ7I,Европратеникот Флекенштајн побара ЕУ лидерите да ги отворат пристапните преговори со Македонија,,Европратеникот Флекенштајн побара ЕУ лидерите да ги отворат пристапните преговори со Македонија,MEP Fleckenstein asked EU leaders to open accession negotiations with Macedonia,,MEP Fleckenstein asked EU leaders to open accession negotiations with Macedonia,Европратеникот Флекенштајн побара ЕУ лидерите да ги отворат пристапните преговори со Македонија,1,ok
cdRQjrkVlmE,МАКЕДОНСКИ ПОЛУОСТРОВ,"Поддржи ја работата на овој канал и претплати се, со тоа стануваш део од големото семејство...
#macedonia #macedonian #македонија",Macedonia - Македонија,2025-03-03 16:42:36+00:00,2025,177,8,1,20,името на Македонија,името на Македонија,mk,https://www.youtube.com/watch?v=cdRQjrkVlmE,МАКЕДОНСКИ ПОЛУОСТРОВ,"Поддржи ја работата на овој канал и претплати се, со тоа стануваш део од големото семејство... macedonia macedonian македонија","МАКЕДОНСКИ ПОЛУОСТРОВ — Поддржи ја работата на овој канал и претплати се, со тоа стануваш део од големото семејство... macedonia macedonian македонија",MACEDONIAN PENINSULA,"Support the work of this channel and subscribe, that way you become part of the big family... macedonia macedonian macedonia","MACEDONIAN PENINSULA — Support the work of this channel and subscribe, that way you become part of the big family... macedonia macedonian macedonia","МАКЕДОНСКИ ПОЛУОСТРОВ — Поддржи ја работата на овој канал и претплати се, со тоа стануваш део од големото семејство... macedonia macedonian македонија",1,ok
eSUrKIzBCwg,Дали ЕУ ги внесува бугарските барања во пристапниот процес за Македонија?,"Follow Sitel Televizija on...
• WEB: http://sitel.com.mk/
• FB: https://smarturl.it/sitelFB
• IG: https://smarturl.it/SitelInstagram
• Tw: https://smarturl.it/SitelTwitter

© & ℗ Sitel Televizija All Rights Reserved",Сител Телевизија,2022-05-17 19:08:49+00:00,2022,993,0,45,19,НАТО ЕУ Македонија протест,НАТО ЕУ Македонија протест,mk,https://www.youtube.com/watch?v=eSUrKIzBCwg,Дали ЕУ ги внесува бугарските барања во пристапниот процес за Македонија?,Folloв Sitel Televiziјa on...,Дали ЕУ ги внесува бугарските барања во пристапниот процес за Македонија? — Folloв Sitel Televiziјa on...,Does the EU include the Bulgarian demands in the accession process for Macedonia?,Follow Sitel Television on...,Does the EU include the Bulgarian demands in the accession process for Macedonia? — Follow Sitel Television on...,Дали ЕУ ги внесува бугарските барања во пристапниот процес за Македонија? — Folloв Sitel Televiziјa on...,12,ok
dvG3iLjvyeI,Може ли Македонија во следните 5 дена да добие предлог кој нема да гази врз националните интереси?,"Follow Sitel Televizija on...
• WEB: http://sitel.com.mk/
• FB: https://smarturl.it/sitelFB
• IG: https://smarturl.it/SitelInstagram
• Tw: https://smarturl.it/SitelTwitter

© & ℗ Sitel Televizija All Rights Reserved",Сител Телевизија,2022-06-25 14:05:30+00:00,2022,1892,10,37,19,француски предлог Македонија,француски предлог Македонија,mk,https://www.youtube.com/watch?v=dvG3iLjvyeI,Може ли Македонија во следните 5 дена да добие предлог кој нема да гази врз националните интереси?,Folloв Sitel Televiziјa on...,Може ли Македонија во следните 5 дена да добие предлог кој нема да гази врз националните интереси? — Folloв Sitel Televiziјa on...,Can Macedonia get a proposal in the next 5 days that will not trample on national interests?,Follow Sitel Television on...,Can Macedonia get a proposal in the next 5 days that will not trample on national interests? — Follow Sitel Television on...,Може ли Македонија во следните 5 дена да добие предлог кој нема да гази врз националните интереси? — Folloв Sitel Televiziјa on...,7,ok
cdvulARrAOY,"ВО МАКЕДОНИЈА КРИТИКИ,ВО БУГАРИЈА СЛАВJE, МИЦКОСКИ: СРАМOTA,МЕНУВАМЕ ИСТОРИЈА ПОД ДИКТАТ НА БУГАРИТЕ","Follow TV21 on...
• Web: https://tv21.mk & https://tv21.tv
• FB: https://smarturl.it/TV21Fb
• IG: https://smarturl.it/TV21IG
• Tw: https://smarturl.it/tv21Tw
• Телефон: 02/313-5630

© & ℗ TV21 & IN Media. All Rights Reserved",TV21,2022-08-16 17:45:53+00:00,2022,4067,13,25,19,реформа на уставот Македонија,реформа на уставот Македонија,mk,https://www.youtube.com/watch?v=cdvulARrAOY,"ВО МАКЕДОНИЈА КРИТИКИ,ВО БУГАРИЈА СЛАВJE, МИЦКОСКИ: СРАМOTA,МЕНУВАМЕ ИСТОРИЈА ПОД ДИКТАТ НА БУГАРИТЕ",Follow TV21 on... • Телефон: 02/313-5630,"ВО МАКЕДОНИЈА КРИТИКИ,ВО БУГАРИЈА СЛАВJE, МИЦКОСКИ: СРАМOTA,МЕНУВАМЕ ИСТОРИЈА ПОД ДИКТАТ НА БУГАРИТЕ — Follow TV21 on... • Телефон: 02/313-5630","IN MACEDONIA CRITICISM, IN BULGARIA SLAVJE, MICKOSKI: SHAME, WE ARE CHANGING HISTORY UNDER THE DICTATION OF THE BULGARIANS",Follow TV21 on... • Phone: 02/313-5630,"IN MACEDONIA CRITICISM, IN BULGARIA SLAVJE, MICKOSKI: SHAME, WE ARE CHANGING HISTORY UNDER THE DICTATION OF THE BULGARIANS — Follow TV21 on... • Phone: 02/313-5630","ВО МАКЕДОНИЈА КРИТИКИ,ВО БУГАРИЈА СЛАВJE, МИЦКОСКИ: СРАМOTA,МЕНУВАМЕ ИСТОРИЈА ПОД ДИКТАТ НА БУГАРИТЕ — Follow TV21 on... • Телефон: 02/313-5630",6,ok
8rcyDB3dtpk,Покрај интелектуалци во Бугарија и политички партии против ветото за Македонија,"Follow Sitel Televizija on...
• WEB: http://sitel.com.mk/
• FB: https://smarturl.it/sitelFB
• IG: https://smarturl.it/SitelInstagram
• Tw: https://smarturl.it/SitelTwitter

© & ℗ Sitel Televizija & IN Media. All Rights Reserved",Сител Телевизија,2020-11-10 20:10:39+00:00,2020,2053,19,12,19,бугарско вето Македонија,бугарско вето Македонија,mk,https://www.youtube.com/watch?v=8rcyDB3dtpk,Покрај интелектуалци во Бугарија и политички партии против ветото за Македонија,Folloв Sitel Televiziјa on...,Покрај интелектуалци во Бугарија и политички партии против ветото за Македонија — Folloв Sitel Televiziјa on...,In addition to intellectuals in Bulgaria and political parties against the veto for Macedonia,Follow Sitel Television on...,In addition to intellectuals in Bulgaria and political parties against the veto for Macedonia — Follow Sitel Television on...,Покрај интелектуалци во Бугарија и политички партии против ветото за Македонија — Folloв Sitel Televiziјa on...,7,ok
5xWNeeCK0kk,Преспански договор е реален криминал !,"„Реалните"" лавови се заробени во паралелна реалност која ја формираат  AI генераторите од амбасадите.
Денес госпожа Агломер се замеша и во судството.

Уште папучи да стави и како дома да е....

Врзете се ....

Вечер доаѓа и #Шапкар !",Движење Бојкотирам,2024-07-03 23:29:36+00:00,2024,1469,46,9,19,Преспански договор; преспански договор,преспански договор,mk,https://www.youtube.com/watch?v=5xWNeeCK0kk,Преспански договор е реален криминал !,"„Реалните"" лавови се заробени во паралелна реалност која ја формираат AI генераторите од амбасадите. Денес госпожа Агломер се замеша и во судството. Уште папучи да стави и како дома да е.... Врзете се .... Вечер доаѓа и Шапкар !","Преспански договор е реален криминал ! — „Реалните"" лавови се заробени во паралелна реалност која ја формираат AI генераторите од амбасадите. Денес госпожа Агломер се замеша и во судството. Уште папучи да стави и како дома да е.... Врзете се .... Вечер доаѓа и Шапкар !",The Prespa agreement is a real crime!,"The ""real"" lions are trapped in a parallel reality created by AI generators from the embassies. Today, Mrs. Aglomer got involved in the judiciary. Put on some more slippers and feel like you're at home.... Tie yourself up.... The Hatter is coming in the evening!","The Prespa agreement is a real crime! — The ""real"" lions are trapped in a parallel reality created by AI generators from the embassies. Today, Mrs. Aglomer got involved in the judiciary. Put on some more slippers and feel like you're at home.... Tie yourself up.... The Hatter is coming in the evening!","Преспански договор е реален криминал ! — „Реалните"" лавови се заробени во паралелна реалност која ја формираат AI генераторите од амбасадите. Денес госпожа Агломер се замеша и во судството. Уште папучи да стави и како дома да е.... Врзете се .... Вечер доаѓа и Шапкар !",7,ok
fYlN0wwszOE,24 Отворено - Ќе има ли одговорност и последици за собраниското фијаско?,"Почнаа ли да пукаат шавовите на коалициониот балон СДСМ - ДУИ. Дали имунитетот на поранешниот собраниски спикер Трајко Вељаноски откри скриени договори и никогаш не скинати политички папочни врвци? Ќе има ли нов политички пазар за крвавите настани или и ова ќе биде нова епизода од политичкиот циркус без епилог? Дали борбата за власт ги соедини, а старите дружби ќе ги разделат коалиционите партнери? Ќе има ли одговорност и последици за собраниското фијаско?

Во 24 отворено дебатираат: Пратеникот Павле Богоевски, градоначалникот на Гостивар Арбен Таравари, аналитичарот Газменд Ајдини и Ѓулистана Марковска.",Televizija 24,2019-02-27 04:34:07+00:00,2019,4875,15,8,19,довербата во институциите; довербата во системот,довербата во системот,mk,https://www.youtube.com/watch?v=fYlN0wwszOE,24 Отворено - Ќе има ли одговорност и последици за собраниското фијаско?,"Почнаа ли да пукаат шавовите на коалициониот балон СДСМ - ДУИ. Дали имунитетот на поранешниот собраниски спикер Трајко Вељаноски откри скриени договори и никогаш не скинати политички папочни врвци? Ќе има ли нов политички пазар за крвавите настани или и ова ќе биде нова епизода од политичкиот циркус без епилог? Дали борбата за власт ги соедини, а старите дружби ќе ги разделат коалиционите партнери? Ќе има ли одговорност и последици за собраниското фијаско? Во 24 отворено дебатираат: Пратеникот Павле Богоевски, градоначалникот на Гостивар Арбен Таравари, аналитичарот Газменд Ајдини и Ѓулистана Марковска.","24 Отворено - Ќе има ли одговорност и последици за собраниското фијаско? — Почнаа ли да пукаат шавовите на коалициониот балон СДСМ - ДУИ. Дали имунитетот на поранешниот собраниски спикер Трајко Вељаноски откри скриени договори и никогаш не скинати политички папочни врвци? Ќе има ли нов политички пазар за крвавите настани или и ова ќе биде нова епизода од политичкиот циркус без епилог? Дали борбата за власт ги соедини, а старите дружби ќе ги разделат коалиционите партнери? Ќе има ли одговорност и последици за собраниското фијаско? Во 24 отворено дебатираат: Пратеникот Павле Богоевски, градоначалникот на Гостивар Арбен Таравари, аналитичарот Газменд Ајдини и Ѓулистана Марковска.",24 Open - Will there be responsibility and consequences for the parliamentary fiasco?,"Have the seams of the SDSM - DUI coalition balloon started to burst? Did the immunity of former parliament speaker Trajko Veljanoski reveal hidden agreements and never-broken political umbilical cords? Will there be a new political market for the bloody events or will this also be a new episode of the political circus without an epilogue? Did the struggle for power unite them, and will the old friendships separate the coalition partners? Will there be responsibility and consequences for the parliamentary fiasco? At 24 open debate: MP Pavle Bogoevski, Mayor of Gostivar Arben Taravari, analyst Gazmend Aydini and Gjulistana Markovska.","24 Open - Will there be responsibility and consequences for the parliamentary fiasco? — Have the seams of the SDSM - DUI coalition balloon started to burst? Did the immunity of former parliament speaker Trajko Veljanoski reveal hidden agreements and never-broken political umbilical cords? Will there be a new political market for the bloody events or will this also be a new episode of the political circus without an epilogue? Did the struggle for power unite them, and will the old friendships separate the coalition partners? Will there be responsibility and consequences for the parliamentary fiasco? At 24 open debate: MP Pavle Bogoevski, Mayor of Gostivar Arben Taravari, analyst Gazmend Aydini and Gjulistana Markovska.","24 Отворено - Ќе има ли одговорност и последици за собраниското фијаско? — Почнаа ли да пукаат шавовите на коалициониот балон СДСМ - ДУИ. Дали имунитетот на поранешниот собраниски спикер Трајко Вељаноски откри скриени договори и никогаш не скинати политички папочни врвци? Ќе има ли нов политички пазар за крвавите настани или и ова ќе биде нова епизода од политичкиот циркус без епилог? Дали борбата за власт ги соедини, а старите дружби ќе ги разделат коалиционите партнери? Ќе има ли одговорност и последици за собраниското фијаско? Во 24 отворено дебатираат: Пратеникот Павле Богоевски, градоначалникот на Гостивар Арбен Таравари, аналитичарот Газменд Ајдини и Ѓулистана Марковска.",4,ok
Gvu--TMVpqI,АБЕР 69,Актуелности во Македонија и локалните избори 2025 година.,"Десна, Политичка партија ",2025-08-29 10:47:10+00:00,2025,975,61,7,19,политички настани Македонија,политички настани Македонија,mk,https://www.youtube.com/watch?v=Gvu--TMVpqI,АБЕР 69,Актуелности во Македонија и локалните избори 2025 година.,АБЕР 69 — Актуелности во Македонија и локалните избори 2025 година.,ABER 69,News in Macedonia and local elections 2025.,ABER 69 — News in Macedonia and local elections 2025.,АБЕР 69 — Актуелности во Македонија и локалните избори 2025 година.,3,ok
0TESskKckHA,Членството на Македонија во НАТО најважен момент за безбедноста на регионот,"Follow Sitel Televizija on...
• WEB: http://sitel.com.mk/
• FB: https://smarturl.it/sitelFB
• IG: https://smarturl.it/SitelInstagram
• Tw: https://smarturl.it/SitelTwitter

© & ℗ Sitel Televizija All Rights Reserved",Сител Телевизија,2022-12-08 20:07:06+00:00,2022,426,4,7,19,НАТО ЕУ Македонија протест,НАТО ЕУ Македонија протест,mk,https://www.youtube.com/watch?v=0TESskKckHA,Членството на Македонија во НАТО најважен момент за безбедноста на регионот,Folloв Sitel Televiziјa on...,Членството на Македонија во НАТО најважен момент за безбедноста на регионот — Folloв Sitel Televiziјa on...,Macedonia's membership in NATO is the most important moment for the security of the region,Follow Sitel Television on...,Macedonia's membership in NATO is the most important moment for the security of the region — Follow Sitel Television on...,Членството на Македонија во НАТО најважен момент за безбедноста на регионот — Folloв Sitel Televiziјa on...,3,ok
3dlyjEPynwo,Што ќе одговори Македонија ако Софија даде зелено светло за францускиот предлог,"Follow Sitel Televizija on...
• WEB: http://sitel.com.mk/
• FB: https://smarturl.it/sitelFB
• IG: https://smarturl.it/SitelInstagram
• Tw: https://smarturl.it/SitelTwitter

© & ℗ Sitel Televizija All Rights Reserved",Сител Телевизија,2022-06-22 14:14:26+00:00,2022,934,2,6,19,француски предлог Македонија,француски предлог Македонија,mk,https://www.youtube.com/watch?v=3dlyjEPynwo,Што ќе одговори Македонија ако Софија даде зелено светло за францускиот предлог,Folloв Sitel Televiziјa on...,Што ќе одговори Македонија ако Софија даде зелено светло за францускиот предлог — Folloв Sitel Televiziјa on...,What will Macedonia respond if Sofia gives the green light to the French proposal?,Follow Sitel Television on...,What will Macedonia respond if Sofia gives the green light to the French proposal? — Follow Sitel Television on...,Што ќе одговори Македонија ако Софија даде зелено светло за францускиот предлог — Folloв Sitel Televiziјa on...,2,ok
lXNVmndAa7k,24 анализа - Дали политиката ги користи младите навивачи за остварување на свои цели?,"Насилство, говор на омраза, меѓуетнички тензии, навивачките групи наместо промотори на спортот стануваат промотори на нестабилност. Дали, во која мерка и за кои цели политиката ги користи младите навивачи за остварување на свои цели. Како да се спречат негативните појави, потребни ли се и законски измени за безбедни натпревари и улици? Дебатираме со Иван Анастасовски, универзитетски професор, Славе Младеновски, социолог и Благојче Атанасоски, политички аналитичар.",Televizija 24,2018-11-08 22:32:17+00:00,2018,3418,5,5,19,политички настани Македонија,политички настани Македонија,mk,https://www.youtube.com/watch?v=lXNVmndAa7k,24 анализа - Дали политиката ги користи младите навивачи за остварување на свои цели?,"Насилство, говор на омраза, меѓуетнички тензии, навивачките групи наместо промотори на спортот стануваат промотори на нестабилност. Дали, во која мерка и за кои цели политиката ги користи младите навивачи за остварување на свои цели. Како да се спречат негативните појави, потребни ли се и законски измени за безбедни натпревари и улици? Дебатираме со Иван Анастасовски, универзитетски професор, Славе Младеновски, социолог и Благојче Атанасоски, политички аналитичар.","24 анализа - Дали политиката ги користи младите навивачи за остварување на свои цели? — Насилство, говор на омраза, меѓуетнички тензии, навивачките групи наместо промотори на спортот стануваат промотори на нестабилност. Дали, во која мерка и за кои цели политиката ги користи младите навивачи за остварување на свои цели. Како да се спречат негативните појави, потребни ли се и законски измени за безбедни натпревари и улици? Дебатираме со Иван Анастасовски, универзитетски професор, Славе Младеновски, социолог и Благојче Атанасоски, политички аналитичар.",24 analysis - Does politics use young fans to achieve their goals?,"Violence, hate speech, inter-ethnic tensions, fan groups instead of promoters of sports become promoters of instability. Whether, to what extent and for what purposes, politics uses young fans to achieve its own goals. How to prevent negative phenomena, are legal changes needed for safe competitions and streets? We debate with Ivan Anastasovski, university professor, Slave Mladenovski, sociologist and Blagojce Atanasoski, political analyst.","24 analysis - Does politics use young fans to achieve their goals? — Violence, hate speech, inter-ethnic tensions, fan groups instead of promoters of sports become promoters of instability. Whether, to what extent and for what purposes, politics uses young fans to achieve its own goals. How to prevent negative phenomena, are legal changes needed for safe competitions and streets? We debate with Ivan Anastasovski, university professor, Slave Mladenovski, sociologist and Blagojce Atanasoski, political analyst.","24 анализа - Дали политиката ги користи младите навивачи за остварување на свои цели? — Насилство, говор на омраза, меѓуетнички тензии, навивачките групи наместо промотори на спортот стануваат промотори на нестабилност. Дали, во која мерка и за кои цели политиката ги користи младите навивачи за остварување на свои цели. Како да се спречат негативните појави, потребни ли се и законски измени за безбедни натпревари и улици? Дебатираме со Иван Анастасовски, универзитетски професор, Славе Младеновски, социолог и Благојче Атанасоски, политички аналитичар.",1,ok
TXr8RWBowXo,"НАТО и посака добредојде на Македонија во алијансата, членството важно и за државата и за регионот","Web: http://sitel.com.mk/
Facebook: https://www.facebook.com/sitelvesti/
Twitter: https://twitter.com/SitelTV
Instagram: https://www.instagram.com/siteltelevision/

Copyright: OnAir Media Group; www.onair.mk",Сител Телевизија,2019-12-04 15:43:55+00:00,2019,1133,3,5,19,НАТО ЕУ Македонија протест,НАТО ЕУ Македонија протест,mk,https://www.youtube.com/watch?v=TXr8RWBowXo,"НАТО и посака добредојде на Македонија во алијансата, членството важно и за државата и за регионот",,"НАТО и посака добредојде на Македонија во алијансата, членството важно и за државата и за регионот","NATO welcomed Macedonia to the alliance, the membership is important for both the country and the region",,"NATO welcomed Macedonia to the alliance, the membership is important for both the country and the region","НАТО и посака добредојде на Македонија во алијансата, членството важно и за државата и за регионот",3,ok
1Nz4mX6GsWU,Поткаст: Антикорупција во судниците,"Слабиот правосуден одговор на корупцијата е еден од најгорливите проблеми што ја поткопува довербата во институциите и правдата. 

🎙️Во петтиот поткаст на Граѓаните против корупцијата, подготвен од Институтот за демократија (ИДСЦС), разговараме за улогата на правосудството во борбата против корупцијата, како и за непишаните правила и политичките притисоци во правосудниот систем.

🗣️Гости: 
🔴 Бетим Јахја, судија во Основниот суд Тетово 
🔴 Ленче Ристоска, јавен обвинител во Скопското јавно обвинителство

Дали системот може да се реформира? Што е потребно за правдата да стане достапна за сите? Дознајте повеќе во оваа динамична дискусија.",IDSCS,2024-12-27 14:37:05+00:00,2024,1443,6,4,19,довербата во институциите,довербата во институциите,mk,https://www.youtube.com/watch?v=1Nz4mX6GsWU,Поткаст: Антикорупција во судниците,"Слабиот правосуден одговор на корупцијата е еден од најгорливите проблеми што ја поткопува довербата во институциите и правдата. 🎙️Во петтиот поткаст на Граѓаните против корупцијата, подготвен од Институтот за демократија (ИДСЦС), разговараме за улогата на правосудството во борбата против корупцијата, како и за непишаните правила и политичките притисоци во правосудниот систем. 🗣️Гости: 🔴 Бетим Јахја, судија во Основниот суд Тетово 🔴 Ленче Ристоска, јавен обвинител во Скопското јавно обвинителство Дали системот може да се реформира? Што е потребно за правдата да стане достапна за сите? Дознајте повеќе во оваа динамична дискусија.","Поткаст: Антикорупција во судниците — Слабиот правосуден одговор на корупцијата е еден од најгорливите проблеми што ја поткопува довербата во институциите и правдата. 🎙️Во петтиот поткаст на Граѓаните против корупцијата, подготвен од Институтот за демократија (ИДСЦС), разговараме за улогата на правосудството во борбата против корупцијата, како и за непишаните правила и политичките притисоци во правосудниот систем. 🗣️Гости: 🔴 Бетим Јахја, судија во Основниот суд Тетово 🔴 Ленче Ристоска, јавен обвинител во Скопското јавно обвинителство Дали системот може да се реформира? Што е потребно за правдата да стане достапна за сите? Дознајте повеќе во оваа динамична дискусија.",Podcast: Anti-corruption in courtrooms,"The weak judicial response to corruption is one of the most pressing problems that undermines trust in institutions and justice. 🎙️In the fifth Citizens Against Corruption podcast, prepared by the Institute for Democracy (IDSCS), we discuss the role of the judiciary in the fight against corruption, as well as the unwritten rules and political pressures in the justice system. 🗣️Guests: 🔴 Betim Yahya, judge in the Basic Court of Tetovo 🔴 Lenče Ristoska, public prosecutor in the Skopje Public Prosecutor's Office Can the system be reformed? What is needed for justice to become available to all? Learn more in this dynamic discussion.","Podcast: Anti-corruption in courtrooms — The weak judicial response to corruption is one of the most pressing problems that undermines trust in institutions and justice. 🎙️In the fifth Citizens Against Corruption podcast, prepared by the Institute for Democracy (IDSCS), we discuss the role of the judiciary in the fight against corruption, as well as the unwritten rules and political pressures in the justice system. 🗣️Guests: 🔴 Betim Yahya, judge in the Basic Court of Tetovo 🔴 Lenče Ristoska, public prosecutor in the Skopje Public Prosecutor's Office Can the system be reformed? What is needed for justice to become available to all? Learn more in this dynamic discussion.","Поткаст: Антикорупција во судниците — Слабиот правосуден одговор на корупцијата е еден од најгорливите проблеми што ја поткопува довербата во институциите и правдата. 🎙️Во петтиот поткаст на Граѓаните против корупцијата, подготвен од Институтот за демократија (ИДСЦС), разговараме за улогата на правосудството во борбата против корупцијата, како и за непишаните правила и политичките притисоци во правосудниот систем. 🗣️Гости: 🔴 Бетим Јахја, судија во Основниот суд Тетово 🔴 Ленче Ристоска, јавен обвинител во Скопското јавно обвинителство Дали системот може да се реформира? Што е потребно за правдата да стане достапна за сите? Дознајте повеќе во оваа динамична дискусија.",2,ok
XyM-mISMxgw,"За Украина итен прием, за Македонија вето – двојни стандарди на Бугарија",,AlfaTV News,2022-03-01 15:07:13+00:00,2022,573,2,4,19,бугарско вето Македонија,бугарско вето Македонија,mk,https://www.youtube.com/watch?v=XyM-mISMxgw,"За Украина итен прием, за Македонија вето – двојни стандарди на Бугарија",,"За Украина итен прием, за Македонија вето – двојни стандарди на Бугарија","Urgent admission for Ukraine, veto for Macedonia - Bulgaria's double standards",,"Urgent admission for Ukraine, veto for Macedonia - Bulgaria's double standards","За Украина итен прием, за Македонија вето – двојни стандарди на Бугарија",1,ok
P5ZZjxyYAyk,Македонија со можност за покана на Самитот на НАТО во јули,"Web: http://sitel.com.mk/
Facebook: https://www.facebook.com/tvsitel.mk/
Twitter: https://twitter.com/SitelTV
Instagram: https://www.instagram.com/siteltelevision/

Copyright: OnAir Media Group; www.onair.mk",Сител Телевизија,2018-06-20 14:18:20+00:00,2018,1472,0,3,19,НАТО ЕУ Македонија протест,НАТО ЕУ Македонија протест,mk,https://www.youtube.com/watch?v=P5ZZjxyYAyk,Македонија со можност за покана на Самитот на НАТО во јули,,Македонија со можност за покана на Самитот на НАТО во јули,Macedonia with the possibility of an invitation to the NATO Summit in July,,Macedonia with the possibility of an invitation to the NATO Summit in July,Македонија со можност за покана на Самитот на НАТО во јули,1,ok
3Tb0ctnp984,Ковачевски се соочува со политички крах - дали во болница завршил поради стрес?,"Премиерот Димитар Ковачевски завршил во болница со болки во стомакот, за среќа е добро! Но, стомачните болки се најмал проблем за новиот премиер кој поради серијата на настани се соочува со сериозен политички крах - ова беше тема на утринското издание „Еспресо со Златев и Боцевски“ на Радио Лидер.",РАДИО ЛИДЕР,2022-04-13 08:28:32+00:00,2022,2224,9,1,19,политички настани Македонија; стрес во општеството,стрес во општеството,mk,https://www.youtube.com/watch?v=3Tb0ctnp984,Ковачевски се соочува со политички крах - дали во болница завршил поради стрес?,"Премиерот Димитар Ковачевски завршил во болница со болки во стомакот, за среќа е добро! Но, стомачните болки се најмал проблем за новиот премиер кој поради серијата на настани се соочува со сериозен политички крах - ова беше тема на утринското издание „Еспресо со Златев и Боцевски“ на Радио Лидер.","Ковачевски се соочува со политички крах - дали во болница завршил поради стрес? — Премиерот Димитар Ковачевски завршил во болница со болки во стомакот, за среќа е добро! Но, стомачните болки се најмал проблем за новиот премиер кој поради серијата на настани се соочува со сериозен политички крах - ова беше тема на утринското издание „Еспресо со Златев и Боцевски“ на Радио Лидер.",Kovacevski is facing a political collapse - did he end up in the hospital due to stress?,"Prime Minister Dimitar Kovacevski ended up in the hospital with stomach pains, luckily he is fine! But stomach pains are the least of the problems for the new prime minister who, due to the series of events, is facing a serious political collapse - this was the topic of the morning edition ""Espresso with Zlatev and Bocevski"" on Radio Leader.","Kovacevski is facing a political collapse - did he end up in the hospital due to stress? — Prime Minister Dimitar Kovacevski ended up in the hospital with stomach pains, luckily he is fine! But stomach pains are the least of the problems for the new prime minister who, due to the series of events, is facing a serious political collapse - this was the topic of the morning edition ""Espresso with Zlatev and Bocevski"" on Radio Leader.","Ковачевски се соочува со политички крах - дали во болница завршил поради стрес? — Премиерот Димитар Ковачевски завршил во болница со болки во стомакот, за среќа е добро! Но, стомачните болки се најмал проблем за новиот премиер кој поради серијата на настани се соочува со сериозен политички крах - ова беше тема на утринското издание „Еспресо со Златев и Боцевски“ на Радио Лидер.",1,ok
KeRX38ij3D0,Прашањето за името станува главна тема за дебата и во Македонија,"Web: http://sitel.com.mk/
Facebook: https://www.facebook.com/tvsitel.mk/
Twitter: https://twitter.com/SitelTV
Instagram: https://www.instagram.com/siteltelevision/

Copyright: OnAir Media Group; www.onair.mk",Сител Телевизија,2018-03-09 16:04:49+00:00,2018,1130,3,1,19,името на Македонија,името на Македонија,mk,https://www.youtube.com/watch?v=KeRX38ij3D0,Прашањето за името станува главна тема за дебата и во Македонија,,Прашањето за името станува главна тема за дебата и во Македонија,The question of the name is becoming a main topic of debate in Macedonia as well,,The question of the name is becoming a main topic of debate in Macedonia as well,Прашањето за името станува главна тема за дебата и во Македонија,1,ok
Cll2Vzv_VDk,Ново училиште во Турција ќе го носи името на Македонија,,Televizija 24,2023-09-05 10:02:10+00:00,2023,194,1,1,19,името на Македонија,името на Македонија,mk,https://www.youtube.com/watch?v=Cll2Vzv_VDk,Ново училиште во Турција ќе го носи името на Македонија,,Ново училиште во Турција ќе го носи името на Македонија,A new school in Turkey will bear the name of Macedonia,,A new school in Turkey will bear the name of Macedonia,Ново училиште во Турција ќе го носи името на Македонија,1,ok
242yXGp5moQ,Ципрас очекува кај нас да се спроведе договорот,"Follow Kanal5 on...
• FB: https://smarturl.it/fb5
• IG: https://smarturl.it/Ig5
• Web: https://kanal5.com.mk/

© & ℗ Kanal5 & IN Media. All Rights Reserved



Прво Скопје целосно да го финализира Договорот, а потоа, грчката влада ќе одлучи како ќе го истуркаме процесот во Грција, објаснува Алексис Ципрас, прашан како ќе го надмине недоразбирањето со коалицискиот партнер Каменос.",Канал 5 Телевизија,2018-07-13 12:57:40+00:00,2018,160,2,1,19,преспански договор,преспански договор,mk,https://www.youtube.com/watch?v=242yXGp5moQ,Ципрас очекува кај нас да се спроведе договорот,"Follow Kanal5 on... Прво Скопје целосно да го финализира Договорот, а потоа, грчката влада ќе одлучи како ќе го истуркаме процесот во Грција, објаснува Алексис Ципрас, прашан како ќе го надмине недоразбирањето со коалицискиот партнер Каменос.","Ципрас очекува кај нас да се спроведе договорот — Follow Kanal5 on... Прво Скопје целосно да го финализира Договорот, а потоа, грчката влада ќе одлучи како ќе го истуркаме процесот во Грција, објаснува Алексис Ципрас, прашан како ќе го надмине недоразбирањето со коалицискиот партнер Каменос.",Tsipras expects the agreement to be implemented in our country,"Follow Kanal5 on... First, Skopje should fully finalize the Agreement, and then the Greek government will decide how we will push the process forward in Greece, explains Alexis Tsipras, when asked how he will overcome the misunderstanding with coalition partner Kammenos.","Tsipras expects the agreement to be implemented in our country — Follow Kanal5 on... First, Skopje should fully finalize the Agreement, and then the Greek government will decide how we will push the process forward in Greece, explains Alexis Tsipras, when asked how he will overcome the misunderstanding with coalition partner Kammenos.","Ципрас очекува кај нас да се спроведе договорот — Follow Kanal5 on... Прво Скопје целосно да го финализира Договорот, а потоа, грчката влада ќе одлучи како ќе го истуркаме процесот во Грција, објаснува Алексис Ципрас, прашан како ќе го надмине недоразбирањето со коалицискиот партнер Каменос.",1,ok
LuMprZm4nII,"Македонскиот идентитет е како Менделеев систем, со сите елементи | проф д-р Весна Мојсова-Чепишевска","Во ова издание на серијалот интервјуа „Имаме неколку прашања за вас“, дојдовме на Филолошкиот факултет, на Катедрата за македонска книжевност и култура. 

Не пречека професорката Весна Мојсовна Чепишевска. Во интервјуто со неа направивме поширок преглед во однос на македонскиот јазик, македонската култура, јазикот како рефлектирачки елемент во однос на македонската култура, јазикот како суштински елемент на македонскиот идентитет и за разговаравме и за некои други прашања.

Завршивме со некои попопуларни прашања кои се однесуваат на современиот македонски јазик, на тоа да го оправдаме колку е жив македонскиот јазик, да провериме дали е навистина така.

Со проф. д-р Весна Мојсова-Чепишевска разговараше Зоран Бојаровски",Рацин.мк,2025-05-25 07:25:29+00:00,2025,4214,110,381,18,македонски идентитет,македонски идентитет,mk,https://www.youtube.com/watch?v=LuMprZm4nII,"Македонскиот идентитет е како Менделеев систем, со сите елементи | проф д-р Весна Мојсова-Чепишевска","Во ова издание на серијалот интервјуа „Имаме неколку прашања за вас“, дојдовме на Филолошкиот факултет, на Катедрата за македонска книжевност и култура. Не пречека професорката Весна Мојсовна Чепишевска. Во интервјуто со неа направивме поширок преглед во однос на македонскиот јазик, македонската култура, јазикот како рефлектирачки елемент во однос на македонската култура, јазикот како суштински елемент на македонскиот идентитет и за разговаравме и за некои други прашања. Завршивме со некои попопуларни прашања кои се однесуваат на современиот македонски јазик, на тоа да го оправдаме колку е жив македонскиот јазик, да провериме дали е навистина така. Со проф. д-р Весна Мојсова-Чепишевска разговараше Зоран Бојаровски","Македонскиот идентитет е како Менделеев систем, со сите елементи | проф д-р Весна Мојсова-Чепишевска — Во ова издание на серијалот интервјуа „Имаме неколку прашања за вас“, дојдовме на Филолошкиот факултет, на Катедрата за македонска книжевност и култура. Не пречека професорката Весна Мојсовна Чепишевска. Во интервјуто со неа направивме поширок преглед во однос на македонскиот јазик, македонската култура, јазикот како рефлектирачки елемент во однос на македонската култура, јазикот како суштински елемент на македонскиот идентитет и за разговаравме и за некои други прашања. Завршивме со некои попопуларни прашања кои се однесуваат на современиот македонски јазик, на тоа да го оправдаме колку е жив македонскиот јазик, да провериме дали е навистина така. Со проф. д-р Весна Мојсова-Чепишевска разговараше Зоран Бојаровски","The Macedonian identity is like a Mendeleev system, with all the elements Prof. Dr. Vesna Moysova-Chepishevska","In this edition of the series of interviews ""We have a few questions for you"", we came to the Faculty of Philology, the Department of Macedonian Literature and Culture. Professor Vesna Mojsovna Chepishevska welcomed us. In the interview with her, we made a broader overview regarding the Macedonian language, Macedonian culture, language as a reflective element in relation to Macedonian culture, language as an essential element of Macedonian identity, and we also discussed some other issues. We finished with some more popular questions related to the modern Macedonian language, to justify how alive the Macedonian language is, to check if it is really so. With prof. Dr. Vesna Mojsova-Chepishevska talked to Zoran Boyarovski","The Macedonian identity is like a Mendeleev system, with all the elements Prof. Dr. Vesna Moysova-Chepishevska — In this edition of the series of interviews ""We have a few questions for you"", we came to the Faculty of Philology, the Department of Macedonian Literature and Culture. Professor Vesna Mojsovna Chepishevska welcomed us. In the interview with her, we made a broader overview regarding the Macedonian language, Macedonian culture, language as a reflective element in relation to Macedonian culture, language as an essential element of Macedonian identity, and we also discussed some other issues. We finished with some more popular questions related to the modern Macedonian language, to justify how alive the Macedonian language is, to check if it is really so. With prof. Dr. Vesna Mojsova-Chepishevska talked to Zoran Boyarovski","Македонскиот идентитет е како Менделеев систем, со сите елементи | проф д-р Весна Мојсова-Чепишевска — Во ова издание на серијалот интервјуа „Имаме неколку прашања за вас“, дојдовме на Филолошкиот факултет, на Катедрата за македонска книжевност и култура. Не пречека професорката Весна Мојсовна Чепишевска. Во интервјуто со неа направивме поширок преглед во однос на македонскиот јазик, македонската култура, јазикот како рефлектирачки елемент во однос на македонската култура, јазикот како суштински елемент на македонскиот идентитет и за разговаравме и за некои други прашања. Завршивме со некои попопуларни прашања кои се однесуваат на современиот македонски јазик, на тоа да го оправдаме колку е жив македонскиот јазик, да провериме дали е навистина така. Со проф. д-р Весна Мојсова-Чепишевска разговараше Зоран Бојаровски",48,ok
w7mUkcw_LJE,ВО ЖИВО: Ковачевски - Францускиот предлог во оваа форма неприфатлив за Македонија,"Follow Sitel Televizija on...
• WEB: http://sitel.com.mk/
• FB: https://smarturl.it/sitelFB
• IG: https://smarturl.it/SitelInstagram
• Tw: https://smarturl.it/SitelTwitter

© & ℗ Sitel Televizija All Rights Reserved",Сител Телевизија,2022-06-23 14:42:37+00:00,2022,3663,25,73,18,француски предлог Македонија,француски предлог Македонија,mk,https://www.youtube.com/watch?v=w7mUkcw_LJE,ВО ЖИВО: Ковачевски - Францускиот предлог во оваа форма неприфатлив за Македонија,Folloв Sitel Televiziјa on...,ВО ЖИВО: Ковачевски - Францускиот предлог во оваа форма неприфатлив за Македонија — Folloв Sitel Televiziјa on...,LIVE: Kovacevski - The French proposal in this form is unacceptable for Macedonia,Follow Sitel Television on...,LIVE: Kovacevski - The French proposal in this form is unacceptable for Macedonia — Follow Sitel Television on...,ВО ЖИВО: Ковачевски - Францускиот предлог во оваа форма неприфатлив за Македонија — Folloв Sitel Televiziјa on...,9,ok
Ow6SYWyf28U,Ковачевски: Францускиот предлог во оваа форма неприфатлив за Македонија,"Follow Sitel Televizija on...
• WEB: http://sitel.com.mk/
• FB: https://smarturl.it/sitelFB
• IG: https://smarturl.it/SitelInstagram
• Tw: https://smarturl.it/SitelTwitter

© & ℗ Sitel Televizija All Rights Reserved",Сител Телевизија,2022-06-23 17:05:22+00:00,2022,1571,6,24,18,француски предлог Македонија,француски предлог Македонија,mk,https://www.youtube.com/watch?v=Ow6SYWyf28U,Ковачевски: Францускиот предлог во оваа форма неприфатлив за Македонија,Folloв Sitel Televiziјa on...,Ковачевски: Францускиот предлог во оваа форма неприфатлив за Македонија — Folloв Sitel Televiziјa on...,Kovacevski: The French proposal in this form is unacceptable for Macedonia,Follow Sitel Television on...,Kovacevski: The French proposal in this form is unacceptable for Macedonia — Follow Sitel Television on...,Ковачевски: Францускиот предлог во оваа форма неприфатлив за Македонија — Folloв Sitel Televiziјa on...,8,ok
xnJFB1ProEE,Кои се очекувањата на Бугарите во Македонија во врска со новата Влада?,"Follow Sitel Televizija on...
• WEB: http://sitel.com.mk/
• FB: https://smarturl.it/sitelFB
• IG: https://smarturl.it/SitelInstagram
• Tw: https://smarturl.it/SitelTwitter

© & ℗ Sitel Televizija & IN Media. All Rights Reserved",Сител Телевизија,2021-04-04 14:45:30+00:00,2021,2608,23,15,18,бугарско вето Македонија,бугарско вето Македонија,mk,https://www.youtube.com/watch?v=xnJFB1ProEE,Кои се очекувањата на Бугарите во Македонија во врска со новата Влада?,Folloв Sitel Televiziјa on...,Кои се очекувањата на Бугарите во Македонија во врска со новата Влада? — Folloв Sitel Televiziјa on...,What are the expectations of the Bulgarians in Macedonia regarding the new Government?,Follow Sitel Television on...,What are the expectations of the Bulgarians in Macedonia regarding the new Government? — Follow Sitel Television on...,Кои се очекувањата на Бугарите во Македонија во врска со новата Влада? — Folloв Sitel Televiziјa on...,2,ok
6YYTO1gtygA,Јовановиќ: Путин преку своите дипломати сака да го сруши договорот помеѓу Македонија и Грција,,MAKFAX,2018-09-19 15:12:39+00:00,2018,6661,28,12,18,реформа на уставот Македонија,реформа на уставот Македонија,mk,https://www.youtube.com/watch?v=6YYTO1gtygA,Јовановиќ: Путин преку своите дипломати сака да го сруши договорот помеѓу Македонија и Грција,,Јовановиќ: Путин преку своите дипломати сака да го сруши договорот помеѓу Македонија и Грција,Jovanovic: Putin wants to destroy the agreement between Macedonia and Greece through his diplomats,,Jovanovic: Putin wants to destroy the agreement between Macedonia and Greece through his diplomats,Јовановиќ: Путин преку своите дипломати сака да го сруши договорот помеѓу Македонија и Грција,2,ok
2zgN77nsHWE,Што договорија Македонија и Бугарија во Софија?,"Follow Sitel Televizija on...
• WEB: http://sitel.com.mk/
• FB: https://smarturl.it/sitelFB
• IG: https://smarturl.it/SitelInstagram
• Tw: https://smarturl.it/SitelTwitter

© & ℗ Sitel Televizija All Rights Reserved",Сител Телевизија,2022-03-22 20:10:06+00:00,2022,1482,11,11,18,бугарско вето Македонија,бугарско вето Македонија,mk,https://www.youtube.com/watch?v=2zgN77nsHWE,Што договорија Македонија и Бугарија во Софија?,Folloв Sitel Televiziјa on...,Што договорија Македонија и Бугарија во Софија? — Folloв Sitel Televiziјa on...,What did Macedonia and Bulgaria agree on in Sofia?,Follow Sitel Television on...,What did Macedonia and Bulgaria agree on in Sofia? — Follow Sitel Television on...,Што договорија Македонија и Бугарија во Софија? — Folloв Sitel Televiziјa on...,5,ok
phi4Ggq7a0g,Анализа: Онлајн екстремизам и говор на омраза во Македонија,"Follow Sitel Televizija on...
• WEB: http://sitel.com.mk/
• FB: https://smarturl.it/sitelFB
• IG: https://smarturl.it/SitelInstagram
• Tw: https://smarturl.it/SitelTwitter

© & ℗ Sitel Televizija All Rights Reserved",Сител Телевизија,2022-01-27 15:22:27+00:00,2022,379,2,11,18,довербата во системот,довербата во системот,mk,https://www.youtube.com/watch?v=phi4Ggq7a0g,Анализа: Онлајн екстремизам и говор на омраза во Македонија,Folloв Sitel Televiziјa on...,Анализа: Онлајн екстремизам и говор на омраза во Македонија — Folloв Sitel Televiziјa on...,Analysis: Online extremism and hate speech in Macedonia,Follow Sitel Television on...,Analysis: Online extremism and hate speech in Macedonia — Follow Sitel Television on...,Анализа: Онлајн екстремизам и говор на омраза во Македонија — Folloв Sitel Televiziјa on...,1,ok
DHWye1lbdOk,Петков и неговиот заменик го потврдуваат новото вето-  протести со порака дека Македонија е бугарска,,AlfaTV News,2022-05-21 12:29:47+00:00,2022,232,2,9,18,бугарско вето Македонија,бугарско вето Македонија,mk,https://www.youtube.com/watch?v=DHWye1lbdOk,Петков и неговиот заменик го потврдуваат новото вето- протести со порака дека Македонија е бугарска,,Петков и неговиот заменик го потврдуваат новото вето- протести со порака дека Македонија е бугарска,Petkov and his deputy confirm the new veto-protests with the message that Macedonia is Bulgarian,,Petkov and his deputy confirm the new veto-protests with the message that Macedonia is Bulgarian,Петков и неговиот заменик го потврдуваат новото вето- протести со порака дека Македонија е бугарска,3,ok
CIQppi4qfME,Петков се пожали на Би-Би-Си за Бугарите во Македонија,"Follow TV21 on...
• Web: https://tv21.mk & https://tv21.tv
• FB: https://smarturl.it/TV21Fb
• IG: https://smarturl.it/TV21IG
• Tw: https://smarturl.it/tv21Tw
• Телефон: 02/313-5630

© & ℗ TV21 & IN Media. All Rights Reserved",TV21,2022-02-12 16:09:32+00:00,2022,1594,9,7,18,бугарско вето Македонија,бугарско вето Македонија,mk,https://www.youtube.com/watch?v=CIQppi4qfME,Петков се пожали на Би-Би-Си за Бугарите во Македонија,Follow TV21 on... • Телефон: 02/313-5630,Петков се пожали на Би-Би-Си за Бугарите во Македонија — Follow TV21 on... • Телефон: 02/313-5630,Petkov complained to the BBC about the Bulgarians in Macedonia,Follow TV21 on... • Phone: 02/313-5630,Petkov complained to the BBC about the Bulgarians in Macedonia — Follow TV21 on... • Phone: 02/313-5630,Петков се пожали на Би-Би-Си за Бугарите во Македонија — Follow TV21 on... • Телефон: 02/313-5630,2,ok
b5DO_IlcZUQ,Македонија и Бугарија активно преговараат – има ли време да се постигне договор?,"Follow Sitel Televizija on...
• WEB: http://sitel.com.mk/
• FB: https://smarturl.it/sitelFB
• IG: https://smarturl.it/SitelInstagram
• Tw: https://smarturl.it/SitelTwitter

© & ℗ Sitel Televizija & IN Media. All Rights Reserved",Сител Телевизија,2020-10-28 11:37:09+00:00,2020,1011,8,7,18,бугарско вето Македонија,бугарско вето Македонија,mk,https://www.youtube.com/watch?v=b5DO_IlcZUQ,Македонија и Бугарија активно преговараат – има ли време да се постигне договор?,Folloв Sitel Televiziјa on...,Македонија и Бугарија активно преговараат – има ли време да се постигне договор? — Folloв Sitel Televiziјa on...,Macedonia and Bulgaria are actively negotiating - is there time to reach an agreement?,Follow Sitel Television on...,Macedonia and Bulgaria are actively negotiating - is there time to reach an agreement? — Follow Sitel Television on...,Македонија и Бугарија активно преговараат – има ли време да се постигне договор? — Folloв Sitel Televiziјa on...,4,ok
VGl25nYEDNM,Мицкоски: Македонија е на работ на уставно-политичка криза,,AlfaTV News,2023-10-19 13:25:44+00:00,2023,147,4,4,18,политичка криза Македонија,политичка криза Македонија,mk,https://www.youtube.com/watch?v=VGl25nYEDNM,Мицкоски: Македонија е на работ на уставно-политичка криза,,Мицкоски: Македонија е на работ на уставно-политичка криза,Mickoski: Macedonia is on the verge of a constitutional-political crisis,,Mickoski: Macedonia is on the verge of a constitutional-political crisis,Мицкоски: Македонија е на работ на уставно-политичка криза,2,ok
dXwBrkZVAdk,"Собранието ги усвои уставните измени, Македонија го менува уставното име","Web: http://sitel.com.mk/
Facebook: https://www.facebook.com/tvsitel.mk/
Twitter: https://twitter.com/SitelTV
Instagram: https://www.instagram.com/siteltelevision/

Copyright: OnAir Media Group; www.onair.mk",Сител Телевизија,2019-01-11 21:34:20+00:00,2019,2645,14,3,18,уставни измени Македонија,уставни измени Македонија,mk,https://www.youtube.com/watch?v=dXwBrkZVAdk,"Собранието ги усвои уставните измени, Македонија го менува уставното име",,"Собранието ги усвои уставните измени, Македонија го менува уставното име","The Parliament adopted the constitutional amendments, Macedonia changes its constitutional name",,"The Parliament adopted the constitutional amendments, Macedonia changes its constitutional name","Собранието ги усвои уставните измени, Македонија го менува уставното име",1,ok
9BdKcRbuPOk,Како се раскинува Преспански договор,Како се раскинува Преспански договор,Инфомакс,2024-05-31 18:02:48+00:00,2024,2354,61,3,18,Преспански договор; преспански договор,преспански договор,mk,https://www.youtube.com/watch?v=9BdKcRbuPOk,Како се раскинува Преспански договор,Како се раскинува Преспански договор,Како се раскинува Преспански договор — Како се раскинува Преспански договор,How is the Prespa agreement terminated?,How is the Prespa agreement terminated?,How is the Prespa agreement terminated? — How is the Prespa agreement terminated?,Како се раскинува Преспански договор — Како се раскинува Преспански договор,2,ok
5PpY4uXhr_I,Во Македонија бурни реакции за “францускиот предлог“,,Televizija 24,2022-06-22 15:02:12+00:00,2022,1152,6,3,18,француски предлог Македонија,француски предлог Македонија,mk,https://www.youtube.com/watch?v=5PpY4uXhr_I,Во Македонија бурни реакции за “францускиот предлог“,,Во Македонија бурни реакции за “францускиот предлог“,"Violent reactions to the ""French proposal"" in Macedonia",,"Violent reactions to the ""French proposal"" in Macedonia",Во Македонија бурни реакции за “францускиот предлог“,1,ok
lHKHx1ppuuA,АБЕР 71,Актуелности во Македонија и почеток на кампањата за локални избори 2025.,"Десна, Политичка партија ",2025-10-01 19:48:54+00:00,2025,682,49,2,18,политички настани Македонија,политички настани Македонија,mk,https://www.youtube.com/watch?v=lHKHx1ppuuA,АБЕР 71,Актуелности во Македонија и почеток на кампањата за локални избори 2025.,АБЕР 71 — Актуелности во Македонија и почеток на кампањата за локални избори 2025.,ABER 71,News in Macedonia and the beginning of the campaign for local elections 2025.,ABER 71 — News in Macedonia and the beginning of the campaign for local elections 2025.,АБЕР 71 — Актуелности во Македонија и почеток на кампањата за локални избори 2025.,1,ok
hN92roqqNY4,Анкета за Македонија: Голема поддршка за ЕУ и НАТО пред референдумот,,Televizija 24,2018-08-29 15:09:57+00:00,2018,531,1,2,18,интеграција во ЕУ Македонија,интеграција во ЕУ Македонија,mk,https://www.youtube.com/watch?v=hN92roqqNY4,Анкета за Македонија: Голема поддршка за ЕУ и НАТО пред референдумот,,Анкета за Македонија: Голема поддршка за ЕУ и НАТО пред референдумот,Poll for Macedonia: Great support for the EU and NATO before the referendum,,Poll for Macedonia: Great support for the EU and NATO before the referendum,Анкета за Македонија: Голема поддршка за ЕУ и НАТО пред референдумот,1,ok
_l9aC6St7b8,Прв состанок на Европската политичка заедница - Македонија очекува помош за енергетската криза,"Follow Sitel Televizija on...
• WEB: http://sitel.com.mk/
• FB: https://smarturl.it/sitelFB
• IG: https://smarturl.it/SitelInstagram
• Tw: https://smarturl.it/SitelTwitter

© & ℗ Sitel Televizija All Rights Reserved",Сител Телевизија,2022-10-06 17:09:13+00:00,2022,421,1,2,18,политичка криза Македонија,политичка криза Македонија,mk,https://www.youtube.com/watch?v=_l9aC6St7b8,Прв состанок на Европската политичка заедница - Македонија очекува помош за енергетската криза,Folloв Sitel Televiziјa on...,Прв состанок на Европската политичка заедница - Македонија очекува помош за енергетската криза — Folloв Sitel Televiziјa on...,First meeting of the European political community - Macedonia expects help for the energy crisis,Follow Sitel Television on...,First meeting of the European political community - Macedonia expects help for the energy crisis — Follow Sitel Television on...,Прв состанок на Европската политичка заедница - Македонија очекува помош за енергетската криза — Folloв Sitel Televiziјa on...,2,ok
eAZP0dgCWpA,Како си дозволивме воопшто да некој дискутира дали има македонски јазик и идентитет?,Како си дозволивме воопшто да некој дискутира дали има македонски јазик и идентитет?,Инфомакс,2025-06-29 11:23:02+00:00,2025,2565,45,1,18,македонски идентитет,македонски идентитет,mk,https://www.youtube.com/watch?v=eAZP0dgCWpA,Како си дозволивме воопшто да некој дискутира дали има македонски јазик и идентитет?,Како си дозволивме воопшто да некој дискутира дали има македонски јазик и идентитет?,Како си дозволивме воопшто да некој дискутира дали има македонски јазик и идентитет? — Како си дозволивме воопшто да некој дискутира дали има македонски јазик и идентитет?,How did we even allow anyone to discuss whether there is a Macedonian language and identity?,How did we even allow anyone to discuss whether there is a Macedonian language and identity?,How did we even allow anyone to discuss whether there is a Macedonian language and identity? — How did we even allow anyone to discuss whether there is a Macedonian language and identity?,Како си дозволивме воопшто да некој дискутира дали има македонски јазик и идентитет? — Како си дозволивме воопшто да некој дискутира дали има македонски јазик и идентитет?,1,ok
EnkJ81hoDJk,"Дури 71,5% од Грците се против „Македонија“ во името, пред две години беа 57%","Follow Kanal5 on...
• FB: https://smarturl.it/fb5
• IG: https://smarturl.it/Ig5
• Web: https://kanal5.com.mk/

© & ℗ Kanal5 & IN Media. All Rights Reserved",Канал 5 Телевизија,2018-02-04 14:26:20+00:00,2018,498,0,1,18,името на Македонија,името на Македонија,mk,https://www.youtube.com/watch?v=EnkJ81hoDJk,"Дури 71,5% од Грците се против „Македонија“ во името, пред две години беа 57%",Folloв Kanal5 on...,"Дури 71,5% од Грците се против „Македонија“ во името, пред две години беа 57% — Folloв Kanal5 on...","Even 71.5% of Greeks are against ""Macedonia"" in the name, two years ago it was 57%",Follow Kanal5 on...,"Even 71.5% of Greeks are against ""Macedonia"" in the name, two years ago it was 57% — Follow Kanal5 on...","Дури 71,5% од Грците се против „Македонија“ во името, пред две години беа 57% — Folloв Kanal5 on...",1,ok
N6TuHw8ZTfM,Танец: 75 години чувар на македонскиот културен идентитет,"Националниот ансамбл Танец прославува 75 години од постоењето. Седум и пол децении овој ансамбл е на нивото на задачата која му била доделена уште приформирањето. Да биде колекционер и чувар на традиционалните македонски ора, песни, носии и инструменти. 

ТРТ Балкан го посети „Танец“ и разговараше со директорката Весна Митевска за историјата на овој национален ансамбл, како и за неговата улога во зачувувањето и афирмирањето на македонскиот фолклор.

https://twitter.com/TRTBalkanMK
https://www.facebook.com/TRTBalkanMK
https://www.instagram.com/trtbalkanmk/",TRT Balkan Macedonian,2024-11-03 09:03:53+00:00,2024,358,3,1,18,културен идентитет; македонски идентитет; национален идентитет,македонски идентитет,mk,https://www.youtube.com/watch?v=N6TuHw8ZTfM,Танец: 75 години чувар на македонскиот културен идентитет,"Националниот ансамбл Танец прославува 75 години од постоењето. Седум и пол децении овој ансамбл е на нивото на задачата која му била доделена уште приформирањето. Да биде колекционер и чувар на традиционалните македонски ора, песни, носии и инструменти. ТРТ Балкан го посети „Танец“ и разговараше со директорката Весна Митевска за историјата на овој национален ансамбл, како и за неговата улога во зачувувањето и афирмирањето на македонскиот фолклор.","Танец: 75 години чувар на македонскиот културен идентитет — Националниот ансамбл Танец прославува 75 години од постоењето. Седум и пол децении овој ансамбл е на нивото на задачата која му била доделена уште приформирањето. Да биде колекционер и чувар на традиционалните македонски ора, песни, носии и инструменти. ТРТ Балкан го посети „Танец“ и разговараше со директорката Весна Митевска за историјата на овој национален ансамбл, како и за неговата улога во зачувувањето и афирмирањето на македонскиот фолклор.",Dance: 75 years of guardianship of the Macedonian cultural identity,"The National Dance Ensemble is celebrating 75 years of its existence. For seven and a half decades, this ensemble has been at the level of the task that was assigned to it since its formation. To be a collector and keeper of traditional Macedonian dances, songs, costumes and instruments. TRT Balkan visited ""Tanec"" and talked with the director Vesna Mitevska about the history of this national ensemble, as well as about its role in the preservation and affirmation of Macedonian folklore.","Dance: 75 years of guardianship of the Macedonian cultural identity — The National Dance Ensemble is celebrating 75 years of its existence. For seven and a half decades, this ensemble has been at the level of the task that was assigned to it since its formation. To be a collector and keeper of traditional Macedonian dances, songs, costumes and instruments. TRT Balkan visited ""Tanec"" and talked with the director Vesna Mitevska about the history of this national ensemble, as well as about its role in the preservation and affirmation of Macedonian folklore.","Танец: 75 години чувар на македонскиот културен идентитет — Националниот ансамбл Танец прославува 75 години од постоењето. Седум и пол децении овој ансамбл е на нивото на задачата која му била доделена уште приформирањето. Да биде колекционер и чувар на традиционалните македонски ора, песни, носии и инструменти. ТРТ Балкан го посети „Танец“ и разговараше со директорката Весна Митевска за историјата на овој национален ансамбл, како и за неговата улога во зачувувањето и афирмирањето на македонскиот фолклор.",1,ok
0E7YtQcl3pY,"Политиканти.мк Епизода 05 / Сезона 04 (10.10.2025) Гостин, Стево Пендаровски","🌐 https://politikanti.mk/ 
Следете нѐ на Facebook: https://www.facebook.com/politikanti 
Следете нѐ на Instagram: https://www.instagram.com/politikanti.mk/
Следете нѐ на Twitter: https://twitter.com/PolitikantiMK
Следете нѐ на TikTok: https://www.tiktok.com/@politikanti.mk
Следете нѐ на SoundCloud: https://soundcloud.com/politikanti  

🎙️ #politikanti #sasoordanoski #borjanjovanovski #политиканти #поткаст #сашоорданоски #борјанјовановски #politikantimk #стевопендаровски #stevopendarovski

01:53 Почеток на емисијата, Сашо и Борјан
09:18 Најава на гостинот, Стево Пендаровски",politikanti,2025-10-10 21:29:45+00:00,2025,10232,244,49,17,политички настани Македонија,политички настани Македонија,mk,https://www.youtube.com/watch?v=0E7YtQcl3pY,"Политиканти.мк Епизода 05 / Сезона 04 (10.10.2025) Гостин, Стево Пендаровски","🎙️ politikanti sasoordanoski borjanjovanovski политиканти поткаст сашоорданоски борјанјовановски politikantimk стевопендаровски stevopendarovski 01:53 Почеток на емисијата, Сашо и Борјан 09:18 Најава на гостинот, Стево Пендаровски","Политиканти.мк Епизода 05 / Сезона 04 (10.10.2025) Гостин, Стево Пендаровски — 🎙️ politikanti sasoordanoski borjanjovanovski политиканти поткаст сашоорданоски борјанјовановски politikantimk стевопендаровски stevopendarovski 01:53 Почеток на емисијата, Сашо и Борјан 09:18 Најава на гостинот, Стево Пендаровски","Politikanti.mk Episode 05 / Season 04 (10.10.2025) Guest, Stevo Pendarovski","🎙️ politikanti sasoordanoski borjanjovanovski politikanti podcast sasoordanoski borjanjovanovski politikantimk stevopendarovski stevopendarovski 01:53 Start of the show, Sasho and Borjan 09:18 Guest announcement, Stevo Pendarovski","Politikanti.mk Episode 05 / Season 04 (10.10.2025) Guest, Stevo Pendarovski — 🎙️ politikanti sasoordanoski borjanjovanovski politikanti podcast sasoordanoski borjanjovanovski politikantimk stevopendarovski stevopendarovski 01:53 Start of the show, Sasho and Borjan 09:18 Guest announcement, Stevo Pendarovski","Политиканти.мк Епизода 05 / Сезона 04 (10.10.2025) Гостин, Стево Пендаровски — 🎙️ politikanti sasoordanoski borjanjovanovski политиканти поткаст сашоорданоски борјанјовановски politikantimk стевопендаровски stevopendarovski 01:53 Почеток на емисијата, Сашо и Борјан 09:18 Најава на гостинот, Стево Пендаровски",33,ok
Hnjiou-0NXg,Со дополнет и проширен француски предлог бугарското Собрание го крена ветото за Македонија,"Follow Sitel Televizija on...
• WEB: http://sitel.com.mk/
• FB: https://smarturl.it/sitelFB
• IG: https://smarturl.it/SitelInstagram
• Tw: https://smarturl.it/SitelTwitter

© & ℗ Sitel Televizija All Rights Reserved",Сител Телевизија,2022-06-24 14:03:09+00:00,2022,1681,6,33,17,бугарско вето Македонија; француски предлог Македонија,бугарско вето Македонија,mk,https://www.youtube.com/watch?v=Hnjiou-0NXg,Со дополнет и проширен француски предлог бугарското Собрание го крена ветото за Македонија,Folloв Sitel Televiziјa on...,Со дополнет и проширен француски предлог бугарското Собрание го крена ветото за Македонија — Folloв Sitel Televiziјa on...,"With a supplemented and expanded French proposal, the Bulgarian Assembly lifted the veto for Macedonia",Follow Sitel Television on...,"With a supplemented and expanded French proposal, the Bulgarian Assembly lifted the veto for Macedonia — Follow Sitel Television on...",Со дополнет и проширен француски предлог бугарското Собрание го крена ветото за Македонија — Folloв Sitel Televiziјa on...,3,ok
wxmt09jAkN0,Радев од Брисел: Патот на Македонија кон ЕУ зависи само од дијалогот со Бугарија,"Follow Sitel Televizija on...
• WEB: http://sitel.com.mk/
• FB: https://smarturl.it/sitelFB
• IG: https://smarturl.it/SitelInstagram
• Tw: https://smarturl.it/SitelTwitter

© & ℗ Sitel Televizija All Rights Reserved",Сител Телевизија,2021-06-24 14:05:14+00:00,2021,1179,20,26,17,бугарско вето Македонија,бугарско вето Македонија,mk,https://www.youtube.com/watch?v=wxmt09jAkN0,Радев од Брисел: Патот на Македонија кон ЕУ зависи само од дијалогот со Бугарија,Folloв Sitel Televiziјa on...,Радев од Брисел: Патот на Македонија кон ЕУ зависи само од дијалогот со Бугарија — Folloв Sitel Televiziјa on...,Radev from Brussels: Macedonia's path to the EU depends only on the dialogue with Bulgaria,Follow Sitel Television on...,Radev from Brussels: Macedonia's path to the EU depends only on the dialogue with Bulgaria — Follow Sitel Television on...,Радев од Брисел: Патот на Македонија кон ЕУ зависи само од дијалогот со Бугарија — Folloв Sitel Televiziјa on...,11,ok
nax7I5J7rhU,“Модерен македонски јазик и идентитет” -  геноцид врз македонскиот народ!,ЕУ е спремна да го продолжи многу вековниот геноцид без македонскиот народ ако го дефинира како “модерен” македонски јазик и идентитет.,Ico Najdovski-Perin,2025-06-26 08:55:32+00:00,2025,740,27,21,17,македонски идентитет,македонски идентитет,mk,https://www.youtube.com/watch?v=nax7I5J7rhU,“Модерен македонски јазик и идентитет” - геноцид врз македонскиот народ!,ЕУ е спремна да го продолжи многу вековниот геноцид без македонскиот народ ако го дефинира како “модерен” македонски јазик и идентитет.,“Модерен македонски јазик и идентитет” - геноцид врз македонскиот народ! — ЕУ е спремна да го продолжи многу вековниот геноцид без македонскиот народ ако го дефинира како “модерен” македонски јазик и идентитет.,"""Modern Macedonian language and identity"" - genocide against the Macedonian people!","The EU is ready to continue the centuries-old genocide without the Macedonian people if it defines it as a ""modern"" Macedonian language and identity.","""Modern Macedonian language and identity"" - genocide against the Macedonian people! — The EU is ready to continue the centuries-old genocide without the Macedonian people if it defines it as a ""modern"" Macedonian language and identity.",“Модерен македонски јазик и идентитет” - геноцид врз македонскиот народ! — ЕУ е спремна да го продолжи многу вековниот геноцид без македонскиот народ ако го дефинира како “модерен” македонски јазик и идентитет.,14,ok
wzEdsVPq4uc,"Македонија домаќин на Самитот ЕУ-Западен Балкан, пораки за побрза интеграција на регионот","Follow Sitel Televizija on...
• WEB: http://sitel.com.mk/
• FB: https://www.facebook.com/sitelmk
• IG: https://www.instagram.com/sitel.tv/
• Tw: https://twitter.com/SitelTV
• TT: https://www.tiktok.com/@sitel.televizija

© & ℗ Sitel Televizija All Rights Reserved",Сител Телевизија,2025-07-01 10:30:33+00:00,2025,1339,2,14,17,интеграција во ЕУ Македонија,интеграција во ЕУ Македонија,mk,https://www.youtube.com/watch?v=wzEdsVPq4uc,"Македонија домаќин на Самитот ЕУ-Западен Балкан, пораки за побрза интеграција на регионот",Folloв Sitel Televiziјa on...,"Македонија домаќин на Самитот ЕУ-Западен Балкан, пораки за побрза интеграција на регионот — Folloв Sitel Televiziјa on...","Macedonia hosts the EU-Western Balkans Summit, messages for faster integration of the region",Follow Sitel Television on...,"Macedonia hosts the EU-Western Balkans Summit, messages for faster integration of the region — Follow Sitel Television on...","Македонија домаќин на Самитот ЕУ-Западен Балкан, пораки за побрза интеграција на регионот — Folloв Sitel Televiziјa on...",9,ok
iQhXca4517w,Ристо Никовски гостин во „Утро со Златев“ - Последните развои на настани со Бугарија,"Гостин  е долгогодишниот дипломат, Ристо Никовски, тема се последните развои на настани со Бугарија.",РАДИО ЛИДЕР,2022-02-10 11:43:34+00:00,2022,1535,17,13,17,политички настани Македонија,политички настани Македонија,mk,https://www.youtube.com/watch?v=iQhXca4517w,Ристо Никовски гостин во „Утро со Златев“ - Последните развои на настани со Бугарија,"Гостин е долгогодишниот дипломат, Ристо Никовски, тема се последните развои на настани со Бугарија.","Ристо Никовски гостин во „Утро со Златев“ - Последните развои на настани со Бугарија — Гостин е долгогодишниот дипломат, Ристо Никовски, тема се последните развои на настани со Бугарија.","Risto Nikovski guest in ""Morning with Zlatev"" - The latest developments in events with Bulgaria","The guest is the long-time diplomat, Risto Nikovski, the topic is the latest developments in events with Bulgaria.","Risto Nikovski guest in ""Morning with Zlatev"" - The latest developments in events with Bulgaria — The guest is the long-time diplomat, Risto Nikovski, the topic is the latest developments in events with Bulgaria.","Ристо Никовски гостин во „Утро со Златев“ - Последните развои на настани со Бугарија — Гостин е долгогодишниот дипломат, Ристо Никовски, тема се последните развои на настани со Бугарија.",7,ok
Jaf3eCj5Bk4,Бугарското Собрание го одобри францускиот предлог за Северна Македонија,,Televizija 24,2022-06-24 13:44:09+00:00,2022,545,3,10,17,француски предлог Македонија,француски предлог Македонија,mk,https://www.youtube.com/watch?v=Jaf3eCj5Bk4,Бугарското Собрание го одобри францускиот предлог за Северна Македонија,,Бугарското Собрание го одобри францускиот предлог за Северна Македонија,The Bulgarian Parliament approved the French proposal for North Macedonia,,The Bulgarian Parliament approved the French proposal for North Macedonia,Бугарското Собрание го одобри францускиот предлог за Северна Македонија,3,ok
Jj5_Ycwn-ig,Пендаровски: Македонија нема да пропадне ако ги внесеме Бугарите во Уставот,"Follow Sitel Televizija on...
• WEB: http://sitel.com.mk/
• FB: https://smarturl.it/sitelFB
• IG: https://smarturl.it/SitelInstagram
• Tw: https://smarturl.it/SitelTwitter

© & ℗ Sitel Televizija All Rights Reserved",Сител Телевизија,2023-01-12 11:01:02+00:00,2023,624,8,9,17,реформа на уставот Македонија,реформа на уставот Македонија,mk,https://www.youtube.com/watch?v=Jj5_Ycwn-ig,Пендаровски: Македонија нема да пропадне ако ги внесеме Бугарите во Уставот,Folloв Sitel Televiziјa on...,Пендаровски: Македонија нема да пропадне ако ги внесеме Бугарите во Уставот — Folloв Sitel Televiziјa on...,Pendarovski: Macedonia will not fail if we include the Bulgarians in the Constitution,Follow Sitel Television on...,Pendarovski: Macedonia will not fail if we include the Bulgarians in the Constitution — Follow Sitel Television on...,Пендаровски: Македонија нема да пропадне ако ги внесеме Бугарите во Уставот — Folloв Sitel Televiziјa on...,2,ok
uNLyHAAEu7g,Марјан Николовски: Денешниот бугарски национален идентитет го опфаќа македонскиот културен идентитет,"Тезите на Марjан: 
Не спорам дека денешниот бугарски национален идентитет го опфаќа македонскиот културен идентитет. Егзархијата не била само црква на Бугарите, туку и на Србите и Црногорците. Како што не можеме да зборуваме за македонски идентитет од пред 2000 години, не можеме да зборуваме ниту за континуиран бугарски идентитет од средниот век. Денешниот Бугарин и Бугаринот од 9 век не се исти Бугарин. 
- - - - - - - - - - - - - - - - - - - - - - - - - - - - 
Цялото видео на епизод 66: https://www.youtube.com/watch?v=vNjb2wAv3Ec
- - - - - - - - - - - - - - - - - - - - - - - - - - - - 

Join this channel to get access to perks:
https://www.youtube.com/channel/UCVHuCY7Bb5xBb3rTNJDeAEw/join",Коридор 8,2023-02-13 20:25:45+00:00,2023,738,27,8,17,културен идентитет; национален идентитет,национален идентитет,mk,https://www.youtube.com/watch?v=uNLyHAAEu7g,Марјан Николовски: Денешниот бугарски национален идентитет го опфаќа македонскиот културен идентитет,"Тезите на Марjан: Не спорам дека денешниот бугарски национален идентитет го опфаќа македонскиот културен идентитет. Егзархијата не била само црква на Бугарите, туку и на Србите и Црногорците. Како што не можеме да зборуваме за македонски идентитет од пред 2000 години, не можеме да зборуваме ниту за континуиран бугарски идентитет од средниот век. Денешниот Бугарин и Бугаринот од 9 век не се исти Бугарин. - - - - - - - - - - - - - - - - - - - - - - - - - - - - - - - - - - - - - - - - - - - - - - - - - - - - - - - - Join this channel to get access to perks:","Марјан Николовски: Денешниот бугарски национален идентитет го опфаќа македонскиот културен идентитет — Тезите на Марjан: Не спорам дека денешниот бугарски национален идентитет го опфаќа македонскиот културен идентитет. Егзархијата не била само црква на Бугарите, туку и на Србите и Црногорците. Како што не можеме да зборуваме за македонски идентитет од пред 2000 години, не можеме да зборуваме ниту за континуиран бугарски идентитет од средниот век. Денешниот Бугарин и Бугаринот од 9 век не се исти Бугарин. - - - - - - - - - - - - - - - - - - - - - - - - - - - - - - - - - - - - - - - - - - - - - - - - - - - - - - - - Join this channel to get access to perks:",Marjan Nikolovski: Today's Bulgarian national identity encompasses the Macedonian cultural identity,"Marjan's theses: I do not dispute that today's Bulgarian national identity includes the Macedonian cultural identity. The exarchate was not only the church of the Bulgarians, but also of the Serbs and Montenegrins. Just as we cannot speak of a Macedonian identity from 2000 years ago, we cannot speak of a continuous Bulgarian identity from the Middle Ages either. Today's Bulgarian and the Bulgarian of the 9th century are not the same Bulgarian. - - - - - - - - - - - - - - - - - - - - - - - - - - - - - - - - - - - - - - - - - - - - - - - - - - - - - - Join this channel to get access to perks:","Marjan Nikolovski: Today's Bulgarian national identity encompasses the Macedonian cultural identity — Marjan's theses: I do not dispute that today's Bulgarian national identity includes the Macedonian cultural identity. The exarchate was not only the church of the Bulgarians, but also of the Serbs and Montenegrins. Just as we cannot speak of a Macedonian identity from 2000 years ago, we cannot speak of a continuous Bulgarian identity from the Middle Ages either. Today's Bulgarian and the Bulgarian of the 9th century are not the same Bulgarian. - - - - - - - - - - - - - - - - - - - - - - - - - - - - - - - - - - - - - - - - - - - - - - - - - - - - - - Join this channel to get access to perks:","Марјан Николовски: Денешниот бугарски национален идентитет го опфаќа македонскиот културен идентитет — Тезите на Марjан: Не спорам дека денешниот бугарски национален идентитет го опфаќа македонскиот културен идентитет. Егзархијата не била само црква на Бугарите, туку и на Србите и Црногорците. Како што не можеме да зборуваме за македонски идентитет од пред 2000 години, не можеме да зборуваме ниту за континуиран бугарски идентитет од средниот век. Денешниот Бугарин и Бугаринот од 9 век не се исти Бугарин. - - - - - - - - - - - - - - - - - - - - - - - - - - - - - - - - - - - - - - - - - - - - - - - - - - - - - - - - Join this channel to get access to perks:",2,ok
4buAraR6g-s,"Велкоски:Францускиот предлог е непристоен,како и сите предлози кои Македонија ги добивала од ЕУ",,AlfaTV News,2022-07-09 12:43:24+00:00,2022,140,4,8,17,француски предлог Македонија,француски предлог Македонија,mk,https://www.youtube.com/watch?v=4buAraR6g-s,"Велкоски:Францускиот предлог е непристоен,како и сите предлози кои Македонија ги добивала од ЕУ",,"Велкоски:Францускиот предлог е непристоен,како и сите предлози кои Македонија ги добивала од ЕУ","Velkoski: The French proposal is indecent, like all proposals that Macedonia received from the EU",,"Velkoski: The French proposal is indecent, like all proposals that Macedonia received from the EU","Велкоски:Францускиот предлог е непристоен,како и сите предлози кои Македонија ги добивала од ЕУ",4,ok
A26nKi_5B44,Македонија во следните 20 години ќе загуби уште 200 000 жители?,"Follow Sitel Televizija on...
• WEB: http://sitel.com.mk/
• FB: https://smarturl.it/sitelFB
• IG: https://smarturl.it/SitelInstagram
• Tw: https://smarturl.it/SitelTwitter

© & ℗ Sitel Televizija All Rights Reserved",Сител Телевизија,2022-08-03 19:04:14+00:00,2022,1253,15,6,17,политички настани Македонија,политички настани Македонија,mk,https://www.youtube.com/watch?v=A26nKi_5B44,Македонија во следните 20 години ќе загуби уште 200 000 жители?,Folloв Sitel Televiziјa on...,Македонија во следните 20 години ќе загуби уште 200 000 жители? — Folloв Sitel Televiziјa on...,"Macedonia will lose another 200,000 inhabitants in the next 20 years?",Follow Sitel Television on...,"Macedonia will lose another 200,000 inhabitants in the next 20 years? — Follow Sitel Television on...",Македонија во следните 20 години ќе загуби уште 200 000 жители? — Folloв Sitel Televiziјa on...,2,ok
P11D7ynrit0,Пратениците обезбедија двотретинско мнозинство за уставни измени,"Осумина пратеници од ВМРО ДПМНЕ и нивната коалиција гласаа за пристапување кон уставни измени. Со двотретинско мнозинство зачекоривме кон западните сојузи, изјави премиерот Зоран Заев.
Објавено на https://www.slobodnaevropa.mk/a/29553518.html",Radio Slobodna Evropa na Makedonski,2018-10-20 06:15:18+00:00,2018,4714,14,4,17,уставни измени Македонија,уставни измени Македонија,mk,https://www.youtube.com/watch?v=P11D7ynrit0,Пратениците обезбедија двотретинско мнозинство за уставни измени,"Осумина пратеници од ВМРО ДПМНЕ и нивната коалиција гласаа за пристапување кон уставни измени. Со двотретинско мнозинство зачекоривме кон западните сојузи, изјави премиерот Зоран Заев.","Пратениците обезбедија двотретинско мнозинство за уставни измени — Осумина пратеници од ВМРО ДПМНЕ и нивната коалиција гласаа за пристапување кон уставни измени. Со двотретинско мнозинство зачекоривме кон западните сојузи, изјави премиерот Зоран Заев.",Deputies secured a two-thirds majority for constitutional amendments,"Eight MPs from VMRO DPMNE and their coalition voted for accession to constitutional amendments. With a two-thirds majority, we stepped towards Western alliances, said Prime Minister Zoran Zaev.","Deputies secured a two-thirds majority for constitutional amendments — Eight MPs from VMRO DPMNE and their coalition voted for accession to constitutional amendments. With a two-thirds majority, we stepped towards Western alliances, said Prime Minister Zoran Zaev.","Пратениците обезбедија двотретинско мнозинство за уставни измени — Осумина пратеници од ВМРО ДПМНЕ и нивната коалиција гласаа за пристапување кон уставни измени. Со двотретинско мнозинство зачекоривме кон западните сојузи, изјави премиерот Зоран Заев.",2,ok
DGk4infDKw8,Политичкиот проблем со името на Македонија повторно дел од квизот „Кој сака да биде милионер“,"Web: http://sitel.com.mk/
Facebook: https://www.facebook.com/tvsitel.mk/
Twitter: https://twitter.com/SitelTV
Instagram: https://www.instagram.com/siteltelevision/

Copyright: OnAir Media Group; www.onair.mk",Сител Телевизија,2018-07-18 14:18:46+00:00,2018,13495,54,2,17,името на Македонија,името на Македонија,mk,https://www.youtube.com/watch?v=DGk4infDKw8,Политичкиот проблем со името на Македонија повторно дел од квизот „Кој сака да биде милионер“,,Политичкиот проблем со името на Македонија повторно дел од квизот „Кој сака да биде милионер“,"The political problem with the name of Macedonia again part of the quiz ""Who wants to be a millionaire""",,"The political problem with the name of Macedonia again part of the quiz ""Who wants to be a millionaire""",Политичкиот проблем со името на Македонија повторно дел од квизот „Кој сака да биде милионер“,1,ok
yz2nIXw5M4A,"Од урбанистички и од хуман аспект во Скопје се живее со стрес | Мишко Ралев, архитект","За ова издание на серијалот интервјуа „Имаме неколку прашања за вас“ што ги објавуваме на порталот racin.mk. го избравме Музејот на современа уметност како вистинско место за да го направиме разговорот со Мишко Ралев, архитект и професор на факултет за архитектура и дизајн на American College во Скопје.

Познат лик во градот кој знае со своите мисли во врска со градот и во врска со пулсот на градот и неговото живеење, да ги претстави така за да ги добиваме најдобрите изнијансирани слики за тоа во каков град живееме.

Со Ралев разговараме за тоа дали Скопје е по мерка на неговите граѓани, за Скопје 2014 како вирус во организмот на градот.

Имаме и одговори на прашањата за политиката и архитектурата. Што е тоа што определува од таа врска, на политиката и архитектурата, дали ќе се изроди „франкенштајн“ или ќе се создаде дело во кое се споени убавината, духот на времето, фукционалноста.",Рацин.мк,2025-04-13 07:25:48+00:00,2025,1336,16,2,17,стрес во општеството,стрес во општеството,mk,https://www.youtube.com/watch?v=yz2nIXw5M4A,"Од урбанистички и од хуман аспект во Скопје се живее со стрес | Мишко Ралев, архитект","За ова издание на серијалот интервјуа „Имаме неколку прашања за вас“ што ги објавуваме на порталот racin.mk. го избравме Музејот на современа уметност како вистинско место за да го направиме разговорот со Мишко Ралев, архитект и професор на факултет за архитектура и дизајн на American College во Скопје. Познат лик во градот кој знае со своите мисли во врска со градот и во врска со пулсот на градот и неговото живеење, да ги претстави така за да ги добиваме најдобрите изнијансирани слики за тоа во каков град живееме. Со Ралев разговараме за тоа дали Скопје е по мерка на неговите граѓани, за Скопје 2014 како вирус во организмот на градот. Имаме и одговори на прашањата за политиката и архитектурата. Што е тоа што определува од таа врска, на политиката и архитектурата, дали ќе се изроди „франкенштајн“ или ќе се создаде дело во кое се споени убавината, духот на времето, фукционалноста.","Од урбанистички и од хуман аспект во Скопје се живее со стрес | Мишко Ралев, архитект — За ова издание на серијалот интервјуа „Имаме неколку прашања за вас“ што ги објавуваме на порталот racin.mk. го избравме Музејот на современа уметност како вистинско место за да го направиме разговорот со Мишко Ралев, архитект и професор на факултет за архитектура и дизајн на American College во Скопје. Познат лик во градот кој знае со своите мисли во врска со градот и во врска со пулсот на градот и неговото живеење, да ги претстави така за да ги добиваме најдобрите изнијансирани слики за тоа во каков град живееме. Со Ралев разговараме за тоа дали Скопје е по мерка на неговите граѓани, за Скопје 2014 како вирус во организмот на градот. Имаме и одговори на прашањата за политиката и архитектурата. Што е тоа што определува од таа врска, на политиката и архитектурата, дали ќе се изроди „франкенштајн“ или ќе се создаде дело во кое се споени убавината, духот на времето, фукционалноста.","From an urban and humane point of view, people live with stress in Skopje Mishko Ralev, architect","For this edition of the interview series ""We have a few questions for you"" that we publish on the racin.mk portal. we chose the Museum of Contemporary Art as the right place to have the conversation with Mishko Ralev, architect and professor at the Faculty of Architecture and Design at the American College in Skopje. A famous character in the city who knows his thoughts about the city and about the pulse of the city and its living, to present them so that we get the best nuanced pictures of what kind of city we live in. Ralev and I are talking about whether Skopje is up to the standards of its citizens, about Skopje 2014 as a virus in the city's organism. We also have answers to questions about politics and architecture. What is it that determines from that relationship, between politics and architecture, whether a ""Frankenstein"" will be born or a work will be created in which beauty, the spirit of the time, and functionality are combined.","From an urban and humane point of view, people live with stress in Skopje Mishko Ralev, architect — For this edition of the interview series ""We have a few questions for you"" that we publish on the racin.mk portal. we chose the Museum of Contemporary Art as the right place to have the conversation with Mishko Ralev, architect and professor at the Faculty of Architecture and Design at the American College in Skopje. A famous character in the city who knows his thoughts about the city and about the pulse of the city and its living, to present them so that we get the best nuanced pictures of what kind of city we live in. Ralev and I are talking about whether Skopje is up to the standards of its citizens, about Skopje 2014 as a virus in the city's organism. We also have answers to questions about politics and architecture. What is it that determines from that relationship, between politics and architecture, whether a ""Frankenstein"" will be born or a work will be created in which beauty, the spirit of the time, and functionality are combined.","Од урбанистички и од хуман аспект во Скопје се живее со стрес | Мишко Ралев, архитект — За ова издание на серијалот интервјуа „Имаме неколку прашања за вас“ што ги објавуваме на порталот racin.mk. го избравме Музејот на современа уметност како вистинско место за да го направиме разговорот со Мишко Ралев, архитект и професор на факултет за архитектура и дизајн на American College во Скопје. Познат лик во градот кој знае со своите мисли во врска со градот и во врска со пулсот на градот и неговото живеење, да ги претстави така за да ги добиваме најдобрите изнијансирани слики за тоа во каков град живееме. Со Ралев разговараме за тоа дали Скопје е по мерка на неговите граѓани, за Скопје 2014 како вирус во организмот на градот. Имаме и одговори на прашањата за политиката и архитектурата. Што е тоа што определува од таа врска, на политиката и архитектурата, дали ќе се изроди „франкенштајн“ или ќе се создаде дело во кое се споени убавината, духот на времето, фукционалноста.",1,ok
wtDqBCm_9-Y,Во Собранието „Рос рот“  семинар посветен на евроатланската интеграција,"Follow Kanal5 on...
• FB: https://smarturl.it/fb5
• IG: https://smarturl.it/Ig5
• Web: https://kanal5.com.mk/

© & ℗ Kanal5 & IN Media. All Rights Reserved



Владата е задоволна од одлуката на Европската унија и ја толкува како веќе добиен датум за почеток на преговорите во јуни следната година.",Канал 5 Телевизија,2018-06-27 13:45:40+00:00,2018,451,1,2,17,интеграција во ЕУ Македонија,интеграција во ЕУ Македонија,mk,https://www.youtube.com/watch?v=wtDqBCm_9-Y,Во Собранието „Рос рот“ семинар посветен на евроатланската интеграција,Follow Kanal5 on... Владата е задоволна од одлуката на Европската унија и ја толкува како веќе добиен датум за почеток на преговорите во јуни следната година.,Во Собранието „Рос рот“ семинар посветен на евроатланската интеграција — Follow Kanal5 on... Владата е задоволна од одлуката на Европската унија и ја толкува како веќе добиен датум за почеток на преговорите во јуни следната година.,"A seminar dedicated to Euro-Atlantic integration was held in the ""Ros Rot"" Assembly",Follow Kanal5 on... The government is satisfied with the decision of the European Union and interprets it as an already received date for the start of negotiations in June next year.,"A seminar dedicated to Euro-Atlantic integration was held in the ""Ros Rot"" Assembly — Follow Kanal5 on... The government is satisfied with the decision of the European Union and interprets it as an already received date for the start of negotiations in June next year.",Во Собранието „Рос рот“ семинар посветен на евроатланската интеграција — Follow Kanal5 on... Владата е задоволна од одлуката на Европската унија и ја толкува како веќе добиен датум за почеток на преговорите во јуни следната година.,1,ok
g3gDP01fRqU,"Заев: Македонскиот јазик е потврден, нашиот идентитет е потврден","Follow Kanal5 on...
• FB: https://smarturl.it/fb5
• IG: https://smarturl.it/Ig5
• Web: https://kanal5.com.mk/

© & ℗ Kanal5 & IN Media. All Rights Reserved



Телефонски разговор со Ципрас најдоцна до петок, потпишување на договорот, ратификација во парламентот, датум за почеток на преговорите, покана за членство во НАТО и референдум наесен.",Канал 5 Телевизија,2018-05-30 12:52:13+00:00,2018,305,5,2,17,македонски идентитет,македонски идентитет,mk,https://www.youtube.com/watch?v=g3gDP01fRqU,"Заев: Македонскиот јазик е потврден, нашиот идентитет е потврден","Follow Kanal5 on... Телефонски разговор со Ципрас најдоцна до петок, потпишување на договорот, ратификација во парламентот, датум за почеток на преговорите, покана за членство во НАТО и референдум наесен.","Заев: Македонскиот јазик е потврден, нашиот идентитет е потврден — Follow Kanal5 on... Телефонски разговор со Ципрас најдоцна до петок, потпишување на договорот, ратификација во парламентот, датум за почеток на преговорите, покана за членство во НАТО и референдум наесен.","Zaev: The Macedonian language is confirmed, our identity is confirmed","Follow Kanal5 on... Telephone conversation with Tsipras by Friday at the latest, signing of the agreement, ratification in the parliament, date for the start of negotiations, invitation to NATO membership and referendum in the fall.","Zaev: The Macedonian language is confirmed, our identity is confirmed — Follow Kanal5 on... Telephone conversation with Tsipras by Friday at the latest, signing of the agreement, ratification in the parliament, date for the start of negotiations, invitation to NATO membership and referendum in the fall.","Заев: Македонскиот јазик е потврден, нашиот идентитет е потврден — Follow Kanal5 on... Телефонски разговор со Ципрас најдоцна до петок, потпишување на договорот, ратификација во парламентот, датум за почеток на преговорите, покана за членство во НАТО и референдум наесен.",2,ok
ouUKsTHlGFc,"Заев: Името С.Македонија се однесува на политички субјект, а не на територијални, ниту малцинси","Follow TV21 on...
• Web: https://tv21.mk & https://tv21.tv
• FB: https://smarturl.it/TV21Fb
• IG: https://smarturl.it/TV21IG
• Tw: https://smarturl.it/tv21Tw
• Телефон: 02/313-5630

© & ℗ TV21 & IN Media. All Rights Reserved",TV21,2020-11-17 21:08:03+00:00,2020,122,0,2,17,името на Македонија,името на Македонија,mk,https://www.youtube.com/watch?v=ouUKsTHlGFc,"Заев: Името С.Македонија се однесува на политички субјект, а не на територијални, ниту малцинси",Follow TV21 on... • Телефон: 02/313-5630,"Заев: Името С.Македонија се однесува на политички субјект, а не на територијални, ниту малцинси — Follow TV21 on... • Телефон: 02/313-5630","Zaev: The name S.Macedonia refers to a political entity, not territorial or minorities",Follow TV21 on... • Phone: 02/313-5630,"Zaev: The name S.Macedonia refers to a political entity, not territorial or minorities — Follow TV21 on... • Phone: 02/313-5630","Заев: Името С.Македонија се однесува на политички субјект, а не на територијални, ниту малцинси — Follow TV21 on... • Телефон: 02/313-5630",1,ok
jQQGufDhmwA,VO CENTAR Francusko Rambuje za Makedonija!,ВО ЦЕНТАР Француско Рамбује за Македонија!,Vasko Eftov,2022-06-30 20:00:54+00:00,2022,74428,680,57,16,француски предлог Македонија,француски предлог Македонија,mk,https://www.youtube.com/watch?v=jQQGufDhmwA,VO ЦENTAR Franцusko Rambuјe za Makedoniјa!,ВО ЦЕНТАР Француско Рамбује за Македонија!,VO ЦENTAR Franцusko Rambuјe za Makedoniјa! — ВО ЦЕНТАР Француско Рамбује за Македонија!,VO CENTAR France Rambuje za Makedonija!,IN THE CENTER French Rambouillet for Macedonia!,VO CENTAR France Rambuje za Makedonija! — IN THE CENTER French Rambouillet for Macedonia!,VO ЦENTAR Franцusko Rambuјe za Makedoniјa! — ВО ЦЕНТАР Француско Рамбује за Македонија!,31,ok
vB9sIcT1NHc,Протест за одбрана на името Македонија,,MAKFAX,2018-02-27 21:49:44+00:00,2018,11286,81,31,16,името на Македонија,името на Македонија,mk,https://www.youtube.com/watch?v=vB9sIcT1NHc,Протест за одбрана на името Македонија,,Протест за одбрана на името Македонија,Protest in defense of the name Macedonia,,Protest in defense of the name Macedonia,Протест за одбрана на името Македонија,10,ok
z_t_YykWBgQ,Радев: Македонија гради идентитет врз фалсификуваната комунистичка историја,"Follow Sitel Televizija on...
• WEB: http://sitel.com.mk/
• FB: https://smarturl.it/sitelFB
• IG: https://smarturl.it/SitelInstagram
• Tw: https://smarturl.it/SitelTwitter

© & ℗ Sitel Televizija All Rights Reserved",Сител Телевизија,2022-04-21 10:05:54+00:00,2022,1409,11,27,16,национален идентитет,национален идентитет,mk,https://www.youtube.com/watch?v=z_t_YykWBgQ,Радев: Македонија гради идентитет врз фалсификуваната комунистичка историја,Folloв Sitel Televiziјa on...,Радев: Македонија гради идентитет врз фалсификуваната комунистичка историја — Folloв Sitel Televiziјa on...,Radev: Macedonia is building an identity on the falsified communist history,Follow Sitel Television on...,Radev: Macedonia is building an identity on the falsified communist history — Follow Sitel Television on...,Радев: Македонија гради идентитет врз фалсификуваната комунистичка историја — Folloв Sitel Televiziјa on...,6,ok
v9skudDPncQ,Макрон: Мислам дека имаме прифатливо решение и за Македонија и за Бугарија,,Televizija 24,2022-06-30 16:11:59+00:00,2022,814,3,17,16,француски предлог Македонија,француски предлог Македонија,mk,https://www.youtube.com/watch?v=v9skudDPncQ,Макрон: Мислам дека имаме прифатливо решение и за Македонија и за Бугарија,,Макрон: Мислам дека имаме прифатливо решение и за Македонија и за Бугарија,Macron: I think we have an acceptable solution for both Macedonia and Bulgaria,,Macron: I think we have an acceptable solution for both Macedonia and Bulgaria,Макрон: Мислам дека имаме прифатливо решение и за Македонија и за Бугарија,5,ok
4R43TX2g-3M,Бугарските пратеници ја усвоија декларацијата за Македонија,"Follow Sitel Televizija on...
• WEB: http://sitel.com.mk/
• FB: https://smarturl.it/sitelFB
• IG: https://smarturl.it/SitelInstagram
• Tw: https://smarturl.it/SitelTwitter

© & ℗ Sitel Televizija All Rights Reserved",Сител Телевизија,2023-02-02 15:06:30+00:00,2023,874,6,14,16,бугарско вето Македонија,бугарско вето Македонија,mk,https://www.youtube.com/watch?v=4R43TX2g-3M,Бугарските пратеници ја усвоија декларацијата за Македонија,Folloв Sitel Televiziјa on...,Бугарските пратеници ја усвоија декларацијата за Македонија — Folloв Sitel Televiziјa on...,The Bulgarian MPs adopted the declaration for Macedonia,Follow Sitel Television on...,The Bulgarian MPs adopted the declaration for Macedonia — Follow Sitel Television on...,Бугарските пратеници ја усвоија декларацијата за Македонија — Folloв Sitel Televiziјa on...,3,ok
Ak8vrIzVrKk,Велиновска во #ТешкиМуабети: Груевски му рече НЕ на Бајден за промена на името!,Велиновска во #ТешкиМуабети: Груевски му рече НЕ на Бајден за промена на името!,Инфомакс,2023-11-15 14:31:06+00:00,2023,7822,189,13,16,името на Македонија,името на Македонија,mk,https://www.youtube.com/watch?v=Ak8vrIzVrKk,Велиновска во ТешкиМуабети: Груевски му рече НЕ на Бајден за промена на името!,Велиновска во ТешкиМуабети: Груевски му рече НЕ на Бајден за промена на името!,Велиновска во ТешкиМуабети: Груевски му рече НЕ на Бајден за промена на името! — Велиновска во ТешкиМуабети: Груевски му рече НЕ на Бајден за промена на името!,Velinovska in TeškiUabeti: Gruevski said NO to Biden about changing his name!,Velinovska in TeškiUabeti: Gruevski said NO to Biden about changing his name!,Velinovska in TeškiUabeti: Gruevski said NO to Biden about changing his name! — Velinovska in TeškiUabeti: Gruevski said NO to Biden about changing his name!,Велиновска во ТешкиМуабети: Груевски му рече НЕ на Бајден за промена на името! — Велиновска во ТешкиМуабети: Груевски му рече НЕ на Бајден за промена на името!,8,ok
HZQ4TYsd_hI,„Двојното убиство е колективна траума“: Трилинг ги анализира психолошките елементи по трагедијата,,Triling,2023-12-08 20:59:15+00:00,2023,4258,16,4,16,колективна траума,колективна траума,mk,https://www.youtube.com/watch?v=HZQ4TYsd_hI,„Двојното убиство е колективна траума“: Трилинг ги анализира психолошките елементи по трагедијата,,„Двојното убиство е колективна траума“: Трилинг ги анализира психолошките елементи по трагедијата,"""Double homicide is a collective trauma"": Trilling analyzes the psychological elements after the tragedy",,"""Double homicide is a collective trauma"": Trilling analyzes the psychological elements after the tragedy",„Двојното убиство е колективна траума“: Трилинг ги анализира психолошките елементи по трагедијата,1,ok
2bkqdYmpmg0,Прашањето за името на Македонија мора да биде разгледано од советот за безбедност,,Televizija 24,2019-01-15 16:25:00+00:00,2019,376,6,2,16,името на Македонија,името на Македонија,mk,https://www.youtube.com/watch?v=2bkqdYmpmg0,Прашањето за името на Македонија мора да биде разгледано од советот за безбедност,,Прашањето за името на Македонија мора да биде разгледано од советот за безбедност,The issue of Macedonia's name must be considered by the Security Council,,The issue of Macedonia's name must be considered by the Security Council,Прашањето за името на Македонија мора да биде разгледано од советот за безбедност,1,ok
cp0Qf8ewG0Q,„Македонија во Европа во 2030“ – се воведува нова преговарачка рамка,"Follow TV21 on...
• Web: https://tv21.mk & https://tv21.tv
• FB: https://smarturl.it/TV21Fb
• IG: https://smarturl.it/TV21IG
• Tw: https://smarturl.it/tv21Tw
• Телефон: 02/313-5630

© & ℗ TV21 & IN Media. All Rights Reserved",TV21,2022-09-05 18:38:00+00:00,2022,253,1,2,16,реформа на уставот Македонија,реформа на уставот Македонија,mk,https://www.youtube.com/watch?v=cp0Qf8ewG0Q,„Македонија во Европа во 2030“ – се воведува нова преговарачка рамка,Follow TV21 on... • Телефон: 02/313-5630,„Македонија во Европа во 2030“ – се воведува нова преговарачка рамка — Follow TV21 on... • Телефон: 02/313-5630,"""Macedonia in Europe in 2030"" – a new negotiation framework is being introduced",Follow TV21 on... • Phone: 02/313-5630,"""Macedonia in Europe in 2030"" – a new negotiation framework is being introduced — Follow TV21 on... • Phone: 02/313-5630",„Македонија во Европа во 2030“ – се воведува нова преговарачка рамка — Follow TV21 on... • Телефон: 02/313-5630,2,ok
_RTMtkuv91c,Попладнево продолжуваат преговорите во Њујорк,"Follow Kanal5 on...
• FB: https://smarturl.it/fb5
• IG: https://smarturl.it/Ig5
• Web: https://kanal5.com.mk/

© & ℗ Kanal5 & IN Media. All Rights Reserved



Во преговорите не одиме да дадеме нешто, туку одиме да земеме назад нешто што е дадено пред 70 години, изјави денеска Грчкиот премиер Алексис Ципрас од Солун, по средбата со солунскиот градоначалник, Јанис Бутарис.",Канал 5 Телевизија,2018-05-25 12:59:14+00:00,2018,750,3,1,16,Преспански договор; преспански договор,преспански договор,mk,https://www.youtube.com/watch?v=_RTMtkuv91c,Попладнево продолжуваат преговорите во Њујорк,"Follow Kanal5 on... Во преговорите не одиме да дадеме нешто, туку одиме да земеме назад нешто што е дадено пред 70 години, изјави денеска Грчкиот премиер Алексис Ципрас од Солун, по средбата со солунскиот градоначалник, Јанис Бутарис.","Попладнево продолжуваат преговорите во Њујорк — Follow Kanal5 on... Во преговорите не одиме да дадеме нешто, туку одиме да земеме назад нешто што е дадено пред 70 години, изјави денеска Грчкиот премиер Алексис Ципрас од Солун, по средбата со солунскиот градоначалник, Јанис Бутарис.",Negotiations continue in New York this afternoon,"Follow Kanal5 on... In the negotiations, we are not going to give something, but we are going to take back something that was given 70 years ago, Greek Prime Minister Alexis Tsipras said today from Thessaloniki, after the meeting with Thessaloniki's mayor, Yannis Butaris.","Negotiations continue in New York this afternoon — Follow Kanal5 on... In the negotiations, we are not going to give something, but we are going to take back something that was given 70 years ago, Greek Prime Minister Alexis Tsipras said today from Thessaloniki, after the meeting with Thessaloniki's mayor, Yannis Butaris.","Попладнево продолжуваат преговорите во Њујорк — Follow Kanal5 on... Во преговорите не одиме да дадеме нешто, туку одиме да земеме назад нешто што е дадено пред 70 години, изјави денеска Грчкиот премиер Алексис Ципрас од Солун, по средбата со солунскиот градоначалник, Јанис Бутарис.",1,ok
1QnKdPN4CP0,"Тема на денот: Што добива, а што губи Македонија со францускиот предлог?","Follow Sitel Televizija on...
• WEB: http://sitel.com.mk/
• FB: https://smarturl.it/sitelFB
• IG: https://smarturl.it/SitelInstagram
• Tw: https://smarturl.it/SitelTwitter

© & ℗ Sitel Televizija All Rights Reserved",Сител Телевизија,2022-07-02 18:25:29+00:00,2022,17575,122,263,15,француски предлог Македонија,француски предлог Македонија,mk,https://www.youtube.com/watch?v=1QnKdPN4CP0,"Тема на денот: Што добива, а што губи Македонија со францускиот предлог?",Folloв Sitel Televiziјa on...,"Тема на денот: Што добива, а што губи Македонија со францускиот предлог? — Folloв Sitel Televiziјa on...",Topic of the day: What does Macedonia gain and what does it lose with the French proposal?,Follow Sitel Television on...,Topic of the day: What does Macedonia gain and what does it lose with the French proposal? — Follow Sitel Television on...,"Тема на денот: Што добива, а што губи Македонија со францускиот предлог? — Folloв Sitel Televiziјa on...",41,ok
CK8MA3OnX9U,🗣️ Николовски: Колоквијална употреба на името Македонија #политиканти,,politikanti,2024-04-30 11:16:11+00:00,2024,42291,416,29,15,името на Македонија,името на Македонија,mk,https://www.youtube.com/watch?v=CK8MA3OnX9U,🗣️ Николовски: Колоквијална употреба на името Македонија политиканти,,🗣️ Николовски: Колоквијална употреба на името Македонија политиканти,🗣️ Nikolovski: Colloquial use of the name Macedonia politicians,,🗣️ Nikolovski: Colloquial use of the name Macedonia politicians,🗣️ Николовски: Колоквијална употреба на името Македонија политиканти,12,ok
c0Axfer7QC0,Анализа: Какви опции има Македонија на евроинтегративниот пат по се поизвесното вето од Бугарија,"Follow Sitel Televizija on...
• WEB: http://sitel.com.mk/
• FB: https://smarturl.it/sitelFB
• IG: https://smarturl.it/SitelInstagram
• Tw: https://smarturl.it/SitelTwitter

© & ℗ Sitel Televizija & IN Media. All Rights Reserved",Сител Телевизија,2020-12-06 20:38:30+00:00,2020,858,1,25,15,бугарско вето Македонија,бугарско вето Македонија,mk,https://www.youtube.com/watch?v=c0Axfer7QC0,Анализа: Какви опции има Македонија на евроинтегративниот пат по се поизвесното вето од Бугарија,Folloв Sitel Televiziјa on...,Анализа: Какви опции има Македонија на евроинтегративниот пат по се поизвесното вето од Бугарија — Folloв Sitel Televiziјa on...,Analysis: What options does Macedonia have on the European integration path after the increasingly certain veto from Bulgaria,Follow Sitel Television on...,Analysis: What options does Macedonia have on the European integration path after the increasingly certain veto from Bulgaria — Follow Sitel Television on...,Анализа: Какви опции има Македонија на евроинтегративниот пат по се поизвесното вето од Бугарија — Folloв Sitel Televiziјa on...,4,ok
yu7i_tI2gN4,Состанок на коалицискиот совет за бугарското вето за Македонија - што велат аналитичарите?,"Follow Sitel Televizija on...
• WEB: http://sitel.com.mk/
• FB: https://smarturl.it/sitelFB
• IG: https://smarturl.it/SitelInstagram
• Tw: https://smarturl.it/SitelTwitter

© & ℗ Sitel Televizija All Rights Reserved",Сител Телевизија,2022-05-27 19:07:47+00:00,2022,843,4,16,15,бугарско вето Македонија,бугарско вето Македонија,mk,https://www.youtube.com/watch?v=yu7i_tI2gN4,Состанок на коалицискиот совет за бугарското вето за Македонија - што велат аналитичарите?,Folloв Sitel Televiziјa on...,Состанок на коалицискиот совет за бугарското вето за Македонија - што велат аналитичарите? — Folloв Sitel Televiziјa on...,Meeting of the coalition council on the Bulgarian veto for Macedonia - what do the analysts say?,Follow Sitel Television on...,Meeting of the coalition council on the Bulgarian veto for Macedonia - what do the analysts say? — Follow Sitel Television on...,Состанок на коалицискиот совет за бугарското вето за Македонија - што велат аналитичарите? — Folloв Sitel Televiziјa on...,4,ok
pmyVHqFlKyw,Анализа: Какви опции има Македонија на евроинтегративниот пат по се поизвесното вето од Бугарија,"Follow Sitel Televizija on...
• WEB: http://sitel.com.mk/
• FB: https://smarturl.it/sitelFB
• IG: https://smarturl.it/SitelInstagram
• Tw: https://smarturl.it/SitelTwitter

© & ℗ Sitel Televizija & IN Media. All Rights Reserved",Сител Телевизија,2020-12-06 20:26:48+00:00,2020,1086,9,15,15,бугарско вето Македонија,бугарско вето Македонија,mk,https://www.youtube.com/watch?v=pmyVHqFlKyw,Анализа: Какви опции има Македонија на евроинтегративниот пат по се поизвесното вето од Бугарија,Folloв Sitel Televiziјa on...,Анализа: Какви опции има Македонија на евроинтегративниот пат по се поизвесното вето од Бугарија — Folloв Sitel Televiziјa on...,Analysis: What options does Macedonia have on the European integration path after the increasingly certain veto from Bulgaria,Follow Sitel Television on...,Analysis: What options does Macedonia have on the European integration path after the increasingly certain veto from Bulgaria — Follow Sitel Television on...,Анализа: Какви опции има Македонија на евроинтегративниот пат по се поизвесното вето од Бугарија — Folloв Sitel Televiziјa on...,3,ok
8LElTnBX6aA,ВИДЕО - Прилеп против францускиот предлог - Повик: Нема да има други денови за спас на Македонија,,Info Kompas,2022-07-04 18:58:59+00:00,2022,2399,17,12,15,француски предлог Македонија,француски предлог Македонија,mk,https://www.youtube.com/watch?v=8LElTnBX6aA,ВИДЕО - Прилеп против францускиот предлог - Повик: Нема да има други денови за спас на Македонија,,ВИДЕО - Прилеп против францускиот предлог - Повик: Нема да има други денови за спас на Македонија,VIDEO - Prilep against the French proposal - Call: There will be no other days to save Macedonia,,VIDEO - Prilep against the French proposal - Call: There will be no other days to save Macedonia,ВИДЕО - Прилеп против францускиот предлог - Повик: Нема да има други денови за спас на Македонија,5,ok
npzxbI-fJi8,Илина Ведран - Соочување со стравот од непознатото,Што се случува кога треба да донесете одлука која може да ве одведе во сосема нов правец?,Ilina Vedran,2018-04-17 10:11:32+00:00,2018,1136,51,7,15,колективна траума,колективна траума,mk,https://www.youtube.com/watch?v=npzxbI-fJi8,Илина Ведран - Соочување со стравот од непознатото,Што се случува кога треба да донесете одлука која може да ве одведе во сосема нов правец?,Илина Ведран - Соочување со стравот од непознатото — Што се случува кога треба да донесете одлука која може да ве одведе во сосема нов правец?,Ilina Vedran - Facing the fear of the unknown,What happens when you have to make a decision that can take you in a whole new direction?,Ilina Vedran - Facing the fear of the unknown — What happens when you have to make a decision that can take you in a whole new direction?,Илина Ведран - Соочување со стравот од непознатото — Што се случува кога треба да донесете одлука која може да ве одведе во сосема нов правец?,6,ok
ZpRSFEVrr98,ЕУ нема да се меша: Ниту анекс не е гаранција дека Македонија ќе се спаси од бугарска блокада,,AlfaTV News,2020-10-28 13:37:19+00:00,2020,626,1,7,15,политички настани Македонија,политички настани Македонија,mk,https://www.youtube.com/watch?v=ZpRSFEVrr98,ЕУ нема да се меша: Ниту анекс не е гаранција дека Македонија ќе се спаси од бугарска блокада,,ЕУ нема да се меша: Ниту анекс не е гаранција дека Македонија ќе се спаси од бугарска блокада,The EU will not interfere: Not even an annex is a guarantee that Macedonia will be saved from the Bulgarian blockade,,The EU will not interfere: Not even an annex is a guarantee that Macedonia will be saved from the Bulgarian blockade,ЕУ нема да се меша: Ниту анекс не е гаранција дека Македонија ќе се спаси од бугарска блокада,2,ok
-hf8VtgXYPo,Апасиев - како да се поништи преспански?,"Нека не ве лаже ДПМНЕ дека за поништување на преспанскиот договор се потребни 80 пратеници + бадентер. Тоа тие го велат бидејќи немаат политичка волја да го поништат тој договор. 
Професорот Димитар Апасиев ги објаснува сите начини на кои преспанскиот договор може да се поништи.

#ЛевицаВоПарламент
#Заокружи4",Црвена Младина,2020-06-27 11:09:05+00:00,2020,5258,99,6,15,Преспански договор; преспански договор,преспански договор,mk,https://www.youtube.com/watch?v=-hf8VtgXYPo,Апасиев - како да се поништи преспански?,Нека не ве лаже ДПМНЕ дека за поништување на преспанскиот договор се потребни 80 пратеници + бадентер. Тоа тие го велат бидејќи немаат политичка волја да го поништат тој договор. Професорот Димитар Апасиев ги објаснува сите начини на кои преспанскиот договор може да се поништи. ЛевицаВоПарламент Заокружи4,Апасиев - како да се поништи преспански? — Нека не ве лаже ДПМНЕ дека за поништување на преспанскиот договор се потребни 80 пратеници + бадентер. Тоа тие го велат бидејќи немаат политичка волја да го поништат тој договор. Професорот Димитар Апасиев ги објаснува сите начини на кои преспанскиот договор може да се поништи. ЛевицаВоПарламент Заокружи4,Apasiev - how to cancel Prespanski?,Don't let DPMNE lie to you that 80 MPs + Badenter are needed to cancel the Prespa agreement. They say that because they do not have the political will to cancel that agreement. Professor Dimitar Apasiev explains all the ways in which the Prespa agreement can be annulled. Left In Parliament Circle 4,Apasiev - how to cancel Prespanski? — Don't let DPMNE lie to you that 80 MPs + Badenter are needed to cancel the Prespa agreement. They say that because they do not have the political will to cancel that agreement. Professor Dimitar Apasiev explains all the ways in which the Prespa agreement can be annulled. Left In Parliament Circle 4,Апасиев - како да се поништи преспански? — Нека не ве лаже ДПМНЕ дека за поништување на преспанскиот договор се потребни 80 пратеници + бадентер. Тоа тие го велат бидејќи немаат политичка волја да го поништат тој договор. Професорот Димитар Апасиев ги објаснува сите начини на кои преспанскиот договор може да се поништи. ЛевицаВоПарламент Заокружи4,2,ok
XS8MEfACVvA,Што ќе се промени кога ќе се промени името на Македонија! Секој Македонец да,,Macedonian Heritage,2018-12-18 14:41:40+00:00,2018,917,17,5,15,името на Македонија,името на Македонија,mk,https://www.youtube.com/watch?v=XS8MEfACVvA,Што ќе се промени кога ќе се промени името на Македонија! Секој Македонец да,,Што ќе се промени кога ќе се промени името на Македонија! Секој Македонец да,What will change when the name of Macedonia is changed! Every Macedonian yes,,What will change when the name of Macedonia is changed! Every Macedonian yes,Што ќе се промени кога ќе се промени името на Македонија! Секој Македонец да,3,ok
ca7ykxHhlgs,"Експерти: ништо не е завршено, на Македонија можеби веќе и се подготвува нов погубен предлог",,AlfaTV News,2022-06-27 13:21:21+00:00,2022,254,0,5,15,француски предлог Македонија,француски предлог Македонија,mk,https://www.youtube.com/watch?v=ca7ykxHhlgs,"Експерти: ништо не е завршено, на Македонија можеби веќе и се подготвува нов погубен предлог",,"Експерти: ништо не е завршено, на Македонија можеби веќе и се подготвува нов погубен предлог","Experts: nothing is finished, Macedonia may already be preparing a new disastrous proposal",,"Experts: nothing is finished, Macedonia may already be preparing a new disastrous proposal","Експерти: ништо не е завршено, на Македонија можеби веќе и се подготвува нов погубен предлог",2,ok
2uCCinEg6uY,Политички притисок врз членови на Левица од страна на мафијашкиот режим на СДСМ и ДУИ,"„Притисоците и деградирањата на луѓето кои се поистоветуваат со Левица продолжуваат, како непрекинат притисок врз партијата за да се компромитираат нашите активности. 

Јавноста е запознаена со оперативната рамка на мафијашката-владејачка гарнитура, која постојано ги користи државните инструменти за саботажа на поединци, движења и партии - но, откако судбината на владејачката коалиција се стави под знак прашалник, мобилизирани се сите средства за нечесно останување на власт.

Имено, мајката на наша кандидатка за советничка во Град Скопје, која од 2001 година во Фондот за здравствено осигурување работи како деловен секретар со статус на јавен службеник, со последната наредба потпишана од двата директори на Фондот - СТЕВО КРСТЕВСКИ и ФАТОН АХМЕТИ таа се задолжува на работно место кое се предвидува за службеници со средно образование.

Со оваа наредба, таа се деградира - и тоа, бидејќи нејзината ќерка на Фејсбук споделила статус на претседателот на Левица - Димитар Апасиев.

СДСМ и Левица се влезени во обратнопропорционален политички однос и растот на Левица директно влијае на иднината на социјалдемократскиот сојуз - затоа, тие свесно водат немилосрдна битка која не бира средства, знаејќи дека исходот кој сите нас нѐ чека е конечна промена на рамнотежата во левиот политички блок.

Како работничка партија - Левица уште повеќе добива елан кога номинално левата СДСМ својот бес го истура токму по работничката класа - која непогрешно ќе покаже меѓусебна солидарност кон овие нечесни напади врз поединци.""

Прес-конференција на портпаролот на Левица, Амар Мециновиќ.",Левица Политичка Партија,2021-11-20 15:42:45+00:00,2021,1368,50,4,15,политички настани Македонија,политички настани Македонија,mk,https://www.youtube.com/watch?v=2uCCinEg6uY,Политички притисок врз членови на Левица од страна на мафијашкиот режим на СДСМ и ДУИ,"„Притисоците и деградирањата на луѓето кои се поистоветуваат со Левица продолжуваат, како непрекинат притисок врз партијата за да се компромитираат нашите активности. Јавноста е запознаена со оперативната рамка на мафијашката-владејачка гарнитура, која постојано ги користи државните инструменти за саботажа на поединци, движења и партии - но, откако судбината на владејачката коалиција се стави под знак прашалник, мобилизирани се сите средства за нечесно останување на власт. Имено, мајката на наша кандидатка за советничка во Град Скопје, која од 2001 година во Фондот за здравствено осигурување работи како деловен секретар со статус на јавен службеник, со последната наредба потпишана од двата директори на Фондот - СТЕВО КРСТЕВСКИ и ФАТОН АХМЕТИ таа се задолжува на работно место кое се предвидува за службеници со средно образование. Со оваа наредба, таа се деградира - и тоа, бидејќи нејзината ќерка на Фејсбук споделила статус на претседателот на Левица - Димитар Апасиев. СДСМ и Левица се влезени во обратнопропорционален политички однос и растот на Левица директно влијае на иднината на социјалдемократскиот сојуз - затоа, тие свесно водат немилосрдна битка која не бира средства, знаејќи дека исходот кој сите нас нѐ чека е конечна промена на рамнотежата во левиот политички блок. Како работничка партија - Левица уште повеќе добива елан кога номинално левата СДСМ својот бес го истура токму по работничката класа - која непогрешно ќе покаже меѓусебна солидарност кон овие нечесни напади врз поединци."" Прес-конференција на портпаролот на Левица, Амар Мециновиќ.","Политички притисок врз членови на Левица од страна на мафијашкиот режим на СДСМ и ДУИ — „Притисоците и деградирањата на луѓето кои се поистоветуваат со Левица продолжуваат, како непрекинат притисок врз партијата за да се компромитираат нашите активности. Јавноста е запознаена со оперативната рамка на мафијашката-владејачка гарнитура, која постојано ги користи државните инструменти за саботажа на поединци, движења и партии - но, откако судбината на владејачката коалиција се стави под знак прашалник, мобилизирани се сите средства за нечесно останување на власт. Имено, мајката на наша кандидатка за советничка во Град Скопје, која од 2001 година во Фондот за здравствено осигурување работи како деловен секретар со статус на јавен службеник, со последната наредба потпишана од двата директори на Фондот - СТЕВО КРСТЕВСКИ и ФАТОН АХМЕТИ таа се задолжува на работно место кое се предвидува за службеници со средно образование. Со оваа наредба, таа се деградира - и тоа, бидејќи нејзината ќерка на Фејсбук споделила статус на претседателот на Левица - Димитар Апасиев. СДСМ и Левица се влезени во обратнопропорционален политички однос и растот на Левица директно влијае на иднината на социјалдемократскиот сојуз - затоа, тие свесно водат немилосрдна битка која не бира средства, знаејќи дека исходот кој сите нас нѐ чека е конечна промена на рамнотежата во левиот политички блок. Како работничка партија - Левица уште повеќе добива елан кога номинално левата СДСМ својот бес го истура токму по работничката класа - која непогрешно ќе покаже меѓусебна солидарност кон овие нечесни напади врз поединци."" Прес-конференција на портпаролот на Левица, Амар Мециновиќ.",Political pressure on members of the Left by the mafia regime of SDSM and DUI,"""The pressures and degradations of people who identify with the Left continue, as a continuous pressure on the party to compromise our activities. The public is familiar with the operating framework of the mafia-ruling set, which constantly uses state instruments to sabotage individuals, movements and parties - but, since the fate of the ruling coalition has been called into question, all means have been mobilized to dishonestly stay in power. Namely, the mother of our candidate for councilor in the City of Skopje, who since 2001 has been working as a business secretary with the status of a public servant, with the last order signed by the two directors of the Fund - STEVO KRSTEVSKI and FATON AHMETI, she is assigned to a post intended for officials with a secondary education. With this order, she is demoted - and that, because her daughter shared the status of the president of the Left - Dimitar Apasiev on Facebook. SDSM and the Left have entered into an inversely proportional political relationship and the growth of the Left directly affects the future of the social democratic alliance - therefore, they consciously wage a merciless battle that does not choose means, knowing that the outcome that awaits us all is a final change in the balance in the left political bloc. solidarity with these dishonest attacks on individuals."" Press conference of the spokesman of the Left, Amar Mecinovic.","Political pressure on members of the Left by the mafia regime of SDSM and DUI — ""The pressures and degradations of people who identify with the Left continue, as a continuous pressure on the party to compromise our activities. The public is familiar with the operating framework of the mafia-ruling set, which constantly uses state instruments to sabotage individuals, movements and parties - but, since the fate of the ruling coalition has been called into question, all means have been mobilized to dishonestly stay in power. Namely, the mother of our candidate for councilor in the City of Skopje, who since 2001 has been working as a business secretary with the status of a public servant, with the last order signed by the two directors of the Fund - STEVO KRSTEVSKI and FATON AHMETI, she is assigned to a post intended for officials with a secondary education. With this order, she is demoted - and that, because her daughter shared the status of the president of the Left - Dimitar Apasiev on Facebook. SDSM and the Left have entered into an inversely proportional political relationship and the growth of the Left directly affects the future of the social democratic alliance - therefore, they consciously wage a merciless battle that does not choose means, knowing that the outcome that awaits us all is a final change in the balance in the left political bloc. solidarity with these dishonest attacks on individuals."" Press conference of the spokesman of the Left, Amar Mecinovic.","Политички притисок врз членови на Левица од страна на мафијашкиот режим на СДСМ и ДУИ — „Притисоците и деградирањата на луѓето кои се поистоветуваат со Левица продолжуваат, како непрекинат притисок врз партијата за да се компромитираат нашите активности. Јавноста е запознаена со оперативната рамка на мафијашката-владејачка гарнитура, која постојано ги користи државните инструменти за саботажа на поединци, движења и партии - но, откако судбината на владејачката коалиција се стави под знак прашалник, мобилизирани се сите средства за нечесно останување на власт. Имено, мајката на наша кандидатка за советничка во Град Скопје, која од 2001 година во Фондот за здравствено осигурување работи како деловен секретар со статус на јавен службеник, со последната наредба потпишана од двата директори на Фондот - СТЕВО КРСТЕВСКИ и ФАТОН АХМЕТИ таа се задолжува на работно место кое се предвидува за службеници со средно образование. Со оваа наредба, таа се деградира - и тоа, бидејќи нејзината ќерка на Фејсбук споделила статус на претседателот на Левица - Димитар Апасиев. СДСМ и Левица се влезени во обратнопропорционален политички однос и растот на Левица директно влијае на иднината на социјалдемократскиот сојуз - затоа, тие свесно водат немилосрдна битка која не бира средства, знаејќи дека исходот кој сите нас нѐ чека е конечна промена на рамнотежата во левиот политички блок. Како работничка партија - Левица уште повеќе добива елан кога номинално левата СДСМ својот бес го истура токму по работничката класа - која непогрешно ќе покаже меѓусебна солидарност кон овие нечесни напади врз поединци."" Прес-конференција на портпаролот на Левица, Амар Мециновиќ.",1,ok
OGjWH5DwuA0,Анализа - Каде се движи Македонија кон уставни измени или предвремени избори?,"Follow Sitel Televizija on...
• WEB: http://sitel.com.mk/
• FB: https://smarturl.it/sitelFB
• IG: https://smarturl.it/SitelInstagram
• Tw: https://smarturl.it/SitelTwitter

© & ℗ Sitel Televizija All Rights Reserved",Сител Телевизија,2023-06-01 19:21:20+00:00,2023,1316,3,3,15,уставни измени Македонија,уставни измени Македонија,mk,https://www.youtube.com/watch?v=OGjWH5DwuA0,Анализа - Каде се движи Македонија кон уставни измени или предвремени избори?,Folloв Sitel Televiziјa on...,Анализа - Каде се движи Македонија кон уставни измени или предвремени избори? — Folloв Sitel Televiziјa on...,Analysis - Where is Macedonia moving towards constitutional changes or early elections?,Follow Sitel Television on...,Analysis - Where is Macedonia moving towards constitutional changes or early elections? — Follow Sitel Television on...,Анализа - Каде се движи Македонија кон уставни измени или предвремени избори? — Folloв Sitel Televiziјa on...,2,ok
aHRBjaUq_b8,"Заев ќе разговара со Мицотакис за Преспанскиот договор, НАТО, ЕУ и економската соработка","Web: http://sitel.com.mk/
Facebook: https://www.facebook.com/sitelvesti/
Twitter: https://twitter.com/SitelTV
Instagram: https://www.instagram.com/siteltelevision/

Copyright: OnAir Media Group; www.onair.mk",Сител Телевизија,2019-11-14 15:40:16+00:00,2019,996,5,2,15,НАТО ЕУ Македонија протест,НАТО ЕУ Македонија протест,mk,https://www.youtube.com/watch?v=aHRBjaUq_b8,"Заев ќе разговара со Мицотакис за Преспанскиот договор, НАТО, ЕУ и економската соработка",,"Заев ќе разговара со Мицотакис за Преспанскиот договор, НАТО, ЕУ и економската соработка","Zaev will talk with Mitsotakis about the Prespa Agreement, NATO, the EU and economic cooperation",,"Zaev will talk with Mitsotakis about the Prespa Agreement, NATO, the EU and economic cooperation","Заев ќе разговара со Мицотакис за Преспанскиот договор, НАТО, ЕУ и економската соработка",1,ok
JYsL6EhkHwg,"Glasanje za ustavni izmeni, Sobraniski Kanal 11 Januari 2019","Гласање за уставни измени 
Собрание на Република Македонија
Собраниски Канал
11 Јануари 2019
18h 14m 56s",Petar K,2019-01-23 15:14:51+00:00,2019,2981,6,1,15,уставни измени Македонија,уставни измени Македонија,mk,https://www.youtube.com/watch?v=JYsL6EhkHwg,"Glasaњe za ustavni izmeni, Sobraniski Kanal 11 Јanuari 2019",Гласање за уставни измени Собрание на Република Македонија Собраниски Канал 11 Јануари 2019 18h 14m 56s,"Glasaњe za ustavni izmeni, Sobraniski Kanal 11 Јanuari 2019 — Гласање за уставни измени Собрание на Република Македонија Собраниски Канал 11 Јануари 2019 18h 14m 56s","Voting for constitutional changes, Sobraniski Kanal January 11, 2019","Voting on constitutional amendments Assembly of the Republic of Macedonia Assembly Channel January 11, 2019 18h 14m 56s","Voting for constitutional changes, Sobraniski Kanal January 11, 2019 — Voting on constitutional amendments Assembly of the Republic of Macedonia Assembly Channel January 11, 2019 18h 14m 56s","Glasaњe za ustavni izmeni, Sobraniski Kanal 11 Јanuari 2019 — Гласање за уставни измени Собрание на Република Македонија Собраниски Канал 11 Јануари 2019 18h 14m 56s",1,ok
Gro20J7FAA0,„Стрес и анксиозност низ корона пандемијата'' - Психотерапевт Хаџиванова од Неокортекс,"Психотерапевт Хаџиванова за Алфа Тв, говори за стресот и анксиозноста низ корона пандемијата и генералното нарушување на психичкото здравје, за белегот на новите генерации и децата, како и предизвиците при одлуките во однос на образованието.", Ивана Хаџиванова Неокортекс,2020-08-18 06:08:17+00:00,2020,1021,8,1,15,стрес во општеството,стрес во општеството,mk,https://www.youtube.com/watch?v=Gro20J7FAA0,„Стрес и анксиозност низ корона пандемијата'' - Психотерапевт Хаџиванова од Неокортекс,"Психотерапевт Хаџиванова за Алфа Тв, говори за стресот и анксиозноста низ корона пандемијата и генералното нарушување на психичкото здравје, за белегот на новите генерации и децата, како и предизвиците при одлуките во однос на образованието.","„Стрес и анксиозност низ корона пандемијата'' - Психотерапевт Хаџиванова од Неокортекс — Психотерапевт Хаџиванова за Алфа Тв, говори за стресот и анксиозноста низ корона пандемијата и генералното нарушување на психичкото здравје, за белегот на новите генерации и децата, како и предизвиците при одлуките во однос на образованието.","""Stress and anxiety during the corona pandemic"" - Psychotherapist Hadjivanova from Neocortex","Psychotherapist Hadjivanova speaks for Alfa TV about the stress and anxiety during the corona pandemic and the general disorder of mental health, about the mark of the new generations and children, as well as the challenges in decisions regarding education.","""Stress and anxiety during the corona pandemic"" - Psychotherapist Hadjivanova from Neocortex — Psychotherapist Hadjivanova speaks for Alfa TV about the stress and anxiety during the corona pandemic and the general disorder of mental health, about the mark of the new generations and children, as well as the challenges in decisions regarding education.","„Стрес и анксиозност низ корона пандемијата'' - Психотерапевт Хаџиванова од Неокортекс — Психотерапевт Хаџиванова за Алфа Тв, говори за стресот и анксиозноста низ корона пандемијата и генералното нарушување на психичкото здравје, за белегот на новите генерации и децата, како и предизвиците при одлуките во однос на образованието.",1,ok
i5mjAyfhG3A,"Македонија. Протест против промената на името, јуни 2018",,Македон Стојановски,2018-06-23 20:19:52+00:00,2018,927,20,1,15,името на Македонија,името на Македонија,mk,https://www.youtube.com/watch?v=i5mjAyfhG3A,"Македонија. Протест против промената на името, јуни 2018",,"Македонија. Протест против промената на името, јуни 2018","Macedonia. Protest against the name change, June 2018",,"Macedonia. Protest against the name change, June 2018","Македонија. Протест против промената на името, јуни 2018",1,ok
aFC9iR4I3wk,Психотерапевт Хаџиванова за Булингот - Kако да препознаеме врсничко насилство и што да направиме,"Психолог, Психотерапевт Ивана Хаџиванова во разговор со Алфа ТВ, дава одговори за насилството и булингот меѓу децата и адолесцентите, причините и последиците од истиот, како и одговорноста кај родителите и образовен систем.", Ивана Хаџиванова Неокортекс,2020-02-26 09:28:11+00:00,2020,870,10,1,15,социјален стрес,социјален стрес,mk,https://www.youtube.com/watch?v=aFC9iR4I3wk,Психотерапевт Хаџиванова за Булингот - Kако да препознаеме врсничко насилство и што да направиме,"Психолог, Психотерапевт Ивана Хаџиванова во разговор со Алфа ТВ, дава одговори за насилството и булингот меѓу децата и адолесцентите, причините и последиците од истиот, како и одговорноста кај родителите и образовен систем.","Психотерапевт Хаџиванова за Булингот - Kако да препознаеме врсничко насилство и што да направиме — Психолог, Психотерапевт Ивана Хаџиванова во разговор со Алфа ТВ, дава одговори за насилството и булингот меѓу децата и адолесцентите, причините и последиците од истиот, како и одговорноста кај родителите и образовен систем.",Psychotherapist Hadjivanova on Bullying - How to recognize peer violence and what to do,"Psychologist, Psychotherapist Ivana Hadjivanova, in a conversation with Alfa TV, gives answers about violence and bullying among children and adolescents, its causes and consequences, as well as the responsibility of parents and the educational system.","Psychotherapist Hadjivanova on Bullying - How to recognize peer violence and what to do — Psychologist, Psychotherapist Ivana Hadjivanova, in a conversation with Alfa TV, gives answers about violence and bullying among children and adolescents, its causes and consequences, as well as the responsibility of parents and the educational system.","Психотерапевт Хаџиванова за Булингот - Kако да препознаеме врсничко насилство и што да направиме — Психолог, Психотерапевт Ивана Хаџиванова во разговор со Алфа ТВ, дава одговори за насилството и булингот меѓу децата и адолесцентите, причините и последиците од истиот, како и одговорноста кај родителите и образовен систем.",1,ok
hSyzH1BOKzs,🟣 Која е Жаклина Филипова Свеќаровска - кандидатка за градоначалничка на Кочани од Левица?,"✊ Долгогодишна активистка и членка на Левица, препознатлива по својата борба против неправдите и корупцијата. Нејзината цел е јасна – да им го врати достоинството на граѓаните и да стави крај на урбанистичкиот хаос и партизацијата.

📍 Филипова Свеќаровска најавува решителна борба со урбаната мафија, изградба на меморијален центар „16 март“, решавање на прашањето со Касарната и подобрување на патната, водоводната и комуналната инфраструктура.

🤝 Посебен фокус ќе има на младите, земјоделците и малите бизниси, преку поддршка за стартапи, фонд за микрокредити и создавање услови за локален економски развој.

💜 „Сакам Кочани да стане град на ред, правда и еднакви можности за сите,“ порачува Свеќаровска, додавајќи дека борбата против корупцијата и враќањето на довербата во институциите ќе бидат темелите на нејзиното работење.

#КочаниСега  
#НародотСега  
#Заокружи6",Левица Политичка Партија,2025-10-10 08:00:50+00:00,2025,181,14,1,15,довербата во институциите,довербата во институциите,mk,https://www.youtube.com/watch?v=hSyzH1BOKzs,🟣 Која е Жаклина Филипова Свеќаровска - кандидатка за градоначалничка на Кочани од Левица?,"✊ Долгогодишна активистка и членка на Левица, препознатлива по својата борба против неправдите и корупцијата. Нејзината цел е јасна – да им го врати достоинството на граѓаните и да стави крај на урбанистичкиот хаос и партизацијата. 📍 Филипова Свеќаровска најавува решителна борба со урбаната мафија, изградба на меморијален центар „16 март“, решавање на прашањето со Касарната и подобрување на патната, водоводната и комуналната инфраструктура. 🤝 Посебен фокус ќе има на младите, земјоделците и малите бизниси, преку поддршка за стартапи, фонд за микрокредити и создавање услови за локален економски развој. 💜 „Сакам Кочани да стане град на ред, правда и еднакви можности за сите,“ порачува Свеќаровска, додавајќи дека борбата против корупцијата и враќањето на довербата во институциите ќе бидат темелите на нејзиното работење. КочаниСега НародотСега Заокружи6","🟣 Која е Жаклина Филипова Свеќаровска - кандидатка за градоначалничка на Кочани од Левица? — ✊ Долгогодишна активистка и членка на Левица, препознатлива по својата борба против неправдите и корупцијата. Нејзината цел е јасна – да им го врати достоинството на граѓаните и да стави крај на урбанистичкиот хаос и партизацијата. 📍 Филипова Свеќаровска најавува решителна борба со урбаната мафија, изградба на меморијален центар „16 март“, решавање на прашањето со Касарната и подобрување на патната, водоводната и комуналната инфраструктура. 🤝 Посебен фокус ќе има на младите, земјоделците и малите бизниси, преку поддршка за стартапи, фонд за микрокредити и создавање услови за локален економски развој. 💜 „Сакам Кочани да стане град на ред, правда и еднакви можности за сите,“ порачува Свеќаровска, додавајќи дека борбата против корупцијата и враќањето на довербата во институциите ќе бидат темелите на нејзиното работење. КочаниСега НародотСега Заокружи6",🟣 Who is Jaklina Filipova Svećarovska - candidate for mayor of Kočani from Levica?,"✊ Long-time activist and member of the Left, known for her fight against injustice and corruption. Its goal is clear – to restore the dignity of citizens and put an end to urban chaos and partisanship. 📍 Filipova Svećarovska announces a decisive fight against the urban mafia, construction of a ""March 16"" memorial center, resolution of the issue with the Barracks and improvement of the road, water supply and communal infrastructure. 🤝 There will be a special focus on young people, farmers and small businesses, through support for startups, microcredit fund and creation of conditions for local economic development. 💜 ""I want Kočani to become a city of order, justice and equal opportunities for everyone,"" said Svećarovska, adding that the fight against corruption and restoring trust in institutions will be the foundations of her work. KocaniNow PeopleNow Circle6","🟣 Who is Jaklina Filipova Svećarovska - candidate for mayor of Kočani from Levica? — ✊ Long-time activist and member of the Left, known for her fight against injustice and corruption. Its goal is clear – to restore the dignity of citizens and put an end to urban chaos and partisanship. 📍 Filipova Svećarovska announces a decisive fight against the urban mafia, construction of a ""March 16"" memorial center, resolution of the issue with the Barracks and improvement of the road, water supply and communal infrastructure. 🤝 There will be a special focus on young people, farmers and small businesses, through support for startups, microcredit fund and creation of conditions for local economic development. 💜 ""I want Kočani to become a city of order, justice and equal opportunities for everyone,"" said Svećarovska, adding that the fight against corruption and restoring trust in institutions will be the foundations of her work. KocaniNow PeopleNow Circle6","🟣 Која е Жаклина Филипова Свеќаровска - кандидатка за градоначалничка на Кочани од Левица? — ✊ Долгогодишна активистка и членка на Левица, препознатлива по својата борба против неправдите и корупцијата. Нејзината цел е јасна – да им го врати достоинството на граѓаните и да стави крај на урбанистичкиот хаос и партизацијата. 📍 Филипова Свеќаровска најавува решителна борба со урбаната мафија, изградба на меморијален центар „16 март“, решавање на прашањето со Касарната и подобрување на патната, водоводната и комуналната инфраструктура. 🤝 Посебен фокус ќе има на младите, земјоделците и малите бизниси, преку поддршка за стартапи, фонд за микрокредити и создавање услови за локален економски развој. 💜 „Сакам Кочани да стане град на ред, правда и еднакви можности за сите,“ порачува Свеќаровска, додавајќи дека борбата против корупцијата и враќањето на довербата во институциите ќе бидат темелите на нејзиното работење. КочаниСега НародотСега Заокружи6",1,ok
_77idUINyUg,МВР ги повикува граѓаните да подигнат потврди со името Република Северна Македонија 28 02 19,,No one's Phone,2019-02-28 16:30:04+00:00,2019,152,0,1,15,името на Македонија,името на Македонија,mk,https://www.youtube.com/watch?v=_77idUINyUg,МВР ги повикува граѓаните да подигнат потврди со името Република Северна Македонија 28 02 19,,МВР ги повикува граѓаните да подигнат потврди со името Република Северна Македонија 28 02 19,The Ministry of the Interior invites citizens to pick up certificates with the name Republic of North Macedonia 28 02 19,,The Ministry of the Interior invites citizens to pick up certificates with the name Republic of North Macedonia 28 02 19,МВР ги повикува граѓаните да подигнат потврди со името Република Северна Македонија 28 02 19,1,ok
xc-iPBaWw4A,Дезинформации - кога на лагата не и се куси нозете,"Колку често го слушате зборот „ДЕЗИНФОРМАЦИЈА“? Како одминува времето, сѐ почесто. Зошто? Затоа што дезинформациите стануваат сѐ поприсутни во нашето секојдневие, и тоа е многу опасно. Тие создаваат поделби и страв во општеството, креираат несигурност, ја зголемуваат поларизацијата, ги подгреваат етничките тензии, ги наведуваат граѓаните да носат одлуки коишто се спротивни на нивниот интерес, поттикнуваат омраза и ја поткопуваат довербата во институциите на системот. Нивната цел е да се лови во „матно“.

Институт за комуникациски студии

www.iks.edu.mk; www.respublica.edu.mk; www.reagiraj.mk; www.samoprasaj.mk;

info@iks.edu.mk",Институт за комуникациски студии | IKS_edu_mk,2024-06-03 08:34:54+00:00,2024,67,0,1,15,довербата во институциите; довербата во системот,довербата во системот,mk,https://www.youtube.com/watch?v=xc-iPBaWw4A,Дезинформации - кога на лагата не и се куси нозете,"Колку често го слушате зборот „ДЕЗИНФОРМАЦИЈА“? Како одминува времето, сѐ почесто. Зошто? Затоа што дезинформациите стануваат сѐ поприсутни во нашето секојдневие, и тоа е многу опасно. Тие создаваат поделби и страв во општеството, креираат несигурност, ја зголемуваат поларизацијата, ги подгреваат етничките тензии, ги наведуваат граѓаните да носат одлуки коишто се спротивни на нивниот интерес, поттикнуваат омраза и ја поткопуваат довербата во институциите на системот. Нивната цел е да се лови во „матно“. Институт за комуникациски студии","Дезинформации - кога на лагата не и се куси нозете — Колку често го слушате зборот „ДЕЗИНФОРМАЦИЈА“? Како одминува времето, сѐ почесто. Зошто? Затоа што дезинформациите стануваат сѐ поприсутни во нашето секојдневие, и тоа е многу опасно. Тие создаваат поделби и страв во општеството, креираат несигурност, ја зголемуваат поларизацијата, ги подгреваат етничките тензии, ги наведуваат граѓаните да носат одлуки коишто се спротивни на нивниот интерес, поттикнуваат омраза и ја поткопуваат довербата во институциите на системот. Нивната цел е да се лови во „матно“. Институт за комуникациски студии",Disinformation - when a lie has no legs,"How often do you hear the word ""MISINFORMATION""? As time goes on, more and more often. Why? Because disinformation is becoming more and more present in our everyday life, and it is very dangerous. They create divisions and fear in society, create insecurity, increase polarization, fuel ethnic tensions, lead citizens to make decisions that are against their interest, incite hatred and undermine trust in the institutions of the system. Their goal is to hunt in the ""murky"". Institute of Communication Studies","Disinformation - when a lie has no legs — How often do you hear the word ""MISINFORMATION""? As time goes on, more and more often. Why? Because disinformation is becoming more and more present in our everyday life, and it is very dangerous. They create divisions and fear in society, create insecurity, increase polarization, fuel ethnic tensions, lead citizens to make decisions that are against their interest, incite hatred and undermine trust in the institutions of the system. Their goal is to hunt in the ""murky"". Institute of Communication Studies","Дезинформации - кога на лагата не и се куси нозете — Колку често го слушате зборот „ДЕЗИНФОРМАЦИЈА“? Како одминува времето, сѐ почесто. Зошто? Затоа што дезинформациите стануваат сѐ поприсутни во нашето секојдневие, и тоа е многу опасно. Тие создаваат поделби и страв во општеството, креираат несигурност, ја зголемуваат поларизацијата, ги подгреваат етничките тензии, ги наведуваат граѓаните да носат одлуки коишто се спротивни на нивниот интерес, поттикнуваат омраза и ја поткопуваат довербата во институциите на системот. Нивната цел е да се лови во „матно“. Институт за комуникациски студии",1,ok
95huIIO0fg8,"Историја на Северна Македонија?!- Комисијата одржа нов состанок, извештајот од претходниот се крие",,AlfaTV News,2023-02-23 14:36:27+00:00,2023,943,10,48,14,политички настани Македонија,политички настани Македонија,mk,https://www.youtube.com/watch?v=95huIIO0fg8,"Историја на Северна Македонија?!- Комисијата одржа нов состанок, извештајот од претходниот се крие",,"Историја на Северна Македонија?!- Комисијата одржа нов состанок, извештајот од претходниот се крие","History of North Macedonia?!- The commission held a new meeting, the report from the previous one is hidden",,"History of North Macedonia?!- The commission held a new meeting, the report from the previous one is hidden","Историја на Северна Македонија?!- Комисијата одржа нов состанок, извештајот од претходниот се крие",11,ok
Z2B9JqJTtmw,"Трибина- ‘’Македонија: Името е Татковина, а Јазикот душа на Македонците’’.",,makedonija24,2018-12-18 15:27:00+00:00,2018,9207,185,36,14,името на Македонија,името на Македонија,mk,https://www.youtube.com/watch?v=Z2B9JqJTtmw,"Трибина- ‘’Македонија: Името е Татковина, а Јазикот душа на Македонците’’.",,"Трибина- ‘’Македонија: Името е Татковина, а Јазикот душа на Македонците’’.","Tribune- ""Macedonia: The name is Motherland, and the Language is the soul of the Macedonians"".",,"Tribune- ""Macedonia: The name is Motherland, and the Language is the soul of the Macedonians"".","Трибина- ‘’Македонија: Името е Татковина, а Јазикот душа на Македонците’’.",11,ok
ltaJi7h5tRI,"24 анализа - Кои се патриоти, а кои се предавници?","Кои се патриоти, а кои се предавници? Дали Преспанскиот договор ја забетонира државноста или го загрози идентитетот?
Жестока дебата за сите горчливи прашања со Стојанче Ангелов и Александар Пандов.",Televizija 24,2019-03-15 02:06:54+00:00,2019,7236,14,31,14,довербата во институциите,довербата во институциите,mk,https://www.youtube.com/watch?v=ltaJi7h5tRI,"24 анализа - Кои се патриоти, а кои се предавници?","Кои се патриоти, а кои се предавници? Дали Преспанскиот договор ја забетонира државноста или го загрози идентитетот? Жестока дебата за сите горчливи прашања со Стојанче Ангелов и Александар Пандов.","24 анализа - Кои се патриоти, а кои се предавници? — Кои се патриоти, а кои се предавници? Дали Преспанскиот договор ја забетонира државноста или го загрози идентитетот? Жестока дебата за сите горчливи прашања со Стојанче Ангелов и Александар Пандов.",24 analysis - Who are patriots and who are traitors?,Who are patriots and who are traitors? Does the Prespa Agreement cement statehood or threaten identity? Fierce debate on all bitter issues with Stojanche Angelov and Aleksandar Pandov.,24 analysis - Who are patriots and who are traitors? — Who are patriots and who are traitors? Does the Prespa Agreement cement statehood or threaten identity? Fierce debate on all bitter issues with Stojanche Angelov and Aleksandar Pandov.,"24 анализа - Кои се патриоти, а кои се предавници? — Кои се патриоти, а кои се предавници? Дали Преспанскиот договор ја забетонира државноста или го загрози идентитетот? Жестока дебата за сите горчливи прашања со Стојанче Ангелов и Александар Пандов.",13,ok
Fi5V7FmaG3w,Македонија го одбележува Денот на победата над фашизмот,"Follow Sitel Televizija on...
• WEB: http://sitel.com.mk/
• FB: https://smarturl.it/sitelFB
• IG: https://smarturl.it/SitelInstagram
• Tw: https://smarturl.it/SitelTwitter

© & ℗ Sitel Televizija All Rights Reserved",Сител Телевизија,2022-05-09 10:29:46+00:00,2022,578,6,20,14,реформа на уставот Македонија,реформа на уставот Македонија,mk,https://www.youtube.com/watch?v=Fi5V7FmaG3w,Македонија го одбележува Денот на победата над фашизмот,Folloв Sitel Televiziјa on...,Македонија го одбележува Денот на победата над фашизмот — Folloв Sitel Televiziјa on...,Macedonia celebrates the Day of Victory over Fascism,Follow Sitel Television on...,Macedonia celebrates the Day of Victory over Fascism — Follow Sitel Television on...,Македонија го одбележува Денот на победата над фашизмот — Folloв Sitel Televiziјa on...,7,ok
aEeZBmOE3cc,Кандидатот за премиер на Бугарија најавува нова политика кон Македонија,"Follow Sitel Televizija on...
• WEB: http://sitel.com.mk/
• FB: https://smarturl.it/sitelFB
• IG: https://smarturl.it/SitelInstagram
• Tw: https://smarturl.it/SitelTwitter

© & ℗ Sitel Televizija All Rights Reserved",Сител Телевизија,2021-07-31 14:14:50+00:00,2021,1132,7,16,14,бугарско вето Македонија,бугарско вето Македонија,mk,https://www.youtube.com/watch?v=aEeZBmOE3cc,Кандидатот за премиер на Бугарија најавува нова политика кон Македонија,Folloв Sitel Televiziјa on...,Кандидатот за премиер на Бугарија најавува нова политика кон Македонија — Folloв Sitel Televiziјa on...,The candidate for Prime Minister of Bulgaria announces a new policy towards Macedonia,Follow Sitel Television on...,The candidate for Prime Minister of Bulgaria announces a new policy towards Macedonia — Follow Sitel Television on...,Кандидатот за премиер на Бугарија најавува нова политика кон Македонија — Folloв Sitel Televiziјa on...,2,ok
H9G7hiYzy6M,"Захариева: Ако Македонија ги признае бугарските корени, нема да има вето",,AlfaTV News,2020-10-31 15:27:30+00:00,2020,620,7,13,14,бугарско вето Македонија,бугарско вето Македонија,mk,https://www.youtube.com/watch?v=H9G7hiYzy6M,"Захариева: Ако Македонија ги признае бугарските корени, нема да има вето",,"Захариева: Ако Македонија ги признае бугарските корени, нема да има вето","Zaharieva: If Macedonia recognizes the Bulgarian roots, there will be no veto",,"Zaharieva: If Macedonia recognizes the Bulgarian roots, there will be no veto","Захариева: Ако Македонија ги признае бугарските корени, нема да има вето",6,ok
KG3SG0HM3A8,"Еди Рама сега ја боцна Бугарија: Поздрав од Источна Македонија, Макрон слатко се насмеа",,AlfaTV News,2022-06-23 14:59:19+00:00,2022,4062,18,11,14,француски предлог Македонија,француски предлог Македонија,mk,https://www.youtube.com/watch?v=KG3SG0HM3A8,"Еди Рама сега ја боцна Бугарија: Поздрав од Источна Македонија, Макрон слатко се насмеа",,"Еди Рама сега ја боцна Бугарија: Поздрав од Источна Македонија, Макрон слатко се насмеа","Edi Rama now poked Bulgaria: Greetings from Eastern Macedonia, Macron smiled sweetly",,"Edi Rama now poked Bulgaria: Greetings from Eastern Macedonia, Macron smiled sweetly","Еди Рама сега ја боцна Бугарија: Поздрав од Источна Македонија, Макрон слатко се насмеа",2,ok
S39QxMmFw1o,Филип Петровски во #ТешкиМуабети: Кој нѐ спречува утре да имаме градоначалник на Лерин Македонец?,Филип Петровски во #ТешкиМуабети: Кој нѐ спречува утре да имаме градоначалник на Лерин Македонец?,Инфомакс,2023-05-23 17:00:15+00:00,2023,16573,282,10,14,довербата во системот,довербата во системот,mk,https://www.youtube.com/watch?v=S39QxMmFw1o,Филип Петровски во ТешкиМуабети: Кој нѐ спречува утре да имаме градоначалник на Лерин Македонец?,Филип Петровски во ТешкиМуабети: Кој нѐ спречува утре да имаме градоначалник на Лерин Македонец?,Филип Петровски во ТешкиМуабети: Кој нѐ спречува утре да имаме градоначалник на Лерин Македонец? — Филип Петровски во ТешкиМуабети: Кој нѐ спречува утре да имаме градоначалник на Лерин Македонец?,Filip Petrovski in TeshkiUabeti: Who prevents us from having a mayor of Lerin Makedonec tomorrow?,Filip Petrovski in TeshkiUabeti: Who prevents us from having a mayor of Lerin Makedonec tomorrow?,Filip Petrovski in TeshkiUabeti: Who prevents us from having a mayor of Lerin Makedonec tomorrow? — Filip Petrovski in TeshkiUabeti: Who prevents us from having a mayor of Lerin Makedonec tomorrow?,Филип Петровски во ТешкиМуабети: Кој нѐ спречува утре да имаме градоначалник на Лерин Македонец? — Филип Петровски во ТешкиМуабети: Кој нѐ спречува утре да имаме градоначалник на Лерин Македонец?,8,ok
orGQIi5yfLI,Македонија прв пат на НАТО самит како полноправна членка - Што ќе донесе средбата Заев-Радев?,"Follow Sitel Televizija on...
• WEB: http://sitel.com.mk/
• FB: https://smarturl.it/sitelFB
• IG: https://smarturl.it/SitelInstagram
• Tw: https://smarturl.it/SitelTwitter

© & ℗ Sitel Televizija All Rights Reserved",Сител Телевизија,2021-06-14 14:39:53+00:00,2021,625,3,7,14,НАТО ЕУ Македонија протест,НАТО ЕУ Македонија протест,mk,https://www.youtube.com/watch?v=orGQIi5yfLI,Македонија прв пат на НАТО самит како полноправна членка - Што ќе донесе средбата Заев-Радев?,Folloв Sitel Televiziјa on...,Македонија прв пат на НАТО самит како полноправна членка - Што ќе донесе средбата Заев-Радев? — Folloв Sitel Televiziјa on...,Macedonia's first time at a NATO summit as a full member - What will the Zaev-Radev meeting bring?,Follow Sitel Television on...,Macedonia's first time at a NATO summit as a full member - What will the Zaev-Radev meeting bring? — Follow Sitel Television on...,Македонија прв пат на НАТО самит како полноправна членка - Што ќе донесе средбата Заев-Радев? — Folloв Sitel Televiziјa on...,5,ok
kqT9teiqyPc,Заев: Постигнавме достоинствено решение за името – Република Северна Македонија,,MAKFAX,2018-06-12 19:45:35+00:00,2018,752,9,6,14,името на Македонија,името на Македонија,mk,https://www.youtube.com/watch?v=kqT9teiqyPc,Заев: Постигнавме достоинствено решение за името – Република Северна Македонија,,Заев: Постигнавме достоинствено решение за името – Република Северна Македонија,Zaev: We reached a dignified solution for the name - Republic of North Macedonia,,Zaev: We reached a dignified solution for the name - Republic of North Macedonia,Заев: Постигнавме достоинствено решение за името – Република Северна Македонија,1,ok
NXCb9WTkkVg,"Предлогот ги крена на нозе и Македонија и Бугарија, опозицијата тврди дека е лош","Follow TV21 on...
• Web: https://tv21.mk & https://tv21.tv
• FB: https://smarturl.it/TV21Fb
• IG: https://smarturl.it/TV21IG
• Tw: https://smarturl.it/tv21Tw
• Телефон: 02/313-5630

© & ℗ TV21 & IN Media. All Rights Reserved",TV21,2022-06-17 18:38:55+00:00,2022,886,2,5,14,француски предлог Македонија,француски предлог Македонија,mk,https://www.youtube.com/watch?v=NXCb9WTkkVg,"Предлогот ги крена на нозе и Македонија и Бугарија, опозицијата тврди дека е лош",Follow TV21 on... • Телефон: 02/313-5630,"Предлогот ги крена на нозе и Македонија и Бугарија, опозицијата тврди дека е лош — Follow TV21 on... • Телефон: 02/313-5630","The proposal raised both Macedonia and Bulgaria, the opposition claims that it is bad",Follow TV21 on... • Phone: 02/313-5630,"The proposal raised both Macedonia and Bulgaria, the opposition claims that it is bad — Follow TV21 on... • Phone: 02/313-5630","Предлогот ги крена на нозе и Македонија и Бугарија, опозицијата тврди дека е лош — Follow TV21 on... • Телефон: 02/313-5630",3,ok
FFTCNm8z11s,Уставни измени или избори - на потег е ВМРО-ДПМНЕ,"Follow Kanal5 on...
• FB: https://smarturl.it/fb5
• IG: https://smarturl.it/Ig5
• Web: https://kanal5.com.mk/

© & ℗ Kanal5 & IN Media. All Rights Reserved



Почна да тече рокот што власта си го зададе за расчистување на дилемата, дали ќе се обезбеди 2/3 мнозинство за продолжување на договорот со Грција, или ќе се оди на брзи превремени избори.",Канал 5 Телевизија,2018-10-02 15:09:04+00:00,2018,1941,5,4,14,уставни измени Македонија,уставни измени Македонија,mk,https://www.youtube.com/watch?v=FFTCNm8z11s,Уставни измени или избори - на потег е ВМРО-ДПМНЕ,"Follow Kanal5 on... Почна да тече рокот што власта си го зададе за расчистување на дилемата, дали ќе се обезбеди 2/3 мнозинство за продолжување на договорот со Грција, или ќе се оди на брзи превремени избори.","Уставни измени или избори - на потег е ВМРО-ДПМНЕ — Follow Kanal5 on... Почна да тече рокот што власта си го зададе за расчистување на дилемата, дали ќе се обезбеди 2/3 мнозинство за продолжување на договорот со Грција, или ќе се оди на брзи превремени избори.",Constitutional amendments or elections - VMRO-DPMNE is on the move,"Follow Kanal5 on... The deadline that the government set for clearing up the dilemma, whether to secure a 2/3 majority for the extension of the agreement with Greece, or to go for quick early elections, has started to run.","Constitutional amendments or elections - VMRO-DPMNE is on the move — Follow Kanal5 on... The deadline that the government set for clearing up the dilemma, whether to secure a 2/3 majority for the extension of the agreement with Greece, or to go for quick early elections, has started to run.","Уставни измени или избори - на потег е ВМРО-ДПМНЕ — Follow Kanal5 on... Почна да тече рокот што власта си го зададе за расчистување на дилемата, дали ќе се обезбеди 2/3 мнозинство за продолжување на договорот со Грција, или ќе се оди на брзи превремени избори.",1,ok
mcyHJwfVjL8,Меркел: Европскиот совет ќе се наврати на прашањето за Македонија следната година9,,Televizija 24,2019-10-18 15:17:01+00:00,2019,620,1,4,14,реформа на уставот Македонија,реформа на уставот Македонија,mk,https://www.youtube.com/watch?v=mcyHJwfVjL8,Меркел: Европскиот совет ќе се наврати на прашањето за Македонија следната година9,,Меркел: Европскиот совет ќе се наврати на прашањето за Македонија следната година9,Merkel: The European Council will return to the issue of Macedonia next year9,,Merkel: The European Council will return to the issue of Macedonia next year9,Меркел: Европскиот совет ќе се наврати на прашањето за Македонија следната година9,1,ok
xXzVD4gmnBg,Протести за зачувување на уставното име на Македонија,,Televizija 24,2018-03-04 16:05:42+00:00,2018,1102,6,2,14,НАТО ЕУ Македонија протест,НАТО ЕУ Македонија протест,mk,https://www.youtube.com/watch?v=xXzVD4gmnBg,Протести за зачувување на уставното име на Македонија,,Протести за зачувување на уставното име на Македонија,Protests for the preservation of the constitutional name of Macedonia,,Protests for the preservation of the constitutional name of Macedonia,Протести за зачувување на уставното име на Македонија,2,ok
yVgXj2pXg1Y,"Иронија: ти сам да си го промениш идентитетот, а да велиш дека ќе заштитиш идентитет на цел народ","Иронија: ти сам да си го промениш идентитетот, а да велиш дека ќе заштитиш идентитет на цел народ",Инфомакс,2025-10-06 15:28:52+00:00,2025,3529,98,1,14,македонски идентитет,македонски идентитет,mk,https://www.youtube.com/watch?v=yVgXj2pXg1Y,"Иронија: ти сам да си го промениш идентитетот, а да велиш дека ќе заштитиш идентитет на цел народ","Иронија: ти сам да си го промениш идентитетот, а да велиш дека ќе заштитиш идентитет на цел народ","Иронија: ти сам да си го промениш идентитетот, а да велиш дека ќе заштитиш идентитет на цел народ — Иронија: ти сам да си го промениш идентитетот, а да велиш дека ќе заштитиш идентитет на цел народ","Irony: you should change your identity yourself, while saying that you will protect the identity of an entire nation","Irony: you should change your identity yourself, while saying that you will protect the identity of an entire nation","Irony: you should change your identity yourself, while saying that you will protect the identity of an entire nation — Irony: you should change your identity yourself, while saying that you will protect the identity of an entire nation","Иронија: ти сам да си го промениш идентитетот, а да велиш дека ќе заштитиш идентитет на цел народ — Иронија: ти сам да си го промениш идентитетот, а да велиш дека ќе заштитиш идентитет на цел народ",1,ok
Lw8Z14g2Hac,Само дете,"Децата кои ќе се најдат во контакт со правосудниот систем – како жртви, сведоци или затоа што го прекршиле законот - преживуваат психолошка траума.  

Начинот на кој системот и заедницата постапуваат со децата во судир со законот и со децата во ризик ќе го одреди патот на нивното закрепнување. Казнените мерки што се применуваат за да се поправи однесувањето на детето може врз него да остават доживотни последици. 

Детето во контакт со законот е САМО ДЕТЕ на кое му се потребни поддршка и грижа.

#ЗаСекоеДетеПравда",UNICEFMK,2022-10-19 11:55:54+00:00,2022,843,6,1,14,траума во заедницата,траума во заедницата,mk,https://www.youtube.com/watch?v=Lw8Z14g2Hac,Само дете,"Децата кои ќе се најдат во контакт со правосудниот систем – како жртви, сведоци или затоа што го прекршиле законот - преживуваат психолошка траума. Начинот на кој системот и заедницата постапуваат со децата во судир со законот и со децата во ризик ќе го одреди патот на нивното закрепнување. Казнените мерки што се применуваат за да се поправи однесувањето на детето може врз него да остават доживотни последици. Детето во контакт со законот е САМО ДЕТЕ на кое му се потребни поддршка и грижа. ЗаСекоеДетеПравда","Само дете — Децата кои ќе се најдат во контакт со правосудниот систем – како жртви, сведоци или затоа што го прекршиле законот - преживуваат психолошка траума. Начинот на кој системот и заедницата постапуваат со децата во судир со законот и со децата во ризик ќе го одреди патот на нивното закрепнување. Казнените мерки што се применуваат за да се поправи однесувањето на детето може врз него да остават доживотни последици. Детето во контакт со законот е САМО ДЕТЕ на кое му се потребни поддршка и грижа. ЗаСекоеДетеПравда",Just a child,"Children who come into contact with the justice system – as victims, witnesses or because they have broken the law – experience psychological trauma. How the system and community deal with children in conflict with the law and children at risk will determine the path of their recovery. Punitive measures used to correct a child's behavior can have lifelong consequences. A child in contact with the law is JUST A CHILD who needs support and care. Justice for Every Child","Just a child — Children who come into contact with the justice system – as victims, witnesses or because they have broken the law – experience psychological trauma. How the system and community deal with children in conflict with the law and children at risk will determine the path of their recovery. Punitive measures used to correct a child's behavior can have lifelong consequences. A child in contact with the law is JUST A CHILD who needs support and care. Justice for Every Child","Само дете — Децата кои ќе се најдат во контакт со правосудниот систем – како жртви, сведоци или затоа што го прекршиле законот - преживуваат психолошка траума. Начинот на кој системот и заедницата постапуваат со децата во судир со законот и со децата во ризик ќе го одреди патот на нивното закрепнување. Казнените мерки што се применуваат за да се поправи однесувањето на детето може врз него да остават доживотни последици. Детето во контакт со законот е САМО ДЕТЕ на кое му се потребни поддршка и грижа. ЗаСекоеДетеПравда",1,ok
7w6n3JMwfFw,Радев: Не се согласувам со името Северна Македонија,,Televizija 24,2018-12-23 13:04:00+00:00,2018,555,8,1,14,името на Македонија,името на Македонија,mk,https://www.youtube.com/watch?v=7w6n3JMwfFw,Радев: Не се согласувам со името Северна Македонија,,Радев: Не се согласувам со името Северна Македонија,Radev: I do not agree with the name North Macedonia,,Radev: I do not agree with the name North Macedonia,Радев: Не се согласувам со името Северна Македонија,1,ok
CwJL7QOopNI,Маневски: Идентитет „а ла Штип“,"„Во однос на идентитетот, се наоѓаме во состојба како Евреите пред Христос. Постојано чекаме некој Месија, да ни се јави лидер на партија кој ќе ни го покаже патот, влада која ќе ни отвори работни места, Европа која ќе ни донесе куп пари, а ние нема да работиме...“, изјави новинарот Војо Маневски од Штип, на панел дискусијата „Градење на идентитетот, или...“, во организација на ЦИВИЛ – Центар за слобода.",Civil,2018-11-29 10:10:22+00:00,2018,498,8,1,14,национален идентитет,национален идентитет,mk,https://www.youtube.com/watch?v=CwJL7QOopNI,Маневски: Идентитет „а ла Штип“,"„Во однос на идентитетот, се наоѓаме во состојба како Евреите пред Христос. Постојано чекаме некој Месија, да ни се јави лидер на партија кој ќе ни го покаже патот, влада која ќе ни отвори работни места, Европа која ќе ни донесе куп пари, а ние нема да работиме...“, изјави новинарот Војо Маневски од Штип, на панел дискусијата „Градење на идентитетот, или...“, во организација на ЦИВИЛ – Центар за слобода.","Маневски: Идентитет „а ла Штип“ — „Во однос на идентитетот, се наоѓаме во состојба како Евреите пред Христос. Постојано чекаме некој Месија, да ни се јави лидер на партија кој ќе ни го покаже патот, влада која ќе ни отвори работни места, Европа која ќе ни донесе куп пари, а ние нема да работиме...“, изјави новинарот Војо Маневски од Штип, на панел дискусијата „Градење на идентитетот, или...“, во организација на ЦИВИЛ – Центар за слобода.","Manevski: Identity ""a la Shtip""","""In terms of identity, we are in a state like the Jews before Christ. We are constantly waiting for a Messiah, a party leader to show us the way, a government that will open jobs for us, Europe that will bring us a lot of money, and we will not work..."" said journalist Vojo Manevski from Shtip, at the panel discussion ""Building identity, or..."", organized by CIVIL - Center for Freedom.","Manevski: Identity ""a la Shtip"" — ""In terms of identity, we are in a state like the Jews before Christ. We are constantly waiting for a Messiah, a party leader to show us the way, a government that will open jobs for us, Europe that will bring us a lot of money, and we will not work..."" said journalist Vojo Manevski from Shtip, at the panel discussion ""Building identity, or..."", organized by CIVIL - Center for Freedom.","Маневски: Идентитет „а ла Штип“ — „Во однос на идентитетот, се наоѓаме во состојба како Евреите пред Христос. Постојано чекаме некој Месија, да ни се јави лидер на партија кој ќе ни го покаже патот, влада која ќе ни отвори работни места, Европа која ќе ни донесе куп пари, а ние нема да работиме...“, изјави новинарот Војо Маневски од Штип, на панел дискусијата „Градење на идентитетот, или...“, во организација на ЦИВИЛ – Центар за слобода.",1,ok
akOtKVlSzyM,Невкусна шега на Еди Рама: Македонија е идна „Западна Бугарија“,"Follow Sitel Televizija on...
• WEB: http://sitel.com.mk/
• FB: https://smarturl.it/sitelFB
• IG: https://smarturl.it/SitelInstagram
• Tw: https://smarturl.it/SitelTwitter

© & ℗ Sitel Televizija All Rights Reserved",Сител Телевизија,2022-06-11 14:53:03+00:00,2022,5669,30,115,13,бугарско вето Македонија,бугарско вето Македонија,mk,https://www.youtube.com/watch?v=akOtKVlSzyM,Невкусна шега на Еди Рама: Македонија е идна „Западна Бугарија“,Folloв Sitel Televiziјa on...,Невкусна шега на Еди Рама: Македонија е идна „Западна Бугарија“ — Folloв Sitel Televiziјa on...,"Edi Rama's tasteless joke: Macedonia is the future ""Western Bulgaria""",Follow Sitel Television on...,"Edi Rama's tasteless joke: Macedonia is the future ""Western Bulgaria"" — Follow Sitel Television on...",Невкусна шега на Еди Рама: Македонија е идна „Западна Бугарија“ — Folloв Sitel Televiziјa on...,20,ok
PnpfAxhhZ-g,Захариева: Бугарија нема начин да и каже да на Македонија,"Follow Sitel Televizija on...
• WEB: http://sitel.com.mk/
• FB: https://smarturl.it/sitelFB
• IG: https://smarturl.it/SitelInstagram
• Tw: https://smarturl.it/SitelTwitter

© & ℗ Sitel Televizija & IN Media. All Rights Reserved",Сител Телевизија,2020-11-05 11:18:56+00:00,2020,3578,33,88,13,бугарско вето Македонија,бугарско вето Македонија,mk,https://www.youtube.com/watch?v=PnpfAxhhZ-g,Захариева: Бугарија нема начин да и каже да на Македонија,Folloв Sitel Televiziјa on...,Захариева: Бугарија нема начин да и каже да на Македонија — Folloв Sitel Televiziјa on...,Zaharieva: Bulgaria has no way to say yes to Macedonia,Follow Sitel Television on...,Zaharieva: Bulgaria has no way to say yes to Macedonia — Follow Sitel Television on...,Захариева: Бугарија нема начин да и каже да на Македонија — Folloв Sitel Televiziјa on...,11,ok
Zn9RAuznRlY,Анкета: Домашните предавници ја загрозуваат вечноста на Македонија,,MAKFAX,2018-03-04 15:23:45+00:00,2018,7329,69,56,13,политички настани Македонија,политички настани Македонија,mk,https://www.youtube.com/watch?v=Zn9RAuznRlY,Анкета: Домашните предавници ја загрозуваат вечноста на Македонија,,Анкета: Домашните предавници ја загрозуваат вечноста на Македонија,Survey: Domestic traitors threaten the eternity of Macedonia,,Survey: Domestic traitors threaten the eternity of Macedonia,Анкета: Домашните предавници ја загрозуваат вечноста на Македонија,6,ok
OvxjHzaWgWM,"Захариева: Македонија треба да ја признае историјата, а Бугарија да ја признае новата реалност","Web: http://sitel.com.mk/
Facebook: https://www.facebook.com/sitelvesti/
Twitter: https://twitter.com/SitelTV
Instagram: https://www.instagram.com/siteltelevision/

Copyright: OnAir Media Group; www.onair.mk",Сител Телевизија,2020-05-03 12:18:24+00:00,2020,3070,22,48,13,бугарско вето Македонија,бугарско вето Македонија,mk,https://www.youtube.com/watch?v=OvxjHzaWgWM,"Захариева: Македонија треба да ја признае историјата, а Бугарија да ја признае новата реалност",,"Захариева: Македонија треба да ја признае историјата, а Бугарија да ја признае новата реалност","Zaharieva: Macedonia should recognize history, and Bulgaria should recognize the new reality",,"Zaharieva: Macedonia should recognize history, and Bulgaria should recognize the new reality","Захариева: Македонија треба да ја признае историјата, а Бугарија да ја признае новата реалност",5,ok
IodnnMkdptg,Што бара Радев од Македонија да исполни за да Бугарија го подигне ветото?,"Follow Sitel Televizija on...
• WEB: http://sitel.com.mk/
• FB: https://smarturl.it/sitelFB
• IG: https://smarturl.it/SitelInstagram
• Tw: https://smarturl.it/SitelTwitter

© & ℗ Sitel Televizija All Rights Reserved",Сител Телевизија,2021-09-22 14:15:51+00:00,2021,967,6,35,13,бугарско вето Македонија,бугарско вето Македонија,mk,https://www.youtube.com/watch?v=IodnnMkdptg,Што бара Радев од Македонија да исполни за да Бугарија го подигне ветото?,Folloв Sitel Televiziјa on...,Што бара Радев од Македонија да исполни за да Бугарија го подигне ветото? — Folloв Sitel Televiziјa on...,What does Radev ask Macedonia to fulfill in order for Bulgaria to lift the veto?,Follow Sitel Television on...,What does Radev ask Macedonia to fulfill in order for Bulgaria to lift the veto? — Follow Sitel Television on...,Што бара Радев од Македонија да исполни за да Бугарија го подигне ветото? — Folloв Sitel Televiziјa on...,5,ok
Qy0ND05biHM,24 анализа - Каде оди ВМРО-ДПМНЕ?,"Каде оди ВМРО-ДПМНЕ, наместо кон 21ви, партијата со речникот се враќа во 19ти век. Патриоти, предавници, ножеви, пораките на Христијан Мицкоски идентични со говорите на Никола Груевски.  Дали бранот на исклучувања на највисоките партиски функционери треба да ја прочисти партијата или да го заштити тронот на лидерот?
Дебатираме со Александар Пандов и Ване Цветанов, политички аналитичари.",Televizija 24,2018-10-25 01:45:38+00:00,2018,11226,24,29,13,довербата во институциите,довербата во институциите,mk,https://www.youtube.com/watch?v=Qy0ND05biHM,24 анализа - Каде оди ВМРО-ДПМНЕ?,"Каде оди ВМРО-ДПМНЕ, наместо кон 21ви, партијата со речникот се враќа во 19ти век. Патриоти, предавници, ножеви, пораките на Христијан Мицкоски идентични со говорите на Никола Груевски. Дали бранот на исклучувања на највисоките партиски функционери треба да ја прочисти партијата или да го заштити тронот на лидерот? Дебатираме со Александар Пандов и Ване Цветанов, политички аналитичари.","24 анализа - Каде оди ВМРО-ДПМНЕ? — Каде оди ВМРО-ДПМНЕ, наместо кон 21ви, партијата со речникот се враќа во 19ти век. Патриоти, предавници, ножеви, пораките на Христијан Мицкоски идентични со говорите на Никола Груевски. Дали бранот на исклучувања на највисоките партиски функционери треба да ја прочисти партијата или да го заштити тронот на лидерот? Дебатираме со Александар Пандов и Ване Цветанов, политички аналитичари.",24 analysis - Where is VMRO-DPMNE going?,"Where is VMRO-DPMNE going, instead of towards the 21st century, the party is returning to the 19th century with its vocabulary. Patriots, traitors, knives, the messages of Hristijan Mickoski identical to the speeches of Nikola Gruevski. Is the wave of expulsions of top party officials to purify the party or protect the leader's throne? We debate with Aleksandar Pandov and Vane Cvetanov, political analysts.","24 analysis - Where is VMRO-DPMNE going? — Where is VMRO-DPMNE going, instead of towards the 21st century, the party is returning to the 19th century with its vocabulary. Patriots, traitors, knives, the messages of Hristijan Mickoski identical to the speeches of Nikola Gruevski. Is the wave of expulsions of top party officials to purify the party or protect the leader's throne? We debate with Aleksandar Pandov and Vane Cvetanov, political analysts.","24 анализа - Каде оди ВМРО-ДПМНЕ? — Каде оди ВМРО-ДПМНЕ, наместо кон 21ви, партијата со речникот се враќа во 19ти век. Патриоти, предавници, ножеви, пораките на Христијан Мицкоски идентични со говорите на Никола Груевски. Дали бранот на исклучувања на највисоките партиски функционери треба да ја прочисти партијата или да го заштити тронот на лидерот? Дебатираме со Александар Пандов и Ване Цветанов, политички аналитичари.",9,ok
5ay2LaahGUw,Република Илинденска Македонија е предлогот за името,,MAKFAX,2018-05-19 16:36:01+00:00,2018,1128,2,29,13,името на Македонија,името на Македонија,mk,https://www.youtube.com/watch?v=5ay2LaahGUw,Република Илинденска Македонија е предлогот за името,,Република Илинденска Македонија е предлогот за името,Republic of Ilindenska Macedonia is the proposal for the name,,Republic of Ilindenska Macedonia is the proposal for the name,Република Илинденска Македонија е предлогот за името,22,ok
r5T1AMBCwB0,Мицкоски од Брисел: Никој нема право да го оспорува македонскиот национален идентитет,,AlfaTV News,2024-12-18 19:03:21+00:00,2024,1498,20,24,13,национален идентитет,национален идентитет,mk,https://www.youtube.com/watch?v=r5T1AMBCwB0,Мицкоски од Брисел: Никој нема право да го оспорува македонскиот национален идентитет,,Мицкоски од Брисел: Никој нема право да го оспорува македонскиот национален идентитет,Mickoski from Brussels: No one has the right to dispute the Macedonian national identity,,Mickoski from Brussels: No one has the right to dispute the Macedonian national identity,Мицкоски од Брисел: Никој нема право да го оспорува македонскиот национален идентитет,5,ok
ToIU9NP-wcg,„Старлетата“ Пендиков на БТВ ја престави Македонија како „поле за стрелање бугари“,,AlfaTV News,2023-02-15 14:47:07+00:00,2023,763,1,10,13,национален идентитет,национален идентитет,mk,https://www.youtube.com/watch?v=ToIU9NP-wcg,„Старлетата“ Пендиков на БТВ ја престави Македонија како „поле за стрелање бугари“,,„Старлетата“ Пендиков на БТВ ја престави Македонија како „поле за стрелање бугари“,"The ""starlet"" Pendikov presented Macedonia as a ""shooting field for Bulgarians"" on BTV",,"The ""starlet"" Pendikov presented Macedonia as a ""shooting field for Bulgarians"" on BTV",„Старлетата“ Пендиков на БТВ ја престави Македонија како „поле за стрелање бугари“,3,ok
GdjQdGhIV9k,Анкета: Бугарските условувања ја намалија довербата во ЕУ институциите,"Follow Sitel Televizija on...
• WEB: http://sitel.com.mk/
• FB: https://smarturl.it/sitelFB
• IG: https://smarturl.it/SitelInstagram
• Tw: https://smarturl.it/SitelTwitter

© & ℗ Sitel Televizija All Rights Reserved",Сител Телевизија,2022-11-22 15:12:38+00:00,2022,1063,1,8,13,довербата во институциите,довербата во институциите,mk,https://www.youtube.com/watch?v=GdjQdGhIV9k,Анкета: Бугарските условувања ја намалија довербата во ЕУ институциите,Folloв Sitel Televiziјa on...,Анкета: Бугарските условувања ја намалија довербата во ЕУ институциите — Folloв Sitel Televiziјa on...,Poll: Bulgarian conditions have reduced trust in EU institutions,Follow Sitel Television on...,Poll: Bulgarian conditions have reduced trust in EU institutions — Follow Sitel Television on...,Анкета: Бугарските условувања ја намалија довербата во ЕУ институциите — Folloв Sitel Televiziјa on...,4,ok
ZoUj5yjLmeA,Нема драматични промени по изборите во Бугарија - Дали е на повидок политичка криза,"Follow Sitel Televizija on...
• WEB: http://sitel.com.mk/
• FB: https://smarturl.it/sitelFB
• IG: https://smarturl.it/SitelInstagram
• Tw: https://smarturl.it/SitelTwitter

© & ℗ Sitel Televizija All Rights Reserved",Сител Телевизија,2021-07-11 19:04:40+00:00,2021,735,2,7,13,политичка криза,политичка криза,mk,https://www.youtube.com/watch?v=ZoUj5yjLmeA,Нема драматични промени по изборите во Бугарија - Дали е на повидок политичка криза,Folloв Sitel Televiziјa on...,Нема драматични промени по изборите во Бугарија - Дали е на повидок политичка криза — Folloв Sitel Televiziјa on...,No dramatic changes after the elections in Bulgaria - Is a political crisis on the horizon?,Follow Sitel Television on...,No dramatic changes after the elections in Bulgaria - Is a political crisis on the horizon? — Follow Sitel Television on...,Нема драматични промени по изборите во Бугарија - Дали е на повидок политичка криза — Folloв Sitel Televiziјa on...,3,ok
WPx-nqJsRhk,Ќучук: Бугарско вето за Македонија би било голема грешка,"Follow Sitel Televizija on...
• WEB: http://sitel.com.mk/
• FB: https://smarturl.it/sitelFB
• IG: https://smarturl.it/SitelInstagram
• Tw: https://smarturl.it/SitelTwitter

© & ℗ Sitel Televizija All Rights Reserved",Сител Телевизија,2023-01-25 11:04:05+00:00,2023,466,0,7,13,бугарско вето Македонија,бугарско вето Македонија,mk,https://www.youtube.com/watch?v=WPx-nqJsRhk,Ќучук: Бугарско вето за Македонија би било голема грешка,Folloв Sitel Televiziјa on...,Ќучук: Бугарско вето за Македонија би било голема грешка — Folloв Sitel Televiziјa on...,Quchuk: A Bulgarian veto for Macedonia would be a big mistake,Follow Sitel Television on...,Quchuk: A Bulgarian veto for Macedonia would be a big mistake — Follow Sitel Television on...,Ќучук: Бугарско вето за Македонија би било голема грешка — Folloв Sitel Televiziјa on...,3,ok
ukSE1fdqPac,Анализа: Како се оценува првата меѓувладина седница помеѓу Македонија и Бугарија,"Follow Sitel Televizija on...
• WEB: http://sitel.com.mk/
• FB: https://smarturl.it/sitelFB
• IG: https://smarturl.it/SitelInstagram
• Tw: https://smarturl.it/SitelTwitter

© & ℗ Sitel Televizija All Rights Reserved",Сител Телевизија,2022-01-26 15:18:06+00:00,2022,478,0,5,13,довербата во системот,довербата во системот,mk,https://www.youtube.com/watch?v=ukSE1fdqPac,Анализа: Како се оценува првата меѓувладина седница помеѓу Македонија и Бугарија,Folloв Sitel Televiziјa on...,Анализа: Како се оценува првата меѓувладина седница помеѓу Македонија и Бугарија — Folloв Sitel Televiziјa on...,Analysis: How is the first intergovernmental meeting between Macedonia and Bulgaria evaluated?,Follow Sitel Television on...,Analysis: How is the first intergovernmental meeting between Macedonia and Bulgaria evaluated? — Follow Sitel Television on...,Анализа: Како се оценува првата меѓувладина седница помеѓу Македонија и Бугарија — Folloв Sitel Televiziјa on...,2,ok
InUrI9xlHn8,Психотерапевт Данче ПАУНОВСКА ВО КОНТРААРГУМЕНТ,"Данче Пауновска: Лиценциран Психолог, Гешталт и ЕАГТ Психотерапевт, Економски и Социолошки Аналитичар.
Теми: Психозите кај поединецот и како тие се рефлектираат врз општеството, стравот како средство за контрола врз луѓето, како да се надмине анксиозноста и летаргијата, човекот како социолошко битие, спознај го внатрешното јас...Поставувајте прашања.
Не пропуштајте, бидете вечер со нас.
Присуството е задолжително!

Danche Paunovska",Слободен Свет,2023-06-16 10:38:21+00:00,2023,2039,62,2,13,стрес во општеството,стрес во општеството,mk,https://www.youtube.com/watch?v=InUrI9xlHn8,Психотерапевт Данче ПАУНОВСКА ВО КОНТРААРГУМЕНТ,"Данче Пауновска: Лиценциран Психолог, Гешталт и ЕАГТ Психотерапевт, Економски и Социолошки Аналитичар. Теми: Психозите кај поединецот и како тие се рефлектираат врз општеството, стравот како средство за контрола врз луѓето, како да се надмине анксиозноста и летаргијата, човекот како социолошко битие, спознај го внатрешното јас...Поставувајте прашања. Не пропуштајте, бидете вечер со нас. Присуството е задолжително! Danche Paunovska","Психотерапевт Данче ПАУНОВСКА ВО КОНТРААРГУМЕНТ — Данче Пауновска: Лиценциран Психолог, Гешталт и ЕАГТ Психотерапевт, Економски и Социолошки Аналитичар. Теми: Психозите кај поединецот и како тие се рефлектираат врз општеството, стравот како средство за контрола врз луѓето, како да се надмине анксиозноста и летаргијата, човекот како социолошко битие, спознај го внатрешното јас...Поставувајте прашања. Не пропуштајте, бидете вечер со нас. Присуството е задолжително! Danche Paunovska",Psychotherapist Danche PAUNOVSKA IN COUNTER-ARGUMENT,"Danche Paunovska: Licensed Psychologist, Gestalt and EAGT Psychotherapist, Economic and Sociological Analyst. Topics: Psychoses in the individual and how they reflect on society, fear as a means of control over people, how to overcome anxiety and lethargy, man as a sociological being, know the inner self... Ask questions. Don't miss it, spend the evening with us. Attendance is mandatory! Danche Paunovska","Psychotherapist Danche PAUNOVSKA IN COUNTER-ARGUMENT — Danche Paunovska: Licensed Psychologist, Gestalt and EAGT Psychotherapist, Economic and Sociological Analyst. Topics: Psychoses in the individual and how they reflect on society, fear as a means of control over people, how to overcome anxiety and lethargy, man as a sociological being, know the inner self... Ask questions. Don't miss it, spend the evening with us. Attendance is mandatory! Danche Paunovska","Психотерапевт Данче ПАУНОВСКА ВО КОНТРААРГУМЕНТ — Данче Пауновска: Лиценциран Психолог, Гешталт и ЕАГТ Психотерапевт, Економски и Социолошки Аналитичар. Теми: Психозите кај поединецот и како тие се рефлектираат врз општеството, стравот како средство за контрола врз луѓето, како да се надмине анксиозноста и летаргијата, човекот како социолошко битие, спознај го внатрешното јас...Поставувајте прашања. Не пропуштајте, бидете вечер со нас. Присуството е задолжително! Danche Paunovska",2,ok
pQsoFJ-oNGE,Заврши седницата по предлогот за пристапување кон уставни измени,"Follow Kanal5 on...
• FB: https://smarturl.it/fb5
• IG: https://smarturl.it/Ig5
• Web: https://kanal5.com.mk/

© & ℗ Kanal5 & IN Media. All Rights Reserved



Во Собранието веќе шест часа се одвива комисиската расправата по предлогот за пристапување кон измена на Уставот.",Канал 5 Телевизија,2018-10-10 16:37:12+00:00,2018,1311,9,2,13,уставни измени Македонија,уставни измени Македонија,mk,https://www.youtube.com/watch?v=pQsoFJ-oNGE,Заврши седницата по предлогот за пристапување кон уставни измени,Follow Kanal5 on... Во Собранието веќе шест часа се одвива комисиската расправата по предлогот за пристапување кон измена на Уставот.,Заврши седницата по предлогот за пристапување кон уставни измени — Follow Kanal5 on... Во Собранието веќе шест часа се одвива комисиската расправата по предлогот за пристапување кон измена на Уставот.,The session ended after the proposal to accede to the constitutional amendments,"Follow Kanal5 on... In the Parliament, the committee debate on the proposal to accede to the amendment of the Constitution has been going on for six hours.","The session ended after the proposal to accede to the constitutional amendments — Follow Kanal5 on... In the Parliament, the committee debate on the proposal to accede to the amendment of the Constitution has been going on for six hours.",Заврши седницата по предлогот за пристапување кон уставни измени — Follow Kanal5 on... Во Собранието веќе шест часа се одвива комисиската расправата по предлогот за пристапување кон измена на Уставот.,1,ok
PVw40GuMVUk,Нови барања на Бугарија до Македонија,,Televizija 24,2022-05-16 15:21:45+00:00,2022,1130,2,2,13,бугарско вето Македонија,бугарско вето Македонија,mk,https://www.youtube.com/watch?v=PVw40GuMVUk,Нови барања на Бугарија до Македонија,,Нови барања на Бугарија до Македонија,New demands of Bulgaria to Macedonia,,New demands of Bulgaria to Macedonia,Нови барања на Бугарија до Македонија,1,ok
K7dLhHV8IDg,Заев: Испраќам порака на помирување и простување за 27 април,"Follow Kanal5 on...
• FB: https://smarturl.it/fb5
• IG: https://smarturl.it/Ig5
• Web: https://kanal5.com.mk/

© & ℗ Kanal5 & IN Media. All Rights Reserved



Веќе седум часа во Собранието трае седница на која на дневен ред e предлогот за пристапување кон измена на Уставот. Многу дилеми отвори изјавата на премиерот Заев во воведното обраќање, кога повика на помирување и простување за настаните од 27 април.",Канал 5 Телевизија,2018-10-15 16:05:21+00:00,2018,872,3,2,13,реформа на уставот Македонија,реформа на уставот Македонија,mk,https://www.youtube.com/watch?v=K7dLhHV8IDg,Заев: Испраќам порака на помирување и простување за 27 април,"Follow Kanal5 on... Веќе седум часа во Собранието трае седница на која на дневен ред e предлогот за пристапување кон измена на Уставот. Многу дилеми отвори изјавата на премиерот Заев во воведното обраќање, кога повика на помирување и простување за настаните од 27 април.","Заев: Испраќам порака на помирување и простување за 27 април — Follow Kanal5 on... Веќе седум часа во Собранието трае седница на која на дневен ред e предлогот за пристапување кон измена на Уставот. Многу дилеми отвори изјавата на премиерот Заев во воведното обраќање, кога повика на помирување и простување за настаните од 27 април.",Zaev: I am sending a message of reconciliation and forgiveness for April 27,"Follow Kanal5 on... For seven hours, a session has been going on in the Parliament, where the proposal for accession to the amendment of the Constitution is on the agenda. Prime Minister Zaev's statement in the opening address opened up many dilemmas, when he called for reconciliation and forgiveness for the events of April 27.","Zaev: I am sending a message of reconciliation and forgiveness for April 27 — Follow Kanal5 on... For seven hours, a session has been going on in the Parliament, where the proposal for accession to the amendment of the Constitution is on the agenda. Prime Minister Zaev's statement in the opening address opened up many dilemmas, when he called for reconciliation and forgiveness for the events of April 27.","Заев: Испраќам порака на помирување и простување за 27 април — Follow Kanal5 on... Веќе седум часа во Собранието трае седница на која на дневен ред e предлогот за пристапување кон измена на Уставот. Многу дилеми отвори изјавата на премиерот Заев во воведното обраќање, кога повика на помирување и простување за настаните од 27 април.",1,ok
X2nhoTCryZk,Теодоракис: Името Македонија не смее да се даде,"Official facebook: https://www.facebook.com/tvsitel.mk/
Web: http://sitel.com.mk/
Copyright: OnAir Media Group; www.onair.mk",Сител Телевизија,2018-01-09 15:45:14+00:00,2018,563,3,1,13,името на Македонија,името на Македонија,mk,https://www.youtube.com/watch?v=X2nhoTCryZk,Теодоракис: Името Македонија не смее да се даде,,Теодоракис: Името Македонија не смее да се даде,Theodorakis: The name Macedonia must not be given,,Theodorakis: The name Macedonia must not be given,Теодоракис: Името Македонија не смее да се даде,1,ok
axRotKe9Ws0,Анкета на МЦМС: 78 проценти од граѓаните сметаат дека сме во политичка криза,"Follow Sitel Televizija on...
• WEB: http://sitel.com.mk/
• FB: https://smarturl.it/sitelFB
• IG: https://smarturl.it/SitelInstagram
• Tw: https://smarturl.it/SitelTwitter

© & ℗ Sitel Televizija & IN Media. All Rights Reserved",Сител Телевизија,2021-04-19 14:12:43+00:00,2021,405,4,1,13,политичка криза,политичка криза,mk,https://www.youtube.com/watch?v=axRotKe9Ws0,Анкета на МЦМС: 78 проценти од граѓаните сметаат дека сме во политичка криза,Folloв Sitel Televiziјa on...,Анкета на МЦМС: 78 проценти од граѓаните сметаат дека сме во политичка криза — Folloв Sitel Televiziјa on...,MCMS survey: 78 percent of citizens believe that we are in a political crisis,Follow Sitel Television on...,MCMS survey: 78 percent of citizens believe that we are in a political crisis — Follow Sitel Television on...,Анкета на МЦМС: 78 проценти од граѓаните сметаат дека сме во политичка криза — Folloв Sitel Televiziјa on...,1,ok
lfbRFwxW74w,Дускусија: Наративите за класна поделба не се штетни,"Не било кое поткопување на довербата во институциите ние го сметавме за штетен наратив - само кога имаме тврдење за корумпираност, нетранспаретност , непрофесионалност и злоупотреба на служебна должност без обид да се поткрепат тие тврдења, е штетен наратив. Апсолутно не секое поткопување на довербата  е штетен наратив.

Повеќе на https://samoprasaj.mk/naacik/kakva-retorika-ne-ocekuva-stet-na-go-otvori-prasanjeto-pred-pratenicite/",Само прашај / Samo prasaj,2025-07-28 10:37:46+00:00,2025,28,2,1,13,довербата во институциите,довербата во институциите,mk,https://www.youtube.com/watch?v=lfbRFwxW74w,Дускусија: Наративите за класна поделба не се штетни,"Не било кое поткопување на довербата во институциите ние го сметавме за штетен наратив - само кога имаме тврдење за корумпираност, нетранспаретност , непрофесионалност и злоупотреба на служебна должност без обид да се поткрепат тие тврдења, е штетен наратив. Апсолутно не секое поткопување на довербата е штетен наратив.","Дускусија: Наративите за класна поделба не се штетни — Не било кое поткопување на довербата во институциите ние го сметавме за штетен наратив - само кога имаме тврдење за корумпираност, нетранспаретност , непрофесионалност и злоупотреба на служебна должност без обид да се поткрепат тие тврдења, е штетен наратив. Апсолутно не секое поткопување на довербата е штетен наратив.",Discussion: Narratives of class division are not harmful,"We did not consider any undermining of trust in institutions as a harmful narrative - only when we have an allegation of corruption, non-transparency, unprofessionalism and abuse of official duty without an attempt to substantiate those claims, is a harmful narrative. Absolutely not every undermining of trust is a harmful narrative.","Discussion: Narratives of class division are not harmful — We did not consider any undermining of trust in institutions as a harmful narrative - only when we have an allegation of corruption, non-transparency, unprofessionalism and abuse of official duty without an attempt to substantiate those claims, is a harmful narrative. Absolutely not every undermining of trust is a harmful narrative.","Дускусија: Наративите за класна поделба не се штетни — Не било кое поткопување на довербата во институциите ние го сметавме за штетен наратив - само кога имаме тврдење за корумпираност, нетранспаретност , непрофесионалност и злоупотреба на служебна должност без обид да се поткрепат тие тврдења, е штетен наратив. Апсолутно не секое поткопување на довербата е штетен наратив.",1,ok
R6nDpY_K7ZQ,Силјановска: Името ни е Македонија,,Filip Petrovski,2024-05-23 23:09:00+00:00,2024,17772,282,92,12,името на Македонија,името на Македонија,mk,https://www.youtube.com/watch?v=R6nDpY_K7ZQ,Силјановска: Името ни е Македонија,,Силјановска: Името ни е Македонија,Siljanovska: Our name is Macedonia,,Siljanovska: Our name is Macedonia,Силјановска: Името ни е Македонија,36,ok
eAH3OwOhRa8,Мицкоски:Во 21век на талибански начин се избришаа македонскиот јазик и идентитет од извештајот на ЕК,"Follow Sitel Televizija on...
• WEB: http://sitel.com.mk/
• FB: https://www.facebook.com/sitelmk
• IG: https://www.instagram.com/sitel.tv/
• Tw: https://twitter.com/SitelTV
• TT: https://www.tiktok.com/@sitel.televizija

© & ℗ Sitel Televizija All Rights Reserved",Сител Телевизија,2025-07-03 10:21:02+00:00,2025,2398,20,90,12,македонски идентитет,македонски идентитет,mk,https://www.youtube.com/watch?v=eAH3OwOhRa8,Мицкоски:Во 21век на талибански начин се избришаа македонскиот јазик и идентитет од извештајот на ЕК,Folloв Sitel Televiziјa on...,Мицкоски:Во 21век на талибански начин се избришаа македонскиот јазик и идентитет од извештајот на ЕК — Folloв Sitel Televiziјa on...,"Mickoski: In the 21st century, the Macedonian language and identity were erased in the Taliban way from the EC report",Follow Sitel Television on...,"Mickoski: In the 21st century, the Macedonian language and identity were erased in the Taliban way from the EC report — Follow Sitel Television on...",Мицкоски:Во 21век на талибански начин се избришаа македонскиот јазик и идентитет од извештајот на ЕК — Folloв Sitel Televiziјa on...,12,ok
RgmhnfZTLP8,"Трилинг - НЕ за францускиот предлог, но ДА за што и за кого?","Северномакедонци, северномакедонски парламент, северномакедонски претседател - прво Макрон, па Шолц, на крај Фон дер Лајен, пред да пристигне во Скопје.

Преименувањето како политичко лицемерство. НЕ за францускиот предлог, но ДА за што и за кого? Седум децении азбука, фонетика, граматика, литература. Мала држава, но со се поголема толеранција кон инаквите страсти и дружби.",Televizija 24,2022-07-15 20:06:48+00:00,2022,4130,21,49,12,француски предлог Македонија,француски предлог Македонија,mk,https://www.youtube.com/watch?v=RgmhnfZTLP8,"Трилинг - НЕ за францускиот предлог, но ДА за што и за кого?","Северномакедонци, северномакедонски парламент, северномакедонски претседател - прво Макрон, па Шолц, на крај Фон дер Лајен, пред да пристигне во Скопје. Преименувањето како политичко лицемерство. НЕ за францускиот предлог, но ДА за што и за кого? Седум децении азбука, фонетика, граматика, литература. Мала држава, но со се поголема толеранција кон инаквите страсти и дружби.","Трилинг - НЕ за францускиот предлог, но ДА за што и за кого? — Северномакедонци, северномакедонски парламент, северномакедонски претседател - прво Макрон, па Шолц, на крај Фон дер Лајен, пред да пристигне во Скопје. Преименувањето како политичко лицемерство. НЕ за францускиот предлог, но ДА за што и за кого? Седум децении азбука, фонетика, граматика, литература. Мала држава, но со се поголема толеранција кон инаквите страсти и дружби.","Trilling - NO to the French proposal, but YES to what and for whom?","North Macedonians, North Macedonian parliament, North Macedonian president - first Macron, then Scholz, finally Von der Leyen, before arriving in Skopje. The renaming as political hypocrisy. NO to the French proposal, but YES to what and for whom? Seven decades of alphabet, phonetics, grammar, literature. A small country, but with increasing tolerance towards other passions and friendships.","Trilling - NO to the French proposal, but YES to what and for whom? — North Macedonians, North Macedonian parliament, North Macedonian president - first Macron, then Scholz, finally Von der Leyen, before arriving in Skopje. The renaming as political hypocrisy. NO to the French proposal, but YES to what and for whom? Seven decades of alphabet, phonetics, grammar, literature. A small country, but with increasing tolerance towards other passions and friendships.","Трилинг - НЕ за францускиот предлог, но ДА за што и за кого? — Северномакедонци, северномакедонски парламент, северномакедонски претседател - прво Макрон, па Шолц, на крај Фон дер Лајен, пред да пристигне во Скопје. Преименувањето како политичко лицемерство. НЕ за францускиот предлог, но ДА за што и за кого? Седум децении азбука, фонетика, граматика, литература. Мала држава, но со се поголема толеранција кон инаквите страсти и дружби.",15,ok
mRTZi8yvtcU,"“Ај објасни ПАРИ, БАНКИ и КАМАТИ на мало дете“ - ПРВ ДЕЛ “Пари, Банки и Финансии“ | Б&К Подкаст","ПРВ ДЕЛ.
Наидов на интересен курс на Peterson Academy наречен ""The Morality and Practice of Finance"". Оваа епизода е првиот дел од мојот обид да ги прераскажам моите впечатоци. 
Зборуваме за: 
Зошто е важно ова?
Потеклото на парите.
Почетоците и бизнисот на банкарството.

СПОНЗОРИ:
https://bratot.com/ - 15% попуст со кодот ""BK15""
https://denica.mk/ - Специјална Очна Болница “Деница“ @denica.ocnabolnica

Зачлени се за ексклузивни “само-за-членови“ епизоди:
https://linktw.in/fNIIWk

PODCAST INFO:
Spotify: ⁠https://open.spotify.com/show/7IVJVo0w34dqVBWa1ntOSx⁠
YouTube: ⁠https://youtube.com/@bajkerot_krosfiterot
Instagram: ⁠https://www.instagram.com/bajkerot_krosfiterot/

(00:00:00) Како почнало сè – првите пари и нивната вредност  
(00:10:00) Старите времиња – позајмици, камати и табуа  
(00:20:00) Камата и религијата – зошто била грев?  
(00:30:00) Кредити и должници – муабети низ историјата  
(00:40:00) Парите низ векови – од злато до хартија  
(00:50:00) Банкарите и каматите – вечна тема за расправија  
(01:00:00) Позајмување со совест – етички и морални дилеми  
(01:10:00) Како работат банките – кредити, доверба и „финти“  
(01:20:00) Зошто ни требаат банки и што навистина прават  
(01:30:00) Држави во долгови – системот што сите не влече  
(01:40:00) Инфлација и стабилност – што значи вредност на пари  
(01:50:00) Штедење и банкарски игри – реални примери  
(02:00:00) Како да се снајдеш со лични финансии  
(02:10:00) Кредитни механизми денес – што треба да знаеш  
(02:20:00) Берза и инвестиции – акции, фондови и малку адреналин 

***************************************************************************************
Никогаш немаме намера да ги наметнеме своите верувања и мисли на друг. Иако некогаш даваме совети и сугестии, одговорност е на секоја индивидуа да рационално одлучи дали ќе ги прифати.
Со сето ова речено, се надевам дека ќе уживате во епизодата.
***************************************************************************************

bajkerot i krosfiterot podcast, бајкерот и кросфитерот подкаст, питерсон академија, пари, финансии, банки, капитал, акции, берза, финансиски стратегии, ризик, иднината на финансиите, крипто, peterson academy, money, banks, banking, finance, capital, stock market, stocks, financial strategies, risk and return, future of finance,",Bajkerot i Krosfiterot | Бајкерот и Кросфитерот,2025-09-15 16:01:28+00:00,2025,3802,65,16,12,довербата во системот,довербата во системот,mk,https://www.youtube.com/watch?v=mRTZi8yvtcU,"“Ај објасни ПАРИ, БАНКИ и КАМАТИ на мало дете“ - ПРВ ДЕЛ “Пари, Банки и Финансии“ | Б&К Подкаст","ПРВ ДЕЛ. Наидов на интересен курс на Peterson Academy наречен ""The Morality and Practice of Finance"". Оваа епизода е првиот дел од мојот обид да ги прераскажам моите впечатоци. Зборуваме за: Зошто е важно ова? Потеклото на парите. Почетоците и бизнисот на банкарството. СПОНЗОРИ: Зачлени се за ексклузивни “само-за-членови“ епизоди: (00:00:00) Како почнало сè – првите пари и нивната вредност (00:10:00) Старите времиња – позајмици, камати и табуа (00:20:00) Камата и религијата – зошто била грев? (00:30:00) Кредити и должници – муабети низ историјата (00:40:00) Парите низ векови – од злато до хартија (00:50:00) Банкарите и каматите – вечна тема за расправија (01:00:00) Позајмување со совест – етички и морални дилеми (01:10:00) Како работат банките – кредити, доверба и „финти“ (01:20:00) Зошто ни требаат банки и што навистина прават (01:30:00) Држави во долгови – системот што сите не влече (01:40:00) Инфлација и стабилност – што значи вредност на пари (01:50:00) Штедење и банкарски игри – реални примери (02:00:00) Како да се снајдеш со лични финансии (02:10:00) Кредитни механизми денес – што треба да знаеш (02:20:00) Берза и инвестиции – акции, фондови и малку адреналин *************************************************************************************** Никогаш немаме намера да ги наметнеме своите верувања и мисли на друг. Иако некогаш даваме совети и сугестии, одговорност е на секоја индивидуа да рационално одлучи дали ќе ги прифати. Со сето ова речено, се надевам дека ќе уживате во епизодата. ***************************************************************************************","“Ај објасни ПАРИ, БАНКИ и КАМАТИ на мало дете“ - ПРВ ДЕЛ “Пари, Банки и Финансии“ | Б&К Подкаст — ПРВ ДЕЛ. Наидов на интересен курс на Peterson Academy наречен ""The Morality and Practice of Finance"". Оваа епизода е првиот дел од мојот обид да ги прераскажам моите впечатоци. Зборуваме за: Зошто е важно ова? Потеклото на парите. Почетоците и бизнисот на банкарството. СПОНЗОРИ: Зачлени се за ексклузивни “само-за-членови“ епизоди: (00:00:00) Како почнало сè – првите пари и нивната вредност (00:10:00) Старите времиња – позајмици, камати и табуа (00:20:00) Камата и религијата – зошто била грев? (00:30:00) Кредити и должници – муабети низ историјата (00:40:00) Парите низ векови – од злато до хартија (00:50:00) Банкарите и каматите – вечна тема за расправија (01:00:00) Позајмување со совест – етички и морални дилеми (01:10:00) Како работат банките – кредити, доверба и „финти“ (01:20:00) Зошто ни требаат банки и што навистина прават (01:30:00) Држави во долгови – системот што сите не влече (01:40:00) Инфлација и стабилност – што значи вредност на пари (01:50:00) Штедење и банкарски игри – реални примери (02:00:00) Како да се снајдеш со лични финансии (02:10:00) Кредитни механизми денес – што треба да знаеш (02:20:00) Берза и инвестиции – акции, фондови и малку адреналин *************************************************************************************** Никогаш немаме намера да ги наметнеме своите верувања и мисли на друг. Иако некогаш даваме совети и сугестии, одговорност е на секоја индивидуа да рационално одлучи дали ќе ги прифати. Со сето ова речено, се надевам дека ќе уживате во епизодата. ***************************************************************************************","""Let me explain MONEY, BANKS and INTEREST to a small child"" - PART ONE ""Money, Banks and Finances"" | B&K Podcast","FIRST PART. I came across an interesting course at Peterson Academy called ""The Morality and Practice of Finance"". This episode is the first part of my attempt to recount my impressions. We talk about: Why is this important? The origin of money. The Beginnings and Business of Banking. SPONSORS: Subscribe for exclusive members-only episodes: (00:00:00) How it all began - the first money and its value (00:10:00) The old days - loans, interest and taboos (00:20:00) Interest and religion - why was it a sin? (00:30:00) Loans and debtors - conversations through history (00:40:00) Money through the ages - from gold to paper (00:50:00) Bankers and interest - an eternal topic of debate (01:00:00) Lending with a conscience - ethical and moral dilemmas (01:10:00) How banks work - loans, trust and ""tricks"" (01:20:00) Why we need banks and what they really do (01:30:00) States in debt - the system that drags us all (01:40:00) Inflation and stability - what the value of money means (01:50:00) Savings and banking games - real examples (02:00:00) How to manage personal finances (02:10:00) Credit mechanisms today - what you should you know (02:20:00) Stock market and investments – stocks, funds and a little adrenaline ************************************************************************************** We never intend to impose our beliefs and thoughts on another. Although we sometimes give advice and suggestions, it is the responsibility of each individual to rationally decide whether to accept them. With all that said, I hope you enjoy the episode. **********************************************************************************************","""Let me explain MONEY, BANKS and INTEREST to a small child"" - PART ONE ""Money, Banks and Finances"" | B&K Podcast — FIRST PART. I came across an interesting course at Peterson Academy called ""The Morality and Practice of Finance"". This episode is the first part of my attempt to recount my impressions. We talk about: Why is this important? The origin of money. The Beginnings and Business of Banking. SPONSORS: Subscribe for exclusive members-only episodes: (00:00:00) How it all began - the first money and its value (00:10:00) The old days - loans, interest and taboos (00:20:00) Interest and religion - why was it a sin? (00:30:00) Loans and debtors - conversations through history (00:40:00) Money through the ages - from gold to paper (00:50:00) Bankers and interest - an eternal topic of debate (01:00:00) Lending with a conscience - ethical and moral dilemmas (01:10:00) How banks work - loans, trust and ""tricks"" (01:20:00) Why we need banks and what they really do (01:30:00) States in debt - the system that drags us all (01:40:00) Inflation and stability - what the value of money means (01:50:00) Savings and banking games - real examples (02:00:00) How to manage personal finances (02:10:00) Credit mechanisms today - what you should you know (02:20:00) Stock market and investments – stocks, funds and a little adrenaline ************************************************************************************** We never intend to impose our beliefs and thoughts on another. Although we sometimes give advice and suggestions, it is the responsibility of each individual to rationally decide whether to accept them. With all that said, I hope you enjoy the episode. **********************************************************************************************","“Ај објасни ПАРИ, БАНКИ и КАМАТИ на мало дете“ - ПРВ ДЕЛ “Пари, Банки и Финансии“ | Б&К Подкаст — ПРВ ДЕЛ. Наидов на интересен курс на Peterson Academy наречен ""The Morality and Practice of Finance"". Оваа епизода е првиот дел од мојот обид да ги прераскажам моите впечатоци. Зборуваме за: Зошто е важно ова? Потеклото на парите. Почетоците и бизнисот на банкарството. СПОНЗОРИ: Зачлени се за ексклузивни “само-за-членови“ епизоди: (00:00:00) Како почнало сè – првите пари и нивната вредност (00:10:00) Старите времиња – позајмици, камати и табуа (00:20:00) Камата и религијата – зошто била грев? (00:30:00) Кредити и должници – муабети низ историјата (00:40:00) Парите низ векови – од злато до хартија (00:50:00) Банкарите и каматите – вечна тема за расправија (01:00:00) Позајмување со совест – етички и морални дилеми (01:10:00) Како работат банките – кредити, доверба и „финти“ (01:20:00) Зошто ни требаат банки и што навистина прават (01:30:00) Држави во долгови – системот што сите не влече (01:40:00) Инфлација и стабилност – што значи вредност на пари (01:50:00) Штедење и банкарски игри – реални примери (02:00:00) Како да се снајдеш со лични финансии (02:10:00) Кредитни механизми денес – што треба да знаеш (02:20:00) Берза и инвестиции – акции, фондови и малку адреналин *************************************************************************************** Никогаш немаме намера да ги наметнеме своите верувања и мисли на друг. Иако некогаш даваме совети и сугестии, одговорност е на секоја индивидуа да рационално одлучи дали ќе ги прифати. Со сето ова речено, се надевам дека ќе уживате во епизодата. ***************************************************************************************",7,ok
feHexA3rszo,Не запираат острите реакции за името Македонија,,AlfaTV News,2024-05-17 12:25:38+00:00,2024,1964,29,14,12,името на Македонија,името на Македонија,mk,https://www.youtube.com/watch?v=feHexA3rszo,Не запираат острите реакции за името Македонија,,Не запираат острите реакции за името Македонија,The sharp reactions to the name Macedonia do not stop,,The sharp reactions to the name Macedonia do not stop,Не запираат острите реакции за името Македонија,7,ok
0E-76oZ8O8A,Има ли можност за напредок во разговорите среде политичка криза во Бугарија,"Follow Sitel Televizija on...
• WEB: http://sitel.com.mk/
• FB: https://smarturl.it/sitelFB
• IG: https://smarturl.it/SitelInstagram
• Tw: https://smarturl.it/SitelTwitter

© & ℗ Sitel Televizija All Rights Reserved",Сител Телевизија,2021-04-23 14:27:59+00:00,2021,543,1,7,12,политичка криза; политичка криза Македонија,политичка криза Македонија,mk,https://www.youtube.com/watch?v=0E-76oZ8O8A,Има ли можност за напредок во разговорите среде политичка криза во Бугарија,Folloв Sitel Televiziјa on...,Има ли можност за напредок во разговорите среде политичка криза во Бугарија — Folloв Sitel Televiziјa on...,Is there any possibility of progress in the talks amid the political crisis in Bulgaria?,Follow Sitel Television on...,Is there any possibility of progress in the talks amid the political crisis in Bulgaria? — Follow Sitel Television on...,Има ли можност за напредок во разговорите среде политичка криза во Бугарија — Folloв Sitel Televiziјa on...,6,ok
zWOQGRZBuck,Владата го објави францускиот предлог за отстранување на бугарското вето и за старт на преговорите,,Televizija 24,2022-07-01 17:30:26+00:00,2022,456,1,7,12,француски предлог Македонија,француски предлог Македонија,mk,https://www.youtube.com/watch?v=zWOQGRZBuck,Владата го објави францускиот предлог за отстранување на бугарското вето и за старт на преговорите,,Владата го објави францускиот предлог за отстранување на бугарското вето и за старт на преговорите,The government announced the French proposal for removing the Bulgarian veto and for the start of negotiations,,The government announced the French proposal for removing the Bulgarian veto and for the start of negotiations,Владата го објави францускиот предлог за отстранување на бугарското вето и за старт на преговорите,4,ok
6v7GmuTwkY0,Провокации од Бугарија по натпреварот - ни помогнале за брза интеграција во ЕУ,,AlfaTV News,2023-07-29 15:33:24+00:00,2023,711,3,6,12,интеграција во ЕУ Македонија,интеграција во ЕУ Македонија,mk,https://www.youtube.com/watch?v=6v7GmuTwkY0,Провокации од Бугарија по натпреварот - ни помогнале за брза интеграција во ЕУ,,Провокации од Бугарија по натпреварот - ни помогнале за брза интеграција во ЕУ,Provocations from Bulgaria after the match - they helped us for a quick integration in the EU,,Provocations from Bulgaria after the match - they helped us for a quick integration in the EU,Провокации од Бугарија по натпреварот - ни помогнале за брза интеграција во ЕУ,3,ok
npjO2Hb5cjc,"Уште едно вето: Џабе сите отстапки, Македонија ќе си чека пред бриселските порти",,AlfaTV News,2020-12-08 16:32:55+00:00,2020,557,4,6,12,бугарско вето Македонија,бугарско вето Македонија,mk,https://www.youtube.com/watch?v=npjO2Hb5cjc,"Уште едно вето: Џабе сите отстапки, Македонија ќе си чека пред бриселските порти",,"Уште едно вето: Џабе сите отстапки, Македонија ќе си чека пред бриселските порти","Another veto: All concessions are in vain, Macedonia will be waiting at the gates of Brussels",,"Another veto: All concessions are in vain, Macedonia will be waiting at the gates of Brussels","Уште едно вето: Џабе сите отстапки, Македонија ќе си чека пред бриселските порти",3,ok
uMMygt6DcEs,Protest # NE # Petrovden 12.07.2022 Skopje Macedonia Протест # НЕ # Македонија Св. ПЕТАР И ПАВЛЕ,,Kufalov Macedonia,2022-07-12 19:39:45+00:00,2022,1333,12,5,12,НАТО ЕУ Македонија протест,НАТО ЕУ Македонија протест,mk,https://www.youtube.com/watch?v=uMMygt6DcEs,Protest # NE # Petrovden 12.07.2022 Skopje Macedonia Протест # НЕ # Македонија Св. ПЕТАР И ПАВЛЕ,,Protest # NE # Petrovden 12.07.2022 Skopje Macedonia Протест # НЕ # Македонија Св. ПЕТАР И ПАВЛЕ,Protest # NE # Petrovden 12.07.2022 Skopje Macedonia Protest # NE # Macedonia St. PETER AND PAUL,,Protest # NE # Petrovden 12.07.2022 Skopje Macedonia Protest # NE # Macedonia St. PETER AND PAUL,Protest # NE # Petrovden 12.07.2022 Skopje Macedonia Протест # НЕ # Македонија Св. ПЕТАР И ПАВЛЕ,4,ok
9XzxvaGaeRs,Како да се врати името РЕПУБЛИКА МАКЕДОНИЈА,,Filip Petrovski,2024-05-15 20:24:09+00:00,2024,598,35,5,12,името на Македонија,името на Македонија,mk,https://www.youtube.com/watch?v=9XzxvaGaeRs,Како да се врати името РЕПУБЛИКА МАКЕДОНИЈА,,Како да се врати името РЕПУБЛИКА МАКЕДОНИЈА,How to restore the name REPUBLIC OF MACEDONIA,,How to restore the name REPUBLIC OF MACEDONIA,Како да се врати името РЕПУБЛИКА МАКЕДОНИЈА,3,ok
ZmmgufsbMxQ,МИЛОШОСКИ: ПОЛИТИЧКА КРИЗА ПО ВЕТОТО - СДСМ: БЛОКАДАТА ОД БУГАРИЈА НЕ Е ВО ЕВРОПСКИ ДУХ,"Follow TV21 on...
• Web: https://tv21.mk & https://tv21.tv
• FB: https://smarturl.it/TV21Fb
• IG: https://smarturl.it/TV21IG
• Tw: https://smarturl.it/tv21Tw
• Телефон: 02/313-5630

© & ℗ TV21 & IN Media. All Rights Reserved",TV21,2020-11-17 19:12:12+00:00,2020,131,1,4,12,политичка криза; политичка криза Македонија,политичка криза Македонија,mk,https://www.youtube.com/watch?v=ZmmgufsbMxQ,МИЛОШОСКИ: ПОЛИТИЧКА КРИЗА ПО ВЕТОТО - СДСМ: БЛОКАДАТА ОД БУГАРИЈА НЕ Е ВО ЕВРОПСКИ ДУХ,Follow TV21 on... • Телефон: 02/313-5630,МИЛОШОСКИ: ПОЛИТИЧКА КРИЗА ПО ВЕТОТО - СДСМ: БЛОКАДАТА ОД БУГАРИЈА НЕ Е ВО ЕВРОПСКИ ДУХ — Follow TV21 on... • Телефон: 02/313-5630,MILOSHOSKI: POLITICAL CRISIS AFTER THE VETO - SDSM: THE BLOCKADE FROM BULGARIA IS NOT IN THE EUROPEAN SPIRIT,Follow TV21 on... • Phone: 02/313-5630,MILOSHOSKI: POLITICAL CRISIS AFTER THE VETO - SDSM: THE BLOCKADE FROM BULGARIA IS NOT IN THE EUROPEAN SPIRIT — Follow TV21 on... • Phone: 02/313-5630,МИЛОШОСКИ: ПОЛИТИЧКА КРИЗА ПО ВЕТОТО - СДСМ: БЛОКАДАТА ОД БУГАРИЈА НЕ Е ВО ЕВРОПСКИ ДУХ — Follow TV21 on... • Телефон: 02/313-5630,2,ok
ZjRJUJroPFA,Како до уставни измени – влегува ли земјата во нова политичка криза?,,Televizija 24,2018-10-02 14:54:44+00:00,2018,648,1,3,12,политичка криза,политичка криза,mk,https://www.youtube.com/watch?v=ZjRJUJroPFA,Како до уставни измени – влегува ли земјата во нова политичка криза?,,Како до уставни измени – влегува ли земјата во нова политичка криза?,How about constitutional amendments - is the country entering a new political crisis?,,How about constitutional amendments - is the country entering a new political crisis?,Како до уставни измени – влегува ли земјата во нова политичка криза?,1,ok
Ishk1PIOqPA,Услов за влез во Влада ќе биде да НЕ се менува Уставот! - Јакимовски во #ТешкиМуабети,Услов за влез во Влада ќе биде да НЕ се менува Уставот! - Јакимовски во #ТешкиМуабети,Инфомакс,2024-03-28 14:30:03+00:00,2024,2235,51,2,12,реформа на уставот Македонија,реформа на уставот Македонија,mk,https://www.youtube.com/watch?v=Ishk1PIOqPA,Услов за влез во Влада ќе биде да НЕ се менува Уставот! - Јакимовски во ТешкиМуабети,Услов за влез во Влада ќе биде да НЕ се менува Уставот! - Јакимовски во ТешкиМуабети,Услов за влез во Влада ќе биде да НЕ се менува Уставот! - Јакимовски во ТешкиМуабети — Услов за влез во Влада ќе биде да НЕ се менува Уставот! - Јакимовски во ТешкиМуабети,The condition for entering the Government will be NOT to change the Constitution! - Jakimovski in TeshkiUabeti,The condition for entering the Government will be NOT to change the Constitution! - Jakimovski in TeshkiUabeti,The condition for entering the Government will be NOT to change the Constitution! - Jakimovski in TeshkiUabeti — The condition for entering the Government will be NOT to change the Constitution! - Jakimovski in TeshkiUabeti,Услов за влез во Влада ќе биде да НЕ се менува Уставот! - Јакимовски во ТешкиМуабети — Услов за влез во Влада ќе биде да НЕ се менува Уставот! - Јакимовски во ТешкиМуабети,2,ok
IesPOqyi7Yk,Уставната комисија за два дена ќе расправа за амандманите,"Follow Kanal5 on...
• FB: https://smarturl.it/fb5
• IG: https://smarturl.it/Ig5
• Web: https://kanal5.com.mk/

© & ℗ Kanal5 & IN Media. All Rights Reserved



Владините амандмани за промена на Уставот в среда ќе се најдат пред пратениците на Комисијата за уставни прашања,  а в четврток и во законодавно –прваната комисија.",Канал 5 Телевизија,2018-11-05 13:58:09+00:00,2018,124,0,1,12,реформа на уставот Македонија,реформа на уставот Македонија,mk,https://www.youtube.com/watch?v=IesPOqyi7Yk,Уставната комисија за два дена ќе расправа за амандманите,"Follow Kanal5 on... Владините амандмани за промена на Уставот в среда ќе се најдат пред пратениците на Комисијата за уставни прашања, а в четврток и во законодавно –прваната комисија.","Уставната комисија за два дена ќе расправа за амандманите — Follow Kanal5 on... Владините амандмани за промена на Уставот в среда ќе се најдат пред пратениците на Комисијата за уставни прашања, а в четврток и во законодавно –прваната комисија.",The Constitutional Commission will discuss the amendments in two days,"Follow Kanal5 on... The government's amendments to change the Constitution will be presented to the deputies of the Commission for Constitutional Affairs on Wednesday, and on Thursday to the first legislative committee.","The Constitutional Commission will discuss the amendments in two days — Follow Kanal5 on... The government's amendments to change the Constitution will be presented to the deputies of the Commission for Constitutional Affairs on Wednesday, and on Thursday to the first legislative committee.","Уставната комисија за два дена ќе расправа за амандманите — Follow Kanal5 on... Владините амандмани за промена на Уставот в среда ќе се најдат пред пратениците на Комисијата за уставни прашања, а в четврток и во законодавно –прваната комисија.",1,ok
Cv7BeL5FxZE,„Во фокус“ за Преспански договор - Што ќаривме економски од загубата на уставното име?,,AlfaTV News,2022-05-25 12:10:18+00:00,2022,88,2,1,12,Преспански договор; преспански договор,преспански договор,mk,https://www.youtube.com/watch?v=Cv7BeL5FxZE,„Во фокус“ за Преспански договор - Што ќаривме економски од загубата на уставното име?,,„Во фокус“ за Преспански договор - Што ќаривме економски од загубата на уставното име?,"""In focus"" for the Prespa agreement - What did we gain economically from the loss of the constitutional name?",,"""In focus"" for the Prespa agreement - What did we gain economically from the loss of the constitutional name?",„Во фокус“ за Преспански договор - Што ќаривме економски од загубата на уставното име?,1,ok
QfbeQlWGPQQ,Извештајот на Вајц со „Македонски јазик и идентитет“ усвоен во АФЕТ,"Follow Sitel Televizija on...
• WEB: http://sitel.com.mk/
• FB: https://www.facebook.com/sitelmk
• IG: https://www.instagram.com/sitel.tv/
• Tw: https://twitter.com/SitelTV
• TT: https://www.tiktok.com/@sitel.televizija

© & ℗ Sitel Televizija All Rights Reserved",Сител Телевизија,2025-06-24 14:46:18+00:00,2025,3991,36,89,11,македонски идентитет,македонски идентитет,mk,https://www.youtube.com/watch?v=QfbeQlWGPQQ,Извештајот на Вајц со „Македонски јазик и идентитет“ усвоен во АФЕТ,Folloв Sitel Televiziјa on...,Извештајот на Вајц со „Македонски јазик и идентитет“ усвоен во АФЕТ — Folloв Sitel Televiziјa on...,"Weitz's report with ""Macedonian language and identity"" adopted in AFET",Follow Sitel Television on...,"Weitz's report with ""Macedonian language and identity"" adopted in AFET — Follow Sitel Television on...",Извештајот на Вајц со „Македонски јазик и идентитет“ усвоен во АФЕТ — Folloв Sitel Televiziјa on...,23,ok
bvwKmmnsEf4,Каракачанов: Бугарија нема да прави отстапки за Македонија,"Follow Sitel Televizija on...
• WEB: http://sitel.com.mk/
• FB: https://smarturl.it/sitelFB
• IG: https://smarturl.it/SitelInstagram
• Tw: https://smarturl.it/SitelTwitter

© & ℗ Sitel Televizija & IN Media. All Rights Reserved",Сител Телевизија,2020-11-02 11:19:17+00:00,2020,1938,36,80,11,бугарско вето Македонија,бугарско вето Македонија,mk,https://www.youtube.com/watch?v=bvwKmmnsEf4,Каракачанов: Бугарија нема да прави отстапки за Македонија,Folloв Sitel Televiziјa on...,Каракачанов: Бугарија нема да прави отстапки за Македонија — Folloв Sitel Televiziјa on...,Karakachanov: Bulgaria will not make concessions for Macedonia,Follow Sitel Television on...,Karakachanov: Bulgaria will not make concessions for Macedonia — Follow Sitel Television on...,Каракачанов: Бугарија нема да прави отстапки за Македонија — Folloв Sitel Televiziјa on...,14,ok
mNAGmh9pFIk,Извештајот на Вајц со „Македонски јазик и идентитет“ усвоен во Комитетот за надворешни работи на ЕП,"Follow Sitel Televizija on...
• WEB: http://sitel.com.mk/
• FB: https://www.facebook.com/sitelmk
• IG: https://www.instagram.com/sitel.tv/
• Tw: https://twitter.com/SitelTV
• TT: https://www.tiktok.com/@sitel.televizija

© & ℗ Sitel Televizija All Rights Reserved",Сител Телевизија,2025-06-24 10:23:18+00:00,2025,1514,21,41,11,македонски идентитет,македонски идентитет,mk,https://www.youtube.com/watch?v=mNAGmh9pFIk,Извештајот на Вајц со „Македонски јазик и идентитет“ усвоен во Комитетот за надворешни работи на ЕП,Folloв Sitel Televiziјa on...,Извештајот на Вајц со „Македонски јазик и идентитет“ усвоен во Комитетот за надворешни работи на ЕП — Folloв Sitel Televiziјa on...,"The Weitz report with ""Macedonian language and identity"" adopted in the EP Foreign Affairs Committee",Follow Sitel Television on...,"The Weitz report with ""Macedonian language and identity"" adopted in the EP Foreign Affairs Committee — Follow Sitel Television on...",Извештајот на Вајц со „Македонски јазик и идентитет“ усвоен во Комитетот за надворешни работи на ЕП — Folloв Sitel Televiziјa on...,11,ok
grje2Przj6s,Бугарија ја блокираше и Македонија и проширувањето,"Follow Sitel Televizija on...
• WEB: http://sitel.com.mk/
• FB: https://smarturl.it/sitelFB
• IG: https://smarturl.it/SitelInstagram
• Tw: https://smarturl.it/SitelTwitter

© & ℗ Sitel Televizija & IN Media. All Rights Reserved",Сител Телевизија,2020-12-07 18:05:51+00:00,2020,1562,14,38,11,бугарско вето Македонија,бугарско вето Македонија,mk,https://www.youtube.com/watch?v=grje2Przj6s,Бугарија ја блокираше и Македонија и проширувањето,Folloв Sitel Televiziјa on...,Бугарија ја блокираше и Македонија и проширувањето — Folloв Sitel Televiziјa on...,Bulgaria also blocked Macedonia and the enlargement,Follow Sitel Television on...,Bulgaria also blocked Macedonia and the enlargement — Follow Sitel Television on...,Бугарија ја блокираше и Македонија и проширувањето — Folloв Sitel Televiziјa on...,6,ok
uuedEfALnS4,Умерени бугарски политичари - Бугарија повторно греши кон Македонија,"Follow Sitel Televizija on...
• WEB: http://sitel.com.mk/
• FB: https://smarturl.it/sitelFB
• IG: https://smarturl.it/SitelInstagram
• Tw: https://smarturl.it/SitelTwitter

© & ℗ Sitel Televizija All Rights Reserved",Сител Телевизија,2023-01-26 20:10:41+00:00,2023,1435,5,9,11,бугарско вето Македонија,бугарско вето Македонија,mk,https://www.youtube.com/watch?v=uuedEfALnS4,Умерени бугарски политичари - Бугарија повторно греши кон Македонија,Folloв Sitel Televiziјa on...,Умерени бугарски политичари - Бугарија повторно греши кон Македонија — Folloв Sitel Televiziјa on...,Moderate Bulgarian politicians - Bulgaria is wrong again towards Macedonia,Follow Sitel Television on...,Moderate Bulgarian politicians - Bulgaria is wrong again towards Macedonia — Follow Sitel Television on...,Умерени бугарски политичари - Бугарија повторно греши кон Македонија — Folloв Sitel Televiziјa on...,2,ok
cedo4QFli3w,Владиката Агатангел повика на протест в недела пред седиштето на ЕУ во Скопје,"Web: http://sitel.com.mk/
Facebook: https://www.facebook.com/sitelvesti/
Twitter: https://twitter.com/SitelTV
Instagram: https://www.instagram.com/siteltelevision/

Copyright: OnAir Media Group; www.onair.mk",Сител Телевизија,2020-08-25 19:12:43+00:00,2020,4179,27,6,11,НАТО ЕУ Македонија протест,НАТО ЕУ Македонија протест,mk,https://www.youtube.com/watch?v=cedo4QFli3w,Владиката Агатангел повика на протест в недела пред седиштето на ЕУ во Скопје,,Владиката Агатангел повика на протест в недела пред седиштето на ЕУ во Скопје,Bishop Agatangel called for a protest on Sunday in front of the EU headquarters in Skopje,,Bishop Agatangel called for a protest on Sunday in front of the EU headquarters in Skopje,Владиката Агатангел повика на протест в недела пред седиштето на ЕУ во Скопје,5,ok
VW1eoFtQYJo,Може ли влада и институции без легитимитет да спроведат ПОПИС,ДвижењеБојкотирам во Живо вечерва ќе дискутира за реалната можност да се спроведе попис во ситуација кога довербата во институциите и во законските норми е непостоечка. Ќе верува ли некој на попис спроведен од Црпко?,Движење Бојкотирам,2020-10-09 08:21:30+00:00,2020,441,18,4,11,довербата во институциите,довербата во институциите,mk,https://www.youtube.com/watch?v=VW1eoFtQYJo,Може ли влада и институции без легитимитет да спроведат ПОПИС,ДвижењеБојкотирам во Живо вечерва ќе дискутира за реалната можност да се спроведе попис во ситуација кога довербата во институциите и во законските норми е непостоечка. Ќе верува ли некој на попис спроведен од Црпко?,Може ли влада и институции без легитимитет да спроведат ПОПИС — ДвижењеБојкотирам во Живо вечерва ќе дискутира за реалната можност да се спроведе попис во ситуација кога довербата во институциите и во законските норми е непостоечка. Ќе верува ли некој на попис спроведен од Црпко?,Can a government and institutions without legitimacy conduct a CENSUS,The Boycott Live movement will tonight discuss the real possibility of conducting a census in a situation where trust in institutions and legal norms is non-existent. Will anyone believe an inventory conducted by Crpko?,Can a government and institutions without legitimacy conduct a CENSUS — The Boycott Live movement will tonight discuss the real possibility of conducting a census in a situation where trust in institutions and legal norms is non-existent. Will anyone believe an inventory conducted by Crpko?,Може ли влада и институции без легитимитет да спроведат ПОПИС — ДвижењеБојкотирам во Живо вечерва ќе дискутира за реалната можност да се спроведе попис во ситуација кога довербата во институциите и во законските норми е непостоечка. Ќе верува ли некој на попис спроведен од Црпко?,3,ok
2oCIgjD19Vg,Што предвидуваат евентуално новите правила за интеграција на Западен Балкан во ЕУ?,"Follow Sitel Televizija on...
• WEB: http://sitel.com.mk/
• FB: https://smarturl.it/sitelFB
• IG: https://smarturl.it/SitelInstagram
• Tw: https://smarturl.it/SitelTwitter

© & ℗ Sitel Televizija All Rights Reserved",Сител Телевизија,2021-11-02 20:09:35+00:00,2021,449,3,3,11,интеграција во ЕУ Македонија,интеграција во ЕУ Македонија,mk,https://www.youtube.com/watch?v=2oCIgjD19Vg,Што предвидуваат евентуално новите правила за интеграција на Западен Балкан во ЕУ?,Folloв Sitel Televiziјa on...,Што предвидуваат евентуално новите правила за интеграција на Западен Балкан во ЕУ? — Folloв Sitel Televiziјa on...,What do the new rules for the integration of the Western Balkans in the EU foresee?,Follow Sitel Television on...,What do the new rules for the integration of the Western Balkans in the EU foresee? — Follow Sitel Television on...,Што предвидуваат евентуално новите правила за интеграција на Западен Балкан во ЕУ? — Folloв Sitel Televiziјa on...,1,ok
LQyVMQWDUck,"""Панични напади - неразбирливата болка на нашето време"" - СебеСложувалка број 5 со Марија Карилоска","M-р Тиана Ивановска, дипломиран психолог и Гешталт психотерапевт под супервизија при ""Гешталт Институт Скопје""
Марија Карилоска, дипломиран психолог и Гешталт психотерапевт под супервизија при ""Гешталт Институт Скопје""

Агенда

1. Што се панични напади? - поим и дефинирање
2. Што ми се случува при паничен напад?
3. Паничен напад како неискажливо чувство
4. Паничен напад како релациска појава
5. Паничните напади и животниот циклус
6. Постмодерниот социјален контекст и паничните напади
7. Q&A",СебеСложувалка ,2020-05-25 09:17:28+00:00,2020,983,15,2,11,социјален стрес,социјален стрес,mk,https://www.youtube.com/watch?v=LQyVMQWDUck,"""Панични напади - неразбирливата болка на нашето време"" - СебеСложувалка број 5 со Марија Карилоска","M-р Тиана Ивановска, дипломиран психолог и Гешталт психотерапевт под супервизија при ""Гешталт Институт Скопје"" Марија Карилоска, дипломиран психолог и Гешталт психотерапевт под супервизија при ""Гешталт Институт Скопје"" Агенда 1. Што се панични напади? - поим и дефинирање 2. Што ми се случува при паничен напад? 3. Паничен напад како неискажливо чувство 4. Паничен напад како релациска појава 5. Паничните напади и животниот циклус 6. Постмодерниот социјален контекст и паничните напади 7. Q&A","""Панични напади - неразбирливата болка на нашето време"" - СебеСложувалка број 5 со Марија Карилоска — M-р Тиана Ивановска, дипломиран психолог и Гешталт психотерапевт под супервизија при ""Гешталт Институт Скопје"" Марија Карилоска, дипломиран психолог и Гешталт психотерапевт под супервизија при ""Гешталт Институт Скопје"" Агенда 1. Што се панични напади? - поим и дефинирање 2. Што ми се случува при паничен напад? 3. Паничен напад како неискажливо чувство 4. Паничен напад како релациска појава 5. Паничните напади и животниот циклус 6. Постмодерниот социјален контекст и паничните напади 7. Q&A","""Panic attacks - the incomprehensible pain of our time"" - Self Puzzle number 5 with Marija Kariloska","Ms. Tiana Ivanovska, graduate psychologist and Gestalt psychotherapist under supervision at ""Gestalt Institute Skopje"" Marija Kariloska, graduate psychologist and Gestalt psychotherapist under supervision at ""Gestalt Institute Skopje"" Agenda 1. What are panic attacks? - term and definition 2. What happens to me during a panic attack? 3. Panic attack as an inexpressible feeling 4. Panic attack as a relational phenomenon 5. Panic attacks and the life cycle 6. The postmodern social context and panic attacks 7. Q&A","""Panic attacks - the incomprehensible pain of our time"" - Self Puzzle number 5 with Marija Kariloska — Ms. Tiana Ivanovska, graduate psychologist and Gestalt psychotherapist under supervision at ""Gestalt Institute Skopje"" Marija Kariloska, graduate psychologist and Gestalt psychotherapist under supervision at ""Gestalt Institute Skopje"" Agenda 1. What are panic attacks? - term and definition 2. What happens to me during a panic attack? 3. Panic attack as an inexpressible feeling 4. Panic attack as a relational phenomenon 5. Panic attacks and the life cycle 6. The postmodern social context and panic attacks 7. Q&A","""Панични напади - неразбирливата болка на нашето време"" - СебеСложувалка број 5 со Марија Карилоска — M-р Тиана Ивановска, дипломиран психолог и Гешталт психотерапевт под супервизија при ""Гешталт Институт Скопје"" Марија Карилоска, дипломиран психолог и Гешталт психотерапевт под супервизија при ""Гешталт Институт Скопје"" Агенда 1. Што се панични напади? - поим и дефинирање 2. Што ми се случува при паничен напад? 3. Паничен напад како неискажливо чувство 4. Паничен напад како релациска појава 5. Паничните напади и животниот циклус 6. Постмодерниот социјален контекст и паничните напади 7. Q&A",1,ok
zw6VwPwL_FM,ЌЕ ЈА ОДНЕСЕ ЛИ ЗАКОНОТ ЗА ЈО ЗЕМЈАВА ВО ПОЛИТИЧКА КРИЗА?,,Televizija 24,2020-02-04 16:23:14+00:00,2020,612,3,2,11,политичка криза,политичка криза,mk,https://www.youtube.com/watch?v=zw6VwPwL_FM,ЌЕ ЈА ОДНЕСЕ ЛИ ЗАКОНОТ ЗА ЈО ЗЕМЈАВА ВО ПОЛИТИЧКА КРИЗА?,,ЌЕ ЈА ОДНЕСЕ ЛИ ЗАКОНОТ ЗА ЈО ЗЕМЈАВА ВО ПОЛИТИЧКА КРИЗА?,WILL THE LAW FOR JO LEAD THE COUNTRY INTO A POLITICAL CRISIS?,,WILL THE LAW FOR JO LEAD THE COUNTRY INTO A POLITICAL CRISIS?,ЌЕ ЈА ОДНЕСЕ ЛИ ЗАКОНОТ ЗА ЈО ЗЕМЈАВА ВО ПОЛИТИЧКА КРИЗА?,1,ok
C0LycnUttQ0,Преспанскиот договор - тема на Седницата за избор на грчка Влада,"Web: http://sitel.com.mk/
Facebook: https://www.facebook.com/tvsitel.mk/
Twitter: https://twitter.com/SitelTV
Instagram: https://www.instagram.com/siteltelevision/

Copyright: OnAir Media Group; www.onair.mk",Сител Телевизија,2019-07-21 14:13:13+00:00,2019,513,0,2,11,Преспански договор; преспански договор,преспански договор,mk,https://www.youtube.com/watch?v=C0LycnUttQ0,Преспанскиот договор - тема на Седницата за избор на грчка Влада,,Преспанскиот договор - тема на Седницата за избор на грчка Влада,The Prespa Agreement - topic of the Session for the election of the Greek Government,,The Prespa Agreement - topic of the Session for the election of the Greek Government,Преспанскиот договор - тема на Седницата за избор на грчка Влада,1,ok
udclYrdv-nk,Пендаровски: Претходниот француски предлог не содржеше отворање на преговорите,"Follow TV21 on...
• Web: https://tv21.mk & https://tv21.tv
• FB: https://smarturl.it/TV21Fb
• IG: https://smarturl.it/TV21IG
• Tw: https://smarturl.it/tv21Tw
• Телефон: 02/313-5630

© & ℗ TV21 & IN Media. All Rights Reserved",TV21,2022-07-08 19:27:16+00:00,2022,773,3,1,11,француски предлог Македонија,француски предлог Македонија,mk,https://www.youtube.com/watch?v=udclYrdv-nk,Пендаровски: Претходниот француски предлог не содржеше отворање на преговорите,Follow TV21 on... • Телефон: 02/313-5630,Пендаровски: Претходниот француски предлог не содржеше отворање на преговорите — Follow TV21 on... • Телефон: 02/313-5630,Pendarovski: The previous French proposal did not include the opening of negotiations,Follow TV21 on... • Phone: 02/313-5630,Pendarovski: The previous French proposal did not include the opening of negotiations — Follow TV21 on... • Phone: 02/313-5630,Пендаровски: Претходниот француски предлог не содржеше отворање на преговорите — Follow TV21 on... • Телефон: 02/313-5630,1,ok
YuIbH4g3W04,"Катимерини: Атина ќе го почитува Преспанскиот договор, но има и свои барања","Web: http://sitel.com.mk/
Facebook: https://www.facebook.com/tvsitel.mk/
Twitter: https://twitter.com/SitelTV
Instagram: https://www.instagram.com/siteltelevision/

Copyright: OnAir Media Group; www.onair.mk",Сител Телевизија,2019-07-29 16:13:11+00:00,2019,502,2,1,11,Преспански договор; преспански договор,преспански договор,mk,https://www.youtube.com/watch?v=YuIbH4g3W04,"Катимерини: Атина ќе го почитува Преспанскиот договор, но има и свои барања",,"Катимерини: Атина ќе го почитува Преспанскиот договор, но има и свои барања","Kathimerini: Athens will respect the Prespa Agreement, but it also has its own demands",,"Kathimerini: Athens will respect the Prespa Agreement, but it also has its own demands","Катимерини: Атина ќе го почитува Преспанскиот договор, но има и свои барања",1,ok
GPg_xRxroNI,Донев за Алфа: Брегзит ќе има последици и за Македонија,,AlfaTV News,2020-02-01 16:23:36+00:00,2020,472,5,1,11,политички настани Македонија,политички настани Македонија,mk,https://www.youtube.com/watch?v=GPg_xRxroNI,Донев за Алфа: Брегзит ќе има последици и за Македонија,,Донев за Алфа: Брегзит ќе има последици и за Македонија,Donev for Alfa: Brexit will have consequences for Macedonia as well,,Donev for Alfa: Brexit will have consequences for Macedonia as well,Донев за Алфа: Брегзит ќе има последици и за Македонија,1,ok
uOWfJmdmezw,Епизода бр.7 - Тест,"Што е потребно за да станете Контролор на летање ❓ 

Завршено средно образование + да го поминете тестот кој се состои од: логично размислување, решавање на проблеми, ориентација во простор, брзина и мултитаскинг и стрес тест ✈😎

#TVTAXI28 #Епизода07 #Мијата #Miyatta #padobranstvo #JaneStefanov #твтакси28 #profesija #muzika #kontrolanaletanje",TVTaxi 28,2023-09-06 08:13:48+00:00,2023,24,0,1,11,стрес во општеството,стрес во општеството,mk,https://www.youtube.com/watch?v=uOWfJmdmezw,Епизода бр.7 - Тест,"Што е потребно за да станете Контролор на летање ❓ Завршено средно образование + да го поминете тестот кој се состои од: логично размислување, решавање на проблеми, ориентација во простор, брзина и мултитаскинг и стрес тест ✈😎 TVTAXI28 Епизода07 Мијата Miyatta padobranstvo JaneStefanov твтакси28 profesija muzika kontrolanaletanje","Епизода бр.7 - Тест — Што е потребно за да станете Контролор на летање ❓ Завршено средно образование + да го поминете тестот кој се состои од: логично размислување, решавање на проблеми, ориентација во простор, брзина и мултитаскинг и стрес тест ✈😎 TVTAXI28 Епизода07 Мијата Miyatta padobranstvo JaneStefanov твтакси28 profesija muzika kontrolanaletanje",Episode No. 7 - Test,"What is required to become an Air Traffic Controller ❓ Completed secondary education + pass the test consisting of: logical thinking, problem solving, spatial orientation, speed and multitasking and stress test ✈😎 TVTAXI28 Episode07 Miyata Miyatta padobranstvo JaneStefanov tvtaxi28 profesija muzika kontrolanaletanje","Episode No. 7 - Test — What is required to become an Air Traffic Controller ❓ Completed secondary education + pass the test consisting of: logical thinking, problem solving, spatial orientation, speed and multitasking and stress test ✈😎 TVTAXI28 Episode07 Miyata Miyatta padobranstvo JaneStefanov tvtaxi28 profesija muzika kontrolanaletanje","Епизода бр.7 - Тест — Што е потребно за да станете Контролор на летање ❓ Завршено средно образование + да го поминете тестот кој се состои од: логично размислување, решавање на проблеми, ориентација во простор, брзина и мултитаскинг и стрес тест ✈😎 TVTAXI28 Епизода07 Мијата Miyatta padobranstvo JaneStefanov твтакси28 profesija muzika kontrolanaletanje",1,ok
3wnz58MBuNE,Каракачанов повторно провоцира: Не постои македонски идентитет одделен од бугарскиот,,AlfaTV News,2020-12-20 14:08:31+00:00,2020,837,15,19,10,македонски идентитет,македонски идентитет,mk,https://www.youtube.com/watch?v=3wnz58MBuNE,Каракачанов повторно провоцира: Не постои македонски идентитет одделен од бугарскиот,,Каракачанов повторно провоцира: Не постои македонски идентитет одделен од бугарскиот,Karakachanov provokes again: There is no Macedonian identity separate from the Bulgarian one,,Karakachanov provokes again: There is no Macedonian identity separate from the Bulgarian one,Каракачанов повторно провоцира: Не постои македонски идентитет одделен од бугарскиот,1,ok
6BnyUnI9gYY,Грција не ги почитува договорените одредби од Преспанскиот договор,,AlfaTV News,2019-11-01 17:12:22+00:00,2019,4048,16,10,10,Преспански договор; преспански договор,преспански договор,mk,https://www.youtube.com/watch?v=6BnyUnI9gYY,Грција не ги почитува договорените одредби од Преспанскиот договор,,Грција не ги почитува договорените одредби од Преспанскиот договор,Greece does not respect the agreed provisions of the Prespa Treaty,,Greece does not respect the agreed provisions of the Prespa Treaty,Грција не ги почитува договорените одредби од Преспанскиот договор,4,ok
izX2vsQvT4s,Тема на денот - дали и што е договорено во Софија? Зошто е отфрлен нон-пејперот од Берлин?,"Follow Sitel Televizija on...
• WEB: http://sitel.com.mk/
• FB: https://smarturl.it/sitelFB
• IG: https://smarturl.it/SitelInstagram
• Tw: https://smarturl.it/SitelTwitter

© & ℗ Sitel Televizija & IN Media. All Rights Reserved",Сител Телевизија,2020-11-10 18:53:36+00:00,2020,1595,3,9,10,довербата во системот,довербата во системот,mk,https://www.youtube.com/watch?v=izX2vsQvT4s,Тема на денот - дали и што е договорено во Софија? Зошто е отфрлен нон-пејперот од Берлин?,Folloв Sitel Televiziјa on...,Тема на денот - дали и што е договорено во Софија? Зошто е отфрлен нон-пејперот од Берлин? — Folloв Sitel Televiziјa on...,Topic of the day - is and what has been agreed in Sofia? Why was non-paper rejected from Berlin?,Follow Sitel Television on...,Topic of the day - is and what has been agreed in Sofia? Why was non-paper rejected from Berlin? — Follow Sitel Television on...,Тема на денот - дали и што е договорено во Софија? Зошто е отфрлен нон-пејперот од Берлин? — Folloв Sitel Televiziјa on...,4,ok
GfgpDyNLEnc,Реакции во Грција на потпишаниот договор за името,"Web: http://sitel.com.mk/
Facebook: https://www.facebook.com/tvsitel.mk/
Twitter: https://twitter.com/SitelTV
Instagram: https://www.instagram.com/siteltelevision/

Copyright: OnAir Media Group; www.onair.mk",Сител Телевизија,2018-06-18 14:58:11+00:00,2018,1040,2,8,10,Преспански договор; преспански договор,преспански договор,mk,https://www.youtube.com/watch?v=GfgpDyNLEnc,Реакции во Грција на потпишаниот договор за името,,Реакции во Грција на потпишаниот договор за името,Reactions in Greece to the signed agreement on the name,,Reactions in Greece to the signed agreement on the name,Реакции во Грција на потпишаниот договор за името,3,ok
Kfqnk1Bs6cA,Пет години од Преспанскиот договор - Ги исполни ли очекувањата?,"Follow Sitel Televizija on...
• WEB: http://sitel.com.mk/
• FB: https://smarturl.it/sitelFB
• IG: https://smarturl.it/SitelInstagram
• Tw: https://smarturl.it/SitelTwitter

© & ℗ Sitel Televizija All Rights Reserved",Сител Телевизија,2023-06-17 14:21:06+00:00,2023,1494,10,6,10,Преспански договор; преспански договор,преспански договор,mk,https://www.youtube.com/watch?v=Kfqnk1Bs6cA,Пет години од Преспанскиот договор - Ги исполни ли очекувањата?,Folloв Sitel Televiziјa on...,Пет години од Преспанскиот договор - Ги исполни ли очекувањата? — Folloв Sitel Televiziјa on...,Five years since the Prespa Agreement - Did it live up to expectations?,Follow Sitel Television on...,Five years since the Prespa Agreement - Did it live up to expectations? — Follow Sitel Television on...,Пет години од Преспанскиот договор - Ги исполни ли очекувањата? — Folloв Sitel Televiziјa on...,1,ok
6w5NSEGSlfE,Како да го пронајдете она кое ви недостасува,"Кога ќе ја препознаеме суштината на се што правиме, нашиот живот може да се промени во потполност.
Уживајте :)",Ilina Vedran,2018-11-16 10:37:26+00:00,2018,1009,23,2,10,колективна траума,колективна траума,mk,https://www.youtube.com/watch?v=6w5NSEGSlfE,Како да го пронајдете она кое ви недостасува,"Кога ќе ја препознаеме суштината на се што правиме, нашиот живот може да се промени во потполност. Уживајте :)","Како да го пронајдете она кое ви недостасува — Кога ќе ја препознаеме суштината на се што правиме, нашиот живот може да се промени во потполност. Уживајте :)",How to find what you are missing,"When we recognize the essence of everything we do, our life can change completely. Enjoy :)","How to find what you are missing — When we recognize the essence of everything we do, our life can change completely. Enjoy :)","Како да го пронајдете она кое ви недостасува — Кога ќе ја препознаеме суштината на се што правиме, нашиот живот може да се промени во потполност. Уживајте :)",2,ok
x_6x1JmmJzk,Анализа: Дали Мицотакис ќе го почитува Договорот од Преспа?,"Web: http://sitel.com.mk/
Facebook: https://www.facebook.com/tvsitel.mk/
Twitter: https://twitter.com/SitelTV
Instagram: https://www.instagram.com/siteltelevision/

Copyright: OnAir Media Group; www.onair.mk",Сител Телевизија,2019-07-08 14:11:00+00:00,2019,648,3,2,10,Преспански договор; преспански договор,преспански договор,mk,https://www.youtube.com/watch?v=x_6x1JmmJzk,Анализа: Дали Мицотакис ќе го почитува Договорот од Преспа?,,Анализа: Дали Мицотакис ќе го почитува Договорот од Преспа?,Analysis: Will Mitsotakis respect the Prespa Agreement?,,Analysis: Will Mitsotakis respect the Prespa Agreement?,Анализа: Дали Мицотакис ќе го почитува Договорот од Преспа?,2,ok
u_bFjHKVlz8,Колективна траума,Како да создадеме услови за лично и колективно исцелување,Ilina Vedran,2020-12-04 08:05:10+00:00,2020,420,3,2,10,колективна траума,колективна траума,mk,https://www.youtube.com/watch?v=u_bFjHKVlz8,Колективна траума,Како да создадеме услови за лично и колективно исцелување,Колективна траума — Како да создадеме услови за лично и колективно исцелување,Collective trauma,How to create conditions for personal and collective healing,Collective trauma — How to create conditions for personal and collective healing,Колективна траума — Како да создадеме услови за лично и колективно исцелување,2,ok
3SooZzfp9as,"Јанушев: Власта незаконски сама го носи договорот со Грција, кој е неуставен",,MAKFAX,2018-07-05 12:02:37+00:00,2018,812,9,1,10,национален идентитет,национален идентитет,mk,https://www.youtube.com/watch?v=3SooZzfp9as,"Јанушев: Власта незаконски сама го носи договорот со Грција, кој е неуставен",,"Јанушев: Власта незаконски сама го носи договорот со Грција, кој е неуставен","Janushev: The government is illegally carrying out the agreement with Greece on its own, which is unconstitutional",,"Janushev: The government is illegally carrying out the agreement with Greece on its own, which is unconstitutional","Јанушев: Власта незаконски сама го носи договорот со Грција, кој е неуставен",1,ok
QgJiryEjC7E,Европски либерали: Методологијата да донесе побрза интеграција во ЕУ,,Televizija 24,2020-02-08 18:58:47+00:00,2020,195,0,1,10,интеграција во ЕУ Македонија,интеграција во ЕУ Македонија,mk,https://www.youtube.com/watch?v=QgJiryEjC7E,Европски либерали: Методологијата да донесе побрза интеграција во ЕУ,,Европски либерали: Методологијата да донесе побрза интеграција во ЕУ,European liberals: The methodology to bring faster integration in the EU,,European liberals: The methodology to bring faster integration in the EU,Европски либерали: Методологијата да донесе побрза интеграција во ЕУ,1,ok
XiOZSLzmd8k,Бугарија го стави првото вето - има ли се уште надеж за преговори?,"Follow Sitel Televizija on...
• WEB: http://sitel.com.mk/
• FB: https://smarturl.it/sitelFB
• IG: https://smarturl.it/SitelInstagram
• Tw: https://smarturl.it/SitelTwitter

© & ℗ Sitel Televizija & IN Media. All Rights Reserved",Сител Телевизија,2020-11-06 15:41:35+00:00,2020,1622,9,87,9,бугарско вето Македонија,бугарско вето Македонија,mk,https://www.youtube.com/watch?v=XiOZSLzmd8k,Бугарија го стави првото вето - има ли се уште надеж за преговори?,Folloв Sitel Televiziјa on...,Бугарија го стави првото вето - има ли се уште надеж за преговори? — Folloв Sitel Televiziјa on...,Bulgaria put the first veto - is there still hope for negotiations?,Follow Sitel Television on...,Bulgaria put the first veto - is there still hope for negotiations? — Follow Sitel Television on...,Бугарија го стави првото вето - има ли се уште надеж за преговори? — Folloв Sitel Televiziјa on...,11,ok
HxpMqFLIWtA,Македонскиот идентитет и евроинтеграциите: Повик за единство и достоинство,,AlfaTV News,2025-07-02 12:42:57+00:00,2025,1162,18,56,9,македонски идентитет,македонски идентитет,mk,https://www.youtube.com/watch?v=HxpMqFLIWtA,Македонскиот идентитет и евроинтеграциите: Повик за единство и достоинство,,Македонскиот идентитет и евроинтеграциите: Повик за единство и достоинство,Macedonian identity and European integration: A call for unity and dignity,,Macedonian identity and European integration: A call for unity and dignity,Македонскиот идентитет и евроинтеграциите: Повик за единство и достоинство,9,ok
7pjt5FXpW0c,Бугарија го стави првото вето - има ли се уште надеж за преговори?,"Follow Sitel Televizija on...
• WEB: http://sitel.com.mk/
• FB: https://smarturl.it/sitelFB
• IG: https://smarturl.it/SitelInstagram
• Tw: https://smarturl.it/SitelTwitter

© & ℗ Sitel Televizija & IN Media. All Rights Reserved",Сител Телевизија,2020-11-06 18:08:08+00:00,2020,1941,10,30,9,бугарско вето Македонија,бугарско вето Македонија,mk,https://www.youtube.com/watch?v=7pjt5FXpW0c,Бугарија го стави првото вето - има ли се уште надеж за преговори?,Folloв Sitel Televiziјa on...,Бугарија го стави првото вето - има ли се уште надеж за преговори? — Folloв Sitel Televiziјa on...,Bulgaria put the first veto - is there still hope for negotiations?,Follow Sitel Television on...,Bulgaria put the first veto - is there still hope for negotiations? — Follow Sitel Television on...,Бугарија го стави првото вето - има ли се уште надеж за преговори? — Folloв Sitel Televiziјa on...,12,ok
2MuBcEy5o0A,"Топ тема на Ваша страна: Уставни измени, предвремени избори или нова политичка криза?",,ТОП ТЕМА НА ВАША СТРАНА (ТОП ТЕМА#ONYOURSIDE),2018-10-01 19:26:45+00:00,2018,6728,22,29,9,политичка криза,политичка криза,mk,https://www.youtube.com/watch?v=2MuBcEy5o0A,"Топ тема на Ваша страна: Уставни измени, предвремени избори или нова политичка криза?",,"Топ тема на Ваша страна: Уставни измени, предвремени избори или нова политичка криза?","Top topic on your side: Constitutional amendments, early elections or a new political crisis?",,"Top topic on your side: Constitutional amendments, early elections or a new political crisis?","Топ тема на Ваша страна: Уставни измени, предвремени избори или нова политичка криза?",9,ok
E-JBeBdqd0Y,"УСТАВНИ ИЗМЕНИ БЕЗ 2/3 МНОЗИНСТВО НЕ СЕ МОЖНИ, ВМРО-ДПМНЕ БАРА РЕФЕРЕНДУМ, НО НЕ ГО ЗНАЕ ПРАШАЊЕТО!","Follow TV21 on...
• Web: https://tv21.mk & https://tv21.tv
• FB: https://smarturl.it/TV21Fb
• IG: https://smarturl.it/TV21IG
• Tw: https://smarturl.it/tv21Tw
• Телефон: 02/313-5630

© & ℗ TV21 & IN Media. All Rights Reserved",TV21,2022-08-06 16:40:13+00:00,2022,3198,14,17,9,уставни измени Македонија,уставни измени Македонија,mk,https://www.youtube.com/watch?v=E-JBeBdqd0Y,"УСТАВНИ ИЗМЕНИ БЕЗ 2/3 МНОЗИНСТВО НЕ СЕ МОЖНИ, ВМРО-ДПМНЕ БАРА РЕФЕРЕНДУМ, НО НЕ ГО ЗНАЕ ПРАШАЊЕТО!",Follow TV21 on... • Телефон: 02/313-5630,"УСТАВНИ ИЗМЕНИ БЕЗ 2/3 МНОЗИНСТВО НЕ СЕ МОЖНИ, ВМРО-ДПМНЕ БАРА РЕФЕРЕНДУМ, НО НЕ ГО ЗНАЕ ПРАШАЊЕТО! — Follow TV21 on... • Телефон: 02/313-5630","CONSTITUTIONAL AMENDMENTS WITHOUT A 2/3 MAJORITY ARE NOT POSSIBLE, VMRO-DPMNE DEMANDS A REFERENDUM, BUT DOESN'T KNOW THE ISSUE!",Follow TV21 on... • Phone: 02/313-5630,"CONSTITUTIONAL AMENDMENTS WITHOUT A 2/3 MAJORITY ARE NOT POSSIBLE, VMRO-DPMNE DEMANDS A REFERENDUM, BUT DOESN'T KNOW THE ISSUE! — Follow TV21 on... • Phone: 02/313-5630","УСТАВНИ ИЗМЕНИ БЕЗ 2/3 МНОЗИНСТВО НЕ СЕ МОЖНИ, ВМРО-ДПМНЕ БАРА РЕФЕРЕНДУМ, НО НЕ ГО ЗНАЕ ПРАШАЊЕТО! — Follow TV21 on... • Телефон: 02/313-5630",4,ok
RKwU0E8MwLA,"Мицкоски: Османи закова шајки во македонскиот идентитет, но не се откажуваме","Follow Sitel Televizija on...
• WEB: http://sitel.com.mk/
• FB: https://www.facebook.com/sitelmk
• IG: https://www.instagram.com/sitel.tv/
• Tw: https://twitter.com/SitelTV
• TT: https://www.tiktok.com/@sitel.televizija

© & ℗ Sitel Televizija All Rights Reserved",Сител Телевизија,2025-06-11 14:45:23+00:00,2025,622,10,15,9,македонски идентитет,македонски идентитет,mk,https://www.youtube.com/watch?v=RKwU0E8MwLA,"Мицкоски: Османи закова шајки во македонскиот идентитет, но не се откажуваме",Folloв Sitel Televiziјa on...,"Мицкоски: Османи закова шајки во македонскиот идентитет, но не се откажуваме — Folloв Sitel Televiziјa on...","Mickoski: Osmani drove nails into the Macedonian identity, but we are not giving up",Follow Sitel Television on...,"Mickoski: Osmani drove nails into the Macedonian identity, but we are not giving up — Follow Sitel Television on...","Мицкоски: Османи закова шајки во македонскиот идентитет, но не се откажуваме — Folloв Sitel Televiziјa on...",3,ok
y3sDejGok80,"Заев не кажа прецизно дали ќе почнеме преговори со ЕУ, како Македонци кои постоеле и пред 1944",,AlfaTV News,2020-12-14 15:08:25+00:00,2020,233,0,15,9,ЕУ преговори Македонија,ЕУ преговори Македонија,mk,https://www.youtube.com/watch?v=y3sDejGok80,"Заев не кажа прецизно дали ќе почнеме преговори со ЕУ, како Македонци кои постоеле и пред 1944",,"Заев не кажа прецизно дали ќе почнеме преговори со ЕУ, како Македонци кои постоеле и пред 1944","Zaev did not say precisely whether we will start negotiations with the EU, as Macedonians who existed before 1944",,"Zaev did not say precisely whether we will start negotiations with the EU, as Macedonians who existed before 1944","Заев не кажа прецизно дали ќе почнеме преговори со ЕУ, како Македонци кои постоеле и пред 1944",1,ok
-J-Po43_--w,"Радев - преговори нема, ние сме во состојба на вето","Follow Sitel Televizija on...
• WEB: http://sitel.com.mk/
• FB: https://smarturl.it/sitelFB
• IG: https://smarturl.it/SitelInstagram
• Tw: https://smarturl.it/SitelTwitter

© & ℗ Sitel Televizija All Rights Reserved",Сител Телевизија,2023-02-09 15:21:28+00:00,2023,1206,5,12,9,национален идентитет,национален идентитет,mk,https://www.youtube.com/watch?v=-J-Po43_--w,"Радев - преговори нема, ние сме во состојба на вето",Folloв Sitel Televiziјa on...,"Радев - преговори нема, ние сме во состојба на вето — Folloв Sitel Televiziјa on...","Radev - there are no negotiations, we are in a state of veto",Follow Sitel Television on...,"Radev - there are no negotiations, we are in a state of veto — Follow Sitel Television on...","Радев - преговори нема, ние сме во состојба на вето — Folloв Sitel Televiziјa on...",7,ok
aMyhiKyCEk0,Дали формулата на Мицкоски за уставни измени е прифатлива за мнозинството?,"Follow Sitel Televizija on...
• WEB: http://sitel.com.mk/
• FB: https://smarturl.it/sitelFB
• IG: https://smarturl.it/SitelInstagram
• Tw: https://smarturl.it/SitelTwitter

© & ℗ Sitel Televizija All Rights Reserved",Сител Телевизија,2023-04-02 14:04:45+00:00,2023,2794,9,10,9,уставни измени Македонија,уставни измени Македонија,mk,https://www.youtube.com/watch?v=aMyhiKyCEk0,Дали формулата на Мицкоски за уставни измени е прифатлива за мнозинството?,Folloв Sitel Televiziјa on...,Дали формулата на Мицкоски за уставни измени е прифатлива за мнозинството? — Folloв Sitel Televiziјa on...,Is Mickoski's formula for constitutional amendments acceptable to the majority?,Follow Sitel Television on...,Is Mickoski's formula for constitutional amendments acceptable to the majority? — Follow Sitel Television on...,Дали формулата на Мицкоски за уставни измени е прифатлива за мнозинството? — Folloв Sitel Televiziјa on...,4,ok
ZJn4GGm3-s4,Ковачевски: Ни треба обединување за интеграција во ЕУ,"Follow Sitel Televizija on...
• WEB: http://sitel.com.mk/
• FB: https://www.facebook.com/sitelmk
• IG: https://www.instagram.com/sitel.tv/
• Tw: https://twitter.com/SitelTV
• TT: https://www.tiktok.com/@sitel.televizija

© & ℗ Sitel Televizija All Rights Reserved",Сител Телевизија,2024-04-20 20:10:00+00:00,2024,2645,28,9,9,интеграција во ЕУ Македонија,интеграција во ЕУ Македонија,mk,https://www.youtube.com/watch?v=ZJn4GGm3-s4,Ковачевски: Ни треба обединување за интеграција во ЕУ,Folloв Sitel Televiziјa on...,Ковачевски: Ни треба обединување за интеграција во ЕУ — Folloв Sitel Televiziјa on...,Kovacevski: We need unification for EU integration,Follow Sitel Television on...,Kovacevski: We need unification for EU integration — Follow Sitel Television on...,Ковачевски: Ни треба обединување за интеграција во ЕУ — Folloв Sitel Televiziјa on...,5,ok
zqFHEHv5JIA,Ќе има ли договор помеѓу ВМРО-ДПМНЕ и СДСМ за уставни измени?,"Follow Sitel Televizija on...
• WEB: http://sitel.com.mk/
• FB: https://smarturl.it/sitelFB
• IG: https://smarturl.it/SitelInstagram
• Tw: https://smarturl.it/SitelTwitter

© & ℗ Sitel Televizija All Rights Reserved",Сител Телевизија,2023-06-08 19:03:51+00:00,2023,1661,7,9,9,уставни измени Македонија,уставни измени Македонија,mk,https://www.youtube.com/watch?v=zqFHEHv5JIA,Ќе има ли договор помеѓу ВМРО-ДПМНЕ и СДСМ за уставни измени?,Folloв Sitel Televiziјa on...,Ќе има ли договор помеѓу ВМРО-ДПМНЕ и СДСМ за уставни измени? — Folloв Sitel Televiziјa on...,Will there be an agreement between VMRO-DPMNE and SDSM on constitutional amendments?,Follow Sitel Television on...,Will there be an agreement between VMRO-DPMNE and SDSM on constitutional amendments? — Follow Sitel Television on...,Ќе има ли договор помеѓу ВМРО-ДПМНЕ и СДСМ за уставни измени? — Folloв Sitel Televiziјa on...,4,ok
lz10b2UmMDA,Мицкоски предупредува на целосно редефинирање на државата со измените на Уставот,"Follow Sitel Televizija on...
• WEB: http://sitel.com.mk/
• FB: https://smarturl.it/sitelFB
• IG: https://smarturl.it/SitelInstagram
• Tw: https://smarturl.it/SitelTwitter

© & ℗ Sitel Televizija All Rights Reserved",Сител Телевизија,2023-05-23 14:16:22+00:00,2023,1126,4,5,9,реформа на уставот Македонија,реформа на уставот Македонија,mk,https://www.youtube.com/watch?v=lz10b2UmMDA,Мицкоски предупредува на целосно редефинирање на државата со измените на Уставот,Folloв Sitel Televiziјa on...,Мицкоски предупредува на целосно редефинирање на државата со измените на Уставот — Folloв Sitel Televiziјa on...,Mickoski warns of a complete redefinition of the state with the amendments to the Constitution,Follow Sitel Television on...,Mickoski warns of a complete redefinition of the state with the amendments to the Constitution — Follow Sitel Television on...,Мицкоски предупредува на целосно редефинирање на државата со измените на Уставот — Folloв Sitel Televiziјa on...,3,ok
tfr9pp8KI8o,Васкопулос: Нова демократија нема да го менува Преспанскиот договор,"Web: http://sitel.com.mk/
Facebook: https://www.facebook.com/tvsitel.mk/
Twitter: https://twitter.com/SitelTV
Instagram: https://www.instagram.com/siteltelevision/

Copyright: OnAir Media Group; www.onair.mk",Сител Телевизија,2019-07-07 14:36:58+00:00,2019,836,5,5,9,Преспански договор; преспански договор,преспански договор,mk,https://www.youtube.com/watch?v=tfr9pp8KI8o,Васкопулос: Нова демократија нема да го менува Преспанскиот договор,,Васкопулос: Нова демократија нема да го менува Преспанскиот договор,Vaskopoulos: New Democracy will not change the Prespa Agreement,,Vaskopoulos: New Democracy will not change the Prespa Agreement,Васкопулос: Нова демократија нема да го менува Преспанскиот договор,2,ok
fPzPePyJo04,Опозицијата нема да учествува во процесот на уставни измени,"Follow Sitel Televizija on...
• WEB: http://sitel.com.mk/
• FB: https://smarturl.it/sitelFB
• IG: https://smarturl.it/SitelInstagram
• Tw: https://smarturl.it/SitelTwitter

© & ℗ Sitel Televizija All Rights Reserved",Сител Телевизија,2023-07-20 17:57:18+00:00,2023,698,4,5,9,уставни измени Македонија,уставни измени Македонија,mk,https://www.youtube.com/watch?v=fPzPePyJo04,Опозицијата нема да учествува во процесот на уставни измени,Folloв Sitel Televiziјa on...,Опозицијата нема да учествува во процесот на уставни измени — Folloв Sitel Televiziјa on...,The opposition will not participate in the process of constitutional amendments,Follow Sitel Television on...,The opposition will not participate in the process of constitutional amendments — Follow Sitel Television on...,Опозицијата нема да учествува во процесот на уставни измени — Folloв Sitel Televiziјa on...,2,ok
H4rzcnw_qBE,Германскиот Бундестаг ја усвои резолуцијата за македонскиот идентитет,"Follow Sitel Televizija on...
• WEB: http://sitel.com.mk/
• FB: https://smarturl.it/sitelFB
• IG: https://smarturl.it/SitelInstagram
• Tw: https://smarturl.it/SitelTwitter

© & ℗ Sitel Televizija All Rights Reserved",Сител Телевизија,2023-06-16 10:05:31+00:00,2023,412,0,4,9,македонски идентитет,македонски идентитет,mk,https://www.youtube.com/watch?v=H4rzcnw_qBE,Германскиот Бундестаг ја усвои резолуцијата за македонскиот идентитет,Folloв Sitel Televiziјa on...,Германскиот Бундестаг ја усвои резолуцијата за македонскиот идентитет — Folloв Sitel Televiziјa on...,The German Bundestag adopted the resolution on the Macedonian identity,Follow Sitel Television on...,The German Bundestag adopted the resolution on the Macedonian identity — Follow Sitel Television on...,Германскиот Бундестаг ја усвои резолуцијата за македонскиот идентитет — Folloв Sitel Televiziјa on...,1,ok
HyeucgUgOVU,"Што понатаму по денешното ново вето од Бугарија? „Има надеж“, одговара Османи во „ClickPlus""","Follow TV21 on...
• Web: https://tv21.mk & https://tv21.tv
• FB: https://smarturl.it/TV21Fb
• IG: https://smarturl.it/TV21IG
• Tw: https://smarturl.it/tv21Tw
• Телефон: 02/313-5630

© & ℗ TV21 & IN Media. All Rights Reserved",TV21,2021-06-22 19:40:17+00:00,2021,438,1,3,9,бугарско вето Македонија,бугарско вето Македонија,mk,https://www.youtube.com/watch?v=HyeucgUgOVU,"Што понатаму по денешното ново вето од Бугарија? „Има надеж“, одговара Османи во „ClickPlus""",Follow TV21 on... • Телефон: 02/313-5630,"Што понатаму по денешното ново вето од Бугарија? „Има надеж“, одговара Османи во „ClickPlus"" — Follow TV21 on... • Телефон: 02/313-5630","What next after today's new veto from Bulgaria? ""There is hope"", answers Osmani in ""ClickPlus"".",Follow TV21 on... • Phone: 02/313-5630,"What next after today's new veto from Bulgaria? ""There is hope"", answers Osmani in ""ClickPlus"". — Follow TV21 on... • Phone: 02/313-5630","Што понатаму по денешното ново вето од Бугарија? „Има надеж“, одговара Османи во „ClickPlus"" — Follow TV21 on... • Телефон: 02/313-5630",3,ok
Y3lAtNTo0FM,Почна процедурата за уставни измени во Собранието,"Web: http://sitel.com.mk/
Facebook: https://www.facebook.com/tvsitel.mk/
Twitter: https://twitter.com/SitelTV
Instagram: https://www.instagram.com/siteltelevision/

Copyright: OnAir Media Group; www.onair.mk",Сител Телевизија,2018-10-10 17:45:30+00:00,2018,619,0,1,9,уставни измени Македонија,уставни измени Македонија,mk,https://www.youtube.com/watch?v=Y3lAtNTo0FM,Почна процедурата за уставни измени во Собранието,,Почна процедурата за уставни измени во Собранието,The procedure for constitutional changes in the Parliament has begun,,The procedure for constitutional changes in the Parliament has begun,Почна процедурата за уставни измени во Собранието,1,ok
vudAEbS9fqM,Што е стрес? Кои сме ние воопшто во состојба на стрес?,"Follow Sitel Televizija on...
• WEB: http://sitel.com.mk/
• FB: https://smarturl.it/sitelFB
• IG: https://smarturl.it/SitelInstagram
• Tw: https://smarturl.it/SitelTwitter

© & ℗ Sitel Televizija & IN Media. All Rights Reserved",Сител Телевизија,2021-02-02 08:55:01+00:00,2021,382,3,1,9,стрес во општеството,стрес во општеството,mk,https://www.youtube.com/watch?v=vudAEbS9fqM,Што е стрес? Кои сме ние воопшто во состојба на стрес?,Folloв Sitel Televiziјa on...,Што е стрес? Кои сме ние воопшто во состојба на стрес? — Folloв Sitel Televiziјa on...,What is stress? Who are we even in a state of stress?,Follow Sitel Television on...,What is stress? Who are we even in a state of stress? — Follow Sitel Television on...,Што е стрес? Кои сме ние воопшто во состојба на стрес? — Folloв Sitel Televiziјa on...,1,ok
twpCCXwj6rM,Власта очекува „француски предлог +“ – Мицкоски: Да се почитуваат правата на Македонците во Бугарија,"Follow TV21 on...
• Web: https://tv21.mk & https://tv21.tv
• FB: https://smarturl.it/TV21Fb
• IG: https://smarturl.it/TV21IG
• Tw: https://smarturl.it/tv21Tw
• Телефон: 02/313-5630

© & ℗ TV21 & IN Media. All Rights Reserved",TV21,2024-07-01 13:03:31+00:00,2024,208,0,1,9,француски предлог Македонија,француски предлог Македонија,mk,https://www.youtube.com/watch?v=twpCCXwj6rM,Власта очекува „француски предлог +“ – Мицкоски: Да се почитуваат правата на Македонците во Бугарија,Follow TV21 on... • Телефон: 02/313-5630,Власта очекува „француски предлог +“ – Мицкоски: Да се почитуваат правата на Македонците во Бугарија — Follow TV21 on... • Телефон: 02/313-5630,"The government expects a ""French proposal +"" - Mickoski: To respect the rights of Macedonians in Bulgaria",Follow TV21 on... • Phone: 02/313-5630,"The government expects a ""French proposal +"" - Mickoski: To respect the rights of Macedonians in Bulgaria — Follow TV21 on... • Phone: 02/313-5630",Власта очекува „француски предлог +“ – Мицкоски: Да се почитуваат правата на Македонците во Бугарија — Follow TV21 on... • Телефон: 02/313-5630,1,ok
sUju9hX9FtM,"Макрон пак му се јавил на Радев, што стои во новиот француски предлог ?",,AlfaTV News,2022-06-08 13:29:00+00:00,2022,85,0,1,9,француски предлог Македонија,француски предлог Македонија,mk,https://www.youtube.com/watch?v=sUju9hX9FtM,"Макрон пак му се јавил на Радев, што стои во новиот француски предлог ?",,"Макрон пак му се јавил на Радев, што стои во новиот француски предлог ?","Macron called Radev again, what is in the new French proposal?",,"Macron called Radev again, what is in the new French proposal?","Макрон пак му се јавил на Радев, што стои во новиот француски предлог ?",1,ok
j6nSYjhQ4yU,"Политиканти.мк Епизода 05 / Сезона 03 (29.11.2024) Гостин, Љубомир Фрчкоски","🌐 https://politikanti.mk/ 
Следете нѐ на Facebook: https://www.facebook.com/politikanti 
Следете нѐ на Instagram: https://www.instagram.com/politikanti.mk/
Следете нѐ на Twitter: https://twitter.com/PolitikantiMK
Следете нѐ на TikTok: https://www.tiktok.com/@politikanti.mk
Следете нѐ на SoundCloud: https://soundcloud.com/politikanti

🎙️ #politikanti #sasoordanoski #borjanjovanovski #политиканти #сашоорданоски #борјанјовановски #епизода05 #љубомирфрчкоски #politikantimk #infomaxmk

00:00 
03:08 Најава. Гостин, Љубомир Фрчкоски",politikanti,2024-11-29 19:52:44+00:00,2024,15661,225,50,8,политички настани Македонија,политички настани Македонија,mk,https://www.youtube.com/watch?v=j6nSYjhQ4yU,"Политиканти.мк Епизода 05 / Сезона 03 (29.11.2024) Гостин, Љубомир Фрчкоски","🎙️ politikanti sasoordanoski borjanjovanovski политиканти сашоорданоски борјанјовановски епизода05 љубомирфрчкоски politikantimk infomaxmk 00:00 03:08 Најава. Гостин, Љубомир Фрчкоски","Политиканти.мк Епизода 05 / Сезона 03 (29.11.2024) Гостин, Љубомир Фрчкоски — 🎙️ politikanti sasoordanoski borjanjovanovski политиканти сашоорданоски борјанјовановски епизода05 љубомирфрчкоски politikantimk infomaxmk 00:00 03:08 Најава. Гостин, Љубомир Фрчкоски","Politikanti.mk Episode 05 / Season 03 (29.11.2024) Guest, Ljubomir Frchkoski","🎙️ politikanti sasoordanoski borjanjovanovski politikanti sasoordanoski borjanjovanovski episode 05 ljubomirfrchkoski politikantimk infomaxmk 00:00 03:08 Announcement. Guest, Ljubomir Frchkoski","Politikanti.mk Episode 05 / Season 03 (29.11.2024) Guest, Ljubomir Frchkoski — 🎙️ politikanti sasoordanoski borjanjovanovski politikanti sasoordanoski borjanjovanovski episode 05 ljubomirfrchkoski politikantimk infomaxmk 00:00 03:08 Announcement. Guest, Ljubomir Frchkoski","Политиканти.мк Епизода 05 / Сезона 03 (29.11.2024) Гостин, Љубомир Фрчкоски — 🎙️ politikanti sasoordanoski borjanjovanovski политиканти сашоорданоски борјанјовановски епизода05 љубомирфрчкоски politikantimk infomaxmk 00:00 03:08 Најава. Гостин, Љубомир Фрчкоски",25,ok
m_ABIhyh_28,Што значи во пракса вметнувањето на Бугарите во македонскиот Устав?,"Follow Sitel Televizija on...
• WEB: http://sitel.com.mk/
• FB: https://smarturl.it/sitelFB
• IG: https://smarturl.it/SitelInstagram
• Tw: https://smarturl.it/SitelTwitter

© & ℗ Sitel Televizija All Rights Reserved",Сител Телевизија,2022-01-20 15:08:10+00:00,2022,1725,13,26,8,довербата во системот,довербата во системот,mk,https://www.youtube.com/watch?v=m_ABIhyh_28,Што значи во пракса вметнувањето на Бугарите во македонскиот Устав?,Folloв Sitel Televiziјa on...,Што значи во пракса вметнувањето на Бугарите во македонскиот Устав? — Folloв Sitel Televiziјa on...,What does the inclusion of Bulgarians in the Macedonian Constitution mean in practice?,Follow Sitel Television on...,What does the inclusion of Bulgarians in the Macedonian Constitution mean in practice? — Follow Sitel Television on...,Што значи во пракса вметнувањето на Бугарите во македонскиот Устав? — Folloв Sitel Televiziјa on...,7,ok
M-tRDy9KrpI,Пендаровски: Далеку подобар е овој модификуван француски предлог од претходниот,"Follow TV21 on...
• Web: https://tv21.mk & https://tv21.tv
• FB: https://smarturl.it/TV21Fb
• IG: https://smarturl.it/TV21IG
• Tw: https://smarturl.it/tv21Tw
• Телефон: 02/313-5630

© & ℗ TV21 & IN Media. All Rights Reserved",TV21,2022-06-30 14:21:47+00:00,2022,1415,2,12,8,француски предлог Македонија,француски предлог Македонија,mk,https://www.youtube.com/watch?v=M-tRDy9KrpI,Пендаровски: Далеку подобар е овој модификуван француски предлог од претходниот,Follow TV21 on... • Телефон: 02/313-5630,Пендаровски: Далеку подобар е овој модификуван француски предлог од претходниот — Follow TV21 on... • Телефон: 02/313-5630,Pendarovski: This modified French proposal is far better than the previous one,Follow TV21 on... • Phone: 02/313-5630,Pendarovski: This modified French proposal is far better than the previous one — Follow TV21 on... • Phone: 02/313-5630,Пендаровски: Далеку подобар е овој модификуван француски предлог од претходниот — Follow TV21 on... • Телефон: 02/313-5630,2,ok
JsGsUgRl1Ag,"Германија: Пријатели сме на македонскиот идентитет, но без уставни измени иднината ќе биде нејасна",,360 Stepeni,2023-05-18 12:57:12+00:00,2023,1010,3,12,8,уставни измени Македонија,уставни измени Македонија,mk,https://www.youtube.com/watch?v=JsGsUgRl1Ag,"Германија: Пријатели сме на македонскиот идентитет, но без уставни измени иднината ќе биде нејасна",,"Германија: Пријатели сме на македонскиот идентитет, но без уставни измени иднината ќе биде нејасна","Germany: We are friends of the Macedonian identity, but without constitutional changes the future will be unclear",,"Germany: We are friends of the Macedonian identity, but without constitutional changes the future will be unclear","Германија: Пријатели сме на македонскиот идентитет, но без уставни измени иднината ќе биде нејасна",3,ok
l7hr4xzhFGY,"Порака од Париз и Софија: Францускиот предлог идентичен како првиот, сите бугарски услови се во него",,AlfaTV News,2022-07-01 10:34:05+00:00,2022,361,2,10,8,француски предлог Македонија,француски предлог Македонија,mk,https://www.youtube.com/watch?v=l7hr4xzhFGY,"Порака од Париз и Софија: Францускиот предлог идентичен како првиот, сите бугарски услови се во него",,"Порака од Париз и Софија: Францускиот предлог идентичен како првиот, сите бугарски услови се во него","Message from Paris and Sofia: The French proposal is identical to the first, all the Bulgarian conditions are in it",,"Message from Paris and Sofia: The French proposal is identical to the first, all the Bulgarian conditions are in it","Порака од Париз и Софија: Францускиот предлог идентичен како првиот, сите бугарски услови се во него",1,ok
Wo9qFWlf5rg,Заев: Европа има должност да го негува нашиот македонски идентитет,"https://www.slobodenpecat.mk/
Следете нѐ на Facebook: www.facebook.com/slobodenpecat/
Следете нѐ на Instagram: www.instagram.com/slobodenpecat/
Следете нѐ на Twitter: https://twitter.com/sloboden_pecat/

#slobodenpecat #slobodnaTV",Слободен Печат ТВ / Sloboden Pecat TV,2020-12-10 10:01:06+00:00,2020,4017,16,7,8,македонски идентитет,македонски идентитет,mk,https://www.youtube.com/watch?v=Wo9qFWlf5rg,Заев: Европа има должност да го негува нашиот македонски идентитет,slobodenpeцat slobodnaTV,Заев: Европа има должност да го негува нашиот македонски идентитет — slobodenpeцat slobodnaTV,Zaev: Europe has a duty to nurture our Macedonian identity,slobodenpecat slobodnaTV,Zaev: Europe has a duty to nurture our Macedonian identity — slobodenpecat slobodnaTV,Заев: Европа има должност да го негува нашиот македонски идентитет — slobodenpeцat slobodnaTV,2,ok
b9xmotSMd7c,"Македонскиот јазик и идентитет да не бидат ни ""модерни"", ни ""вековни"". Филипче бара неутрален став","Follow Sitel Televizija on...
• WEB: http://sitel.com.mk/
• FB: https://www.facebook.com/sitelmk
• IG: https://www.instagram.com/sitel.tv/
• Tw: https://twitter.com/SitelTV
• TT: https://www.tiktok.com/@sitel.televizija

© & ℗ Sitel Televizija All Rights Reserved",Сител Телевизија,2025-06-30 14:26:46+00:00,2025,2173,17,7,8,македонски идентитет,македонски идентитет,mk,https://www.youtube.com/watch?v=b9xmotSMd7c,"Македонскиот јазик и идентитет да не бидат ни ""модерни"", ни ""вековни"". Филипче бара неутрален став",Folloв Sitel Televiziјa on...,"Македонскиот јазик и идентитет да не бидат ни ""модерни"", ни ""вековни"". Филипче бара неутрален став — Folloв Sitel Televiziјa on...","The Macedonian language and identity should be neither ""modern"" nor ""age-old"". Filipce is looking for a neutral position",Follow Sitel Television on...,"The Macedonian language and identity should be neither ""modern"" nor ""age-old"". Filipce is looking for a neutral position — Follow Sitel Television on...","Македонскиот јазик и идентитет да не бидат ни ""модерни"", ни ""вековни"". Филипче бара неутрален став — Folloв Sitel Televiziјa on...",3,ok
-MK2SR3pRF8,На 24 часа пред завршувањето на претседателството Франција нема нов официјален предлог,"Follow Sitel Televizija on...
• WEB: http://sitel.com.mk/
• FB: https://smarturl.it/sitelFB
• IG: https://smarturl.it/SitelInstagram
• Tw: https://smarturl.it/SitelTwitter

© & ℗ Sitel Televizija All Rights Reserved",Сител Телевизија,2022-06-29 14:21:41+00:00,2022,624,3,6,8,француски предлог Македонија,француски предлог Македонија,mk,https://www.youtube.com/watch?v=-MK2SR3pRF8,На 24 часа пред завршувањето на претседателството Франција нема нов официјален предлог,Folloв Sitel Televiziјa on...,На 24 часа пред завршувањето на претседателството Франција нема нов официјален предлог — Folloв Sitel Televiziјa on...,"24 hours before the end of the presidency, France has no new official proposal",Follow Sitel Television on...,"24 hours before the end of the presidency, France has no new official proposal — Follow Sitel Television on...",На 24 часа пред завршувањето на претседателството Франција нема нов официјален предлог — Folloв Sitel Televiziјa on...,2,ok
QgN6pfhAWT8,"Франција не се откажува: Францускиот предлог се уште жив, Макрон вели разговорите ќе продолжат",,AlfaTV News,2022-06-24 15:41:38+00:00,2022,319,1,6,8,француски предлог Македонија,француски предлог Македонија,mk,https://www.youtube.com/watch?v=QgN6pfhAWT8,"Франција не се откажува: Францускиот предлог се уште жив, Макрон вели разговорите ќе продолжат",,"Франција не се откажува: Францускиот предлог се уште жив, Макрон вели разговорите ќе продолжат","France is not giving up: The French proposal is still alive, Macron says the talks will continue",,"France is not giving up: The French proposal is still alive, Macron says the talks will continue","Франција не се откажува: Францускиот предлог се уште жив, Макрон вели разговорите ќе продолжат",2,ok
WalEiZbkz6s,Семејство од Прилеп 15 години се бори да спречи рушење на својата куќа,"Web: http://sitel.com.mk/
Facebook: https://www.facebook.com/sitelvesti/
Twitter: https://twitter.com/SitelTV
Instagram: https://www.instagram.com/siteltelevision/

Copyright: OnAir Media Group; www.onair.mk",Сител Телевизија,2019-12-12 17:23:54+00:00,2019,6613,27,2,8,социјален стрес,социјален стрес,mk,https://www.youtube.com/watch?v=WalEiZbkz6s,Семејство од Прилеп 15 години се бори да спречи рушење на својата куќа,,Семејство од Прилеп 15 години се бори да спречи рушење на својата куќа,A family from Prilep has been fighting to prevent the demolition of their house for 15 years,,A family from Prilep has been fighting to prevent the demolition of their house for 15 years,Семејство од Прилеп 15 години се бори да спречи рушење на својата куќа,1,ok
9PkfcHD_a6E,"8. 1. Стрес (вовед, причини за стрес - психолошки конфликти и фрустрации)",,Македонска Средношколска Психологија,2020-12-09 15:21:09+00:00,2020,481,9,2,8,стрес во општеството,стрес во општеството,mk,https://www.youtube.com/watch?v=9PkfcHD_a6E,"8. 1. Стрес (вовед, причини за стрес - психолошки конфликти и фрустрации)",,"8. 1. Стрес (вовед, причини за стрес - психолошки конфликти и фрустрации)","8. 1. Stress (introduction, causes of stress - psychological conflicts and frustrations)",,"8. 1. Stress (introduction, causes of stress - psychological conflicts and frustrations)","8. 1. Стрес (вовед, причини за стрес - психолошки конфликти и фрустрации)",1,ok
a9I69hz9THs,Македонската држава во време на Александар III Македонски,,Zoran Todorov,2021-03-08 13:28:02+00:00,2021,1652,23,1,8,траума во заедницата,траума во заедницата,mk,https://www.youtube.com/watch?v=a9I69hz9THs,Македонската држава во време на Александар III Македонски,,Македонската држава во време на Александар III Македонски,The Macedonian state at the time of Alexander III of Macedonia,,The Macedonian state at the time of Alexander III of Macedonia,Македонската држава во време на Александар III Македонски,1,ok
mojJvlbcq8U,Чепреганов: Со враќањето на терористичките борци внесовме атомска бомба во општеството,,Televizija 24,2018-08-09 17:15:31+00:00,2018,839,9,1,8,стрес во општеството,стрес во општеството,mk,https://www.youtube.com/watch?v=mojJvlbcq8U,Чепреганов: Со враќањето на терористичките борци внесовме атомска бомба во општеството,,Чепреганов: Со враќањето на терористичките борци внесовме атомска бомба во општеството,"Chepreganov: With the return of terrorist fighters, we introduced an atomic bomb into society",,"Chepreganov: With the return of terrorist fighters, we introduced an atomic bomb into society",Чепреганов: Со враќањето на терористичките борци внесовме атомска бомба во општеството,1,ok
EQH5pWWllXk,Законот за јазици заглавен во преводот на амандманите,,Televizija 24,2018-01-29 18:58:17+00:00,2018,387,4,1,8,реформа на уставот Македонија,реформа на уставот Македонија,mk,https://www.youtube.com/watch?v=EQH5pWWllXk,Законот за јазици заглавен во преводот на амандманите,,Законот за јазици заглавен во преводот на амандманите,Language Act stuck in translation of amendments,,Language Act stuck in translation of amendments,Законот за јазици заглавен во преводот на амандманите,1,ok
w3HDm7fGsjo,Ферид Мухиќ во „Само вистина“ 22.06.2018,"Follow Kanal5 on...
• FB: https://smarturl.it/fb5
• IG: https://smarturl.it/Ig5
• Web: https://kanal5.com.mk/

© & ℗ Kanal5 & IN Media. All Rights Reserved",Канал 5 Телевизија,2018-06-22 18:52:28+00:00,2018,24744,251,52,7,национален идентитет,национален идентитет,mk,https://www.youtube.com/watch?v=w3HDm7fGsjo,Ферид Мухиќ во „Само вистина“ 22.06.2018,Folloв Kanal5 on...,Ферид Мухиќ во „Само вистина“ 22.06.2018 — Folloв Kanal5 on...,"Ferid Muhic in ""Just the truth"" 22.06.2018",Follow Kanal5 on...,"Ferid Muhic in ""Just the truth"" 22.06.2018 — Follow Kanal5 on...",Ферид Мухиќ во „Само вистина“ 22.06.2018 — Folloв Kanal5 on...,33,ok
vrWKxBV9KMw,Политиканти.мк Епизода 27 / Сезона 03 (20.06.2025),"🌐 https://politikanti.mk/ 
Следете нѐ на Facebook: https://www.facebook.com/politikanti 
Следете нѐ на Instagram: https://www.instagram.com/politikanti.mk/
Следете нѐ на Twitter: https://twitter.com/PolitikantiMK
Следете нѐ на TikTok: https://www.tiktok.com/@politikanti.mk
Следете нѐ на SoundCloud: https://soundcloud.com/politikanti  

🎙️ #politikanti #sasoordanoski #borjanjovanovski #политиканти #поткаст #сашоорданоски #борјанјовановски #politikantimk 

03:00 Почеток на емисијата",politikanti,2025-06-20 18:00:58+00:00,2025,7507,137,24,7,политички настани Македонија,политички настани Македонија,mk,https://www.youtube.com/watch?v=vrWKxBV9KMw,Политиканти.мк Епизода 27 / Сезона 03 (20.06.2025),🎙️ politikanti sasoordanoski borjanjovanovski политиканти поткаст сашоорданоски борјанјовановски politikantimk 03:00 Почеток на емисијата,Политиканти.мк Епизода 27 / Сезона 03 (20.06.2025) — 🎙️ politikanti sasoordanoski borjanjovanovski политиканти поткаст сашоорданоски борјанјовановски politikantimk 03:00 Почеток на емисијата,Politikanti.mk Episode 27 / Season 03 (20.06.2025),🎙️ politikanti sasoordanoski borjanjovanovski politikanti podcast sasoordanoski borjanjovanovski politikantimk 03:00 Start of the show,Politikanti.mk Episode 27 / Season 03 (20.06.2025) — 🎙️ politikanti sasoordanoski borjanjovanovski politikanti podcast sasoordanoski borjanjovanovski politikantimk 03:00 Start of the show,Политиканти.мк Епизода 27 / Сезона 03 (20.06.2025) — 🎙️ politikanti sasoordanoski borjanjovanovski политиканти поткаст сашоорданоски борјанјовановски politikantimk 03:00 Почеток на емисијата,15,ok
wVphLBoN2-o,"Макрон гледа многу работа пред Северномакедонците, напредок е можен во следните денови","Follow Sitel Televizija on...
• WEB: http://sitel.com.mk/
• FB: https://smarturl.it/sitelFB
• IG: https://smarturl.it/SitelInstagram
• Tw: https://smarturl.it/SitelTwitter

© & ℗ Sitel Televizija All Rights Reserved",Сител Телевизија,2022-06-24 17:11:31+00:00,2022,1296,4,21,7,француски предлог Македонија,француски предлог Македонија,mk,https://www.youtube.com/watch?v=wVphLBoN2-o,"Макрон гледа многу работа пред Северномакедонците, напредок е можен во следните денови",Folloв Sitel Televiziјa on...,"Макрон гледа многу работа пред Северномакедонците, напредок е можен во следните денови — Folloв Sitel Televiziјa on...","Macron sees a lot of work ahead of the North Macedonians, progress is possible in the coming days",Follow Sitel Television on...,"Macron sees a lot of work ahead of the North Macedonians, progress is possible in the coming days — Follow Sitel Television on...","Макрон гледа многу работа пред Северномакедонците, напредок е можен во следните денови — Folloв Sitel Televiziјa on...",4,ok
-xWZM__b_lg,"Политиканти.мк Епизода 02 / Сезона 04 (19.09.2025) Гостин, д-р Никола Пановски","🌐 https://politikanti.mk/ 
Следете нѐ на Facebook: https://www.facebook.com/politikanti 
Следете нѐ на Instagram: https://www.instagram.com/politikanti.mk/
Следете нѐ на Twitter: https://twitter.com/PolitikantiMK
Следете нѐ на TikTok: https://www.tiktok.com/@politikanti.mk
Следете нѐ на SoundCloud: https://soundcloud.com/politikanti  

🎙️ #politikanti #sasoordanoski #borjanjovanovski #политиканти #поткаст #сашоорданоски #борјанјовановски #politikantimk #николапановски

02:57 Почеток на емисијата",politikanti,2025-09-19 20:49:09+00:00,2025,7269,111,18,7,политички настани Македонија,политички настани Македонија,mk,https://www.youtube.com/watch?v=-xWZM__b_lg,"Политиканти.мк Епизода 02 / Сезона 04 (19.09.2025) Гостин, д-р Никола Пановски",🎙️ politikanti sasoordanoski borjanjovanovski политиканти поткаст сашоорданоски борјанјовановски politikantimk николапановски 02:57 Почеток на емисијата,"Политиканти.мк Епизода 02 / Сезона 04 (19.09.2025) Гостин, д-р Никола Пановски — 🎙️ politikanti sasoordanoski borjanjovanovski политиканти поткаст сашоорданоски борјанјовановски politikantimk николапановски 02:57 Почеток на емисијата","Politikanti.mk Episode 02 / Season 04 (19.09.2025) Guest, Dr. Nikola Panovski",🎙️ politikanti sasoordanoski borjanjovanovski politikanti podcast sasoordanoski borjanjovanovski politikantimk nikolapanovski 02:57 Start of the show,"Politikanti.mk Episode 02 / Season 04 (19.09.2025) Guest, Dr. Nikola Panovski — 🎙️ politikanti sasoordanoski borjanjovanovski politikanti podcast sasoordanoski borjanjovanovski politikantimk nikolapanovski 02:57 Start of the show","Политиканти.мк Епизода 02 / Сезона 04 (19.09.2025) Гостин, д-р Никола Пановски — 🎙️ politikanti sasoordanoski borjanjovanovski политиканти поткаст сашоорданоски борјанјовановски politikantimk николапановски 02:57 Почеток на емисијата",10,ok
N9FiVoaLTL8,Политиканти.мк (12.09.2025) Епизода 01 / Сезона 04  „Политиканти“ vs „Тешки муабети“,"Следете нѐ на Facebook: https://www.facebook.com/politikanti 
Следете нѐ на Instagram: https://www.instagram.com/politikanti.mk/
Следете нѐ на Twitter: https://twitter.com/PolitikantiMK
Следете нѐ на TikTok: https://www.tiktok.com/@politikanti.mk
Следете нѐ на SoundCloud: https://soundcloud.com/politikanti  

🎙️ #politikanti #sasoordanoski #borjanjovanovski #политиканти #сашоорданоски #борјанјовановски #politikantimk #инфомакс #тешкимуабети

07:32 Почеток на емисијата",politikanti,2025-09-13 23:32:40+00:00,2025,6273,100,17,7,политички настани Македонија,политички настани Македонија,mk,https://www.youtube.com/watch?v=N9FiVoaLTL8,Политиканти.мк (12.09.2025) Епизода 01 / Сезона 04 „Политиканти“ vs „Тешки муабети“,🎙️ politikanti sasoordanoski borjanjovanovski политиканти сашоорданоски борјанјовановски politikantimk инфомакс тешкимуабети 07:32 Почеток на емисијата,Политиканти.мк (12.09.2025) Епизода 01 / Сезона 04 „Политиканти“ vs „Тешки муабети“ — 🎙️ politikanti sasoordanoski borjanjovanovski политиканти сашоорданоски борјанјовановски politikantimk инфомакс тешкимуабети 07:32 Почеток на емисијата,"Politikanti.mk (12.09.2025) Episode 01 / Season 04 ""Politicians"" vs ""Difficult Conversations""",🎙️ politikanti sasoordanoski borjanjovanovski politikanti sasoordanoski borjanjovanovski politikantimk infomax heavy conversations 07:32 Start of the show,"Politikanti.mk (12.09.2025) Episode 01 / Season 04 ""Politicians"" vs ""Difficult Conversations"" — 🎙️ politikanti sasoordanoski borjanjovanovski politikanti sasoordanoski borjanjovanovski politikantimk infomax heavy conversations 07:32 Start of the show",Политиканти.мк (12.09.2025) Епизода 01 / Сезона 04 „Политиканти“ vs „Тешки муабети“ — 🎙️ politikanti sasoordanoski borjanjovanovski политиканти сашоорданоски борјанјовановски politikantimk инфомакс тешкимуабети 07:32 Почеток на емисијата,10,ok
DS4iHv7361I,Политиканти.мк Епизода 04 / Сезона 04 (03.10.2025),"🌐 https://politikanti.mk/ 
Следете нѐ на Facebook: https://www.facebook.com/politikanti 
Следете нѐ на Instagram: https://www.instagram.com/politikanti.mk/
Следете нѐ на Twitter: https://twitter.com/PolitikantiMK
Следете нѐ на TikTok: https://www.tiktok.com/@politikanti.mk
Следете нѐ на SoundCloud: https://soundcloud.com/politikanti  

🎙️ #politikanti #sasoordanoski #borjanjovanovski #политиканти #поткаст #сашоорданоски #борјанјовановски #politikantimk  

02:56 Почеток на емисијата",politikanti,2025-10-03 20:53:56+00:00,2025,4706,102,11,7,политички настани Македонија,политички настани Македонија,mk,https://www.youtube.com/watch?v=DS4iHv7361I,Политиканти.мк Епизода 04 / Сезона 04 (03.10.2025),🎙️ politikanti sasoordanoski borjanjovanovski политиканти поткаст сашоорданоски борјанјовановски politikantimk 02:56 Почеток на емисијата,Политиканти.мк Епизода 04 / Сезона 04 (03.10.2025) — 🎙️ politikanti sasoordanoski borjanjovanovski политиканти поткаст сашоорданоски борјанјовановски politikantimk 02:56 Почеток на емисијата,Politikanti.mk Episode 04 / Season 04 (03.10.2025),🎙️ politikanti sasoordanoski borjanjovanovski politikanti podcast sasoordanoski borjanjovanovski politikantimk 02:56 Start of the show,Politikanti.mk Episode 04 / Season 04 (03.10.2025) — 🎙️ politikanti sasoordanoski borjanjovanovski politikanti podcast sasoordanoski borjanjovanovski politikantimk 02:56 Start of the show,Политиканти.мк Епизода 04 / Сезона 04 (03.10.2025) — 🎙️ politikanti sasoordanoski borjanjovanovski политиканти поткаст сашоорданоски борјанјовановски politikantimk 02:56 Почеток на емисијата,7,ok
d8BeOtg7jYc,"Сулејман Реџепи: Македонскиот народ е див, без идентитет","Web: http://sitel.com.mk/
Facebook: https://www.facebook.com/tvsitel.mk/
Twitter: https://twitter.com/SitelTV
Instagram: https://www.instagram.com/siteltelevision/

Copyright: OnAir Media Group; www.onair.mk",Сител Телевизија,2019-04-08 17:28:22+00:00,2019,949,1,10,7,македонски идентитет,македонски идентитет,mk,https://www.youtube.com/watch?v=d8BeOtg7jYc,"Сулејман Реџепи: Македонскиот народ е див, без идентитет",,"Сулејман Реџепи: Македонскиот народ е див, без идентитет","Suleiman Redzepi: Macedonian people are wild, without identity",,"Suleiman Redzepi: Macedonian people are wild, without identity","Сулејман Реџепи: Македонскиот народ е див, без идентитет",5,ok
Wy3ee4Lxh2Y,"Политиканти.мк Епизода 03 / Сезона 04 (29.09.2025) Гостин, проф. Горан Марковски","🌐 https://politikanti.mk/ 
Следете нѐ на Facebook: https://www.facebook.com/politikanti 
Следете нѐ на Instagram: https://www.instagram.com/politikanti.mk/
Следете нѐ на Twitter: https://twitter.com/PolitikantiMK
Следете нѐ на TikTok: https://www.tiktok.com/@politikanti.mk
Следете нѐ на SoundCloud: https://soundcloud.com/politikanti  

🎙️ #politikanti #sasoordanoski #borjanjovanovski #политиканти #поткаст #сашоорданоски #борјанјовановски #politikantimk #горанмарковски 

02:40 Почеток на емисијата, Сашо и Борјан
42:27 Најава на гостинот, проф. Горан Марковски",politikanti,2025-09-30 09:16:41+00:00,2025,2932,49,9,7,политички настани Македонија,политички настани Македонија,mk,https://www.youtube.com/watch?v=Wy3ee4Lxh2Y,"Политиканти.мк Епизода 03 / Сезона 04 (29.09.2025) Гостин, проф. Горан Марковски","🎙️ politikanti sasoordanoski borjanjovanovski политиканти поткаст сашоорданоски борјанјовановски politikantimk горанмарковски 02:40 Почеток на емисијата, Сашо и Борјан 42:27 Најава на гостинот, проф. Горан Марковски","Политиканти.мк Епизода 03 / Сезона 04 (29.09.2025) Гостин, проф. Горан Марковски — 🎙️ politikanti sasoordanoski borjanjovanovski политиканти поткаст сашоорданоски борјанјовановски politikantimk горанмарковски 02:40 Почеток на емисијата, Сашо и Борјан 42:27 Најава на гостинот, проф. Горан Марковски","Politikanti.mk Episode 03 / Season 04 (29.09.2025) Guest, prof. Goran Markovski","🎙️ politikanti sasoordanoski borjanjovanovski politikanti podcast sasoordanoski borjanjovanovski politikantimk goranmarkovski 02:40 Start of the show, Sasho and Borjan 42:27 Announcement of the guest, prof. Goran Markovski","Politikanti.mk Episode 03 / Season 04 (29.09.2025) Guest, prof. Goran Markovski — 🎙️ politikanti sasoordanoski borjanjovanovski politikanti podcast sasoordanoski borjanjovanovski politikantimk goranmarkovski 02:40 Start of the show, Sasho and Borjan 42:27 Announcement of the guest, prof. Goran Markovski","Политиканти.мк Епизода 03 / Сезона 04 (29.09.2025) Гостин, проф. Горан Марковски — 🎙️ politikanti sasoordanoski borjanjovanovski политиканти поткаст сашоорданоски борјанјовановски politikantimk горанмарковски 02:40 Почеток на емисијата, Сашо и Борјан 42:27 Најава на гостинот, проф. Горан Марковски",7,ok
PRj_U5days8,Се позивесно ново бугарско вето,,Televizija 24,2022-05-24 14:15:01+00:00,2022,693,4,8,7,бугарско вето Македонија,бугарско вето Македонија,mk,https://www.youtube.com/watch?v=PRj_U5days8,Се позивесно ново бугарско вето,,Се позивесно ново бугарско вето,A new Bulgarian veto is getting stronger,,A new Bulgarian veto is getting stronger,Се позивесно ново бугарско вето,3,ok
33GECflf3Ds,Милошоски: ВМРО-ДПМНЕ бара гласање за уставните измени,"Follow Kanal5 on...
• FB: https://smarturl.it/fb5
• IG: https://smarturl.it/Ig5
• Web: https://kanal5.com.mk/

© & ℗ Kanal5 & IN Media. All Rights Reserved



Поминаа 19 дена од референдумот на кој народот јасно се изјасни дека нема одлука за мандат за уставни измени.",Канал 5 Телевизија,2018-10-19 13:15:34+00:00,2018,969,12,6,7,уставни измени Македонија,уставни измени Македонија,mk,https://www.youtube.com/watch?v=33GECflf3Ds,Милошоски: ВМРО-ДПМНЕ бара гласање за уставните измени,Follow Kanal5 on... Поминаа 19 дена од референдумот на кој народот јасно се изјасни дека нема одлука за мандат за уставни измени.,Милошоски: ВМРО-ДПМНЕ бара гласање за уставните измени — Follow Kanal5 on... Поминаа 19 дена од референдумот на кој народот јасно се изјасни дека нема одлука за мандат за уставни измени.,Milososki: VMRO-DPMNE demands a vote on the constitutional amendments,Follow Kanal5 on... 19 days have passed since the referendum in which the people clearly declared that there is no decision on a mandate for constitutional amendments.,Milososki: VMRO-DPMNE demands a vote on the constitutional amendments — Follow Kanal5 on... 19 days have passed since the referendum in which the people clearly declared that there is no decision on a mandate for constitutional amendments.,Милошоски: ВМРО-ДПМНЕ бара гласање за уставните измени — Follow Kanal5 on... Поминаа 19 дена од референдумот на кој народот јасно се изјасни дека нема одлука за мандат за уставни измени.,2,ok
8DB8I2LQpV8,Конференција за предизвиците и перспективите за ЕУ-интеграција на поранешни претседатели од регионот,"Follow Sitel Televizija on...
• WEB: http://sitel.com.mk/
• FB: https://smarturl.it/sitelFB
• IG: https://smarturl.it/SitelInstagram
• Tw: https://smarturl.it/SitelTwitter

© & ℗ Sitel Televizija All Rights Reserved",Сител Телевизија,2023-10-14 17:02:54+00:00,2023,517,4,4,7,интеграција во ЕУ Македонија,интеграција во ЕУ Македонија,mk,https://www.youtube.com/watch?v=8DB8I2LQpV8,Конференција за предизвиците и перспективите за ЕУ-интеграција на поранешни претседатели од регионот,Folloв Sitel Televiziјa on...,Конференција за предизвиците и перспективите за ЕУ-интеграција на поранешни претседатели од регионот — Folloв Sitel Televiziјa on...,Conference on the challenges and prospects for EU integration of former presidents from the region,Follow Sitel Television on...,Conference on the challenges and prospects for EU integration of former presidents from the region — Follow Sitel Television on...,Конференција за предизвиците и перспективите за ЕУ-интеграција на поранешни претседатели од регионот — Folloв Sitel Televiziјa on...,1,ok
XfNxJSv32Vk,"Премиерот Заев, ексклузивно во „Само Вистина“, на Канал 5 денеска во 18.30","Follow Kanal5 on...
• FB: https://smarturl.it/fb5
• IG: https://smarturl.it/Ig5
• Web: https://kanal5.com.mk/

© & ℗ Kanal5 & IN Media. All Rights Reserved",Канал 5 Телевизија,2018-06-19 12:05:04+00:00,2018,3242,17,3,7,Преспански договор; преспански договор,преспански договор,mk,https://www.youtube.com/watch?v=XfNxJSv32Vk,"Премиерот Заев, ексклузивно во „Само Вистина“, на Канал 5 денеска во 18.30",Folloв Kanal5 on...,"Премиерот Заев, ексклузивно во „Само Вистина“, на Канал 5 денеска во 18.30 — Folloв Kanal5 on...","Prime Minister Zaev, exclusively in ""Samo Truth"", on Channel 5 today at 18.30",Follow Kanal5 on...,"Prime Minister Zaev, exclusively in ""Samo Truth"", on Channel 5 today at 18.30 — Follow Kanal5 on...","Премиерот Заев, ексклузивно во „Само Вистина“, на Канал 5 денеска во 18.30 — Folloв Kanal5 on...",2,ok
ryk7P50NggE,Новиот француски предлог доби зелено светло во Влада,"Follow TV21 on...
• Web: https://tv21.mk & https://tv21.tv
• FB: https://smarturl.it/TV21Fb
• IG: https://smarturl.it/TV21IG
• Tw: https://smarturl.it/tv21Tw
• Телефон: 02/313-5630

© & ℗ TV21 & IN Media. All Rights Reserved",TV21,2022-07-01 17:10:36+00:00,2022,1980,9,2,7,француски предлог Македонија,француски предлог Македонија,mk,https://www.youtube.com/watch?v=ryk7P50NggE,Новиот француски предлог доби зелено светло во Влада,Follow TV21 on... • Телефон: 02/313-5630,Новиот француски предлог доби зелено светло во Влада — Follow TV21 on... • Телефон: 02/313-5630,The new French proposal received the green light in the Government,Follow TV21 on... • Phone: 02/313-5630,The new French proposal received the green light in the Government — Follow TV21 on... • Phone: 02/313-5630,Новиот француски предлог доби зелено светло во Влада — Follow TV21 on... • Телефон: 02/313-5630,1,ok
rf6JL5tbGcY,Апел за помош на семјствата чиј куќи изгореа по удар на гром во Прилеп,"Follow Sitel Televizija on...
• WEB: http://sitel.com.mk/
• FB: https://smarturl.it/sitelFB
• IG: https://smarturl.it/SitelInstagram
• Tw: https://smarturl.it/SitelTwitter

© & ℗ Sitel Televizija All Rights Reserved",Сител Телевизија,2022-08-05 14:23:11+00:00,2022,972,11,2,7,социјален стрес,социјален стрес,mk,https://www.youtube.com/watch?v=rf6JL5tbGcY,Апел за помош на семјствата чиј куќи изгореа по удар на гром во Прилеп,Folloв Sitel Televiziјa on...,Апел за помош на семјствата чиј куќи изгореа по удар на гром во Прилеп — Folloв Sitel Televiziјa on...,Appeal for help to the families whose houses burned down after a lightning strike in Prilep,Follow Sitel Television on...,Appeal for help to the families whose houses burned down after a lightning strike in Prilep — Follow Sitel Television on...,Апел за помош на семјствата чиј куќи изгореа по удар на гром во Прилеп — Folloв Sitel Televiziјa on...,2,ok
ywLsFXO8Waw,"MAНУ го одбележа Денот на Академијата - Традиција, национален идентитет и визија за иднината",,AlfaTV News,2025-10-10 12:37:00+00:00,2025,35,0,2,7,национален идентитет,национален идентитет,mk,https://www.youtube.com/watch?v=ywLsFXO8Waw,"MAНУ го одбележа Денот на Академијата - Традиција, национален идентитет и визија за иднината",,"MAНУ го одбележа Денот на Академијата - Традиција, национален идентитет и визија за иднината","MANU marked the Day of the Academy - Tradition, national identity and vision for the future",,"MANU marked the Day of the Academy - Tradition, national identity and vision for the future","MAНУ го одбележа Денот на Академијата - Традиција, национален идентитет и визија за иднината",1,ok
Dh6ybs9C8KQ,ЕМОЦИОНАЛНИ ТРИГЕРИ (Што кога некој ќе ве вознемири?),#emotions #relationship,Ilina Vedran,2021-06-11 16:00:16+00:00,2021,539,19,1,7,колективна траума,колективна траума,mk,https://www.youtube.com/watch?v=Dh6ybs9C8KQ,ЕМОЦИОНАЛНИ ТРИГЕРИ (Што кога некој ќе ве вознемири?),emotions relationшip,ЕМОЦИОНАЛНИ ТРИГЕРИ (Што кога некој ќе ве вознемири?) — emotions relationшip,EMOTIONAL TRIGGERS (What if someone upsets you?),emotions relationship,EMOTIONAL TRIGGERS (What if someone upsets you?) — emotions relationship,ЕМОЦИОНАЛНИ ТРИГЕРИ (Што кога некој ќе ве вознемири?) — emotions relationшip,1,ok
Dd4K7h1VIdE,Пендаровски: Нема толеранција за насилство врз жени и деца,"Follow Sitel Televizija on...
• WEB: http://sitel.com.mk/
• FB: https://smarturl.it/sitelFB
• IG: https://smarturl.it/SitelInstagram
• Tw: https://smarturl.it/SitelTwitter

© & ℗ Sitel Televizija & IN Media. All Rights Reserved",Сител Телевизија,2020-11-25 13:20:07+00:00,2020,247,5,1,7,социјален стрес,социјален стрес,mk,https://www.youtube.com/watch?v=Dd4K7h1VIdE,Пендаровски: Нема толеранција за насилство врз жени и деца,Folloв Sitel Televiziјa on...,Пендаровски: Нема толеранција за насилство врз жени и деца — Folloв Sitel Televiziјa on...,Pendarovski: There is no tolerance for violence against women and children,Follow Sitel Television on...,Pendarovski: There is no tolerance for violence against women and children — Follow Sitel Television on...,Пендаровски: Нема толеранција за насилство врз жени и деца — Folloв Sitel Televiziјa on...,1,ok
E8RYutJl9dg,Конференција за предизвиците и перспективите за ЕУ-интеграција на поранешни претседатели од регионот,"Follow Sitel Televizija on...
• WEB: http://sitel.com.mk/
• FB: https://smarturl.it/sitelFB
• IG: https://smarturl.it/SitelInstagram
• Tw: https://smarturl.it/SitelTwitter

© & ℗ Sitel Televizija All Rights Reserved",Сител Телевизија,2023-10-14 14:47:29+00:00,2023,182,0,1,7,интеграција во ЕУ Македонија,интеграција во ЕУ Македонија,mk,https://www.youtube.com/watch?v=E8RYutJl9dg,Конференција за предизвиците и перспективите за ЕУ-интеграција на поранешни претседатели од регионот,Folloв Sitel Televiziјa on...,Конференција за предизвиците и перспективите за ЕУ-интеграција на поранешни претседатели од регионот — Folloв Sitel Televiziјa on...,Conference on the challenges and prospects for EU integration of former presidents from the region,Follow Sitel Television on...,Conference on the challenges and prospects for EU integration of former presidents from the region — Follow Sitel Television on...,Конференција за предизвиците и перспективите за ЕУ-интеграција на поранешни претседатели од регионот — Folloв Sitel Televiziјa on...,1,ok
HhCtcLFTScE,Неопходни реформи во македонскиот правосуден систем,"Web: http://sitel.com.mk/
Facebook: https://www.facebook.com/tvsitel.mk/
Twitter: https://twitter.com/SitelTV
Instagram: https://www.instagram.com/siteltelevision/

Copyright: OnAir Media Group; www.onair.mk",Сител Телевизија,2018-07-02 17:48:11+00:00,2018,136,0,1,7,довербата во системот,довербата во системот,mk,https://www.youtube.com/watch?v=HhCtcLFTScE,Неопходни реформи во македонскиот правосуден систем,,Неопходни реформи во македонскиот правосуден систем,Necessary reforms in the Macedonian justice system,,Necessary reforms in the Macedonian justice system,Неопходни реформи во македонскиот правосуден систем,1,ok
h78E2iKnlZ4,"Чиј неуспех, освен македонски е бугарското вето - какви предизвици не очекуваат?","Follow Sitel Televizija on...
• WEB: http://sitel.com.mk/
• FB: https://smarturl.it/sitelFB
• IG: https://smarturl.it/SitelInstagram
• Tw: https://smarturl.it/SitelTwitter

© & ℗ Sitel Televizija & IN Media. All Rights Reserved",Сител Телевизија,2020-12-07 20:05:33+00:00,2020,2187,9,52,6,бугарско вето Македонија,бугарско вето Македонија,mk,https://www.youtube.com/watch?v=h78E2iKnlZ4,"Чиј неуспех, освен македонски е бугарското вето - какви предизвици не очекуваат?",Folloв Sitel Televiziјa on...,"Чиј неуспех, освен македонски е бугарското вето - какви предизвици не очекуваат? — Folloв Sitel Televiziјa on...","Whose failure, apart from Macedonian, is the Bulgarian veto - what challenges do they expect?",Follow Sitel Television on...,"Whose failure, apart from Macedonian, is the Bulgarian veto - what challenges do they expect? — Follow Sitel Television on...","Чиј неуспех, освен македонски е бугарското вето - какви предизвици не очекуваат? — Folloв Sitel Televiziјa on...",10,ok
UDPGzNHBtIk,Проблемот со Бугарија и актуелните политички случувања,"Разговараме со Никола Србов, историчар и политички аналитичар.",РАДИО ЛИДЕР,2022-03-15 09:35:17+00:00,2022,879,7,29,6,политички настани Македонија,политички настани Македонија,mk,https://www.youtube.com/watch?v=UDPGzNHBtIk,Проблемот со Бугарија и актуелните политички случувања,"Разговараме со Никола Србов, историчар и политички аналитичар.","Проблемот со Бугарија и актуелните политички случувања — Разговараме со Никола Србов, историчар и политички аналитичар.",The problem with Bulgaria and current political developments,"We talk to Nikola Srbov, historian and political analyst.","The problem with Bulgaria and current political developments — We talk to Nikola Srbov, historian and political analyst.","Проблемот со Бугарија и актуелните политички случувања — Разговараме со Никола Србов, историчар и политички аналитичар.",8,ok
f8mh9-eoe9o,Македонската дипломатија влегува во конфликт со Македонците низ светот,,AlfaTV News,2019-09-30 15:44:19+00:00,2019,4474,49,24,6,реформа на уставот Македонија,реформа на уставот Македонија,mk,https://www.youtube.com/watch?v=f8mh9-eoe9o,Македонската дипломатија влегува во конфликт со Македонците низ светот,,Македонската дипломатија влегува во конфликт со Македонците низ светот,Macedonian diplomacy enters into conflict with Macedonians around the world,,Macedonian diplomacy enters into conflict with Macedonians around the world,Македонската дипломатија влегува во конфликт со Македонците низ светот,5,ok
bE-NgNztiSM,"Пред седницата на ЕП, бугарски европратеник со амандман против македонскиот идентитет и јазик","Follow TV21 on...
• Web: https://tv21.mk & https://tv21.tv
• FB: https://smarturl.it/TV21Fb
• IG: https://smarturl.it/TV21IG
• Tw: https://smarturl.it/tv21Tw
• Телефон: 02/313-5630

© & ℗ TV21 & IN Media. All Rights Reserved",TV21,2025-06-01 15:14:20+00:00,2025,1173,4,22,6,македонски идентитет,македонски идентитет,mk,https://www.youtube.com/watch?v=bE-NgNztiSM,"Пред седницата на ЕП, бугарски европратеник со амандман против македонскиот идентитет и јазик",Follow TV21 on... • Телефон: 02/313-5630,"Пред седницата на ЕП, бугарски европратеник со амандман против македонскиот идентитет и јазик — Follow TV21 on... • Телефон: 02/313-5630","Before the EP session, a Bulgarian MEP with an amendment against the Macedonian identity and language",Follow TV21 on... • Phone: 02/313-5630,"Before the EP session, a Bulgarian MEP with an amendment against the Macedonian identity and language — Follow TV21 on... • Phone: 02/313-5630","Пред седницата на ЕП, бугарски европратеник со амандман против македонскиот идентитет и јазик — Follow TV21 on... • Телефон: 02/313-5630",5,ok
vJA5ePgd5vA,Пендаровски: Државата нема да се растури ако Бугарите влезат во Уставот,"Follow Sitel Televizija on...
• WEB: http://sitel.com.mk/
• FB: https://smarturl.it/sitelFB
• IG: https://smarturl.it/SitelInstagram
• Tw: https://smarturl.it/SitelTwitter

© & ℗ Sitel Televizija All Rights Reserved",Сител Телевизија,2023-04-11 19:05:59+00:00,2023,948,3,18,6,реформа на уставот Македонија,реформа на уставот Македонија,mk,https://www.youtube.com/watch?v=vJA5ePgd5vA,Пендаровски: Државата нема да се растури ако Бугарите влезат во Уставот,Folloв Sitel Televiziјa on...,Пендаровски: Државата нема да се растури ако Бугарите влезат во Уставот — Folloв Sitel Televiziјa on...,Pendarovski: The state will not disintegrate if the Bulgarians enter the Constitution,Follow Sitel Television on...,Pendarovski: The state will not disintegrate if the Bulgarians enter the Constitution — Follow Sitel Television on...,Пендаровски: Државата нема да се растури ако Бугарите влезат во Уставот — Folloв Sitel Televiziјa on...,4,ok
M_29l9JZYHc,"ЕУ ќе ги замрзне сметките на Путин и Лавров, НАТО Самит со осуда за Русија","Follow Sitel Televizija on...
• WEB: http://sitel.com.mk/
• FB: https://smarturl.it/sitelFB
• IG: https://smarturl.it/SitelInstagram
• Tw: https://smarturl.it/SitelTwitter

© & ℗ Sitel Televizija All Rights Reserved",Сител Телевизија,2022-02-25 18:45:56+00:00,2022,710,3,6,6,НАТО ЕУ Македонија протест,НАТО ЕУ Македонија протест,mk,https://www.youtube.com/watch?v=M_29l9JZYHc,"ЕУ ќе ги замрзне сметките на Путин и Лавров, НАТО Самит со осуда за Русија",Folloв Sitel Televiziјa on...,"ЕУ ќе ги замрзне сметките на Путин и Лавров, НАТО Самит со осуда за Русија — Folloв Sitel Televiziјa on...","The EU will freeze the accounts of Putin and Lavrov, NATO Summit with condemnation of Russia",Follow Sitel Television on...,"The EU will freeze the accounts of Putin and Lavrov, NATO Summit with condemnation of Russia — Follow Sitel Television on...","ЕУ ќе ги замрзне сметките на Путин и Лавров, НАТО Самит со осуда за Русија — Folloв Sitel Televiziјa on...",3,ok
kNobEkZNRjo,Заев ветуваше дека Уставот нема да се менува,,AlfaTV News,2018-10-15 14:53:41+00:00,2018,1372,5,5,6,реформа на уставот Македонија,реформа на уставот Македонија,mk,https://www.youtube.com/watch?v=kNobEkZNRjo,Заев ветуваше дека Уставот нема да се менува,,Заев ветуваше дека Уставот нема да се менува,Zaev promised that the Constitution would not be changed,,Zaev promised that the Constitution would not be changed,Заев ветуваше дека Уставот нема да се менува,3,ok
O-vxmD6Go3U,ВМРО-ДПМНЕ ќе достави резолуција за Бугарија - СДСМ: Македонскиот идентитет е признаен,"Follow TV21 on...
• Web: https://tv21.mk & https://tv21.tv
• FB: https://smarturl.it/TV21Fb
• IG: https://smarturl.it/TV21IG
• Tw: https://smarturl.it/tv21Tw
• Телефон: 02/313-5630

© & ℗ TV21 & IN Media. All Rights Reserved",TV21,2021-07-02 15:18:08+00:00,2021,297,0,3,6,национален идентитет,национален идентитет,mk,https://www.youtube.com/watch?v=O-vxmD6Go3U,ВМРО-ДПМНЕ ќе достави резолуција за Бугарија - СДСМ: Македонскиот идентитет е признаен,Follow TV21 on... • Телефон: 02/313-5630,ВМРО-ДПМНЕ ќе достави резолуција за Бугарија - СДСМ: Македонскиот идентитет е признаен — Follow TV21 on... • Телефон: 02/313-5630,VMRO-DPMNE will submit a resolution on Bulgaria - SDSM: Macedonian identity is recognized,Follow TV21 on... • Phone: 02/313-5630,VMRO-DPMNE will submit a resolution on Bulgaria - SDSM: Macedonian identity is recognized — Follow TV21 on... • Phone: 02/313-5630,ВМРО-ДПМНЕ ќе достави резолуција за Бугарија - СДСМ: Македонскиот идентитет е признаен — Follow TV21 on... • Телефон: 02/313-5630,2,ok
udBbTMtuJRM,Без реформи нема ЕУ - нови пораки на критики за македонските власти,,AlfaTV News,2023-01-12 14:34:45+00:00,2023,295,1,2,6,реформа на уставот Македонија,реформа на уставот Македонија,mk,https://www.youtube.com/watch?v=udBbTMtuJRM,Без реформи нема ЕУ - нови пораки на критики за македонските власти,,Без реформи нема ЕУ - нови пораки на критики за македонските власти,"Without reforms, there is no EU - new messages of criticism for the Macedonian authorities",,"Without reforms, there is no EU - new messages of criticism for the Macedonian authorities",Без реформи нема ЕУ - нови пораки на критики за македонските власти,1,ok
35i5ciImtrE,Тема на денот – Како ќе се постави опозицијата по модифицираниот француски предлог?,"Follow Sitel Televizija on...
• WEB: http://sitel.com.mk/
• FB: https://smarturl.it/sitelFB
• IG: https://smarturl.it/SitelInstagram
• Tw: https://smarturl.it/SitelTwitter

© & ℗ Sitel Televizija All Rights Reserved",Сител Телевизија,2022-07-01 17:56:06+00:00,2022,4699,39,58,5,француски предлог Македонија,француски предлог Македонија,mk,https://www.youtube.com/watch?v=35i5ciImtrE,Тема на денот – Како ќе се постави опозицијата по модифицираниот француски предлог?,Folloв Sitel Televiziјa on...,Тема на денот – Како ќе се постави опозицијата по модифицираниот француски предлог? — Folloв Sitel Televiziјa on...,Topic of the day – How will the opposition be positioned after the modified French proposal?,Follow Sitel Television on...,Topic of the day – How will the opposition be positioned after the modified French proposal? — Follow Sitel Television on...,Тема на денот – Како ќе се постави опозицијата по модифицираниот француски предлог? — Folloв Sitel Televiziјa on...,3,ok
j02Kc0ujdfA,Пендаровски: Модификуваниот француски предлог е далеку подобар за нас,"Follow Sitel Televizija on...
• WEB: http://sitel.com.mk/
• FB: https://smarturl.it/sitelFB
• IG: https://smarturl.it/SitelInstagram
• Tw: https://smarturl.it/SitelTwitter

© & ℗ Sitel Televizija All Rights Reserved",Сител Телевизија,2022-06-30 14:38:15+00:00,2022,3092,15,27,5,француски предлог Македонија,француски предлог Македонија,mk,https://www.youtube.com/watch?v=j02Kc0ujdfA,Пендаровски: Модификуваниот француски предлог е далеку подобар за нас,Folloв Sitel Televiziјa on...,Пендаровски: Модификуваниот француски предлог е далеку подобар за нас — Folloв Sitel Televiziјa on...,Pendarovski: The modified French proposal is far better for us,Follow Sitel Television on...,Pendarovski: The modified French proposal is far better for us — Follow Sitel Television on...,Пендаровски: Модификуваниот француски предлог е далеку подобар за нас — Folloв Sitel Televiziјa on...,7,ok
AUhbBGg_xe4,Анализа: Како ќе се одрази модифицираниот предлог врз македонските евроинтеграции,"Follow Sitel Televizija on...
• WEB: http://sitel.com.mk/
• FB: https://smarturl.it/sitelFB
• IG: https://smarturl.it/SitelInstagram
• Tw: https://smarturl.it/SitelTwitter

© & ℗ Sitel Televizija All Rights Reserved",Сител Телевизија,2022-07-01 17:50:10+00:00,2022,5468,36,24,5,интеграција во ЕУ Македонија,интеграција во ЕУ Македонија,mk,https://www.youtube.com/watch?v=AUhbBGg_xe4,Анализа: Како ќе се одрази модифицираниот предлог врз македонските евроинтеграции,Folloв Sitel Televiziјa on...,Анализа: Како ќе се одрази модифицираниот предлог врз македонските евроинтеграции — Folloв Sitel Televiziјa on...,Analysis: How will the modified proposal affect Macedonian European integration,Follow Sitel Television on...,Analysis: How will the modified proposal affect Macedonian European integration — Follow Sitel Television on...,Анализа: Како ќе се одрази модифицираниот предлог врз македонските евроинтеграции — Folloв Sitel Televiziјa on...,2,ok
BUEHmHFjeQY,Заев од Берлин: Македонскиот јазик и идентитет се реалност,"Follow Sitel Televizija on...
• WEB: http://sitel.com.mk/
• FB: https://smarturl.it/sitelFB
• IG: https://smarturl.it/SitelInstagram
• Tw: https://smarturl.it/SitelTwitter

© & ℗ Sitel Televizija & IN Media. All Rights Reserved",Сител Телевизија,2020-11-16 18:03:05+00:00,2020,1770,6,18,5,македонски идентитет,македонски идентитет,mk,https://www.youtube.com/watch?v=BUEHmHFjeQY,Заев од Берлин: Македонскиот јазик и идентитет се реалност,Folloв Sitel Televiziјa on...,Заев од Берлин: Македонскиот јазик и идентитет се реалност — Folloв Sitel Televiziјa on...,Zaev from Berlin: Macedonian language and identity are a reality,Follow Sitel Television on...,Zaev from Berlin: Macedonian language and identity are a reality — Follow Sitel Television on...,Заев од Берлин: Македонскиот јазик и идентитет се реалност — Folloв Sitel Televiziјa on...,5,ok
8ZvCvwUVQZs,"Пристигна модификуван француски предлог,  владата најавува широк консултативен процес","Follow Sitel Televizija on...
• WEB: http://sitel.com.mk/
• FB: https://smarturl.it/sitelFB
• IG: https://smarturl.it/SitelInstagram
• Tw: https://smarturl.it/SitelTwitter

© & ℗ Sitel Televizija All Rights Reserved",Сител Телевизија,2022-06-30 17:02:01+00:00,2022,641,0,10,5,француски предлог Македонија,француски предлог Македонија,mk,https://www.youtube.com/watch?v=8ZvCvwUVQZs,"Пристигна модификуван француски предлог, владата најавува широк консултативен процес",Folloв Sitel Televiziјa on...,"Пристигна модификуван француски предлог, владата најавува широк консултативен процес — Folloв Sitel Televiziјa on...","Modified French proposal arrives, government announces broad consultation process",Follow Sitel Television on...,"Modified French proposal arrives, government announces broad consultation process — Follow Sitel Television on...","Пристигна модификуван француски предлог, владата најавува широк консултативен процес — Folloв Sitel Televiziјa on...",3,ok
cdwWdLsbi5I,Консултации на владината коалиција за модифицираниот француски предлог,,Televizija 24,2022-07-01 15:06:39+00:00,2022,174,3,9,5,француски предлог Македонија,француски предлог Македонија,mk,https://www.youtube.com/watch?v=cdwWdLsbi5I,Консултации на владината коалиција за модифицираниот француски предлог,,Консултации на владината коалиција за модифицираниот француски предлог,Consultation of the government coalition on the modified French proposal,,Consultation of the government coalition on the modified French proposal,Консултации на владината коалиција за модифицираниот француски предлог,3,ok
q6XMQQlWumQ,„Тврдокорни“ го запалија знамето на ЕУ пред Собрание,,MAKFAX,2018-01-21 13:57:28+00:00,2018,7344,40,7,5,НАТО ЕУ Македонија протест,НАТО ЕУ Македонија протест,mk,https://www.youtube.com/watch?v=q6XMQQlWumQ,„Тврдокорни“ го запалија знамето на ЕУ пред Собрание,,„Тврдокорни“ го запалија знамето на ЕУ пред Собрание,"""Hardliners"" burned the EU flag in front of the Parliament",,"""Hardliners"" burned the EU flag in front of the Parliament",„Тврдокорни“ го запалија знамето на ЕУ пред Собрание,1,ok
Uyxf258TYME,Анкета на ИПИС: Над 70% од граѓаните се против францускиот предлог,"Follow Sitel Televizija on...
• WEB: http://sitel.com.mk/
• FB: https://smarturl.it/sitelFB
• IG: https://smarturl.it/SitelInstagram
• Tw: https://smarturl.it/SitelTwitter

© & ℗ Sitel Televizija All Rights Reserved",Сител Телевизија,2022-07-07 10:14:17+00:00,2022,1936,17,5,5,француски предлог Македонија,француски предлог Македонија,mk,https://www.youtube.com/watch?v=Uyxf258TYME,Анкета на ИПИС: Над 70% од граѓаните се против францускиот предлог,Folloв Sitel Televiziјa on...,Анкета на ИПИС: Над 70% од граѓаните се против францускиот предлог — Folloв Sitel Televiziјa on...,IPIS poll: Over 70% of citizens are against the French proposal,Follow Sitel Television on...,IPIS poll: Over 70% of citizens are against the French proposal — Follow Sitel Television on...,Анкета на ИПИС: Над 70% од граѓаните се против францускиот предлог — Folloв Sitel Televiziјa on...,2,ok
lFD8aH6zq0Y,Санчез во Скопје: Охрабрување за реформи,,Televizija 24,2022-07-31 18:04:34+00:00,2022,361,2,3,5,реформа на уставот Македонија,реформа на уставот Македонија,mk,https://www.youtube.com/watch?v=lFD8aH6zq0Y,Санчез во Скопје: Охрабрување за реформи,,Санчез во Скопје: Охрабрување за реформи,Sanchez in Skopje: Encouragement for reforms,,Sanchez in Skopje: Encouragement for reforms,Санчез во Скопје: Охрабрување за реформи,3,ok
OdgkauvJJS4,ПРАШАЊЕ НА ДЕНОТ: 7 години Преспански - кои се придобивките ?,,Civil,2025-06-17 12:07:56+00:00,2025,782,5,2,5,Преспански договор; преспански договор,преспански договор,mk,https://www.youtube.com/watch?v=OdgkauvJJS4,ПРАШАЊЕ НА ДЕНОТ: 7 години Преспански - кои се придобивките ?,,ПРАШАЊЕ НА ДЕНОТ: 7 години Преспански - кои се придобивките ?,QUESTION OF THE DAY: 7 years of Prespa - what are the benefits?,,QUESTION OF THE DAY: 7 years of Prespa - what are the benefits?,ПРАШАЊЕ НА ДЕНОТ: 7 години Преспански - кои се придобивките ?,2,ok
GAz-Ffe0GXM,Демолиран бугарскиот клуб „цар Борис трети“ во Охрид,,Televizija 24,2022-11-21 15:45:12+00:00,2022,438,1,2,5,довербата во институциите,довербата во институциите,mk,https://www.youtube.com/watch?v=GAz-Ffe0GXM,Демолиран бугарскиот клуб „цар Борис трети“ во Охрид,,Демолиран бугарскиот клуб „цар Борис трети“ во Охрид,"The Bulgarian club ""Csar Boris Treti"" in Ohrid was demolished",,"The Bulgarian club ""Csar Boris Treti"" in Ohrid was demolished",Демолиран бугарскиот клуб „цар Борис трети“ во Охрид,2,ok
b47GwJ3tfQw,"„Не очекувам голема политичка криза“, вели Кекеновски","Web: https://tv21.mk & https://tv21.tv
Телефон: 02 313 5630
Facebook: https://www.facebook.com/tv21hd
Twitter: https://www.twitter.com/tv21hd
Instagram: https://www.instagram.com/tv21hd
Youtube: TV21 OFFICIAL
Mail: tv21@rtv21.tv

Copyright: OnAir Media Group",ClickPlus TV21,2019-08-18 21:38:18+00:00,2019,630,0,1,5,политичка криза,политичка криза,mk,https://www.youtube.com/watch?v=b47GwJ3tfQw,"„Не очекувам голема политичка криза“, вели Кекеновски",Телефон: 02 313 5630 Youtube: TV21 OFFICIAL,"„Не очекувам голема политичка криза“, вели Кекеновски — Телефон: 02 313 5630 Youtube: TV21 OFFICIAL","""I don't expect a big political crisis,"" says Kekenovski",Phone: 02 313 5630 Youtube: TV21 OFFICIAL,"""I don't expect a big political crisis,"" says Kekenovski — Phone: 02 313 5630 Youtube: TV21 OFFICIAL","„Не очекувам голема политичка криза“, вели Кекеновски — Телефон: 02 313 5630 Youtube: TV21 OFFICIAL",1,ok
GS6B6sG601Y,"УТРИНСКА ТЕМА - СЕ БЛИЖИ КРАЈОТ НА УЧЕБНАТА ГОДИНА, СТРЕС ЗА УЧЕНИЦИТЕ И ЗА РОДИТЕЛИТЕ",,Утринска на Телма / Utrinska na Telma,2024-05-29 07:49:39+00:00,2024,212,3,1,5,стрес во општеството,стрес во општеството,mk,https://www.youtube.com/watch?v=GS6B6sG601Y,"УТРИНСКА ТЕМА - СЕ БЛИЖИ КРАЈОТ НА УЧЕБНАТА ГОДИНА, СТРЕС ЗА УЧЕНИЦИТЕ И ЗА РОДИТЕЛИТЕ",,"УТРИНСКА ТЕМА - СЕ БЛИЖИ КРАЈОТ НА УЧЕБНАТА ГОДИНА, СТРЕС ЗА УЧЕНИЦИТЕ И ЗА РОДИТЕЛИТЕ","MORNING TOPIC - THE END OF THE SCHOOL YEAR IS APPROACHING, STRESS FOR STUDENTS AND PARENTS",,"MORNING TOPIC - THE END OF THE SCHOOL YEAR IS APPROACHING, STRESS FOR STUDENTS AND PARENTS","УТРИНСКА ТЕМА - СЕ БЛИЖИ КРАЈОТ НА УЧЕБНАТА ГОДИНА, СТРЕС ЗА УЧЕНИЦИТЕ И ЗА РОДИТЕЛИТЕ",1,ok
az5oV-K_Azk,ВМРО Народна партија бара рехабилитација на историски личности и настани,,Televizija 24,2023-08-04 15:27:56+00:00,2023,736,6,15,4,политички настани Македонија,политички настани Македонија,mk,https://www.youtube.com/watch?v=az5oV-K_Azk,ВМРО Народна партија бара рехабилитација на историски личности и настани,,ВМРО Народна партија бара рехабилитација на историски личности и настани,VMRO People's Party demands the rehabilitation of historical figures and events,,VMRO People's Party demands the rehabilitation of historical figures and events,ВМРО Народна партија бара рехабилитација на историски личности и настани,4,ok
NvjfoCeY_Pw,"Нема француски предлог, но има интензивни напори на Франција, вели Ковачевски","Follow Sitel Televizija on...
• WEB: http://sitel.com.mk/
• FB: https://smarturl.it/sitelFB
• IG: https://smarturl.it/SitelInstagram
• Tw: https://smarturl.it/SitelTwitter

© & ℗ Sitel Televizija All Rights Reserved",Сител Телевизија,2022-06-06 14:10:50+00:00,2022,532,8,11,4,француски предлог Македонија,француски предлог Македонија,mk,https://www.youtube.com/watch?v=NvjfoCeY_Pw,"Нема француски предлог, но има интензивни напори на Франција, вели Ковачевски",Folloв Sitel Televiziјa on...,"Нема француски предлог, но има интензивни напори на Франција, вели Ковачевски — Folloв Sitel Televiziјa on...","There is no French proposal, but there are intense efforts by France, Kovacevski says",Follow Sitel Television on...,"There is no French proposal, but there are intense efforts by France, Kovacevski says — Follow Sitel Television on...","Нема француски предлог, но има интензивни напори на Франција, вели Ковачевски — Folloв Sitel Televiziјa on...",5,ok
PElVRqYjUwU,"Француски предлог: Жестоки критики од екс македонски политичари, но и интелектуалци",,Televizija 24,2022-06-20 14:11:33+00:00,2022,2438,9,7,4,француски предлог Македонија,француски предлог Македонија,mk,https://www.youtube.com/watch?v=PElVRqYjUwU,"Француски предлог: Жестоки критики од екс македонски политичари, но и интелектуалци",,"Француски предлог: Жестоки критики од екс македонски политичари, но и интелектуалци","French proposal: Violent criticism from former Macedonian politicians, but also intellectuals",,"French proposal: Violent criticism from former Macedonian politicians, but also intellectuals","Француски предлог: Жестоки критики од екс македонски политичари, но и интелектуалци",3,ok
tfXjFlEryHo,Таравари: Без уставни измени ќе добиеме вето од Бугарија и повеќедецениски застој,,Televizija 24,2023-04-04 15:02:05+00:00,2023,281,1,7,4,уставни измени Македонија,уставни измени Македонија,mk,https://www.youtube.com/watch?v=tfXjFlEryHo,Таравари: Без уставни измени ќе добиеме вето од Бугарија и повеќедецениски застој,,Таравари: Без уставни измени ќе добиеме вето од Бугарија и повеќедецениски застој,"Taravari: Without constitutional amendments, we will get a veto from Bulgaria and a multi-decade standstill",,"Taravari: Without constitutional amendments, we will get a veto from Bulgaria and a multi-decade standstill",Таравари: Без уставни измени ќе добиеме вето од Бугарија и повеќедецениски застој,1,ok
FlNXJ-Ss6Fo,"По дебаклот со НАТО журките, скромна церемонија за подигање на знамето",,AlfaTV News,2019-02-13 15:33:52+00:00,2019,848,2,5,4,НАТО ЕУ Македонија протест,НАТО ЕУ Македонија протест,mk,https://www.youtube.com/watch?v=FlNXJ-Ss6Fo,"По дебаклот со НАТО журките, скромна церемонија за подигање на знамето",,"По дебаклот со НАТО журките, скромна церемонија за подигање на знамето","After the debacle with the NATO parties, a modest flag-raising ceremony",,"After the debacle with the NATO parties, a modest flag-raising ceremony","По дебаклот со НАТО журките, скромна церемонија за подигање на знамето",1,ok
2klMuWfca0U,Томас Вајц за БТВ: „Не гледам проблем за македонскиот идентитет и јазик“,"Follow TV21 on...
• Web: https://tv21.mk & https://tv21.tv
• FB: https://smarturl.it/TV21Fb
• IG: https://smarturl.it/TV21IG
• Tw: https://smarturl.it/tv21Tw
• Телефон: 02/313-5630

© & ℗ TV21 & IN Media. All Rights Reserved",TV21,2025-05-31 15:54:19+00:00,2025,535,1,5,4,македонски идентитет,македонски идентитет,mk,https://www.youtube.com/watch?v=2klMuWfca0U,Томас Вајц за БТВ: „Не гледам проблем за македонскиот идентитет и јазик“,Follow TV21 on... • Телефон: 02/313-5630,Томас Вајц за БТВ: „Не гледам проблем за македонскиот идентитет и јазик“ — Follow TV21 on... • Телефон: 02/313-5630,"Thomas Weitz for BTV: ""I don't see a problem for the Macedonian identity and language""",Follow TV21 on... • Phone: 02/313-5630,"Thomas Weitz for BTV: ""I don't see a problem for the Macedonian identity and language"" — Follow TV21 on... • Phone: 02/313-5630",Томас Вајц за БТВ: „Не гледам проблем за македонскиот идентитет и јазик“ — Follow TV21 on... • Телефон: 02/313-5630,4,ok
fOWo1NJrSnA,Беса нема да гласа за уставни измени наведување и на албанскиот јазик,"Follow Sitel Televizija on...
• WEB: http://sitel.com.mk/
• FB: https://smarturl.it/sitelFB
• IG: https://smarturl.it/SitelInstagram
• Tw: https://smarturl.it/SitelTwitter

© & ℗ Sitel Televizija All Rights Reserved",Сител Телевизија,2023-10-01 14:15:12+00:00,2023,607,1,4,4,уставни измени Македонија,уставни измени Македонија,mk,https://www.youtube.com/watch?v=fOWo1NJrSnA,Беса нема да гласа за уставни измени наведување и на албанскиот јазик,Folloв Sitel Televiziјa on...,Беса нема да гласа за уставни измени наведување и на албанскиот јазик — Folloв Sitel Televiziјa on...,"Besa will not vote for constitutional amendments, stating in the Albanian language",Follow Sitel Television on...,"Besa will not vote for constitutional amendments, stating in the Albanian language — Follow Sitel Television on...",Беса нема да гласа за уставни измени наведување и на албанскиот јазик — Folloв Sitel Televiziјa on...,2,ok
AqJc_cwe08k,Официјална Софија тврди нема нов француски предлог - Борисов повика Софија да го финализира истиот,"Follow Sitel Televizija on...
• WEB: http://sitel.com.mk/
• FB: https://smarturl.it/sitelFB
• IG: https://smarturl.it/SitelInstagram
• Tw: https://smarturl.it/SitelTwitter

© & ℗ Sitel Televizija All Rights Reserved",Сител Телевизија,2022-07-01 14:17:07+00:00,2022,559,0,4,4,француски предлог Македонија,француски предлог Македонија,mk,https://www.youtube.com/watch?v=AqJc_cwe08k,Официјална Софија тврди нема нов француски предлог - Борисов повика Софија да го финализира истиот,Folloв Sitel Televiziјa on...,Официјална Софија тврди нема нов француски предлог - Борисов повика Софија да го финализира истиот — Folloв Sitel Televiziјa on...,Official Sofia claims there is no new French proposal - Borisov called on Sofia to finalize it,Follow Sitel Television on...,Official Sofia claims there is no new French proposal - Borisov called on Sofia to finalize it — Follow Sitel Television on...,Официјална Софија тврди нема нов француски предлог - Борисов повика Софија да го финализира истиот — Folloв Sitel Televiziјa on...,1,ok
_wVb2fEj1mA,Форум: „Како да го заштитиме македонскиот идентитет“ - пресуден момент да ја сочуваме унитарноста,,AlfaTV News,2024-03-14 15:42:38+00:00,2024,280,7,4,4,македонски идентитет,македонски идентитет,mk,https://www.youtube.com/watch?v=_wVb2fEj1mA,Форум: „Како да го заштитиме македонскиот идентитет“ - пресуден момент да ја сочуваме унитарноста,,Форум: „Како да го заштитиме македонскиот идентитет“ - пресуден момент да ја сочуваме унитарноста,"Forum: ""How to protect the Macedonian identity"" - a decisive moment to preserve unity",,"Forum: ""How to protect the Macedonian identity"" - a decisive moment to preserve unity",Форум: „Како да го заштитиме македонскиот идентитет“ - пресуден момент да ја сочуваме унитарноста,3,ok
UemiOvQ1MPc,"🗣️ Тодоров: Тогаш полесно му беше на Заев, сега ќе биде потешко за Мицкоски #политиканти #избори2024",,politikanti,2024-03-03 12:54:57+00:00,2024,1773,7,2,4,политички настани Македонија,политички настани Македонија,mk,https://www.youtube.com/watch?v=UemiOvQ1MPc,"🗣️ Тодоров: Тогаш полесно му беше на Заев, сега ќе биде потешко за Мицкоски политиканти избори2024",,"🗣️ Тодоров: Тогаш полесно му беше на Заев, сега ќе биде потешко за Мицкоски политиканти избори2024","🗣️ Todorov: Then it was easier for Zaev, now it will be more difficult for Micko politicians elections 2024",,"🗣️ Todorov: Then it was easier for Zaev, now it will be more difficult for Micko politicians elections 2024","🗣️ Тодоров: Тогаш полесно му беше на Заев, сега ќе биде потешко за Мицкоски политиканти избори2024",1,ok
MDpIWCsaiTQ,"Политико: ""Бугарски компромис"" за македонски јазик и идентитет врз бугарски темели",,AlfaTV News,2020-10-29 15:15:11+00:00,2020,458,0,2,4,македонски идентитет,македонски идентитет,mk,https://www.youtube.com/watch?v=MDpIWCsaiTQ,"Политико: ""Бугарски компромис"" за македонски јазик и идентитет врз бугарски темели",,"Политико: ""Бугарски компромис"" за македонски јазик и идентитет врз бугарски темели","Politiko: ""Bulgarian compromise"" for Macedonian language and identity based on Bulgarian foundations",,"Politiko: ""Bulgarian compromise"" for Macedonian language and identity based on Bulgarian foundations","Политико: ""Бугарски компромис"" за македонски јазик и идентитет врз бугарски темели",1,ok
DBAdylu5DTw,Стартува судскиот процес за собранискиот настани од 27 април минатата година,"Web: http://sitel.com.mk/
Facebook: https://www.facebook.com/tvsitel.mk/
Twitter: https://twitter.com/SitelTV
Instagram: https://www.instagram.com/siteltelevision/

Copyright: OnAir Media Group; www.onair.mk",Сител Телевизија,2018-08-21 14:42:45+00:00,2018,201,0,1,4,политички настани Македонија,политички настани Македонија,mk,https://www.youtube.com/watch?v=DBAdylu5DTw,Стартува судскиот процес за собранискиот настани од 27 април минатата година,,Стартува судскиот процес за собранискиот настани од 27 април минатата година,The trial for the parliamentary events of April 27 of last year has started,,The trial for the parliamentary events of April 27 of last year has started,Стартува судскиот процес за собранискиот настани од 27 април минатата година,1,ok
6i5adglrAe0,Захариева наведе нова причина за ветото - Заев повеќе не знае што треба да решаваме со Бугарија,"Follow Sitel Televizija on...
• WEB: http://sitel.com.mk/
• FB: https://smarturl.it/sitelFB
• IG: https://smarturl.it/SitelInstagram
• Tw: https://smarturl.it/SitelTwitter

© & ℗ Sitel Televizija & IN Media. All Rights Reserved",Сител Телевизија,2020-12-19 20:10:06+00:00,2020,3441,16,42,3,бугарско вето Македонија,бугарско вето Македонија,mk,https://www.youtube.com/watch?v=6i5adglrAe0,Захариева наведе нова причина за ветото - Заев повеќе не знае што треба да решаваме со Бугарија,Folloв Sitel Televiziјa on...,Захариева наведе нова причина за ветото - Заев повеќе не знае што треба да решаваме со Бугарија — Folloв Sitel Televiziјa on...,Zaharieva gave a new reason for the veto - Zaev no longer knows what we should decide with Bulgaria,Follow Sitel Television on...,Zaharieva gave a new reason for the veto - Zaev no longer knows what we should decide with Bulgaria — Follow Sitel Television on...,Захариева наведе нова причина за ветото - Заев повеќе не знае што треба да решаваме со Бугарија — Folloв Sitel Televiziјa on...,4,ok
_dyniJ7QJ1E,Ковачевски го одби францускиот предлог,,Televizija 24,2022-06-23 15:49:22+00:00,2022,647,3,25,3,француски предлог Македонија,француски предлог Македонија,mk,https://www.youtube.com/watch?v=_dyniJ7QJ1E,Ковачевски го одби францускиот предлог,,Ковачевски го одби францускиот предлог,Kovacevski rejected the French proposal,,Kovacevski rejected the French proposal,Ковачевски го одби францускиот предлог,10,ok
364Mpy2G688,Ѓурчески: Премиерот не требаше јавно да споделува разузнавачки информации за платени руски ботови,,Televizija 24,2023-07-31 18:46:01+00:00,2023,3686,27,8,3,политички настани Македонија,политички настани Македонија,mk,https://www.youtube.com/watch?v=364Mpy2G688,Ѓурчески: Премиерот не требаше јавно да споделува разузнавачки информации за платени руски ботови,,Ѓурчески: Премиерот не требаше јавно да споделува разузнавачки информации за платени руски ботови,Gyurcheski: The prime minister should not have publicly shared intelligence about paid Russian bots,,Gyurcheski: The prime minister should not have publicly shared intelligence about paid Russian bots,Ѓурчески: Премиерот не требаше јавно да споделува разузнавачки информации за платени руски ботови,4,ok
dCdUiRGtOU8,"Шолц бара силна Европска Унија, најавува ли брза интеграција на Западен Балкан?","Follow Sitel Televizija on...
• WEB: http://sitel.com.mk/
• FB: https://smarturl.it/sitelFB
• IG: https://smarturl.it/SitelInstagram
• Tw: https://smarturl.it/SitelTwitter

© & ℗ Sitel Televizija All Rights Reserved",Сител Телевизија,2022-10-15 19:04:57+00:00,2022,930,3,8,3,интеграција во ЕУ Македонија,интеграција во ЕУ Македонија,mk,https://www.youtube.com/watch?v=dCdUiRGtOU8,"Шолц бара силна Европска Унија, најавува ли брза интеграција на Западен Балкан?",Folloв Sitel Televiziјa on...,"Шолц бара силна Европска Унија, најавува ли брза интеграција на Западен Балкан? — Folloв Sitel Televiziјa on...","Scholz is looking for a strong European Union, is he announcing a rapid integration of the Western Balkans?",Follow Sitel Television on...,"Scholz is looking for a strong European Union, is he announcing a rapid integration of the Western Balkans? — Follow Sitel Television on...","Шолц бара силна Европска Унија, најавува ли брза интеграција на Западен Балкан? — Folloв Sitel Televiziјa on...",3,ok
4U0IvB3jXis,Владата го објави последниот модифициран француски предлог,"Follow Sitel Televizija on...
• WEB: http://sitel.com.mk/
• FB: https://smarturl.it/sitelFB
• IG: https://smarturl.it/SitelInstagram
• Tw: https://smarturl.it/SitelTwitter

© & ℗ Sitel Televizija All Rights Reserved",Сител Телевизија,2022-07-01 17:02:37+00:00,2022,1200,4,6,3,француски предлог Македонија,француски предлог Македонија,mk,https://www.youtube.com/watch?v=4U0IvB3jXis,Владата го објави последниот модифициран француски предлог,Folloв Sitel Televiziјa on...,Владата го објави последниот модифициран француски предлог — Folloв Sitel Televiziјa on...,The government released the latest modified French proposal,Follow Sitel Television on...,The government released the latest modified French proposal — Follow Sitel Television on...,Владата го објави последниот модифициран француски предлог — Folloв Sitel Televiziјa on...,2,ok
-Dq1aizEFQQ,Измами со подигање брзи кредити на туѓо име со украдени лични податоци,"Follow Sitel Televizija on...
• WEB: http://sitel.com.mk/
• FB: https://smarturl.it/sitelFB
• IG: https://smarturl.it/SitelInstagram
• Tw: https://smarturl.it/SitelTwitter

© & ℗ Sitel Televizija All Rights Reserved",Сител Телевизија,2022-11-23 05:45:09+00:00,2022,1835,6,2,3,довербата во институциите,довербата во институциите,mk,https://www.youtube.com/watch?v=-Dq1aizEFQQ,Измами со подигање брзи кредити на туѓо име со украдени лични податоци,Folloв Sitel Televiziјa on...,Измами со подигање брзи кредити на туѓо име со украдени лични податоци — Folloв Sitel Televiziјa on...,Quick loan scams in someone else's name with stolen personal information,Follow Sitel Television on...,Quick loan scams in someone else's name with stolen personal information — Follow Sitel Television on...,Измами со подигање брзи кредити на туѓо име со украдени лични податоци — Folloв Sitel Televiziјa on...,1,ok
gldnIX7a8dY,Македонската Влада со конкретни услови чека нов предлог од Брисел,"Follow Sitel Televizija on...
• WEB: http://sitel.com.mk/
• FB: https://smarturl.it/sitelFB
• IG: https://smarturl.it/SitelInstagram
• Tw: https://smarturl.it/SitelTwitter

© & ℗ Sitel Televizija All Rights Reserved",Сител Телевизија,2022-06-24 14:08:22+00:00,2022,1269,9,22,2,француски предлог Македонија,француски предлог Македонија,mk,https://www.youtube.com/watch?v=gldnIX7a8dY,Македонската Влада со конкретни услови чека нов предлог од Брисел,Folloв Sitel Televiziјa on...,Македонската Влада со конкретни услови чека нов предлог од Брисел — Folloв Sitel Televiziјa on...,The Macedonian Government is waiting for a new proposal from Brussels with specific conditions,Follow Sitel Television on...,The Macedonian Government is waiting for a new proposal from Brussels with specific conditions — Follow Sitel Television on...,Македонската Влада со конкретни услови чека нов предлог од Брисел — Folloв Sitel Televiziјa on...,6,ok
lQN-jA58Wpk,"Ковачевски, Мишел и Денков порачуваат нема дру пат освен уставни измени","Follow Sitel Televizija on...
• WEB: http://sitel.com.mk/
• FB: https://smarturl.it/sitelFB
• IG: https://smarturl.it/SitelInstagram
• Tw: https://smarturl.it/SitelTwitter

© & ℗ Sitel Televizija All Rights Reserved",Сител Телевизија,2023-08-28 14:04:58+00:00,2023,752,0,18,2,реформа на уставот Македонија,реформа на уставот Македонија,mk,https://www.youtube.com/watch?v=lQN-jA58Wpk,"Ковачевски, Мишел и Денков порачуваат нема дру пат освен уставни измени",Folloв Sitel Televiziјa on...,"Ковачевски, Мишел и Денков порачуваат нема дру пат освен уставни измени — Folloв Sitel Televiziјa on...","Kovacevski, Michel and Denkov say there is no other way than constitutional amendments",Follow Sitel Television on...,"Kovacevski, Michel and Denkov say there is no other way than constitutional amendments — Follow Sitel Television on...","Ковачевски, Мишел и Денков порачуваат нема дру пат освен уставни измени — Folloв Sitel Televiziјa on...",5,ok
7a6pnR5A7YE,Фац: Бугарско-француска измама за вето по ветото,"Follow Sitel Televizija on...
• WEB: http://sitel.com.mk/
• FB: https://smarturl.it/sitelFB
• IG: https://smarturl.it/SitelInstagram
• Tw: https://smarturl.it/SitelTwitter

© & ℗ Sitel Televizija All Rights Reserved",Сител Телевизија,2022-06-27 14:16:19+00:00,2022,1359,3,14,2,бугарско вето Македонија,бугарско вето Македонија,mk,https://www.youtube.com/watch?v=7a6pnR5A7YE,Фац: Бугарско-француска измама за вето по ветото,Folloв Sitel Televiziјa on...,Фац: Бугарско-француска измама за вето по ветото — Folloв Sitel Televiziјa on...,Face: Bulgarian-French veto scam after veto,Follow Sitel Television on...,Face: Bulgarian-French veto scam after veto — Follow Sitel Television on...,Фац: Бугарско-француска измама за вето по ветото — Folloв Sitel Televiziјa on...,4,ok
CSkyeHRX1Zc,Владата го објави последниот француски предлог,"Follow Sitel Televizija on...
• WEB: http://sitel.com.mk/
• FB: https://smarturl.it/sitelFB
• IG: https://smarturl.it/SitelInstagram
• Tw: https://smarturl.it/SitelTwitter

© & ℗ Sitel Televizija All Rights Reserved",Сител Телевизија,2022-07-01 14:12:01+00:00,2022,848,2,11,2,француски предлог Македонија,француски предлог Македонија,mk,https://www.youtube.com/watch?v=CSkyeHRX1Zc,Владата го објави последниот француски предлог,Folloв Sitel Televiziјa on...,Владата го објави последниот француски предлог — Folloв Sitel Televiziјa on...,The government announced the latest French proposal,Follow Sitel Television on...,The government announced the latest French proposal — Follow Sitel Television on...,Владата го објави последниот француски предлог — Folloв Sitel Televiziјa on...,4,ok
cCFzm5zYtss,Вечерва консултации за новиот француски предлог,"Follow Sitel Televizija on...
• WEB: http://sitel.com.mk/
• FB: https://smarturl.it/sitelFB
• IG: https://smarturl.it/SitelInstagram
• Tw: https://smarturl.it/SitelTwitter

© & ℗ Sitel Televizija All Rights Reserved",Сител Телевизија,2022-06-30 19:30:44+00:00,2022,1574,6,9,2,француски предлог Македонија,француски предлог Македонија,mk,https://www.youtube.com/watch?v=cCFzm5zYtss,Вечерва консултации за новиот француски предлог,Folloв Sitel Televiziјa on...,Вечерва консултации за новиот француски предлог — Folloв Sitel Televiziјa on...,Consultations tonight on the new French proposal,Follow Sitel Television on...,Consultations tonight on the new French proposal — Follow Sitel Television on...,Вечерва консултации за новиот француски предлог — Folloв Sitel Televiziјa on...,3,ok
7-MnmjamZOc,"„Заев е виновен“- Мицкоски бара истрага за екс премиерот, реформи и ревизија на врховните судии",,AlfaTV News,2020-02-25 21:09:34+00:00,2020,1808,41,8,2,реформа на уставот Македонија,реформа на уставот Македонија,mk,https://www.youtube.com/watch?v=7-MnmjamZOc,"„Заев е виновен“- Мицкоски бара истрага за екс премиерот, реформи и ревизија на врховните судии",,"„Заев е виновен“- Мицкоски бара истрага за екс премиерот, реформи и ревизија на врховните судии","""Zaev is guilty"" - Mickoski demands an investigation into the ex-prime minister, reforms and an audit of the supreme judges",,"""Zaev is guilty"" - Mickoski demands an investigation into the ex-prime minister, reforms and an audit of the supreme judges","„Заев е виновен“- Мицкоски бара истрага за екс премиерот, реформи и ревизија на врховните судии",3,ok
OTm2PdCUbCE,Француски предлог: Тет-а-тет средба Ковачевски - Мицковски,,Televizija 24,2022-07-03 15:28:16+00:00,2022,1485,9,8,2,француски предлог Македонија,француски предлог Македонија,mk,https://www.youtube.com/watch?v=OTm2PdCUbCE,Француски предлог: Тет-а-тет средба Ковачевски - Мицковски,,Француски предлог: Тет-а-тет средба Ковачевски - Мицковски,French proposal: Tet-a-tet meeting Kovacevski - Mickovski,,French proposal: Tet-a-tet meeting Kovacevski - Mickovski,Француски предлог: Тет-а-тет средба Ковачевски - Мицковски,3,ok
pLUYV383x0Y,ВМРО-ДПМНЕ останува против уставни измени,"Follow Sitel Televizija on...
• WEB: http://sitel.com.mk/
• FB: https://smarturl.it/sitelFB
• IG: https://smarturl.it/SitelInstagram
• Tw: https://smarturl.it/SitelTwitter

© & ℗ Sitel Televizija All Rights Reserved",Сител Телевизија,2023-08-17 19:22:08+00:00,2023,1790,9,6,2,уставни измени Македонија,уставни измени Македонија,mk,https://www.youtube.com/watch?v=pLUYV383x0Y,ВМРО-ДПМНЕ останува против уставни измени,Folloв Sitel Televiziјa on...,ВМРО-ДПМНЕ останува против уставни измени — Folloв Sitel Televiziјa on...,VMRO-DPMNE remains against constitutional amendments,Follow Sitel Television on...,VMRO-DPMNE remains against constitutional amendments — Follow Sitel Television on...,ВМРО-ДПМНЕ останува против уставни измени — Folloв Sitel Televiziјa on...,2,ok
3tk2Pt9IZyg,"Стаменковска: Нема да гласам за уставни измени, личен став е, не е партиски",,MAKFAX,2018-09-26 11:25:21+00:00,2018,795,17,6,2,реформа на уставот Македонија; уставни измени Македонија,уставни измени Македонија,mk,https://www.youtube.com/watch?v=3tk2Pt9IZyg,"Стаменковска: Нема да гласам за уставни измени, личен став е, не е партиски",,"Стаменковска: Нема да гласам за уставни измени, личен став е, не е партиски","Stamenkovska: I will not vote for constitutional amendments, it is a personal opinion, not a party one",,"Stamenkovska: I will not vote for constitutional amendments, it is a personal opinion, not a party one","Стаменковска: Нема да гласам за уставни измени, личен став е, не е партиски",3,ok
b37X2Azvln4,Француски предлог: „Oui или non merci“,,Televizija 24,2022-06-18 14:58:35+00:00,2022,1437,2,5,2,француски предлог Македонија,француски предлог Македонија,mk,https://www.youtube.com/watch?v=b37X2Azvln4,Француски предлог: „Oui или non merci“,,Француски предлог: „Oui или non merci“,"French preposition: ""Oui or non merci""",,"French preposition: ""Oui or non merci""",Француски предлог: „Oui или non merci“,4,ok
nArULZyXh90,Османи: Амбасадата на Франција уверува дека изјавите на Макрон се грешка,"Follow Sitel Televizija on...
• WEB: http://sitel.com.mk/
• FB: https://smarturl.it/sitelFB
• IG: https://smarturl.it/SitelInstagram
• Tw: https://smarturl.it/SitelTwitter

© & ℗ Sitel Televizija All Rights Reserved",Сител Телевизија,2022-06-24 17:13:37+00:00,2022,835,0,5,2,француски предлог Македонија,француски предлог Македонија,mk,https://www.youtube.com/watch?v=nArULZyXh90,Османи: Амбасадата на Франција уверува дека изјавите на Макрон се грешка,Folloв Sitel Televiziјa on...,Османи: Амбасадата на Франција уверува дека изјавите на Макрон се грешка — Folloв Sitel Televiziјa on...,Osmani: The French Embassy assures that Macron's statements are a mistake,Follow Sitel Television on...,Osmani: The French Embassy assures that Macron's statements are a mistake — Follow Sitel Television on...,Османи: Амбасадата на Франција уверува дека изјавите на Макрон се грешка — Folloв Sitel Televiziјa on...,1,ok
Tq85vJkoxGI,Претставници на бугарските здруженија на средба со Османи,"Follow Sitel Televizija on...
• WEB: http://sitel.com.mk/
• FB: https://smarturl.it/sitelFB
• IG: https://smarturl.it/SitelInstagram
• Tw: https://smarturl.it/SitelTwitter

© & ℗ Sitel Televizija All Rights Reserved",Сител Телевизија,2023-02-15 11:04:51+00:00,2023,369,3,5,2,довербата во системот,довербата во системот,mk,https://www.youtube.com/watch?v=Tq85vJkoxGI,Претставници на бугарските здруженија на средба со Османи,Folloв Sitel Televiziјa on...,Претставници на бугарските здруженија на средба со Османи — Folloв Sitel Televiziјa on...,Representatives of the Bulgarian associations at a meeting with Ottomans,Follow Sitel Television on...,Representatives of the Bulgarian associations at a meeting with Ottomans — Follow Sitel Television on...,Претставници на бугарските здруженија на средба со Османи — Folloв Sitel Televiziјa on...,2,ok
sFR8gbVatLI,Ковачевски свика коалициски состанок - ќе биде ли прифатен новиот француски предлог?,"Follow Sitel Televizija on...
• WEB: http://sitel.com.mk/
• FB: https://smarturl.it/sitelFB
• IG: https://smarturl.it/SitelInstagram
• Tw: https://smarturl.it/SitelTwitter

© & ℗ Sitel Televizija All Rights Reserved",Сител Телевизија,2022-07-01 10:30:42+00:00,2022,2668,2,2,2,француски предлог Македонија,француски предлог Македонија,mk,https://www.youtube.com/watch?v=sFR8gbVatLI,Ковачевски свика коалициски состанок - ќе биде ли прифатен новиот француски предлог?,Folloв Sitel Televiziјa on...,Ковачевски свика коалициски состанок - ќе биде ли прифатен новиот француски предлог? — Folloв Sitel Televiziјa on...,Kovacevski called a coalition meeting - will the new French proposal be accepted?,Follow Sitel Television on...,Kovacevski called a coalition meeting - will the new French proposal be accepted? — Follow Sitel Television on...,Ковачевски свика коалициски состанок - ќе биде ли прифатен новиот француски предлог? — Folloв Sitel Televiziјa on...,1,ok
kr9N3Gf89uU,Илина Ведран: Нашите мисли имаат огромна моќ,,Добро Утро Секое Утро,2019-10-30 09:38:42+00:00,2019,101,2,2,2,колективна траума,колективна траума,mk,https://www.youtube.com/watch?v=kr9N3Gf89uU,Илина Ведран: Нашите мисли имаат огромна моќ,,Илина Ведран: Нашите мисли имаат огромна моќ,Ilina Vedran: Our thoughts have enormous power,,Ilina Vedran: Our thoughts have enormous power,Илина Ведран: Нашите мисли имаат огромна моќ,2,ok
-G7imBskuhE,Прилепскиот архив пронајде карта на која е исцртана „Виа Игнација“,"Follow Sitel Televizija on...
• WEB: http://sitel.com.mk/
• FB: https://smarturl.it/sitelFB
• IG: https://smarturl.it/SitelInstagram
• Tw: https://smarturl.it/SitelTwitter

© & ℗ Sitel Televizija All Rights Reserved",Сител Телевизија,2021-11-06 15:20:33+00:00,2021,1552,23,1,2,довербата во системот,довербата во системот,mk,https://www.youtube.com/watch?v=-G7imBskuhE,Прилепскиот архив пронајде карта на која е исцртана „Виа Игнација“,Folloв Sitel Televiziјa on...,Прилепскиот архив пронајде карта на која е исцртана „Виа Игнација“ — Folloв Sitel Televiziјa on...,"The Prilep archive found a map on which ""Via Ignacia"" is drawn",Follow Sitel Television on...,"The Prilep archive found a map on which ""Via Ignacia"" is drawn — Follow Sitel Television on...",Прилепскиот архив пронајде карта на која е исцртана „Виа Игнација“ — Folloв Sitel Televiziјa on...,1,ok
FtuN7rz8mNA,Бугарија го демантира Груби: Нема никаков француски предлог,,AlfaTV News,2021-12-10 13:47:54+00:00,2021,384,3,1,2,француски предлог Македонија,француски предлог Македонија,mk,https://www.youtube.com/watch?v=FtuN7rz8mNA,Бугарија го демантира Груби: Нема никаков француски предлог,,Бугарија го демантира Груби: Нема никаков француски предлог,Bulgaria denies Grubi: There is no French proposal,,Bulgaria denies Grubi: There is no French proposal,Бугарија го демантира Груби: Нема никаков француски предлог,1,ok
BzyZszuIMXw,Македонците со категорично „НЕ“ за францускиот предлог,,AlfaTV News,2022-07-07 13:11:50+00:00,2022,222,2,1,2,француски предлог Македонија,француски предлог Македонија,mk,https://www.youtube.com/watch?v=BzyZszuIMXw,Македонците со категорично „НЕ“ за францускиот предлог,,Македонците со категорично „НЕ“ за францускиот предлог,"Macedonians with a categorical ""NO"" for the French proposal",,"Macedonians with a categorical ""NO"" for the French proposal",Македонците со категорично „НЕ“ за францускиот предлог,1,ok
Wswus79UY8w,Македонско-бугарската  комисија пред распаѓање ?!– професорот Ѓорѓиев поднесе оставка,,AlfaTV News,2021-10-22 15:25:15+00:00,2021,399,5,24,1,историска траума,историска траума,mk,https://www.youtube.com/watch?v=Wswus79UY8w,Македонско-бугарската комисија пред распаѓање ?!– професорот Ѓорѓиев поднесе оставка,,Македонско-бугарската комисија пред распаѓање ?!– професорот Ѓорѓиев поднесе оставка,The Macedonian-Bulgarian Commission on the verge of dissolution?! – Professor Gjorgjiev resigned,,The Macedonian-Bulgarian Commission on the verge of dissolution?! – Professor Gjorgjiev resigned,Македонско-бугарската комисија пред распаѓање ?!– професорот Ѓорѓиев поднесе оставка,7,ok
O-Dt7gh2NSg,Ципрас: Јасно кажавме дека преговараме врз основа четирите имиња предложени од Нимиц,"Follow Kanal5 on...
• FB: https://smarturl.it/fb5
• IG: https://smarturl.it/Ig5
• Web: https://kanal5.com.mk/

© & ℗ Kanal5 & IN Media. All Rights Reserved



Алексис Ципрас ги расчисти дилемите.",Канал 5 Телевизија,2018-05-23 15:30:18+00:00,2018,590,1,1,1,Преспански договор; преспански договор,преспански договор,mk,https://www.youtube.com/watch?v=O-Dt7gh2NSg,Ципрас: Јасно кажавме дека преговараме врз основа четирите имиња предложени од Нимиц,Follow Kanal5 on... Алексис Ципрас ги расчисти дилемите.,Ципрас: Јасно кажавме дека преговараме врз основа четирите имиња предложени од Нимиц — Follow Kanal5 on... Алексис Ципрас ги расчисти дилемите.,Tsipras: We have made it clear that we are negotiating based on the four names proposed by Nimitz,Follow Kanal5 on... Alexis Tsipras cleared up the dilemmas.,Tsipras: We have made it clear that we are negotiating based on the four names proposed by Nimitz — Follow Kanal5 on... Alexis Tsipras cleared up the dilemmas.,Ципрас: Јасно кажавме дека преговараме врз основа четирите имиња предложени од Нимиц — Follow Kanal5 on... Алексис Ципрас ги расчисти дилемите.,1,ok
