video_id,title,description,channel,published_at,year,views,likes,comments,match_count,matched_terms,seed_term,lang,video_url
JyQij-2-8bM,"Обраќање на Иванов: Референдумот е неуспешен, време е за одговорност пред Македонскиот народ","Почитувани граѓани на Република Македонија,

На вчерашниот референдум народот го отфрли Преспанскиот договор. Со негласање, народот јасно се изјасни против избрзани, наметнати и штетни решенија донесени без претходно постигнат национален консензус.Тивкото мнозинство одлучи. Бојкотот е гласот на оние кои се потценети и не се слушнати.

Пораката од народот е испратена до оние кои мора да ја слушнат.

Реалноста е дека референдумот не успеа. Не се обидувајте да ја измените оваа реалност. Не ја потценувајте суверената волја на македонскиот народ. Не може да се зборува за волја на мнозинството во услови кога не е исполнет законскиот цензус за референдум. 36,9% излезност не е волја на народот, туку 63,1% кои не излегоа. 

Колку и да извртувате, не можете да ја промените реалноста. А реалноста е дека референдумот е неуспешен. Време е за одговорност пред македонскиот народ. 
Поддршката за ЕУ и НАТО е колатерална штета на непопуларниот референдум. Поддршката за ЕУ и НАТО од над 80% ја сведовте на само 36,9%. Ги манипулирате и нашите граѓани, а на нашите европски и евроатлантски партнери им пласирате лажни претстави и перцепции.

Држава не се води со слободно и неовластено толкување на Уставот и законите на Република Македонија. Истовремено, очекувам набљудувачката мисија на ОБСЕ/ОДИХР сериозно да ги земе предвид приговорите околу нерегуларностите на одредени избирачки места.

А на оние кои се мешаат во внатрешните работи на Република Македонија и непринципиелно заземаат страна им порачувам да ги почитуваат меѓународните конвенции за дипломатски односи. Не може оние кои имаат демократски дефицит да наметнуваат решенија спротивни на суверената волја на македонскиот народ.

Почитувани сограѓани,

Пред само неколку дена, од говорницата на Обединетите нации, Претседателот на Соединетите Американски Држави Доналд Трамп изјави дека слободата, мирот и демократијата се можни само во суверени и независни држави. Вчера, македонскиот народ ја покажа својата суверена волја. Како и францускиот претседател Макрон, така и јас верувам во силниот идентитет на секој народ, верувам во историјата и амбицијата на нашиот македонски народ.

Референдумот не е анкета. Одлуката на граѓаните обврзува. На референдумот вие граѓаните непосредно ја остварувате вашата суверена власт. Собранието таа одлука мора да ја почитува.

Затоа, им честитам на Македонскиот народ, на Албанците, Турците, Србите, Ромите, Бошњаците и Власите за нивната одлука. 

Почитувани,

Дозволете да се обратам и на сите граѓани на Република Македонија кои вчера излегоа и го дадоа својот глас на референдумот.

Само цврсто сплотени околу нашите државни интереси, почитувајќи го уставниот и правниот поредок може да го изодиме патот до европското и евроатлатското семејство. Немаме дилеми дека местото на Република Македонија е во ЕУ и НАТО. Но, таму треба да влеземе со нашето човечко достоинство, без уцени, притисоци и двојни стандарди. Само така ќе можеме да се справиме со двата големи предизвика:

Првиот предизвик се сериозни и темелни реформи во сите сегменти, бидејќи без вистински судски реформи, без правда и владеење на правото, без борба против корупцијата, без борба против партискиот елитизам и клиентелизам, нема членство во Унијата и НАТО.

Вториот предизвик е одново да го изградиме нашиот национален консензус за да можеме со еден глас и сплотени да настапуваме во бранењето на нашите државни интереси и остварувањето на нашите стратешки цели. 

На крајот, како Претседател на Република Македонија, сакам да ве потсетам дека речиси во сите одлучувачки моменти од историјата на Македонија, народот носел мудра одлука. Наше е да ја почитуваме таа одлука. Ова треба да биде поука за сите политички партии да внимаваат што и кому ветуваат. 

А како граѓанин, пак, очекувам од владејачкото мнозинство да понесе одговорност за неуспешниот референдум. Сите во животот се соочуваме со порази. Некој повеќе, некој помалку. Големината на човекот е да го препознае и признае поразот. 

Вчера, Република Македонија остана непоразена.
Да живее Република Македонија.",TheMKDocs - Документарен канал,2018-10-01 17:12:10+00:00,2018,4627,173,33,51,национален идентитет,национален идентитет,mk,https://www.youtube.com/watch?v=JyQij-2-8bM
HX8bGIwN6Q4,24 анализа - Дали на Македонија и се заканува уставна и политичка криза?,"Без уставни измени нема преговори за членство. Претседателката на ЕК со финална порака во Скопје. Вели, изборот е ваш, сите партии имаат одговорност за иднината на земјата. Дали посетата на Фон дер Лајен може да ги помести бетонираните позиции на македонскиот опозициски блок? Гласањето во Парламентот ќе покаже кој е за, а кој против ЕУ, порачува премиерот Ковачевски. Мицкоски очекува безусловен почеток на преговорите со ЕУ. Почна лицитацијата со датуми за избори. ВМРО-ДПМНЕ бара двојни, претседателски и парламентарни. Ако се изгласаат уставните измени, веднаш на избори - порачува власта. Дали на Македонија и се заканува уставна и политичка криза?
 
Дебатираат Александар Кржаловски, политички аналитичар, Имер Селмани, поранешен функционер и кандидат за претседател на државата и Марјан Ѓорчев екс пратеник и дипломат.",Televizija 24Vesti,2023-10-30 21:56:54+00:00,2023,3944,14,0,51,политичка криза; политичка криза Македонија,политичка криза Македонија,mk,https://www.youtube.com/watch?v=HX8bGIwN6Q4
Vml7Q5mX3v8,Мециновиќ: Македонија не смее да биде земја каде што животот се купува и продава,"„Во ова прво обраќање на политичката партија Левица во најтраорните денови во поновата македонска историја, кога ја преживуваме најголемата колективна болка како нација - уште еднаш изразуваме сочувство до семејствата на загинатите и брзо закрепнување на повредените. Во отсуството на зборови кои можат да ја утешат болката, и да ја пополнат празнината од оваа страшна трагедија - оваа држава и овој народ, сите ние, мораме да стоиме сплотено и со понизност кон болката која не обзема - да го побараме тоа што мора да следи - а тоа е одговорноста“, истакна Амар Мециновиќ, пратеник од Левица и потпарол на партијата на прес конференција во македонското Собрание.

Во обраќањето кон јавноста посочи дека судбината која ги обединува сите трагедии од изминатите години, како модуларната болница, онкологија и тн со оваа кобна вечер - е судбина запечатена со корупција. Истакна дека не смее да се бега од вистината дека ова не е инцидент туку е системска пресуда на држава во која корупцијата стана поважна од човечкиот живот. 

„Затоа, ова е моментот кога државата мора да покаже дека постои. Институциите мора да делуваат брзо, ефикасно и без компромис. Ова не е време за калкулации, ниту за политички маневри, туку за дејствија на сите нивоа на власта - за да се создаде безбедноста и осигура одговорноста. Бараме од Владата, од Министерството за внатрешни работи, од обвинителството и од сите надлежни органи да спроведат сеопфатна, транспарентна и бескомпромисна истрага, бидејќи јавноста овој пат не останува нема за селективна правда. Не прифаќаме изговори. Секој што дозволил ова да се случи без разлика на функцијата, позицијата или влијанието мора да одговара“ рече Мециновиќ и праша дали државата ќе се направи сè што е потребно или повторно ќе гледаме заташкување.

„Нејасно е како воопшто работела дискотеката со блокирана сметка, како плаќала набавки и трошоци, дали со готовина (што е незаконски) или преку трета фирма. Во декември 2023 година, УЈП утврдила дека не се издаваат фискални сметки, по што дискотеката била затворена, а сопственикот казнет“, истакна Мециновиќ.

„Во 2012 година, сопственикот се обидел да го пренамени објектот од лесна индустрија во угостителски објект, но Пазарниот инспекторат и општинските власти тогаш биле изманипулирани дека дозволата е за „лесна индустрија“ со јавен паркинг. Тогашниот градоначалник Димитриевски не презел ништо откако дискотеката почнала да работи“, истакна Мециновиќ.

Од страна на безбедносни пропусти и злоупотреби истакна дека вечерта кога се случи трагедијата имало 650 луѓе во дискотеката, иако капацитетот бил само 300, продадени биле 250 карти, а имало најмалку 31. Фирмата „Рубикон“, која требало да обезбедува безбедност, немала потпишан договор со дискотеката.
Одговорност лоцираше и кај институциите и полицијата и тоа дека полицијата имала претходни пријави за кривични дела и нарушување на јавен ред и мир во дискотеката, но службениците од Кочани и Штип дале позитивно мислење за работата на локалот при што посочи и дека постои сомнеж дека полицијата примала мито за да не постапува.

„Разрешените началници се вратени на претходните работни места, што укажува на круг на неказнивост - за што бараме од министерот за внатрешни работи Панче Тошковски да си поднесе оставка во рок од седум дена, во спротивно ние ќе поднесеме интерпелација во Собранието“ рече Мециновиќ.

Според Левица само дел од наведените причини откриваа дека ова не е само трагедија предизвикана од пожар туку е целосен крах на системот. Оваа дискотека не само што работела незаконски, туку тоа го правела со години, пред очите на сите институции што требало да ја спречат. Корупцијата, небрежноста и институционалната неказнивост се директни виновници за смртта на толку голем број невини луѓе. 

„Во наредните денови ќе предложиме четири клучни законски решенија: Измени во Кривичниот законик  за одредбите кои беа сменети минатата година а се однесуваат на кривичната одговорност поврзана со злоупотребата на службената положба, укинување на приватното обезбедување во објекти од висок ризик, државни објекти и поголеми собири и измени во Законот за инспекциски надзор, како и во Законот за градење, како и по барање на медиумски работници да се создаде законска материја која ќе ги обврзува медиумите да имаат фонд на материјал за емитување во денови на жалост по примерот на јавниот сервис. 
Ова мора да биде последната ваква трагедија. Македонија не смее да биде земја каде што животот се купува и продава. Каде што корупцијата диктира кој ќе живее, а кој ќе гине. Каде што институциите служат како параван за неказнивост, а граѓаните се оставени сами на себе. Дојден е моментот на одлука. Или ќе изградиме систем што ќе ги штити луѓето, или ќе оставиме анархијата да владее. Или ќе расчистиме со корупцијата, или ќе ѝ дозволиме да убива. Нема повеќе сиви зони, нема повеќе изговори. Ова не е прашање на политички разлики, туку на државна чест. Ова е тест за Македонија, истакна Мециновиќ.",Левица Политичка Партија,2025-03-24 11:34:52+00:00,2025,781,47,6,50,колективна жалост,колективна жалост,mk,https://www.youtube.com/watch?v=Vml7Q5mX3v8
-XRqaDk40hg,"Николоски: Македонија да почне преговори со ЕУ, без никакви условувања и одолговлекувања","Николоски: Македонија да почне преговори со ЕУ, без никакви условувања и одолговлекувања, да се заштити идентитетот и засебноста на македонскиот јазик

https://www.facebook.com/vmromakedonija",ВМРО - ДПМНЕ,2022-10-27 11:33:55+00:00,2022,622,23,0,48,ЕУ преговори Македонија,ЕУ преговори Македонија,mk,https://www.youtube.com/watch?v=-XRqaDk40hg
A4cEAI_Yn40,"Заев: Постигнавме договор - Република Северна Македонија, со македонски јазик и македонски идентитет","Follow Kanal5 on...
• FB: https://smarturl.it/fb5
• IG: https://smarturl.it/Ig5
• Web: https://kanal5.com.mk/

© & ℗ Kanal5 & IN Media. All Rights Reserved



Република Северна Македонија за севкупна употреба, што ќе се прецизира со амандман во Уставот е договорот што го постигнаа Македонија и Грицја во процесот на преговорите за решавање на спорот за името.",Канал 5 Телевизија,2018-06-12 17:33:20+00:00,2018,7525,65,69,47,македонски идентитет,македонски идентитет,mk,https://www.youtube.com/watch?v=A4cEAI_Yn40
u6sCNFNhz_o,Ескобар: Северна Македонија и Албанија се подготвени за преговори со ЕУ,"Американскиот пратеник за Западен Балкан, Габриел Ескобар вели дека Северна Македонија и Албанија се подготвени за преговори со ЕУ и дека се надева оти тие ќе стартуваат оваа година. Ова го кажа во интервју за Радио Слободна Европа во пресрет на неговата посета на БиХ.
Originally published at - https://mk.voanews.com/a/6301958.html",Глас на Америка,2021-11-05 20:11:00+00:00,2021,30,1,1,46,ЕУ преговори Македонија,ЕУ преговори Македонија,mk,https://www.youtube.com/watch?v=u6sCNFNhz_o
x39IrNgERWY,Македонија се истрча – без датум половина Преспански Договор не треба да важи,"„Северни“ институции, свидетелства, дипломи, изводи и други документи. Наскоро и „северни“ денари и „северни“ униформи за кои тендерите се веќе распишани. Македонија се истрча и спроведе речиси се и тоа пред време иако Преспанскиот Договор предвидува преоден период за внатрешна употреба на новото уставно име.",AlfaTV News,2019-10-17 13:37:05+00:00,2019,4198,7,6,45,Преспански договор; преспански договор,преспански договор,mk,https://www.youtube.com/watch?v=x39IrNgERWY
XID0dhJAmeE,Михаил Михајлов запали „бугарското знаме“ за поддршка на Македонија,"Скандалозниот новинар Михаил Михајлов испрати петиција до Европскиот парламент. Во неа тој побара воведување санкции и притисок врз Бугарија, бидејќи државата не го почитува европското законодавство, како и правата на луѓето и етничките малцинства. Во конкретниот случај, Михаил Михаилов се осврна на непочитувањето на правата на македонското малцинство од страна на владата и бугарските судови, како и на апсурдните барања на владата на Бугарија кон северна Македонија, што е еквивалентно на тоа што Германија да бара такви работи од Холандија - Бугарите се разликуваат од Македонците како Германците од Холанѓаните. Покрај тоа, Михаилов побара политички азил од Европската унија, бидејќи во последниве години притисокот и малтретирањето што ги изврши бугарската држава врз него надмина сите граници.

                                                          ПЕТИЦИЈА
                                                 од Михаил Михајлов

                                        Дами и господа европратеници,
     Во Бугарија, правата на северномакедонското малцинство, што е околу половина милион во земјата, продолжуваат грубо да се кршат (Би сакал да истакнам дека јас не сум северен Македонец). Иако Вашата Резолуција за принципите на владеењето на правото и основните права во Бугарија од 08.10.2020 година - B9-0309/2020 (2020/2793 RSP), бугарските власти продолжуваат да го вознемируваат ова малцинство и во чиста вербална смисла дури и го интензивираа по невидените спорови на владејачките власти во Бугарија со раководството на Северна Македонија, во кои спорови бугарските власти бараат од северните Македонци да се откажат од својот идентитет и националниот јазик за да бидат примени на преговори за членство во Европската унија. На пример, како новинар, јавно ја поздравив вашата Резолуција за принципите на владеењето на правото и основните права во Бугарија од 8 октомври 2020 година и јавно се изјаснив како поддршка на македонското малцинство - ова предизвика да ме задржат 72 часа на 10 ноември 2020 година без соодветно обвинение и повторно да бидам задржан од полицијата два часа на 9 декември 2020 година. Уште еднаш изјавувам дека не сум северен Македонец, но се борам во Бугарија да ги почитувам европските вредности и европското законодавство а особено чл. 2 и чл. 6 од Договорот за Европската унија, Повелбата за основните права на Европската унија и Европската конвенција за човекови права.

    Дами и господа Европратеници, ве молиме поостро да интервенирате против постапките на бугарската влада и бугарското судство, бидејќи вашата Резолуција за владеење на правото и основните права во Бугарија од 08.10.2020 - Б9-0309 / 2020 (2020/2793 RSP) беше апсолутно игнорирана од бугарската влада. Нешто повеќе, по оваа Резолуција, бугарската влада ја обвини „лошата“ Европска унија за политички мешање во внатрешните работи на Бугарија. Односно, вашата Резолуција немаше речиси никакво влијание врз бугарската влада и бугарското судство. 

     Затоа:

     1. Ве молам, почесто интервенирајте во „внатрешните работи“ на Бугарија! 
     
     2. Ве молам, започнете да воведувате политички и економски санкции и притисок врз државата и бугарската влада да започнат со спроведување на одредбите на Договорот за Европската унија, Повелбата за основните права на Европската унија и Европската конвенција за човекови права.

     3. Ве молам, започнете да воведувате санкции и притисок врз државата и бугарската влада да не застане на патот на Северна Македонија кон Европската унија, бидејќи северномакедонците се посебен народ со посебен јазик, а тврдењата на Бугарија се фашистички. Тврдењето од страна на бугарската влада за Северна Македонија е исто како, на пример, Германија да и се обраќа на Холандија за национален идентитет и јазик.

     4. Ве молам, добијте политички азил во Европската унија, бидејќи ме малтретираат и ме притвораат во Бугарија единствено поради искажување на мое лично мислење за голем број јавни прашања, главно во врска со недостаток на човекови права во Бугарија, недостаток на правда во Бугарија и систематско кршење на Повелбата за основните права на Европската унија, на Европската конвенција за човекови права и на Европско законодавство во Бугарија!

   p.s.: Ако Европскиот парламент сака, можам да испратам голем број докази за кршење на правата на северномакедонското малцинство во Бугарија и на граѓаните на Бугарија. Барам помош, бидејќи бугарската влада и бугарскиот судски систем веќе неповратно ја оштетија мојата доверба не само во криминалната Република Бугарија, туку и во можноста Европската унија да промени нешто во оваа земја! Лично, се срамам што сум бугарски државјанин!

                                                       Михаил Михајлов:",Съпротива!!!,2020-12-17 08:27:59+00:00,2020,370,12,3,45,национален идентитет,национален идентитет,mk,https://www.youtube.com/watch?v=XID0dhJAmeE
Yq0NnINcIcQ,"Четири години од Договорот за добрососедство со Бугарија, Македонија се уште под вето","На 1 август 2017 во Скопје беше портпишан Договорот за добрососедство со Софија..Но и по 4 години од Договорот, Македонија сеуште е пред вратите на ЕУ, поради ветото од Бугарија. 

Follow Kanal5 on...
• FB: https://smarturl.it/fb5
• IG: https://smarturl.it/Ig5
• Web: https://kanal5.com.mk/

© & ℗ Kanal5 & IN Media. All Rights Reserved",Канал 5 Телевизија,2021-08-01 13:20:58+00:00,2021,1778,3,0,45,бугарско вето Македонија,бугарско вето Македонија,mk,https://www.youtube.com/watch?v=Yq0NnINcIcQ
wvN6G9NFjMI,Договорот од Преспа го гарантира и заштитува нашиот македонски идентитет,"Почитувани граѓани , 
Македонско-грчкиот договор е договор за иднината на нашите поколенија.  
Со договорот го расчистуваме патот на Македонија за влез во НАТО и ЕУ. Тоа значи сигурност, безбедност, нови инвестиции, нови работни места, поголеми приходи за сите граѓани. 
Со Договорот носиме подобар живот за сите граѓани и го чуваме богатото историско и културно наследство кое ја има направено нашата македонска нација славна.
Договорот гo гарантира правото на Македонците да се определуваат како Македонци. Нема повеќе оспорувања, од никого и никаде. 
Според членот 7 од Договорот, македонскиот идентитет ги отсликува нашата територија, јазик, народ, со сите атрибути, со своја историја, култура и наследство. 

Според членот 1 од Договорот, македонскиот јазик е потврден како официјален јазик на нашата земја и станува официјален во најмоќниот сојуз на светот (НАТО) и во најголемата Унија (ЕУ).

Химната, грбот и знамето не се менуваат. Меѓународните кодови на Македонија не се менуваат, остануваат МК и МКД.

Почитувани граѓани, со сето ова, идентитетот е целосно зачуван! Ние сме македонци и засекогаш ќе бидеме македонци, признати и прифатени од сите.

Договорот го постигнавме преку тешки преговори во кои дојдовме до прифатливо решение за двете страни.
 
Свесни сме за влогот и знаеме дека ова е најдоброто можно и фер решение за граѓаните на Македонија. Ова е реален влог во нашата и во иднината на нашите деца. 

Затоа,ајде на 30-ти септември сите заедно да направиме уште еден историски и патриотски чекор, со кој ќе го изградиме патот за идните генерации.

На 30-ти септември да излеземе ЗА европска Македонија. 

За Македонија, горда, безбедна, економски развиена и рамноправна со сите европски земји.",SDSMPRILEP,2018-09-11 11:36:10+00:00,2018,691,0,0,45,македонски идентитет,македонски идентитет,mk,https://www.youtube.com/watch?v=wvN6G9NFjMI
fCALnM5U4TI,Македонија да добие датум за преговори со ЕУ затоа што тоа го заслужуваат граѓаните на Македонија,"Изјава од Совет на Европа во Стразбур :

- Македонија да добие датум за преговори со ЕУ затоа што тоа го заслужуваат граѓаните на Македонија

https://www.facebook.com/vmromakedonija",ВМРО - ДПМНЕ,2022-04-26 11:34:39+00:00,2022,646,19,0,45,ЕУ преговори Македонија,ЕУ преговори Македонија,mk,https://www.youtube.com/watch?v=fCALnM5U4TI
9Sw-3-ybGTQ,ЕУ одблиску ќе го следи процесот на уставни измени во Македонија,"Европската унија од блиску ќе го следат процесот на уставните измени во Македонија.
Follow Kanal5 on...
• FB: https://smarturl.it/fb5
• IG: https://smarturl.it/Ig5
• Web: https://kanal5.com.mk/

© & ℗ Kanal5 & IN Media. All Rights Reserved",Канал 5 Телевизија,2023-03-16 13:44:53+00:00,2023,557,3,0,45,уставни измени Македонија,уставни измени Македонија,mk,https://www.youtube.com/watch?v=9Sw-3-ybGTQ
xXrZjObDRRs,Германија очекува почеток на преговори ЕУ - Македонија во декември,"Follow Kanal5 on...
• FB: https://smarturl.it/fb5
• IG: https://smarturl.it/Ig5
• Web: https://kanal5.com.mk/

© & ℗ Kanal5 & IN Media. All Rights Reserved



За Германија и целиот берлински процес би било неуспех доколку Македонија не ги започне преговорите до крајот на годинава, а ние правиме се што е во наша моќ тоа да се случи – вели германската амбасадорка во земјава Анке Холштајн.
Official facebook: https://www.facebook.com/Kanal5Televizija/
Web: http://kanal5.mk/
Copyright: OnAir Media Group",Канал 5 Телевизија,2020-10-21 12:39:21+00:00,2020,235,1,0,45,ЕУ преговори Македонија,ЕУ преговори Македонија,mk,https://www.youtube.com/watch?v=xXrZjObDRRs
fbnDYYxcjV0,Германија очекува почеток на преговори ЕУ - Македонија во декември,"Follow Kanal5 on...
• FB: https://smarturl.it/fb5
• IG: https://smarturl.it/Ig5
• Web: https://kanal5.com.mk/

© & ℗ Kanal5 & IN Media. All Rights Reserved



Ако Македонија не ги почне преговорите со Европската унија до крајот на годинава тоа би било огромен неуспех за германското претседателство, цени амбасадорката на Германија Анке Холштајн.
Official facebook: https://www.facebook.com/Kanal5Televizija/
Web: http://kanal5.mk/
Copyright: OnAir Media Group",Канал 5 Телевизија,2020-10-21 11:29:06+00:00,2020,213,0,0,45,ЕУ преговори Македонија,ЕУ преговори Македонија,mk,https://www.youtube.com/watch?v=fbnDYYxcjV0
FoowhPiZ9Nk,Дебата во Вашингтон: ЕУ треба да и даде датум за преговори на Северна Македонија во јуни,"Follow Kanal5 on...
• FB: https://smarturl.it/fb5
• IG: https://smarturl.it/Ig5
• Web: https://kanal5.com.mk/

© & ℗ Kanal5 & IN Media. All Rights Reserved



ЕУ треба да и даде датум за преговори на Македонија, во јуни, во спротивно тоа ќе биде студен туш за реформаторите во регионот.",Канал 5 Телевизија,2019-05-02 12:23:57+00:00,2019,157,0,0,45,ЕУ преговори Македонија,ЕУ преговори Македонија,mk,https://www.youtube.com/watch?v=FoowhPiZ9Nk
DkvlSo5uRSk,"Единствена Македонија ќе го подржи протестот на МПЦ за заштита на семејството, верата и традицијата","Почитувани,
Ја информираме јавноста дека Извршниот комитет на Единствена Македонија на синоќешната седница донесе одлука да го подржи протестот на Македонската правослва Црква - Охридска Архиепископија за заштита на верата, традицијата и семејството во обидот за нивно искоренување со најавениот закон за родова еднаквост.

Единствена Македонија како партија споделува со МПЦ-ОА заеднички вредности втемелени врз традиционализмот, семејството, национален и религиски идентитет на нациите, правда, слобода и човечко достоинство. 

Затоа, ги повикуваме членовите, симпатизерите, македонскиот народ и државјаните на Република Македонија да дојдат на протестот во борбата за достоинство, слобода и заштита на основните права.

Протестот против донесувањето на Законот за родова еднаквост ќе се одржи во четврток на 29 јуни пред Соборниот храм „Свети Климент Охридски“ во Скопје во 18:00 часот.

Ви благодарам,",Единствена Македонија,2023-06-26 08:00:35+00:00,2023,51,6,0,45,национален идентитет,национален идентитет,mk,https://www.youtube.com/watch?v=DkvlSo5uRSk
aHRLEFZCIzQ,"НИКОВСКИ РАСПАЛИ: Македонија ја предаваат на тацна – ЕУ бара асимилација, а ние ќутиме!","@mmakedonskikorenijb9559
‼️Никовски алармира и предупредува: „Не е ова само услов – ова е ултиматум за асимилација – мора да се сопре националната капитулација на рати“!

📌 Во најновата најостра и најжестока изјава досега, поранешниот амбасадор Ристо Никовски го крши молкот и ги разобличува скриените планови на ЕУ– и директно обвинува: Македонија се води кон тивко предавство! Според него, ЕУ има скриени барања за културна и национална асимилација, а македонските власти само молчеле и потпишувале.
📌 Дали интеграцијата во ЕУ значи бришење на македонскиот идентитет? 
📌 Дали навистина европската интеграција значи културна и национална асимилација? 
📌 Зошто народот е држен во неинформираност и не знае што се случува зад затворени врати? 
📌 Кој навистина ги диктирал политиките од Скопје?

#Никовски #Македонија #ЕУ #Асимилација #Идентитет #Политика #МакедонскиНарод #НационалнаКапитулација #ТивкоПредавство #МакедонијаВоОпасност",Mакедонски корени ЈБ /Makedonski koreni JB,2025-09-28 13:10:01+00:00,2025,3839,84,62,44,интеграција во ЕУ Македонија,интеграција во ЕУ Македонија,mk,https://www.youtube.com/watch?v=aHRLEFZCIzQ
trlSvmfBLjc,Европат - Ќе остане ли Македонија во тампон зона ако не ги вметне Бугарите во Уставот?,"Што значи објаснувачки, а што билатерален скрининг со ЕУ ? Ќе остане ли Македонија во тампон зона ако не ги вметне Бугарите во Уставот и што ќе значи тоа за преговарачкиот процес. По долгото чекање пред европската врата, дали Македонија спремно настапува во Брисел? Ќе се бара ли транзициски период за имплементација на некои акти ? Што со втората тура на уставни измени на крајот на процесот и референдумот каде некои членки на Унијата ќе треба да се изјаснат дали сакаат нов член во семејството ? Во новото издание на ЕВРОПАТ – разговор со Драган Тилев Државен советник за европски политики . Во сабота по централниот дневник",Televizija 24,2022-11-12 20:23:32+00:00,2022,1101,2,7,44,довербата во институциите,довербата во институциите,mk,https://www.youtube.com/watch?v=trlSvmfBLjc
3AxlHyyRsQw,Левица поднесе Резолуција против фашизмот во Собранието на Република Македонија,"Денес (09.05.2022г.), пратениците на Левица во Собранието на Република Македонија, поднесоа Предлог-резолуција против рехабилитација и глорификација на фашизмот, нацизмот и нивните современи облици.

Во Резолуцијата детално се укажува на состојбите при кои во Република Македонија, преку историски ревизионизам и учество на јавни настани, собири, свечености и прослави, од страна на групи и поединци, се промовираат и актуелизираат мегаломанските идеи за големи држави со што се шири нетолеранција, меѓуетничка и национална нетрпеливост.
Воедно, во Резолуцијата се предвидуваат мерки и постапки, кои, Владата на Република Македонија, потребно е итно да ги превземе за да ја спречи појавата и ширењето на ваквите штетни и мрачни идеи и идеологии кои ги воскреснуваат идеите на фашистичките окупатори на Македонија од времето на Втората светска војна, со кои сериозно се загрозува националниот идентитет и безбедноста на македонскиот народ.

Ова беше најавено на прес-конференцијата која се одржа пред споменикот посветен на ослободителите на Скопје, на кој, по повод  9 Мај – Денот на победата над фашизмот, делегацијата на Левица, предводена од членот на Президиумот на Левица, Реџеп Исмаил - Хактан, положија венец, оддавајќи почит на хероите, кои како борци во Народноослободителната војна, го ослободија македонскиот народ од јаремот на фашизмот.",Левица Политичка Партија,2022-05-09 13:05:26+00:00,2022,1087,54,6,44,политички настани Македонија,политички настани Македонија,mk,https://www.youtube.com/watch?v=3AxlHyyRsQw
97cGb1Id5e0,Крмов: Преговорите со ЕУ се наметнат фокус за оправдување на капитулантскиот Преспански договор,"Дел од гостувањето на пратеникот Борислав Крмов, во вечерашното издание на „Само Вистина“, во врска со денешната изјава на бугарскиот претседател, Румен Радев и изјавата на македонскиот претседател, Стево Пендаровски во однос на т.н. „пронаоѓање на решение меѓу Македонија и Бугарија за одблокирање на преговорите со ЕУ за Македонија“.

Според Крмов, македонската власт продолжува со сервилната политика - дека други треба да ни' ја завршат работата, чекаме надворешниот притисок да се стави на Бугарија, додека од друга страна, гледаме дека Бугарија цврсто си стои на своите ставови. Сепак, кај нас и да се случи почеток на преговори во јуни - материјално ништо нема да се смени! Единствено, целта е - капитулацијата која што се створи со Преспански договор, некако да се оправда, па затоа се наметнува тој фокус на преговори со ЕУ!",Левица Политичка Партија,2021-05-27 20:13:40+00:00,2021,769,32,5,44,преспански договор,преспански договор,mk,https://www.youtube.com/watch?v=97cGb1Id5e0
Uj4vuTUwkzc,"Факор магазин - Столтенберг, Курц и Меркел во Македонија","Посетите на Столтенберг, Курц и Меркел се синхронизирани и имаат за цел лично да им предочат на политичките елити дека е од исклучителна важност Македонија да спроведе успешен референдум за да тргне процесот на интеграција на Македонија во НАТО и ЕУ, проценува Мирјана Малеска за емисијата Фактор - магазин.  Според универзитетскиот професор, канцеларката Меркел ќе го убедува лидерот на ВМРО-ДПМНЕ, Мицкоски да се вклучи во анимацијата на граѓаните за Договорот со Грција да биде во целост спроведен.",Televizija 24,2018-09-06 19:53:23+00:00,2018,893,1,3,44,интеграција во ЕУ Македонија,интеграција во ЕУ Македонија,mk,https://www.youtube.com/watch?v=Uj4vuTUwkzc
WN9SgVyozvA,"24 анализа - Без уставни измени, Македонија во рикверц со три години","Уставни измени до крајот на годината. Повеќе време за чекање нема. Странската дипломатија без ракавици со пораки и до власта и до опозицијата. Без уставни измени, Македонија во рикверц со три години. Ковачевски и Мицкоски на лидерска средба, партиите од албанскиот блок пакуваат нови условувања за уставните измени. Официјално не е почната, неофицијaлно e во полн ек. Предизборната кампања, партиската машинерија на терен. Ќе има ли нови политички играчи што ќе ги поматат сметките на големите риби? Мобилизација и на локално ниво, општините во потрага по извори на пари. Граѓаните чекаат резултати, дел од градоначалниците се борат со долгови.

Соочување на аргументите помеѓу Коста Костадинов од СДСМ и градоначалник на Струмица, Арбен Таравари од Алијанса на Албанците и градоначалник на Гостивар, Максим Димитриевски, градоначалник на Куманово и Орце Ѓорѓиевски од ВМРО-ДПМНЕ и градоначалник на Кисела вода.",Televizija 24Vesti,2023-05-30 13:42:13+00:00,2023,5856,26,0,44,уставни измени Македонија,уставни измени Македонија,mk,https://www.youtube.com/watch?v=WN9SgVyozvA
kBSlBrWGm50,Мета: Не сакаме и не работиме за одвојување на Македонија од Албанија на патот кон ЕУ,"Македонија и Албанија не треба да се одвојуваат на патот кон ЕУ – порача албанскиот Претседател Илир Мета кој е во посета на земјава.

Follow Kanal5 on...
• FB: https://smarturl.it/fb5
• IG: https://smarturl.it/Ig5
• Web: https://kanal5.com.mk/

© & ℗ Kanal5 & IN Media. All Rights Reserved",Канал 5 Телевизија,2022-01-11 13:38:59+00:00,2022,1092,9,0,44,НАТО ЕУ Македонија протест,НАТО ЕУ Македонија протест,mk,https://www.youtube.com/watch?v=kBSlBrWGm50
IM32LH0f-9w,"Разговор со Иван Николовски, претседател на здружение на европски федералисти во Македонија","Што се европски федералисти, за што се залага здружението кои се целите? Има страв од поголема интеграција во ЕУ, се губи ли идентитетот? Како настан ќе се организира во Македонија? Што ќе помогне резолуцијата?
На овие прашања разговараме со Иван Николовски, претседател на здружение на европски федералисти во Македонија.",Televizija 24,2018-03-18 18:38:02+00:00,2018,1052,0,0,44,интеграција во ЕУ Македонија,интеграција во ЕУ Македонија,mk,https://www.youtube.com/watch?v=IM32LH0f-9w
SFjo4M3uvuU,ЕВРОПАТ:  На Европската новогодишна честитка за Македонија пишува - уставни измени,"Кафе за Орбан, преговори за Украина и ладна прегратка за Западен Балкан. На Европската новогодишна честитка за Македонија пишува - уставни измени. Дали 2023та ја одбележа лажен оптимизам и нереални проценки и каква иднина ќе исцрта земјата во пресрет на македонските и европските избори?",Televizija 24Vesti,2023-12-23 17:26:17+00:00,2023,315,0,0,44,уставни измени Македонија,уставни измени Македонија,mk,https://www.youtube.com/watch?v=SFjo4M3uvuU
L1y0VfZP6zY,Министрите на ЕУ дадоа зелено светло за преговори со С. Македонија и со Албанија за членство во ЕУ,"Министрите на ЕУ го дадоа долгоочекувано зелено светло за да започнат преговорите со Северна Македонија и со Албанија за членство во Европската унија - Прес-конференција на премиерот Оливер Спасовски, вицепремиерот Бујар Османи и министерот Никола Димитров (Видео извор: Vlada.mk)",Radio Slobodna Evropa na Makedonski,2020-03-24 15:13:46+00:00,2020,47,0,0,44,ЕУ преговори Македонија,ЕУ преговори Македонија,mk,https://www.youtube.com/watch?v=L1y0VfZP6zY
CPCMZI7LSN0,"""Северна Македонија што побрзо да почне преговори со ЕУ"" - Томас Вајтц","""Северна Македонија што побрзо да почне преговори со ЕУ"" - Томас Вајтц, ко-претседавач на Европските Зелени и европратеник",DOM Kanal,2020-06-17 12:12:53+00:00,2020,30,1,0,44,ЕУ преговори Македонија,ЕУ преговори Македонија,mk,https://www.youtube.com/watch?v=CPCMZI7LSN0
ERDH1qvZb-E,Апасиев: Со уставни измени ќе ја славиме Санстефанска Бугарија кај нас во Македонија,"🔸 Претседателот на #Левица проф. д-р Димитар Апасиев за последиците од уставните измени:

💬 ,,Никој не говори за правните последици, не е ова како што ни викавте: Бугарите ќе ги внесеме и тоа е тоа. Не е така. Ние немаме граѓански концепт на држава, туку имаме етнички, трибалистички заостанат примитивен концепт на држава! Ние сме поделени на етнички групи и тие етнички групи имаат колективни права, за разлика во Бугарија кадешто немаат. Ние имаме lex specialis за малцински права на тие заедници, кои имаат право на образование, за децата во струмичко да учат на бугарски јазик. 

Сега ќe се вадат нови бугарски пасоши - за 250 денари, како што Министерот за правда им овозможи. Ќе се овозможи радио и ТВ програма на бугарски јазик каде ќе се емитуваат документарци за како Гоце Делчев е Бугарин и како Илинденското востание е бугарско востание. 

Понатаму, поради славењето на празниците, ние во оваа држава ќе ја славиме Санстефанска Бугарија, во која е инкорпориран дел од Македонија, со Охрид како столица. Се предвидува државно финансирање на културни клубови како „Ванчо Михајлов“, „Цар Борис Трети“ или „Цар Фердинанд“. За на крајот да имаме и квоти за вработување и да имаме Рамковен за Бугарите како што имаме за Албанците. Ова се правните последици од вметнувањето на преамбулата на Уставот.’’

#ЛевицаОдПарламент",Левица Политичка Партија,2023-07-30 14:37:18+00:00,2023,2055,79,27,43,уставни измени Македонија,уставни измени Македонија,mk,https://www.youtube.com/watch?v=ERDH1qvZb-E
SXdOxQZ7Sew,Македонија доби условен датум за почеток на преговорите со ЕУ,"Follow Kanal5 on...
• FB: https://smarturl.it/fb5
• IG: https://smarturl.it/Ig5
• Web: https://kanal5.com.mk/

© & ℗ Kanal5 & IN Media. All Rights Reserved



По долга дебата, вечерва Советот на министри на Европската Унија одлучи на Македонија да и додели условен датум за почеток на преговорите . Ако се одржи реформскиот напредок, земјава би требало да ги почне пристапните преговори во јуни 2019.",Канал 5 Телевизија,2018-06-26 20:07:02+00:00,2018,1991,21,7,43,ЕУ преговори Македонија,ЕУ преговори Македонија,mk,https://www.youtube.com/watch?v=SXdOxQZ7Sew
e72pCF6wjLA,Ванковска:  Нас ни треба сосема нов Устав. Прашањето е само дали има политичка воља?,"“Јас себе би сакала да се видам како народен претседател, кој ќе ги претставува сите граѓани. Некој мора да има храброст да каже дека овој Устав што го имаме е крпен, долепен, со најголем број на уставни амандмани, во толку кус период. 

По настаните во 2001 година, преку уставни реформи се модифицираше политичкиот систем. Со тој упад, ние практично го трансформиравме оној првично замислен либерален, демократски Устав, “Ние Народот”, “Ние Нацијата”, во”Ние, етничките заедници”. И од тука натаму, всушност почнува една сериозна деформација на политичкиот систем. Нас ни треба сосема нов Устав. Прашањето е само дали има политичка воља?

 Не можам да најдам оправдание за етнотрибализам, етничка сеградација, картели на елити кои одлучуваат зад затворени врати за нас. Дури и за формирање на влади се договараат за амнестија на воени злосторства или за некакви отстапки. Тоа не е начин, на кој една нација се гради. 
Кога зборувам за достоинството на нацијата, не мислам на македонскиот народ исклучиво, туку на сите граѓани во државата да бидат еднакви. Треба ние да си донесеме Устав, а не странците да ни наметнуваат. Рамковниот договор беше напишан на англиски. Беше напишан од странски експерти. Преспанскиот договор да не потсетувам, беше наместен.

Јас сум да имаме релации со сите, вклучувајќи го и Брисел, затоа што таму најмногу сме инвестирале од нашиот политички капацитет, реформи и слично. Ние сме мала држава, која мора да соработува со сите, за се она што е во нејзин интерес.
ЕУ за жал се милитаризира. Ние не можеме да веруваме дека ЕУ е трајно нешто. Таа се менува. Во Германија, јавноста веќе притиска за излегување од ЕУ. Јас сум за трезвено гледање на работите. ЕУ менторството е во ред, но не да бидат владетели во оваа држава.
НАТО го ветуваа како економска бонанза, ќе бидеме безбедна дестинација... Само за овие неколку години, за воена опрема и оружје имаме потрошено повеќе од 34 пати во сума, во пари, за да покажеме колку сме лојални, притоа одземајќи од социјалните потреби на граѓаните. Нашата алтернатива е воена неутралност. Ја не сакам Македонија да биде ничиј геополитички плен.  
 Ако сега бев претседател, еден куп закони немаше да потпишам, почнувајќи со промената на кривичниот законик. Меѓутоа, треба да се трансформира Собранието кое е сега гласачка машинерија и само крева рака, тоа е катастрофата.Такви закони не би смееле да излезат oд Собранието.

Јас сум против тоа во Собранието да се бира Претседател на држава. Јас ќе апелирам да се укинат привилегиите на сите бивши претседатели. Избор на Претседател во Собранието е само јакнење на етнократијата, и партократијата.

Сум за глање на дијаспората и места во Парламентот. Мислам дека тие можат да имаат голем и значаен удел во државата. Но, сегашната поставеност околу ова прашање преба да се преиспита. 
Апсолутно сум за укинување на патните трошоци за пратениците во Собранието. 

Мојата поддршка на Резолуцијата на ООН за прекин на трговското ембарго кон Куба, е изразување на мојата лична, меѓутоа и таа на Левица, определба кон интернационализам и солидарност со други прогресивни движења.”",Левица Политичка Партија,2024-04-09 14:15:14+00:00,2024,400,31,2,43,реформа на уставот Македонија,реформа на уставот Македонија,mk,https://www.youtube.com/watch?v=e72pCF6wjLA
NAdveqaab_g,Историска одлука: ЕУ даде „зелено светло“ за почеток на преговори со Македонија,"Follow Kanal5 on...
• FB: https://smarturl.it/fb5
• IG: https://smarturl.it/Ig5
• Web: https://kanal5.com.mk/

© & ℗ Kanal5 & IN Media. All Rights Reserved



Европската Унија конечно, по 15 години во чекалната, даде зелено светло за Македонија и Албанија.",Канал 5 Телевизија,2020-03-24 17:29:31+00:00,2020,2449,19,0,43,ЕУ преговори Македонија,ЕУ преговори Македонија,mk,https://www.youtube.com/watch?v=NAdveqaab_g
42o1PjL_vZw,Вархељи: Македонија е подготвена за преговори со ЕУ –Одлуката ја очекувам до мај,"Follow Kanal5 on...
• FB: https://smarturl.it/fb5
• IG: https://smarturl.it/Ig5
• Web: https://kanal5.com.mk/

© & ℗ Kanal5 & IN Media. All Rights Reserved



Македонија е подготвена за преговори со Европската Унија-одлуката ја очекувам до мај.",Канал 5 Телевизија,2020-01-15 17:22:17+00:00,2020,1667,9,0,43,ЕУ преговори Македонија,ЕУ преговори Македонија,mk,https://www.youtube.com/watch?v=42o1PjL_vZw
7RPGdDgbhhQ,"Протест на ВМРО-ДПМНЕ за поддршка „На членството во ЕУ, за Македонија и за Гоце Делчев“","Follow Kanal5 on...
• FB: https://smarturl.it/fb5
• IG: https://smarturl.it/Ig5
• Web: https://kanal5.com.mk/

© & ℗ Kanal5 & IN Media. All Rights Reserved



ВМРО – ДПМНЕ денеска организира протестен собир, како што најави, за поддршка на членството во Европската Унија, за Македонија и за Гоце Делчев. 
Official facebook: https://www.facebook.com/Kanal5Televizija/
Web: http://kanal5.mk/
Copyright: OnAir Media Group",Канал 5 Телевизија,2020-09-15 16:27:05+00:00,2020,1649,17,0,43,НАТО ЕУ Македонија протест; интеграција во ЕУ Македонија,НАТО ЕУ Македонија протест,mk,https://www.youtube.com/watch?v=7RPGdDgbhhQ
9tyxHeDNFU4,"Македонија да почне преговори со ЕУ  достоинствено, како Македонци со македонски јазик","Николоски од Стразбур: Македонија да почне преговори со ЕУ  достоинствено, како Македонци со македонски јазик

https://www.facebook.com/vmromakedonija",ВМРО - ДПМНЕ,2022-06-21 10:34:12+00:00,2022,1192,31,0,43,ЕУ преговори Македонија,ЕУ преговори Македонија,mk,https://www.youtube.com/watch?v=9tyxHeDNFU4
dZOBQHp2afw,Владејачките партии во Бугарија се оградија од ставовите на Трифонов за Македонија,"Предлогот на Слави Трифонов од „Има таков народ“ да се тргне ветото кон Македонија преку пазарење со САД и ЕУ за безвизен режим и влез во Шенген зоната предизвика лавина реакции во Бугарија. 

Follow Kanal5 on...
• FB: https://smarturl.it/fb5
• IG: https://smarturl.it/Ig5
• Web: https://kanal5.com.mk/

© & ℗ Kanal5 & IN Media. All Rights Reserved",Канал 5 Телевизија,2022-01-04 13:36:25+00:00,2022,819,1,0,43,бугарско вето Македонија,бугарско вето Македонија,mk,https://www.youtube.com/watch?v=dZOBQHp2afw
n5OE5Jh8W1g,Бундестагот утре со одлука за почеток на преговорите меѓу Македонија и ЕУ,"Follow Kanal5 on...
• FB: https://smarturl.it/fb5
• IG: https://smarturl.it/Ig5
• Web: https://kanal5.com.mk/

© & ℗ Kanal5 & IN Media. All Rights Reserved



Германскиот Бундестаг утре и официјално треба да донесе одлука за почеток на преговорите на Македонија и Албанија со Европската Унија, откако владините коалициони партнери дадоа зелено светло за позитивна одлука.",Канал 5 Телевизија,2019-09-25 15:41:16+00:00,2019,574,5,0,43,реформа на уставот Македонија,реформа на уставот Македонија,mk,https://www.youtube.com/watch?v=n5OE5Jh8W1g
wrDQm4krpaM,"Николоски: Македонија заслужува датум за преговори со ЕУ, граѓаните не смеат да бидат заложници ...","Николоски: Македонија заслужува датум за преговори со ЕУ, граѓаните не смеат да бидат заложници на неуспесите на Заев

Изјава на Александар Николоски од Париз, подпрестедател на ВМРО-ДПМНЕ, 07.12.2021
https://www.facebook.com/vmromakedonija",ВМРО - ДПМНЕ,2021-12-07 13:40:34+00:00,2021,543,26,0,43,ЕУ преговори Македонија,ЕУ преговори Македонија,mk,https://www.youtube.com/watch?v=wrDQm4krpaM
nAF234DsE_I,Како секој регион во Егејска Македонија си го добил името,"Егејска Македонија е дел од окупираната територија на Македонија по Букурешкиот мировен договор од 10 август 1913 година, денес во состав на Република Грција. Претставува најголем регион во денешна Република Грција според површина и втор регион според број на население. Официјално се нарекува како Македонија (грчки: Μακεδονία), бидејќи сметаат дека тоа е единствениот ентитет кој има право да го носи името Македонија. Ова е една од причините за грчко-македонскиот спор околу името на Македонија, кој бил решен во 2018 година со контроверзниот Преспански договор.

Gaming Kanal: @objasnuvacgaming 
Музика:
 https://www.youtube.com/watch?v=zQxFRZ65034
https://www.youtube.com/watch?v=dzlcxN0lxSo

gmail: pametniraboti@gmail.com

Subscribe i like",Objasnuvac,2025-01-12 14:50:45+00:00,2025,15952,366,177,42,името на Македонија,името на Македонија,mk,https://www.youtube.com/watch?v=nAF234DsE_I
dkFksf42B6E,Апасиев: Удавете се во септичката јама која сами ја ископавте - уставни измени нема да има!,"(Историски говор на Претседателот на Левица - Димитар АПАСИЕВ на денешната собраниска Комисија за промена на Уставот)

„Сѐ што денес зборуваме е обична козметика, затоа што влегуваме во еден лузерски процес, бидејќи вие навикнавте и сакате и нас како македонска нација да нѐ навикнете на ПОРАЗИ. Првото, францускиот предлог за бугаризација, спортски кажано вие премиере, со министерот, изгубивте 17:2 во процесот. Независни германски експерти ви кажаа дека ова е чудо на бугарската дипломатија. Или како што велат антимакедонскте кругови во Софија ова е СМРТ НА МАКЕДОНИЗМОТ, ова е спој на необализам и неоврховизам.

Следно, историјата влезе како дел од преговарачката рамка. Наместо да преговараме за Копенхашки критериуми, ние ќе преговараме каков бил Цар Самоил, каков бил Гоце Делчев, какво било Илинденското востание. И што е најтрагично, не обезбедивте државнички гаранции дека ќе нема нови вета. И тоа не само од Бугарија, која има уште 35 пати шанса да ни стави вето. Ќе ни стават и други земји. Вие сте недоветни да водите дипломатија и тоа треба да си го прифатите!

Следно, имаме унилатерална изјава за македонскиот јазик, званично архивирана во европски архиви, дека македонскиот јазик е ЗАПАДНОБУГАРСКИ ДИЈАЛЕКТ. Оттука, вие немате право да се нарекувате Социјалдемократски сојуз на Македонија! „М“-то станува СДС-Михајловистичка. Вие сте предводници на неоврховизмот заедно со бализмот во Владата. 

Добивме само анонимусни бирократи од ЕУ кои ни навиваат часовници и ни викаат ""затнете го носот и голтајте"". КОЛКУ ПАТИ ТРЕБА ДА ГОЛТАМЕ ПРЕМИЕРЕ?! 40 пати Уставот го менуваме. Уставот се менува со рака која трепери. Голтавме за ФИРОМ. Голтавме за знамето. Голтаме за Рамковниот Договор. Голтаме за територијалната поделба. Голтаме за Преспанскиот договор каде станавме СЕВЕРНОМАКЕДОНЦИ. Голтаме за двојазичноста илегална без потпис на Претседателот. Голтаме за добрососедство со ОКУПАТОРОТ.

Имате ли вие кичма, имате ли вие достоинство, имате ли вие НАЦИОНАЛНА ГОРДОСТ?! Вие наметнавте лузерски менталитет на овој народ, вие сте една одродена политичка елита која е најголем КРВНИК на македонскиот народ!""

#ЛевицаОдПарламент
#НеЗаУставниИзмени",Левица Политичка Партија,2023-07-25 10:37:59+00:00,2023,12335,566,104,42,уставни измени Македонија,уставни измени Македонија,mk,https://www.youtube.com/watch?v=dkFksf42B6E
had-LSYNqqU,Регионална конференција: ЕУ да испорача датум за преговори со Северна Македонија и Албанија,"Follow Kanal5 on...
• FB: https://smarturl.it/fb5
• IG: https://smarturl.it/Ig5
• Web: https://kanal5.com.mk/

© & ℗ Kanal5 & IN Media. All Rights Reserved



Европската Унија ќе го изгуби кредибилитетот и нејзината улога доколку не одреди датум за почеток на преговорите со Северна Македонија, е оценката од регионалната конференција во организација на кабинетот на екс шефот на државата, Бранко Црвенковски.",Канал 5 Телевизија,2019-06-04 13:12:29+00:00,2019,599,3,4,42,ЕУ преговори Македонија,ЕУ преговори Македонија,mk,https://www.youtube.com/watch?v=had-LSYNqqU
G1oEY94bdWs,Мицкоски: Да ја обновиме довербата во институциите и да ја направиме Македонија место на просперитет,"Мицкоски: Да ја обновиме довербата во институциите и да ја направиме Македонија место на просперитет, правда и надеж за сите

Експозе на Христијан Мицкоски , мандатар за состав на Влада на РМ
22.06.2024
https://www.facebook.com/vmromakedonija",ВМРО - ДПМНЕ,2024-06-22 09:54:00+00:00,2024,5075,100,0,42,довербата во институциите,довербата во институциите,mk,https://www.youtube.com/watch?v=G1oEY94bdWs
Lxsx5GQ5omM,"Извештајот за Македонија во ЕП изгласан, но без „македонски јазик и идентитет“","Европскиот парламент не даде зелено светло за македонскиот јазик и идентитет во извештајот за напредокот на Македонија на Томас Вајц. 
Follow Kanal5 on...
• FB: https://smarturl.it/fb5
• IG: https://smarturl.it/Ig5
• ТТ: https://tinyurl.com/59kck7ap
• Web: https://kanal5.com.mk/

© & ℗ Kanal5 & IN Media. All Rights Reserved",Канал 5 Телевизија,2025-07-09 13:00:21+00:00,2025,3891,32,0,42,македонски идентитет,македонски идентитет,mk,https://www.youtube.com/watch?v=Lxsx5GQ5omM
NYqjucEOnNk,Европскиот Парламент ја изгласа вонредната резолуција за Македонија,"Follow Kanal5 on...
• FB: https://smarturl.it/fb5
• IG: https://smarturl.it/Ig5
• Web: https://kanal5.com.mk/

© & ℗ Kanal5 & IN Media. All Rights Reserved



По три дена дебата изгласана вонредната резолуција на Европскиот Парламент за Македонија. Се осудува одлуката да не и’ се одобри почеток на преговори со ЕУ на Македонија и бараат тоа да се промени веќе на следниот состанок на европските лидери.",Канал 5 Телевизија,2019-10-24 12:43:06+00:00,2019,2103,11,0,42,интеграција во ЕУ Македонија,интеграција во ЕУ Македонија,mk,https://www.youtube.com/watch?v=NYqjucEOnNk
t4eDXS7d9tw,Бугарија ќе ѝ помага на Македонија во справување со енергетската криза,"Бугарија ќе ѝ помага на Македонија во справување со енергетската криза..
Follow Kanal5 on...
• FB: https://smarturl.it/fb5
• IG: https://smarturl.it/Ig5
• Web: https://kanal5.com.mk/

© & ℗ Kanal5 & IN Media. All Rights Reserved",Канал 5 Телевизија,2022-09-05 16:24:39+00:00,2022,1475,5,0,42,реформа на уставот Македонија,реформа на уставот Македонија,mk,https://www.youtube.com/watch?v=t4eDXS7d9tw
hBuMnYVP1S4,"Министерскиот совет на ЕУ во тек, исходот за Македонија неизвесен?!","Follow Kanal5 on...
• FB: https://smarturl.it/fb5
• IG: https://smarturl.it/Ig5
• Web: https://kanal5.com.mk/

© & ℗ Kanal5 & IN Media. All Rights Reserved



Македонија во очекување на одлуката на министрите за надворешни работи на европската унија за тоа дали ќе и биде доделен датум за старт на преговорите за членство.",Канал 5 Телевизија,2019-10-15 13:14:56+00:00,2019,1301,3,0,42,реформа на уставот Македонија,реформа на уставот Македонија,mk,https://www.youtube.com/watch?v=hBuMnYVP1S4
5ePsh5ADOFo,Вучиќ: Тешко дека Македонија и Албанија ќе добијат датум за преговори со ЕУ,"Follow Kanal5 on...
• FB: https://smarturl.it/fb5
• IG: https://smarturl.it/Ig5
• Web: https://kanal5.com.mk/

© & ℗ Kanal5 & IN Media. All Rights Reserved



Српскиот претседател Александар Вучуќ изјави  дека Македонија најверојатно нема да добие датум за почеток на преговорите со ЕУ.",Канал 5 Телевизија,2018-05-22 11:16:51+00:00,2018,1044,4,0,42,ЕУ преговори Македонија,ЕУ преговори Македонија,mk,https://www.youtube.com/watch?v=5ePsh5ADOFo
9A4AqYj663g,Вархеји не верува дека Македонија годинава ќе почне преговори со ЕУ,"Европскиот комесар за проширување Оливер Вархеји предупреди дека се намалуваат шансите Македонија и Албанија оваа година да започнат разговори за пристап со Европската Унија... 

Follow Kanal5 on...
• FB: https://smarturl.it/fb5
• IG: https://smarturl.it/Ig5
• Web: https://kanal5.com.mk/

© & ℗ Kanal5 & IN Media. All Rights Reserved",Канал 5 Телевизија,2020-12-02 19:50:10+00:00,2020,1001,8,0,42,ЕУ преговори Македонија,ЕУ преговори Македонија,mk,https://www.youtube.com/watch?v=9A4AqYj663g
OW8ALdGzvAI,Франција е за брз почеток на преговори за членство во ЕУ на Македонија,"Франција дава безрезервна поддршка за побрзо започнување на преговорите за влез на Македонија во Европската Унија, и доколку билатералните разговори помеѓу Скопје и Софија вродат со плод, 

Follow Kanal5 on...
• FB: https://smarturl.it/fb5
• IG: https://smarturl.it/Ig5
• Web: https://kanal5.com.mk/

© & ℗ Kanal5 & IN Media. All Rights Reserved",Канал 5 Телевизија,2022-02-15 12:48:45+00:00,2022,801,1,0,42,ЕУ преговори Македонија,ЕУ преговори Македонија,mk,https://www.youtube.com/watch?v=OW8ALdGzvAI
uHXyDavUaLk,Гир: Политичкиот консензус во Македонија е клучот за уставни измени и евроинтеграциите,"Политичкиот консензус во Македонија е клучот за уставни измени, напредокот и пристапувањето кон Европската Унија, оценува евроамбасадорот Дејвид Гир во интервју за државната агенција МИА. 
Follow Kanal5 on...
• FB: https://smarturl.it/fb5
• IG: https://smarturl.it/Ig5
• Web: https://kanal5.com.mk/

© & ℗ Kanal5 & IN Media. All Rights Reserved",Канал 5 Телевизија,2023-07-15 13:09:51+00:00,2023,426,4,0,42,уставни измени Македонија,уставни измени Македонија,mk,https://www.youtube.com/watch?v=uHXyDavUaLk
pWCyTRz2fSI,Николоски со Пленковиќ и Капели: Македонија заслужува да почне преговори со ЕУ...,"Николоски со Пленковиќ и Капели: Македонија заслужува да почне преговори со ЕУ, да запре блокадата на Бугарија

Изјава на Александар Николоски, потпретседател на ВМРО-ДПМНЕ, 12.05.2022
https://www.facebook.com/vmromakedonija",ВМРО - ДПМНЕ,2022-05-12 14:37:17+00:00,2022,408,18,0,42,ЕУ преговори Македонија,ЕУ преговори Македонија,mk,https://www.youtube.com/watch?v=pWCyTRz2fSI
x6cJ550bcZU,Дорис Пак: Во интерес на ЕУ е Македонија да стане дел од унијата,"Follow Kanal5 on...
• FB: https://smarturl.it/fb5
• IG: https://smarturl.it/Ig5
• Web: https://kanal5.com.mk/

© & ℗ Kanal5 & IN Media. All Rights Reserved



Самитот во Загреб идната година е нова шанса за земјава, а во интерес на Европската Унија е Македонија час поскоро да ги започне преговорите - ова се дел од ставовите на претставниците на третиот македонско-германски форум.",Канал 5 Телевизија,2019-11-01 14:03:05+00:00,2019,156,1,0,42,интеграција во ЕУ Македонија,интеграција во ЕУ Македонија,mk,https://www.youtube.com/watch?v=x6cJ550bcZU
3L_KHFovRf8,25 години од приемот на Македонија во Обединетите Нации,"Македонија одбележува 25 години од приемот во Обединетите Нации
Годишнината е во екот на најинтензивните преговори со Грција за спорот со името 
Македонија беше примена во ОН како 181 земја членка на 8 април 1993 година
Примена е под референцата Поранешна Југословенска Република Македонија (ПЈРМ)
Советот за безбедност му препорача на Генералното Собрание Македонија да биде примена во семејството на народите
Господине Претседател, почитувани делегати, дами и господа, во овој свечен миг, во име на луѓето и владата на Република Македонија, јас сум радосен и среќен да ја изразам благодарноста за поддршката за приемот на Република Македонија како рамноправна членка на Обединетите Нации 
Приемот се случи речиси една и пол година по референдумот за независност на 8 септември 1991
Тоа го трасираше патот за прием во повеќе други меѓународни организации
И беше значаен момент за стабилноста на државата по излегувањето од претходната федерација
Примеот во ОН се смета за еден од најзначајните настани во историјата на современа Македонија",Види Вака,2018-04-10 18:56:33+00:00,2018,140,1,0,42,политички настани Македонија,политички настани Македонија,mk,https://www.youtube.com/watch?v=3L_KHFovRf8
2TZe9ETYJI8,Настан: Економска интеграција на РС Македонија во рамки на Западен Балкан,"На 9 февруари 2022 година, тинк тенк организацијата „Аналитика“ одржа јавен настан на кој ги презентираше наодите од анализите на четирите слободи во рамки на економска интеграција на Западен Балкан (слободно движење на стоки, услуги, лица и капитал) и наодите од истражувањето „Перцепцијата на извозно ориентираните компании во Северна Македонија за Иницијативата „Отворен Балкан“. 
Анализите и истражувањето се изработени во рамки на проектот „ЕКОНОМСКА ИНТЕГРАЦИЈА НА ЗАПАДНИОТ БАЛКАН - мини-шенген, регионална економска соработка и заеднички регионален пазар - мапирање на напредокот - можност за приближување на Северна Македонија кон внатрешниот пазар на ЕУ”, поддржан од Фондацијата Отворено општество – Македонија. 
Повеќе детали достапни на: https://fosm.mk/event/ekonomska-integraczija-na-rs-makedonija-vo-ramki-na-zapaden-balkan-i-perczepczijata-na-izvozno-orientiranite-kompanii-vo-rs-makedonija-za-iniczijativata-otvoren-balkan/",Skopje Office - OSF Western Balkans,2022-02-09 15:56:49+00:00,2022,80,0,0,42,интеграција во ЕУ Македонија,интеграција во ЕУ Македонија,mk,https://www.youtube.com/watch?v=2TZe9ETYJI8
60kLyJg_ePY,Ведран: Говорот на омраза треба да се гледа и низ призмата на колективната траума,"Илина Ведран од ИППЕК, на јавниот настан „Граѓански дијалози за односите меѓу заедниците: Предизвици и решенија“,  вели дека еден од начините на справување со говорот на омраза, и во односите меѓу заедниците, е свесноста за колективната траума, и едукацијата преку која би се излегло од свесноста од реактивна реакција. 
„Вие зборувате за меѓуетничките односи, комуникацијата помеѓу луѓето, тема која во Македонија е „жижи“, јас работам на полето на личниот развој, а сега со Општина Центар имаме еден проект за училиштата, во поглед на булингот итн, ги опфаќа овие теми. Констатиравме дека корен на овие проблеми е колективната траума. Мислам дека е потребно да се информираат луѓето како, односно на кој начин можеме да одговориме на одредени ситуации. Бидејќи траумата, да речеме од говорот на омраза, и доколку вратиме на ист начин, тогаш постојано се вртиме во ист круг. Потребна е долгорочна едукација и посветеност за да се покрене процесот, за да има ефект. Треба да излеземе од нивото на свесноста во која што сме навикнати постојано да реагираме реактивно, за да се спречи говорот на омраза. “, посочи Ведран.
 
Д. Тахири
Камера: Дехран Муратов
Монтажа: Ариан Мехмети",Civil,2023-06-22 13:06:26+00:00,2023,49,0,0,42,траума во заедницата,траума во заедницата,mk,https://www.youtube.com/watch?v=60kLyJg_ePY
xdyRRJX4HaI,Европската комисија ја повтори препораката - Северна Македонија да почне преговори со ЕУ,"Oстануваме на нашата препорака за почеток на преговори, рече портпаролката на ЕК, која го презентираше новиот извештај на Комисијата, а во кој се вели дека основите на препораката на Комисијата од 2019 година за отворање пристапни преговори со Северна Македонија остануваат валидни
Originally published at - https://mk.voanews.com/a/5311810.html",Глас на Америка,2020-03-02 19:04:37+00:00,2020,27,1,0,42,ЕУ преговори Македонија,ЕУ преговори Македонија,mk,https://www.youtube.com/watch?v=xdyRRJX4HaI
P64y-BEpYYY,25 минути - Какви се шансите за крај на бугарското вето кон Македонија за ЕУ?,"Какви се шансите за крај на бугарското вето кон Македонија за ЕУ?Француското претседателство со Унијата се уште не е завршено, па оттука на сила е се уште авторитетот на Макрон за кревање на бугарското вето - вели Бојан Маричиќ - вицепремиер за евроинтеграции за емисијата 25 минути.",Televizija 24,2022-06-12 16:48:14+00:00,2022,792,3,2,41,бугарско вето Македонија,бугарско вето Македонија,mk,https://www.youtube.com/watch?v=P64y-BEpYYY
sEkwJ77suEs,Павел: Ако се реши името на Македонија ќе и требаат 6 месеци за влез во НАТО,"Чешкиот генерал Петр Павел, кој е и шеф на воениот комитет на НАТО во разговор за Радио Слободна Европа изјави дека единствената пречка за членството на Македонија во НАТО останува спорот за името со Грција. Според него, ако се реши прашањето ќе бидат потребни месеци, можеби и половина година за да
Објавено на https://www.slobodnaevropa.mk/a/29206884.html",Radio Slobodna Evropa na Makedonski,2018-05-03 15:25:10+00:00,2018,1952,0,0,41,името на Македонија,името на Македонија,mk,https://www.youtube.com/watch?v=sEkwJ77suEs
izNRL8hAKQs,Агелер: Просперитетот и безбедноста на Македонија се во нејзиното пристапување кон ЕУ,"Не е мое да зборувам за тоа како тече процесот на уставни измени, но сметам дека просперитетот и безбедноста на Македонија се во нејзиното пристапување кон Европската Унија.
Follow Kanal5 on...
• FB: https://smarturl.it/fb5
• IG: https://smarturl.it/Ig5
• Web: https://kanal5.com.mk/

© & ℗ Kanal5 & IN Media. All Rights Reserved",Канал 5 Телевизија,2023-08-22 13:01:38+00:00,2023,307,0,0,41,уставни измени Македонија,уставни измени Македонија,mk,https://www.youtube.com/watch?v=izNRL8hAKQs
eErJa8iSS_o,"ТРОЈНОТО НЕ ОД МАКЕДОНСКИОТ НАРОД УПАТЕНО КОН ЕУ, НАТО И ПРЕСПАНСКИОТ - ОБВРСКА ЗА СЕКОЈА ИДНА ВЛАДА","ТРОЈНОТО НЕ ОД МАКЕДОНСКИОТ НАРОД УПАТЕНО КОН ЕУ, НАТО И ГЕНОЦИДНИТЕ ДОГОВОРИ - ОБВРСКА ЗА СЕКОЈА ИДНА МАКЕДОНСКА ВЛАДА
На 30.09.2019год. се одржа протестен марш по повод една година од Референдумот кој нелегитимната власт го организираше за зачленување на Македонија во ЕУ и НАТО со прифаќање на т.н. Преспански договор со Грција. Овој референдум македонскиот народ го бојкотираше. Државната изборна комисија објави дека е неуспешен, односно народот не прифати зачленување на Македонија во ЕУ и НАТО и не го прифати Преспанскиот договор а со тоа ниту промената на името. Со оглед на медиумската блокада, огромното полициско присуство, репресивната психоза која власта ја создаде кај народот со претходни апсења на патриоти со монтирани случаи но и огромната партиска контрола преку нивните мрежи на сдс и дпне,  сепак околу 2000 храбри Македонки и Македонци излегоа да ја потсетат домашната и светската јавност дека нелегитимната власт во Македонија не ја почитува одлуката на граѓаните.",Родина Македонија Политичка партија,2019-10-01 06:32:00+00:00,2019,872,32,4,40,НАТО ЕУ Македонија протест,НАТО ЕУ Македонија протест,mk,https://www.youtube.com/watch?v=eErJa8iSS_o
s-Vo04PddZg,Кирацовски: Датумот за преговори со ЕУ е голем успех за Македонија,"Follow Kanal5 on...
• FB: https://smarturl.it/fb5
• IG: https://smarturl.it/Ig5
• Web: https://kanal5.com.mk/

© & ℗ Kanal5 & IN Media. All Rights Reserved



Нека ни е честито на сите! Европската унија одлучи: Македонија започнува преговори за полноправно членство во 2019 година.",Канал 5 Телевизија,2018-06-27 13:14:42+00:00,2018,387,1,1,40,ЕУ преговори Македонија,ЕУ преговори Македонија,mk,https://www.youtube.com/watch?v=s-Vo04PddZg
iT_D1sTv5Xs,Името МАКЕДОНИЈА е најстарото државно име во Европа,"Само сонцето е постаро од Македонија - Волшебна Македонија | Документарна серија на македонски и англиски јазик

Епизода 1: https://www.youtube.com/watch?v=dYCgNRU9zvA
Епизода 2: https://www.youtube.com/watch?v=lk5VLeIUWAs
Епизода 3: https://www.youtube.com/watch?v=u-27H72IrQ4
Епизода 4: https://www.youtube.com/watch?v=31cl4pFIHKQ
Епизода 5: https://www.youtube.com/watch?v=rXYeB44TUhU

Kоја е земјата со најмногу археолошки локалитети на метар квадратен? Од кога човекот живеел на територијата на денешната Македонија? Што знаеме за славното античко минато на големата Македонска империја? Зошто Македонија е лулката на христијанството? Со какво културно наследство располага Република Македонија? Земјата на првиот европски универзитет, земјата од каде започнала ренесансата, земјата од која писменоста се раширила низ цела Европа, а културата низ цел свет. Само сонцето е постаро од Македонија!",ARISTON PRODUCTION MACEDONIA,2024-10-20 15:00:06+00:00,2024,260,14,1,40,името на Македонија,името на Македонија,mk,https://www.youtube.com/watch?v=iT_D1sTv5Xs
Hh0VxTy6LWc,Силна поддршка од САД за брза интеграција на Македонија во ЕУ,"Соединетите држави работат со европските партнери за Македонија да ги започне преговорите за членство што побрзо .
Follow Kanal5 on...
• FB: https://smarturl.it/fb5
• IG: https://smarturl.it/Ig5
• Web: https://kanal5.com.mk/

© & ℗ Kanal5 & IN Media. All Rights Reserved",Канал 5 Телевизија,2021-12-06 13:42:06+00:00,2021,1167,11,0,40,интеграција во ЕУ Македонија,интеграција во ЕУ Македонија,mk,https://www.youtube.com/watch?v=Hh0VxTy6LWc
giayCGoigZM,Порака од ЕУ: Ако нема уставни измени на Македонија и се заканува изолација,"Македонија се соочува со опасност да биде изолирана ако не ги прифати уставните измени и не продолжи да оди кон европскиот пат – ова е пораката која попладнево ја упатија тројцата шефови на дипломатии на Австрија, Чешка и Словачка.
Follow Kanal5 on...
• FB: https://smarturl.it/fb5
• IG: https://smarturl.it/Ig5
• Web: https://kanal5.com.mk/

© & ℗ Kanal5 & IN Media. All Rights Reserved",Канал 5 Телевизија,2023-07-13 16:14:23+00:00,2023,1065,5,0,40,уставни измени Македонија,уставни измени Македонија,mk,https://www.youtube.com/watch?v=giayCGoigZM
kY1irHy0JGg,Еврокомесарот Вархеји на средби во Бугарија за ветото кон Македонија,"Бугарија очекува политичка волја за надминување на разликите со Македонија – ова било соопштено од бугарскиот државен врв на средбите со еврокомесарот Оливер Вархеји кој пристигна во ненадејна посета на Софија...
Follow Kanal5 on...
• FB: https://smarturl.it/fb5
• IG: https://smarturl.it/Ig5
• Web: https://kanal5.com.mk/

© & ℗ Kanal5 & IN Media. All Rights Reserved",Канал 5 Телевизија,2021-09-21 15:53:14+00:00,2021,553,7,0,40,бугарско вето Македонија,бугарско вето Македонија,mk,https://www.youtube.com/watch?v=kY1irHy0JGg
5jyckxAxiF8,Австрија со јасна поддршка за преговори за Македонија,"Follow Kanal5 on...
• FB: https://smarturl.it/fb5
• IG: https://smarturl.it/Ig5
• Web: https://kanal5.com.mk/

© & ℗ Kanal5 & IN Media. All Rights Reserved



На само 7 ден пред клучната недела за евро-интеграциите на Македонија се посилни сигнале дека сценариото земјава да биде одвоена од Албанија за почеток на преговорите е можно.",Канал 5 Телевизија,2019-10-07 12:46:00+00:00,2019,155,0,0,40,ЕУ преговори Македонија,ЕУ преговори Македонија,mk,https://www.youtube.com/watch?v=5jyckxAxiF8
7tiY4LaDPP4,Грчки медиуми: Северна Македонија со македонски јазик и македонски идентитет,"Follow Kanal5 on...
• FB: https://smarturl.it/fb5
• IG: https://smarturl.it/Ig5
• Web: https://kanal5.com.mk/

© & ℗ Kanal5 & IN Media. All Rights Reserved



Република Северна Македонија (Republic of North Macedonia, на англиски) е името за севкупна употреба кое наводно го договориле премиерите на двете држави, пишуваат грчките медиуми претпладнево.",Канал 5 Телевизија,2018-06-12 13:21:24+00:00,2018,5756,34,6,39,македонски идентитет,македонски идентитет,mk,https://www.youtube.com/watch?v=7tiY4LaDPP4
bXILIKUdJX0,На македонските жени никој не им даде рамноправност со масовно учество во НОБ се изборија за слобода,"„Мене ми е драго што ја имам честа да се обратам на ден кој ја симболизира борбата на жената-работничка за политичка и економска рамноправост, ден кој извира од идеалите на истакнатите социјалистки Клара Цеткин и Роза Луксембург.

Кога говориме за жени-борци кои предничеле во борбата за право на глас на жената ние не можеме а да не спомнеме, дека овие жени се бореле и против суровите услови на нивното време. Нивната макотрпбна борба за право на глас на жените била надополнета со силен отпор против неправедниот капиталистички систем кој брутално ги експлоатирал - сите овие жени се бореле за свет во кој сите народи ќе бидат рамноправни, за свет во кој рајот на богатите нема да биде граден од пеколот на сиромашните. 

И тука не заостанувала ниту македонската жена. За време на антифашистичката борба, дури 300 жени го вградиле својот живот во темелите на новата социјалистичка Македонија. И ние не можеме да негираме, денес во време на брутален ревизионизам на историјата, дека македонската жена своето право на глас го стекнале на 11 август 1945 година, со Резолуцијата на АВНОЈ, како дел од социјалистичкото минато од кое некој сега се обидува да бега. Ние не можеме да бегаме од историскиот факт дека над 5.000 жени Македонки храбро, рамо до рамо со мажите-борци, учествувале во антифашистичка борба и ја издвојувале својата слобода носејќи ја петокрака која беше тргната токму од државниот грб. Ние не можее да бегаме од фактот дека македонките-жени својата полноправна политичка и социјална рамноправност ја стекнале во тогашното напредно социјалистичко уредување, дури и пред други европски земји.

Низ нашата колективна меморија живее споменот на младите девојки, кои до последен здив се бореле за слободата во која верувале. Ние не можеме и не смееме да го заборавиме херојството на Вера Јоциќ, која загинала на само 21 година во борба со бугарскиот окупатор, ние не смееме да го заборавиме херојството на младата Ибе Паликуќа, која загинала на само 17 години во борба со балистите. Ние не смееме да ги заборавиме зборовите на првата жена стрелана од политички причини во Грција, нашата Мирка Гинова, која гордо ќе каже: Се борев и умирам за поарен живот на другите, а не за мојот. 

И мојата порака на овој ден до сите жени е: На македонските жени никој не им даде рамноправност - туку тие, со масовно учество во народноослободителната борба и со оружје во рака - се изборија за својата слобода. Иако патот е долг и тежок, како што говореше Роза Луксембург, НАМ НИШТО НЕ НИ НЕДОСТАСУВА– САМО ВРЕМЕ.",Левица Политичка Партија,2025-03-07 13:18:07+00:00,2025,383,20,1,39,колективна меморија,колективна меморија,mk,https://www.youtube.com/watch?v=bXILIKUdJX0
dkabWxAEpso,"Второ вето од Бугарија, Македонија ќе чека нова шанса за време на словенечкото претседателство","Засилениот дипломатски притисок врз Софија не даде резултат, Бугарија го потврди ветото, Македонија веројатно ќе чека нова шанса за време на словенечкото претседателство по 1 јули.

Follow Kanal5 on...
• FB: https://smarturl.it/fb5
• IG: https://smarturl.it/Ig5
• Web: https://kanal5.com.mk/

© & ℗ Kanal5 & IN Media. All Rights Reserved",Канал 5 Телевизија,2021-06-22 16:06:14+00:00,2021,1351,19,0,39,бугарско вето Македонија,бугарско вето Македонија,mk,https://www.youtube.com/watch?v=dkabWxAEpso
x0Ew1zzSxR8,Македонија доставила одговор на 5+1 точките до Бугарија,"Македонија чека повратен одговор од официјална Софија за пакетот барања 5+1 кои беа поставени како услов од бугарска страна за почеток на преговори со Европската Унија.
Follow Kanal5 on...
• FB: https://smarturl.it/fb5
• IG: https://smarturl.it/Ig5
• Web: https://kanal5.com.mk/

© & ℗ Kanal5 & IN Media. All Rights Reserved",Канал 5 Телевизија,2021-12-20 13:19:30+00:00,2021,1196,1,0,39,бугарско вето Македонија,бугарско вето Македонија,mk,https://www.youtube.com/watch?v=x0Ew1zzSxR8
8xrsU2ChBa8,"Специјалниот претставник на Британија, сер Стујарт Пич во дводневна посета на Македонија","Сер Стјуарт Пич, специјалниот претставник на Обединетото кралство денеска и утре во Македонија на средби со државно – политичкиот врв на земјава, по што ќе ја посети и Бугарија...
Follow Kanal5 on...
• FB: https://smarturl.it/fb5
• IG: https://smarturl.it/Ig5
• Web: https://kanal5.com.mk/

© & ℗ Kanal5 & IN Media. All Rights Reserved",Канал 5 Телевизија,2022-01-31 14:52:31+00:00,2022,956,2,0,39,довербата во системот,довербата во системот,mk,https://www.youtube.com/watch?v=8xrsU2ChBa8
xQQLpXbXqdI,Македонија вечерва ја слави поканата за членство во НАТО,"Follow Kanal5 on...
• FB: https://smarturl.it/fb5
• IG: https://smarturl.it/Ig5
• Web: https://kanal5.com.mk/

© & ℗ Kanal5 & IN Media. All Rights Reserved



Се е подготвено за вечерашната прослава по повод добиената покана на Македонија за членство во НАТО алијансата.",Канал 5 Телевизија,2018-07-14 14:10:38+00:00,2018,888,5,0,39,НАТО ЕУ Македонија протест,НАТО ЕУ Македонија протест,mk,https://www.youtube.com/watch?v=xQQLpXbXqdI
om8_GAjHLMc,Ковачевски – Вархеји: Почетокот на преговорите за Македонија не смее да чека ни ден повеќе,"Европската интеграција на Македонија не смее да се одлага ниту ден повеќе и затоа е неопходно да се искористат француското претседателство и поволниот амбиент кој постои во моментов за изнаоѓање решенија.

Follow Kanal5 on...
• FB: https://smarturl.it/fb5
• IG: https://smarturl.it/Ig5
• Web: https://kanal5.com.mk/

© & ℗ Kanal5 & IN Media. All Rights Reserved",Канал 5 Телевизија,2022-02-28 16:54:24+00:00,2022,536,1,0,39,интеграција во ЕУ Македонија,интеграција во ЕУ Македонија,mk,https://www.youtube.com/watch?v=om8_GAjHLMc
Xj4k2j1xoS4,Македонски Корени со Јон и Бети Треноски од Сиднеј - 05.08.2023,"- Владата наместо достоинствена прослава за Илинден и АСНОМ го труеше својот народ со  декомпонирање на македонскиот национален идентитет.
- Ќе биде ли македонскиот народ единствен во светот со модифицирана историја заради влез во ЕУ.
- Заедничката мешовита комисија за историски и образовни прашања преку политичко историски инжинеринг сака да ја промени колективната меморија на македонскиот народ.  
-  Дали историјата може да не научи како да го сочуваме Македонизмот во налетот на соседната пропаганда.
- Дали добрососедскиот договор и протоколите од него, дефакто ни ја донесе новата историја. Гостин ќе ни биде д-р Митко Панов, редовен професор на Институтот за национална историја и претседател на Здружението на историчари на Република Македонија. Доколку сакате да бидете информирани за сѐ шта се случува во Македонија а истовремено да уживате преку изборот на песните и ората кои се на агенда, останете со нас вашите домаќини Бети и Јон Треноски. Македонец е секој оној што не си ги заборава корените од минатото и што ги поврзува со сегашноста и иднината. Македонец е човек што остава трага зад себе за навек.",Mакедонски корени ЈБ /Makedonski koreni JB,2023-08-05 23:02:40+00:00,2023,248,11,0,39,национален идентитет,национален идентитет,mk,https://www.youtube.com/watch?v=Xj4k2j1xoS4
ha7yNsW35wU,Маршавелски за правосудството: Радикални реформи во Македонија можат да донесат ризици,"🔴 Говорејќи за ситуацијата во Македонија, Александар Маршавелски смета дека е голем ризик да се оди во некои драматични реформи, да се прават „чистки“. 🔴„Такво искуство Хрватска имаше во деведесеттите години и тоа беше многу лошо затоа што во еден период се вработија голем број на луѓе, а немаше толку голем број на квалитетни кадри за да бидат судии. Значи не може со една радикална реформа нешто да се поправи. Според мене важно е да се обезбедат добри услови за работа на судиите, важно е сите судии да имаат редовни едукации бидејќи постојно законите се менуваат и тие закони да не се тестираат веднаш на луѓето, туку важно е кога се менува некој закон да се направат пилот проекти да се види како истиот може да се примени во тест фаза, а потоа и во реалност. Така ќе имаме и зголемување на довербата кај граѓаните. Од друга страна разбирливо е системот да биде и поефикасен  и тука е клучна дигитализацијата. Важно е да имаме еден квалитетен електронски систем за водење на предметите“, вели Маршавелски.",Triling,2025-06-13 19:52:01+00:00,2025,13,0,0,39,довербата во системот,довербата во системот,mk,https://www.youtube.com/watch?v=ha7yNsW35wU
DJp8zdRagVw,24 Отворено - Како дојде до француски предлог?,"Македонија и рече не на Франција - предлогот на Макрон за кревање на ветото како непристоен предлог кој можеше да го распарчи и онака поделеното македонско општество. Изнудено одбивање или конзинстентен став на владата за неприфакање на предлози кои можат да го поткопаат националниот идентитет? Како дојде до француски предлог со кој во основа беа бетонирани бугарските позиции во спорот со Македонија? Што понатаму? Преспанскиот договор не научи дека секое одлговлекување не носи подобра позиција за Македонија. Значи ли тоа дека по португалскиот, а сега и со француската алтернатива за решение, македонските позиции за некои идни преговори се урнисани?

Во 24 отворено дебатираат Антонио Милошоски претседател на Комисијата за надворешни работи во Собранието и екс министер за надврешни работи во време на владата на ВМРО-ДПМНЕ и Андреј Петров член на извршниот одбор на СДСМ.",Televizija 24,2022-06-23 22:52:39+00:00,2022,6422,29,51,38,француски предлог Македонија,француски предлог Македонија,mk,https://www.youtube.com/watch?v=DJp8zdRagVw
OUDZhf5eiDI,„Тврдокорни” и „Македонија блокира“ протестираат против преспанскиот договор,"Follow Kanal5 on...
• FB: https://smarturl.it/fb5
• IG: https://smarturl.it/Ig5
• Web: https://kanal5.com.mk/

© & ℗ Kanal5 & IN Media. All Rights Reserved



Паралелно со закажаната собраниска седница за уставни измени пред законодавниот дом точно на пладне започна протестот на граѓански здруженија меѓу кои „Македонија блокира“ и „Тврдокорни“ против промена на уставно име.",Канал 5 Телевизија,2019-01-09 13:56:47+00:00,2019,2216,48,10,38,НАТО ЕУ Македонија протест,НАТО ЕУ Македонија протест,mk,https://www.youtube.com/watch?v=OUDZhf5eiDI
il_nOsikLXA,Пред Собранието на Македонија протест против уставни измени,"Пред Собранието, на чиј дневен ред е клучната седница за уставните промени, се одржува протест во организација на здруженијата „Tврдокорни” и ,,Македонија блокира“ против усвојувањето на уставните амандмани.
Објавено на https://www.slobodnaevropa.mk/a/29699474.html",Radio Slobodna Evropa na Makedonski,2019-01-09 12:25:15+00:00,2019,683,27,1,38,уставни измени Македонија,уставни измени Македонија,mk,https://www.youtube.com/watch?v=il_nOsikLXA
sXdv7OyCgCg,Ќе има ли модифициран „француски предлог“ што ќе ги содржи забелешките на Македонија?,"Македонската влада го очекува, но засега нема назнаки дека таканаречениот француски предлог би претрпел измени и би ги вклучил забелешките на Македонија во однос на нацрт-преговарачката рамка..   
Follow Kanal5 on...
• FB: https://smarturl.it/fb5
• IG: https://smarturl.it/Ig5
• Web: https://kanal5.com.mk/

© & ℗ Kanal5 & IN Media. All Rights Reserved",Канал 5 Телевизија,2022-06-27 15:13:22+00:00,2022,1129,4,0,38,француски предлог Македонија,француски предлог Македонија,mk,https://www.youtube.com/watch?v=sXdv7OyCgCg
C2gPn0siUEA,Што би значело вметнувањето на бугарските барања во преговарачката рамка на Македонија?,"Ниту од Владата, ниту од МНР нема одговор на прашањата дали има некаков напредок во преговорите со Бугарија и дали за нив е прифатливо сите бугарски барања да влезат во преговарачката рамка за Македонија.

Follow Kanal5 on...
• FB: https://smarturl.it/fb5
• IG: https://smarturl.it/Ig5
• Web: https://kanal5.com.mk/

© & ℗ Kanal5 & IN Media. All Rights Reserved",Канал 5 Телевизија,2022-05-31 13:23:22+00:00,2022,953,1,0,38,бугарско вето Македонија,бугарско вето Македонија,mk,https://www.youtube.com/watch?v=C2gPn0siUEA
CVhQaBIwFys,Трошановски:Нема продолжување на евроинтеграцијата на Македонија ако Бугарија остане на ветото,"Македонија нема начин да го заобиколи бугарското вето со цел да ја продолжи интеграцијата во Европската Унија, вели Марко Трошановски, директор на Институтот за демократија во анализа за Канал 5.

Follow Kanal5 on...
• FB: https://smarturl.it/fb5
• IG: https://smarturl.it/Ig5
• Web: https://kanal5.com.mk/

© & ℗ Kanal5 & IN Media. All Rights Reserved",Канал 5 Телевизија,2020-11-22 17:04:08+00:00,2020,901,6,0,38,бугарско вето Македонија,бугарско вето Македонија,mk,https://www.youtube.com/watch?v=CVhQaBIwFys
Arn1ytQ7Lns,Со укинувањето на печатените учебници ја спроведувате најголемата социјална поделба во Македонија,"Здравковски до Царовска: Со укинувањето на печатените учебници ја спроведувате најголемата социјална поделба во Македонија



https://www.facebook.com/vmromakedonija",ВМРО - ДПМНЕ,2021-04-22 09:51:07+00:00,2021,839,37,0,38,довербата во системот,довербата во системот,mk,https://www.youtube.com/watch?v=Arn1ytQ7Lns
aQaZoVrlaaA,Македонија дали си спремна? доаѓа Дигитален идентитет за сите!,"Македонија официјално ја отвори вратата кон „личната карта во телефонот“. На Западнобалканскиот дигитален самит во Скопје (2 октомври 2025), премиерот најави амбиција до крајот на мандатот сите јавни услуги да се преселат онлајн, со целосен дигитален идентитет за секој граѓанин и пристап до институциите преку мобилен телефон.",Рацин.мк,2025-10-05 14:03:24+00:00,2025,459,0,0,38,македонски идентитет,македонски идентитет,mk,https://www.youtube.com/watch?v=aQaZoVrlaaA
eWnyDqmZT2c,Гласот на слободна Македонија Епизода 11: Кривиот правец на официјалната дијаспора,"Кога во Македонија се критикува нашата дијаспора, тоа обично се прави со карикатурата, „Дадов 10 долари, и уште десет ке дадам ако треба!“ Меѓутоа, ситните донации се впрочем како во Америка се собираат пари за секоја кауза. Проблемот на нашата дијаспора не е тоа што издвојува премногу малку пари за македонската кауза, бидејќи реалноста е дека македонските иселеници издвојуваат значителен дел од своите приходи за таа намена. Проблемот е во тоа што овие луѓе кои живеат и работат во фунцкионални демократии каде што владее правото и сите се еднакви пред законите, не работат ништо во однос на пренесување на тоа искуство во родниот крај, ниту пак во насока на промовирање на фактот дека македонскиот патриотизам е секогаш на мета на службите на државната безбедност во Македонија. Напротив, претставниците на официјалната дијаспора, од кои повеќето се родени на Западот, за жал, се однесуваат како да израснале во најзаостанатите краеви на Македонија и како да биле образувани во најдоктринарните факултети на Црвените универзитети. Класичен пример е господинот Бил Николов од Македонското меѓународно движење за човекови права, кој деновиве засилено истапува со марксистички речник во напад против претседателот на САД Доналд Трамп, како и против националистичкото движење глобално, во наводна одбрана на македонскиот национален идентитет. Во државата каде што живее, Канада, г. Николов неблагодарно го напаѓа поранешниот премиер Стивен Харпер кој во 2007 година ја призна Република Македонија под нејзиното уставно име, а им се додворува на самоназначените лидери на „пост-национална“ Канада, Либералите на Џастин Трудо. Со застапници како Бил Николов, на македонската кауза не ѝ требаат непријатели.

Релевантни линкови:
- http://forum.kotle.ca/showthread.php?tid=3888&pid=67175#pid67175
- https://forum.kotle.ca/showthread.php?tid=257&pid=27461#pid27461
- http://kotle.ca/ekskluzivno/item/729-vinovnikotnepriznavanjeimetoramkovniotkriminalotkorupcijatasistemot

Музика: „Туѓината пуста да остане“ - Бадев, Илиева, Сариевски",Macedonian Information Centre,2019-01-24 15:14:44+00:00,2019,169,2,0,38,национален идентитет,национален идентитет,mk,https://www.youtube.com/watch?v=eWnyDqmZT2c
h_68AYy0mag,Oбука за интервенција во криза во услови на колективна траума,"Во петокот, на 21 март 2025 година, професорките од Психолошкото советувалиште на УКЛО, д-р Драгана Батиќ и д-р Гордана Ристевска Димитровска, одржаа обука за интервенција во криза, фокусирана на колективна траума, наменета за психолози, педагози и социјални работници, кои работат во поддршка на луѓе во кризни ситуации, со акцент на помошта за деца, адолесценти и студенти. 
Обуката се одржа во Co-Space просториите во Студентскиот информативен центар на УКЛО и беше дел од микроквалификации во кризен менаџмент, во согласност со концептот на Европската универзитетска алијанса КОЛОРС.
Во 624-то издание на емисијата ,,За Универзитетот отворено“ на Универзитетското радио УКЛО ФМ-Битола проследете го раговорот што го водевме со професорките  од Психолошкото советовалиште на Универзитетот ,,Св. Климент Охридски,, - Битола.",Univerzitet Sv. Kliment Ohridski - Bitola,2025-03-24 09:56:04+00:00,2025,32,0,0,38,колективна траума,колективна траума,mk,https://www.youtube.com/watch?v=h_68AYy0mag
ynIKtjEr1ww,13 земји членки на ЕУ со нон-пејпер агитираат на Македонија годинава да и се додели датум,"Follow Kanal5 on...
• FB: https://smarturl.it/fb5
• IG: https://smarturl.it/Ig5
• Web: https://kanal5.com.mk/

© & ℗ Kanal5 & IN Media. All Rights Reserved



Околу датумот за старт на преговорите за земјава тринаесет земји членки на Унијата  подготвуваат допис до централата во Брисел за тоа дека на Македонија треба да и се додели датум и да ги почне преговорите.",Канал 5 Телевизија,2019-06-14 12:42:51+00:00,2019,1453,4,4,37,ЕУ преговори Македонија,ЕУ преговори Македонија,mk,https://www.youtube.com/watch?v=ynIKtjEr1ww
Xy-fTTDwuyA,Порака од ЕУ: Ако нема уставни измени на Македонија и се заканува изолација,"Македонија истрча тежок маратон и би било штета да се сопне на последната пречка, порача австрискиот министер за надворешни работи Александер Шаленберг.
Follow Kanal5 on...
• FB: https://smarturl.it/fb5
• IG: https://smarturl.it/Ig5
• Web: https://kanal5.com.mk/

© & ℗ Kanal5 & IN Media. All Rights Reserved",Канал 5 Телевизија,2023-07-13 12:51:53+00:00,2023,910,9,0,37,уставни измени Македонија,уставни измени Македонија,mk,https://www.youtube.com/watch?v=Xy-fTTDwuyA
uPTzkIwdt9I,Орданоски: Се стави точка на една мачна историја на Македонија,"Со оставката на претседателот на опозициската партија, се става точка на една мачна историја на Македонија - вели д-р Сашо Орданоски, врвен политички аналитичар. Тој предвидува густа агенда од настани и процеси во 2018 година, пред сѐ во доменот на процесите поврзани со евро-атлантската интеграција. „Зависи од нас“ - вели Орданоски, но не сѐ, бидејќи политички одлуки треба да се донесат на различни нивоа и надвор од нашата земја. Затоа, Орданоски е еден од малкуте во земјава кои повикуваат на подготовка и на план Б, доколку доживееме разочарување на пролет, кога би требало да се донесат одлуки околу членството на Македонија во НАТО. 
Овој разговор е дел од серијата видео-изјави под заеднички наслов „Перспективи 2018“ во кој учествуваа околу 20 врвни експерти и претставници на граѓанското општество. Ова е втора изјава објавена во серијалот.
„Перспективи 2018“ е дел од проектот „Слободни медиуми за слободно општество“, финансиран од Министерството за надворешни работи на Сојузна Република Германија.

Биљана Јордановска
Камера: Атанас Петовски
Монтажа: Биљана Јордановска",Civil,2018-01-02 09:00:56+00:00,2018,766,2,0,37,политички настани Македонија,политички настани Македонија,mk,https://www.youtube.com/watch?v=uPTzkIwdt9I
r6ddXosGVnU,Меѓувладина седница Македонија – Албанија: Заедничка цел – членство во ЕУ до 2030 година,"Со кошаркарски дрес од македонската репрезентација и потпишана топка, македонскиот премиер Димитар Ковачевски го пречека неговиот албански колега Еди Рама на втората меѓувладина седница меѓу Македонија и Албанија. 
Follow Kanal5 on...
• FB: https://smarturl.it/fb5
• IG: https://smarturl.it/Ig5
• Web: https://kanal5.com.mk/

© & ℗ Kanal5 & IN Media. All Rights Reserved",Канал 5 Телевизија,2022-11-14 16:53:41+00:00,2022,702,2,0,37,интеграција во ЕУ Македонија,интеграција во ЕУ Македонија,mk,https://www.youtube.com/watch?v=r6ddXosGVnU
3Xq1CKezbsA,"ЕУ се поблиску до консензус за Македонија, сега проблем е пакетот со Албанија!?","Follow Kanal5 on...
• FB: https://smarturl.it/fb5
• IG: https://smarturl.it/Ig5
• Web: https://kanal5.com.mk/

© & ℗ Kanal5 & IN Media. All Rights Reserved



Синоќешната неформална средба ЕУ-Западен Балкан во Брисел расчисти неколку дилеми, но и го отвори горливото прашање – дали Македонија може повторно да извиси напролет ако биде третирана во пакет со Албанија при носењето на одлуката за преговори.

Official facebook: https://www.facebook.com/Kanal5Televizija/
Web: http://kanal5.mk/
Copyright: OnAir Media Group",Канал 5 Телевизија,2020-02-17 13:28:14+00:00,2020,557,4,0,37,интеграција во ЕУ Македонија,интеграција во ЕУ Македонија,mk,https://www.youtube.com/watch?v=3Xq1CKezbsA
AerX-Lc5_A4,24 анализа - Плати ли Македонија преголема цена за европските интеграции?,"Се плаши ли СДСМ од предвремени парлементрани избори – по промената на уставното име и Законот за албански јазик? Ги бара ли ВМРО-ДПМНЕ, а „моли бога“ да не ги добие - особено откако тивко помогнаа уставните измени да поминат без поголема драма? Плати ли Македонија преголема цена за европските интеграции, која е неизвесно дали и кога ќе и се исплати, кои ќе бидат последиците за власта, кои за опозицијата во целиот тој процес? Колку ќе ги чини граѓаните новиот Закон за јазици, зошто власта го донесе на сила, ќе одговара ли некој кривично, што ќе значи повикот за бојкот од опозицијата до институциите, дали ако ВМРО-ДПМНЕ беше на власт ќе го бранеше со истата жестина со која сега го напаѓа? 
Во 24 Анализа, дебата меѓу потпретседателот на СДСМ и член на извршниот одбор, Дамјан Манчевски и координаторот на пратеничката група на ВМРО-ДПМНЕ и дел од Извршниот комитет, Никола Мицевски.",Televizija 24,2019-01-18 01:59:42+00:00,2019,6108,13,12,36,довербата во институциите,довербата во институциите,mk,https://www.youtube.com/watch?v=AerX-Lc5_A4
vfjZeNGEjVM,Руски разузнавачи меѓу Македонија и НАТО,"Според официјални разузнавачки документи, од самитот на НАТО во 2008 година па наваму, Македонија се соочува со силна субверзивна пропаганда и разузнавачка активност координирана од Москва, се вели во извештајот на „Џејмстаун“,  фондација специјализирана за политички анализи.
Објавено на https://www.slobodnaevropa.mk/a/29463721.html",Radio Slobodna Evropa na Makedonski,2018-09-03 09:00:54+00:00,2018,2151,14,3,36,НАТО ЕУ Македонија протест,НАТО ЕУ Македонија протест,mk,https://www.youtube.com/watch?v=vfjZeNGEjVM
HfezZsE-lT8,Левица: Уште еден закон одбиен - власта не гласаше за предлогот за денови на жалост,"На вчерашната собраниска седница, владејачкото мнозинство повторно не ја надмина својата партиска суета и не гласаше за предлог-законот на Левица за денови на жалост. Бидејќи во Македонија никако не е регулиран медиумскиот простор при денови на жалост, пратеничката група на Левица поднесе законско решение за регулирана медиумска програма без забавни и политички содржини за време на деновите на жалост, како и за воведување едноминутно молчење и санкции за недолично однесување.

Пратеникот Амар Мециновиќ од Левица, образложувајќи го предлогот, истакна дека „тагата не смее да биде дел од политички наратив“ и дека со законот се бараат јасни и унифицирани критериуми за прогласување денови на жалост, кои не би зависеле исклучиво од одлуката на Владата.

При образложување на предлог-законот, пратеникот Мециновиќ потенцира дека овој закон не навлегува во правото на слобода за изразување и во регулирањето на приватните субјекти, туку ги подразбира измените кои ќе дозволат како нација да ја доживееме тагата во која што сме се нашле и да се дозволи на вистински начин да закрепнеме од колективните трагедии. 

Предлогот се однесува на јавниот и на институционалниот домен, со фокус на одбележување трагични настани на национално и локално ниво.

Во предлогот стои дека целта на законот е обезбедување на правна основа за правилно одбележување на деновите на жалост на национално и локално ниво, преку организирано, унифицирано и достоинствено одбележување на трагични настани кои влијаат на националната и колективна меморија на државата, преку достоинствено оддавање почит кон настраданите и нивните блиски, како и поттикнување на човечноста, солидарноста и на националното единство.

Жално е што дури и при една катарза кое му се случи на македонското општество, власта предводена од ВМРО-ДПМНЕ не гласаше за конструктивно законско решение, кое треба да го пополни правниот вакуум каде Македонија е ретка држава која нема Закон за денови на жалост.",Левица Политичка Партија,2025-04-30 10:19:31+00:00,2025,1156,30,2,36,колективна жалост; колективна меморија,колективна жалост,mk,https://www.youtube.com/watch?v=HfezZsE-lT8
mKJao6wkto0,"ЕУ самит, прв ден: без одлука за Северна Македонија и Албанија","Лидерите на Европската унија го завршија првиот ден од нивниот состанок во Брисел без да донесат одлука за потенцијалното членство на Северна Македонија и Албанија. Нејасно е дали лидерите и денеска ќе се осврнат на ова прашање.
Објавено на https://www.slobodnaevropa.mk/a/30222839.html",Radio Slobodna Evropa na Makedonski,2019-10-18 05:23:35+00:00,2019,169,2,2,36,реформа на уставот Македонија,реформа на уставот Македонија,mk,https://www.youtube.com/watch?v=mKJao6wkto0
HodXlf_2Tok,Зголемен евроскептицизам по бугарското вето за Македонија,"Граѓаните се разочарани што Бугарија по трет пат го блокираше почетокот на преговорите за членство на Македонија во ЕУ. Повеќето од нив се разочарани од блокадата и не веруваат дека проблемот набрзо ќе се реши. Сепак има и такви кои веруваат дека земјава ќе ги почне долгоочекуваните преговори.
Објавено на https://www.slobodnaevropa.mk/a/%d0%b7%d0%b3%d0%be%d0%bb%d0%b5%d0%bc%d0%b5%d0%bd-%d0%b5%d0%b2%d1%80%d0%be%d1%81%d0%ba%d0%b5%d0%bf%d1%82%d0%b8%d1%86%d0%b8%d0%b7%d0%b0%d0%bc-%d0%bf%d0%be-%d0%b1%d1%83%d0%b3%d0%b0%d1%80%d1%81%d0%ba%d0%be%d1%82%d0%be-%d0%b2%d0%b5%d1%82%d0%be-%d0%b7%d0%b0-%d0%bc%d0%b0%d0%ba%d0%b5%d0%b4%d0%be%d0%bd%d0%b8%d1%98%d0%b0/31613916.html",Radio Slobodna Evropa na Makedonski,2021-12-20 09:29:55+00:00,2021,113,0,1,36,бугарско вето Македонија; реформа на уставот Македонија,реформа на уставот Македонија,mk,https://www.youtube.com/watch?v=HodXlf_2Tok
eWAdI9CrjDE,"Одиме напред, Македонија во НАТО и ЕУ, граѓанска прослава во Битола","http://vlada.mk/
___

Влада на Република Македонија на социјалните мрежи:

Facebook: www.facebook.com/VladaMK
Twitter: www.twitter.com/VladaMK
Instagram: www.instagram.com/mkvlada
Flickr: www.flickr.com/vladamk",Влада на‎ Република Северна Македонија,2018-07-14 22:25:24+00:00,2018,1503,10,0,36,НАТО ЕУ Македонија протест,НАТО ЕУ Македонија протест,mk,https://www.youtube.com/watch?v=eWAdI9CrjDE
kgeU9_Cmivc,"Ацевски: Преговорите меѓу Македонија и Бугарија треба да продолжат но, не на идентитетски праша","Дел од македонските интелектуалци сметаат дека преговорите со Бугарија треба да продолжат но на масата не треба да се присутни идентитетските прашања .
Follow Kanal5 on...
• FB: https://smarturl.it/fb5
• IG: https://smarturl.it/Ig5
• Web: https://kanal5.com.mk/

© & ℗ Kanal5 & IN Media. All Rights Reserved",Канал 5 Телевизија,2020-12-05 13:22:18+00:00,2020,770,3,0,36,бугарско вето Македонија,бугарско вето Македонија,mk,https://www.youtube.com/watch?v=kgeU9_Cmivc
etGEw37bxn4,Што понатаму со Преспанскиот договор?,"Follow Kanal5 on...
• FB: https://smarturl.it/fb5
• IG: https://smarturl.it/Ig5
• Web: https://kanal5.com.mk/

© & ℗ Kanal5 & IN Media. All Rights Reserved



Што понатаму со Преспанскиот договор? Ова прашање се отвори по одлуката на Советот на Европа да не додели датум за почеток на преговорите со Македонија.",Канал 5 Телевизија,2019-10-21 12:23:06+00:00,2019,521,2,0,36,Преспански договор; преспански договор,преспански договор,mk,https://www.youtube.com/watch?v=etGEw37bxn4
3pRow7b5NA0,Засега нема расположение за раздвојување на Македонија и Албанија во евроинтегративниот пат,"Засега нема расположение во Брисел за раздвојување на Македонија и Албанија во евроинтегративниот пат. Во групата земји кои се против оваа идеа се приклучи и Романија. Follow Kanal5 on...
• FB: https://smarturl.it/fb5
• IG: https://smarturl.it/Ig5
• Web: https://kanal5.com.mk/

© & ℗ Kanal5 & IN Media. All Rights Reserved",Канал 5 Телевизија,2022-04-14 13:04:15+00:00,2022,319,1,0,36,интеграција во ЕУ Македонија,интеграција во ЕУ Македонија,mk,https://www.youtube.com/watch?v=3pRow7b5NA0
v-j9jsIzF2I,"Одиме напред, Македонија во НАТО и ЕУ, граѓанска прослава во Прилеп","http://vlada.mk/
___

Влада на Република Македонија на социјалните мрежи:

Facebook: www.facebook.com/VladaMK
Twitter: www.twitter.com/VladaMK
Instagram: www.instagram.com/mkvlada
Flickr: www.flickr.com/vladamk",Влада на‎ Република Северна Македонија,2018-07-15 10:48:24+00:00,2018,304,2,0,36,НАТО ЕУ Македонија протест,НАТО ЕУ Македонија протест,mk,https://www.youtube.com/watch?v=v-j9jsIzF2I
sHYUrGrWiLs,"Одиме напред, Македонија во НАТО и ЕУ, граѓанска прослава во Велес","http://vlada.mk/
___

Влада на Република Македонија на социјалните мрежи:

Facebook: www.facebook.com/VladaMK
Twitter: www.twitter.com/VladaMK
Instagram: www.instagram.com/mkvlada
Flickr: www.flickr.com/vladamk",Влада на‎ Република Северна Македонија,2018-07-15 10:45:12+00:00,2018,247,4,0,36,НАТО ЕУ Македонија протест,НАТО ЕУ Македонија протест,mk,https://www.youtube.com/watch?v=sHYUrGrWiLs
Q-z7FyIukNI,"Одиме напред, Македонија во НАТО и ЕУ, граѓанска прослава во Куманово","http://vlada.mk/
___

Влада на Република Македонија на социјалните мрежи:

Facebook: www.facebook.com/VladaMK
Twitter: www.twitter.com/VladaMK
Instagram: www.instagram.com/mkvlada
Flickr: www.flickr.com/vladamk",Влада на‎ Република Северна Македонија,2018-07-14 22:26:43+00:00,2018,223,2,0,36,НАТО ЕУ Македонија протест,НАТО ЕУ Македонија протест,mk,https://www.youtube.com/watch?v=Q-z7FyIukNI
v1P3QVi_-ow,"МАКЕДОНИЈА - ЖИВОТ ВО АГРЕСИЈА, СТРЕС И ДЕСТРУКЦИЈА","МАКЕДОНИЈА - ЖИВОТ ВО АГРЕСИЈА, СТРЕС И ДЕСТРУКЦИЈА",Ирис телевизија,2019-12-06 16:05:42+00:00,2019,130,1,0,36,стрес во општеството,стрес во општеството,mk,https://www.youtube.com/watch?v=v1P3QVi_-ow
S2WnqYS1FIw,"Кога ќе дишеме чист воздух? Владата тврди дека ќе го намали аерозагадувањето, граѓаните песимисти","Јасно и гласно: Кога ќе дишеме чист воздух? Владата тврди дека ќе го намали аерозагадувањето, граѓаните песимисти. Дискутираме за огромното аерозагадување и најавените мерки и решенија за намалување на најголемиот проблем со кој се соочува државата.
14/02/2019 – Радио МОФ
Скопје често се наоѓа меѓу најзагадените градови во светот, Македонија меѓу најзагадените држави во Европа, Владата најавува План за чист воздух, додека граѓани од центарот на главниот град протестираат со порака: „Уште колку можеме да издржиме?“.
Гости во студиото се Заменик-министерот за животна средина и просторно планирање, Јани Макрадули,  Ели Пешева од О2 Иницијатива, Драги Змијанац од Детската амбасада Меѓаши и Движење за чист воздух и Кристијан Караџовски од движењето „Канцерогено општество“.
Колку владиниот План за борба со аерозагадувањето ќе има ефект и дали во догледен период македонските граѓани ќе дишат почист воздух? Ова беа прашањата во фокусот на веб-дискусијата „Јасно и Гласно“ на РадиоМОФ на која претставници на граѓански организации дискутираа со Заменик-министерот за животна средина и просторно планирање, Јани Макрадули.
Кристијан Караџовски од иницијативата „Канцерогено општество“, кои претходната сабота го одржаа третиот протест против загадувањето, вели дека тоа што ги принудило да излезат на улиците е животот во „најзагадениот град на Планетата Земја“.
„Град Скопје дава 400 илјади евра за да го кити најзагадениот град во светот, додека во исто време Владата планира два милиони евра за борба со аерозагадувањето. Секоја сабота ќе протестираме со цел да изградиме колективна меморија на населението, бидејќи го забораваат проблемот преку лето. Сите ние спаѓаме во категоријата „климатски мигранти“, останува да се гледаме пред Собранието додека не се иселиме“, рече Караџовски во дискусијата.
Ели Пешева од О2 Иницијативата изјави дека парите недоволниот буџет за борба со аерозагадувањето останува клучен проблем.
„Според Државниот завод за статистика во Македонија над 344 илјади домаќинства користат огревно дрво. Со Планот за чист воздух, за 2019, предвидувате замена на начинот на греење во 1.100 домаќинства, во три градови. Со ова темпо ние ниту за 70 години нема да стигнеме овие домаќинства да ги префрлиме на друг начин на греење. Мора да се обезбедат повеќе пари и парите од даноците да се наменат за она што се собрани, односно за животна средина“, рече Пешева.
Драги Змијанац од Детската амбасада „Меѓаши“ пак напомна дека надлежните треба да обрнат поголемо внимание на аерозагадувањето од тешката индустрија и малите загадувачи кои не користат филтри, додавајќи дека
„Граѓаните кои живеат во радиус на неколку километри околу зоната во која се наоѓаат Дрисла, Усје, Железара, Годел и Охис, се во канцерогена зона на егзистенција. Мислам дека сме нехумано општество што на овие граѓани не им ја кажуваме вистината, дали ќе ги дислоцираме граѓаните од таму, или ќе ги дислоцираме загадувачите, или ќе ги ставиме под контрола. Граѓаните ја имаат изгубено довербата и не знаеме дали има ненајавени инспекции. Ако вака продолжи ќе почнеме да се организираме како дежурни граѓански еко-патроли и да ги детектираме загадувачите и да се преземат мерки да се санкционираат“, рече Змијанац.

Домашното затоплување е најголемиот извор на загадување со ПМ честички и искуствата од сите држави покажуваат дека го решавале проблемот преку помош во замена на начинот на кој се загреваат домаќинствата, посочи Заменик-министерот за животна средина и просторно планирање, Јани Макрадули.
„Ова е патот, не постои друг начин. Во овој момент Полска, Бугарија го прават истото. Буџетот не е доволен, но е добар почеток. Преговараме со неколку финансиски институции ние да ја финансираме замената на изворите на загадување кај најсиромашните и има многу компании кои се јавуваат да помогнат во процесот како нивна општествена одговорност. Не постои друг пат. Каква ќе биде брзината на процесот зависи од тоа колку пари ќе алоцираме во претстојниот период“, рече Макрадули.

Даниел Евросимоски
https://www.radiomof.mk/video-jasno-i-glasno-vladata-tvrdi-deka-kje-go-namali-aerozagaduvanjeto-gragjanite-pesimisti/?fbclid=IwAR3CZkmuht5nhA8FXNaWaRvmLFKISOui2TvS3PKlTFgjqh2f846xncGGEso",Движење за чист воздух,2019-02-14 20:37:18+00:00,2019,55,1,0,36,колективна меморија,колективна меморија,mk,https://www.youtube.com/watch?v=S2WnqYS1FIw
jhqhsSy0AGY,Димушевска: Институциите имаат одговорност да ја вратат довербата на  жените жртви на насилство,"„Би се осврнала накратко на состојбата со насилството врз жените, генерално за законската регулатива и постапувањето на институциите па делумно би се надоврзала на она што го спомна Драгана, а тоа е недовербата којашто постои, и нискиот степен на пријавување на различните форми на насилство. Македонија како држава ја ратификуваше Истанбулската  конвенција, веќе добро позната за сите, нема да навлегувам во тоа што конвенцијата носи, само ќе напоменам дека е првиот меѓународен документ којшто ги регулира различните форми на насилство врз жени, вклучително и семејното насилство, и дава препораки за државите, како да обезбедат најсеопфатна и најбезбедна заштита за жртвите. Македонија ја ратификуваше во 2017, стапи на сила во 2018 година. Согласно тоа, беше развиен национален акциски план за имплементација на конвенцијата, што всушност значи усогласување на националното законодавство со препораките од Конвенцијата, како и започнување на воспоставување на специјализирани сервиси за помош и поддршка на жени и деца жртви на насилство.“, вели  Елена Димушевска од Национална мрежа против насилство врз жените, на панелот на ЦИВИЛ “„Родовата еднаквост во Северна Македонија: Меѓу декларациите и реалноста“.

„Планот, како документ, е петгодишен, и ја започнува својата важност во 2017 година до 2023. Ние како Мрежа направивме два извештаи за следење на имплементација на овој документ, а наодите се навистина загрижувачки, иако, за нас можеби и не се многу изненадувачки. Затоа што, за една држава да го постави системот на заштита и на ниво на законска регулатива, и на ниво на сервиси, мора да го разбере ова прашање. Да ја разбере важноста на поставување на сите овие прописи и сервиси, и што тоа значи. Тоа во суштина значи дека треба да го стави како приоритетно прашање во својата агенда. За жал, после толку години, и тоа не зборувам само од 2017 кога се ратификуваше Конвенцијата, туку за почетокот на деведесеттите години кога женските организации почнаа да зборуваат за семејно насилство, а во 2004 за прв пат беше регулирано во кривичниот законик семејното насилство, па понатаму, со сите обуки, со сите национални акциски планови коишто се направени, она што сега, на крајот на 2021 можеме да го заклучиме, е дека ова прашање ниту било, ниту  сега во моментот е приоритет.
Напорите коишто ги вложуваат институциите, се минимални, речиси непостоечки. Секако, има институции коишто вложуваат поголеми напори, но има институции кои воопшто не го сметаат ова прашање како важно, и дека треба да се вклучат. А сите, и ние присутните, а верувам и оние коишто не слушаат, знаеме дека насилството врз жените е општествен проблем, не е проблем на жртвите, не е проблем на жените. Е проблем во кој треба сите да се вклучиме.“, се осврна Димушевска на (не)функционалноста на институциите во однос на третирањето на жртвите на насилство. 
„На крајот на 2021 година, доаѓаме до состојба каде што во поголемиот дел од Македонија нема пристапни и достапни специјализирани сервиси и услуги за жени кои преживеале насилство. За да го пријават насилството, за да дојде воопшто до моментот на пријавување, на некои жени им е потребно да разговараат со некого, да им биде објаснета постапката, да бидат информирани. Затоа што на крајот, информацијата е најважна, да знаат како можат и како ќе бидат заштитени. Тоа, најголем дел од жените не можат да го исполнат како право, да ја добијат информацијата, и согласно постоечкиот систем на заштита, да ја добијат и заштитата за којашто имаат потреба. 
Нашиот фокус на работа, е застапување за соодветни измени во законската регулатива, она што би го спомнала е дека можеби на хартија, законите коишто ги поседуваме, во одреден дел и не се толку лоши, но тоа што се случува на терен, е навистина загрижувачко, и  застрашувачко. 
Недовербата во институциите постоела многу години наназад, и тој степен на недоверба само се зголемува. Тоа значи дека одговорноста на институциите, но и на луѓето што работат во тие институции, независно дали се тоа министерствата, или нивните подрачни единици, нивна одговорност е да ја вратат довербата, дека, доколку жртвата дојде во институцијата, ќе биде соодветно примена, информирана за сите можности за заштита, и истите ќе и бидат понудени“, изјави меѓу другото Димушевска. 
Дијана Тахири
камера: Атанас Петровски
монтажа: Ариан Мехмети",Civil,2021-12-11 11:19:05+00:00,2021,30,0,0,36,довербата во институциите; довербата во системот,довербата во системот,mk,https://www.youtube.com/watch?v=jhqhsSy0AGY
4PVL_P4rvVc,"Кога ќе дишеме чист воздух? Владата тврди дека ќе го намали аерозагадувањето, граѓаните песимисти","Јасно и гласно: Кога ќе дишеме чист воздух? Владата тврди дека ќе го намали аерозагадувањето, граѓаните песимисти. Дискутираме за огромното аерозагадување и најавените мерки и решенија за намалување на најголемиот проблем со кој се соочува државата.
14/02/2019 – Радио МОФ
Скопје често се наоѓа меѓу најзагадените градови во светот, Македонија меѓу најзагадените држави во Европа, Владата најавува План за чист воздух, додека граѓани од центарот на главниот град протестираат со порака: „Уште колку можеме да издржиме?“.
Гости во студиото се Заменик-министерот за животна средина и просторно планирање, Јани Макрадули,  Ели Пешева од О2 Иницијатива, Драги Змијанац од Детската амбасада Меѓаши и Движење за чист воздух и Кристијан Караџовски од движењето „Канцерогено општество“.
Колку владиниот План за борба со аерозагадувањето ќе има ефект и дали во догледен период македонските граѓани ќе дишат почист воздух? Ова беа прашањата во фокусот на веб-дискусијата „Јасно и Гласно“ на РадиоМОФ на која претставници на граѓански организации дискутираа со Заменик-министерот за животна средина и просторно планирање, Јани Макрадули.
Кристијан Караџовски од иницијативата „Канцерогено општество“, кои претходната сабота го одржаа третиот протест против загадувањето, вели дека тоа што ги принудило да излезат на улиците е животот во „најзагадениот град на Планетата Земја“.
„Град Скопје дава 400 илјади евра за да го кити најзагадениот град во светот, додека во исто време Владата планира два милиони евра за борба со аерозагадувањето. Секоја сабота ќе протестираме со цел да изградиме колективна меморија на населението, бидејќи го забораваат проблемот преку лето. Сите ние спаѓаме во категоријата „климатски мигранти“, останува да се гледаме пред Собранието додека не се иселиме“, рече Караџовски во дискусијата.
Ели Пешева од О2 Иницијативата изјави дека парите недоволниот буџет за борба со аерозагадувањето останува клучен проблем.
„Според Државниот завод за статистика во Македонија над 344 илјади домаќинства користат огревно дрво. Со Планот за чист воздух, за 2019, предвидувате замена на начинот на греење во 1.100 домаќинства, во три градови. Со ова темпо ние ниту за 70 години нема да стигнеме овие домаќинства да ги префрлиме на друг начин на греење. Мора да се обезбедат повеќе пари и парите од даноците да се наменат за она што се собрани, односно за животна средина“, рече Пешева.
Драги Змијанац од Детската амбасада „Меѓаши“ пак напомна дека надлежните треба да обрнат поголемо внимание на аерозагадувањето од тешката индустрија и малите загадувачи кои не користат филтри, додавајќи дека
„Граѓаните кои живеат во радиус на неколку километри околу зоната во која се наоѓаат Дрисла, Усје, Железара, Годел и Охис, се во канцерогена зона на егзистенција. Мислам дека сме нехумано општество што на овие граѓани не им ја кажуваме вистината, дали ќе ги дислоцираме граѓаните од таму, или ќе ги дислоцираме загадувачите, или ќе ги ставиме под контрола. Граѓаните ја имаат изгубено довербата и не знаеме дали има ненајавени инспекции. Ако вака продолжи ќе почнеме да се организираме како дежурни граѓански еко-патроли и да ги детектираме загадувачите и да се преземат мерки да се санкционираат“, рече Змијанац.

Домашното затоплување е најголемиот извор на загадување со ПМ честички и искуствата од сите држави покажуваат дека го решавале проблемот преку помош во замена на начинот на кој се загреваат домаќинствата, посочи Заменик-министерот за животна средина и просторно планирање, Јани Макрадули.
„Ова е патот, не постои друг начин. Во овој момент Полска, Бугарија го прават истото. Буџетот не е доволен, но е добар почеток. Преговараме со неколку финансиски институции ние да ја финансираме замената на изворите на загадување кај најсиромашните и има многу компании кои се јавуваат да помогнат во процесот како нивна општествена одговорност. Не постои друг пат. Каква ќе биде брзината на процесот зависи од тоа колку пари ќе алоцираме во претстојниот период“, рече Макрадули.

Даниел Евросимоски
https://www.radiomof.mk/video-jasno-i-glasno-vladata-tvrdi-deka-kje-go-namali-aerozagaduvanjeto-gragjanite-pesimisti/?fbclid=IwAR3CZkmuht5nhA8FXNaWaRvmLFKISOui2TvS3PKlTFgjqh2f846xncGGEso",Megjashi,2019-02-14 19:57:59+00:00,2019,7,0,0,36,колективна меморија,колективна меморија,mk,https://www.youtube.com/watch?v=4PVL_P4rvVc
Jk4w9_IKAWY,"Кога ќе дишеме чист воздух? Владата тврди дека ќе го намали аерозагадувањето, граѓаните песимисти.","Јасно и гласно: Кога ќе дишеме чист воздух? Владата тврди дека ќе го намали аерозагадувањето, граѓаните песимисти. Дискутираме за огромното аерозагадување и најавените мерки и решенија за намалување на најголемиот проблем со кој се соочува државата.
14/02/2019 – Радио МОФ
Скопје често се наоѓа меѓу најзагадените градови во светот, Македонија меѓу најзагадените држави во Европа, Владата најавува План за чист воздух, додека граѓани од центарот на главниот град протестираат со порака: „Уште колку можеме да издржиме?“.
Гости во студиото се Заменик-министерот за животна средина и просторно планирање, Јани Макрадули,  Ели Пешева од О2 Иницијатива, Драги Змијанац од Детската амбасада Меѓаши и Движење за чист воздух и Кристијан Караџовски од движењето „Канцерогено општество“.
Колку владиниот План за борба со аерозагадувањето ќе има ефект и дали во догледен период македонските граѓани ќе дишат почист воздух? Ова беа прашањата во фокусот на веб-дискусијата „Јасно и Гласно“ на РадиоМОФ на која претставници на граѓански организации дискутираа со Заменик-министерот за животна средина и просторно планирање, Јани Макрадули.
Кристијан Караџовски од иницијативата „Канцерогено општество“, кои претходната сабота го одржаа третиот протест против загадувањето, вели дека тоа што ги принудило да излезат на улиците е животот во „најзагадениот град на Планетата Земја“.
„Град Скопје дава 400 илјади евра за да го кити најзагадениот град во светот, додека во исто време Владата планира два милиони евра за борба со аерозагадувањето. Секоја сабота ќе протестираме со цел да изградиме колективна меморија на населението, бидејќи го забораваат проблемот преку лето. Сите ние спаѓаме во категоријата „климатски мигранти“, останува да се гледаме пред Собранието додека не се иселиме“, рече Караџовски во дискусијата.
Ели Пешева од О2 Иницијативата изјави дека парите недоволниот буџет за борба со аерозагадувањето останува клучен проблем.
„Според Државниот завод за статистика во Македонија над 344 илјади домаќинства користат огревно дрво. Со Планот за чист воздух, за 2019, предвидувате замена на начинот на греење во 1.100 домаќинства, во три градови. Со ова темпо ние ниту за 70 години нема да стигнеме овие домаќинства да ги префрлиме на друг начин на греење. Мора да се обезбедат повеќе пари и парите од даноците да се наменат за она што се собрани, односно за животна средина“, рече Пешева.
Драги Змијанац од Детската амбасада „Меѓаши“ пак напомна дека надлежните треба да обрнат поголемо внимание на аерозагадувањето од тешката индустрија и малите загадувачи кои не користат филтри, додавајќи дека
„Граѓаните кои живеат во радиус на неколку километри околу зоната во која се наоѓаат Дрисла, Усје, Железара, Годел и Охис, се во канцерогена зона на егзистенција. Мислам дека сме нехумано општество што на овие граѓани не им ја кажуваме вистината, дали ќе ги дислоцираме граѓаните од таму, или ќе ги дислоцираме загадувачите, или ќе ги ставиме под контрола. Граѓаните ја имаат изгубено довербата и не знаеме дали има ненајавени инспекции. Ако вака продолжи ќе почнеме да се организираме како дежурни граѓански еко-патроли и да ги детектираме загадувачите и да се преземат мерки да се санкционираат“, рече Змијанац.

Домашното затоплување е најголемиот извор на загадување со ПМ честички и искуствата од сите држави покажуваат дека го решавале проблемот преку помош во замена на начинот на кој се загреваат домаќинствата, посочи Заменик-министерот за животна средина и просторно планирање, Јани Макрадули.
„Ова е патот, не постои друг начин. Во овој момент Полска, Бугарија го прават истото. Буџетот не е доволен, но е добар почеток. Преговараме со неколку финансиски институции ние да ја финансираме замената на изворите на загадување кај најсиромашните и има многу компании кои се јавуваат да помогнат во процесот како нивна општествена одговорност. Не постои друг пат. Каква ќе биде брзината на процесот зависи од тоа колку пари ќе алоцираме во претстојниот период“, рече Макрадули.

Даниел Евросимоски
https://www.radiomof.mk/video-jasno-i-glasno-vladata-tvrdi-deka-kje-go-namali-aerozagaduvanjeto-gragjanite-pesimisti/?fbclid=IwAR3CZkmuht5nhA8FXNaWaRvmLFKISOui2TvS3PKlTFgjqh2f846xncGGEso",Dragi Zmijanac,2019-02-14 20:43:41+00:00,2019,2,0,0,36,колективна меморија,колективна меморија,mk,https://www.youtube.com/watch?v=Jk4w9_IKAWY
vxAAOiDr1cE,Потенцијални Black Swan настани во остатокот од 2025 - Гео-Политички и Макроекономски! 18.06.2025,"Потенцијални Black Swan настани во остатокот од 2025 - Гео-Политички и Макроекономски!

Содржина:

1. Тарифите на Трамп
https://youtu.be/gJTnRpgbaNI?si=jWGuH7vrcYH5h6_k

2. Јапонскиот carry trade!

3. Муриканска рецесија
https://youtu.be/X7Au5eAW3uA?si=HtVRJvcCjoJR0hqI

4. Иранска војна

5. Руско - Гејропска војна

КАНАЛОТ ЌЕ ПОСТОИ СЕ ДОДЕКА МАКЕДОНСКИОТ НАРОД ИМА ИНТЕРЕС ЗА МОЈАТА РАБОТА - БЕСПЛАТНО!!!

Доколку сакате директно да ја поддржите работата на Крипто Гемиџија и напредокот на каналот тоа можете да го направите со мала месечна чланарина на Patreon платформата на следниот линк:

https://www.patreon.com/cryptogemidzija/membership

Поддржете го нашиот канал со купување на брендиран артикл од нашата Крипто Гемиџија - КоОпЕрАцИјА. Сите средства се употребени за надградба и функционирање на каналот кој произведува Финансиски едукативен и информативен материјал за Македонците ширум светот! Посетете ја нашата Крипто Гемиџија - КоОпЕрАцИјА на линкот подолу:

https://www.facebook.com/profile.php?id=61571446327195

Но доколку сте одлучиле да ме частите кафе повелете на адресите подолу или на специјалната Buy me a coffee апликација за поддршка на дигитални креатори - кои ќе бидат искористени за помош на Македонци на кои овие донации им се многу попотребни:

Купи ми кафе :D
https://www.buymeacoffee.com/cryptogemidzija

USDT/USDC
0x6dd848feb9804d86beacb8a3cdf8d20ed9fe6353

BTC
3F1YGWnKdSjPWqt9YNBpdtg2mYpodezhq8

ETH
0x6dd848feb9804d86beacb8a3cdf8d20ed9fe6353

ADA
addr1q83q3uq2jfy3ca4xcfy9mr3j5vqry487vwqwayau29hqvcxjmcyu4ukqy0hzuk35cz97dt3snx93dehhc8pm2z85s7lqn3uqn6

DOT
15dCx5mn1hFG6rJ26SACzH72LqwaVhZ3FSza8bFzFjjoBbDR

XRP
rhtibE7qNF6t7PbmtCTkTgDa3yrBL6bmeh

KAS
kaspa:qpe8k4dfn8vq4dyn5mkj7l2e6z0fjjleuad95j2s85aavpgct75w27700egjs


Следете ја нашата работа на нашите профили на социјалните мрежи:
 
Facebook fan page: 

https://www.facebook.com/CryptoGemidzija

Youtube Channel: 

https://www.youtube.com/@cryptogemidzija

X (Twitter):

https://twitter.com/GemidzijaC
 
Instagram:

https://www.instagram.com/cryptogemidzija4/

TIkTok:

Крипто Гемиџија

Odysee:

https://odysee.com/@cryptogemidzija:3

Rumble:

https://rumble.com/user/CryptoGemidzija

Rutube:

https://rutube.ru/channel/41369759/

Dailymotion:

https://www.dailymotion.com/cryptogemidzija


Сето она што е објавено на нашиот канал е од исклучиво едукационен карактер. Ве повикуваме да оставите ваш коментар со мислење околу нашите содржини и да ни помогнете да го унапредиме нашиот нов канал. Секоја ваша помош со ставање на Like на нашите видеа, субскрипција на нашиот канал како и споделување на овие материјали помага во распространување на оваа незастапена наука во Македонија па и пошироко, за што сме ви однапред благодарни. Помогнете ни да пораснеме како канал за да можеме ние да помогнеме на многумина во нашата земја на кои им се потребни овие едукативни материјали. Ви благодариме за соработката и се надеваме уживате во нашите материјали. 

Со почит - Крипто Гемиџија
#криптогемиџија
#cryptogemidzija
@криптогемиџија
@cryptogemidzija",CRYPTO GEMIDZIJA,2025-06-17 18:00:06+00:00,2025,722,71,4,35,политички настани Македонија,политички настани Македонија,mk,https://www.youtube.com/watch?v=vxAAOiDr1cE
551Dj7UEOjY,Ангеловски: Најголемата последица од дезинформациите е намалувањето на довербата во институциите,"Помошникот на Министерот за внатрешни работи за односи со јавноста, Тони Ангеловски на панелот на ЦИВИЛ „Информациски хаос: Трендови и перспективи“ посочи дека дезинформацискиот хаос во Северна Македонија е реален проблем и дека треба заеднички да се решава. 
„Ме радува што дискутираме на тема што е горлива за општеството, затоа што, меѓу другото, како што кажавте, ни се создаваат вакви проблеми пред се затоа што сме изложени на масовни дезинформации. Ние сме една од државите со најмало ниво на вакцинација, затоа што сме под влијание на дезинформациите, каде што, на пример „Стојанчо од Старо Нагоричане“ е убеден дека не треба да се вакцинира бидејќи Бил Гејтс, кога ќе стане наутро помислува дека треба него да го чипира.

Ова е наш реален проблем и мораме заеднички да го решаваме. Со заеднички напори со институциите, но пред се  на невладините организации, и особено на новинарските здруженија. Како што спомнавте, имаме проблем со групата „Лев Тахор“, еве најавуваат протести во Охрид, затоа што лица од оваа група дошле во нивно село, што е навистина несфатливо, иако до сега немаме ниеден настан, ниедна причина да кажеме дека кој било криво погледнале, а не дека некој бил нападнат или загрозен. Но, бидејќи се пласираат низа дезинформации, се создава едно таква наелектризираност во Охрид, претходно во Куманово, во Скопје… И сето ова е плод на ширење дезинформации. И Тука се согласувам донекаде со Весна, дека државата не може да ги регулира медиумите, апсолутно. Бидејќи, секој , доколку му дадете можност да чепка во тој дел, може да направи злоупотреба. Медиумите треба да се регулираат самите.
Дезинформациите се шират повеќе за време на избори, референдуми и војни, во модерно време најсилното оружје се дезинформациите. Најголемата последица од дезинформациите е намалувањето на довербата во институциите“, вели меѓу другото Анегловски. 
Камера: Дехран Муратов
реализација и монтажа: Ариан Мехмети",Civil,2022-02-25 11:16:55+00:00,2022,8,0,1,35,довербата во институциите,довербата во институциите,mk,https://www.youtube.com/watch?v=551Dj7UEOjY
d7cUkACvsa8,„Актуелно на БидиСвој“ со Сања Ставров - лиценциран психолог и гешталт советник,"🔥💔 Трагедијата во дискотеката „Pulsе“ во Кочани остави длабока рана врз целата земја. Македонија се соочува со колективна траума – но како ја доживуваме, особено младите?

🧠 Како влијае ова на менталното здравје?
😢 Тинејџерите тажат, но знаат ли како да ја изразат својата болка?
🤝 Дали и како можеме да си помогнеме за полесно надминување на траумата?

Во новата епизода на Актуелно, разговараме со лиценцираниот психолог и гешталт советник Сања Ставров за справување со болката, тагата и последиците од трауматските искуства.

🔗 Слушнете повеќе!

#CollectiveTrauma #MentalHealth #Psychology #GriefSupport #Healing #TeenMentalHealth #SupportSystem",BidiSvoj,2025-03-25 18:33:27+00:00,2025,1330,15,0,35,колективна траума,колективна траума,mk,https://www.youtube.com/watch?v=d7cUkACvsa8
BUbetii-xUI,СТОП За Двојазичност во Република Македонија!,"Движењето Ние Сме Македонија е остро против било каква двојазичност на територијата на Република Македонија. Оваа држава има еден службен јазик, утврден со Устав, и тоа е Македонскиот јазик и неговото Кирилично писмо!",We Are Macedonia,2018-06-18 01:30:39+00:00,2018,358,9,0,35,реформа на уставот Македонија,реформа на уставот Македонија,mk,https://www.youtube.com/watch?v=BUbetii-xUI
XhTOqmXZnEM,Македонија во ООН,"Април, 1993. Прием на Република Македонија како 181 рамноправна членка на семејството на народите, прием во членство на Обединетите нации.",Jovan Bicevski,2018-03-10 23:08:40+00:00,2018,249,3,0,35,национален идентитет,национален идентитет,mk,https://www.youtube.com/watch?v=XhTOqmXZnEM
iK7upwLQrFU,"„Битолски Монмартр“ ги злоупотребил децата за политички цели, тврди „Меѓаши“","„Битолски Монмартр“ ги злоупотребил децата за политички цели, тврди „Меѓаши“
Од Првата детска амбасада велат дека членови на „Битолски Монмартр“ се искористени „како инструмент за политички цели, со изговор за развивање добрососедски односи“
 Раководството на „Битолски Монмартр“ ги злоупотреби децата, свои членови, за политички цели, носејќи ги во Бугарија на средби со претседателот Румен Радев и претходно со Симеон Втори, поранешен премиер и син на царот Борис Трети, како „декор за нечиј (политички) маркетинг“.

Ова го тврди Првата детска амбасада во светот „Меѓаши“ во одговор за „Независен“ откако нашиот медиум објави текст под наслов „Како ‘Мал битолски Монмартр’ ја пречекори ликовната граница и премина во политиката“, наведувајќи дека деца, членови на ДЛС „Свети Кирил и Методиј“ Битола, беа однесени во Бугарија на средби со бугарски политичари, по што децата беа фотографирани со политичарите и објавувани во бугарски и наши медиуми, а организаторите за тоа немаа дозвола од родителите.

Од „Меѓаши“ се категорични дека  децата, членови на „Битолски Монмартр“, се искористени „како инструмент за политички цели, со изговор за развивање добрососедски односи“, по што Првата детска амбасада во светот  го повикува Основното јавно обвинителство да постапува поради прекршување на законите.

Анализирајќи го текстот „Како ‘Мал битолски Монмартр’ ја пречекори ликовната граница и премина во политиката“, „Меѓаши“ смета дека е „крајно неумесно или чудно како потег, во сегашниот политички контекст во кој се наоѓа Македонија, особено имајќи ги предвид односите со Бугарија и Грција, да се носат децата на средби со политичарите во тие земји, и особено ако не се знае јасно која е целта на тие средби“.

„Се поставува прашањето зошто децата биле однесени во Бугарија кај Симеон Втори и претседателот Румен Радев? Која е целта на посетата на гробот на цар Борис Трети? Која е целта на сите тие средби и посети? Како им е објаснето на децата кој бил царот Борис Трети? Што дознаа и научија децата од таа посета? И сето ова се случува во период кога во Македонија има тензии токму околу овие прашања. Децата не се декор за нечиј (политички) маркетинг. Тие не се објекти, туку се рамноправни граѓани како и сите други и така треба да бидат третирани. Во спротивно, носењето и учеството на деца како декор на одредени настани или настани со нејасна заднина и агенда е политичка злоупотреба на деца“, стои во одговорот на „Меѓаши“ за „Независен“.

Од таму со аналитички пристап на целата ситуација образложуваат  зошто станува збор за злоупотреба.

„Децата одат во Бугарија без нивните родители да потпишат согласност за програмскиот дел од посетата, за содржините кои на децата ќе им бидат понудени и кои ќе бидат реализирани, ниту за истите се информирани. Тие потпишуваат согласност за патувањето, но ништо повеќе. ‘Битолски Монмартр’ како организатор не ги известил родителите за содржината на посетата, програмата, иако е должен како организација да го направи тоа. Во вакви случаи, кога родителите  не добиле доволно информации, ние секогаш препорачуваме и укажуваме  дека самите родители треба да побараат повеќе информации од страна на организаторот за да бидат упатени во содржините на активностите во кои детето ќе учествува“, велат од Првата детска амбасада.

Понатаму, „Меѓаши“ наведува дека ваквото искуство на децата може да предизвика трауми кај нив.

„Доколку родителите и децата не биле информирани за содржината на програмата која била планирана, тогаш станува збор за спроведување активности во кои децата се предмет на манипулација. И не само тоа, станува збор и за емоционална повреда, бидејќи носењето деца на средби за кои потоа се ставени на тапет, може да биде трауматско искуство за нив поради добивањето одненадеж навреди, говор на омраза, омаловажувања, поттикнување нетрпеливост… Доколку децата учесници, имаат потреба да разговараат за своите чувства, емоции по и за време на настанот, и/или пак едноставно имаат потреба само од разговор, Првата детска амбасада во светот ‘Меѓаши’, преку ‘АлоБушавко’ – телефонот за деца и млади 070 390 632 стои на располагање со 24/7 поддршка за децата“, велат од тимот на „Меѓаши“.

Тимот на Првата детска амбасада за ваквата состојба со децата од „Монмартр“ јавно го повикува ОЈО да постапува наведувајќи каде е прекршено правото на детето.

„За жал, наместо децата да се третираат сериозно, тука се користат како инструмент за политички цели, со изговор за развивање добрососедски односи.

Поради сето ова горе наведено, го повикуваме Основното јавно обвинителство (ОЈО) да преземе соодветни мерки особено поради инволвирање на децата од Македонија во политички кампањи во друга земја и неколкукратно прекршување на правата на децата согласно Конвенцијата за правата на детето и Член 12 став 4 од Законот за заштита на деца: ‘Се забранува злоупотреба на децата поради политичко или верско организирање и дејствување’“, порачуваат од „Меѓаши“.





„.",Megjashi,2023-07-22 06:53:33+00:00,2023,113,0,0,35,политички настани Македонија,политички настани Македонија,mk,https://www.youtube.com/watch?v=iK7upwLQrFU
4467AOsnQ70,Хоџиќ: Институциите да поработат на враќање на довербата на граѓаните,"Џелал Хоџиќ од Агенцијата за односи меѓу заедниците во разговор со ЦИВИЛ за меѓуетничката состојба во земјава, мултикултурата и европските вредности, стратегијата „Едно општество за сите“, и состојбите со дискриминацијата и поларизираноста на општеството.
ЦИВИЛ: Како ќе ја оцените меѓуетничката состојба во Северна Македонија?
Хоџиќ: Во значителен дел е доста поправена во изминатите години, и ние веќе не сме сведоци на главни политички теми, во смисла на тепачки меѓу етнички заедници по автобуси, разни инциденти по плоштади и други јавни површини, помеѓу етнички заедници, тој дел може да се види дека во она што се нарекува политичка сцена доминираат социјалните прашања, или тоа што се нарекува прашања важни и за општеството и за државата. Прво го имавме референдумот околу името, влезот во НАТО, минималната плата, тоа се теми кои сега доминираат во македонското општество, и тоа е еден индикатор дека меѓуетничките односи се значително поправени во изминатите неколку години, но, тоа не значи дека тие не се кревки, или дека нема проблеми. Еден од проблемите е индикаторот дека нема доверба во институциите, и како класичен пример, гледаме дека има големи реакции врзано со етничка основа во делот на објавувањето на резултатите од пописот. Повеќето од реакциите се базирани врз етнички момент. 

ЦИВИЛ: Кои се вашите заложби за промоција на мултикултурата и европските вредности?
Хоџиќ: Република Северна Македонија по својата природа е мултикултурно општество. Има една изрека која гласи „различностите се богатство на едно општество“, и јас многу често кажувам дека тоа не смее да остане само како фраза, туку треба да биде ставено во функција на развојот на едно општество, и дека тоа богатство од различности мора да се негува. Заложбата на институцијата од која доаѓам, се однесува на остварување на правата кои им следуваат на помалкубројните заедници според Уставот и законите, во правичната застапеност на овие заедници во институциите, каде на половина важниот дел е образованието на мајчин јазик, негување на културата, употребата на јазиците, симболите, медиумскиот простор, помалкубројните заедници да го имаат својот глас во општеството и да може нивниот глас да допре до институциите. Важно е да се каже дека во социјалната кохезија Северна Македонија можеби и предничи многу во однос на многу европски држави. Иако, и тука има дел за поправање. Во политичкиот дел, во она што се нарекува политичка сцена, имаме добар дел од политичките партии кои се веќе, она што се нарекува – популистички, или негуваат еден примитивен национализам, и пробуваат да ги нарушат меѓуетничките односи. И, во делот на институции, во дел од нив граѓаните имаат доверба, во дел немаат, а недовербата во институциите може да донесе до момент кој ќе значи потенцијал за нарушување на односите. Остварувањето на правата на помалите заедници во овие области, треба да значи дека институционално се зацврстуваат позициите на помалите заедници, и државата го зацврстува она што се нарекува нејзино богатство.

ЦИВИЛ: Каде ја идентификувате дискриминацијата и поларизацијата во нашата држава?
Хоџиќ: Според мене, Ромите се најдискриминирани во нашата држава, и ќе треба да се направат дополнителни напори да се интегрираат во општеството, затоа што реалноста е таа, и државата многу губи затоа што еден дел од популацијата е така дискриминиран. Во делот на образованието, помалкубројните заедници имаат потреба да го остварат своето право за образование на мајчин јазик, ама тоа образование на мајчин јазик подразбира и квалитетен наставен кадар, квалитетна структура на учебници, квалитетни услови за работа... Гледаме со години дека правичната застапеност се поправа, но иде премногу споро. Со тек на времето се јавуваат одредени девијации, како што е балансерот, каде што знаеме дека постои злоупотреба на позитивната дискриминација, и ќе треба да се најде еден поефикасен начин помалите заедници да си го остварат правото за правична застапеност на сите нивоа на администрацијата. 

ЦИВИЛ:  Како го оценувате досегашното спроведување на Стратегијата „едно општество за сите“, и што според вас недостасува да се направи во наредната тригодишна стратегија?
Хоџиќ: Сметам дека стратегијата „Едно општество за сите“ е значајна и многу важна за нашето општество. Мислам дека внатре има доста квалитетни мерки, кои кога би се реализирале, би допринеле за уште порелаксирани меѓуетнички односи, инклузија на сите заедници во развојот на сите параметри на нашето мултиетничко општество. 

Камера: Дехран Муратов

Монтажа: Ариан Мехмети",Civil,2022-04-07 11:26:52+00:00,2022,14,1,0,35,довербата во институциите,довербата во институциите,mk,https://www.youtube.com/watch?v=4467AOsnQ70
gjqYcYLICFI,"Апасиев: Ветото од Бугарија е директна последица од Преспанскиот договор, а за тоа е виновен Заев!","Обраќање на пратеникот Димитар Апасиев, во врска со Предлог-резолуцијата на ДПМНЕ за „црвените линии“ на македонските државни позиции:

„Ќе почнам во еден гандиевски дух, односно на вистината не ѝ е потребна јавната поддршка од корумпираните пратеници за да биде вистина, така што овие документи кои ние ги носиме се само симболични. Вистината е дека Македонци има, Македонци имало и Македонци ќе има, без оглед дали брливите политичари преговараат за тоа како ќе им се вика јазикот и како ќе им се вика државата. 

Резолуцијата, барем за наш вкус e доста бенигна и пишувана, разбирливо, со дипломатски манири. Она што ми фали во оваа Резолуција е: 

- Јасно отфрлање на објаснувачкиот Меморандум на Бугарската академија и бугарските пратеници;

Осуда на неоврховистичките позиции на бугарската влада;
Конечно отворање за македонското малцинство во Пиринска Македонија; 

- Ставање на дневен ред на Македонската платформа како пандан на Тиранската платформа;

И оваа Резолуција би требало да се достави и до Европската Унија и нашите меѓународни партнери, а не само да се објави во Службен весник.
Меѓутоа, и оваа варијанта е прифатлива за нас и ние ќе ја гласаме, со надеж дека нашата дипломатија во иднина ќе биде поофанзивна, а не само дефанзивна во овие билатерални спорови.""",Левица Политичка Партија,2021-07-29 12:55:03+00:00,2021,14048,363,185,34,политички настани Македонија,политички настани Македонија,mk,https://www.youtube.com/watch?v=gjqYcYLICFI
8T1AnuFT6ls,Македонија-Бугарија-црвен прогрес и црна реакција/Maqedoni-Bullgari-progres të kuq dhe reaksion i zi,"Во оваа емисија со другарите Дејан Лутовски и Евгениј Литовски, зборуваме за односите помеѓу Македонија и Бугарија, низ различните гледишта на историјата. Го разгледуваме и влијанието на исторските личности , како Георги Димитров и Ванчо Михајлов, осврнувќи се на различните идеолошки погледи на овој спор. 
Секако, посебен акцент ставаме и на денешницата, која го прави овој спор доста актуелен преку францускиот предлог.

Në këtë emision me shokët Dejan Lutovski dhe Evgenij Litovski, flasim për marrëdhëniet mes Maqedonisë dhe Bullgarisë, përmes këndvështrimeve të ndryshme të historisë. E shqyrtojmë edhe ndikimin e figurave historike, si Georgi Dimitrov dhe Vanço Mihailov, duke iu referuar pikëpamjeve të ndryshme ideologjike të kësaj mosmarrëveshje.
Natyrisht, një theks të veçantë i kushtojmë edhe të sotshmes, gjë që e bën mjaft aktiv këtë mosmarrëveshje përmes propozimit francez.


Website: https://glasniidei.mk
Facebook: https://fb.com/glasniidei
Instagram: https://instagram.com/glasniidei",Гласни идеи,2022-10-11 16:02:54+00:00,2022,2025,27,33,34,француски предлог Македонија,француски предлог Македонија,mk,https://www.youtube.com/watch?v=8T1AnuFT6ls
c0QP1YT2hss,Бачев на ТВ Нова: Ќе го одбраниме името и Македонија од одродените Македонци,"Претседателот на Единствена Македонија, проф. д-р Јанко Бачев, денес, петок,, 15 јуни 2018 заедно со аналитичарот Александар Станковски гостин во емисијата „Отворено студио„ на ТВ Нова со новинарот Слободан Томиќ.",Единствена Македонија,2018-06-22 05:51:33+00:00,2018,4992,103,15,34,името на Македонија,името на Македонија,mk,https://www.youtube.com/watch?v=c0QP1YT2hss
THNoe_6Kxos,Ципрас прв грчки премиер што ја посетил Р. Македонија,"Follow Kanal5 on...
• FB: https://smarturl.it/fb5
• IG: https://smarturl.it/Ig5
• Web: https://kanal5.com.mk/

© & ℗ Kanal5 & IN Media. All Rights Reserved



Потпишувањето на договорот за името помеѓу Грција и Македонија предизвика нови потреси на политичката сцена во Грција.",Канал 5 Телевизија,2018-06-17 15:41:58+00:00,2018,1793,13,6,34,преспански договор,преспански договор,mk,https://www.youtube.com/watch?v=THNoe_6Kxos
YJrFnTl06cI,Како е животот во Македонија?😃🇲🇰,"Со најискрениот и најнежниот јазик е дефиниран вака 🤷‍♀️😅
Животот е убав во Македонија доколку што имате пари..
Ако сте сиромашни како мене само ќе се мачите..",Aslı Kılıçer,2020-12-25 08:30:50+00:00,2020,886,56,4,34,интеграција во ЕУ Македонија,интеграција во ЕУ Македонија,mk,https://www.youtube.com/watch?v=YJrFnTl06cI
so9a3ojDlIs,Топ Тема на Ваша Страна: Кои се очекувањата од Самитот на НАТО (09.07.2018),"Два клучни настани поврзани со стратешките надворешно политички приоритети на земјава. За два дена Македонија се очекува да добие покана за старт на пристапните разговри за членство во НАТО, претходно условен датум за почеток на преговори со ЕУ. Вечерва во Топ Тема на Ваша страна осврт кон очекувањата од НАТО Самитот и интервју со првиот министер за одбрана др.Трајан Гоцевски. Ја проектираме врменската рамка за процесите што следуваат во ЕУ, а за тоа какви се перпективите на договорт за името интервју со европратеникот од Грција – Стелиос Кулоглу.",ТОП ТЕМА НА ВАША СТРАНА (ТОП ТЕМА#ONYOURSIDE),2018-07-09 19:00:04+00:00,2018,1837,5,2,34,политички настани Македонија,политички настани Македонија,mk,https://www.youtube.com/watch?v=so9a3ojDlIs
siebDicc1-A,Ирена Јовева: За да постои македонскиот јазик не му треба ваша дозвола #macedonia #bulgaria #eu,"За да постои Макеодонскиот народ, не ми треба ваша дозвола, но на вас да го признаете тоа ви треба чесност, интегритет и храброст, изјаци европратеничката од Словенија, Ирена Јовева која е Македонка обраќајки им се на бугарските пратеници во Европскиот Парламент #Македонија #ЕУ #македонскијазик #идентитет",MKInformer,2025-07-09 08:06:32+00:00,2025,895,14,0,34,македонски идентитет,македонски идентитет,mk,https://www.youtube.com/watch?v=siebDicc1-A
n5z4D1qY3V4,Говор на Киро Глигоров во ОН,"НА ДЕНЕШЕН ДЕН Е РОДЕН КИРО ГЛИГОРОВ

Киро Глигоров беше првиот претседател на независна Република Македонија и еден од највлијателните политички лидери во современата македонска историја. Роден во Штип, Глигоров студирал право во Белград и уште во младоста се приклучил на антифашистичкото движење. За време на Втората светска војна се активирал како дел од народноослободителната борба и бил меѓу младите интелектуалци кои ја граделе новата социјалистичка држава.
Клучна улога одиграл на Првото заседание на АСНОМ (Антифашистичко собрание за народно ослободување на Македонија) на 2 август 1944 година, каде бил избран за член на Президиумот. 

АСНОМ претставуваше темел за создавање на македонската државност во рамките на поранешна Југославија. Глигоров соработувал со останатите водачи, како Методија Андонов – Ченто и Лазар Колишевски, во формирањето на институциите на новата македонска држава, признавање на македонскиот јазик и национален идентитет.

По војната, Глигоров извршувал бројни високи функции во СФРЈ, особено во економијата и финансиите, вклучувајќи ја и функцијата министер за финансии. Се пензионирал во 1980-тите, но повторно се активирал на почетокот на 1990-тите кога Македонија се подготвуваше за осамостојување. На првите претседателски избори во 1991 година, тој бил избран за претседател и ја водеше земјата низ предизвиците на транзицијата и меѓународното признавање.

Глигоров остана запаметен како симбол на стабилност, дипломатија и мирен развој во бурен период. Преживеа атентат во 1995 година, но продолжи да ја извршува функцијата до 1999 година. Неговата улога во АСНОМ останува еден од најважните придонеси за македонската државност, а самиот тој беше гласен поборник за идеалите што произлегоа од тоа историско заседание.

Во прилог дел од негово обраќање во Обединетите Нации",Работнички Глас,2025-05-03 12:07:53+00:00,2025,814,18,0,34,национален идентитет,национален идентитет,mk,https://www.youtube.com/watch?v=n5z4D1qY3V4
5yYOfzkKbZY,Регионална конференција „Обновен наратив за забрзана интеграција во ЕУ“,"Вклучувањето во европското семејство на Македонија и земјите од Западен Балкан не смее повеќе да се пролонгира. Ова е заклучокот на панелистите од денешната регионална конференција „Обновен наратив за забрзана интеграција на ЕУ“.

Follow Kanal5 on...
• FB: https://smarturl.it/fb5
• IG: https://smarturl.it/Ig5
• Web: https://kanal5.com.mk/

© & ℗ Kanal5 & IN Media. All Rights Reserved",Канал 5 Телевизија,2021-12-05 14:21:04+00:00,2021,423,1,0,34,интеграција во ЕУ Македонија,интеграција во ЕУ Македонија,mk,https://www.youtube.com/watch?v=5yYOfzkKbZY
P_OY70ulOZI,Аналитичари: Потребен е излез од политичката криза во Македонија,"За излез од моменталната политичка состојба во земјава, според  аналитичарите неизбежни се вонредни парламентарни избори, но сметаат дека тие би требало да се одржат најрано во втората половина од идната година, а не веднаш. 
Follow Kanal5 on...
• FB: https://smarturl.it/fb5
• IG: https://smarturl.it/Ig5
• Web: https://kanal5.com.mk/

© & ℗ Kanal5 & IN Media. All Rights Reserved",Канал 5 Телевизија,2021-11-03 14:07:51+00:00,2021,357,1,0,34,политичка криза Македонија,политичка криза Македонија,mk,https://www.youtube.com/watch?v=P_OY70ulOZI
Gj4L5NpyaxE,Совет на Европа: Македонија е демократска држава каде што се почитуваат политичките слободи,"Македонија и пофалена и предупредена за партизирано судство и корупција. 
Follow Kanal5 on...
• FB: https://smarturl.it/fb5
• IG: https://smarturl.it/Ig5
• ТТ: https://tinyurl.com/59kck7ap
• Web: https://kanal5.com.mk/

© & ℗ Kanal5 & IN Media. All Rights Reserved",Канал 5 Телевизија,2025-05-01 12:20:43+00:00,2025,329,3,0,34,интеграција во ЕУ Македонија,интеграција во ЕУ Македонија,mk,https://www.youtube.com/watch?v=Gj4L5NpyaxE
gAgGhxBKnJI,Одлуката за почетoк на преговори со ЕУ е голема победа,"Follow Kanal5 on...
• FB: https://smarturl.it/fb5
• IG: https://smarturl.it/Ig5
• Web: https://kanal5.com.mk/

© & ℗ Kanal5 & IN Media. All Rights Reserved



Советот на Европската Унија денеска се очекува да ја потврди историската одлука за почеток на преговори со Македонија.",Канал 5 Телевизија,2020-03-26 14:04:32+00:00,2020,299,4,0,34,ЕУ преговори Македонија,ЕУ преговори Македонија,mk,https://www.youtube.com/watch?v=gAgGhxBKnJI
x3C1oAneHR4,Втор состанок на заедничката експертска комисија меѓу Македонија и Бугарија,"Follow Kanal5 on...
• FB: https://smarturl.it/fb5
• IG: https://smarturl.it/Ig5
• Web: https://kanal5.com.mk/

© & ℗ Kanal5 & IN Media. All Rights Reserved



Втора средба на заедничката мултидисциплинарна експертска комисија за историски и образовни прашања, формирана согласно договорот за пријателство, добрососедство и соработка меѓу Македонија и Бугарија се одржува денеска во Скопје.",Канал 5 Телевизија,2018-10-04 13:36:35+00:00,2018,270,3,0,34,политички настани Македонија,политички настани Македонија,mk,https://www.youtube.com/watch?v=x3C1oAneHR4
AxVdpdXnRiM,МАКЕДОНИЈА ВО КОЛЕКТИВНА ТРАУМА - KАКО ДА СЕ ЗАЛЕЧАТ РАНИТЕ ОД ТРАГЕДИЈАТА ВО КОЧАНИ?,"Разговор со Татјана Алексиќ, професорка",Македонија наутро,2025-03-24 10:37:58+00:00,2025,266,2,0,34,колективна траума,колективна траума,mk,https://www.youtube.com/watch?v=AxVdpdXnRiM
yrf3thLngVA,"Инфлација, француски предлог, уставни измени, затворски туризам - Северна Македонија во 2022 година","Економско енергетска криза, инфлација, условувања, штрајкови, протести и минимален напредок во европските интеграции. Изминатите дванаесет месеци беа тешки и за државата и граѓаните кои мораа да се фатат во костец со се поизразената економска криза како последица на пандемијата и војната во Украина.
Originally published at - https://mk.voanews.com/a/6897710.html",Глас на Америка,2022-12-30 14:29:19+00:00,2022,171,0,0,34,француски предлог Македонија,француски предлог Македонија,mk,https://www.youtube.com/watch?v=yrf3thLngVA
Y0wC7TAPpNE,Зоран Иванов на Васко Ефтов - Немало Промена на Името Македонија,"Нов бисер! Зоран Иванов, поддржувач на Северна, во емисијата на Васко Ефтов тврди дека немало промена на името на државата! 

Збунет како Стојанче! Ако е толку добра промената, зошто упорно се обидувате да ја сокриете!? #МакедонијаВечна #НикогашСеверна",We Are Macedonia,2019-03-17 23:01:35+00:00,2019,78,0,0,34,името на Македонија,името на Македонија,mk,https://www.youtube.com/watch?v=Y0wC7TAPpNE
By6lPBZTBxg,"Дерала: Пропагандата успева преку поттикнување сомнеж во институциите, државата, другите заедници","Важно е тоа што секоја недела, а некогаш дури и почесто, од ова студио, мислам дека најмногу се прослави по онаа серија од сто интервјуа во рубриката „Дистрикт“, токму со Зоран Иванов, е нешто каде што ние се обидуваме да дојдеме до фактите, да ги разобличиме пропагандните активности и пораки, да ги разобличиме дезинформациите, кое се навистина со извонредно интензивно темпо присутни во медиумите, во социјалните мрежи, но и во институции како што е парламентот, вели Џабир Дерала на панелот на ЦИВИЛ  на тема „Слонот во собата“, што се одржа на 21 јули 2022 година.

И, се разбира, од говорниците на улица за време на протестите, или во други прилики, во кои се забележува дека Северна Македонија како држава, која започна води и спроведува процеси кои се дел од евроатлантските интеграции, е навистина сериозна мета на хибридите напади, а тоа се хибридни напади кои имаат цели што се слични на одредени политички структури и инсталации во земјата, кои сакаат со тие напади, одејќи по течението на тие хибридни напади, да постигнат свои политички цели. Комбинацијата од сето тоа е во една деликатна, една навистина длабока, многу внимателна на тимот и соработниците на ЦИВИЛ, да ги откријат сите нијанси, да ги откријат мотивите, да ги откријат начините на функционирање, и сето тоа во една динамична медиумска активност, да го претстават пред јавноста. Тоа е едната, онаа медиумска акција која се зафаќа зад димната завеса. Меѓутоа, ние како организација никогаш не сме биле организација која се занимава само со медиумска или тинк-тенковска работа, туку секогаш сме во комуникација со граѓан(к)ите.

Граѓанскиот дел од овој проект се состои во нашата директна комуникација со граѓанките и граѓаните, преку комуникација во општините, со инфо штандови, наши екипи одат и разговараат со граѓанките и граѓаните, поставуваат инфо штандови на кои луѓето доаѓаат да разговараат и прашуваа, некои од нив напаѓаат, критикуваат и тн. Но ние сме тука за директна комуникација со нив, се разбира, граѓан(к)ите ни се обраќаат и по различни други патишта, од телефон, до мејл, до јавни коментари на Фејсбук и Твитер, но и во пораки на Фејсбук страницата.“, вели Дерала.

Во однос на пропагандната машинерија во Македонија, Дерала направи една паралела со правилата на снајперистите. 

Би сакал да направам една малку морбидна паралела со правилото со кое се носи секој снајперист. Снајперистот, никогаш кога има мета, кога сака да постигна голема летална моќ, односно, неговата работа како снајперист кој сака да постигне голем број жртви, а не само еден, ако сака да онеспособи еден сектор од боиштето, тој не ја убива својата жртва.

Тој ја ранува, на тој начин што ја онеспособува да избега од местото, на пример во колено, болката е огромна и вие не можете да се движите. И тогаш, привлекува луѓе кои иако знаат дека од другата страна има снајперист, знаат да одат да се обидат да му помогнат. Тогаш тој и другиот го погодува, и третиот, и тоа е една страотна, морбидна, крволочна тактика, и некои од снајперистите, според интервјуто што го направив 2006 година, во Сараево, знае да стигне до седум-осум жртви да паднат, само заради тоа што бил доволно тактичен.

Истото се случува и со нашата земја, кога вие ќе ја нападнете Македонија по сите основи, пропагандно, со дезинформации, со подривање, со долготрајна пропагандна активност во која вие го поткопувате системот, но не само системот туку и општеството, на тој начин што кај луѓето предизвикувате постојано да се сомневаат во институциите, постојано да се сомневаат во другата заедница, постојано да се сомневаат во државата, постојано да се сомневаат во тоа што им доаѓа како изјава од западот, да речеме, вам ви вели Урсула фон дер Лајен дека македонскиот јазик се почитува, дека таа доаѓа  од Брисел во македонскиот парламент, да говори, вие и тука се сомневате, мора да има нешто… Тоа се постигнува со долготрајна индоктринација, односно нарушување на довербата и на општествените баланси, процеси итн…

Камера: Биљана Јордановска

Монтажа: Ариан Мехмети",Civil,2022-07-22 10:53:58+00:00,2022,27,0,0,34,довербата во институциите,довербата во институциите,mk,https://www.youtube.com/watch?v=By6lPBZTBxg
Ncr04i27KyU,ЈасноИГласно Кога ќе дишеме чист воздух?,"Јасно и Гласно: Владата тврди дека ќе го намали аерозагадувањето, граѓаните песимисти
14/02/2019 - 15:36 ВЕСТИ, ГРАЃАНИ
Колку владиниот План за борба со аерозагадувањето ќе има ефект и дали во догледен период македонските граѓани ќе дишат почист воздух? Ова беа прашањата во фокусот на веб-дискусијата „Јасно и Гласно“ на РадиоМОФ на која претставници на граѓански организации дискутираа со Заменик-министерот за животна средина и просторно планирање, Јани Макрадули.

Кристијан Караџовски од иницијативата „Канцерогено општество“, кои претходната сабота го одржаа третиот протест против загадувањето, вели дека тоа што ги принудило да излезат на улиците е животот во „најзагадениот град на Планетата Земја“.

„Град Скопје дава 400 илјади евра за да го кити најзагадениот град во светот, додека во исто време Владата планира два милиони евра за борба со аерозагадувањето. Секоја сабота ќе протестираме со цел да изградиме колективна меморија на населението, бидејќи го забораваат проблемот преку лето. Сите ние спаѓаме во категоријата „климатски мигранти“, останува да се гледаме пред Собранието додека не се иселиме“, рече Караџовски во дискусијата.



Ели Пешева од О2 Иницијативата изјави дека парите недоволниот буџет за борба со аерозагадувањето останува клучен проблем.

„Според Државниот завод за статистика во Македонија над 344 илјади домаќинства користат огревно дрво. Со Планот за чист воздух, за 2019, предвидувате замена на начинот на греење во 1.100 домаќинства, во три градови. Со ова темпо ние ниту за 70 години нема да стигнеме овие домаќинства да ги префрлиме на друг начин на греење. Мора да се обезбедат повеќе пари и парите од даноците да се наменат за она што се собрани, односно за животна средина“, рече Пешева.

Драги Змијанац од Детската амбасада „Меѓаши“ пак напомна дека надлежните треба да обрнат поголемо внимание на аерозагадувањето од тешката индустрија и малите загадувачи кои не користат филтри, додавајќи дека

„Граѓаните кои живеат во радиус на неколку километри околу зоната во која се наоѓаат Дрисла, Усје, Железара, Годел и Охис, се во канцерогена зона на егзистенција. Мислам дека сме нехумано општество што на овие граѓани не им ја кажуваме вистината, дали ќе ги дислоцираме граѓаните од таму, или ќе ги дислоцираме загадувачите, или ќе ги ставиме под контрола. Граѓаните ја имаат изгубено довербата и не знаеме дали има ненајавени инспекции. Ако вака продолжи ќе почнеме да се организираме како дежурни граѓански еко-патроли и да ги детектираме загадувачите и да се преземат мерки да се санкционираат“, рече Змијанац.

Домашното затоплување е најголемиот извор на загадување со ПМ честички и искуствата од сите држави покажуваат дека го решавале проблемот преку помош во замена на начинот на кој се загреваат домаќинствата, посочи Заменик-министерот за животна средина и просторно планирање, Јани Макрадули.

„Ова е патот, не постои друг начин. Во овој момент Полска, Бугарија го прават истото. Буџетот не е доволен, но е добар почеток. Преговараме со неколку финансиски институции ние да ја финансираме замената на изворите на загадување кај најсиромашните и има многу компании кои се јавуваат да помогнат во процесот како нивна општествена одговорност. Не постои друг пат. Каква ќе биде брзината на процесот зависи од тоа колку пари ќе алоцираме во претстојниот период“, рече Макрадули.

Даниел Евросимоски",Megjashi,2019-02-16 11:52:24+00:00,2019,23,0,0,34,колективна меморија,колективна меморија,mk,https://www.youtube.com/watch?v=Ncr04i27KyU
24IZ7rk8YaM,ЈасноИГласно Кога ќе дишеме чист воздух,"Јасно и Гласно: Владата тврди дека ќе го намали аерозагадувањето, граѓаните песимисти
14/02/2019 - 15:36 ВЕСТИ, ГРАЃАНИ
Колку владиниот План за борба со аерозагадувањето ќе има ефект и дали во догледен период македонските граѓани ќе дишат почист воздух? Ова беа прашањата во фокусот на веб-дискусијата „Јасно и Гласно“ на РадиоМОФ на која претставници на граѓански организации дискутираа со Заменик-министерот за животна средина и просторно планирање, Јани Макрадули.

Кристијан Караџовски од иницијативата „Канцерогено општество“, кои претходната сабота го одржаа третиот протест против загадувањето, вели дека тоа што ги принудило да излезат на улиците е животот во „најзагадениот град на Планетата Земја“.

„Град Скопје дава 400 илјади евра за да го кити најзагадениот град во светот, додека во исто време Владата планира два милиони евра за борба со аерозагадувањето. Секоја сабота ќе протестираме со цел да изградиме колективна меморија на населението, бидејќи го забораваат проблемот преку лето. Сите ние спаѓаме во категоријата „климатски мигранти“, останува да се гледаме пред Собранието додека не се иселиме“, рече Караџовски во дискусијата.



Ели Пешева од О2 Иницијативата изјави дека парите недоволниот буџет за борба со аерозагадувањето останува клучен проблем.

„Според Државниот завод за статистика во Македонија над 344 илјади домаќинства користат огревно дрво. Со Планот за чист воздух, за 2019, предвидувате замена на начинот на греење во 1.100 домаќинства, во три градови. Со ова темпо ние ниту за 70 години нема да стигнеме овие домаќинства да ги префрлиме на друг начин на греење. Мора да се обезбедат повеќе пари и парите од даноците да се наменат за она што се собрани, односно за животна средина“, рече Пешева.

Драги Змијанац од Детската амбасада „Меѓаши“ пак напомна дека надлежните треба да обрнат поголемо внимание на аерозагадувањето од тешката индустрија и малите загадувачи кои не користат филтри, додавајќи дека

„Граѓаните кои живеат во радиус на неколку километри околу зоната во која се наоѓаат Дрисла, Усје, Железара, Годел и Охис, се во канцерогена зона на егзистенција. Мислам дека сме нехумано општество што на овие граѓани не им ја кажуваме вистината, дали ќе ги дислоцираме граѓаните од таму, или ќе ги дислоцираме загадувачите, или ќе ги ставиме под контрола. Граѓаните ја имаат изгубено довербата и не знаеме дали има ненајавени инспекции. Ако вака продолжи ќе почнеме да се организираме како дежурни граѓански еко-патроли и да ги детектираме загадувачите и да се преземат мерки да се санкционираат“, рече Змијанац.

Домашното затоплување е најголемиот извор на загадување со ПМ честички и искуствата од сите држави покажуваат дека го решавале проблемот преку помош во замена на начинот на кој се загреваат домаќинствата, посочи Заменик-министерот за животна средина и просторно планирање, Јани Макрадули.

„Ова е патот, не постои друг начин. Во овој момент Полска, Бугарија го прават истото. Буџетот не е доволен, но е добар почеток. Преговараме со неколку финансиски институции ние да ја финансираме замената на изворите на загадување кај најсиромашните и има многу компании кои се јавуваат да помогнат во процесот како нивна општествена одговорност. Не постои друг пат. Каква ќе биде брзината на процесот зависи од тоа колку пари ќе алоцираме во претстојниот период“, рече Макрадули.

Даниел Евросимоски",Движење за чист воздух,2019-02-16 12:01:56+00:00,2019,9,0,0,34,колективна меморија,колективна меморија,mk,https://www.youtube.com/watch?v=24IZ7rk8YaM
uePNDKzbwts,💥Проф. Андонов за „хибридните напади“ на власта и наративите во пресрет на локалните избори (1 дел),"🎙️ Во првиот дел од разговорот со проф. д-р Оливер Андонов од Воената академија во Скопје и еден од основачите на Фракцијата за демократизација и ревитализација на ВМРО-ДПМНЕ, се фокусираме на домашниот политички контекст и на анализите што предизвикуваат внимание во јавноста.
Андонов детално ги анализира актуелните настани и наративите на власта на Мицкоски, ја објаснува својата теза дека Северна Македонија веќе функционира како прокси држава на Балканот, а ја отвора и дискусијата за надворешните влијанија врз институциите и политичките процеси. 
Понатаму, говориме за главните политички наративи што доминираат во пресрет на локалните избори – дали се однесуваат на локални прашања или пак се злоупотребуваат за ширење национални, националистички и геополитички агенди.
Разговорот допира и до прашањето како ваквите наративи влијаат врз меѓуетничките односи, како и довербата во институциите.
Разговорот го водеше: Џабир Дерала
Камери и монтажа: Ариан Мехмети

Прочитајте го научниот есеј од прф. Андонов:
РУСКИ ХИБРИДНИ ЗАКАНИ: Моделирање и пристапи (1)
👉 https://civilmedia.mk/ruski-hibridni-zakani-modelirane-i-pristapi-1/ 
РУСКИ ХИБРИДНИ ЗАКАНИ (2): Од мета на напади до прокси држава
👉 https://civilmedia.mk/ruski-hibridni-zakani-2-od-meta-na-napadi-do-proksi-drzhava/",Civil,2025-09-18 14:45:17+00:00,2025,5408,65,40,33,довербата во институциите,довербата во институциите,mk,https://www.youtube.com/watch?v=uePNDKzbwts
OqSTFXNL4bk,Македонија беше ѕвезда на Самитот на НАТО,"Follow Kanal5 on...
• FB: https://smarturl.it/fb5
• IG: https://smarturl.it/Ig5
• Web: https://kanal5.com.mk/

© & ℗ Kanal5 & IN Media. All Rights Reserved



Македонија и официјално доби покана за членство во НАТО.",Канал 5 Телевизија,2018-07-12 16:50:42+00:00,2018,1289,6,6,33,НАТО ЕУ Македонија протест,НАТО ЕУ Македонија протест,mk,https://www.youtube.com/watch?v=OqSTFXNL4bk
oegzCMibWWU,"ПРЕСВРТ | Давитковски: Само со професионалци, а не партиски војници се ресетира системот","🎙️🗺️ Содржина посветена на надворешната и домашната политика, економија, глобална безбедност како и регионалните меѓудржавни односи, пристигнува во нашата емисија „Пресврт“. Дејан Србиновски, кој е водител на овој нов продукт на „Слободен печат“, ќе ве запознава со динамичните промени во светот и Балканот, како и со влијанието на овие процеси врз нашето секојдневие.

...

📺 Гостин во третата емисија на „Пресврт“ е Универзитетскиот професор во пензија Борче Давитковски.  

🗣️ Тој во разговорот во студиото на „Слободен печат“ говореше за тоа дали ужасната трагедија во Кочани ќе биде последната шанса за фабричко ресетирање на системот и свеста во Македонија. Зошто пратениците во Собранието во една ваква деликатна состојба на државата не се во пратеничките клупи за граѓаните, но и дали може системот кој е сочинет од институции кои ги водат партиите да се реформираат а граѓаните да ја вратат довербата во правото и правдата. Ова се едни од прашањата за кои дискутираше професорот Давитковски.

👁️ Гледајте ја премиерно новата епизода од емисијата „Пресврт“, утре на јутјуб-каналот на „Слободен печат“ ▶️",Слободен Печат ТВ / Sloboden Pecat TV,2025-03-27 17:00:06+00:00,2025,374,11,1,33,довербата во системот,довербата во системот,mk,https://www.youtube.com/watch?v=oegzCMibWWU
rsJ3Il6t-Y0,Руте: Шансите да се постигне решение за тргање на бугарското вето за Македонија се 50-60 отсто,"Холандскиот премиер Марк Руте пред почетокот на Европскиот самит во Брисел изрази загриженост поради бугарската блокада за Македонија, а со тоа и на Албанија. 
Follow Kanal5 on...
• FB: https://smarturl.it/fb5
• IG: https://smarturl.it/Ig5
• Web: https://kanal5.com.mk/

© & ℗ Kanal5 & IN Media. All Rights Reserved",Канал 5 Телевизија,2022-06-23 18:45:07+00:00,2022,1641,4,0,33,бугарско вето Македонија,бугарско вето Македонија,mk,https://www.youtube.com/watch?v=rsJ3Il6t-Y0
YcEAsBSF2lQ,"Прес конференција, Јанко Бачев, 18.04.2018","Единствена Македонија денес, среда, 18 април 2018 на прес конференција побара предвремени парламентарни избори во контекст на Извештајот на Европската комисија и „Извештајот„ на Русија, а кои би се одржале заедно со предвремените претседателски избори по претстојната одлука за аболиција и оставката на Иванов.

На прес конференцијата претседателот на Единствена Македонија д-р Јанко Бачев рече:

Почитувани,

Вчера видовме една голема манипулативна лага од Зоран Заев кој се обиде на Извештајот на Европската комисија да му даде историско значење иако се работи за вообичаена препорака која претставува неизвесен факт и обично ветување за преговори за членство во ЕУ кое не може со сигурност да се тврди дека и ќе се реализира во наредните петнаесетина години.

Истовремено, Зоран Заев свесно премолча дека прифаќањето на препораката на Европската комисија од страна на Европскиот Совет претпоставува една претходна постапка на целосно обезличување на Македонците со менување на името и идентитетот на македонскиот народ.

Од друга страна, условно кажано имаме своевиден извештај од Русија која нуди алтернатива за Македонија и останатите држави од Балканот.

Значи, на политичкиот терен во Република Македонија сега имаме кристално чиста ситуација.

Од една страна е партијата „Погреб за Македонија„ која ја сочинуваат СДСМ и ВМРО-ДПМНЕ и кои велат дека Македонија нема алтернатива за НАТО и ЕУ и нивните либерални вредности како што се хомосексуализам, истополови бракови, посвојување на деца од истополови бракови, дрогирана младина, редефинирање на државното уредување, промена на македонското име и идентитет.

Од друга страна е Единствена Македонија која вели дека Македонија има алтернатива што подразбира стратешки сојуз со Русија и членство во Евроазиската економска унија кое се темели на традиционализмот, национален и религиски идентитет на нациите, почитување на семејните вредности, почитување на територијалниот интегритет, суверенитет и унитарноста на Република Македонија, почитување на исконското македонско име и идентитетот на македонскиот народ.

За вака крупно национално и државно прашање за иднината на Македонија и Македонците нема мандат да одлучува ниту еден орган на државната власт. За ваква одлука мандат има единствено македонскиот народ и сите граѓани на Република Македонија.

Затоа, Единствена Македонија бара предвремени парламентарни избори на кои народот ќе каже кој пат ќе го фати Република Македонија.

Во однос на тајмингот, најрационално е предвремени парламентарни избори да има заедно со претседателските избори.

Едната варијанта е со редовни претседателски избори во март догодина да се одржат и предвремените парламентарни избори.

Меѓутоа, многу е веројатно претседателските избори да бидат предвремени бидејќи претседателот Иванов веќе бил при крај со размислувањето да даде помилување за Никола Груевски и неговата група и веднаш да поднесе оставка за да го избегне притисокот од странците како во случајот со аболицијата од пред две години и при давањето на мандатот на Заев кога странски емисари упаѓаа во резиденцијата на Водно и го премислуваа Иванов.

Како и да е, ајде да се соочиме со народот на избори за историската иднина на Република Македонија - членство во НАТО и Европската Унија или стратешки сојуз со Русија и членство во Евроазиската економска унија.",Единствена Македонија,2018-04-18 11:58:44+00:00,2018,1485,43,0,33,национален идентитет,национален идентитет,mk,https://www.youtube.com/watch?v=YcEAsBSF2lQ
hzc35E0PJqM,Имаме право на европска иднина и почитување на македонскиот идентитет,"Мицкоски и коалицијата со став за Македонија и разговорите со Бугарија: Имаме право на европска иднина и почитување на македонскиот идентитет


https://www.facebook.com/vmromakedonija",ВМРО - ДПМНЕ,2020-11-16 17:58:29+00:00,2020,1184,38,0,33,македонски идентитет,македонски идентитет,mk,https://www.youtube.com/watch?v=hzc35E0PJqM
AQohSrAc0zU,Димитриевски: Нема да дозволиме да се создаде политичка криза,"Претседателот на движењето ЗНАМ „За наша Македонија, Максим Димтириевски во вчерашното издание на Само Итнервју порача дека нема да дозволат да се создаде политичка криза .
Follow Kanal5 on...
• FB: https://smarturl.it/fb5
• IG: https://smarturl.it/Ig5
• Web: https://kanal5.com.mk/

© & ℗ Kanal5 & IN Media. All Rights Reserved",Канал 5 Телевизија,2024-05-30 18:28:37+00:00,2024,1144,9,0,33,политичка криза; политичка криза Македонија,политичка криза Македонија,mk,https://www.youtube.com/watch?v=AQohSrAc0zU
9t3_CdjrcvE,Ковачевски: Македонија веќе не смее да биде заложник на внатрешните политички битки во Бугарија,"Премиерот Димитар Ковачевски не потврдува рок за кревање на бугарското вето и почеток на преговори со ЕУ. 

Follow Kanal5 on...
• FB: https://smarturl.it/fb5
• IG: https://smarturl.it/Ig5
• Web: https://kanal5.com.mk/

© & ℗ Kanal5 & IN Media. All Rights Reserved",Канал 5 Телевизија,2022-04-26 13:09:14+00:00,2022,896,2,0,33,бугарско вето Македонија,бугарско вето Македонија,mk,https://www.youtube.com/watch?v=9t3_CdjrcvE
kZD8OUGe-vc,Софија ќе одобри почеток на преговорите ако добие правни гаранции,"Бевме исклучително добронамерни и најмногу од сите соседи сакавме Македонија да влезе во ЕУ, но Скопје не покажа доволен ангажман, порача бугарскиот премиер Борисов, ден по бугарското вето на преговарачката рамка за земјава. 
Follow Kanal5 on...
• FB: https://smarturl.it/fb5
• IG: https://smarturl.it/Ig5
• Web: https://kanal5.com.mk/

© & ℗ Kanal5 & IN Media. All Rights Reserved",Канал 5 Телевизија,2020-11-18 14:10:08+00:00,2020,856,7,0,33,бугарско вето Македонија,бугарско вето Македонија,mk,https://www.youtube.com/watch?v=kZD8OUGe-vc
IQukOuSHUDY,ВМРО-ДПМНЕ нема да поддржи уставни измени без гаранции од ЕУ дека ќе нема ново вето од Бугарија,"Опозициската ВМРО-ДПМНЕ нема да поддржи отворање на Уставот се додека Европската Унија не даде гаранции дека Македонија нема да добие ново вето од Бугарија – вели партискиот лидер Мицкоски... 
Follow Kanal5 on...
• FB: https://smarturl.it/fb5
• IG: https://smarturl.it/Ig5
• Web: https://kanal5.com.mk/

© & ℗ Kanal5 & IN Media. All Rights Reserved",Канал 5 Телевизија,2022-10-22 13:01:45+00:00,2022,738,4,0,33,уставни измени Македонија,уставни измени Македонија,mk,https://www.youtube.com/watch?v=IQukOuSHUDY
FN_MjAdElrw,Грција вечерва на нозе -  Се “брани грчкиот карактер на Македонија”,"Follow Kanal5 on...
• FB: https://smarturl.it/fb5
• IG: https://smarturl.it/Ig5
• Web: https://kanal5.com.mk/

© & ℗ Kanal5 & IN Media. All Rights Reserved



Илјадници Грци во 24 градови во одбрана на името Македонија. Грчките знамиња веќе се поставени, драматичниот видео спот втор ден повикува на масовност.",Канал 5 Телевизија,2018-06-06 16:20:45+00:00,2018,343,0,0,33,Преспански договор; преспански договор,преспански договор,mk,https://www.youtube.com/watch?v=FN_MjAdElrw
GzdS_hJVbNg,Две години од потпишувањето на Преспанскиот договор,"Follow Kanal5 on...
• FB: https://smarturl.it/fb5
• IG: https://smarturl.it/Ig5
• Web: https://kanal5.com.mk/

© & ℗ Kanal5 & IN Media. All Rights Reserved



Две години по потпишувањето на договорот од Преспа.. Дали и колку се исполнија очекувањата и каде е Македонија две години подоцна.. 

Official facebook: https://www.facebook.com/Kanal5Televizija/
Web: http://kanal5.mk/
Copyright: OnAir Media Group",Канал 5 Телевизија,2020-06-17 15:22:16+00:00,2020,242,1,0,33,Преспански договор; преспански договор,преспански договор,mk,https://www.youtube.com/watch?v=GzdS_hJVbNg
OmWDEDYgGLg,Дали новите законски измени ќе овозмножат вистинска борба со корупцијата?,"Битката со корупцијата, главен предуслов за напредувањето на Македонија кон ЕУ. По бегството на Груевски и бројните амнестии имиџот на македонија е нарушен. Дали новите законски измени ќе овозмножат вистинска борба со корупцијата или се ќе биде само на хартија? Утре се бира новиот состав на антикорупциската комисија. Граѓаните скептични, институциите ја губат довербата, како функционира системот?

Гости во 24 Отворено: пратеникот Мухамед Зекири и претседател на комисијата за избори и именувања, Герман Филков од центарот за граѓански комуникции, новинарката Сашка Цветковска и Миша Поповиќ од институтот за демократија.",Otvoreno // Отворено,2019-02-06 04:10:25+00:00,2019,59,1,0,33,довербата во системот,довербата во системот,mk,https://www.youtube.com/watch?v=OmWDEDYgGLg
Vv-GoVLUIh8,Нова реторика од Москва за стара политика кон Македонија?,"Дали промената на реториката на Русија кон Македонија и честите бизнис-форуми, културни и образовни настани се искрена понуда за пријателство од Москва помирена со фактот дека не го спречи Скопје да отиде на Запад или е обнова на тактиката за „мека моќ“ за враќање на своето влијание во Македонија?
Објавено на https://www.slobodnaevropa.mk/a/%d0%bd%d0%be%d0%b2%d0%b0-%d1%80%d0%b5%d1%82%d0%be%d1%80%d0%b8%d0%ba%d0%b0-%d0%be%d0%b4-%d0%bc%d0%be%d1%81%d0%ba%d0%b2%d0%b0-%d0%b7%d0%b0-%d1%81%d1%82%d0%b0%d1%80%d0%b0-%d0%bf%d0%be%d0%bb%d0%b8%d1%82%d0%b8%d0%ba%d0%b0-%d0%ba%d0%be%d0%bd-%d0%bc%d0%b0%d0%ba%d0%b5%d0%b4%d0%be%d0%bd%d0%b8%d1%98%d0%b0-/30290504.html",Radio Slobodna Evropa na Makedonski,2019-11-25 10:06:50+00:00,2019,46,0,0,33,политички настани Македонија,политички настани Македонија,mk,https://www.youtube.com/watch?v=Vv-GoVLUIh8
GWQNX8UtQ9s,Дерала: Сопнувањето на патот кон ЕУ му дава простор на хибридниот напад врз демократските институции,"„Секое сопнување на пат кон Европска Унија во нашата земја се создава огромен потенцијал за уназадување на демократските процеси, и секое отстапување, макар и најмало, му дава простор на хибридниот напад на демократските институции во нашата земја, кој не произлегува само од ултранационалистичките, екстемистичките, радикалните, но и потврдено со судски предмети и криминалните структури, туку и однадвор се разбира пред сè од авторитарните режими, предводени од човекот што седи во Кремељ“, истакна Џабир Дерала од ЦИВИЛ на вчерашната дискусија на тема „Дваесет години по потпишувањето на Рамковниот договор: Република Северна Македонија и патот кон Европската унија”, во организација на Центарот за европски истражувања и анализи ЕУРОПРОСПЕРА, по повод 9-ти Мај – Денот на Европа.

Тој нагласи дека Европа треба да го слушне нашиот глас дека ова не е само молба, туку треба да земат пример од нашата лоша ситуација дека тоа може да биде загрозување и на нивните фундаменти.

„Европска унија мора да разбере дека ваквите негативни трендови што се појавуваат во нејзините рамки, без оглед на тоа што ние не сме членка на ЕУ, директно ги загрозува и нејзините фундаменти, затоа што довербата на граѓанките и граѓаните во институциите на системот, и кај нас и во Европа, е исклучително кревка категорија, кревка работа и едвај чекаат структурите и центрите на моќта кои ќе ја видат поколебана Европа да направат следен чекор во таа долга игра на „шах“, во која од една страна се европските вредности, мултикултурализмот, човековите права и слободи, еднаквоста, правдата... и од другара страна авторитарните, мрачните режими... Заради тоа е потребно Европа да го сфати ова не само како сигнал и молба, туку да го сфати како предупредување за ризиците со кои ќе се соочува заради нејзината процедуралност која му дозволува на еден таков спор да стане високо европски проблем што е крајно бесмислено“, потенцира Дерала.

Д. Муратов
монтажа: Ариан Мехмети

www.civilmedia.mk",Civil,2021-05-10 14:25:06+00:00,2021,41,4,0,33,довербата во системот,довербата во системот,mk,https://www.youtube.com/watch?v=GWQNX8UtQ9s
p_N2qgMoB0A,Маровиќ: Не е паметно повлекувањето пари да се условува со измени на Уставот,"Нашите обврски според таа реформска агенда се лесни, не сме се заложиле за некои комплицирани работи во тој дел, и тоа е добро во смисла дека ако сакаме да ги повлечеме тие средства тогаш не треба да поставуваме комплицирани услови. Пред неколку дена излезе дека сме ги поставиле измените на Уставот како еден од условите до крајот на годината, но тоа е крајно проблематично, бидејќи измените на Уставот треба да ги оставиме за самиот крај на преговарачкиот процес. Мислам дека не е паметно повлекувањето пари да се условува со измени на Уставот.

Прочитај ја целата сторија „Планот за раст од ЕУ и стап и морков за Западен Балкан“

https://samoprasaj.mk/istrazuvame-1/planot-za-rast-od-eu-i-stap-i-morkov-za-zapaden-balkan/

Новинари: Соња Крамарска (Македонија), Александра Мудреша Крачковиќ (Vijesti Црна Гора), Гјон Ракипи (Tirana Times Албанија)
Снимател: Слаѓан Фатиќ

Оваа содржина ја изработи Институтот за комуникациски студии.

Институт за комуникациски студии
https://iks.edu.mk",Само прашај / Samo prasaj,2024-07-17 15:32:25+00:00,2024,7,0,0,33,реформа на уставот Македонија,реформа на уставот Македонија,mk,https://www.youtube.com/watch?v=p_N2qgMoB0A
UcTbsw4CYR4,"Милошевиќ, АДП-ЗИД, Црна Гора: Ние сме постојано во политичка криза, а тоа влијае на патот до ЕУ","„Ние сме постојано во политичка криза, а тоа значително влијае на патот до ЕУ, неколку пати ги менуваме групите кои треба да ги отворат пристапните поглавја, но мора да ги решиме политичките проблеми, па и правосудниот систем ако сакаме да одиме напред, па веројатно ќе ја чекаме пролетта 2023 за да ги средиме политичките проблеми за да можеме да ги забрзаме чекорите“, вели Игор Милошевиќ, АДП-ЗИД, Црна Гора за реалните состојби во неговата земја, на пршањето како се справуваат со енергетската криза.

камера и монтажа: Ариан Мехмети",Civil,2022-11-22 15:20:43+00:00,2022,5,1,0,33,политичка криза,политичка криза,mk,https://www.youtube.com/watch?v=UcTbsw4CYR4
lt6AUJUFPps,"Трендафилов: Македонските Бугари немаат доверба во системот, затоа не се жалат пред институциите","Отворените прашања меѓу РС Македонија и Бугарија се на дневен ред. Можеби ќе има напор да се одложат или разговорите кои ги таргетираат тие прашања да не бидат во прв план и да ги полнат новинските наслови, но прашањата нема да исчезнат и тие прашања ќе мора да се решат"", изјави Ѓорѓи Трендафилов, претседавач на Националниот комитет на Граѓанско демократската унија во емисијата Hyde Park на порталот Трибуна.
,, Можеби претседателот Стево Пендаровски ќе се обиде да се дистанцира од оптимизмот кој го покажува Владата во Скопје по посетата на премиерот Петков, ако процени дека тоа ќе му донесе евентуална политичка штета"", вели Трендафилов.
,,Логично е секој на кој што му се повредени правата да чувствува недоверба кон институцијата за заштита од дискриминација. Прашањето за човековите права се растегнува со децении во земјата, посебно тоа е интересно кога доаѓа мисија на ОБСЕ, кога имаме некаков флагрантен пример кој ќе заврши на насловните страни на печатот, но мислам дека ниту еден случај не завршил позитивно. Кога перцепцијата е таква илузорно е некој да очекува дека човек кога чуствува дискриминација од било какви побуди, кога нема доверба во системот, бидејќи Уставот е таков каков што е, не секој чувствува дека е заштитен во рамките на уставните права кои му се дадени. Има една цела лепеза од дискриминации за кои судовите не реагираат и затоа нема претставки"", подвлече Трендафилов.",Tribuna mk,2022-01-23 23:00:30+00:00,2022,2196,38,18,32,довербата во системот,довербата во системот,mk,https://www.youtube.com/watch?v=lt6AUJUFPps
eXUCHuQBrF8,Караманлис прифатил Република Македонија –Скопје и двојна формула за името,"Follow Kanal5 on...
• FB: https://smarturl.it/fb5
• IG: https://smarturl.it/Ig5
• Web: https://kanal5.com.mk/

© & ℗ Kanal5 & IN Media. All Rights Reserved



Дали Македонија можела да избегне промена на уставното име, а притоа да го реши спорот со Грција?",Канал 5 Телевизија,2019-07-02 12:55:03+00:00,2019,2017,6,2,32,името на Македонија,името на Македонија,mk,https://www.youtube.com/watch?v=eXUCHuQBrF8
J0pkoymUoFI,"Апасиев и Kрмов заедно со носителот на Левица, Тони Стаменковски на средба со граѓани во Делчево","Претседателот на Левица, Димитар Апасиев, пратеникот Борислав Крмов и носителот на советничката листа во Делчево, Тони Стаменковски, во рамки на активностите за локалните избори денеска одржаа неформална средба со граѓаните, каде ја истакнаа улогата на партијата во борбата против непотизмот и лошите политики на локално и национално ниво.

-Убеден сум дека сега Делчево на овие локални избори ќе пренесе една јасна порака – доста е од лоши политики, фамилијарни вработувања и непотизам. Очекуваме добар резултат и за првпат ќе имаме советничка група. Ние не купуваме гласови, туку доверба од граѓаните. Овие избори ќе бидат историски за Левица и очекуваме многу добри резултати“, изјави Крмов на средбата.

Тој нагласи дека Левица е единствената партија која отворено се спротивставува на системот кој, како што рече, „осиромашува народот за сметка на мало малцинство приврзано на власта“. Крмов додаде дека и покрај забраната за рекламирање на партијата, членовите на Левица секојдневно се на терен и го чувствуваат пулсот на граѓаните. 

-Дури и режимот кој ја забрани рекламата на Левица чувствува дека партијата е негов најголем непријател. Преку овие локални избори ќе покажеме каде дува политичкиот ветар – кон Левица, која ќе се позиционира како втора политичка сила способна да се спротивстави на системот“, нагласи Крмов.
На средбата се разговараше и за подобрување на состојбата на маргинализираните групи, зголемување на нивните права како пациенти, како и за други клучни прашања од интерес на локалната заедница.

Носителот на листата и актуелен советник од Левица, Тони Стаменковски потврди дека на овие избори очекува Левица да освои три советнички мандати. 

-Оние кои мислат со своја глава ни приоѓаат заради искрената политика и заради целокупната состојба во Македонија. Мислам дека народот полека се свестува и ќе даде доверба на Левица“, рече тој, додавајќи дека партијата е фокусирана на конкретни мерки за локалниот развој и подобрување на условите за граѓаните.",delcevo 365 mk,2025-10-06 15:48:56+00:00,2025,1890,3,1,32,довербата во системот,довербата во системот,mk,https://www.youtube.com/watch?v=J0pkoymUoFI
6mz4F_MBeMA,Нешков: Бугарија отсекогаш ја поддржувала Македонија,"Follow Kanal5 on...
• FB: https://smarturl.it/fb5
• IG: https://smarturl.it/Ig5
• Web: https://kanal5.com.mk/

© & ℗ Kanal5 & IN Media. All Rights Reserved



Бугарија секогаш ја поддржувала Македонија, и не очекуваме тоа да се промени во идниот период – оценува бугарскиот новинар и аналитичар Љупчо Нешков.",Канал 5 Телевизија,2020-04-27 13:03:18+00:00,2020,4909,39,0,32,бугарско вето Македонија,бугарско вето Македонија,mk,https://www.youtube.com/watch?v=6mz4F_MBeMA
5ls6JGJgKC4,Во Европарламентот наместо за реформи и енегетика се зборуваше за фудбал,"Наместо добрососедски односи, реформи и регионална соработка во услови на криза дебатата во Мешовитиот парламентарен комитет – Македонија и ЕУ во Стразбур денеска со историски провокации од бугарските европратеници. 
Follow Kanal5 on...
• FB: https://smarturl.it/fb5
• IG: https://smarturl.it/Ig5
• Web: https://kanal5.com.mk/

© & ℗ Kanal5 & IN Media. All Rights Reserved",Канал 5 Телевизија,2022-10-06 13:16:06+00:00,2022,1568,1,0,32,реформа на уставот Македонија,реформа на уставот Македонија,mk,https://www.youtube.com/watch?v=5ls6JGJgKC4
RPyQQjg7ScE,Мицотакис смета дека во Преспанскиот договор има „неизлечиви“ грешки,"Преспанскиот договор содржи неизлечиви грешки, но ние имаме  причина да се стремиме кон најдобри можни односи со Македонија, вели грчкиот премиер Кирјакос Мицотакис. 

Follow Kanal5 on...
• FB: https://smarturl.it/fb5
• IG: https://smarturl.it/Ig5
• Web: https://kanal5.com.mk/

© & ℗ Kanal5 & IN Media. All Rights Reserved",Канал 5 Телевизија,2022-01-14 13:58:59+00:00,2022,1310,2,0,32,Преспански договор; преспански договор,преспански договор,mk,https://www.youtube.com/watch?v=RPyQQjg7ScE
rvDt_w2QIE0,ФАЦ: Бугарските барања кон Македонија не му припаѓаат на 21. век,"Follow Kanal5 on...
• FB: https://smarturl.it/fb5
• IG: https://smarturl.it/Ig5
• Web: https://kanal5.com.mk/

© & ℗ Kanal5 & IN Media. All Rights Reserved



Бугарија осамена во барања кон Македонија за да дозволи почеток на преговори. 
Official facebook: https://www.facebook.com/Kanal5Televizija/
Web: http://kanal5.mk/
Copyright: OnAir Media Group",Канал 5 Телевизија,2020-11-02 14:22:15+00:00,2020,1109,7,0,32,бугарско вето Македонија,бугарско вето Македонија,mk,https://www.youtube.com/watch?v=rvDt_w2QIE0
EeP7VuKto3w,Прва средба на Радев со преставници на бугарски здруженија од Македонија,"По десет минутно чекање во претседателската палата во Софија, претставници на неколку бугарски здруженија во Македонија се сретнаа со бугарскиот претседател Румен Радев. 
Follow Kanal5 on...
• FB: https://smarturl.it/fb5
• IG: https://smarturl.it/Ig5
• Web: https://kanal5.com.mk/

© & ℗ Kanal5 & IN Media. All Rights Reserved",Канал 5 Телевизија,2021-10-27 12:36:49+00:00,2021,903,19,0,32,бугарско вето Македонија,бугарско вето Македонија,mk,https://www.youtube.com/watch?v=EeP7VuKto3w
J33W0uyvxuo,Сервер за Канал 5: Бугарските барања за Македонија се навредливи,"Соединетите држави сакаат да ја видат Македонија во Европската Унија и активно работат на тој план – вели за Канал 5 професорот од реномираниот Универзитет „Џон Хопкинс“ и познавач на состојбите на Балканот, Даниел Сервер...

Follow Kanal5 on...
• FB: https://smarturl.it/fb5
• IG: https://smarturl.it/Ig5
• Web: https://kanal5.com.mk/

© & ℗ Kanal5 & IN Media. All Rights Reserved",Канал 5 Телевизија,2022-06-04 13:16:41+00:00,2022,759,6,0,32,бугарско вето Македонија,бугарско вето Македонија,mk,https://www.youtube.com/watch?v=J33W0uyvxuo
VpPwCgfss_A,Џозеф: Спорот кој Бугарија го има со Македонија е против вредностите на ЕУ,"Бугарското вето за Македонија е штетно за целиот Западен Балкан, не само за Македонија – вели за Канал 5 професорот од „Џонс Хопкинс“ универзитетот, Едвард П. Џозеф.
Follow Kanal5 on...
• FB: https://smarturl.it/fb5
• IG: https://smarturl.it/Ig5
• Web: https://kanal5.com.mk/

© & ℗ Kanal5 & IN Media. All Rights Reserved",Канал 5 Телевизија,2022-05-21 15:54:50+00:00,2022,605,3,0,32,бугарско вето Македонија,бугарско вето Македонија,mk,https://www.youtube.com/watch?v=VpPwCgfss_A
ApXqwI9Np7E,Муртезани сметa дека само  брзи уставни измени водат до преговори со ЕУ,"Знаеме дека без уставни измени нема деблокада на евроинтеграциите на Македонија, дека треба брзо да се спроведат ни посочуваат сите амбасадори во земјава, изјави министерот за европски прашања Орхан Муртезани.
Follow Kanal5 on...
• FB: https://smarturl.it/fb5
• IG: https://smarturl.it/Ig5
• Web: https://kanal5.com.mk/

© & ℗ Kanal5 & IN Media. All Rights Reserved",Канал 5 Телевизија,2024-07-30 13:01:41+00:00,2024,379,0,0,32,уставни измени Македонија,уставни измени Македонија,mk,https://www.youtube.com/watch?v=ApXqwI9Np7E
DsnzasYaeCQ,Инсерти од заедничката седница и работните групи на владите Северна Македонија и Бугарија во Софија,"http://vlada.mk/
___

Влада на Република Северна Македонија на социјалните мрежи:

Facebook: www.facebook.com/VladaMK
Twitter: www.twitter.com/VladaMK
Instagram: www.instagram.com/mkvlada
Flickr: www.flickr.com/vladamk",Влада на‎ Република Северна Македонија,2022-01-25 10:43:41+00:00,2022,240,0,0,32,довербата во системот,довербата во системот,mk,https://www.youtube.com/watch?v=DsnzasYaeCQ
iDU0E4HPP6g,Брок: Членството во ЕЕЗ е со конечна цел интеграција со ЕУ,"Поранешниот европарламентарец Елмар Брок во ексклузивно интервју за Канал 5 вели дека идејата за влез на Македонија во Европската економска зона има конечна цел влез во ЕУ.

Follow Kanal5 on...
• FB: https://smarturl.it/fb5
• IG: https://smarturl.it/Ig5
• Web: https://kanal5.com.mk/

© & ℗ Kanal5 & IN Media. All Rights Reserved",Канал 5 Телевизија,2021-01-20 14:00:04+00:00,2021,116,0,0,32,интеграција во ЕУ Македонија,интеграција во ЕУ Македонија,mk,https://www.youtube.com/watch?v=iDU0E4HPP6g
CaNV6PpaPIw,Говор на омраза - Тетово,"Регионално ниво 
Тетово 2019 година

Најмногу говор на омраза поради:
Етничка припадност – на локално ниво меѓу етничките заедници
Политичка припадност – за претседателските избори 2019 година и критики упатени кон локалната власт. 

ГОВОР НА ОМРАЗА ВО РЕПУБЛИКА СЕВЕРНА МАКЕДОНИЈА
Национален контекст:
2018 година: 134 пријавени случаи
2019 година: 538 случаи се однесуваат на етничка припадност (30%), сексуална ориентација и родов идентитет (30%), политичка припадност (16%) и пол и род (16%).",Macedonian Helsinki Committee,2020-06-04 08:50:50+00:00,2020,17,0,0,32,национален идентитет,национален идентитет,mk,https://www.youtube.com/watch?v=CaNV6PpaPIw
GgrJSLQasjc,Говор на омраза - Штип,"Регионално ниво - ШТИП 2019 година

Најмногу говор на омраза поради:
Етничка припадност – кон ромското население во општината и на спортските натпревари.
Сексуална ориентација – За „Парадата на гордоста“ и случајот „Рекет“
Политичка основа – за претседателските избори 2019 година и критики упатени кон локалната власт. 

ГОВОР НА ОМРАЗА ВО РЕПУБЛИКА СЕВЕРНА МАКЕДОНИЈА
Национален контекст:
2018 година: 134 пријавени случаи
2019 година: 538 случаи се однесуваат на етничка припадност (30%), сексуална ориентација и родов идентитет (30%), политичка припадност (16%) и пол и род (16%).",Macedonian Helsinki Committee,2020-06-04 08:34:55+00:00,2020,16,0,0,32,национален идентитет,национален идентитет,mk,https://www.youtube.com/watch?v=GgrJSLQasjc
9B_gB7xdj9E,Говор на омраза - Битола,"Регионално ниво 
Битола 2019 година

Најмногу говор на омраза поради:
Сексуална ориентација - по повод „Парадата на гордоста“
Политичка припадност – за претседателските избори и за тековни случувања на локално ниво и
Етничка припадност – кон Ромите и на спортските натпревари.

ГОВОР НА ОМРАЗА ВО РЕПУБЛИКА СЕВЕРНА МАКЕДОНИЈА
Национален контекст:
2018 година: 134 пријавени случаи
2019 година: 538 случаи се однесуваат на етничка припадност (30%), сексуална ориентација и родов идентитет (30%), политичка припадност (16%) и пол и род (16%).",Macedonian Helsinki Committee,2020-06-04 09:15:53+00:00,2020,14,0,0,32,национален идентитет,национален идентитет,mk,https://www.youtube.com/watch?v=9B_gB7xdj9E
DwHAzlYzvG0,Силна порака на Бачев: Нема промена на име и влез во НАТО и ЕУ,"Вечерва, четврток, 5 јули 2018, на народниот собир за одбрана на името пред Собранието на Република Македонија, свое обраќање имаше претседателот на Единствена Македонија проф. д-р Јанко Бачев.",Единствена Македонија,2018-07-07 15:01:35+00:00,2018,3111,107,15,31,НАТО ЕУ Македонија протест,НАТО ЕУ Македонија протест,mk,https://www.youtube.com/watch?v=DwHAzlYzvG0
49IGUWXwLnw,"Ковачевски: Уставните измени се неопходни, целта е Македонија да стане членка на ЕУ до 2030","Дали договорот со Фронтекс го затвора прашањето за македонскиот јазик. Ќе има ли мнозинство за уставните измени. Премиерот Ковачевски гостин во вестите на Канал 5. 
Follow Kanal5 on...
• FB: https://smarturl.it/fb5
• IG: https://smarturl.it/Ig5
• Web: https://kanal5.com.mk/

© & ℗ Kanal5 & IN Media. All Rights Reserved",Канал 5 Телевизија,2022-10-27 16:42:49+00:00,2022,1803,5,0,31,уставни измени Македонија,уставни измени Македонија,mk,https://www.youtube.com/watch?v=49IGUWXwLnw
pbucp_9hk_A,"Министрите на ЕУ ги усвоија заклучоците, нема датум за Скопје и Тирана","Нема добри вести од Брисел.. По целодневен состанок, Советот за општи работи на Европската Унија ги усвои заклучоците за проширувањето,  но датум за преговори за Македонија нема.. 
Follow Kanal5 on...
• FB: https://smarturl.it/fb5
• IG: https://smarturl.it/Ig5
• Web: https://kanal5.com.mk/

© & ℗ Kanal5 & IN Media. All Rights Reserved",Канал 5 Телевизија,2021-12-14 19:46:54+00:00,2021,1718,5,0,31,ЕУ преговори Македонија,ЕУ преговори Македонија,mk,https://www.youtube.com/watch?v=pbucp_9hk_A
Vqqr0uYC1wc,Муцунски: ИК на ВМРО-ДПМНЕ со позиција - Уставни измени под диктат и во околности кои се...,"Муцунски: ИК на ВМРО-ДПМНЕ со позиција - Уставни измени под диктат и во околности кои се поразителни за Македонија не смее да има

Изјава за медиуми на Тимчо Муцунски, потпретседател на ВМРО-ДПМНЕ, 07.06.2023
https://www.facebook.com/vmromakedonija",ВМРО - ДПМНЕ,2023-06-07 08:57:10+00:00,2023,1197,28,0,31,уставни измени Македонија,уставни измени Македонија,mk,https://www.youtube.com/watch?v=Vqqr0uYC1wc
krqexaRayJU,Воведни обраќања на меѓувладина седница помеѓу Северна Македонија и Бугарија,"http://vlada.mk/
___

Влада на Република Северна Македонија на социјалните мрежи:

Facebook: www.facebook.com/VladaMK
Twitter: www.twitter.com/VladaMK
Instagram: www.instagram.com/mkvlada
Flickr: www.flickr.com/vladamk",Влада на‎ Република Северна Македонија,2022-01-25 07:10:41+00:00,2022,998,6,0,31,довербата во системот,довербата во системот,mk,https://www.youtube.com/watch?v=krqexaRayJU
idbUaRVNhBA,Само теоретски шанси за почеток на преговори со ЕУ до крајот на 2020,"Се поизвесно дека Македонија нема да ги почне преговорите со Европската Унија до крајот на годинава. 

Follow Kanal5 on...
• FB: https://smarturl.it/fb5
• IG: https://smarturl.it/Ig5
• Web: https://kanal5.com.mk/

© & ℗ Kanal5 & IN Media. All Rights Reserved",Канал 5 Телевизија,2020-12-07 17:16:58+00:00,2020,753,5,0,31,ЕУ преговори Македонија,ЕУ преговори Македонија,mk,https://www.youtube.com/watch?v=idbUaRVNhBA
H-7XEi8CHeE,Дали евентуално ново вето од Бугарија ќе влијае на динамиката на политичките процеси дома?,"И доколку бугарското вето за Македонија во јуни остане, политичка дестабилизација и предвремени избори нема да има, вели премиерот Димитар Ковачевски. 
Follow Kanal5 on...
• FB: https://smarturl.it/fb5
• IG: https://smarturl.it/Ig5
• Web: https://kanal5.com.mk/

© & ℗ Kanal5 & IN Media. All Rights Reserved",Канал 5 Телевизија,2022-05-27 12:53:16+00:00,2022,540,1,0,31,бугарско вето Македонија,бугарско вето Македонија,mk,https://www.youtube.com/watch?v=H-7XEi8CHeE
cgoCnmeJnVw,Ковачевски-Макрон: Франција сака да ја види Македонија успешна и интегрирана во ЕУ,"На маргините на безбедносниот форум Глобсек во Братислава премиерот Ковачевски попладнево имаше средба со францускиот претседател Макрон, на која добил силна поддршка за европската интеграција на земјава.
Follow Kanal5 on...
• FB: https://smarturl.it/fb5
• IG: https://smarturl.it/Ig5
• Web: https://kanal5.com.mk/

© & ℗ Kanal5 & IN Media. All Rights Reserved",Канал 5 Телевизија,2023-05-31 16:19:16+00:00,2023,438,0,0,31,интеграција во ЕУ Македонија,интеграција во ЕУ Македонија,mk,https://www.youtube.com/watch?v=cgoCnmeJnVw
lyJVdfUv5QY,Александар Спасов: Да станеме привлечни за луѓето наместо да ги обвинуваме политичките радикали,"Александар Спасов, вонреден професор по правна теорија и филозофија на правото, Северна Македонија на панелот „Подемот на крајно десничарскиот национализам“ на Конференцијата „Одбрана на демократијата и човековите права“, 12 декември 2024 година, Скопје.
Ќе се осврнам на ова прашање со проблемот со владеењето на правото воопшто и со правдата во Северна Македонија, но и во регионот на Западен Балкан. Но, пред тоа, бидејќи општата тема е подемот на крајно десничарскиот национализам, обично зборуваме за крајно десничарски национализам, и се разбира, во ред е да се означи како крајно десничарски национализам.
Но, би рекол дека тоа е пораст на политичкиот екстремизам воопшто, без разлика дали е крајно десничарски или крајно левичарски. Се разбира, крајната левица не е толку присутна во Европа, бидејќи Европа има трагична историја на крајно десничарски национализам, но она што можеме да го видиме е дека ова не е нов феномен и мислам дека во последната деценија сум бил на многу Конференции како оваа, постојано зборувавме дека крајно десничарскиот национализам е опасност, претставува опасност за нашите општества, дека треба да најдеме начин како да се соочиме со него, но екстремно десничарскиот национализам постојано растеше.
И мислам дека на многу настани, на некои говорници им беше поважно да ги најдат вистинските зборови за да зборуваат правилно или политички коректно,  и навистина да не зборуваат отворено за проблемот на крајнодесничарскиот национализам и зошто екстремно десничарскиот национализам постои и зошто е во пораст.
Така што,како прво, мислам дека сега треба да се соочиме со ситуација кога треба да признаеме дека крајно десничарските партии и екстремно десничарските политички сили се меѓу нас и тие се тука да останат и ќе мора да ја прифатиме таа реалност, да научиме како да живееме со тоа, и не дозволувајте да надвладеат и да станат влади, затоа што ако надвладеат и станат влади како во Русија или Белорусија или во Унгарија, тогаш имаме реален проблем, затоа што тогаш одиме во позиција и ќе треба да се бориме со нив од сосема поинаква позиција во споредба на позицијата кога на власт се умерените, десниот центар -левиот центар.
Еден, би рекол, среќен елемент во оваа несреќна ситуација е што Балканот има долга историја на национализам. Значи, национализмот е дел од политичкиот мејнстрим многу долго време, така што сега имаме и мејнстрим политички партии кои сè уште го контролираат народот, да не одиме премногу десно. Имаме партии од десницата кои практично го покриваат поголемиот простор од десниот центар до речиси крајната десница, но сега, барем во Северна Македонија, гледаме тенденции дека иако нашите десничарски партии, оние партии кои тврдат дека се десниот центар беа доволно во право многу децении, сега гледаме дека се појавуваат уште повеќе десни од десничарските партии.
Една партија практично се обидува да покрие сè, од крајно лево до крајно десно, освен центарот, станува се попопулистичка. Нивното појавување во јавноста е многу радикално и кога сите пристојни, умерени луѓе велат, мислам, ако размислуваме рационално, таквите реторики и такви постапки треба да ја намалат нивната популарност.
И не треба да бидеме изненадени поради борбата против организираниот криминал и корупцијата и има, секако, некои постапки кои се сосема во ред, но дали оваа заложба навистина ќе биде искрена посветеност, ќе видиме кога борбата против корупцијата нема да биде ограничена само на поранешните, туку всушност ќе биде проширена и на оние кои моментално вршат политичка моќ – затоа што е многу лесно да се бориме против корупцијата со поранешните кои веќе не се на власт.
Проблемот доаѓа кога треба да се борите против корупцијата во сопствените редови.
Значи, да завршам со ова, мислам дека ако почнеме искрено да зборуваме за проблемите, за слабостите на мејнстримот, многу е подобар пристап отколку само да зборуваме за проблемот на крајната десница и да си објаснуваме.
Луѓето се оние кои се, без разлика дали ги сакаме или не ги сакаме, со нивната рационална и ирационална природа, со нивните стравови, со нивните проблеми, со нивната омраза, со нивниот национализам, со нивните култури, идентитети, тие се тука, а ние како мејнстрим ќе треба да научиме како да се бидеме привлечни за нив наместо да ја префрламе вината на политичките радикали.

Камера: Атанас Петровски/ Игор Чадиновски
Монтажа: Ариан Мехмети
Цивил Медиа:https://civilmedia.mk/aleksandar-spasov-nie-kako-mejnstrim-mora-da-nauchime-kako-da-gi-privlecheme-lugeto-namesto-da-ja-prefrlame-vinata-na-politichkite-radikali/
За повеќе информации за Конференцијата, посетете ја специјалната страница https://defendingdemocracy.civilmedia.mk
КОНФЕРЕНЦИЈА, ЦЕЛОСНО ВИДЕО, емитувано во живо на 12 декември, 2024:
https://youtube.com/live/1f2Eo1ZXEQ0
#DefendingDemocracy ПРЕС КОНФЕРЕНЦИЈА
https://youtu.be/19GAn7azNvY",Civil,2025-01-14 10:19:53+00:00,2025,41,1,0,31,политички настани Македонија,политички настани Македонија,mk,https://www.youtube.com/watch?v=lyJVdfUv5QY
hdI2UStSqH8,Јасно и Гласно: Владата тврди дека ќе го намали,"Јасно и Гласно: Владата тврди дека ќе го намали аерозагадувањето, граѓаните песимисти
14/02/2019 - 15:36 ВЕСТИ, ГРАЃАНИ
Колку владиниот План за борба со аерозагадувањето ќе има ефект и дали во догледен период македонските граѓани ќе дишат почист воздух? Ова беа прашањата во фокусот на веб-дискусијата „Јасно и Гласно“ на РадиоМОФ на која претставници на граѓански организации дискутираа со Заменик-министерот за животна средина и просторно планирање, Јани Макрадули.

Кристијан Караџовски од иницијативата „Канцерогено општество“, кои претходната сабота го одржаа третиот протест против загадувањето, вели дека тоа што ги принудило да излезат на улиците е животот во „најзагадениот град на Планетата Земја“.

„Град Скопје дава 400 илјади евра за да го кити најзагадениот град во светот, додека во исто време Владата планира два милиони евра за борба со аерозагадувањето. Секоја сабота ќе протестираме со цел да изградиме колективна меморија на населението, бидејќи го забораваат проблемот преку лето. Сите ние спаѓаме во категоријата „климатски мигранти“, останува да се гледаме пред Собранието додека не се иселиме“, рече Караџовски во дискусијата.



Ели Пешева од О2 Иницијативата изјави дека парите недоволниот буџет за борба со аерозагадувањето останува клучен проблем.

„Според Државниот завод за статистика во Македонија над 344 илјади домаќинства користат огревно дрво. Со Планот за чист воздух, за 2019, предвидувате замена на начинот на греење во 1.100 домаќинства, во три градови. Со ова темпо ние ниту за 70 години нема да стигнеме овие домаќинства да ги префрлиме на друг начин на греење. Мора да се обезбедат повеќе пари и парите од даноците да се наменат за она што се собрани, односно за животна средина“, рече Пешева.

Драги Змијанац од Детската амбасада „Меѓаши“ пак напомна дека надлежните треба да обрнат поголемо внимание на аерозагадувањето од тешката индустрија и малите загадувачи кои не користат филтри, додавајќи дека

„Граѓаните кои живеат во радиус на неколку километри околу зоната во која се наоѓаат Дрисла, Усје, Железара, Годел и Охис, се во канцерогена зона на егзистенција. Мислам дека сме нехумано општество што на овие граѓани не им ја кажуваме вистината, дали ќе ги дислоцираме граѓаните од таму, или ќе ги дислоцираме загадувачите, или ќе ги ставиме под контрола. Граѓаните ја имаат изгубено довербата и не знаеме дали има ненајавени инспекции. Ако вака продолжи ќе почнеме да се организираме како дежурни граѓански еко-патроли и да ги детектираме загадувачите и да се преземат мерки да се санкционираат“, рече Змијанац.

Домашното затоплување е најголемиот извор на загадување со ПМ честички и искуствата од сите држави покажуваат дека го решавале проблемот преку помош во замена на начинот на кој се загреваат домаќинствата, посочи Заменик-министерот за животна средина и просторно планирање, Јани Макрадули.

„Ова е патот, не постои друг начин. Во овој момент Полска, Бугарија го прават истото. Буџетот не е доволен, но е добар почеток. Преговараме со неколку финансиски институции ние да ја финансираме замената на изворите на загадување кај најсиромашните и има многу компании кои се јавуваат да помогнат во процесот како нивна општествена одговорност. Не постои друг пат. Каква ќе биде брзината на процесот зависи од тоа колку пари ќе алоцираме во претстојниот период“, рече Макрадули.

Даниел Евросимоски",Dragi Zmijanac,2019-02-16 18:57:32+00:00,2019,1,0,0,31,колективна меморија,колективна меморија,mk,https://www.youtube.com/watch?v=hdI2UStSqH8
AC5oh3lIczA,24 анализа - Ќе каже ли да Македонија на модифицираниот предлог?,"Ќе каже ли да Македонија на модифицираниот предлог?

Гости се аналитичарот Сафет Бишевац, новинарот Зоран Иванов и Драган Тилев државен советник за европски прашања",Televizija 24,2022-07-01 19:59:56+00:00,2022,6891,23,27,30,француски предлог Македонија,француски предлог Македонија,mk,https://www.youtube.com/watch?v=AC5oh3lIczA
g_kPCvjDn9U,"84 организации од земјата и дијаспората против уставни измени, распуштање на Собранието и избори","Денес, недела, 4-ти ноември 2018, осумдесет и четири организации - политички партии, невладини организации, граѓански иницијативи од земјата и дијаспората потпишаа Повелба за стратешка соработка со која се предвидува формирање на Кризен штаб против промена на Уставот на Република Македонија, распуштање на Собранието и распишување на предвремени парламентарни избори. 

Кризниот штаб ќе организира сенародни протести пред Собранието на Република Македонија, пред домовите на одметнатите и уценети пратениции, блокада на патишта и гранични премини и други форми на отпор под чиј притисок Владата и Зоран Заев ќе бидат принудени да си заминат. Антимакедонските политики го допреа врвот, или ќе дозволиме марионетската власт во Скопје да избрише се што е македонско или ќе победиме за да останеме свои на своето, трето нема. До таму е дојдено. или тие или ние. 

Целта на сенародниот отпор е со еден услов, а тоа е избори без Зоран Заев како премиер - беше истакнато меѓудругото на потпишувањето на Повелбата за стратешка соработка.

Кризен штаб против промена на Уставот, распуштање на Собранието и распишување на избори ќе настапува под слоганот „Македонија-Блокира„.",Единствена Македонија,2018-11-04 22:54:41+00:00,2018,767,40,11,30,уставни измени Македонија,уставни измени Македонија,mk,https://www.youtube.com/watch?v=g_kPCvjDn9U
ae8hz1dR1Ko,Македонија и Грција во Псарадес потпишаа договор за иднината,"Follow Kanal5 on...
• FB: https://smarturl.it/fb5
• IG: https://smarturl.it/Ig5
• Web: https://kanal5.com.mk/

© & ℗ Kanal5 & IN Media. All Rights Reserved



Македонската делегација, предводена од премиерот Заев, во 10 часот и пет минути со глисер вплови на малото пристаниште, кое водеше на големиот чин на потпишување на договорот со Грција.",Канал 5 Телевизија,2018-06-17 14:52:10+00:00,2018,2307,12,3,30,Преспански договор; преспански договор,преспански договор,mk,https://www.youtube.com/watch?v=ae8hz1dR1Ko
kt9GJxQDhlA,Хан верува во ЕУ интеграција на Западен Балкан,"Follow Kanal5 on...
• FB: https://smarturl.it/fb5
• IG: https://smarturl.it/Ig5
• Web: https://kanal5.com.mk/

© & ℗ Kanal5 & IN Media. All Rights Reserved



Еврокомесарот Хан кој е оптимист дека Европската комисија кон крајот на мај ќе препорача отворање на преговорите со Македонија, денеска повика Унијата да го интегрира и Западен Балкан.",Канал 5 Телевизија,2019-05-01 13:16:31+00:00,2019,105,1,1,30,интеграција во ЕУ Македонија,интеграција во ЕУ Македонија,mk,https://www.youtube.com/watch?v=kt9GJxQDhlA
jOjh07l-K64,"Меѓувладина седница Македонија – Албанија: Заедно влеговме во НАТО, заедно ќе чекориме и кон ЕУ","Премиерот Димитар Ковачевски, со највисоки државни и воени почести го пречека премиерот на Албанија, Еди Рама и членовите на албанската влада во Скопје каде се одржа втората меѓувладина седница помеѓу двете држави.
Follow Kanal5 on...
• FB: https://smarturl.it/fb5
• IG: https://smarturl.it/Ig5
• Web: https://kanal5.com.mk/

© & ℗ Kanal5 & IN Media. All Rights Reserved",Канал 5 Телевизија,2022-11-14 14:31:04+00:00,2022,1016,0,0,30,НАТО ЕУ Македонија протест,НАТО ЕУ Македонија протест,mk,https://www.youtube.com/watch?v=jOjh07l-K64
84-lYdFjPiA,"„Вајмарска тројка“: Без уставни измени, постои ризик од раздвојување на Македонија и Албанија","​Усвојувањето на уставните измени автоматски ќе значи почеток на процесот на пристапување кон Европската Унија. 
Follow Kanal5 on...
• FB: https://smarturl.it/fb5
• IG: https://smarturl.it/Ig5
• Web: https://kanal5.com.mk/

© & ℗ Kanal5 & IN Media. All Rights Reserved",Канал 5 Телевизија,2023-07-22 13:03:19+00:00,2023,795,1,0,30,уставни измени Македонија,уставни измени Македонија,mk,https://www.youtube.com/watch?v=84-lYdFjPiA
pw_5b54gq80,Внимание за стресот и нервозата: Колку ти е краток фитиљот?,"Во најновата анкета на „Внимание“, граѓаните ги прашавме за причините за стресот и нервозата, а и за нивните препораки како да се надминат.
На прашањето „Дали македонските граѓани се нервози или мирни луѓе?“, граѓаните велат: „Па, мислам дека се нервозни луѓе, имаат многу стресови во животот“, „Во принцип мирни, но условите за живот ги прават се понервозни“, „Мислам дека повеќето се нервозни, таков е народот“, „Македонските граѓани, би рекла дека се пасив-агресив“.
На прашањето „Што е тоа што ги прави Македонците нервозни?“, ги добивме следните одговори: „Секојдневното живеење, општественото уредување, системот – од образование, до здравство – нефункционалноста на државата“, „Стресот на работа, самата економска ситуација“, „Околината, начинот на живот, работата – дефинитивно“, „Финансиски проблеми, семејни проблеми, општи проблеми во животот“.
На прашањето „Каде Македонците го наоѓаат својот мир?“, една испитаничка поентира: „Најверојатно на продужен викенд во Грција“.
На прашањето „Како се дефинирате себеси - човек со краток фитиљ или мек како душа?“, скопјани велат: „Па, нешто помеѓу, на моменти краток фитиљ...“, „Па, во принцип сум мирен, ама до одредена граница. Има некоја црвена линија, ако се премине, знам да бидам и импулсивен“.
Во најновата анкета на „Внимание“ граѓаните даваат и препораки како да се справиме со сопствениот стрес: „Според мене, не треба да ги гледаме сите работи толку сериозно веднаш, поголемата слика да се види“, „Со вежбање, со опкружување на позитивни луѓе, со ширење позитива“, „Повеќе да си близок со твоите...“, „Да се самоосвестиме...“, „Секој треба да си најде еден филтер издувен во животот...“, „Посета на стручни лица, како психолози, за разговор. Пример, после се што се случи во Македонија, со Кочани, според мене, тоа е најдобро решение – да имаш со кого да разговараш“.",Трн.мк,2025-04-17 07:59:57+00:00,2025,660,6,0,30,стрес во општеството,стрес во општеството,mk,https://www.youtube.com/watch?v=pw_5b54gq80
SkBt4zfoxiw,Викиликс: Името Република Северна Македонија било прифатливо и во 2008,"Follow Kanal5 on...
• FB: https://smarturl.it/fb5
• IG: https://smarturl.it/Ig5
• Web: https://kanal5.com.mk/

© & ℗ Kanal5 & IN Media. All Rights Reserved



Опсегот на употребата на името е единствената разлика меѓу тоа што го договори Заев сега, во однос на тоа што бил подготвен да го прифати Груевски во 2008 година.",Канал 5 Телевизија,2018-09-04 13:12:42+00:00,2018,479,1,0,30,името на Македонија,името на Македонија,mk,https://www.youtube.com/watch?v=SkBt4zfoxiw
P0XCVSh5Gys,"Kiril i Metodij poet Алонсо де Ерсија и Зуњига говори за Македонци, Албанци, Грци, Бугари и другите","Сесловенските просветители родум од Солун, Светите браќа Кирил и Методиј во светската историографија се прифатени како творци и поттикнувачи на развојот на словенската писменост и книжевност, преку ширењето на христијанството и богослужбата на словенски јазик во 9. век. Во таа смисла, историски, творците на словенската азбука денес им припаѓаат на сите народи и нации од словенското јазично семејство (Македонци, Срби, Бугари, Украинци, Руси, Белоруси, Црногорци), кои ја користеле првата словенска азбука – глаголицата, создадена од првите сесловенски просветители, и / или кирилицата, создадена од нивните ученици и реформирана од нивните наследници; им припаѓаат и на народите кои денес официјално го пишуваат својот национален јазик со латиница, но ги зачувале клучните словенски јазични белези и словенскиот идентитет (Хрвати, Словенци, Бошњаци, Словаци, Чеси, Полјаци, а Република Словачка ги има впишано Светите Кирил и Методиј и во Преамбулата на својот државен Устав); натаму, мнозина и во Грција сметаат дека Светите браќа ѝ припаѓаат на тамошната државна историја – поради тоа што двајцата, како и нивното семејство, првично биле поданици на Ромејското Царство, т.е. Византија, а некои Грци ја сметаат Грција за своевиден наследник на тоа Царство од средниот век; најпосле, словенските учители ѝ припаѓаат и на историјата на несловенските народи кои користеле кирилица во минатото (Романците, Молдавците, Азербејџаните), или пак, сѐ уште ја користат (Монголците, Осетите, Таџикистанците, Казаците, Киргизите. Во шпанскиот еп „Араукана” од 16. век, на пр., поетот Алонсо де Ерсија и Зуњига говори за Македонци, Албанци, Грци, Бугари и другите „нации“ (naciones) кои учествувале во Битката кај Лепанто (средна Грција), во 1571 г., како сојузници на Венеција и Шпанија, против Отоманските Турци. Македонскиот полк во рамки на Руската армија од 18. век, исто така, се поврзува со „македонската нација“, а тоа биле војници, хусари – доселеници од Македонија. И „Аналите од Бари“ (извор датиран околу 1046 година), говорат за „нации“ (nationum), а тоа биле: Македонци, Руси, Бугари, Туранци, Вандали и др., кои претходно, во 1027 г., со ромејската војска учествувале во поход кон Сицилија. Има и многу други примери",ZLATNA,2025-05-24 14:18:10+00:00,2025,106,0,0,30,национален идентитет,национален идентитет,mk,https://www.youtube.com/watch?v=P0XCVSh5Gys
IgLcSBDujoM,"Историска позадина на противењето на Грција кон името Македонија, Македонската Нација и Јазик -Број2","Историска позадина на противењето на Грција кон името Македонија, Македонската Нација и Јазик - Број 2",makedonium,2022-01-10 07:22:05+00:00,2022,84,0,0,30,името на Македонија,името на Македонија,mk,https://www.youtube.com/watch?v=IgLcSBDujoM
tusQ48ZZiJs,"Историска позадина на противењето на Грција кон името Македонија, Македонската Нација и Јазик -Број3","Историска позадина на противењето на Грција кон името Македонија, Македонската Нација и Јазик - Број 3",makedonium,2022-01-10 07:37:49+00:00,2022,67,0,0,30,името на Македонија,името на Македонија,mk,https://www.youtube.com/watch?v=tusQ48ZZiJs
-1LFr0cveVk,МИМИ ЃОРГОСКА-ИЛИЕВСКА: Колективната меморија во европскиот историски мозаик,"„МАКЕДОНСКИОТ ИДЕНТИТЕТ ВО ЕВРОПСКИОТ ИСТОРИСКИ МОЗАИК“

„Колективната меморија во европскиот историски мозаик – Филмот во одбрана на македонскиот идентитет“

Излагање на Мими Ѓоргоска-Илиевска на X меѓународна тркалезна маса на Македонскиот културен форум од Пула, што се одржа на 20 и 21 октомври 2023 година во Градската библиотека и читалница Пула, под наслов „Македонскиот идентитет во европскиот историски мозаик“.

Модератор: Алдо Климан

„MAKEDONSKI IDENTITET U EUROPSKOM POVIJESNOM MOZAIKU“

„Kolektivna memorija u europskom povijesnom mozaiku – Film u obrani makedonskog identiteta“

Izlaganje Mimi Đorgoske-Ilievske na X. međunarodnom okruglom stolu Makedonskog kulturnog foruma iz Pule, koji je održanom 20. i 21. listopada 2023. godine u Gradskoj knjižnici i čitaonici Pula, pod naslovom „Makedonski identitet u europskom povijesnom mozaiku“.

Moderator: Aldo Kliman",Aldo Kliman,2024-08-20 19:46:45+00:00,2024,33,0,0,30,колективна меморија,колективна меморија,mk,https://www.youtube.com/watch?v=-1LFr0cveVk
0s0pp_Ok808,Поткопување на довербата во институциите како штетен наратив,"Сите сме сведоци дека македонските институции не уживаат висока доверба, секако со чест на исклучоци. А, и зошто би било поинаку во држава којашто со години или со децении, мака мачи со корупцијата, а политичарите со меѓусебните обвинувања не придонесуваат во насока на подобрување на сликата.

Едноставно, граѓаните не веруваат дека јавните институции работат за нивните интереси и за доброто на земјата. И ова е многу опасно зашто со дезинформации, погрешни и злонамерни информации, довербата уште повеќе се намалува, особено, кога тоа се прави намерно без притоа да се понудат соодветни докази.

„Изборите се наместени, се вработуваат само партиски луѓе, судиите се нивни“ – ова го слушате секој ден, нели? Повеќе примери и не ви требаат, знаете за што зборувам.

И, ова отсекогаш постоело. Но, денес е променет општествениот контекст зашто ги имаме социјалните медиуми и социјалните мрежи. А, таму може да се прочита сè и сешто, свесно да се тераат кампањи против одредени институции, да се објавуваат наводни резултати од гласање, да се укажува на манипулации и изборни кражби, а притоа да не се понуди никаков доказ. Но, тоа со светлосна брзина се шири на социјалните мрежи. Корумпирани, нетранспарентни, непрофесионални, овој или оној ја злоупотребил службена должност, ве лажат за короната. Познато ви е, нели?

Честопати се користи и една друга техника, односно, не се пренесува целосната слика за одреден настан или случување, од политичката манџа се одбира тоа што ви треба, а се испушта тоа што не ви оди во прилог и ова е супер можност за напад врз политичкиот противник.

Правилното информирање е многу важно, а граѓаните треба да имаат доверба во институциите, особено кога се справуваме со криза како пандемија. Ако на пример, не се почитуваат препораките од одредени институции, како Комисијата за спречување заразни болести, мерките ќе бидат помалку ефикасни, или, ако се шират невистини за наводно загрозување на јавната безбедност, граѓаните нема да соработуваат со полицијата. Примери има многу.

Секогаш е добро и полезно да се проверува работата на институциите зашто тие се платени од наши пари, но, тоа не значи дека без докази може да се обвинува.",Институт за комуникациски студии | IKS_edu_mk,2024-06-25 12:53:12+00:00,2024,17,0,0,30,довербата во институциите,довербата во институциите,mk,https://www.youtube.com/watch?v=0s0pp_Ok808
4-xF9V3ev8s,Договор за името кој обединува?,"Противници на договорот меѓу Владите на македонија и на Грција се опозициите во двете земји, како и националистите. Целата меѓународна заедница го подржува и оценува како придонес кон стабилноста во регионот.
Објавено на https://www.slobodnaevropa.mk/a/29290345.html",Radio Slobodna Evropa na Makedonski,2018-06-14 12:27:54+00:00,2018,4970,16,5,29,името на Македонија,името на Македонија,mk,https://www.youtube.com/watch?v=4-xF9V3ev8s
Us5rc-pPe8U,Бугарско МНР: Нашата позиција кон Македонија нема да се промени,"Македонија е подготвена да го реши проблемот со Бугарија, но и јас како претседател на Владата не знам повеќе кој е проблемот- изјави денеска премиерот Заев по последните пораки од официјална Софија.
Follow Kanal5 on...
• FB: https://smarturl.it/fb5
• IG: https://smarturl.it/Ig5
• Web: https://kanal5.com.mk/

© & ℗ Kanal5 & IN Media. All Rights Reserved",Канал 5 Телевизија,2020-12-19 14:02:52+00:00,2020,1810,10,0,29,бугарско вето Македонија,бугарско вето Македонија,mk,https://www.youtube.com/watch?v=Us5rc-pPe8U
NJ_-bz_FSMY,"Димитров: Ако нема преговори за интеграција, пораката е џабе решавате проблеми","Заменикот помошник државен секретар на САД Габриел Ескобар јасно кажа дека приоритет на САД за Балканот е интеграција на Албанија и Македонија во ЕУ.
Follow Kanal5 on...
• FB: https://smarturl.it/fb5
• IG: https://smarturl.it/Ig5
• Web: https://kanal5.com.mk/

© & ℗ Kanal5 & IN Media. All Rights Reserved",Канал 5 Телевизија,2021-12-07 10:15:08+00:00,2021,1408,1,0,29,интеграција во ЕУ Македонија,интеграција во ЕУ Македонија,mk,https://www.youtube.com/watch?v=NJ_-bz_FSMY
qdrW4wmNK6E,За Пендаровски е прифатлив модифицираниот француски предлог,"За претседателот Пендаровски е прифатлив францускиот предлог за кревање на бугарското вето  и почеток на пристапните преговори на Македонија со ЕУ.
Follow Kanal5 on...
• FB: https://smarturl.it/fb5
• IG: https://smarturl.it/Ig5
• Web: https://kanal5.com.mk/

© & ℗ Kanal5 & IN Media. All Rights Reserved",Канал 5 Телевизија,2022-07-03 16:07:34+00:00,2022,1340,7,0,29,француски предлог Македонија,француски предлог Македонија,mk,https://www.youtube.com/watch?v=qdrW4wmNK6E
_PeCOwuwsXs,Високи дипломати ќе присуствуваат на потпишувањето на договорот,"Follow Kanal5 on...
• FB: https://smarturl.it/fb5
• IG: https://smarturl.it/Ig5
• Web: https://kanal5.com.mk/

© & ℗ Kanal5 & IN Media. All Rights Reserved



Генералниот секретар на Обединетите Нации, Антонио Гутереш, медијаторот Нимиц, европскиот двоец Могерини-Хан се очекува да го овековечат договорот меѓу Македонија и Грција",Канал 5 Телевизија,2018-06-14 13:13:27+00:00,2018,658,4,0,29,Преспански договор; преспански договор,преспански договор,mk,https://www.youtube.com/watch?v=_PeCOwuwsXs
39ywYN6GvWs,Има ли ризик од уставна криза во Македонија?,"Евентуална нова лидерска средба помеѓу политичките лидери е можна само доколку на истата се разговара и за датумите за изборите и за уставните измени,сметаат дел од аналитичарите.
Follow Kanal5 on...
• FB: https://smarturl.it/fb5
• IG: https://smarturl.it/Ig5
• Web: https://kanal5.com.mk/

© & ℗ Kanal5 & IN Media. All Rights Reserved",Канал 5 Телевизија,2023-10-08 12:56:59+00:00,2023,544,1,0,29,политичка криза Македонија,политичка криза Македонија,mk,https://www.youtube.com/watch?v=39ywYN6GvWs
e9nogfjOMZ0,Во Брисел почна скринингот за усогласеноста на македонското со законодавството на ЕУ,"Македонија денеска во Брисел го почнува објаснувачкиот скрининг, односно првата фаза од преговорите со Европската Унија. 
Follow Kanal5 on...
• FB: https://smarturl.it/fb5
• IG: https://smarturl.it/Ig5
• Web: https://kanal5.com.mk/

© & ℗ Kanal5 & IN Media. All Rights Reserved",Канал 5 Телевизија,2022-09-15 12:56:56+00:00,2022,421,2,0,29,интеграција во ЕУ Македонија,интеграција во ЕУ Македонија,mk,https://www.youtube.com/watch?v=e9nogfjOMZ0
htpuYdEWvP8,Наумовски: Бајден ќе се обиде да се дистанцира од потезите на Трамп во надворешната политика,"Дали и какви промени ќе донесе новата администрација на Бајден за Западен Балкан и воопшто за Македонија, одговори побаравме од поранешниот амбасадор во Вашингтон, Васко Наумовски..

Follow Kanal5 on...
• FB: https://smarturl.it/fb5
• IG: https://smarturl.it/Ig5
• Web: https://kanal5.com.mk/

© & ℗ Kanal5 & IN Media. All Rights Reserved",Канал 5 Телевизија,2021-01-21 17:17:25+00:00,2021,355,2,0,29,политички настани Македонија,политички настани Македонија,mk,https://www.youtube.com/watch?v=htpuYdEWvP8
MIvbOvpR5V8,"ПВРСМ Спасовски: 2год Преспански договор, темел на македонски идентитет","http://vlada.mk/
___

Влада на Република Северна Македонија на социјалните мрежи:

Facebook: www.facebook.com/VladaMK
Twitter: www.twitter.com/VladaMK
Instagram: www.instagram.com/mkvlada
Flickr: www.flickr.com/vladamk",Влада на‎ Република Северна Македонија,2020-06-17 12:41:19+00:00,2020,336,7,0,29,Преспански договор; преспански договор,преспански договор,mk,https://www.youtube.com/watch?v=MIvbOvpR5V8
dqwqSHbT6JY,Европат - Европскиот рентген на македонските реформи покажа умерена дијагноза со хронични проблеми,"Европскиот рентген на македонските реформи покажа умерена дијагноза со хронични проблеми - потребна е ефективна имплементација на законите и дијалог меѓу власта и опозицијата. Пофалби за македонските напори за прва меѓувладина конференција со ЕУ и молк за бугарските клубови со спорни имиња во Македонија.



А за реформските процеси, во ова издание на Европат разговараме со Кристијан Кастања, политички аналитичар, кој работи во францускиот сенат. Кастања е основач на Тинк Тенк организацијата соседство и ја набљудува состојбата на Балканот од раните 90-ти. Политички советник во француските влади предводени од социјалистите од 1991та до 2017та година. Го прашувам каде го лоцира проблемот за долгото тапкање во место во однос на реформите?",Televizija 24Vesti,2022-10-15 16:16:32+00:00,2022,332,0,0,29,интеграција во ЕУ Македонија,интеграција во ЕУ Македонија,mk,https://www.youtube.com/watch?v=dqwqSHbT6JY
xxqKuFFA7vc,"Тетка Васка Илиева - Група Кафе клуб, Сиднеј","Песната е снимана на 4ти Мај 2025

Идеата да снимиме специјална песна за Македонската популарна и автентична пеачка, Васка Илиева, се роди измеѓу група пензионери во тек на кафе-муабет во Кафе Клуб, Мортдајл (Сиднеј), во 2025 година.

Одпрво групата се состоеше од 4 лица, вклучувајќи тројца музичари и Драги Јовановски - интузијаист за животот и делата на Васка Илиева. 

На Драги Јовановски огромна желба му беше да направи песна за нејзината биографија за да ја истакни нејзината придонес за Македонската народна музика. 

Правејќи муабет измеѓу нас, се прашувавме како е можно да дозволиме за ваква почестена личност и легенда, да не постои никаква почит или потсетник? Каква 
пропаст. 

После овај муабет, Злате Кyлевски доброволно прифати да напише текст и музика за новата песна за Васка, но со подразбирање дека песната ќе биде снимена заеднички со друштвото. 

Во согласност со овај план беа Драги Вангеловски и Бале Стојчевски- Гаште. 

Бидејќи Злате Кулевски     долго време не свирел, предложи искусниот и добро познат музичар Гоце Петрески- Бананата да го подготви аранжманот. Гоце го прифати овај предизвик без никаков проблем. 
  
Следно, се приклучи и Тони Илиoски со труба со што успеавме да ја усовршиме мелодијата на песната. 

Посебна почит изразуваме и до Мајкл Кулевски (син на Борис и Марика Кулевски) кој придонесе во снимањето на песната која е одпеана од песнопојците Злате и Марика Кулевски
...........................................................................
Sponsor:   SMS FILMS  Gjorgji & Mirjana   (Sydney Aust.)      Mob: +61 422841174
Link:     https://smsfilms.com.au/
...........................................................................

Предговор за  Васка Илиева 
Иако изминаа речиси две и пол децении, духот на едно од најпрепознатливите имиња во историјата на македонската народна музика и натаму живее, преку богатството што го остави во музичката ризница.
Васка Илиева е длабоко вкоренета во македонската колективна меморија, не само како пеачка со уникатен вокален стил, но и како симбол на македонската традиција и идентитет.
Нејзиниот моќен глас, емоционалните интерпретации и огромниот репертоар со непроценлива вредност, ја направија Васка Илиева една од највлијателните личности во популаризацијата на македонското фолклорно творештво.
Бројни поклоници на нејзиното дело има и ден-денес,  не само во Македонија туку и ширум светот каде што живеат Македонци, каде што таа им ги топлеше сцрцата со своите настапи.
И натаму се пеат нејзините безвременски хитови “Земјо македонска”, “На 4-ти мај Гоце загина”,“Сестра кани брата на вечера”, “Далеку од тебе Македонијо”,  “Судбо моја судбино”, “Кој што ме чуе да пеам”…..
Еве неколку куси биографски податоци:
   Васка Илиева е родена на  21 декември 1923 во Скопје во музичко семејство. Нејзиниот татко, Тодор Бошков Велков,  бил познат гајдаџија кој несомнено имал влијание, љубовта на неговата ќерка кон музиката,  да се развие од најрана возраст.
Својата уметничка кариера Васка  ја започнува во раните 1950-ти години во Државниот ансамбл “Танец” каде настапувала како пеачка и играорка, а потоа станува солист на Радио Скопје.Тоа искуство било основа за нејзината доживотна посветеност на македонската народна музика.
Нејзиниот богат репертоар опфаќа над 800-тини песни од кои нејзино авторско дело се околку 70  мелодии и текстови.

Од 1980-тите години фокусот на Васка Илиева се патриотски песни кои ги одразуваа стремежите на македонскиот народ во борбата за независност, а нејзините настапи станаа мост меѓу генерациите и одек на националниот идентититет.

Во текот на нејзината блескава кариера, Васка Илиева беше топло и со воодушевување пречекувана во македонските заедници, секаде каде што настапуваше – 11 пати во Австралија, 4 пати во Русија, во Германија, Англија, Швајцарија, Холандија, САД, Канада...

Васка почина на 4 мај 2001 година во Скопје, на 77-годишна возраст, оставајќи зад себе богато културно наследство и бесмртен глас што што беше амбасадор на македонската музика во светот и кој што не се заборава.",Ico Najdovski-Perin,2025-06-26 10:30:42+00:00,2025,247,7,0,29,колективна меморија,колективна меморија,mk,https://www.youtube.com/watch?v=xxqKuFFA7vc
KUw6CaDm4rY,"Димитров: Македонија нема друга алтернатива, освен членството во ЕУ","Follow Kanal5 on...
• FB: https://smarturl.it/fb5
• IG: https://smarturl.it/Ig5
• Web: https://kanal5.com.mk/

© & ℗ Kanal5 & IN Media. All Rights Reserved



Членството на земјите од Западен Балкан во Европската Унија е главен приоритет на Брисел, рече на пресконференцијата шефицата на европската дипломатија Федерика Могерини по неформалниот министерски состанок во Виена.",Канал 5 Телевизија,2018-08-31 16:22:35+00:00,2018,242,0,0,29,реформа на уставот Македонија,реформа на уставот Македонија,mk,https://www.youtube.com/watch?v=KUw6CaDm4rY
STwhzkW5gaQ,"Столтенберг: Со решение за името, Македонија ќе добие покана за НАТО","Follow Kanal5 on...
• FB: https://smarturl.it/fb5
• IG: https://smarturl.it/Ig5
• Web: https://kanal5.com.mk/

© & ℗ Kanal5 & IN Media. All Rights Reserved



И покрај нон-пејперот Холандија ќе продолжи, како и досега, да ги поддржува европските и атланските интеграции на Македонија.",Канал 5 Телевизија,2018-05-29 12:59:13+00:00,2018,236,2,0,29,името на Македонија,името на Македонија,mk,https://www.youtube.com/watch?v=STwhzkW5gaQ
vVowUktO_68,Дигитално судство – нова ера на реформите на македонскиот правосуден систем,"Оваа дебата беше организирана со цел судиите, судските администратори, информатичарите, стручните соработници и другите релевантни институции и граѓански организации да се запознаат со напорите што ИКТ Советот со партнерите ги вложува за побрзо ефектуирање на системот за електронско издавање на уверенијата од судовите, со основањето на новиот ИКТ Совет, неговиот состав, неговите надлежности и планираните активности. Дополнително, дебатата имаше цел да ги зголеми сознанијата на учесниците за тековниот процес на дигитализација и за следните чекори што се дел од Оперативниот план што го усвои Владата на Република Северна Македонија.",European Policy Institute (EPI) - Skopje,2021-09-16 17:28:48+00:00,2021,55,1,0,29,довербата во системот; национален идентитет,довербата во системот,mk,https://www.youtube.com/watch?v=vVowUktO_68
L6bYjU_R5og,Живот со предизвици за лицата со ретки болести,"🔴 Семејствата со ретки болести во нашата земја немаат баш совршен живот. Живеат под стрес, без доволно лекови и услуги, често се заложници на долги и комплицирани административни процедури, па затоа е потребно македонскиот здравствен и социјален систем да претрпи промени. 

🗣️ Весна Алексовска од Здружението „Живот со предизвици“ во новата епизода „Мегафон“ вели дека во Македонија има над 300 ретки болести, но за многу малку има терапија. 

🚶 Дополнителен на листата проблеми е и честото патување до Скопје за контрола, тестови и подигнување на терапијата, што лицата со ретките болести ги истоштува психички, физички и финансиски. 

📝 Исто така, рака под рака со децентрализацијата, недостасува и Стратегија, која би имала цели и буџет за да се надминат ваквите предизвици.",RadioMOF,2024-02-23 11:27:35+00:00,2024,22,1,0,29,социјален стрес,социјален стрес,mk,https://www.youtube.com/watch?v=L6bYjU_R5og
xdiTwKMTuHE,24 анализа - Зошто институциите „го преспаа“ бегството на Груевски?,"Нов заплет во „трилерот - Бегството на Никола Груевски“, премиерот Заев вели можно е Груевски да е киднапиран. Кој би можело тоа да го направи Заев не кажа, ниту пак кој ќе одговара за бегството на осудениот поранешен премиер. Каде е Груевски? Како „пред нос“ осуденикот им избега на институциите, кој ќе одговара за тоа - колку власта е дел од „заговорот“ за бегство, зошто институциите „го преспаа“ бегството, ќе најде Груевски спас во азилот на Орбан, ќе го дозволи ли тоа Европа?
Дебатираат поранешниот амбасадор на Македонија во Унгарија Игор Есмеров, безбедносниот експерт Благоја Марковски и адвокатот Александар Наков",Televizija 24,2018-11-16 23:58:16+00:00,2018,7688,12,43,28,довербата во институциите,довербата во институциите,mk,https://www.youtube.com/watch?v=xdiTwKMTuHE
MybzZ5vqP1A,"Заев: Имаме праведно и фер решение, Македонија ќе биде признаена од цел свет","Follow Kanal5 on...
• FB: https://smarturl.it/fb5
• IG: https://smarturl.it/Ig5
• Web: https://kanal5.com.mk/

© & ℗ Kanal5 & IN Media. All Rights Reserved



Пред студентите на универзитетот ФОН денес се одржа втората од петте јавни расправи за предложените уставни измени согласно преспанскиот договор.",Канал 5 Телевизија,2018-12-06 14:31:22+00:00,2018,782,3,8,28,уставни измени Македонија,уставни измени Македонија,mk,https://www.youtube.com/watch?v=MybzZ5vqP1A
NwRxWdIFUek,"Научете да верувате во самите себе, не постои идентитетска криза!","Научете да верувате во самите себе, не постои идентитетска криза!",Инфомакс,2024-06-01 16:59:59+00:00,2024,1939,40,6,28,идентитетска криза Македонија,идентитетска криза Македонија,mk,https://www.youtube.com/watch?v=NwRxWdIFUek
fSjKX9MmbtY,Нашите генерации се срам за името Македонија!,Нашите генерации се срам за името Македонија!,Инфомакс,2025-06-02 14:17:28+00:00,2025,6456,125,5,28,името на Македонија,името на Македонија,mk,https://www.youtube.com/watch?v=fSjKX9MmbtY
X4eCxazNy0o,Она што Заев го преговара за промена на името на Македонија не треба да биде јавно,Она што Заев го преговара за промена на името на Македонија не треба да биде јавно,Filip Petrovski,2023-08-14 17:36:57+00:00,2023,207,6,3,28,името на Македонија,името на Македонија,mk,https://www.youtube.com/watch?v=X4eCxazNy0o
N1w1iTBbni8,Македонските преговори со ЕУ на маса пред министрите за европски прашања во Брисел,"Министрите на земјите-членки го почнаа декемврискиот совет на ЕУ каде на маса се очекува да се најде и европското досие на Македонија. 

Follow Kanal5 on...
• FB: https://smarturl.it/fb5
• IG: https://smarturl.it/Ig5
• Web: https://kanal5.com.mk/

© & ℗ Kanal5 & IN Media. All Rights Reserved",Канал 5 Телевизија,2021-12-14 13:49:03+00:00,2021,1008,2,0,28,ЕУ преговори Македонија; интеграција во ЕУ Македонија,ЕУ преговори Македонија,mk,https://www.youtube.com/watch?v=N1w1iTBbni8
CwG0LNNQb4w,"Милков: Не е исклучено ново вето за Македонија, но се надевам дека нема да го искористиме","Бугарскиот министер за надворешни работи Милков пак, од Брисел каде вчера се состана со шефовите на дипломатии на земјите -членки на унијата не ја исклучи можноста од ново вето за земјава за кое кажа дека се надева дека нема да биде искористено.
Follow Kanal5 on...
• FB: https://smarturl.it/fb5
• IG: https://smarturl.it/Ig5
• Web: https://kanal5.com.mk/

© & ℗ Kanal5 & IN Media. All Rights Reserved",Канал 5 Телевизија,2023-01-24 14:09:19+00:00,2023,887,4,0,28,бугарско вето Македонија,бугарско вето Македонија,mk,https://www.youtube.com/watch?v=CwG0LNNQb4w
VZdbFB5zpxY,Македонија ја заокружи воената интеграција во НАТО,"Официјално е комплетиран процесот на воено интегрирање на земјава во командните структури и во структурата на силите на НАТО Алијансата.

Follow Kanal5 on...
• FB: https://smarturl.it/fb5
• IG: https://smarturl.it/Ig5
• Web: https://kanal5.com.mk/

© & ℗ Kanal5 & IN Media. All Rights Reserved",Канал 5 Телевизија,2021-11-16 14:00:30+00:00,2021,874,8,0,28,интеграција во ЕУ Македонија,интеграција во ЕУ Македонија,mk,https://www.youtube.com/watch?v=VZdbFB5zpxY
DbNO8F4Ee38,СЕЛО ПОДВИС  ПРВ УЧИЛИШЕН ЧАС НА МАКЕДОНСКИ ЈАЗИК,"Првиот училишен час на македонски јазик во Подвис – 23.09.1943 🎓

На 23 септември 1943 година, во селото Подвис, беше одржан првиот училишен час на македонски јазик, симбол на борбата за образование и национален идентитет. Овој историски момент означи почеток на официјалното користење на македонскиот јазик во наставата, во време кога Македонија се бореше за својата слобода. 📖✏️",Мариово Филм,2025-02-24 17:10:48+00:00,2025,694,29,0,28,национален идентитет,национален идентитет,mk,https://www.youtube.com/watch?v=DbNO8F4Ee38
7fAgWtD0dP4,Институт Преспа: Бугарија била политички најприсутна во Македонија,"Follow Kanal5 on...
• FB: https://smarturl.it/fb5
• IG: https://smarturl.it/Ig5
• Web: https://kanal5.com.mk/

© & ℗ Kanal5 & IN Media. All Rights Reserved



Бугарија минатата година имала највисоко политичко присуство во земјава, и покрај тоа што најголемиот дел од граѓаните во земјава не го перцеприаат нашиот источен сосед како голем пријател.

Official facebook: https://www.facebook.com/Kanal5Televizija/
Web: http://kanal5.mk/
Copyright: OnAir Media Group",Канал 5 Телевизија,2020-09-24 12:58:14+00:00,2020,633,6,0,28,бугарско вето Македонија,бугарско вето Македонија,mk,https://www.youtube.com/watch?v=7fAgWtD0dP4
z4ZAuSXP2pc,УРИМ ВЕЈСЕЛИ ЦУК ОБРАЌАЊЕ НА НАТО ФИНАЛНА КОНФЕРЕНЦИЈА РС МАКЕДОНИЈА 2021 на англиски јазик,УРИМ ВЕЈСЕЛИ ЦУК ОБРАЌАЊЕ НА НАТО ФИНАЛНА КОНФЕРЕНЦИЈА РС МАКЕДОНИЈА 2021 на англиски јазик,Центар за управување со кризи ЦУК,2021-06-16 22:27:12+00:00,2021,626,5,0,28,реформа на уставот Македонија,реформа на уставот Македонија,mk,https://www.youtube.com/watch?v=z4ZAuSXP2pc
HY1hLnnra-c,Бибер: Оставката на Заев ја гледам како порака до ЕУ за блокираните евроинтеграции,"Во најголем интерес на Македонија во моментов е да има ефективна влада, која ќе може да ги продолжи преговорите со Бугарија за одблокирање на интеграциите во ЕУ, вели за Канал 5, експертот за Балкан, професорот Флоријан Бибер.

Follow Kanal5 on...
• FB: https://smarturl.it/fb5
• IG: https://smarturl.it/Ig5
• Web: https://kanal5.com.mk/

© & ℗ Kanal5 & IN Media. All Rights Reserved",Канал 5 Телевизија,2021-11-06 17:17:13+00:00,2021,362,2,0,28,интеграција во ЕУ Македонија,интеграција во ЕУ Македонија,mk,https://www.youtube.com/watch?v=HY1hLnnra-c
dawrnf5M_u0,Германија даде согласност за прием на Македонија во НАТО,"Follow Kanal5 on...
• FB: https://smarturl.it/fb5
• IG: https://smarturl.it/Ig5
• Web: https://kanal5.com.mk/

© & ℗ Kanal5 & IN Media. All Rights Reserved



Од Романија каде што е во работна посета, генералниот секретар на НАТО кажа дека очекува сите земји членки да го потпишат протоколот за нашето членство во Алијансата.",Канал 5 Телевизија,2019-01-31 13:48:02+00:00,2019,292,3,0,28,интеграција во ЕУ Македонија,интеграција во ЕУ Македонија,mk,https://www.youtube.com/watch?v=dawrnf5M_u0
EQOf5mJOptw,Поцков: Профитот не смее да е на штета на екологијата,"Градоначалникот на Гевгелија, Сашо Поцков, зборува за тоа како го направи градот да е позелен, модерен и да ги застапува европските вредности. Тој зборува и за тоа како се победи национализмот во Гевгелија дури и кога траеше проблемот со името со соседна Грција.

ЦИВИЛ: Кои се зелените перспективи на Гевгелија?

ПОЦКОВ: Зелените перспективи во Гевгелија се секогаш предизвик за секој градоначалник, поготово за мене се во работната агенда во мојот мандат, бидејќи јас ветував пред граѓаните дека ќе ја направам модерна и европска и зелена Гевгелија. Направивме три капитални инвестиции, изградба на нов водовод, порано во гевгелиската вода имаше присуство на арсен, сега тоа веќе е минато. Изградба на прочистителна станица која е една од најголемата и најмодерната во Република Северна Македонија и изградба на локална депонија...

ЦИВИЛ: Што ќе кажете за растечките политички и етнички мотивирани тензии во нашата земја? Кому му одат во прилог, а кој губи?

ПОЦКОВ: Губиме сите, во прилог може да му одат само на некои политички партии ако имаат во своите агенди. Национализмот е поразен во овие преостори со војните кои беа во деведесетите години, не сакам да се навраќам, фала богу Македонија ги избегна тие војни кои беа во соседството, и бевме сведоци на многу настани и во исто време нас не погоди ембаргото до 1995 година што беше од соседна Грција заради името. Тој спор го решивме во Обединетите нации со назначување на преговарач, така што национализмот е поразена категорија во овие преостори и секој што ќе се води да поттикне национализам или да го има во политичката или животната агенда да му биде тоа мисија за мене мислам дека тоа е унапред осуден на пораз, бидејќи веќе таква публика во Македонија нема...

камера: Дехран Муратов
монтажа: Ариан Мехмети


www.greencivil.mk
www.civilmedia.mk",Civil,2020-10-02 14:02:12+00:00,2020,93,0,0,28,политички настани Македонија,политички настани Македонија,mk,https://www.youtube.com/watch?v=EQOf5mJOptw
FmPc8WANRHI,Промоција на младински активизам - Младите од руралните средини за интеграција на Македонија во ЕУ,Турнир во Футсал и Пинг-понг во Виница,Rural Development Network of NM,2019-04-08 08:56:30+00:00,2019,43,0,0,28,интеграција во ЕУ Македонија,интеграција во ЕУ Македонија,mk,https://www.youtube.com/watch?v=FmPc8WANRHI
DhVne22uEUY,Експертски панел: Судбината на реформите во услови на политичка криза,"АГТИС го организираше експертскиот панел „Судбината на реформите во услови на политичка криза“, кој е дел од проектот „Детски болести на демократијата“, финансиран од НЕД. Целта на овој проект е: да ја зголеми одговорноста, транспарентноста и реформската насока на владата, напоредно со зајакнување на општите знаења за реформите, нивните причини, актери и „мерење“ на политичката волја.
На панелот беа претставени најважните резултати од анкетата на АГТИС за истражување на ставовите на граѓаните околу реформите и неколку кратки тематски воведи за онгоинг реформите (студии на случаи), проследена со дискусија за повеќе аспекти на реформите кај нас, кои се одвиваат во услови на постојана политичка криза, наплив на политички настани, кои длабоко ја тангираат судбината на земјава и предизвикуваат висок набој кај граѓаните, хранејќи го понатамошното поларизирање по политички преваленци.",ACTAC Prilep,2018-10-30 14:47:09+00:00,2018,39,1,0,28,политичка криза,политичка криза,mk,https://www.youtube.com/watch?v=DhVne22uEUY
EPZviFoQ0xA,24 Отворено - Што ќе се подобри во животот на граѓаните со новите давачки?,"Прогресивен данок, намалување на јазот меѓу богатите и сиромашните или мерка што ќе ја сардиса средната класа? Со 1.500 евра во Европа имате едвај блиску за нормален живот, во Македонија ве сметаат за богаташ. Што ќе се подобри во животот на граѓаните со новите давачки? Ќе имаме ли подобро здравство, администрација, училишта? Власт, опозиција, бизнисмени, министри.
Во студиото на 24 Отворено – со Драган Тевдовски, Трајко Славески, Данела Арсовска, Џевдет Хајредини.",Televizija 24,2018-11-07 02:35:35+00:00,2018,4278,7,11,27,довербата во институциите,довербата во институциите,mk,https://www.youtube.com/watch?v=EPZviFoQ0xA
9wzJdex8loM,Како ќе се спојуваат минатото и иднината во македонско-грчките односи?,Еден ден по селфи во Скопје и еден месец пред дијалог под Акропол во Атина. Заев и Ципрас во нова офанзива против балканските интриги и недоверби. Како ќе се спојуваат минатото и иднината? Изборите и политиката како траума или состојба на духот. Дали ни треба колективна терапија за самодоверба?,Televizija 24,2019-04-04 18:29:42+00:00,2019,1657,10,3,27,колективна траума,колективна траума,mk,https://www.youtube.com/watch?v=9wzJdex8loM
DhQCSJ55NFA,Ферид Мухиќ: Со овој договор се порекнува македонскиот национален идентитет,"Follow Kanal5 on...
• FB: https://smarturl.it/fb5
• IG: https://smarturl.it/Ig5
• Web: https://kanal5.com.mk/

© & ℗ Kanal5 & IN Media. All Rights Reserved



Да се укине етничкиот и културен идентитет на Македонците, заднината  на договорот со Грција претставува целосно негирање на нацијата, изјави Ферид Мухииќ  во интервју на емисијата Само Вистина.",Канал 5 Телевизија,2018-06-23 13:18:53+00:00,2018,620,9,2,27,национален идентитет,национален идентитет,mk,https://www.youtube.com/watch?v=DhQCSJ55NFA
IJeT9K2gows,Политиканти.мк - Епизода 19,За растечката општествено-политичка криза во Србија по двата трагични настани со масовните убиства во Белград и Младеновац и “прелевањата“ во дебатите во Македонија; за постизборните превирања во Бугарија и номинацијата на Марија Габриел за можна премиерка; за изборите во Турција и неизвесноста од исходот врз меѓународната позиција на земјата...,politikanti,2023-05-12 06:25:10+00:00,2023,1103,20,1,27,политички настани Македонија,политички настани Македонија,mk,https://www.youtube.com/watch?v=IJeT9K2gows
pEkebZlW9LM,"Олбрајт: Трагедија е тоа што Бугарија, поради домашни причини, ја блокира  Македонија","Новата американска администрација треба да го отвори прашањето за  блокадата за Македонија .

Follow Kanal5 on...
• FB: https://smarturl.it/fb5
• IG: https://smarturl.it/Ig5
• Web: https://kanal5.com.mk/

© & ℗ Kanal5 & IN Media. All Rights Reserved",Канал 5 Телевизија,2020-12-09 09:23:51+00:00,2020,1310,10,0,27,бугарско вето Македонија,бугарско вето Македонија,mk,https://www.youtube.com/watch?v=pEkebZlW9LM
B82xHGB7FuY,Грчев: Македонија не е способна согласно законот и Уставот да изгради споменик,"Додека во Слупчане пред една година никна спомен
Follow Kanal5 on...
• FB: https://smarturl.it/fb5
• IG: https://smarturl.it/Ig5
• Web: https://kanal5.com.mk/

© & ℗ Kanal5 & IN Media. All Rights Reserved",Канал 5 Телевизија,2023-08-09 14:40:25+00:00,2023,1081,2,0,27,реформа на уставот Македонија,реформа на уставот Македонија,mk,https://www.youtube.com/watch?v=B82xHGB7FuY
TKqXM5yeeoY,Референдумски кампањи на социјалните мрежи,"Follow Kanal5 on...
• FB: https://smarturl.it/fb5
• IG: https://smarturl.it/Ig5
• Web: https://kanal5.com.mk/

© & ℗ Kanal5 & IN Media. All Rights Reserved



Со називи хаштаг „Факти за договорот“, “Македонија за ЕУ”, “Македонија за НАТО”, “Придобивки од ЕУ”, “Да за Европска Македонија” но и под хаштаг „Бојкотирам“  на социјалните мрежи  веќе се води референдумска кампања.",Канал 5 Телевизија,2018-08-12 13:23:51+00:00,2018,792,4,0,27,НАТО ЕУ Македонија протест,НАТО ЕУ Македонија протест,mk,https://www.youtube.com/watch?v=TKqXM5yeeoY
mXIJTjqu8fw,Иванов повтори дека е против промена на уставот,"Follow Kanal5 on...
• FB: https://smarturl.it/fb5
• IG: https://smarturl.it/Ig5
• Web: https://kanal5.com.mk/

© & ℗ Kanal5 & IN Media. All Rights Reserved



Стратешките определби на Република Македонија за членство во Европската унија и во НАТО се јасно дефинирани и непроменети.",Канал 5 Телевизија,2018-06-12 12:40:47+00:00,2018,696,7,0,27,реформа на уставот Македонија,реформа на уставот Македонија,mk,https://www.youtube.com/watch?v=mXIJTjqu8fw
SnIPTnEVte0,Македонскиот национален стратегиски совет на ИНТЕГРА за Америка со протестно видео,"Македонскиот национален стратегиски совет на ИНТЕГРА за Америка со протестно видео, по повод навредливото обраќање од страна на американскиот претставник на УСАИД...

Јасно и гласно бараме од Америка и американската амбасада во Македонија, ословување на Македонецот и македонскиот народ со вистинските термини...Македонци и македонски народ...Нуе сме носечкиот државотворен народ во Македонија и бараме должна почит кон нас од секого...",ИНТЕГРА / INTEGRA Macedonian Conservaties,2019-11-20 21:59:11+00:00,2019,525,8,0,27,национален идентитет,национален идентитет,mk,https://www.youtube.com/watch?v=SnIPTnEVte0
wZ0HKIAJoaQ,Брок: Проширувањето на ЕУ не е одложено бидејќи е од заеднички интерес за сите страни,"Поранешниот европарламентарец Елмар Брок во ексклузивно интервју за Канал 5 вели дека идејата за влез на Македонија во Европската економска зона има конечна цел влез во ЕУ.
Follow Kanal5 on...
• FB: https://smarturl.it/fb5
• IG: https://smarturl.it/Ig5
• Web: https://kanal5.com.mk/

© & ℗ Kanal5 & IN Media. All Rights Reserved",Канал 5 Телевизија,2021-01-20 17:01:50+00:00,2021,332,0,0,27,интеграција во ЕУ Македонија,интеграција во ЕУ Македонија,mk,https://www.youtube.com/watch?v=wZ0HKIAJoaQ
zVrgoz7pykc,Државна Администрација  -  Програма Вистинскиот Македонски Пат 31Јули2019,"Од основните програмски цели

1.Прочистување на сите Македонски институции и администрација од кадар лојален на туѓи интереси.

Основна Стратешка Цел

Ефикасна и способна државна администрација со професионален менталитет на слуга на граѓаните и претпријатијата и нејзино драстично смалување и централизирање по сите министерства и воведување модерни методи на управување.

Мерки за постигнувањето на основните цели

    Државни агенции и институции – Укинување на сите агенции и институции чии ингеренции се веќе дуплираат со ингеренциите на соодветните министерства.
    Јавни претпријатија – Намалување на одвишниот персонал во државните и локалните јавни претпријатија.
    Локална администрација – Укинување на одвишните ингеренции на општините и нивен премин во надлежност на државните министерства и драстично смалување на персоналот.
    Вклучување на 2.000 Македонци професионалци од иселениците за реструктуирање на државната администрација и нејзино намалување и осовременување.
    Преквалификација и пренасочување во реалната економија и приватниот сектор, услуги, производство, земјоделство, сточарство, туризам, информатика.
    Промена на менталитетот на државната администрација од позиција на сила во позиција на сервис на граѓаните и реалниот економски сектор.
    Администрација која одговорно го троши секој денар народни пари, транспарентна и отчетна пред народот.
    Еднаков пристап до јавните и државните работни места за сите граѓани на Македонија по вредносен систем единствено заснован на стручност и компетентност.
    Департизирана администрација и точно дефинирање на политичките позиции кои се пополнуваат со промена на власт.
    Намалување на непотребните трошоци на државната и локална администрација кои не се во функција на сервис на граѓаните.
    Воведување на систем со точно дефинирани работни места и нивен фиксиран број во државната и локална администрација како и јавните претпријатија.

    Укинување на многу непотребни раководни позиции, драстично намалување на непотребните трошоци на преостанатите раководни лица, нивниот луксуз, возен парк, репрезентација.

Спроведување

Реформата на Македонската Државна Администрација ќе се спроведува централизирано од владата и министерствата под надзор на Претседателот на Републиката и со општествен надзор на работата на министерствата преку народни општествени совети од граѓани избрани од народот.

Спроведување Координирано со

Реформата на Македонската Државна Администрација ќе се исполнува со паралелно применување на останатите основни цели:

    Социјална, пензиска и здравствена заштита за секого, ниеден Македонец и семејство нема да бидат оставени сами на себе (види програмски дел – Социјална поткрепа)
    Економската политика која ќе обезбедува целосна продуктивна вработеност користејќи го целиот домашен и иселенички Македонски работен и креативен потенцијал (види програмски дел – Економски Насоки и Цели)

Вашите предлози за Програмската Целина – Државна администрација може да ги оставите во коментари подолу, на емаил адресата contact@rodina.org.mk , директно на веб страната https://www.rodina.org.mk/%d0%bf%d1%80%d0%be%d0%b3%d1%80%d0%b0%d0%bc%d0%b0/ или активно да се вклучите во Родина.

Придружете ни се заедно со нашиот народ да ја доградиме и спроведеме нацрт програмата „Вистински Македонски Пат“ согласно народниот интерес за Редржавизација на Македонија и 4-от Илинден Биди дел од иницијативата „Родина“ https://www.rodina.org.mk/pristapnica/",Родина Македонија Политичка партија,2019-09-22 07:05:08+00:00,2019,230,6,0,27,реформа на уставот Македонија,реформа на уставот Македонија,mk,https://www.youtube.com/watch?v=zVrgoz7pykc
9aJKTharwzA,Тупанчевски очекува перцепцијата за судството да се подобри само ако има пресуди за тешки дела,"Недовербата  на граѓаните во правосудството е факт, кој треба да служи како мотив за подобрување  на состојбите и веќе е зрело времето во Македонија да се подигне нивото на право-раздавањето, вели министерот за правда Никола Тупанчевски.

Follow Kanal5 on...
• FB: https://smarturl.it/fb5
• IG: https://smarturl.it/Ig5
• Web: https://kanal5.com.mk/

© & ℗ Kanal5 & IN Media. All Rights Reserved",Канал 5 Телевизија,2022-05-04 13:22:30+00:00,2022,197,1,0,27,довербата во системот,довербата во системот,mk,https://www.youtube.com/watch?v=9aJKTharwzA
_bdSKo-40vw,Сез4 ....Ем 39..Гледач:Преку глава ни е од тие уставни измени.,"Тема: Уставните измени клучни за напредоко на Македонија во овбогодинешниот иззвештај за напредокот нa ЕУ

Тема 2: Слободна",ПРВА  ПЛУС телевизија,2024-10-31 11:15:36+00:00,2024,170,2,0,27,уставни измени Македонија,уставни измени Македонија,mk,https://www.youtube.com/watch?v=_bdSKo-40vw
mmU8MvV2UOY,Дерала: Пописот беше нападнат за да се разниши довербата во институциите и безбедноста во државата,"Претседателот на ЦИВИЛ, Џабир Дерала на јавениот настан на ЦИВИЛ „Рендгенска снимка на Пописот“ истакна дека од спроведената статистичка операција треба да се извлечат заклучоци дека општеството и државата мора да бидат поотпорни на дезинформациите и хакерските напади. Информациите треба да бидат вистинити и веродостојни и институциите да бидат поотпорни на политички влијанија и притисоци.
 
„На моите колеги од странство тешко им беше да сфатат дека пописот во нашата држава не е само статистичка операција, туку има и политичка позадина. Дел од политичките партии јавно и тајно го попречуваа пописот, за да ја разнишат довербата на институциите. Нападот на статистичкиот процес е всушност да се разнишува довербата во институциите, безбедноста на државата како и меѓуетничката толеранција и соживот.

Ова што сега го зборувам и ваквите разобличувања на оние кои пробаа да го оспорат и попречат пописот, ќе наиде на оркестриран говор на омраза на социјалните мрежи кон мене и организацијата токму од тие структури кои го бојкотираа пописот“, нагласи Дерала.

камера: Атанас Петровски
монтажа: Ариан Мехмети

www.civilmedia.mk",Civil,2021-12-10 14:15:50+00:00,2021,22,3,0,27,довербата во институциите,довербата во институциите,mk,https://www.youtube.com/watch?v=mmU8MvV2UOY
bAGJ8TDVqaM,Испреплетени истории | промоција на едукативни видеа,"Центарот за истражување на национализмот и културата (ЦИНИК) организираше промоција на пет куси едукативни видеа изработени со помош на концептот на „испреплетена историја“. На настанот, беа прикажани петте подготвени видеа, проследени со отворена дискусија на која учествуваа историчарот Дарко Стојанов (во својство на главен консултант во подготовката на видеата) и историчарката Ивана Хаџиевска. Разговорот го водеше Јован Близнаковски. Настанот се одржа во Џебното кино на Младинскиот културен центар (МКЦ), Скопје на 25 ноември 2023 во 19.00 часот.

Концептот на „испреплетена историја“ е историографски концепт кој поаѓа од меѓу-културна перспектива и идеја за меѓусебната поврзаност на општествата, групите и индивидуите; како и другите „типични“ единици на анализа во историската наука: нациите, империите или цивилизациите. Како таков, овој концепт често доаѓа во судир со концептот на „национална историја“, кој, од друга страна, ја истакнува меѓусебната разделеност и специфичност. Клучни предности на историското истражување кое се потпира на концептот на „испреплетени истории“ е што овозможува критички преглед на историските настани, неоптоварени од националните митови и историски канони. Таквиот пристап нѐ доведува до толкувања кои доследно ги земаат предвид временските и просторните контексти на предметот на истражување, на сметка на толкувањата кои однапред претпоставуваат насочување на историските текови кон современите национални каузи.

Соочени со апсолутната доминација на концептот на „национална историја“ во нашата историска наука и јавна сфера, како и од честата злоупотреба на историските толкувања за современи политички цели, ЦИНИК работеше во текот на 2023 година на популаризација на концептот на „испреплетена историја“ во Република Северна Македонија. Плод на оваа работа се пет куси видеа на неколку историски „провокативни“ теми: животните приказни на Григор Прличев и Тодор Паница, дејноста на учителките Недела и Станислава Петкова, продукцијата на списанието „Македонка“ во повоениот период и споделениот религиски храм „Св. Никола / Хад’р Баба“ во Македонски Брод. Петте екранизирани приказни соодветно ја прикажуваат испреплетеноста на историските текови меѓу повеќе национално разделени општества на Балканскиот полуостров, понудувајќи им свежи перспективи за минатите историски настани на едукатор(к)ите, истражувач(к)ите, експерт(к)ите, учениците/чките, студент(к)ит и општата јавност.",Cinik Skopje,2023-11-30 15:40:05+00:00,2023,21,0,0,27,политички настани Македонија,политички настани Македонија,mk,https://www.youtube.com/watch?v=bAGJ8TDVqaM
3YGaQ1vv8kw,ДПМНЕ го избриша името „Република Македонија“ од нивниот Статут!,ДПМНЕ го избриша името „Република Македонија“ од нивниот Статут!,Инфомакс,2024-01-17 13:22:12+00:00,2024,15418,209,6,26,името на Македонија,името на Македонија,mk,https://www.youtube.com/watch?v=3YGaQ1vv8kw
R6X4m08Rrn8,24 Тренд анализа - Дали владеачкото мнозинство чекори кон нова политичка криза?,"Дали владеачкото мнозинство чекори кон нова политичка криза? Во парламентот врие, лидерставата на ДУИ и СДСМ тврдат дека коалицискиот брак е стабилен.
Опозицискиот блок бара предвремени паралментари избори. Се одборјува до претседателските. Непотизам, амнестии, изборен циклус, партиски пазарења – политиката ќе ги исцрта контрите и на економската 2019 година. Бизнисмените веќе предупредуваат на проблеми во меѓусебните плаќања.

Дебатираат Хари Локвенец, пратеник на СДСМ, универзитетскиот прфесор Трајко Славески член на извршнот комитет на ВМРО-ДПМНЕ и економистот Павле Гацов, здружение на даночни советници.",Televizija 24,2019-02-26 02:41:24+00:00,2019,3213,4,5,26,политичка криза,политичка криза,mk,https://www.youtube.com/watch?v=R6X4m08Rrn8
zp0AXZSpmZQ,Со цел да се задржи достоинството – Левица со нов Предлог-закон за денови на жалост,"Прес-конференција на пратеникот од Левица, Амар Мециновиќ по повод новиот предлог на пратеничката група на Левица за искоренување на недоличното и неетичкото однесување во денови на жалост:

„Иницијативата произлегува од потребата за достоинствено, правилно и правично уредување на оваа сензитивна материја. Веруваме дека секое општество треба да постави рамка за како да се однесува во моменти на колективна трагедија и болка. Во моменталната правна рамка постои сериозен законски вакум кога станува збор за уредување на деновите на жалост. Иако Владата има овластување да прогласи денови на жалост, како што и Законот за знамето предвидува тоа да биде ставено на пола копје -  нема јасни правила ниту санкции за непочитување на овој чин. Тоа остава простор за недолично и неетичко однесување. Во јавноста често пати гледаме злоупотреба од профитирање врз трагедијата преку сензуалистички медиумски настапи, до институции кои продолжуваат да функционираат како ништо да не се случило и политизација на деновите на жалост.

Последниот случај со трагедијата во Кочани, во која животот го загубија 60 наши сограѓани – е болен потсетник колку оваа материја е важна и дека е неопходно да се уреди со закон. Со овој Предлог-закон бараме да се воспостави јасен, правичен и достоинствен систем за одбележување на деновите на жалост со цел да се покаже почит, солидарност и да изградиме култура на колективна емпатија во државата.

Овој закон го нуди следното: дефиниција и критериуми за прогласување на денови на жалост врз основа на опфатот и сериозноста на трагичниот настан; прецизна надлежност кој орган го носи решението, во кој рок и на кој начин; обврски за институциите и јавните сервиси за поставување на знамиња на половина копје, соодветна медиумска содржина, одложување на манифестациите што не се соодветни за ситуацијата.
Ова е со цел заштита на достоинството, за да се спречат навредите, несоодветната употреба на јавниот простор и политичко профитерство од трагедиите.

Нагласуваме дека овој Закон нема да го ограничи правото на слободно изразување и приватно однесување, туку тој се однесува за државната, институционалната, јавната работа во тие домени. Ова е истовремено и покана за сите политички партии и општествени чинители, да се вклучат и да дадат мислење за оваа сензитивна материја за која мислиме дека ќе наидеме на широка поддршка во Собранието.
Меѓу другото, ова наше предлог-решение, доаѓа врз основа на комуникација со медиумски работници и со работници во институциите.

Да покажеме дека како држава умееме да чувствуваме, но и да го задржиме достоинството.“",Левица Политичка Партија,2025-04-07 10:48:25+00:00,2025,1208,28,1,26,колективна жалост,колективна жалост,mk,https://www.youtube.com/watch?v=zp0AXZSpmZQ
23ft_KC3hQo,Протест против омаловажување на македонскиот идентитет во Скопје,"Follow Kanal5 on...
• FB: https://smarturl.it/fb5
• IG: https://smarturl.it/Ig5
• Web: https://kanal5.com.mk/

© & ℗ Kanal5 & IN Media. All Rights Reserved



Протест против како што е најавено, омаловажување на Македонскиот национален идентитет и достоинство, се одржува попладнево во центарот на Скопје..

Official facebook: https://www.facebook.com/Kanal5Televizija/
Web: http://kanal5.mk/
Copyright: OnAir Media Group",Канал 5 Телевизија,2020-08-30 16:32:37+00:00,2020,2283,25,0,26,национален идентитет,национален идентитет,mk,https://www.youtube.com/watch?v=23ft_KC3hQo
So8ILXBd69k,"Петков: Бугарија може да го помести ветото, откако Македонија ќе го отвори уставот","Бугарија треба да го помести ветото за македонските евроинтеграции, а не да го подигне, вели бугарскиот премиер Кирил Петков во интервју за бугарската телевизија „Нова“.

Follow Kanal5 on...
• FB: https://smarturl.it/fb5
• IG: https://smarturl.it/Ig5
• Web: https://kanal5.com.mk/

© & ℗ Kanal5 & IN Media. All Rights Reserved",Канал 5 Телевизија,2022-04-23 12:56:44+00:00,2022,1958,3,0,26,бугарско вето Македонија,бугарско вето Македонија,mk,https://www.youtube.com/watch?v=So8ILXBd69k
WAYom3Dfzfs,Канал 5 со детали за Предлог- преговарачката рамка на Македонија со ЕУ,"Дел од францускиот предлог, освен предлог-заклучоците на советот на еу за состанокот идната недела, е и предлог-преговарачката рамка..Канал 5 објавува детали за предлогот на преговарачката рамка со ЕУ .

Follow Kanal5 on...
• FB: https://smarturl.it/fb5
• IG: https://smarturl.it/Ig5
• Web: https://kanal5.com.mk/

© & ℗ Kanal5 & IN Media. All Rights Reserved",Канал 5 Телевизија,2022-06-17 18:20:49+00:00,2022,990,1,0,26,француски предлог Македонија,француски предлог Македонија,mk,https://www.youtube.com/watch?v=WAYom3Dfzfs
Y_NHM2EgS6I,ЕК: Нема гаранции дали до 2030 година Македонија може да стане членка на ЕУ,"Дебатата за уставните измени ќе почне пред летото, изјави во Брисел вицепрмеиерот за евроинтеграции Бојан Маричиќ, кој учестувавше на почетокот на скринингот за кластерот 4 посветен на зелената агенда. 
Follow Kanal5 on...
• FB: https://smarturl.it/fb5
• IG: https://smarturl.it/Ig5
• Web: https://kanal5.com.mk/

© & ℗ Kanal5 & IN Media. All Rights Reserved",Канал 5 Телевизија,2023-03-15 14:13:03+00:00,2023,901,3,0,26,интеграција во ЕУ Македонија; уставни измени Македонија,уставни измени Македонија,mk,https://www.youtube.com/watch?v=Y_NHM2EgS6I
LkeoMKpqCyc,Филип Аврамчев потрошил милион денари за обезбедување настани за Универзална сала која не работи,"„Директорот на Универзална сала, Филип Аврамчев од ЛДП, за само две години потрошил речиси милион денари за обезбедување настани и уште 250.000 денари за нафта и гориво за сала која не работи. 

Иако Универзалната сала со години не е во функција, тоа го нема спречено Аврамчев да се однесува како да е во екот на своето работење. За само две години, тој потрошил 500.000 денари за изнајмување возила за сопствени луксузирања. 

Постојат и можни индикации за криминални зделки, преку склучени договори за обезбедување на имот и лица на манифестации кои се реализираат во организација на Универзална сала, иако таа со години скоро и да не организира настани. Директорот Аврамчев склучил два договори за обезбедување со приватна фирма „Гард ДООЕЛ” од Скопје, во вкупна вредност од над 15.000 евра. 

Функционерството во Македонија, наместо општествена дејност, претставува дејност за производство на јавен долг и трошење на јавните пари. А кај што се јавните добра, таму се и паразитите, а во овој случај, партиите - шампиони на корупцијата. Наместо Скопје да добие центар на сите културни случувања, побитно е трошењето на јавните пари и штитењето на корумпираните партиски кадри.

Цените на овие договори не се мали и тоа има сериозни последици и е само надополнување на долгата нишка на ѓердани на мафијашката политика. Тоа што нема правни последици е токму затоа што имаме нелегитимни влади и коалиции, каде пајтон партиите како ЛДП ќе станат послушници на новиот режим за да ги заштитат своите криминални кадри.""
Прес-конференција на портпаролот на Левица, Амар Мециновиќ.",Левица Политичка Партија,2022-02-17 13:02:17+00:00,2022,637,27,0,26,политички настани Македонија,политички настани Македонија,mk,https://www.youtube.com/watch?v=LkeoMKpqCyc
A33zpNK7LTw,Борел: Без старт на преговори со Македонија до јуни ЕУ ризикува криза во односите со Западен Балкан,,Телма ТВ / Telma TV,2022-05-16 19:54:30+00:00,2022,549,4,0,26,ЕУ преговори Македонија,ЕУ преговори Македонија,mk,https://www.youtube.com/watch?v=A33zpNK7LTw
p-qlLj09y1c,"Заев: Ќе сторам сè процесот на уставни измени да биде успешен, да покажеме заедништво за ЕУ и НАТО","http://vlada.mk/
___

Влада на Република Македонија на социјалните мрежи:

Facebook: www.facebook.com/VladaMK
Twitter: www.twitter.com/VladaMK
Instagram: www.instagram.com/mkvlada
Flickr: www.flickr.com/vladamk",Влада на‎ Република Северна Македонија,2018-11-27 14:07:59+00:00,2018,507,3,0,26,уставни измени Македонија,уставни измени Македонија,mk,https://www.youtube.com/watch?v=p-qlLj09y1c
9nbaymroWaI,"Скопје, Тирана и Белград менуваа и Устав за реформи во судството, зошто тоа се уште не е независно?","Група истражувачи од Северна Македонија, Албанија и Србија го анализираа законодавството во трите држави и дојдоа до заклучок дека рамката гарантира независност на судската власт. Па сепак, нема перцепција во ниту една од земјите дека судството ја искористила понудената моќ во свои раце

Недостаток на судска култура е „дијагнозата“ за состојбата која експертите предлагаат дека треба да се подобри преку серија мерки кои треба да се спроведат и во трите држави но и со помош на Брисел",360 Stepeni,2022-04-19 11:04:16+00:00,2022,386,1,0,26,реформа на уставот Македонија,реформа на уставот Македонија,mk,https://www.youtube.com/watch?v=9nbaymroWaI
LVrunB17a4E,Одбележување на денот на НАТО – 4 април,"Македонија го прославува денот на НАТО како фактор за стабилност и безбедност во регионот во кој граѓаните имаат сигурна иднина, а вредностите на НАТО и ЕУ се вредности кои се врежани и кај граѓаните на Македонија, вели премиерот Димитар Ковачевски.

Follow Kanal5 on...
• FB: https://smarturl.it/fb5
• IG: https://smarturl.it/Ig5
• Web: https://kanal5.com.mk/

© & ℗ Kanal5 & IN Media. All Rights Reserved",Канал 5 Телевизија,2022-04-04 13:15:06+00:00,2022,346,0,0,26,НАТО ЕУ Македонија протест,НАТО ЕУ Македонија протест,mk,https://www.youtube.com/watch?v=LVrunB17a4E
73ZwmGndqZ4,"Жерновски од ООН: По надминување на политичката криза, Владата ги забрза реформите во земјата","http://vlada.mk/
___

Влада на Република Македонија на социјалните мрежи:

Facebook: www.facebook.com/VladaMK
Twitter: www.twitter.com/VladaMK
Instagram: www.instagram.com/mkvlada
Flickr: www.flickr.com/vladamk",Влада на‎ Република Северна Македонија,2019-01-25 10:14:55+00:00,2019,161,1,0,26,политичка криза Македонија,политичка криза Македонија,mk,https://www.youtube.com/watch?v=73ZwmGndqZ4
01ajck2aNVg,"НОБ- Основа на денешната слобода, државност и  идентитет","Народноослободителната борба (НОБ) претставува значаен историски период кој го обележа патот кон слободата и суверенитетот на Македонија. Во текот на Втората светска војна, македонскиот народ ја презеде својата судбина во свои раце, борејќи се за национално ослободување и социјална правда. Во таа борба не само што се создаде масовен отпор против окупаторските сили, туку се поставија и основите за современата македонска државност преку прогласувањето на АСНОМ.

Денес, наследството на НОБ ни служи како потсетник за силата на единството, солидарноста и посветеноста на вредностите кои ја обликуваа Македонија како независна и суверена држава. Реконципираниот дизајн на делот од постојаната поставка „Македонија во Втората светска војна“ неодамна е промовиран пред публиката во НУ Музеј на македонската борба за самостојност. Новиот концепт поткрепен со музејски предмети, примарни извори, фотографии, лични фондови... опфаќа неколку тематски целини со кои автентично се портретира клучната етапа на македонскиот народ во создавањето на независна и суверена држава. Автор на проектот е м–р Данијела Трајкова Крстиќ, виш кустос во музејот, а проектот е поддржан во годишната програма на Министерството за култура за минатата година. Музејската поставка за овој значаен период има цел не само да ги претстави историските моменти, туку и да го истакне длабокото значење на НОБ за нашето денешно општество и иднина.",Трн.мк,2025-04-15 17:22:56+00:00,2025,145,2,0,26,национален идентитет,национален идентитет,mk,https://www.youtube.com/watch?v=01ajck2aNVg
aIvZ-GeWOTY,Film and Music vs. Politics: Who Speaks Louder?,"We present to you the third episode of the videocast series “Balkan Perspectives.”

In the episode “Film and Music vs. Politics: Who Speaks Louder?”, Maksim Nikiforovski, Ivana Dragsić, and Hanis Bagashov discuss the role of film and music in Macedonia’s post-conflict society. Does art, with its universal language, succeed in overcoming ethnic divisions today and reaching both Macedonians and Albanians equally?

In a society where there is a shortage of professionals in many fields, the conversation will also address the topic of interethnic cooperation in the field of art. Have our filmmakers and musicians dealt with themes of reconciliation, collective memory, and confronting the past in their work — or does a silent (self)censorship still prevail in order not to awaken the ghosts of the past?

Ви ја претставуваме третата епизода од видеокаст серијалот „Балкански Перспективи“

Во епизодата „Филмот и музиката наспроти политиката: Кој е погласен?“ Максим Никифоровски, Ивана Драгшиќ и Ханис Багашов разговараат за улогата на филмот и музиката во постконфликтното општество во Македонија. Дали уметноста и нејзиниот универзален јазик успева да ги надмине етничките поделби денес и да се обрати подеднакво и до Македонците и до Албанците? 

Во општество во кое недостасуваат повеќе професионалци во сите области, ќе се отвори темата за меѓуетничката соработка на полето на уметноста. Дали нашите филмски и музички уметници, во своите дела ги обработувале темите на помирување, колективна меморија и соочување со минатото ,или постои тивка (само)цензура за да не ги будиме духовите од минатото?",ProPeace - North Macedonia Program,2025-10-03 11:00:03+00:00,2025,83,0,0,26,колективна меморија,колективна меморија,mk,https://www.youtube.com/watch?v=aIvZ-GeWOTY
x3cTiElCr4o,МАКЕДОНИЈА ВО КОЛЕКТИВНА ТРАУМА - КАКО ДА СЕ ЗАЛЕЧАТ РАНИТЕ ПО ТРАГЕДИЈАТА ВО КОЧАНИ?,,Македонија наутро,2025-03-24 10:08:53+00:00,2025,51,0,0,26,колективна траума,колективна траума,mk,https://www.youtube.com/watch?v=x3cTiElCr4o
V42776uWR4E,Скопје домаќин на самитот на лидерите ЕУ Западен Балкан,"Во Скопје денес се одржa Самит на лидерите на Западен Балкан и Европската Унија (АА) чиј домаќин беше премиерот на Северна Македонија, Христијан Мицкоски.

На самитот, посветен на Планот за раст, присуствува еврокомесарката за проширување, Марта Кос, албанскиот премиер Еди Рама, претседавачката со Советот на министри на Босна и Херцеговина, Борјана Кристо, српскиот министер за европски интеграции Немања Старовиќ, потпретседателот на Владата на Црна Гора, Филип Ивановиќ, и вршителот на должноста премиер на Косово, Албин Курти.

Самитот е посветен на Планот за раст што е можност за евалуација на постигнатиот напредок и наредните чекори за зајакнување на европската интеграција на регионот.",Anadolu Agency Macedonian,2025-07-01 14:14:41+00:00,2025,48,0,0,26,интеграција во ЕУ Македонија,интеграција во ЕУ Македонија,mk,https://www.youtube.com/watch?v=V42776uWR4E
E0Dwv_8nzGw,Спасовски: МАЕИ придонесува за подигање на свесноста за посебниот македонски идентитет,"Поздравен говор на Оливер Спасовски, министер за внатрешни работи на Република Македонија, на четвртиот конгрес на партијата Македонска алијанса за европска интеграција во Корча, Република Албанија. 
----- 
Fjala përshëndetëse e Oliver Spasovski, Ministër i Punëve të Brendshme të Republikës së Maqedonisë, në Kongresin e Katërt të partisë Aleanca e Maqedonasve për Integrimin Europian në Korçë.",Macedonian Alliance for European Integration ,2023-08-12 22:56:13+00:00,2023,9,0,0,26,македонски идентитет,македонски идентитет,mk,https://www.youtube.com/watch?v=E0Dwv_8nzGw
9jXidfA0LGw,24 Тренд анализа - Дали се бетонира или се минира државноста на Македонијa?,"Дали се бетонира или се минира државноста на Македонија. Се менува преамбулата на Уставот? Албанските партии напишаа амандмани на владините амандмани - дали зад етничкото прашање се крие политички блеф за дневна употреба? Владејачкото мнозинство очекува нови опозиционери што ќе дадат поддршка на евроатланската перспектива. Опозицијата најавува жесток фронт. Што ќе значат измените во Уставот и како со нив ќе чекори Македонија?
Екс-дипломатот, Алајдин Демири и професорите Јове Кекеновски и Александар Спасов.",Televizija 24,2018-11-06 00:09:26+00:00,2018,7229,18,21,25,реформа на уставот Македонија,реформа на уставот Македонија,mk,https://www.youtube.com/watch?v=9jXidfA0LGw
B7SAQYNnxNo,"Мециновиќ: Лошо е што за вас ова е ‘несреќа’, а всушност е крах на системот кој ни уби сограѓани","Излагање на пратеникот од Левица, Амар Мециновиќ, на вчерашната седница за Интерпелација на министерот за внатрешни работи – Тошковски:

„Отворено Ве прашувам на која скала ја ставате вредноста на животот во однос на другите вредносни начела? Каде е вредноста на животот во Вашиот морален компас?
Мене ми се чини министре, дека Вие моралот не го користите како аргумент, туку како последна Ваша заштита. Денеска за Вас имаше стотина полицајци околу Собранието, а за младите нема одбрана. Тие не се чувствуваат одбрането, туку нападнато, запоставено и угнетено. Младите не можат да имаат ист морал со Вас, бидејќи тие прво губеа прилики, па години, сега губат пријатели, дечковци, девојки – потполно незаштитени. Се чувствуваат како да живеат во стапица во која има темпирана бомба.

Довербата во политичарите е на многу пониско ниво од довербата во судството. Вие министре, наместо да создавате чувство на безбедност кога ќе се појавите пред граѓаните - Вие создавате чувство на резигнација, сакајќи да ги одбраните поединците кои знаете дека имаат свој придонес во структурното насилство кое го чувствуваат нашите граѓани.

Лошо е што за Вас ова е сѐ уште несреќа. Ова не беше вис мајор. Ова беше крах на систем кој ни уби сограѓани! Несреќа е земјотрес, а Македонија е држава каде што животот се купува и продава“.",Левица Политичка Партија,2025-04-30 08:37:33+00:00,2025,3582,86,12,25,довербата во системот,довербата во системот,mk,https://www.youtube.com/watch?v=B7SAQYNnxNo
zEKlzOInUo0,"Совет на ЕУ: Ниту преговори, ниту датум за Македонија додека не се повлече бугарското вето","Follow Sitel Televizija on...
• WEB: http://sitel.com.mk/
• FB: https://smarturl.it/sitelFB
• IG: https://smarturl.it/SitelInstagram
• Tw: https://smarturl.it/SitelTwitter

© & ℗ Sitel Televizija All Rights Reserved",Сител Телевизија,2021-12-14 20:01:33+00:00,2021,1296,10,8,25,ЕУ преговори Македонија,ЕУ преговори Македонија,mk,https://www.youtube.com/watch?v=zEKlzOInUo0
-u-oSfCxE-0,"Демонстрати симнаа девојка од бина, извикувала слогани за ЕУ и НАТО","Follow Kanal5 on...
• FB: https://smarturl.it/fb5
• IG: https://smarturl.it/Ig5
• Web: https://kanal5.com.mk/

© & ℗ Kanal5 & IN Media. All Rights Reserved



Пред парламентот, трет ден се одржува протест против преспанскиот договор и уставните измени.",Канал 5 Телевизија,2019-01-11 14:47:15+00:00,2019,1476,3,1,25,НАТО ЕУ Македонија протест,НАТО ЕУ Македонија протест,mk,https://www.youtube.com/watch?v=-u-oSfCxE-0
Fj85OANFj-U,"Заев: Продолжуваме инклузивно, над партиските определби, да обезбедиме членство во НАТО и ЕУ","http://vlada.mk/
___

Влада на Република Македонија на социјалните мрежи:

Facebook: www.facebook.com/VladaMK
Twitter: www.twitter.com/VladaMK
Instagram: www.instagram.com/mkvlada
Flickr: www.flickr.com/vladamk",Влада на‎ Република Северна Македонија,2018-12-01 13:42:19+00:00,2018,1609,5,0,25,НАТО ЕУ Македонија протест,НАТО ЕУ Македонија протест,mk,https://www.youtube.com/watch?v=Fj85OANFj-U
e2rocQfw1uQ,Ќе има ли модифициран „француски предлог“ што ќе ги содржи забелешките на Македонија?,"На три дена до крајот на француското претседателство, македонската Влада чека модифициран предлог за решавање на отворените прашања со Бугарија.

Follow Kanal5 on...
• FB: https://smarturl.it/fb5
• IG: https://smarturl.it/Ig5
• Web: https://kanal5.com.mk/

© & ℗ Kanal5 & IN Media. All Rights Reserved",Канал 5 Телевизија,2022-06-27 13:36:56+00:00,2022,1398,8,0,25,француски предлог Македонија,француски предлог Македонија,mk,https://www.youtube.com/watch?v=e2rocQfw1uQ
8H5bj5HNlTw,Македонија и по втор пат блокирана од Бугарија на патот кон ЕУ,"Ниту португалското претседателство не успеа во немерата да ја убеди Софија да дозволи почеток на преговори.. 

Follow Kanal5 on...
• FB: https://smarturl.it/fb5
• IG: https://smarturl.it/Ig5
• Web: https://kanal5.com.mk/

© & ℗ Kanal5 & IN Media. All Rights Reserved",Канал 5 Телевизија,2021-06-22 16:23:06+00:00,2021,1327,14,0,25,бугарско вето Македонија,бугарско вето Македонија,mk,https://www.youtube.com/watch?v=8H5bj5HNlTw
CTkL01_WA1Q,Борел: Оваа година е клучна за уставните измени-француската рамка е најдобрата понуда,"Вратите за членство во Европската Унија се отворени, следниот чекор треба да го направи Македонија со испорака на реформи, но и уставните измени .
Follow Kanal5 on...
• FB: https://smarturl.it/fb5
• IG: https://smarturl.it/Ig5
• Web: https://kanal5.com.mk/

© & ℗ Kanal5 & IN Media. All Rights Reserved",Канал 5 Телевизија,2023-03-17 14:04:48+00:00,2023,860,3,0,25,реформа на уставот Македонија,реформа на уставот Македонија,mk,https://www.youtube.com/watch?v=CTkL01_WA1Q
S4N9FeDGkkQ,"Ковачевски: Македонскиот јазик е дефиниран, ние сме народ со посебен идентитет","Македонскиот јазик е дефиниран, ние сме народ со посебен идентитет изјави премиерот Димитар Ковачевски одговарајќи му на перетседателот на Бугарија Румен Радев за неговите тврдења дека Македонија ја фалсифуикува историјата.
Follow Kanal5 on...
• FB: https://smarturl.it/fb5
• IG: https://smarturl.it/Ig5
• Web: https://kanal5.com.mk/

© & ℗ Kanal5 & IN Media. All Rights Reserved",Канал 5 Телевизија,2022-04-21 09:10:54+00:00,2022,765,5,0,25,македонски идентитет,македонски идентитет,mk,https://www.youtube.com/watch?v=S4N9FeDGkkQ
DOmNqLp-f4k,Холандскиот премиер Марк Руте утре во посета на Македонија,"Холандскиот премиер Марк Руте доаѓа во утре доаѓа во земјава, ден пред гласањето за доверба на Владата.

Follow Kanal5 on...
• FB: https://smarturl.it/fb5
• IG: https://smarturl.it/Ig5
• Web: https://kanal5.com.mk/

© & ℗ Kanal5 & IN Media. All Rights Reserved",Канал 5 Телевизија,2021-11-09 14:04:26+00:00,2021,522,0,0,25,реформа на уставот Македонија,реформа на уставот Македонија,mk,https://www.youtube.com/watch?v=DOmNqLp-f4k
raXWCb-hAYI,Одговор на пратеничко прашање за ЕУ интеграција и економски придобивки,"http://vlada.mk/
___

Влада на Република Северна Македонија на социјалните мрежи:

Facebook: www.facebook.com/VladaMK
Twitter: www.twitter.com/VladaMK
Instagram: www.instagram.com/mkvlada
Flickr: www.flickr.com/vladamk",Влада на‎ Република Северна Македонија,2023-10-26 13:25:24+00:00,2023,192,2,0,25,интеграција во ЕУ Македонија,интеграција во ЕУ Македонија,mk,https://www.youtube.com/watch?v=raXWCb-hAYI
oMgLs6m6I5c,Младински перспективи: подобрување на квалитетот на македонското образование преку интеграција во ЕУ,"http://vlada.mk/
___

Влада на Република Северна Македонија на социјалните мрежи:

Facebook: www.facebook.com/VladaMK
Twitter: www.twitter.com/VladaMK
Instagram: www.instagram.com/mkvlada
Flickr: www.flickr.com/vladamk",Влада на‎ Република Северна Македонија,2024-01-18 08:14:55+00:00,2024,140,1,0,25,интеграција во ЕУ Македонија,интеграција во ЕУ Македонија,mk,https://www.youtube.com/watch?v=oMgLs6m6I5c
Zx1CNxT6oGg,"Одбележување на Светскиот ден  на книгата и авторското право, 2025","📚✨ Светски ден на книгата и авторските права – 23 Април 2025 ✨📚Денес славиме нешто повеќе од книга – го славиме јазикот, мислата и креативноста. Во чест на 80 години од кодификацијата на македонскиот литературен јазик, ја препознаваме книгата како чувар на нашиот идентитет и сведоштво на нашата култура.

Да им оддадеме чест на сите автори – познати и непознати – кои со своите зборови ја збогатуваат нашата колективна меморија. Да го негуваме јазикот, да ја цениме книгата и да го заштитиме авторскиот труд.

Во НУУБ „Св. Климент Охридски“ – Битола, пораката по повод овој значаен ден ја прочита директорката м-р Емилија Стефановска Давкова, а пораката од УНЕСКО ја сподели проф. Сара Груеска.

📖 Читањето е чин на отпор. Пишувањето е чин на надеж.
Во чест на книгата. Во чест на авторот. Во чест на македонскиот јазик.",НУУБ Св.Климент Охридски Битола,2025-04-23 09:37:30+00:00,2025,48,2,0,25,колективна меморија,колективна меморија,mk,https://www.youtube.com/watch?v=Zx1CNxT6oGg
soItt4viZys,"Бугарија со предупредување до ЕУ: Прво уставни измени, па интеграција на Македонија","Follow Sitel Televizija on...
• WEB: http://sitel.com.mk/
• FB: https://www.facebook.com/sitelmk
• IG: https://www.instagram.com/sitel.tv/
• Tw: https://twitter.com/SitelTV
• TT: https://www.tiktok.com/@sitel.televizija

© & ℗ Sitel Televizija All Rights Reserved",Сител Телевизија,2024-12-17 15:56:13+00:00,2024,2086,9,15,24,интеграција во ЕУ Македонија,интеграција во ЕУ Македонија,mk,https://www.youtube.com/watch?v=soItt4viZys
WN6SXjGDSk0,"Јаневска потврди, ништо од раскинување на Преспански и Бугарски договор","Јаневска потврди, ништо од раскинување на Преспански и Бугарски договор",Инфомакс,2024-10-16 12:41:03+00:00,2024,2185,68,2,24,Преспански договор; преспански договор,преспански договор,mk,https://www.youtube.com/watch?v=WN6SXjGDSk0
uZpGlz9Elco,Анкета на ИРИ: 57 отсто се за членство во НАТО и ЕУ под името Република Северна Македонија,"Web: http://sitel.com.mk/
Facebook: https://www.facebook.com/tvsitel.mk/
Twitter: https://twitter.com/SitelTV
Instagram: https://www.instagram.com/siteltelevision/

Copyright: OnAir Media Group; www.onair.mk",Сител Телевизија,2018-08-29 16:26:53+00:00,2018,323,0,2,24,интеграција во ЕУ Македонија,интеграција во ЕУ Македонија,mk,https://www.youtube.com/watch?v=uZpGlz9Elco
Wq_EARUjwIs,Стрес - Агнус Деи | Сара Павлова,"Серијал 3, тема 3: „Стрес“

Живееме во динамично општество каде што е скоро невозможно некој да каже дека не се соочува со стресни ситуации. Динамиката во која живееме ни го наметнува тој начин наживот.

Не е веќе прашањето дали се соочуваме со стрес, било на школо, факултет или на работа. Веќе прашањето е како успеваме или не успеваме да се справиме со тој стрес?

Дознајте во краток разговор со Sara Pavlova како и вие може да се справите со секојдневниот стрес во вашиот живот.

Во 1 Петрово 5:7 вели: „Сите ваши грижи предадете ги на Него, зошто Тој се грижи за вас!“

-----------------------------------------------------------------------------------

Агнус Деи е Христијанска невладина организација во Македонија, која постои со цел да го сподели Евангелието на Исус Христос со младата популација.

Нашата мисија е да ја позиционираме пораката на Евангелието токму таму каде што младите луѓе го поминуваат своето време најмногу - онлајн, а со тоа да изградиме мостови кои ќе носат луѓе до љубовта и надежта кои ги пронаоѓаме во Исус Христос.

Онлајн искуството и содржината која младите луѓе во Македонија ја впиваат, ги загадува нивните умови. Тоа несвесно на младите им внесува погрешни морални вредности. Потребно е да се внесе порака на надеж и да се сподели пораката од Евангелието на пошироко ниво. Многу психолошки истражувања покажуваат дека содржината која тие ја впиваат влијае врз нивниот мисловен процес.

Затоа нашата визија е да допринесеме за промена на оваа состојба во Македонија. Преку директната порака на Евангелието се стремиме да ги охрабриме младите луѓе да почнат да размислуваат за нивниот духовен живот, и да ја спознаат вистината за Евангелието и за тоа кој е Исус Христос.

Нашите срца се трогнати и ние се молиме дека нашиот Бог ќе ги отвори вашите срца за добрата вест од Евангелието. 

-----------------------------------------------------------------------------------

Сабскрајбнете и станете дел - - https://bit.ly/2RYuYw9
Instagram - - https://bit.ly/2DMf4wi
Facebook - - http://bit.ly/2WVpuRR

Искористена музика во позадина:
Best Documentary Background Music For Videos | Cinematic Music - - https://youtu.be/_PybCKpaw3U",Агнус Деи,2019-04-29 10:22:40+00:00,2019,78,3,2,24,стрес во општеството,стрес во општеството,mk,https://www.youtube.com/watch?v=Wq_EARUjwIs
lfzspbgB3VM,Мециновиќ: Бетонско чудовиште во Гази Баба ќе градат компании блиски до Мицкоски и до СДСМ,"Прес-конференција на портпаролот на Левица, Амар Мециновиќ.

„Од крајот на 2021 година, кога опозицискиот бран резултираше со пораз на СДС на локалните избори - го живееме времето на широката коалиција. Раководствата и функционерите на СДСМ и ВМРО-ДПМНЕ никогаш не соработувале повеќе и не биле поблиски отколку сега. Двете најголеми партии кохабитираат на власт.

Се чини, дека пред нас претстои уште едно крунисување на нивната плодна соработка, во доменот каде што тие се најсреќни и конструктивни меѓусебно - а тоа е градежништвото.

Имено, во општина Гази Баба, ќе се гради урбанистичко чудовиште од 50.000 квадратни метри - 16 згради со по над 10 ката, на простор поголем од ИстГејт мол - проект од кој ќе профитираат единствено фирми блиски до раководствата на СДСМ и ВМРО-ДПМНЕ, а на штета на жителите на Гази Баба и Скопје.

Здружените фирми во овој бизнис подвиг, се познати имиња кои ги следат низа коруптивни скандали. Повеќе детали за фирмите до медиумите ќе пратиме преку партиско соопштение.

Јасно е дека ВМРО-ДПМНЕ после 7 години опозиција не бира средства да ја наполни партиската каса, додека за СДСМ овој ентузијазам на нивните пријатели од ВМРО-ДПМНЕ е добродојден, бидејќи им овозможува непречено одвивање на криминалните дејности.

Монструозните Детални урбанистички планови кои ги сервираат градоначалниците на ДПМНЕ, потврдуваат дека партијата никогаш не ги штитела народните интереси - туку работела само за интересите на олигархијата - и заедно со СДСМ им ја приредуваат мизеријата на жителите на Скопје и Република Македонија.“",Левица Политичка Партија,2023-07-22 10:53:25+00:00,2023,693,16,1,24,политички настани Македонија,политички настани Македонија,mk,https://www.youtube.com/watch?v=lfzspbgB3VM
eR30B38Q3pU,Ристиќева палата - симбол на старо Скопје,"Ристиќева палата 96 години сведочи за најразлични културни, спортски и политички настани. Во неа до 2011 година беше сместен првиот лифт донесен во Македонија од марката „Стиглер“.",Види Вака,2022-04-30 18:00:10+00:00,2022,196,3,1,24,политички настани Македонија,политички настани Македонија,mk,https://www.youtube.com/watch?v=eR30B38Q3pU
GU3qLw8pu7c,Бугарија и денеска го блокираше стартот на преговорите за членство во ЕУ,"Очекувано, Бугарија и денеска ја блокираше Македонија на патот кон Европската Унија... 

Follow Kanal5 on...
• FB: https://smarturl.it/fb5
• IG: https://smarturl.it/Ig5
• Web: https://kanal5.com.mk/

© & ℗ Kanal5 & IN Media. All Rights Reserved",Канал 5 Телевизија,2020-12-08 16:39:38+00:00,2020,1406,20,0,24,бугарско вето Македонија,бугарско вето Македонија,mk,https://www.youtube.com/watch?v=GU3qLw8pu7c
KAqFHUlnD6Q,Ахмети е оптимист и смета оти до крајот на месецот ќе се најде решение со Бугарија,"Додека Владата и Министерството за надворешни работи не откриваат дали и што е прифатливо од францускиот предлог за Македонија се додека не го помине филтерот во бугарското Собрание, лидерот на ДУИ Али Ахмети очекува позитивен исход. 

Follow Kanal5 on...
• FB: https://smarturl.it/fb5
• IG: https://smarturl.it/Ig5
• Web: https://kanal5.com.mk/

© & ℗ Kanal5 & IN Media. All Rights Reserved",Канал 5 Телевизија,2022-06-20 13:27:43+00:00,2022,984,2,0,24,довербата во системот,довербата во системот,mk,https://www.youtube.com/watch?v=KAqFHUlnD6Q
PGG5q0E1qeE,"Мицкоски: Уставни измени нема да има,текстот е наприфатлив и штетен за Македонија","ВМРО-ДПМНЕ на координација со пратеничката група и коалициските партнери ќе договара како партијата ќе настапи во Собранието, откако уставните амандмани беа усвоени од Владата и испратени во законодавниот дом.
Follow Kanal5 on...
• FB: https://smarturl.it/fb5
• IG: https://smarturl.it/Ig5
• Web: https://kanal5.com.mk/

© & ℗ Kanal5 & IN Media. All Rights Reserved",Канал 5 Телевизија,2023-07-19 13:59:24+00:00,2023,928,5,0,24,уставни измени Македонија,уставни измени Македонија,mk,https://www.youtube.com/watch?v=PGG5q0E1qeE
suKsezhqKk4,Пендаровски: Македонија нема да се зачлени во Евроазиската унија - нема членство во две унии,"Follow Kanal5 on...
• FB: https://smarturl.it/fb5
• IG: https://smarturl.it/Ig5
• Web: https://kanal5.com.mk/

© & ℗ Kanal5 & IN Media. All Rights Reserved



Обновувањето на дијалогот на македонско-руската комисија за стопанска соработка ги подгреа очекувањата за можноста од членство во Евроазиската унија.",Канал 5 Телевизија,2019-11-15 14:00:38+00:00,2019,874,5,0,24,реформа на уставот Македонија,реформа на уставот Македонија,mk,https://www.youtube.com/watch?v=suKsezhqKk4
xWWoSOtOW1E,Европската комисија очекува Бугарија да го крене ветото за Македонија,"Европската комисија очекува Бугарија да го крене ветото за Македонија.

Follow Kanal5 on...
• FB: https://smarturl.it/fb5
• IG: https://smarturl.it/Ig5
• Web: https://kanal5.com.mk/

© & ℗ Kanal5 & IN Media. All Rights Reserved",Канал 5 Телевизија,2022-04-07 13:25:17+00:00,2022,703,1,0,24,бугарско вето Македонија,бугарско вето Македонија,mk,https://www.youtube.com/watch?v=xWWoSOtOW1E
6DPiy6yyjwY,„Денот Д“ за Бугарија: Дали ќе го прифатат или отфлат францускиот предлог?,"Францускиот предлог и билатералниот протокол со Македонија веќе се во Комисијата за надворешна политика во бугарското Собрание, но нема информации дали и за кога е предвидена седницата на комисијата.

Follow Kanal5 on...
• FB: https://smarturl.it/fb5
• IG: https://smarturl.it/Ig5
• Web: https://kanal5.com.mk/

© & ℗ Kanal5 & IN Media. All Rights Reserved",Канал 5 Телевизија,2022-06-20 13:25:09+00:00,2022,625,1,0,24,довербата во системот; француски предлог Македонија,довербата во системот,mk,https://www.youtube.com/watch?v=6DPiy6yyjwY
p5sMhQSQ388,"Стрес, паника, криза, нервоза  причини за нарушување на менталното здравје, штипјани ретко ...","Стрес, паника, криза, нервоза  причини за нарушување на менталното здравје, штипјани ретко посетуваат психолог",Телевизија M-Net HD,2024-10-10 12:45:36+00:00,2024,213,1,0,24,стрес во општеството,стрес во општеството,mk,https://www.youtube.com/watch?v=p5sMhQSQ388
vru2pl4DIMg,(ВИДЕО) Лондон порачува партиите да ги надминат разликите за прашањето за уставни измени,"Обединетото Кралство очекува Северна Македонија да го продолжи, но и да го интензивира реформскиот пат. Пораката во Скопје ја донесе британскиот министер за Европа, Лео Докерти, кој за 360 степени, вели дека е клучно партиите во земјата да ги надминат меѓусебните разлики за клучното прашање за промена на Уставот. Во интервјуто, Докерти зборува за војната во Украина, ефектот врз Западен Балкан и можните ризици за регионот, соработката меѓу Лондон и Скопје, бранот албански мигранти кој ја преплави Британија",360 Stepeni,2022-12-20 15:36:52+00:00,2022,210,0,0,24,уставни измени Македонија,уставни измени Македонија,mk,https://www.youtube.com/watch?v=vru2pl4DIMg
uVHiD4puSus,Трибина меѓу македонски и грчки интелектуалци за Преспанскиот договор,"Follow Kanal5 on...
• FB: https://smarturl.it/fb5
• IG: https://smarturl.it/Ig5
• Web: https://kanal5.com.mk/

© & ℗ Kanal5 & IN Media. All Rights Reserved



Една година од стапувањето во сила на Преспанскиот договор, одредбите различно се применуваат во двете држави. 

Official facebook: https://www.facebook.com/Kanal5Televizija/
Web: http://kanal5.mk/
Copyright: OnAir Media Group",Канал 5 Телевизија,2020-02-27 14:28:14+00:00,2020,176,0,0,24,Преспански договор; преспански договор,преспански договор,mk,https://www.youtube.com/watch?v=uVHiD4puSus
8j1ccduOVwA,МРТ ➡ Македонија наутро: гостување на проф. д-р Синиша Наумоски,(25.08.2022) -  Тема: „Економија - актуелни настани дома и во ЕУ“,Heidelberg Institute of Skopje,2022-08-26 08:09:30+00:00,2022,129,0,0,24,политички настани Македонија,политички настани Македонија,mk,https://www.youtube.com/watch?v=8j1ccduOVwA
SW-uWx7_7ts,"Од држава со длабока политичка криза, Македонија стана држава со јасна волја за напредок",,SDSMtube,2018-06-11 15:17:04+00:00,2018,117,4,0,24,политичка криза; политичка криза Македонија,политичка криза Македонија,mk,https://www.youtube.com/watch?v=SW-uWx7_7ts
zYD624nM35g,Засилени случаи на пост-трауматски стрес кај новинарите што известуваат од конфликтни зони,"Засилени случаи на пост-трауматски стрес кај новинарите што известуваат од конфликтни зони
Посттрауматско стресно растројство првпат го препозна Американската психијатриска асоцијација во 1980 година. Но, редакциите ширум светот тоа бавно го препознаваат кај новинарите.
Авторка Кристина Каиседо Смит",Глас на Америка,2023-06-30 09:02:34+00:00,2023,94,0,0,24,стрес во општеството,стрес во општеството,mk,https://www.youtube.com/watch?v=zYD624nM35g
aL1wIpGmcqw,Петков: Македонија има историска  шанса годинава да почне преговори со ЕУ,,Televizija 24,2018-01-25 13:13:33+00:00,2018,87,0,0,24,ЕУ преговори Македонија,ЕУ преговори Македонија,mk,https://www.youtube.com/watch?v=aL1wIpGmcqw
yV4tzx4Nvnc,Македонија во колективна тага - Дали се извлекува поука од ваквите трагедии 24.11.2021,,Утринска на Телма / Utrinska na Telma,2021-11-24 18:28:00+00:00,2021,63,0,0,24,колективна тага,колективна тага,mk,https://www.youtube.com/watch?v=yV4tzx4Nvnc
pgncXkXvzkk,Концептот на еднаквост и правичност е клучен за нашето мултикултурно општество,"ЦИВИЛ одржа панел дискусија на тема „Преку почитување на различностите до справување со дискриминацијата“. На панелот учевствуваа Маја Раванска, уредничка во списанието „Лице в лице“, и активистот Гуѕим Нухиу. 
„Оваа година одбележуваме девет години од постоењето на уличното списание „Лице в лице“ со што ја подигаме свеста во повеќе нивоа и ја зајакнуваме мисијата за вклучување на ранливи сограѓани кои се вклучени како продавачи на списанието. Преку ова работиме на интеграција на ранлива категорија на граѓани, тие се вклучени како продавачи и заработуваат половина од продажбата на списанието и со нив се работи преку посебна дизајнирана менторска програма која треба да ги подготви за пазар на труд“, вели Маја Раванска, одговорна уредничка во уличното списание „Лице в лице“, на панел дискусијата на ЦИВИЛ на тема, „Преку  почитување на различностите  до справување со дискриминацијата“.
Таа вели дека има мрежа на партнерски организации со кои соработуваат, нокои од организациите се бават со лица со попреченост, поранешни младинци од улица, како и организации кои работат со ранлива категорија на граѓани.

„Нашите продавачи не ни препознаваат дека се дискриминирани. Ние дознаваме од нив преку разговор дека всушност на некој начин беа дискриминирани. Ние како општество сè уште не можеме да ја препознаеме дискриминацијата“, вели таа.

Aктивистот Гуѕим Нухиу вели дека живее во зграда каде што живеат граѓани од сите националности и сите се почитуваат.

„Јас често говорев дека не бев дискриминиран во однос на сите мои идентитети, меѓутоа некој друг како мене бил дискриминиран. Но, за прв пат почуствував дискриминација на работа и тоа ми создаде многу емотивни проблеми во однос на тоа како се однесував и не ми беше пријатно во таа просторија. Мојата директорка ми кажа дека бев многу смешен кога погрешив еден збор на македонски. Во тој момент не знаев како да реагирам, дали да се извинам што не го зборувам македонскиот јазик како што треба, или да и кажам ‘ти не знаеш ништо од мојот мајчин јазик, не знаеш ниту еден збор, а јас можам да формулирам реченици’. Буквално застанав. Мислам дека подобро ќе се чувствував доколку ме навредеше со фамозните изрази по мојот етникум. Тогаш сфатив дека еден збор е доволен за целата твоја слика, целиот твој труд ти го оспорува и тоа ми беше многу тешко да го прифатам. Ние многу малку реагираме на системската дискриминација“, истакна Нухиу.

Раванска истакна дека не сака да живее во ваква реалност, не се пронаоѓа во ваква реалност, и дека треба сите ние заедно да го смениме тоа и да делуваме во таа насока.

„Не треба само да констатираме дека реалноста не ни се допаѓа, дека се дискриминирани луѓето, дека не им се дадени еднакви можности, и толку, треба да делуваме тоа да го смениме. И во институциите работат луѓе, на никого не му одговара ваква ситуација во која се наоѓаме во полето на дискриминација и на неразбирањето на различностите и знаеме кое е решението. Зошто да не делуваме на тоа поле, или полесно ни е да го впериме прстот кон некого…

Решението за крај на пандемијата е сите да се вакцинираме, меѓутоа ние имаме случај како што е Валентин кој не може да се вакцинира бидејќи нема матичен број. Такви како него има многу во државата. Тој не може да има еднаквите шанси за здравјето како останатите. Зошто државата и системот за едни е мајка за други е маќеа. Дојдовме до заклучок дека трулиот систем на државата мора граѓаните да го туркаат и да го сменат. Верувам дека случајот со Валентин ќе добие разрешница и ќе може да си го оствари своето право на здравствена заштита“, вели таа.

Нухиу вели дека всушност повеќе работи нè спојуваат отколку што нè разделуваат.

„Нè спојува државата, битката против корупцијата, борбата за подобар живот, отколку да се занимаваме кој од која националност е, каква боја на кожа има, каква сексуална ориентација има и друго… Ние треба да бидеме сите исти пред законот, пред институциите и сите да добиваме исти услуги. Различностите се најубавото нешто во нашето општество“, додава тој.

Раванска потенцира дека покрај еднаквоста треба и правичноста да биде повеќе застапена во нашето општество.

„Што ако сме сите еднакви, на пример образованието е загарантирано, но што ако некое дете го пратиме во училите, но тоа нема што да јаде, ниту претходниот ден немало што да јаде, дали тогаш станува збор за еднаквост? Затоа концепот на правичност и праведност е клучен“, вели таа.

Панелистите заклучија дека треба да се работи на тоа да се врати довербата во институциите.

Панелот е дел од проектот „Направи разлика, почитувај ги различностите“, во соработка со Министерството за надворешни работи и европски прашања на Големото Војводство Луксембург.

камера: Атанас Петровски
монтажа: Ариан Мехмети",Civil,2021-09-27 11:17:49+00:00,2021,41,0,0,24,довербата во институциите,довербата во институциите,mk,https://www.youtube.com/watch?v=pgncXkXvzkk
NUz-lHT48Z0,"Хоџиќ: Правата не се дадени еднаш засекогаш, се унапредуваат во контекст со времето во кое живееме","„За одржување на развојот на државата и општеството се важни тие односи меѓу граѓаните и меѓу заедниците, но е важен и политичкиот систем и довербата во институциите. Наша обврска е да градиме институции во кои има доверба, а иституциите да се грижат за граѓаните, осообено за оние кои се најмаргинализирани“ изјави Џелал Хоџиќ, заменик директорот на АОПЗ на конференцијата на ЦИВИЛ „Односи меѓу заедниците: Перцепции, надежи и стравови, предизвици и решенија“.
Хоџиќ истакна дека надежите се да имаме држава која е функционална демократија со функционални институции, како и вклучени заедници во носењето на одлуки.
„Една од препораките на ЕУ што се провлекува низ годините е дека помалкубројните заедници не се доволно вклучени во носењето на одлуките. Сите наши различности да ги искористиме и да ги вклучиме во нашето општество“, вели Хоџиќ.

камера: Атанас Петровски
монтажа: Ариан Мехмети

www.civilmedia.mk",Civil,2023-05-19 11:41:21+00:00,2023,40,1,0,24,довербата во институциите,довербата во институциите,mk,https://www.youtube.com/watch?v=NUz-lHT48Z0
Mds_JCiKej0,МАКЕДОНСКИОТ ИДЕНТИТЕТ ВО ЕВРОПСКИОТ ИСТОРИСКИ МОЗАИК – Промоции на книги,"МАКЕДОНСКИОТ ИДЕНТИТЕТ ВО ЕВРОПСКИОТ ИСТОРИСКИ МОЗАИК 
Претставување на три книги:

Кочо Топузоски: „Илинденската споменица“
Елка Јачева-Улчар: „Презимето кај Македонците“
Наум Пановски: „Чекајќи ја смртта во Ичиќи“
Модератор: Алдо Климан

MAKEDONSKI IDENTITET U EUROPSKOM POVIJESNOM MOZAIKU 
Predstavljanje triju knjiga:

Kočo Topuzoski: „Ilindenska spomenica“
Elka Jačeva-Ulčar: „Prezime kod Makedonaca“
Naum Panovski: „Čekajući smrt u Ičićima“
Moderator: Aldo Kliman",Aldo Kliman,2024-08-22 10:40:02+00:00,2024,25,0,0,24,македонски идентитет,македонски идентитет,mk,https://www.youtube.com/watch?v=Mds_JCiKej0
xXaRGLunHU0,Маричиќ: Методологијата за прочистување на правосудството ќе биде одобрена до крајот на годината,"На настан на Државната комисија за спречување на корупцијата, кој се одржа по повод одбележувањето на Меѓународниот ден за борба против корупцијата, Маричиќ најави дека очекува Методологијата за прочистување на судството и обвинителството на 28 декември очекува да биде одобрена од Советот за реформи во правосудството.

Во обраќањето, Маричиќ истакна дека корупцијата секаде во светот директно го загрозува јавното добро и влијае на квалитетот на јавните услуги, а особено последиците се видливи и во квалитетот на правдата во судовите и обвинителствата.

Министерот ги наведе позитивните наоди од Извештајот на Европската комисија во делот на борбата против корупцијата но потенцираше дека сепак граѓаните очекуваат да покажеме опипливи резултати во борбата против криминалот, односно да го зголемиме бројот или досието со конечни пресуди за случаи на корупција на високо ниво, вклучително и со понатамошна конфискација на имот стекнат со криминал.

- За враќање на јавната доверба во системот на борба против корупција и криминал, многу е важно обвинителството да ги продолжи постапките со ефикасно постапување пред судовите, а судовите да ги завршат постапките со конечни пресуди, особено оние кои ги отвори СЈО и коишто повеќе години се наоѓаат во судските лавиринти, потенцираше Маричиќ.
Маричиќ истакна дека довербата во правосудството може да биде подигната единствено доколку сите нови случаи кои излегле или ќе излезат да бидат процесуирани и така ќе докажеме дека навистина нема недопирливи во нашата земја.

- Со моето доаѓање во Министерството за правда најавив дека за неколку месеци ќе објавиме методологија според која ќе се филтрира судството и обвинителството. Изработката на оваа методологија можам да кажам дека е во завршна фаза иако пандемијата малку не забави, но процесот е на крај, очекувам до крајот на годината таа да биде усогласена со Судскиот совет и Советот на Јавните обвинители, а исто така на 28 декември оваа година да биде одобрена од Советот за реформи во правосудството.
Маричиќ истакна дека очекува конкретни насоки и временски рамки од Судскиот совет и Советот на Јавни обвинители како ќе ги прочистат своите редови и која ќе биде улогата на Државната комисија за спречување на корупција. 

На крајот на своето денешно обраќање, Маричиќ изрази надеж дека ќе успееме преку механизмите на ЕУ што поскоро да го деблокираме почетокот на преговори за членство.

- Ве уверувам дека тоа ќе биде значајно гориво, значајна поддршка на нашите институции за подобра работа, поефикасно постапување и повеќе успеси бидејќи навистина е фрустрирачки 16 години да чекаме во чекалната за почеток на преговорите. Спремни сме и заслужуваме да ги започнеме преговорите, потенцираше Маричиќ.",Министерство за правда,2020-12-09 15:57:15+00:00,2020,21,0,0,24,довербата во системот,довербата во системот,mk,https://www.youtube.com/watch?v=xXaRGLunHU0
aYlhXyy0mg8,Кордалов: Довербата во лажните вести е обратнопропорционална од довербата во јавните институции,"Потребна е медиумска и дигитална писменост и фокус на спроведување на одржлива дигитализација – беше заклучокот на Конференцијата на тема „Дигитализација“ која на 31.3.2022 година се одржа во Прилеп, а во рамки на француското претседателство со Европската Унија. Конференцијата беше во организација на Амбасадата на Франција и Францускиот Институт, а беше отворена од страна на претседателот Стево Пендаровски, францускиот амбасадор Сирил Бомгартнер и градоначалникот на општина Прилеп, Борче Јовчески. Панелисти на Конференцијата „Дигитализација“ беа Беноа Лутрел, член на Советот за регулација на аудиовизуелна и дигитална комуникација, поранешен директор за односи со јавност во Гугл и поранешен генерален директор на ARCEP, Филип Стојановски, директор за партнерства и развој на ресурси од НВО Метаморфозис, Елена Стојановска, консултант од областа на заштитата и безбедноста на личните податоци, како и Бојан Кордалов, комуниколог и Координатор на Програма за транспарентност и дигитализација при Институт за добро управување и евроатлантски перспективи (ИДУЕП).

Бојан Кордалов, комуниколог и координатор на Програмата за транспарентност и дигитализација во рамки на Институтот за добро управување и евроатлантски перспективи (ИДУЕП) смета дека можеме да бидеме заштитени во интернет просторот само доколку бидеме едуцирани, односно доколку институциите се на ниво на очекувањата од страна на граѓаните, вели Кордалов.

„Кај нас дигитализацијата не се смета само како предност, туку и во одреден дел се сврстува како дел од теориите за заговор. Довербата на граѓаните во институциите е многу мала и тоа е една од причините зошто лажните вести или дезинформациите релативно брзо и лесно фаќаат плодна почва. Клучот е во институциите, добрите јавни услуги, квалитетни и навремени, како и во поддршката и признанието за огромната и важна улога која во оваа борба ја играат традиционалните медиуми. И таа поддршка за медиумите треба да биде секојдневна, покажувана со зборови, како и со конкретни дела од страна на највисоко позиционираните општествени чинители“, рече комуникологот Кордалов на конференцијата на тема „Дигитализација“.

Излагањето е дел од панел-дискусијата на размена на мислења со млади луѓе: студенти и студентки од Економскиот факултет – Прилеп и од Факултетот за информатички науки и компјутерско инженерство – ФИНКИ од Скопје, франкофони средношколци и средношколки од гимназијата „Мирче Ацев” – Прилеп, гимназијата „Кирил и Методиј” – Неготино, средното економско училиште „Васил Aнтевски Дрен” – Скопје, како и претставници и претставнички од Коалиција на младински организации СЕГА и од Регионалната канцеларија за младинска соработка на Западен Балкан – РИКО.

Повеќе информации се достапни на следниот линк: https://iduep.org.mk/2022/03/31/odrzhana-konferentsija-na-tema-digitalizatsija-vo-ramki-na-frantsuskoto-pretsedatelstvo-so-eu/",IDUEP Institute,2022-04-05 10:53:25+00:00,2022,16,0,0,24,довербата во институциите,довербата во институциите,mk,https://www.youtube.com/watch?v=aYlhXyy0mg8
DBRov8dwXEw,"Додека во ЕУ се одлучува едногласно, Македонија не може да почне преговори без уставни измени","Follow Sitel Televizija on...
• WEB: http://sitel.com.mk/
• FB: https://www.facebook.com/sitelmk
• IG: https://www.instagram.com/sitel.tv/
• Tw: https://twitter.com/SitelTV
• TT: https://www.tiktok.com/@sitel.televizija

© & ℗ Sitel Televizija All Rights Reserved",Сител Телевизија,2024-10-15 14:13:27+00:00,2024,1353,5,34,23,ЕУ преговори Македонија,ЕУ преговори Македонија,mk,https://www.youtube.com/watch?v=DBRov8dwXEw
3B0PKcqPdNc,"Османи бара почеток на преговори, Петков сигурен дека Македонија и Албанија мора да се дел од ЕУ","Follow Sitel Televizija on...
• WEB: http://sitel.com.mk/
• FB: https://smarturl.it/sitelFB
• IG: https://smarturl.it/SitelInstagram
• Tw: https://smarturl.it/SitelTwitter

© & ℗ Sitel Televizija All Rights Reserved",Сител Телевизија,2022-05-11 14:11:00+00:00,2022,734,7,33,23,ЕУ преговори Македонија,ЕУ преговори Македонија,mk,https://www.youtube.com/watch?v=3B0PKcqPdNc
t7ufRLjDal0,Лидерите на ЕУ одлучуваат дали да отворат преговори со Македонија- шансите се мали вели Меркел,"Web: http://sitel.com.mk/
Facebook: https://www.facebook.com/sitelvesti/
Twitter: https://twitter.com/SitelTV
Instagram: https://www.instagram.com/siteltelevision/

Copyright: OnAir Media Group; www.onair.mk",Сител Телевизија,2019-10-17 14:48:46+00:00,2019,3651,17,21,23,ЕУ преговори Македонија,ЕУ преговори Македонија,mk,https://www.youtube.com/watch?v=t7ufRLjDal0
QBamUzkj5_U,"Македонија нема датум за преговори со ЕУ, туку надеж дека идната година ќе добие, тврди Мицкоски",,MAKFAX,2018-06-27 13:31:56+00:00,2018,3982,54,12,23,ЕУ преговори Македонија,ЕУ преговори Македонија,mk,https://www.youtube.com/watch?v=QBamUzkj5_U
x3c9yz5Y-6s,Македонија е подготвена за преговори со ЕУ – порака од меѓународната Паневропска унија,"Follow Sitel Televizija on...
• WEB: http://sitel.com.mk/
• FB: https://www.facebook.com/sitelmk
• IG: https://www.instagram.com/sitel.tv/
• Tw: https://twitter.com/SitelTV
• TT: https://www.tiktok.com/@sitel.televizija

© & ℗ Sitel Televizija All Rights Reserved",Сител Телевизија,2025-01-17 15:41:29+00:00,2025,915,6,10,23,ЕУ преговори Македонија,ЕУ преговори Македонија,mk,https://www.youtube.com/watch?v=x3c9yz5Y-6s
0cC03R5SvZ0,Совет на ЕУ одобри почеток на преговори за членство со Македонија,"Web: http://sitel.com.mk/
Facebook: https://www.facebook.com/sitelvesti/
Twitter: https://twitter.com/SitelTV
Instagram: https://www.instagram.com/siteltelevision/

Copyright: OnAir Media Group; www.onair.mk",Сител Телевизија,2020-03-24 20:04:12+00:00,2020,795,6,9,23,ЕУ преговори Македонија,ЕУ преговори Македонија,mk,https://www.youtube.com/watch?v=0cC03R5SvZ0
y-5SUSEmSAo,ЕУ и додели условен датум за преговори на Македонија,,Televizija 24,2018-06-26 20:45:21+00:00,2018,1263,1,5,23,ЕУ преговори Македонија,ЕУ преговори Македонија,mk,https://www.youtube.com/watch?v=y-5SUSEmSAo
Rd3qYJ_oz1o,Лидерите на ЕУ одлучуваат дали да отворат преговори со Македонија- шансите се мали вели Меркел,"Web: http://sitel.com.mk/
Facebook: https://www.facebook.com/sitelvesti/
Twitter: https://twitter.com/SitelTV
Instagram: https://www.instagram.com/siteltelevision/

Copyright: OnAir Media Group; www.onair.mk",Сител Телевизија,2019-10-17 18:04:20+00:00,2019,2529,9,3,23,ЕУ преговори Македонија,ЕУ преговори Македонија,mk,https://www.youtube.com/watch?v=Rd3qYJ_oz1o
GK0Fq2s5bIc,НАТО журката ги „разбранува“ социјалните мрежи,"Follow Kanal5 on...
• FB: https://smarturl.it/fb5
• IG: https://smarturl.it/Ig5
• Web: https://kanal5.com.mk/

© & ℗ Kanal5 & IN Media. All Rights Reserved



НАТО прославата што утре ќе се одржи во 15 поголеми градови низ Македонија, ги подигна емоциите. Како на социјалните мрежи така и во комуникацијата мегу партиите...Дел од музичарите се пишманија околу настапот.",Канал 5 Телевизија,2018-07-13 16:31:26+00:00,2018,656,2,3,23,НАТО ЕУ Македонија протест,НАТО ЕУ Македонија протест,mk,https://www.youtube.com/watch?v=GK0Fq2s5bIc
-G2k7cwlUpw,"Македонија во политичка криза, владата нема мнозинство во парламентот, БЕСА го напушти  Заев",,AlfaTV News,2021-11-12 15:18:59+00:00,2021,516,2,3,23,политичка криза; политичка криза Македонија,политичка криза Македонија,mk,https://www.youtube.com/watch?v=-G2k7cwlUpw
FPXL9WWK6gE,Груби: Критериуми од 18 и 19-ти век за интеграција на Македонија во ЕУ,"Follow Sitel Televizija on...
• WEB: http://sitel.com.mk/
• FB: https://smarturl.it/sitelFB
• IG: https://smarturl.it/SitelInstagram
• Tw: https://smarturl.it/SitelTwitter

© & ℗ Sitel Televizija All Rights Reserved",Сител Телевизија,2022-05-31 17:18:46+00:00,2022,394,7,3,23,интеграција во ЕУ Македонија,интеграција во ЕУ Македонија,mk,https://www.youtube.com/watch?v=FPXL9WWK6gE
HohAEDTGcp8,Драмата за доделување датум за преговори со ЕУ на Македонија продолжува и денеска,"Web: http://sitel.com.mk/
Facebook: https://www.facebook.com/sitelvesti/
Twitter: https://twitter.com/SitelTV
Instagram: https://www.instagram.com/siteltelevision/

Copyright: OnAir Media Group; www.onair.mk",Сител Телевизија,2019-10-18 10:18:03+00:00,2019,3272,7,2,23,ЕУ преговори Македонија,ЕУ преговори Македонија,mk,https://www.youtube.com/watch?v=HohAEDTGcp8
JAPhRssamX4,Протест на Украинците од Македонија пред руската амбасада во Скопје,"Слободен печат - секогаш на страна на народот.
https://www.slobodenpecat.mk/

Претплатете се на нашиот Youtube канал   

Следете нѐ на Facebook: https://www.facebook.com/slobodenpecat
Следете нѐ на Instagram: https://www.instagram.com/slobodenpecat/
Следете нѐ на Twitter: https://twitter.com/sloboden_pecat/

#slobodenpecat #slobodnaTV
#slobodenpecat #slobodnaTV",Слободен Печат ТВ / Sloboden Pecat TV,2022-02-25 14:31:31+00:00,2022,454,12,1,23,НАТО ЕУ Македонија протест,НАТО ЕУ Македонија протест,mk,https://www.youtube.com/watch?v=JAPhRssamX4
owDXpK7ekr0,Почна ли Македонија преговори со ЕУ или е ставена само на шините? Одговара Никола Попоски,"Follow TV21 on...
• Web: https://tv21.mk & https://tv21.tv
• FB: https://smarturl.it/TV21Fb
• IG: https://smarturl.it/TV21IG
• Tw: https://smarturl.it/tv21Tw
• Телефон: 02/313-5630

© & ℗ TV21 & IN Media. All Rights Reserved",TV21,2022-07-29 08:15:23+00:00,2022,330,1,1,23,ЕУ преговори Македонија,ЕУ преговори Македонија,mk,https://www.youtube.com/watch?v=owDXpK7ekr0
kowwpeRLNhs,"„Европа ве чека“, порача Лајен, а пред Парламентот протести","Претседателката на Европската комисија Урсула Фон дер Лајен денеска во македонското Собрание изјави дека со првата меѓувладина конференција, која треба да се одржи наскоро доколку Северна Македонија го прифати францускиот предлог, конкретните преговори и процесот на скрининг ќе започнат веднаш. 
Објавено на https://www.slobodnaevropa.mk/a/%d0%b5%d0%b2%d1%80%d0%be%d0%bf%d0%b0-%d0%b2%d0%b5-%d1%87%d0%b5%d0%ba%d0%b0-%d0%bf%d0%be%d1%80%d0%b0%d1%87%d0%b0-%d0%bb%d0%b0%d1%98%d0%b5%d0%bd-%d0%b0-%d0%bf%d1%80%d0%b5%d0%b4-%d0%bf%d0%b0%d1%80%d0%bb%d0%b0%d0%bc%d0%b5%d0%bd%d1%82%d0%be%d1%82-%d0%bf%d1%80%d0%be%d1%82%d0%b5%d1%81%d1%82%d0%b8/31943430.html",Radio Slobodna Evropa na Makedonski,2022-07-14 13:03:17+00:00,2022,208,1,1,23,француски предлог Македонија,француски предлог Македонија,mk,https://www.youtube.com/watch?v=kowwpeRLNhs
6pw_CG6V5l8,Студио 1: Како гледаат Албанците во Македонија на актуелната политичка криза,,Prvatv,2018-11-26 21:22:57+00:00,2018,4625,17,0,23,политичка криза; политичка криза Македонија,политичка криза Македонија,mk,https://www.youtube.com/watch?v=6pw_CG6V5l8
kFyL-Rjqf9E,24 анализа - Локалните теми низ призмата на централната политика,"Сите пукаат локално, а целат на Иинденска број 2. Изборите на 17 октомври - референдум и за Зоран Заев и Христијан Мицкоски, но и врата, преку која лидерот на oпозицијата планира да дојде до Илинденска број 2, а лидерот на власт да се зацементира во премиерската фотеља. Зијадин Села пак најавува ново парламентрано мнозинство, додека Али Ахмети единствено се чини фокусиран на најмногу на зачувување на општинската власт. Што е победа, а што пораз? Колку овие избори повеќе се историски за позициите на лидерите откоку на државата, дали Македонија фокусирана предизборно на проблемите за основен живот, како водовод, канализација, асфалт - ги занемари големите теми како вчерашната нова европска шлаканица?

Вечерва во тв 24 локалните теми низ призмата на централната политика. Дебатираат Бојан Маричиќ СДСМ, Владимир Ѓорчев ВМРО-ДПМНЕ, Арбен Таравари Алијанса за албанците и Крешник Бектеши ДУИ.",Televizija 24,2021-10-07 19:50:13+00:00,2021,4302,10,0,23,довербата во системот,довербата во системот,mk,https://www.youtube.com/watch?v=kFyL-Rjqf9E
G6JcJiWvML8,Тежок разговор на Бугарскиот премиер со новинарот на BBC Стевен Сакур (ВИДЕО),"„Да бидеме искрени, и етничките Македонци ги немаат тие права во Бугарија. Всушност, Европскиот суд за човекови права имаше повеќе случаи по таа основа отколку за Бугарите во Македонија, рече бугарскиот премиер Петков во интервју за Би-Би-Си. .
Follow Kanal5 on...
• FB: https://smarturl.it/fb5
• IG: https://smarturl.it/Ig5
• Web: https://kanal5.com.mk/

© & ℗ Kanal5 & IN Media. All Rights Reserved",Канал 5 Телевизија,2022-02-12 17:12:44+00:00,2022,4182,29,0,23,политички настани Македонија,политички настани Македонија,mk,https://www.youtube.com/watch?v=G6JcJiWvML8
YLY_ggZCxVo,Радев најави можност да се крене бугарското вето!?,"Пред малку во Брисел по завршувањето на самитот бугарскиот претседател Румен Радев за прв пат најави можност Бугарија во јуни да се согласи Македонија да ги почне преговорите за членство.

Follow Kanal5 on...
• FB: https://smarturl.it/fb5
• IG: https://smarturl.it/Ig5
• Web: https://kanal5.com.mk/

© & ℗ Kanal5 & IN Media. All Rights Reserved",Канал 5 Телевизија,2021-05-25 13:06:37+00:00,2021,3471,8,0,23,бугарско вето Македонија,бугарско вето Македонија,mk,https://www.youtube.com/watch?v=YLY_ggZCxVo
t0Edmt2gxoE,Дали изјавата на Мицкоски за Преспанскиот договор беше иронија или промена на ставот?,"Дали пораката на премиерот Мицкоски од Салцбург дека Преспанскиот договор е брилијантно решение кое треба да се искористи и во односите со Бугарија е иронија или промена на ставот на власта за договорот со нашиот јужен сосед... 
Follow Kanal5 on...
• FB: https://smarturl.it/fb5
• IG: https://smarturl.it/Ig5
• ТТ: https://tinyurl.com/59kck7ap
• Web: https://kanal5.com.mk/

© & ℗ Kanal5 & IN Media. All Rights Reserved",Канал 5 Телевизија,2024-10-22 15:21:08+00:00,2024,3199,15,0,23,Преспански договор; преспански договор,преспански договор,mk,https://www.youtube.com/watch?v=t0Edmt2gxoE
nq6f0FZXJD4,Студио 1 анализа – Влегува ли Македонија во нов циклус на политичка криза?,,Prvatv,2018-10-01 13:43:53+00:00,2018,2301,8,0,23,политичка криза; политичка криза Македонија,политичка криза Македонија,mk,https://www.youtube.com/watch?v=nq6f0FZXJD4
NJSJ5-izMUA,ПОЧНУВАЊЕТО НА ПРЕГОВОРИ СО ЕУ ПОД ПОРТУГАЛСКО ПРЕТСЕДАТЕЛСТВО ЌЕ БИДЕ ТЕШКО ЗА СЕВЕРНА МАКЕДОНИЈА,,Televizija 24,2021-01-06 16:27:30+00:00,2021,1033,14,0,23,ЕУ преговори Македонија,ЕУ преговори Македонија,mk,https://www.youtube.com/watch?v=NJSJ5-izMUA
M8n3DBMC1ik,"Реформи, уставни измени или избори - што е приоритет и до кој процес е најблизу Македонија?","Власта и опозицијата во меѓувреме продолжуваат со меѓусебни обвинвуања за извештајот на Европската комисија... 
Follow Kanal5 on...
• FB: https://smarturl.it/fb5
• IG: https://smarturl.it/Ig5
• Web: https://kanal5.com.mk/

© & ℗ Kanal5 & IN Media. All Rights Reserved",Канал 5 Телевизија,2023-11-11 14:05:20+00:00,2023,441,0,0,23,уставни измени Македонија,уставни измени Македонија,mk,https://www.youtube.com/watch?v=M8n3DBMC1ik
cqv_wfc2tuU,"Марта Кос во посета на Македонија, утре самит ЕУ- Западен Балкан за планот за раст","Процесот на евроинтеграции е жив, со тргање на билатерализацијата може да се најде начин да се движиме напред, вели министерот за европски прашања Орхан Муртезани.
Follow Kanal5 on...
• FB: https://smarturl.it/fb5
• IG: https://smarturl.it/Ig5
• ТТ: https://tinyurl.com/59kck7ap
• Web: https://kanal5.com.mk/

© & ℗ Kanal5 & IN Media. All Rights Reserved",Канал 5 Телевизија,2025-06-30 13:31:01+00:00,2025,434,0,0,23,интеграција во ЕУ Македонија,интеграција во ЕУ Македонија,mk,https://www.youtube.com/watch?v=cqv_wfc2tuU
yvgvD7s9AJI,Бугарија со ветото за Македонија го блокира почнувањето на преговори со ЕУ и за Албанија,,Televizija 24,2020-12-07 15:53:27+00:00,2020,411,3,0,23,ЕУ преговори Македонија,ЕУ преговори Македонија,mk,https://www.youtube.com/watch?v=yvgvD7s9AJI
E8JmJ9U_r98,Пахор: ЕУ да почне преговори со Северна Македонија без никакви одолговлекувања,,Televizija 24,2020-11-05 19:07:02+00:00,2020,324,1,0,23,ЕУ преговори Македонија,ЕУ преговори Македонија,mk,https://www.youtube.com/watch?v=E8JmJ9U_r98
uDFozzFkVsQ,Како да им се помогне на децата во состојба на колективна траума?,"Катастрофалниот пожар во Кочани кој однесе 59 млади животи остава длабока лузна кај сите нас, но најранливи се токму децата.

Педагогот од ОСТУ „Наце Буѓони“, Кетрин Михајловиќ вели дека во овие моменти е многу важно децата да ги искажат своите чувства, без разлика дали ќе разговараат со некого, или своите емоции ќе ги запишат на лист хартија.

#kumanovskimuabeti #kumanovo #kocani",Кумановски Муабети,2025-03-24 09:36:58+00:00,2025,304,1,0,23,колективна траума,колективна траума,mk,https://www.youtube.com/watch?v=uDFozzFkVsQ
KM2txtP4rp0,"Завршија песните и музиката, Македонија ја чека сериозна работа за интеграција во НАТО и ЕУ",,Телма ТВ / Telma TV,2018-07-15 14:14:06+00:00,2018,223,1,0,23,интеграција во ЕУ Македонија,интеграција во ЕУ Македонија,mk,https://www.youtube.com/watch?v=KM2txtP4rp0
YS6bwZUMrVQ,Во ЕУ се водат интензивни разговори со Бугарија за старт на преговори со Македонија,,Телма ТВ / Telma TV,2020-09-30 16:39:57+00:00,2020,221,0,0,23,ЕУ преговори Македонија,ЕУ преговори Македонија,mk,https://www.youtube.com/watch?v=YS6bwZUMrVQ
dt--Wth4W5g,Дали и колку Македонија е подготвена за преговори со ЕУ -тимовите градени во 2005 и 2009 не постојат,,360 Stepeni,2018-04-24 09:06:07+00:00,2018,128,0,0,23,ЕУ преговори Македонија,ЕУ преговори Македонија,mk,https://www.youtube.com/watch?v=dt--Wth4W5g
vC_dlDaNlzw,ЕУ пред одлука за почеток на преговори со Македонија,,AlfaTV News,2020-03-23 14:17:57+00:00,2020,75,0,0,23,ЕУ преговори Македонија,ЕУ преговори Македонија,mk,https://www.youtube.com/watch?v=vC_dlDaNlzw
Q9bIDNrfX0Q,Бушати: Албанците во Македонија да дадат поддршка на историскиот Преспански договор,,Телма ТВ / Telma TV,2018-09-13 13:59:11+00:00,2018,71,0,0,23,Преспански договор; преспански договор; реформа на уставот Македонија,преспански договор,mk,https://www.youtube.com/watch?v=Q9bIDNrfX0Q
XI_heZpp9Wg,"Ако уставни измени беа услов за членство во ЕУ, Македонија требаше да биде најдобрата членка на ЕУ.",,Brane Petrushevski,2024-03-31 20:58:12+00:00,2024,12,1,0,23,уставни измени Македонија,уставни измени Македонија,mk,https://www.youtube.com/watch?v=XI_heZpp9Wg
D9DDI6iMvTg,"Врсничко насилство, како да се препознае и превенира, каде затајува општеството 1","Врсничко насилство, како да се препознае и превенира, каде затајува општеството
 Енџи Николоска  22.05.2024 

Дали „ќотекот од рајот е излезен“? Дали функционира синџирот професор-ученик-родител-институции за создавање на здрава клетка во општество? Кое дете се соочило со поголема траума, детето сторител на насилство или детето-жртва?

Кога станува збор за меѓуврсничко насилство, свеста е на повисоко ниво за разлика од претходно, но сепак и покрај бројните кампањи и програми-бројот на регистрирани случаи на меѓуврсничко насилство постојано расте. „Одлучувам, значи постојам“, мото со кое првата детска амбасада во светот Меѓаши, излегува со уште нова иницијатива за заштита на детските права.

Соработката со Народниот правобранител, општините, а воедно и градинките и училиштата ќе ги зајкнат капацитетите на индивидуално и институцијално ниво, преку вклучување на децата во самиот процес на одлучување. Одејќи во насока на согледување на слабите точки со цел надминување на културата на насилство која владее во општетсвото.

„Соработката со градоначалниците е добра, пројавуваат проактивен интерес, децата не сакаат да се разочараат по не знам кој пат од оние кои навистина треба да направат промена во заедницата. Тие се тука да бидат дел од промената, да учествуваат во процесот. Не сакаат да бидат декор на било која извршна власт, туку сакаат да бидат активни креатори, чинители на промената.“ - вели Драги Змијанац директор на прва детска амбасада Меѓаши.

За надминување на хуманото и нехуманото третирање на детското престапништво во заедницата, значајна улога има семејството, а неизбежна е и системска поддршка. Психолози, професори и ученици во вчерашната дебата на Тв 24, упатија апел дека возразните треба почесто да разговараат со децата и да ги исполнуваат нивните потреби, бидејќи на децата не им е потребно да им се исполнуваат само желбите, а да не добиваат поддршка и љубов. Иако не треба да се впери прстот кон родителите, сепак познавачите на проблематиката тврдат дека се' потекнува од семејството.

 

Одговорноста лежи кај сите алки од синџирот. Младите бараат градење на база на вредности, кон која ќе може сите да постапуваат и да ги градат своите односи и комуникација врз основа на таа база.",Megjashi,2024-05-22 15:53:33+00:00,2024,10,0,0,23,траума во заедницата,траума во заедницата,mk,https://www.youtube.com/watch?v=D9DDI6iMvTg
ErJpHhUZBgc,Борисов најавува: ЕУ ќе ја понижи Бугарија и ќе почне преговори со Македонија и Албанија,"Follow Sitel Televizija on...
• WEB: http://sitel.com.mk/
• FB: https://smarturl.it/sitelFB
• IG: https://smarturl.it/SitelInstagram
• Tw: https://smarturl.it/SitelTwitter

© & ℗ Sitel Televizija All Rights Reserved",Сител Телевизија,2021-11-12 15:26:09+00:00,2021,1820,7,41,22,ЕУ преговори Македонија,ЕУ преговори Македонија,mk,https://www.youtube.com/watch?v=ErJpHhUZBgc
VgHZUBIyRRQ,Макрон не попушти - Македонија не доби датум за преговори за почеток на преговорите со ЕУ,"Web: http://sitel.com.mk/
Facebook: https://www.facebook.com/sitelvesti/
Twitter: https://twitter.com/SitelTV
Instagram: https://www.instagram.com/siteltelevision/

Copyright: OnAir Media Group; www.onair.mk",Сител Телевизија,2019-10-18 15:34:30+00:00,2019,5121,18,16,22,ЕУ преговори Македонија,ЕУ преговори Македонија,mk,https://www.youtube.com/watch?v=VgHZUBIyRRQ
cVOLH7Z-CJk,"Преспански договор: Македонија исполни се дури и пред време, Грција не направи речиси ништо",,AlfaTV News,2024-06-13 12:48:38+00:00,2024,1332,18,9,22,преспански договор,преспански договор,mk,https://www.youtube.com/watch?v=cVOLH7Z-CJk
Jb6rDn_b_2c,Мицкоски може поинаку да го реши Преспанскиот договор!,Мицкоски може поинаку да го реши Преспанскиот договор!,Инфомакс,2024-06-01 16:57:07+00:00,2024,7429,62,8,22,Преспански договор; преспански договор,преспански договор,mk,https://www.youtube.com/watch?v=Jb6rDn_b_2c
0nmSzbU578U,Макрон не попушти - Македонија не доби датум за преговори за почеток на преговорите со ЕУ 19h,"Web: http://sitel.com.mk/
Facebook: https://www.facebook.com/sitelvesti/
Twitter: https://twitter.com/SitelTV
Instagram: https://www.instagram.com/siteltelevision/

Copyright: OnAir Media Group; www.onair.mk",Сител Телевизија,2019-10-18 17:01:44+00:00,2019,1342,2,5,22,ЕУ преговори Македонија,ЕУ преговори Македонија,mk,https://www.youtube.com/watch?v=0nmSzbU578U
ghTdDYrGGbQ,"ЕУ го демантира Ковачевски: Албанија стартуваше преговори, Македонија чекор поназад, ќе почека",,AlfaTV News,2022-07-20 15:06:47+00:00,2022,612,5,4,22,ЕУ преговори Македонија,ЕУ преговори Македонија,mk,https://www.youtube.com/watch?v=ghTdDYrGGbQ
m8_AW0sHqLQ,"Кога ќе се финализира договорот за името, има ли Македонија шанса за датум за преговори?","Web: http://sitel.com.mk/
Facebook: https://www.facebook.com/tvsitel.mk/
Twitter: https://twitter.com/SitelTV
Instagram: https://www.instagram.com/siteltelevision/

Copyright: OnAir Media Group; www.onair.mk",Сител Телевизија,2018-05-29 16:18:04+00:00,2018,1102,4,3,22,името на Македонија,името на Македонија,mk,https://www.youtube.com/watch?v=m8_AW0sHqLQ
7K1FwTangec,Вархеји: ЕУ забрзано го губи кредибилитетот - потребен е почеток на преговори со Македонија,"Follow Sitel Televizija on...
• WEB: http://sitel.com.mk/
• FB: https://smarturl.it/sitelFB
• IG: https://smarturl.it/SitelInstagram
• Tw: https://smarturl.it/SitelTwitter

© & ℗ Sitel Televizija All Rights Reserved",Сител Телевизија,2021-12-06 20:09:14+00:00,2021,904,3,3,22,интеграција во ЕУ Македонија,интеграција во ЕУ Македонија,mk,https://www.youtube.com/watch?v=7K1FwTangec
5OCvEJtJkd0,Ципрас: Северна Македонија ги исполнува критериумите за почеток на пристапни преговори со ЕУ,,Televizija 24,2019-06-24 10:04:13+00:00,2019,284,1,3,22,ЕУ преговори Македонија,ЕУ преговори Македонија,mk,https://www.youtube.com/watch?v=5OCvEJtJkd0
Lu3HJlwWc04,Европските дипломати признаваат дека ЕУ направи грешка што Македонија не почна преговори порано,,AlfaTV News,2022-11-22 13:34:45+00:00,2022,191,0,3,22,ЕУ преговори Македонија,ЕУ преговори Македонија,mk,https://www.youtube.com/watch?v=Lu3HJlwWc04
fdcjbtM4XN8,"#10МИНУТИ - Македонија на патот кон ЕУ, кога зелено светло за преговори? 07.06.2021","Follow TV21 on...
• Web: https://tv21.mk & https://tv21.tv
• FB: https://smarturl.it/TV21Fb
• IG: https://smarturl.it/TV21IG
• Tw: https://smarturl.it/tv21Tw
• Телефон: 02/313-5630

© & ℗ TV21 & IN Media. All Rights Reserved",TV21,2021-06-09 00:41:44+00:00,2021,355,0,2,22,ЕУ преговори Македонија,ЕУ преговори Македонија,mk,https://www.youtube.com/watch?v=fdcjbtM4XN8
4Fmzvu88vh4,САД посакува датум за преговори на Македонија со ЕУ,"Web: http://sitel.com.mk/
Facebook: https://www.facebook.com/tvsitel.mk/
Twitter: https://twitter.com/SitelTV
Instagram: https://www.instagram.com/siteltelevision/

Copyright: OnAir Media Group; www.onair.mk",Сител Телевизија,2019-09-26 14:49:44+00:00,2019,424,3,1,22,ЕУ преговори Македонија,ЕУ преговори Македонија,mk,https://www.youtube.com/watch?v=4Fmzvu88vh4
o8QKYK8GRsw,ВО ФОКУС - МАКЕДОНИЈА СЕ ИСТРЧА – БЕЗ ДАТУМ ПОЛОВИНА ПРЕСПАНСКИ ДОГОВОР НЕ ТРЕБА ДА ВАЖИ,,AlfaTV News,2022-05-22 12:37:39+00:00,2022,303,2,1,22,Преспански договор; преспански договор,преспански договор,mk,https://www.youtube.com/watch?v=o8QKYK8GRsw
o2NPPpJQtkk,„Непочнувањето преговори на Македонија и Албанија со ЕУ ја загрозува стабилноста на регионот“,"Follow TV21 on...
• Web: https://tv21.mk & https://tv21.tv
• FB: https://smarturl.it/TV21Fb
• IG: https://smarturl.it/TV21IG
• Tw: https://smarturl.it/tv21Tw
• Телефон: 02/313-5630

© & ℗ TV21 & IN Media. All Rights Reserved",TV21,2021-11-03 20:50:33+00:00,2021,212,0,1,22,ЕУ преговори Македонија,ЕУ преговори Македонија,mk,https://www.youtube.com/watch?v=o2NPPpJQtkk
3D0iSYtIbXw,Европратеникот Ќучук без оптимизам - „Северна Македонија да не очекува преговори со ЕУ во јуни“,"Follow TV21 on...
• Web: https://tv21.mk & https://tv21.tv
• FB: https://smarturl.it/TV21Fb
• IG: https://smarturl.it/TV21IG
• Tw: https://smarturl.it/tv21Tw
• Телефон: 02/313-5630

© & ℗ TV21 & IN Media. All Rights Reserved",TV21,2021-05-26 13:08:43+00:00,2021,104,0,1,22,ЕУ преговори Македонија,ЕУ преговори Македонија,mk,https://www.youtube.com/watch?v=3D0iSYtIbXw
iKhq5V3-F-c,МАКЕДОНИЈА И АЛБАНИЈА СЕ НАДЕВААТ НА СТАРТ НА ПРЕГОВОРИ ВО ЈУНИ- ЕУ СО РЕЗЕРВИРАН ОПТИМИЗАМ,,Prvatv,2019-02-27 14:26:55+00:00,2019,83,0,1,22,ЕУ преговори Македонија,ЕУ преговори Македонија,mk,https://www.youtube.com/watch?v=iKhq5V3-F-c
ldMqME5Qw_g,Мицкоски: Подготвен сум да репреговарам за Преспанскиот договор,"Follow Kanal5 on...
• FB: https://smarturl.it/fb5
• IG: https://smarturl.it/Ig5
• Web: https://kanal5.com.mk/

© & ℗ Kanal5 & IN Media. All Rights Reserved



Претседателот на ВМРО ДПМНЕ Христијан Мицкоски би репреговарал за Преспанскиот договор доколку стане премиер и има таква иницијатива од грчка страна.",Канал 5 Телевизија,2019-07-09 13:20:10+00:00,2019,1266,1,0,22,преспански договор,преспански договор,mk,https://www.youtube.com/watch?v=ldMqME5Qw_g
RHbdR_kTpEU,"Macedonia's Name Protest - Skopje June 17, 2018 - Janko Bachev On a Police Vehicle","The people of Macedonia are in uproar over the illegally appointed government's decision to sign a deal with the athens government, which would change the name of the Republic of Macedonia.

Janko Bachev is highlighted in this video, climbing onto the hood of an armored police personnel carrier while holding the Macedonian Flag of Kutlesh. 

Stand up for your rights Macedonians! 

Македонците се разгневени поради договорот кој е потпишан помеѓу нелегално инсталираната власт во Македонија и власта на атина, за промен на името Република Македонија.

Во сминката може да се види Јанко Бачев како се качува на полициски транспортер и го вее Сонцето од Кутлеш - единственото Македонско знаме.

Станете Македонци и бранете ја својата чест и своите права!",ProMKD1,2018-06-18 03:15:46+00:00,2018,1230,5,0,22,НАТО ЕУ Македонија протест,НАТО ЕУ Македонија протест,mk,https://www.youtube.com/watch?v=RHbdR_kTpEU
uOuNmEnxZJA,Излез од ситуацијата или политички поенти – Што се крие зада барањето за техничка Влада?,"Ќе се соочи ли Македонија покрај со коронакризата и со нова политичка криза. Власта категорично го отфрла барањето на ВМРО ДПМНЕ за формирање на како што велат „влада за национален спас“.
Official facebook: https://www.facebook.com/Kanal5Televizija/
Web: http://kanal5.mk/
Copyright: OnAir Media Group",Канал 5 Телевизија,2020-11-09 14:24:37+00:00,2020,1126,7,0,22,политичка криза Македонија,политичка криза Македонија,mk,https://www.youtube.com/watch?v=uOuNmEnxZJA
o2Vw8w5XYD0,Радев: Непримерно да ѝ се поставуваат ултиматуми на Бугарија за Македонија,"Дали во јуни можно е да се крене бугарското вето и понатаму останува неизвесно... 
Follow Kanal5 on...
• FB: https://smarturl.it/fb5
• IG: https://smarturl.it/Ig5
• Web: https://kanal5.com.mk/

© & ℗ Kanal5 & IN Media. All Rights Reserved",Канал 5 Телевизија,2022-05-09 15:00:02+00:00,2022,803,2,0,22,бугарско вето Македонија,бугарско вето Македонија,mk,https://www.youtube.com/watch?v=o2Vw8w5XYD0
FhJswT8u9Hs,Официјална Софија се уште без конкретни изјави за модифицираниот „француски предлог“,"Додека во Македонија трае дебатата, од се уште нема конкретни пораки од владејачките партии или од претседателот Радев...
Follow Kanal5 on...
• FB: https://smarturl.it/fb5
• IG: https://smarturl.it/Ig5
• Web: https://kanal5.com.mk/

© & ℗ Kanal5 & IN Media. All Rights Reserved",Канал 5 Телевизија,2022-07-02 13:04:27+00:00,2022,748,5,0,22,француски предлог Македонија,француски предлог Македонија,mk,https://www.youtube.com/watch?v=FhJswT8u9Hs
7BCOAvPXc6E,"Заев: Иако е тешко време, да бидеме горди, Северна Македонија почнува преговори за членство во ЕУ!",,SDSMtube,2020-03-25 11:13:04+00:00,2020,597,7,0,22,ЕУ преговори Македонија,ЕУ преговори Македонија,mk,https://www.youtube.com/watch?v=7BCOAvPXc6E
K29tH9nLz80,Рок Блекблок го обнови и прошири муралот на Неус Катала,"Урбаниот уметник Рок Блекблок неодамна го обнови муралот посветен на левичарската активистка и преживеаната од нацистичкиот концентрационен логор Равенсбрик, Неус Катала. Муралот се наоѓа на ѕид во квартот Побленоу во Барселона, кој веќе 10 години служи како платформа за симболи на отпорот против фашизмот.

Првично изработен во 2015 година, муралот беше оштетен од времето, а сега е заменет со нова уметничка композиција. Муралот е лоциран на улицата Видал и Валенсиано, каде што претходно беа насликани антифашистички мотиви, вклучувајќи сцени од филмот Омразата.

Во 2018 година, Блекблок на истата локација создаде портрет на Неус Катала, кој подоцна беше вандализиран со свастика.

Сегашното дело на муралот е збогатено со ликовите на други истакнати жени: Фани Шунхејт, холандска борка позната како „кралицата на митралезот“; Конча Перез Коладо, борка од Барселона која почина во 2014 година на 98-годишна возраст; и анархистичката активистка Ема Голдман.
Беше завршено точно на Меѓународниот ден за елиминација на насилството врз жените, 25 ноември.

„Ја запознав Неус Катала. беше многу повозрасна“, раскажува Блекблок, кој ја посетил во селото Гујаметс со своето семејство.

Блекблок е уметник со 25-годишно искуство кој се посветил на историската меморија преку својот проект „Ѕидови на дневникот“, каде што создава уметност за колективна меморија.


Муралот во Побленоу е дел од проектот „Her Story“, кој беше реализиран со поддршка од Европската опсерваторија за меморија при Фондацијата Солидарност УБ. Проектот се одвиваше во соработка со учениците од училиштето Кватре Кантони, кои денес ќе присуствуваат на отворањето.


„Започнав соработка со училишта и институти. Кога еден професор ми рече дека учениците ќе го истражуваат местото на жените во историјата, сè се совпадна“, објаснува Блекблок.",Рацин.мк,2025-01-12 17:12:35+00:00,2025,508,0,0,22,колективна меморија,колективна меморија,mk,https://www.youtube.com/watch?v=K29tH9nLz80
OyJVRQAQaWE,Албанија станува пречка за старт на преговори меѓу Македонија и ЕУ?,,Prvatv,2019-06-09 10:08:36+00:00,2019,486,0,0,22,ЕУ преговори Македонија,ЕУ преговори Македонија,mk,https://www.youtube.com/watch?v=OyJVRQAQaWE
pXCtrzp9JTU,Сугарески: Овој автопат да биде правец за побрза интеграција во ЕУ,"http://vlada.mk/
___

Влада на Република Македонија на социјалните мрежи:

Facebook: www.facebook.com/VladaMK
Twitter: www.twitter.com/VladaMK
Instagram: www.instagram.com/mkvlada
Flickr: www.flickr.com/vladamk",Влада на‎ Република Северна Македонија,2018-04-23 12:57:19+00:00,2018,445,1,0,22,интеграција во ЕУ Македонија,интеграција во ЕУ Македонија,mk,https://www.youtube.com/watch?v=pXCtrzp9JTU
IqZRskHXX_o,Вархељи: Северна Македонија ќе добие датум за преговори пред Самитот на ЕУ во Загреб,"Web: http://sitel.com.mk/
Facebook: https://www.facebook.com/sitelvesti/
Twitter: https://twitter.com/SitelTV
Instagram: https://www.instagram.com/siteltelevision/

Copyright: OnAir Media Group; www.onair.mk",Сител Телевизија,2019-12-04 15:21:10+00:00,2019,374,2,0,22,ЕУ преговори Македонија,ЕУ преговори Македонија,mk,https://www.youtube.com/watch?v=IqZRskHXX_o
nryX2OJyhYY,Поништување на преспански договор,"Поништување на преспански договор
За повеќе информации за левица и програмата посетете го нашиот веб сајт : https://levica.mk/ и нашиот фејсбук фан пејџ : https://www.facebook.com/PartijaLevica",Левица Политичка Партија,2020-07-07 16:04:07+00:00,2020,242,10,0,22,Преспански договор; преспански договор,преспански договор,mk,https://www.youtube.com/watch?v=nryX2OJyhYY
ZmePh_DIUm8,"Полициските службеници се симболот на довербата во институциите, вели Спасовски по повод 7 Мај","Полициските службеници се симболот на довербата во институциите, вели Спасовски по повод 7 Мај",Телевизија M-Net HD,2023-05-06 11:08:19+00:00,2023,169,0,0,22,довербата во институциите,довербата во институциите,mk,https://www.youtube.com/watch?v=ZmePh_DIUm8
8c8UBqoXG3Y,Влада: Македонија останува посветена на патот кон интеграција во ЕУ,,Televizija 24,2020-12-27 11:07:19+00:00,2020,122,0,0,22,интеграција во ЕУ Македонија,интеграција во ЕУ Македонија,mk,https://www.youtube.com/watch?v=8c8UBqoXG3Y
SAw7t-hV-6w,Челниците на ЕУ бараат преговори со Македонија и Албанија,,Televizija 24,2019-10-03 18:11:32+00:00,2019,113,1,0,22,ЕУ преговори Македонија,ЕУ преговори Македонија,mk,https://www.youtube.com/watch?v=SAw7t-hV-6w
YPl76fmb3rA,"Да поминат изборите, па да зборуваме за укинување на „Пржинската влада“ (Веб верзија)","По изборите во април, партиите да се договорат за напуштање на ад хок решението од 2016 г. за т.н. „техничка влада“, предлагаат Дамјан Манчевски, министер за информатичко општество и Александар Спасеновски, професор и поранешен пратеник од ВМРО ДПМНЕ. За Манчевски е нормално во предизборен период да има интензивиран политички амбиент, но тој е различен од политичката криза пред 4-5 години оти институциите функционираат. За професорот Спасеновски пак клучно е дека техничката влада не ја релаксираше поларизацијата и не придонесе за враќање на довербата во институциите, што беше и една од причините зошто се донесе. Гледајте РесПублика поткаст.",Институт за комуникациски студии | IKS_edu_mk,2020-01-29 08:00:03+00:00,2020,111,0,0,22,довербата во институциите; довербата во системот,довербата во системот,mk,https://www.youtube.com/watch?v=YPl76fmb3rA
0-GVre4jAY0,Засилени реформи па датум за преговори - Македонија пред испит на патот кон ЕУ,,AlfaTV News,2019-03-01 14:56:12+00:00,2019,102,2,0,22,ЕУ преговори Македонија,ЕУ преговори Македонија,mk,https://www.youtube.com/watch?v=0-GVre4jAY0
pCRKo1rAf1U,"Тигањ: Северна Македонија спроведе болни реформи, заслужува отворање преговори за членство во ЕУ",,Televizija 24,2021-05-30 13:17:49+00:00,2021,91,0,0,22,ЕУ преговори Македонија,ЕУ преговори Македонија,mk,https://www.youtube.com/watch?v=pCRKo1rAf1U
RpU_9bGqfG4,Могерини уште еднаш повика членките на ЕУ да отворат преговори со Македонија,,Телма ТВ / Telma TV,2018-06-25 10:30:47+00:00,2018,87,0,0,22,ЕУ преговори Македонија,ЕУ преговори Македонија,mk,https://www.youtube.com/watch?v=RpU_9bGqfG4
hwhaWjT-hUE,Коцијанчич не коментира за заканата на Мицотакис за грчко вето за Македонија во ЕУ,,Televizija 24,2019-01-28 13:00:26+00:00,2019,82,0,0,22,бугарско вето Македонија,бугарско вето Македонија,mk,https://www.youtube.com/watch?v=hwhaWjT-hUE
4VHYR5IIBbM,Реформите во безбедносните служби важни во процесот на интеграција на Македонија во ЕУ,"Web: http://sitel.com.mk/
Facebook: https://www.facebook.com/tvsitel.mk/
Twitter: https://twitter.com/SitelTV
Instagram: https://www.instagram.com/siteltelevision/

Copyright: OnAir Media Group; www.onair.mk",Сител Телевизија,2018-12-20 15:25:18+00:00,2018,82,1,0,22,интеграција во ЕУ Македонија,интеграција во ЕУ Македонија,mk,https://www.youtube.com/watch?v=4VHYR5IIBbM
jMmJgLuSuZc,Д-р Митов: Во Македонија процентот на смртност од кардиоваскуларните болести е 55%,"Слободен печат - секогаш на страна на народот.
https://www.slobodenpecat.mk/

Претплатете се на нашиот Youtube канал   

Следете нѐ на Facebook: https://www.facebook.com/slobodenpecat
Следете нѐ на Instagram: https://www.instagram.com/slobodenpecat/
Следете нѐ на Twitter: https://twitter.com/sloboden_pecat/

#slobodenpecat #slobodnaTV
#slobodenpecat #slobodnaTV",Слободен Печат ТВ / Sloboden Pecat TV,2022-02-09 09:12:00+00:00,2022,80,0,0,22,социјален стрес,социјален стрес,mk,https://www.youtube.com/watch?v=jMmJgLuSuZc
NKLh79BT-bI,Младите со порака до ЕУ - Македонија заслужува почеток на преговори,,Телма ТВ / Telma TV,2021-05-08 14:05:26+00:00,2021,66,0,0,22,ЕУ преговори Македонија,ЕУ преговори Македонија,mk,https://www.youtube.com/watch?v=NKLh79BT-bI
WDJQhCPEqTQ,"Дерала: Изборните, како и политичките процеси се препуштени на стихијата","„За состојбата во која се наоѓа општеството и политичкиот систем во целост, заслужни се тешките пропусти направени во креирањето на изборниот систем, а уште повеќе во изборните практики. Самите изборни процеси не се изолирани од сè останато во општествено-политичкото и правниот поредок. Напротив, тие се истовремено и последица и причинител за позитивните или негативните состојби во целокупното живеење на едно општество и на државата.“, вели Џабир Дерала, на почетокот на презентацијата на анализата и препораките што произлегуваат од изборниот мониторинг на ЦИВИЛ за Локалните избори 2021, на настанот на ЦИВИЛ „Локални избори: Научени Лекции“.
Дерала се осврна на уделот на јавноста, а посебно на политичките партии за одговорноста за  тешките состојби во критични области во општеството и политиката.

„И јавноста, но и политичките партии, често ја истакнуваат одговорноста на самите политички партии за овие состојби. Се разбира, секоја политичка партија ја наоѓа одговорноста кај друга политичка партија, а неретко и во сите останати политички партии во земјата. Секогаш некој друг е виновен за тешките состојби во критични области во општеството и политиката.

Помалите политички партии, најчесто со право, говорат за тоа дека системот е неправеден, дека немаат пристап до ресурси и медиуми. Нивните критики најчесто се сведуваат на констатацијата дека системот се креира и одржува на тој начин што ги брани интересите на големите политички партии. Големите да останат големи или да станат уште поголеми, а малите да останат мали, да се претопат во големите или да исчезнат.

Тоа не е далеку од вистината. Впрочем, и во другите области во поредокот се гледаат истите тенденции. Така е и во економијата, а така е и во животот.

Тоа што често се „заборава“ е фактот дека и помалите политички партии носат одговорност за состојбите во овој контекст. Помалите политички партии имаат сериозен удел, поголем дури и од своите размери, во корумпирањето на системот.“

Во однос на унапредувањето на политичкиот систем, демократијата и демократските институции, Дерала посочува дека  шансите се мали, со оглед на постојната политичка култура и со легислатива и манирите на имплементација какви што имаме во нашата земја.

„Клиентелизмот, кронизмот, политичкиот парохијализам, трговијата со влијанија и низа други појави, често започнуваат и завршуваат токму во пазарењето меѓу политичките партии, каде што помалите политички партии имаат голема улога. Мали по обем, но големи по влијание. За жал, тоа влијание често се користи за теснопартиски и лични интереси, а не за наметнување на идеи, проекти, стратегии и определби.

Политичкиот систем, демократијата и демократските институции нема никогаш да добијат ни најмала шанса за унапредување, со постојната политичка култура и со легислатива и манирите на имплементација какви што имаме во нашата земја. Оттаму, не можеме да очекуваме ниту почитување на човековите права и слободи, а во овој контекст, ниту правото на глас кое е едно од фундаменталните човекови права.“

„Не смееме да ја занемариме ниту одговорноста што ја имаат и другите чинители во општеството. Неславна е улогата што ја играат дел од организациите на граѓанското општество и дел од медиумите. Поточно, политичките и други центри на моќта, ја злоупотребуваат можноста за граѓанско организирање и за креирање на јавното мислење преку медиумите.

Нека ми простат оние што имаат почувствителни уши, но изгледа дека различните чинители во општеството и државата, почнувајќи од политичките партии, завршувајќи со граѓанките и граѓаните, во овој контекст – гласачите, се во некој вид садо-мазохистичка релација. Тие постојано се измачуваат меѓусебно и уживаат во тоа. Се уште не се најде општествена или политичка сила која ќе му стави крај на ова бескрајно измачување. Ваквите повици најчесто остануваат да одекнуваат во општество без политичка, изборна и медиумска култура.“, вели Дерала.

„Во нашите политички процеси и процесите на донесување одлуки, недостасуваат визија и стратегија. Уште повеќе, недостасуваат искреност и свест за универзалните придобивки од демократијата. Недостасува сознанието дека сите се добитници во добро уредена, правична и праведна демократија, отпорна на деструктивни влијанија однадвор. Затоа, нашето општество и државата, всушност ги носи стихијата, а не планот, идеите и стратегиите. Оттаму, премногу моќ се концентрира кај поединци или мали групи од моќни луѓе во чии раце политичките партии и институциите се само алатки за постигнување на тесни цели.

Најголемиот добитник од долгорочните стратегии, добро осмислени и уште подобро спроведени во инклузивен процес, се граѓанките и граѓаните.“, заклучи на крајот на излагањето Дерала.

Камера: Атанас Петровски

Монтажа и реализација: Ариан Мехмети",Civil,2021-12-23 14:57:54+00:00,2021,25,1,0,22,довербата во системот,довербата во системот,mk,https://www.youtube.com/watch?v=WDJQhCPEqTQ
pgP78O86Nq4,Заев: Или уставни измени или предвремени избори,"Follow Kanal5 on...
• FB: https://smarturl.it/fb5
• IG: https://smarturl.it/Ig5
• Web: https://kanal5.com.mk/

© & ℗ Kanal5 & IN Media. All Rights Reserved



Премиерот Зоран Заев вечерва се обрати од прес центарот на ,,Коалицијата ЗА европска Македонија” . Рече дека доколку нема двотретинско мнозинство во Собранието, ќе се одржат предвремени избори до крајот на ноември.",Канал 5 Телевизија,2018-09-30 21:35:05+00:00,2018,10368,36,41,21,реформа на уставот Македонија,реформа на уставот Македонија,mk,https://www.youtube.com/watch?v=pgP78O86Nq4
by0b5nejRTQ,"Мицкоски: Има само една Македонија, со работа и реформи да влеземе во ЕУ","Follow Sitel Televizija on...
• WEB: http://sitel.com.mk/
• FB: https://smarturl.it/sitelFB
• IG: https://smarturl.it/SitelInstagram
• Tw: https://smarturl.it/SitelTwitter

© & ℗ Sitel Televizija All Rights Reserved",Сител Телевизија,2023-05-24 14:07:26+00:00,2023,667,8,13,21,реформа на уставот Македонија,реформа на уставот Македонија,mk,https://www.youtube.com/watch?v=by0b5nejRTQ
4UFXWEv2uXw,Бугарија не отстапува од ветото за старт на преговорите - очекува конкретни чекори од Македонија,"Follow Sitel Televizija on...
• WEB: http://sitel.com.mk/
• FB: https://smarturl.it/sitelFB
• IG: https://smarturl.it/SitelInstagram
• Tw: https://smarturl.it/SitelTwitter

© & ℗ Sitel Televizija All Rights Reserved",Сител Телевизија,2021-11-25 15:27:25+00:00,2021,790,12,8,21,бугарско вето Македонија,бугарско вето Македонија,mk,https://www.youtube.com/watch?v=4UFXWEv2uXw
R4OFlXfP948,"Ципрас дециден: Нема договор за името без промена во устав - На Македонија и се брза, не на Грција","Official facebook: https://www.facebook.com/tvsitel.mk/
Web: http://sitel.com.mk/
Copyright: OnAir Media Group; www.onair.mk",Сител Телевизија,2018-02-24 15:42:09+00:00,2018,1084,2,4,21,името на Македонија,името на Македонија,mk,https://www.youtube.com/watch?v=R4OFlXfP948
7uSOIcAwAYY,Дали е можно поништување на Преспанскиот договор?,"Follow Kanal5 on...
• FB: https://smarturl.it/fb5
• IG: https://smarturl.it/Ig5
• Web: https://kanal5.com.mk/

© & ℗ Kanal5 & IN Media. All Rights Reserved



Првата недела од кампањата го исфрли на површина Договорот од Преспа како доминантна тема околу која кандидатите ги кршат копјата.",Канал 5 Телевизија,2019-04-08 12:57:26+00:00,2019,956,5,3,21,Преспански договор; преспански договор,преспански договор,mk,https://www.youtube.com/watch?v=7uSOIcAwAYY
bMf3HhEYPx0,Македонија и Грција ставија потпис на договорот за името во Преспа,"Web: http://sitel.com.mk/
Facebook: https://www.facebook.com/tvsitel.mk/
Twitter: https://twitter.com/SitelTV
Instagram: https://www.instagram.com/siteltelevision/

Copyright: OnAir Media Group; www.onair.mk",Сител Телевизија,2018-06-17 17:38:26+00:00,2018,722,3,3,21,името на Македонија,името на Македонија,mk,https://www.youtube.com/watch?v=bMf3HhEYPx0
rlbZCQN_C8w,"Македонија дефинитивно тоне длабоко во политичка криза, единствен излез се предвремени избори",,AlfaTV News,2023-01-24 13:50:40+00:00,2023,554,4,2,21,политичка криза; политичка криза Македонија,политичка криза Македонија,mk,https://www.youtube.com/watch?v=rlbZCQN_C8w
UNx9X-_Cecw,Македонија во нова политичка криза: „Потребно е шумарот да ги избрка и Партизаните и Германците“,,AlfaTV News,2022-05-11 13:24:38+00:00,2022,349,1,2,21,политичка криза; политичка криза Македонија,политичка криза Македонија,mk,https://www.youtube.com/watch?v=UNx9X-_Cecw
LNFWCFPfUgA,„Северна Македонија да биде интегрирана во ЕУ“ - Брнз: Македонија и Бугарија да најдат брзо решение,"Follow TV21 on...
• Web: https://tv21.mk & https://tv21.tv
• FB: https://smarturl.it/TV21Fb
• IG: https://smarturl.it/TV21IG
• Tw: https://smarturl.it/tv21Tw
• Телефон: 02/313-5630

© & ℗ TV21 & IN Media. All Rights Reserved",TV21,2021-10-14 21:13:55+00:00,2021,309,0,2,21,интеграција во ЕУ Македонија,интеграција во ЕУ Македонија,mk,https://www.youtube.com/watch?v=LNFWCFPfUgA
10rZq5pJTBk,Македонија и Грција ставија потпис на договорот за името во Преспа,"Web: http://sitel.com.mk/
Facebook: https://www.facebook.com/tvsitel.mk/
Twitter: https://twitter.com/SitelTV
Instagram: https://www.instagram.com/siteltelevision/

Copyright: OnAir Media Group; www.onair.mk",Сител Телевизија,2018-06-17 18:32:24+00:00,2018,1163,6,1,21,Преспански договор; името на Македонија; преспански договор,преспански договор,mk,https://www.youtube.com/watch?v=10rZq5pJTBk
wKKkFu9YJ_o,Почнува втората фаза од постапката за менување на Уставот,"Follow Kanal5 on...
• FB: https://smarturl.it/fb5
• IG: https://smarturl.it/Ig5
• Web: https://kanal5.com.mk/

© & ℗ Kanal5 & IN Media. All Rights Reserved



Собраниската комисија за уставни прашања ја почна седницата на која треба да се расправа за четирите нацрт-амандмани на Уставот согласно договорот од Преспа, но веднаш на почетокот беше дадена пауза.",Канал 5 Телевизија,2018-11-07 14:16:40+00:00,2018,528,2,1,21,реформа на уставот Македонија,реформа на уставот Македонија,mk,https://www.youtube.com/watch?v=wKKkFu9YJ_o
igBGI-tOf9s,Дали претседавањето на Бугарија со ЕУ може да ја приближи Македонија во Унијата,"Official facebook: https://www.facebook.com/tvsitel.mk/
Web: http://sitel.com.mk/
Copyright: OnAir Media Group; www.onair.mk",Сител Телевизија,2018-01-02 15:53:42+00:00,2018,1793,9,0,21,бугарско вето Македонија,бугарско вето Македонија,mk,https://www.youtube.com/watch?v=igBGI-tOf9s
QlC6Q2m4Pvs,Заев од Форумот во Давос: Македонија повторно има глас на светската економска и политичка сцена,,Влада на‎ Република Северна Македонија,2018-01-26 14:52:05+00:00,2018,1243,8,0,21,реформа на уставот Македонија,реформа на уставот Македонија,mk,https://www.youtube.com/watch?v=QlC6Q2m4Pvs
9vx-hJWgc9s,Проф.Д-р Фрчковски: нацрт-амандманите не го загрозуваат граѓанскиот карактер на Уставот,"http://vlada.mk/
___

Влада на Република Македонија на социјалните мрежи:

Facebook: www.facebook.com/VladaMK
Twitter: www.twitter.com/VladaMK
Instagram: www.instagram.com/mkvlada
Flickr: www.flickr.com/vladamk",Влада на‎ Република Северна Македонија,2018-12-05 20:05:51+00:00,2018,913,7,0,21,реформа на уставот Македонија,реформа на уставот Македонија,mk,https://www.youtube.com/watch?v=9vx-hJWgc9s
VitrTZPEkBA,Ципрас не се откажува од промени на Уставот - Бугарија се противи на решението „Горна Македонија“,"Official facebook: https://www.facebook.com/tvsitel.mk/
Web: http://sitel.com.mk/
Copyright: OnAir Media Group; www.onair.mk",Сител Телевизија,2018-02-12 15:29:35+00:00,2018,884,3,0,21,реформа на уставот Македонија,реформа на уставот Македонија,mk,https://www.youtube.com/watch?v=VitrTZPEkBA
azHBDlO9km8,Десетици илјади граѓани на протест во Скопје против новиот француски предлог,"Голем број на граѓани, организирани преку социјалните мрежи од граѓански движења, но и со подршка од опозициските партии, попладнево се собраа пред Владата за да го искажат своето несогалсување со евентуалната можност Владата да го прифати францускиот предлог за кревање на ветото на Бугарија
Originally published at - https://mk.voanews.com/a/6642761.html",Глас на Америка,2022-07-02 19:48:24+00:00,2022,734,14,0,21,француски предлог Македонија,француски предлог Македонија,mk,https://www.youtube.com/watch?v=azHBDlO9km8
ExwBx9SETmQ,Владата ја подготвува јавноста – Македонија може да остане без преговори со ЕУ,,AlfaTV News,2019-03-31 13:28:29+00:00,2019,693,3,0,21,ЕУ преговори Македонија,ЕУ преговори Македонија,mk,https://www.youtube.com/watch?v=ExwBx9SETmQ
lHIpZGyqp7Y,Анализа: Се разгорува ли нова политичка криза?,"Блокадата од Бугарија и дилемите околу преговорите Скопје – Софија ја вжетија политичката сцена - се разгорува ли нова политичка криза? 

Follow Kanal5 on...
• FB: https://smarturl.it/fb5
• IG: https://smarturl.it/Ig5
• Web: https://kanal5.com.mk/

© & ℗ Kanal5 & IN Media. All Rights Reserved",Канал 5 Телевизија,2020-11-27 17:08:56+00:00,2020,675,8,0,21,политичка криза; политичка криза Македонија,политичка криза Македонија,mk,https://www.youtube.com/watch?v=lHIpZGyqp7Y
WjDhQI79mmM,"Ковачевски за најавите за можно вето: Ние преговараме со ЕУ, а не со Бугарија","Македонија преговара со Европската унија, а не со Бугарија, вели премиерот Ковачевски по последните најави за можно вето од страна бугарскиот државен врв.
Follow Kanal5 on...
• FB: https://smarturl.it/fb5
• IG: https://smarturl.it/Ig5
• Web: https://kanal5.com.mk/

© & ℗ Kanal5 & IN Media. All Rights Reserved",Канал 5 Телевизија,2023-01-25 14:01:47+00:00,2023,638,0,0,21,бугарско вето Македонија,бугарско вето Македонија,mk,https://www.youtube.com/watch?v=WjDhQI79mmM
e9fgWzhRXaI,Макрон: Одвојувањето на Македонија и Албанија ќе беше смртоносна политичка грешка,,Телма ТВ / Telma TV,2019-10-18 17:04:22+00:00,2019,474,1,0,21,француски предлог Македонија,француски предлог Македонија,mk,https://www.youtube.com/watch?v=e9fgWzhRXaI
crzUq8T-EfE,Едштадлер: Македонија да го направи следниот чекор во процесот на проширување,"Европската унија не е комплетна без земјите од Западен Балкан, порача австриската министерка за Европска Унија, Каролина Едштадлер по средбата со вицепремиерот за европски прашања Маричиќ.. 
Follow Kanal5 on...
• FB: https://smarturl.it/fb5
• IG: https://smarturl.it/Ig5
• Web: https://kanal5.com.mk/

© & ℗ Kanal5 & IN Media. All Rights Reserved",Канал 5 Телевизија,2022-03-30 16:11:27+00:00,2022,466,0,0,21,НАТО ЕУ Македонија протест; интеграција во ЕУ Македонија; реформа на уставот Македонија,НАТО ЕУ Македонија протест,mk,https://www.youtube.com/watch?v=crzUq8T-EfE
BsKyaJqn31w,"Очи в очи - Тема:Марта Кос во Скопје - Се разговара за планот за раст, ЕУ интеграциите на Македонија",,Televizija 24Vesti,2025-06-30 17:45:48+00:00,2025,434,3,0,21,интеграција во ЕУ Македонија,интеграција во ЕУ Македонија,mk,https://www.youtube.com/watch?v=BsKyaJqn31w
9cDwVKJaT_E,БЕСА ќе бара уставни измени за  права за Албанците при гласање на договорот со Грција,"Follow Kanal5 on...
• FB: https://smarturl.it/fb5
• IG: https://smarturl.it/Ig5
• Web: https://kanal5.com.mk/

© & ℗ Kanal5 & IN Media. All Rights Reserved



Ако во собранието се гласаат уставните амандмани за договорот со Грција беса на Касами најавува дека ќе бара поголеми права за Албанците.",Канал 5 Телевизија,2018-10-06 13:08:19+00:00,2018,171,2,0,21,уставни измени Македонија,уставни измени Македонија,mk,https://www.youtube.com/watch?v=9cDwVKJaT_E
I8mDo13zmRQ,Заев: Македонија го зајакна својот идентитет,,Телма ТВ / Telma TV,2018-09-11 11:09:39+00:00,2018,101,1,0,21,македонски идентитет,македонски идентитет,mk,https://www.youtube.com/watch?v=I8mDo13zmRQ
k7JxdN5oL7k,Република Северна Македонија - е договорот за името 13.06.2018,,No one's Phone,2018-06-13 16:48:44+00:00,2018,94,0,0,21,името на Македонија,името на Македонија,mk,https://www.youtube.com/watch?v=k7JxdN5oL7k
PZZzWev7IVs,17 јуни 2018 протест против ПРЕСПАНСКИ ДОГОВОР,"Со овој договор се смени името на нашата држава, се смени Уставот а и се воведе двојазичноста...",Filip Petrovski,2021-09-22 20:12:00+00:00,2021,88,3,0,21,Преспански договор; преспански договор,преспански договор,mk,https://www.youtube.com/watch?v=PZZzWev7IVs
2xF9Lf79ND0,КРИВИЧНА ОДГОВОРНОСТ за тие кои го донесоа „француски предлог“ во Македонија!,,Македонски Концепт / Makedonski Koncept,2024-09-20 06:51:36+00:00,2024,60,3,0,21,француски предлог Македонија,француски предлог Македонија,mk,https://www.youtube.com/watch?v=2xF9Lf79ND0
aNGhmeXo1RY,"Слово за живот, април 2025.","Слово за живот, април 2025

„Ете, Јас правам нешто ново; еве сега ќе се јави; зар и тоа не сакате да го знаете?“ (Ис 43,19)
Прогонството во Вавилон и уривањето на Ерусалимскиот храм создадоа колективна траума кај израелскиот народ и наметнаа теолошко прашање: дали Бог сè уште е со нас или нè напуштил? Целта на овој дел од Книгата на пророкот Исаија е да му помогне на народот да сфати што прави Бог, да Му се довери и така да се врати во својата татковина. Токму во искуството на прогонството се открива лицето на Бог како Створител и Спасител....",focolare Skopje,2025-04-14 06:19:23+00:00,2025,39,1,0,21,колективна траума,колективна траума,mk,https://www.youtube.com/watch?v=aNGhmeXo1RY
AZIRxs2gv-c,Пировска:  Приоритет на Владата ќе биде да ја врати довербата на граѓаните во институциите,"„Моја општа констатација е дека во следните години приоритет на оваа Влада ќе треба да биде да ја врати довербата на граѓаните во институциите. Ситео ние реформски закони што се донесени треба да бидат имплементирани. За обичниот граѓанин информацијата дека се донесени пакет реформиски закони, не значат буквално ништо. Ќе значат оној момент кога ќе отидат на шалтер и кога државниот службеник што ќе ги пречека, без оглед на нивната различност и нивниот статус во ова општество, ќе им го пружат сервиот кој што им е неопходен за да го остварат своето“, изјави Уранија Провска, извршна директорка на Хлесинишкиот комитет за човекови права на втората панел дискусија од Форумот „Две години Влада – Одговорно пред граѓаните“, што се одржа на 2 јуни.

Монтажа: А. Мехмети

www.civilmedia.mk
www.civil.org.mk
www.drejt.mk",Civil,2019-06-11 10:04:26+00:00,2019,21,0,0,21,довербата во институциите,довербата во институциите,mk,https://www.youtube.com/watch?v=AZIRxs2gv-c
ReJsL1JOtG0,Извештајот за Македонија изгласан во Европскиот парламент без македонски јазик и идентитет,"Follow Sitel Televizija on...
• WEB: http://sitel.com.mk/
• FB: https://www.facebook.com/sitelmk
• IG: https://www.instagram.com/sitel.tv/
• Tw: https://twitter.com/SitelTV
• TT: https://www.tiktok.com/@sitel.televizija

© & ℗ Sitel Televizija All Rights Reserved",Сител Телевизија,2025-07-09 14:13:12+00:00,2025,2329,13,114,20,македонски идентитет,македонски идентитет,mk,https://www.youtube.com/watch?v=ReJsL1JOtG0
O7fRWw7Hhac,Во предвечерието на самитот за Западен Балкан - Македонија и Бугарија се уште без договор,"Follow Sitel Televizija on...
• WEB: http://sitel.com.mk/
• FB: https://smarturl.it/sitelFB
• IG: https://smarturl.it/SitelInstagram
• Tw: https://smarturl.it/SitelTwitter

© & ℗ Sitel Televizija & IN Media. All Rights Reserved",Сител Телевизија,2020-11-09 15:37:31+00:00,2020,1411,10,87,20,бугарско вето Македонија,бугарско вето Македонија,mk,https://www.youtube.com/watch?v=O7fRWw7Hhac
XPB6Uuc_stA,Тензична дебата во бугарското Собрание - тема ветото за Македонија,"Follow Sitel Televizija on...
• WEB: http://sitel.com.mk/
• FB: https://smarturl.it/sitelFB
• IG: https://smarturl.it/SitelInstagram
• Tw: https://smarturl.it/SitelTwitter

© & ℗ Sitel Televizija All Rights Reserved",Сител Телевизија,2022-06-15 10:33:21+00:00,2022,1382,2,33,20,бугарско вето Македонија,бугарско вето Македонија,mk,https://www.youtube.com/watch?v=XPB6Uuc_stA
WZ5WHfCQ6tg,Француски предлог – Македонија да и се извини на Бугарија за „репресиите“ вршени во комунизмот,,AlfaTV News,2022-06-22 15:18:32+00:00,2022,1151,13,33,20,француски предлог Македонија,француски предлог Македонија,mk,https://www.youtube.com/watch?v=WZ5WHfCQ6tg
AWhqxaRte0k,🗣️ Ѓорчев: Сите несреќи од Македонија произлегуваат од Санстефанскиот договор #политиканти,,politikanti,2024-02-25 16:05:59+00:00,2024,33801,310,31,20,политички настани Македонија,политички настани Македонија,mk,https://www.youtube.com/watch?v=AWhqxaRte0k
NED6fFAgpfQ,Анализа: Дали Македонија и ветото се присутни во преговорите за формирање Влада во Бугарија?,"Follow Sitel Televizija on...
• WEB: http://sitel.com.mk/
• FB: https://smarturl.it/sitelFB
• IG: https://smarturl.it/SitelInstagram
• Tw: https://smarturl.it/SitelTwitter

© & ℗ Sitel Televizija All Rights Reserved",Сител Телевизија,2021-11-17 20:12:43+00:00,2021,801,5,13,20,бугарско вето Македонија,бугарско вето Македонија,mk,https://www.youtube.com/watch?v=NED6fFAgpfQ
tXIjqdXZYbU,Бугарија барала формула за Македонија да почне преговори со ЕУ,"Follow Sitel Televizija on...
• WEB: http://sitel.com.mk/
• FB: https://smarturl.it/sitelFB
• IG: https://smarturl.it/SitelInstagram
• Tw: https://smarturl.it/SitelTwitter

© & ℗ Sitel Televizija All Rights Reserved",Сител Телевизија,2021-08-04 17:19:05+00:00,2021,1060,5,8,20,ЕУ преговори Македонија,ЕУ преговори Македонија,mk,https://www.youtube.com/watch?v=tXIjqdXZYbU
OSRwp6pZUvY,"Европската комисија планира преговори и со Македонија и со Албанија, вели ЕУ амбасадорот Гир","Follow Sitel Televizija on...
• WEB: http://sitel.com.mk/
• FB: https://smarturl.it/sitelFB
• IG: https://smarturl.it/SitelInstagram
• Tw: https://smarturl.it/SitelTwitter

© & ℗ Sitel Televizija All Rights Reserved",Сител Телевизија,2021-05-09 14:13:53+00:00,2021,516,2,5,20,ЕУ преговори Македонија,ЕУ преговори Македонија,mk,https://www.youtube.com/watch?v=OSRwp6pZUvY
pWkeHDEkahY,Топ Тема на Ваша Страна - Анкета: Колкава е довербата во правосудниот систем (03.12.2018),"Граѓаните ја губат довербата во СJO. Овој пресврт го покажува Анкетата на Телма и МЦМС каде што недовербата расте и во судовите и јавното обвинителство кои се фокусот по прислушувањата, апсењата, строгите притвори и мистериозните бегства. Од клучните проблемите - политиката паѓа на дното, расте загриженоста од загадувањето и криминалот.",ТОП ТЕМА НА ВАША СТРАНА (ТОП ТЕМА#ONYOURSIDE),2018-12-03 20:24:56+00:00,2018,2359,13,4,20,довербата во системот,довербата во системот,mk,https://www.youtube.com/watch?v=pWkeHDEkahY
OdvuL5y4GOk,Македонската историографија да престане да реагира на провокации од надвор,"🗣 А понекогаш имам впечаток дека на нас многу ни е поважно Бугарија да не признае нас, нашиот идентитет, како нација, како јазик, отколку сите други држави во светот. 

👉 Имам впечаток дека сѐ друго ние би занемариле ако Бугарија каже, да, еве постои македонски јазик, постои македонски идентитет. Тоа треба да го тргнеме настрана. Воопшто не е важно Бугарија што мисли за нашите идентитет.",Рацин.мк,2025-04-28 05:47:26+00:00,2025,586,5,4,20,македонски идентитет,македонски идентитет,mk,https://www.youtube.com/watch?v=OdvuL5y4GOk
Uby9Ogl8Bes,Николоски: Македонија нема да почне преговори со ЕУ поради тоа што нема реформи и групата со Албаниј,"Follow TV21 on...
• Web: https://tv21.mk & https://tv21.tv
• FB: https://smarturl.it/TV21Fb
• IG: https://smarturl.it/TV21IG
• Tw: https://smarturl.it/tv21Tw
• Телефон: 02/313-5630

© & ℗ TV21 & IN Media. All Rights Reserved",TV21,2022-02-02 21:35:40+00:00,2022,1054,4,3,20,ЕУ преговори Македонија,ЕУ преговори Македонија,mk,https://www.youtube.com/watch?v=Uby9Ogl8Bes
ieFxp-W5m6s,Бенефитот од Преспанскиот договор е очигледен,Бенефитот од Преспанскиот договор е очигледен,Инфомакс,2025-06-21 18:09:21+00:00,2025,1436,24,2,20,Преспански договор; преспански договор,преспански договор,mk,https://www.youtube.com/watch?v=ieFxp-W5m6s
_0wR3FaRsgk,"„На Македонија и се случува национално предавство, ние не знаевме дека ќе дојде францускиот предлог“","Follow TV21 on...
• Web: https://tv21.mk & https://tv21.tv
• FB: https://smarturl.it/TV21Fb
• IG: https://smarturl.it/TV21IG
• Tw: https://smarturl.it/tv21Tw
• Телефон: 02/313-5630

© & ℗ TV21 & IN Media. All Rights Reserved",TV21,2022-06-30 20:25:48+00:00,2022,528,2,2,20,француски предлог Македонија,француски предлог Македонија,mk,https://www.youtube.com/watch?v=_0wR3FaRsgk
bG7iihLI6Uw,Жителите на Киев под стрес од секојдневните руски воздушни напади,"Најмалку едно лице загинало, а неколкумина се повредени во денешните руски воздушни напади врз Киев. Жителите на Киев се револтирани и под стрес од постојаните закани.",Radio Slobodna Evropa na Makedonski,2023-05-30 09:07:47+00:00,2023,230,1,2,20,стрес во општеството,стрес во општеството,mk,https://www.youtube.com/watch?v=bG7iihLI6Uw
0k_6TswCeBU,Две години Преспански договор - Идентитетска капитулација или виза за НАТО и ЕУ?!,,AlfaTV News,2020-06-17 13:48:00+00:00,2020,210,0,2,20,Преспански договор; преспански договор,преспански договор,mk,https://www.youtube.com/watch?v=0k_6TswCeBU
lhRkvyRs_h8,Формирана групата „Охрид“ за интеграција на Македонија во НАТО,,MAKFAX,2018-04-24 16:00:35+00:00,2018,130,0,2,20,интеграција во ЕУ Македонија,интеграција во ЕУ Македонија,mk,https://www.youtube.com/watch?v=lhRkvyRs_h8
zTiVPmNbuYI,ЕУ стратегија : Македонија ќе ги отпочне преговорите во 2019,"Follow Kanal5 on...
• FB: https://smarturl.it/fb5
• IG: https://smarturl.it/Ig5
• Web: https://kanal5.com.mk/

© & ℗ Kanal5 & IN Media. All Rights Reserved",Канал 5 Телевизија,2018-02-02 17:35:47+00:00,2018,526,2,1,20,интеграција во ЕУ Македонија,интеграција во ЕУ Македонија,mk,https://www.youtube.com/watch?v=zTiVPmNbuYI
02zC2FH4rNQ,Вжештена атмосфера во Грција спроти  протести против терминот Македонија во името на земјава,"Official facebook: https://www.facebook.com/tvsitel.mk/
Web: http://sitel.com.mk/
Copyright: OnAir Media Group; www.onair.mk",Сител Телевизија,2018-02-01 15:46:22+00:00,2018,374,1,1,20,името на Македонија,името на Македонија,mk,https://www.youtube.com/watch?v=02zC2FH4rNQ
5uq3rTMnKRQ,Македонија го формираше тимот за преговори со ЕУ,"Web: http://sitel.com.mk/
Facebook: https://www.facebook.com/tvsitel.mk/
Twitter: https://twitter.com/SitelTV
Instagram: https://www.instagram.com/siteltelevision/

Copyright: OnAir Media Group; www.onair.mk",Сител Телевизија,2019-07-10 15:06:58+00:00,2019,228,1,1,20,ЕУ преговори Македонија,ЕУ преговори Македонија,mk,https://www.youtube.com/watch?v=5uq3rTMnKRQ
ecaqdRglJ7I,Европратеникот Флекенштајн побара ЕУ лидерите да ги отворат пристапните преговори со Македонија,"Web: http://sitel.com.mk/
Facebook: https://www.facebook.com/tvsitel.mk/
Twitter: https://twitter.com/SitelTV
Instagram: https://www.instagram.com/siteltelevision/

Copyright: OnAir Media Group; www.onair.mk",Сител Телевизија,2018-06-12 15:12:35+00:00,2018,186,2,1,20,ЕУ преговори Македонија,ЕУ преговори Македонија,mk,https://www.youtube.com/watch?v=ecaqdRglJ7I
cdRQjrkVlmE,МАКЕДОНСКИ ПОЛУОСТРОВ,"Поддржи ја работата на овој канал и претплати се, со тоа стануваш део од големото семејство...
#macedonia #macedonian #македонија",Macedonia - Македонија,2025-03-03 16:42:36+00:00,2025,177,8,1,20,името на Македонија,името на Македонија,mk,https://www.youtube.com/watch?v=cdRQjrkVlmE
3WUAtVqMBJo,Совети и добри практики од работата на психолозите во основните училишта,"#ЕДУИНО #ЕДУИНОВебинар #ОнлајнПредавање 

00:00        - Отворање на настанот
08:35       - Предавање 1: Справување и управување со стрес
26:15       - Интерактивни прашања 1: Стрес
31:15       - Предавање 2: Совети за градење на самопочит
39:03       - Интерактивни прашања 2: Самопочит
43:05       - Предавање 3: Интернет зависности
01:11:06 - Прашања и одговори
01:21:50 - Затворање на настанот 


Вебинарот е наменет за училишните психолози од основните училишта.
Пандемијата доведе до тектонски изместувања во образовниот процес. Училиштата се ставени пред бројни предизвици, а еден од нив е и реорганизацијата со цел да обезбедат континуираност на најважниот процеси во животот на една млада индивидуа – образованието и воспитувањето во училишната средина.

Вашите прашања може да ги поставувате за време на вебинарот на www.menti.com користејќи го следниот код: 8074211


Говорници:
Елена Темелкоска - психолог во ООУ „Кирил и Методиј“ – Стајковци
Жанета Ристевска е училишен психолог ОУ „Св. Кирил и Методиј“ - Битола
Татјана Алексова - Славковска - психолог во ООУ „Димитар Македонски“ општина Аеродром


Нови во ЕДУИНО?

Вклучете се во:
ЕДУИНО Заедница: https://www.facebook.com/groups/eduino.gov.mk
ЕДУИНО Едукатори: https://www.facebook.com/groups/582392572294581

Следете нѐ и на: www.eduino.gov.mk
Facebook: https://www.facebook.com/eduinoportal
Instagram: https://www.instagram.com/eduinoportal/

SUBSCRIBE на ЕДУИНО YouTube платформите:
EDUINO Platform: https://www.youtube.com/channel/UCOJWh4fQdKVdnveS8dBEOaw
Е-Училница:
 https://www.youtube.com/channel/UChAiilRtBCYq5Qz_G2vsGcQ
Лекции за средно стручно образование: https://www.youtube.com/channel/UCGNsA50Ye8z87XM3awK1vEw
Лекции за средно образование: https://www.youtube.com/channel/UCG2bqkptaw140puGTX7Q6YQ

ЕДУИНО е колективен портал за дигитални содржини со над 10.000.000 посети, 
4 различни Youtube платформи со видеолекции за основно, средно и средно стручно образование на македонски, албански, влашки, турски и босански јазик. ЕДУИНО дигиталните содржини се резултат на заедничките напори и вложувања на наставници кои придонесоа со особен труд и посветеност без никаков финансиски надоместок. Благодарение на ова и ЕДУИНО - колективниот портал, учениците можат да ја следат наставата и да си го олеснат своето образование и во домашни услови.

ЕДУИНО е резултат на проектот „Поставување на поволно опкружување за подобрување на квалитетот на наставата и учењето преку ко-креирање и иновации” #Inno4Edu е финансиран од Владата на Обединетото Кралство преку Амбасадата на Велика Британија во Скопје, со поддршка на Бирото за развој на образование, Министерството за образование и наука, Министерството за труд и социјална политика и УНИЦЕФ. Проектот го спроведува СмартАп – Лабораторијата за социјални иновации

#ДигиталниВештини #МОН #МТСП #УНИЦЕФ #СмартАП #БРО #BritishEmbassy #UKAid #ОнлајнЧас #Образование #ИнтерактивенЧас #eduino #eduinowebinar #webinar",Eduino Platform,2020-11-10 15:07:09+00:00,2020,3061,0,0,20,психолошки влијанија политика; социјален стрес,психолошки влијанија политика,mk,https://www.youtube.com/watch?v=3WUAtVqMBJo
Zn499I2InlM,„Република Северна Македонија“ е договореното име за решение?,,Телма ТВ / Telma TV,2018-05-29 13:58:02+00:00,2018,2545,18,0,20,Преспански договор; преспански договор,преспански договор,mk,https://www.youtube.com/watch?v=Zn499I2InlM
KfuqrniCP8k,"Никовски: Датумот за преговори со ЕУ е лага, Бугарија и Грција ќе ја блокираат Македонија",,A1 ONmkd,2018-06-27 13:14:46+00:00,2018,2500,17,0,20,ЕУ преговори Македонија,ЕУ преговори Македонија,mk,https://www.youtube.com/watch?v=KfuqrniCP8k
cZ4GwS_FqNM,Премиерот Заев: Не губам надеж дека ќе се смогнат сили да обезбедиме двотретинско мнозинство,"http://vlada.mk/
___

Влада на Република Македонија на социјалните мрежи:

Facebook: www.facebook.com/VladaMK
Twitter: www.twitter.com/VladaMK
Instagram: www.instagram.com/mkvlada
Flickr: www.flickr.com/vladamk",Влада на‎ Република Северна Македонија,2018-10-18 12:04:14+00:00,2018,2321,12,0,20,реформа на уставот Македонија,реформа на уставот Македонија,mk,https://www.youtube.com/watch?v=cZ4GwS_FqNM
EUBKUeba2D8,Од 2024 задолжителна регистрација и 7 евра за патување во ЕУ – ќе се изземе ли Mакедонија?,"Европската Унија најави пакет за побрза интеграција на земјите од Zападен Bалкан, но во исто време планира од следната година да го усложни влегувањето во Унијата... 
Follow Kanal5 on...
• FB: https://smarturl.it/fb5
• IG: https://smarturl.it/Ig5
• Web: https://kanal5.com.mk/

© & ℗ Kanal5 & IN Media. All Rights Reserved",Канал 5 Телевизија,2023-06-03 13:09:40+00:00,2023,1657,4,0,20,интеграција во ЕУ Македонија,интеграција во ЕУ Македонија,mk,https://www.youtube.com/watch?v=EUBKUeba2D8
QqaTXrUXog4,Eксперти: Измените во Преамбулата на Уставот носат неизвесност за иднината на Македонија,,AlfaTV News,2018-11-05 13:54:44+00:00,2018,1582,10,0,20,реформа на уставот Македонија,реформа на уставот Македонија,mk,https://www.youtube.com/watch?v=QqaTXrUXog4
MyCiSZxi7Oo,Европскиот парламент го усвои Извештајот за Македонија – без македонски јазик и идентитет,,Televizija 24Vesti,2025-07-09 15:00:51+00:00,2025,1290,0,0,20,македонски идентитет,македонски идентитет,mk,https://www.youtube.com/watch?v=MyCiSZxi7Oo
B7rLyS5huL8,Македонија е  пред брзи избори или пред обид за уставни измени?,"Можни ли се брзи предвремени парламентарни избори во мај, без формирање на техничка влада, како што вчера предложи лидерот на ВМРО-ДПМНЕ Мицкоски ?
Follow Kanal5 on...
• FB: https://smarturl.it/fb5
• IG: https://smarturl.it/Ig5
• Web: https://kanal5.com.mk/

© & ℗ Kanal5 & IN Media. All Rights Reserved",Канал 5 Телевизија,2023-02-26 14:09:10+00:00,2023,1240,4,0,20,уставни измени Македонија,уставни измени Македонија,mk,https://www.youtube.com/watch?v=B7rLyS5huL8
5HjJtG4sFiY,Захариева експлицитно не потврдува евентуално бугарско вето за Македонија,"Follow Kanal5 on...
• FB: https://smarturl.it/fb5
• IG: https://smarturl.it/Ig5
• Web: https://kanal5.com.mk/

© & ℗ Kanal5 & IN Media. All Rights Reserved



Никој не ги спречува нашите соседи да се самоопределат, но тоа не може да се прави врз основа на антибугарска реторика, смета бугарската министерка за надворешни работи Екатерина Захариева.. 

Official facebook: https://www.facebook.com/Kanal5Televizija/
Web: http://kanal5.mk/
Copyright: OnAir Media Group",Канал 5 Телевизија,2020-05-13 15:43:53+00:00,2020,1041,8,0,20,бугарско вето Македонија,бугарско вето Македонија,mk,https://www.youtube.com/watch?v=5HjJtG4sFiY
fIGSbXx4vm0,"Масовни протести во Атина, Грците го бранат името Македонија",,Телма ТВ / Telma TV,2018-02-04 14:55:53+00:00,2018,967,3,0,20,името на Македонија,името на Македонија,mk,https://www.youtube.com/watch?v=fIGSbXx4vm0
wkX-Q2pD0nY,"Пресврт во преговорите, се наѕира ли решение на спорот","Follow Kanal5 on...
• FB: https://smarturl.it/fb5
• IG: https://smarturl.it/Ig5
• Web: https://kanal5.com.mk/

© & ℗ Kanal5 & IN Media. All Rights Reserved



По неуспехот на преговорите во Њујорк, се наѕира ли пресврт во спорот за името.",Канал 5 Телевизија,2018-05-28 17:13:38+00:00,2018,949,4,0,20,Преспански договор; преспански договор,преспански договор,mk,https://www.youtube.com/watch?v=wkX-Q2pD0nY
OLIksEQv-7E,Денеска и утре лидерите на  ЕУ ќе одлучуваат за Македонија,"Follow Kanal5 on...
• FB: https://smarturl.it/fb5
• IG: https://smarturl.it/Ig5
• Web: https://kanal5.com.mk/

© & ℗ Kanal5 & IN Media. All Rights Reserved



Денеска и утре  се одржува Самитот на кој ќе учествуваат лидерите на Европската унија.",Канал 5 Телевизија,2019-10-17 09:16:18+00:00,2019,948,5,0,20,реформа на уставот Македонија,реформа на уставот Македонија,mk,https://www.youtube.com/watch?v=OLIksEQv-7E
V-K8W5Cxkeg,„Агенти на промени“ - правосудната фела трага по унифицираност за ПИ-мерките,"Недовербата во правосудството не е непознат феномен, како ни заложбите за промени на подобро. Токму подигнување на довербата е една од целите на циклусот тренинзи низ кои поминува група обвинители, судии, адвокати и вработени во МВР, за стекнатото знаење потоа ефикасно да го пренесуваат на свои колеги. Ги посетивме на една од сесиите. Погледнете го видеото",360 Stepeni,2022-05-25 09:29:30+00:00,2022,795,3,0,20,довербата во институциите,довербата во институциите,mk,https://www.youtube.com/watch?v=V-K8W5Cxkeg
67PKa02I0AA,Радев: Правата на македонските Бугари е причината за новото вето за Македонија,,Телма ТВ / Telma TV,2021-10-27 14:11:44+00:00,2021,666,11,0,20,бугарско вето Македонија,бугарско вето Македонија,mk,https://www.youtube.com/watch?v=67PKa02I0AA
W5vKVFFz9wM,Дебати за Македонија- Економски политики за достоинствен живот и ЕУ интеграција,https://www.facebook.com/vmromakedonija,ВМРО - ДПМНЕ,2023-10-16 00:49:33+00:00,2023,441,16,0,20,интеграција во ЕУ Македонија,интеграција во ЕУ Македонија,mk,https://www.youtube.com/watch?v=W5vKVFFz9wM
kvkk9_amQUM,Коѕијас: Грција ќе и достави на Македонија нацрт договор со 4 точки,"Follow Kanal5 on...
• FB: https://smarturl.it/fb5
• IG: https://smarturl.it/Ig5
• Web: https://kanal5.com.mk/

© & ℗ Kanal5 & IN Media. All Rights Reserved",Канал 5 Телевизија,2018-01-30 13:07:49+00:00,2018,438,1,0,20,Преспански договор; преспански договор,преспански договор,mk,https://www.youtube.com/watch?v=kvkk9_amQUM
0AW_1CPTqsY,Ципрас и Мицотакис се скараа за Преспанскиот договор,"Follow Kanal5 on...
• FB: https://smarturl.it/fb5
• IG: https://smarturl.it/Ig5
• Web: https://kanal5.com.mk/

© & ℗ Kanal5 & IN Media. All Rights Reserved



Дали сега Преспанскиот договор ви е добар?  Ова прашање поранешниот грчки премиер Алексис Ципрас директно му го постави на својот наследник Мицотакис на првиот ден парламентарна расправа за доверба на грчката влада.",Канал 5 Телевизија,2019-07-21 12:31:39+00:00,2019,417,0,0,20,Преспански договор; преспански договор,преспански договор,mk,https://www.youtube.com/watch?v=0AW_1CPTqsY
hWqa2eP1Pvs,"Во Македонија не пристигнал таканаречен француски предлог, вели премиерот Ковачевски",,Телма ТВ / Telma TV,2022-06-17 15:08:36+00:00,2022,401,2,0,20,француски предлог Македонија,француски предлог Македонија,mk,https://www.youtube.com/watch?v=hWqa2eP1Pvs
fT0LHTf39Tc,Захариева: Македонија може да почне преговори за членство во ЕУ до јули,"Official facebook: https://www.facebook.com/tvsitel.mk/
Web: http://sitel.com.mk/
Copyright: OnAir Media Group; www.onair.mk",Сител Телевизија,2018-01-24 15:56:49+00:00,2018,398,0,0,20,ЕУ преговори Македонија,ЕУ преговори Македонија,mk,https://www.youtube.com/watch?v=fT0LHTf39Tc
DgBKoR3P5V4,Формирана групата „Охрид“ за интеграција на Македонија во НАТО,,A1 ONmkd,2018-04-24 15:53:24+00:00,2018,370,3,0,20,интеграција во ЕУ Македонија,интеграција во ЕУ Македонија,mk,https://www.youtube.com/watch?v=DgBKoR3P5V4
dqO4GvhGRHQ,Конференција „Од Солун до Загреб“: Целосна интеграција на западен Балкан во ЕУ,"Follow Kanal5 on...
• FB: https://smarturl.it/fb5
• IG: https://smarturl.it/Ig5
• Web: https://kanal5.com.mk/

© & ℗ Kanal5 & IN Media. All Rights Reserved



Западен Балкан е интегрален дел од Европската Унија, а на земјите од регионот мора да им биде дадена јасна европска перспектива – ова е клучната порака од конференцијата која денеска се одржува во Солун. 

Official facebook: https://www.facebook.com/Kanal5Televizija/
Web: http://kanal5.mk/
Copyright: OnAir Media Group",Канал 5 Телевизија,2020-02-24 14:25:44+00:00,2020,253,3,0,20,интеграција во ЕУ Македонија,интеграција во ЕУ Македонија,mk,https://www.youtube.com/watch?v=dqO4GvhGRHQ
YHn44y7a6M0,Браун: Разочарувањето на Македонија од ЕУ е оправдано,"Европа е силна економска сила, а ако ние се соочиме со тарифи од САД, погодени ќе бидат и земјите кои не се дел од Унијата – порача претставникот на фондацијата Конрад Аденауер, Даниел Браун. 
Follow Kanal5 on...
• FB: https://smarturl.it/fb5
• IG: https://smarturl.it/Ig5
• ТТ: https://tinyurl.com/59kck7ap
• Web: https://kanal5.com.mk/

© & ℗ Kanal5 & IN Media. All Rights Reserved",Канал 5 Телевизија,2025-03-06 13:52:44+00:00,2025,220,1,0,20,интеграција во ЕУ Македонија,интеграција во ЕУ Македонија,mk,https://www.youtube.com/watch?v=YHn44y7a6M0
IWWW0LYU-9Q,Лидерот на албанската опозиција Сали Бериша нападнат на протестот во Тирана,"Лидерот на албанските демократи Сали Бериша денеска беше нападнат за време на протестот во Тирана, каде што се одржува самитот ЕУ-Западен Балкан. Бериша беше удрен со бокс во лице, од 25-годишен маж, кој присутните, го оттргна и го претепа, по што бил пренесен во болница. 
Објавено на https://www.slobodnaevropa.mk/a/%d0%bb%d0%b8%d0%b4%d0%b5%d1%80%d0%be%d1%82-%d0%bd%d0%b0-%d0%b0%d0%bb%d0%b1%d0%b0%d0%bd%d1%81%d0%ba%d0%b0%d1%82%d0%b0-%d0%be%d0%bf%d0%be%d0%b7%d0%b8%d1%86%d0%b8%d1%98%d0%b0-%d1%81%d0%b0%d0%bb%d0%b8-%d0%b1%d0%b5%d1%80%d0%b8%d1%88%d0%b0-%d0%bd%d0%b0%d0%bf%d0%b0%d0%b4%d0%bd%d0%b0%d1%82-%d0%bd%d0%b0-%d0%bf%d1%80%d0%be%d1%82%d0%b5%d1%81%d1%82%d0%be%d1%82-%d0%b2%d0%be-%d1%82%d0%b8%d1%80%d0%b0%d0%bd%d0%b0/32164222.html",Radio Slobodna Evropa na Makedonski,2022-12-06 14:35:03+00:00,2022,204,1,0,20,НАТО ЕУ Македонија протест,НАТО ЕУ Македонија протест,mk,https://www.youtube.com/watch?v=IWWW0LYU-9Q
zg6MUz2r6LI,"(НАЈАВА) Интервју со Ивон Величковски, Движење за нова република","Во еден од своите ретки јавни настапи, ексклузивно за Цивил Медиа говори Ивон Величковски, лидерот на Движењето за нова република. Поранешниот прв човек на Либералната партија ги коментира актуелните настани и процеси, антиевропските протести, иницијативата за референдум против Договорот за добрососедство со Бугарија, руското влијание, олигархиите и потребата од редефинирање на системот... 
Ова е само кратка најава за 30-минутното интервју со Величковски. 
https://civilmedia.mk/video-najava-intervju-so-ivon-velichkovski-dvizhene-za-nova-republika/ 
Гледајте го целото интервју на 16 септември. 
https://twitter.com/CivilMacedonia/status/1570483256759562241
https://www.facebook.com/civil.mk 
Камера: Дехран Муратов
Монтажа: Ариан Мехмети
Интервјуто го води: Џабир Дерала",Civil,2022-09-15 18:42:28+00:00,2022,188,1,0,20,политички настани Македонија,политички настани Македонија,mk,https://www.youtube.com/watch?v=zg6MUz2r6LI
S_baQGmVSs4,БУГАРИЈА НЕМА УСЛОВИ ЗА ЕУ ПРЕГОВОРИ ЗА МАКЕДОНИЈА 17 06 2021,,Televizija Star,2021-06-17 15:10:00+00:00,2021,162,0,0,20,ЕУ преговори Македонија,ЕУ преговори Македонија,mk,https://www.youtube.com/watch?v=S_baQGmVSs4
Wfy835lJNOo,"Македонија доби препорака за преговори со ЕУ, извештајот вели дека мора уште многу да се сработи","Follow TV21 on...
• Web: https://tv21.mk & https://tv21.tv
• FB: https://smarturl.it/TV21Fb
• IG: https://smarturl.it/TV21IG
• Tw: https://smarturl.it/tv21Tw
• Телефон: 02/313-5630

© & ℗ TV21 & IN Media. All Rights Reserved",TV21,2018-04-17 17:37:27+00:00,2018,159,1,0,20,ЕУ преговори Македонија,ЕУ преговори Македонија,mk,https://www.youtube.com/watch?v=Wfy835lJNOo
jfAq83QDxbg,ЕУ: Македонија да почне пристапни преговори,,Телма ТВ / Telma TV,2020-03-24 20:33:53+00:00,2020,150,3,0,20,ЕУ преговори Македонија,ЕУ преговори Македонија,mk,https://www.youtube.com/watch?v=jfAq83QDxbg
lECfNSnivpk,Манчевски: Потребно е враќањето на довербата на граѓаните во институциите,"Follow Kanal5 on...
• FB: https://smarturl.it/fb5
• IG: https://smarturl.it/Ig5
• Web: https://kanal5.com.mk/

© & ℗ Kanal5 & IN Media. All Rights Reserved



Основен предуслов за отвореното владино партнерство да биде успешен процес  е  пред се, враќањето на довербата на граѓаните во институциите, ова го изјави министерот за информатичко општество и администрација Дамјан Манчевски.",Канал 5 Телевизија,2019-03-12 13:03:52+00:00,2019,142,0,0,20,довербата во институциите,довербата во институциите,mk,https://www.youtube.com/watch?v=lECfNSnivpk
OVeHUrdXkW0,Османи: Оптимистички се очекувањата дека Македонија ќе ги почне пристапните преговори со ЕУ во јуни,,Televizija 24,2019-02-05 17:47:25+00:00,2019,131,0,0,20,ЕУ преговори Македонија,ЕУ преговори Македонија,mk,https://www.youtube.com/watch?v=OVeHUrdXkW0
r1Enq8qLDBo,Протест против родово базирано насилство,Граѓаните имаат повеќе доверба во здруженијата отколку во институциите. Во здруженијата најчесто одат жртви кои се веќе обесхрабрени од системот. Покрај тоа родово засновано насилство не се третира како такво. За родовото насилство да се порепознава од институциите потребно е да се направат измени во Кривичниот законик кои се во процедура уште од 2021 година.,Види Вака,2023-02-22 18:45:02+00:00,2023,32,1,0,20,довербата во системот,довербата во системот,mk,https://www.youtube.com/watch?v=r1Enq8qLDBo
o5VOAjAY-Y0,"Развод на бракот како извор на стрес - Д-р Славица Гајдаѕис-Кнежевиќ, психотерапевт","Прим. Д-р Славица Гаидаѕис Кнежевиќ 
психијатар, субспец. по болести на зависност, семеен системски психотерапевт, ECP, матстер тренер, супервизор 

Телевизија: Телма 
Емисија: Телма Амбуланта 
Тема : Развод на бракот како извор на стрес",ALTERNATIVA Group,2025-08-13 13:14:00+00:00,2025,32,1,0,20,стрес во општеството,стрес во општеството,mk,https://www.youtube.com/watch?v=o5VOAjAY-Y0
zRWkryqF1Ys,25.03.2021- Телевизија 24Советот на јавни обвинители ја затвори вратата за новинари на седница,"новинарка- Христина Беловска

Затворена остана вратата за новинари на денешната седница на Советот на јавни обвинители- едно од најмоќните правосудни тела кое избира и разрешува обвинители. Точно една година откако беше прогласена пандемијата и институциите користат алтернативни начини за да овозможат јавноста да има увид во нивната работа,  Советот се правда дека нема место за новинарите оти мора да се почитуваат протоколите. 

Денешниот дневен ред не наговестуваше заклучоци поврзани со избор или разрешувања. Но, дали корона пандемијата се само изговор за да останат вратите затворени и зошто до сега Советот не најде алтернатива како да одржува седници и да се почитува законот во кој е презцизно наведено дека седниците на советот се јавни.

Телоп-извадок од Член 10-а од Закон за дополнување на законто за Советот на јавни обвинители- Седниците на советот се јавни. Јавноста може да биде исклучена само со одлука на Советот заради заштита на угледот и интегритетот на јавниот обвинител. 

Дополнително во законот кој беше изгласан минатата година, предвидено е записникот да се објави на веб-страницата. По кусото пребарување може да се заклучи дека и во овој дел има отстапки. Последниот записник кој е достапен е од демекври, а во меѓувреме имало неколку најави за одржување на седница. 

Прашањето со просторот беше образложение и пред пандемијата кога на новинарите не им беше дозволено да бидат присутни на седниците, а за исходот известуваше претседателот со изјава за медиуи. Ова се практикуваше и кога со Советот раководеше Коле Штериев. 

Но, на денешната седница не беше исклучена јавноста, туку се забрани влез на новинари, бидејќи седницата ја следеше претставник од невладина организација. Медиумски интерес за работата на советот последниот период предизвикаа најавите за седница на која треба да се изберат  петмина обвинители во обвинителството за организиран криминал и исто толку во вишото јавно обвинителство. ТВ24 се обиде да добие одговори зошто повеќе од шест месеци не се закажува оваа седница. Но,никој не сакаше да споделува информации.

 „Се што ќе ви каже претседателот е овластен тоа да го каже. Јас, ќе дозволите и да немам информација зошто тоа не е закажано.“ - Коле Штериев- член на Советот на ЈО.

За разлика од одлуката на Советот на јавни обвинители да се повикуваат на пандемијата, Антикорупциската комисија со месеци одржуваше онлајн седници, а Судскиот совет овозможи простор за медиумите на седницата на која се бираше претседател на Врховниот суд, дел од членовите учествуваа од своите канцеларии и говореа на вибер врска, а останатите јавно и пред камери се изјаснија за кандидатите.

Донесувањето на актот за дополнување на Законот за Совет на јавни обвинители беше поздравено и во последниот Извештај на ЕК. Но препораката до државата и институциите е да овозможат ефективно спроведување на законската рамка, со која ќе се  зголеми довербата во правосудството.",Hristina Belovska,2023-02-02 13:03:55+00:00,2023,19,0,0,20,довербата во институциите,довербата во институциите,mk,https://www.youtube.com/watch?v=zRWkryqF1Ys
eSUrKIzBCwg,Дали ЕУ ги внесува бугарските барања во пристапниот процес за Македонија?,"Follow Sitel Televizija on...
• WEB: http://sitel.com.mk/
• FB: https://smarturl.it/sitelFB
• IG: https://smarturl.it/SitelInstagram
• Tw: https://smarturl.it/SitelTwitter

© & ℗ Sitel Televizija All Rights Reserved",Сител Телевизија,2022-05-17 19:08:49+00:00,2022,993,0,45,19,НАТО ЕУ Македонија протест,НАТО ЕУ Македонија протест,mk,https://www.youtube.com/watch?v=eSUrKIzBCwg
dvG3iLjvyeI,Може ли Македонија во следните 5 дена да добие предлог кој нема да гази врз националните интереси?,"Follow Sitel Televizija on...
• WEB: http://sitel.com.mk/
• FB: https://smarturl.it/sitelFB
• IG: https://smarturl.it/SitelInstagram
• Tw: https://smarturl.it/SitelTwitter

© & ℗ Sitel Televizija All Rights Reserved",Сител Телевизија,2022-06-25 14:05:30+00:00,2022,1892,10,37,19,француски предлог Македонија,француски предлог Македонија,mk,https://www.youtube.com/watch?v=dvG3iLjvyeI
cdvulARrAOY,"ВО МАКЕДОНИЈА КРИТИКИ,ВО БУГАРИЈА СЛАВJE, МИЦКОСКИ: СРАМOTA,МЕНУВАМЕ ИСТОРИЈА ПОД ДИКТАТ НА БУГАРИТЕ","Follow TV21 on...
• Web: https://tv21.mk & https://tv21.tv
• FB: https://smarturl.it/TV21Fb
• IG: https://smarturl.it/TV21IG
• Tw: https://smarturl.it/tv21Tw
• Телефон: 02/313-5630

© & ℗ TV21 & IN Media. All Rights Reserved",TV21,2022-08-16 17:45:53+00:00,2022,4067,13,25,19,реформа на уставот Македонија,реформа на уставот Македонија,mk,https://www.youtube.com/watch?v=cdvulARrAOY
8rcyDB3dtpk,Покрај интелектуалци во Бугарија и политички партии против ветото за Македонија,"Follow Sitel Televizija on...
• WEB: http://sitel.com.mk/
• FB: https://smarturl.it/sitelFB
• IG: https://smarturl.it/SitelInstagram
• Tw: https://smarturl.it/SitelTwitter

© & ℗ Sitel Televizija & IN Media. All Rights Reserved",Сител Телевизија,2020-11-10 20:10:39+00:00,2020,2053,19,12,19,бугарско вето Македонија,бугарско вето Македонија,mk,https://www.youtube.com/watch?v=8rcyDB3dtpk
5xWNeeCK0kk,Преспански договор е реален криминал !,"„Реалните"" лавови се заробени во паралелна реалност која ја формираат  AI генераторите од амбасадите.
Денес госпожа Агломер се замеша и во судството.

Уште папучи да стави и како дома да е....

Врзете се ....

Вечер доаѓа и #Шапкар !",Движење Бојкотирам,2024-07-03 23:29:36+00:00,2024,1469,46,9,19,Преспански договор; преспански договор,преспански договор,mk,https://www.youtube.com/watch?v=5xWNeeCK0kk
fYlN0wwszOE,24 Отворено - Ќе има ли одговорност и последици за собраниското фијаско?,"Почнаа ли да пукаат шавовите на коалициониот балон СДСМ - ДУИ. Дали имунитетот на поранешниот собраниски спикер Трајко Вељаноски откри скриени договори и никогаш не скинати политички папочни врвци? Ќе има ли нов политички пазар за крвавите настани или и ова ќе биде нова епизода од политичкиот циркус без епилог? Дали борбата за власт ги соедини, а старите дружби ќе ги разделат коалиционите партнери? Ќе има ли одговорност и последици за собраниското фијаско?

Во 24 отворено дебатираат: Пратеникот Павле Богоевски, градоначалникот на Гостивар Арбен Таравари, аналитичарот Газменд Ајдини и Ѓулистана Марковска.",Televizija 24,2019-02-27 04:34:07+00:00,2019,4875,15,8,19,довербата во институциите; довербата во системот,довербата во системот,mk,https://www.youtube.com/watch?v=fYlN0wwszOE
Gvu--TMVpqI,АБЕР 69,Актуелности во Македонија и локалните избори 2025 година.,"Десна, Политичка партија ",2025-08-29 10:47:10+00:00,2025,975,61,7,19,политички настани Македонија,политички настани Македонија,mk,https://www.youtube.com/watch?v=Gvu--TMVpqI
0TESskKckHA,Членството на Македонија во НАТО најважен момент за безбедноста на регионот,"Follow Sitel Televizija on...
• WEB: http://sitel.com.mk/
• FB: https://smarturl.it/sitelFB
• IG: https://smarturl.it/SitelInstagram
• Tw: https://smarturl.it/SitelTwitter

© & ℗ Sitel Televizija All Rights Reserved",Сител Телевизија,2022-12-08 20:07:06+00:00,2022,426,4,7,19,НАТО ЕУ Македонија протест,НАТО ЕУ Македонија протест,mk,https://www.youtube.com/watch?v=0TESskKckHA
3dlyjEPynwo,Што ќе одговори Македонија ако Софија даде зелено светло за францускиот предлог,"Follow Sitel Televizija on...
• WEB: http://sitel.com.mk/
• FB: https://smarturl.it/sitelFB
• IG: https://smarturl.it/SitelInstagram
• Tw: https://smarturl.it/SitelTwitter

© & ℗ Sitel Televizija All Rights Reserved",Сител Телевизија,2022-06-22 14:14:26+00:00,2022,934,2,6,19,француски предлог Македонија,француски предлог Македонија,mk,https://www.youtube.com/watch?v=3dlyjEPynwo
lXNVmndAa7k,24 анализа - Дали политиката ги користи младите навивачи за остварување на свои цели?,"Насилство, говор на омраза, меѓуетнички тензии, навивачките групи наместо промотори на спортот стануваат промотори на нестабилност. Дали, во која мерка и за кои цели политиката ги користи младите навивачи за остварување на свои цели. Како да се спречат негативните појави, потребни ли се и законски измени за безбедни натпревари и улици? Дебатираме со Иван Анастасовски, универзитетски професор, Славе Младеновски, социолог и Благојче Атанасоски, политички аналитичар.",Televizija 24,2018-11-08 22:32:17+00:00,2018,3418,5,5,19,политички настани Македонија,политички настани Македонија,mk,https://www.youtube.com/watch?v=lXNVmndAa7k
TXr8RWBowXo,"НАТО и посака добредојде на Македонија во алијансата, членството важно и за државата и за регионот","Web: http://sitel.com.mk/
Facebook: https://www.facebook.com/sitelvesti/
Twitter: https://twitter.com/SitelTV
Instagram: https://www.instagram.com/siteltelevision/

Copyright: OnAir Media Group; www.onair.mk",Сител Телевизија,2019-12-04 15:43:55+00:00,2019,1133,3,5,19,НАТО ЕУ Македонија протест,НАТО ЕУ Македонија протест,mk,https://www.youtube.com/watch?v=TXr8RWBowXo
1Nz4mX6GsWU,Поткаст: Антикорупција во судниците,"Слабиот правосуден одговор на корупцијата е еден од најгорливите проблеми што ја поткопува довербата во институциите и правдата. 

🎙️Во петтиот поткаст на Граѓаните против корупцијата, подготвен од Институтот за демократија (ИДСЦС), разговараме за улогата на правосудството во борбата против корупцијата, како и за непишаните правила и политичките притисоци во правосудниот систем.

🗣️Гости: 
🔴 Бетим Јахја, судија во Основниот суд Тетово 
🔴 Ленче Ристоска, јавен обвинител во Скопското јавно обвинителство

Дали системот може да се реформира? Што е потребно за правдата да стане достапна за сите? Дознајте повеќе во оваа динамична дискусија.",IDSCS,2024-12-27 14:37:05+00:00,2024,1443,6,4,19,довербата во институциите,довербата во институциите,mk,https://www.youtube.com/watch?v=1Nz4mX6GsWU
XyM-mISMxgw,"За Украина итен прием, за Македонија вето – двојни стандарди на Бугарија",,AlfaTV News,2022-03-01 15:07:13+00:00,2022,573,2,4,19,бугарско вето Македонија,бугарско вето Македонија,mk,https://www.youtube.com/watch?v=XyM-mISMxgw
P5ZZjxyYAyk,Македонија со можност за покана на Самитот на НАТО во јули,"Web: http://sitel.com.mk/
Facebook: https://www.facebook.com/tvsitel.mk/
Twitter: https://twitter.com/SitelTV
Instagram: https://www.instagram.com/siteltelevision/

Copyright: OnAir Media Group; www.onair.mk",Сител Телевизија,2018-06-20 14:18:20+00:00,2018,1472,0,3,19,НАТО ЕУ Македонија протест,НАТО ЕУ Македонија протест,mk,https://www.youtube.com/watch?v=P5ZZjxyYAyk
YCu_3YdvZgM,Заев-Могерини: Потребна е поддршка за европската интеграција на Македонија,"Follow Kanal5 on...
• FB: https://smarturl.it/fb5
• IG: https://smarturl.it/Ig5
• Web: https://kanal5.com.mk/

© & ℗ Kanal5 & IN Media. All Rights Reserved



Земјава мора да биде поддржана на патот кон европската интеграција – ова е заклучокот од средбата Заев-Могерини.",Канал 5 Телевизија,2019-04-29 16:01:36+00:00,2019,1053,3,3,19,интеграција во ЕУ Македонија,интеграција во ЕУ Македонија,mk,https://www.youtube.com/watch?v=YCu_3YdvZgM
DRKWmeAe3G0,"Грција се уште не вика Скопје, името Северна Македонија непосакувано во Атина",,Televizija 24,2019-08-16 15:07:18+00:00,2019,1058,3,2,19,името на Македонија,името на Македонија,mk,https://www.youtube.com/watch?v=DRKWmeAe3G0
3Tb0ctnp984,Ковачевски се соочува со политички крах - дали во болница завршил поради стрес?,"Премиерот Димитар Ковачевски завршил во болница со болки во стомакот, за среќа е добро! Но, стомачните болки се најмал проблем за новиот премиер кој поради серијата на настани се соочува со сериозен политички крах - ова беше тема на утринското издание „Еспресо со Златев и Боцевски“ на Радио Лидер.",РАДИО ЛИДЕР,2022-04-13 08:28:32+00:00,2022,2224,9,1,19,политички настани Македонија; стрес во општеството,стрес во општеството,mk,https://www.youtube.com/watch?v=3Tb0ctnp984
KeRX38ij3D0,Прашањето за името станува главна тема за дебата и во Македонија,"Web: http://sitel.com.mk/
Facebook: https://www.facebook.com/tvsitel.mk/
Twitter: https://twitter.com/SitelTV
Instagram: https://www.instagram.com/siteltelevision/

Copyright: OnAir Media Group; www.onair.mk",Сител Телевизија,2018-03-09 16:04:49+00:00,2018,1130,3,1,19,името на Македонија,името на Македонија,mk,https://www.youtube.com/watch?v=KeRX38ij3D0
ezbX8xYVb8A,Мицотакис: Уставните амандмани се уште полоши од самиот Договор од Преспа,"Follow Kanal5 on...
• FB: https://smarturl.it/fb5
• IG: https://smarturl.it/Ig5
• Web: https://kanal5.com.mk/

© & ℗ Kanal5 & IN Media. All Rights Reserved



Во скопското прашање, Договорот од Преспа континуирано го зголемува бројот на веќе завршените негативни факти, како што се чини од процесот на ревизија во соседната земја.",Канал 5 Телевизија,2018-11-06 15:12:48+00:00,2018,533,2,1,19,Преспански договор; преспански договор,преспански договор,mk,https://www.youtube.com/watch?v=ezbX8xYVb8A
rARgUJznwRk,Утре потпишување на пристапниот протокол за членство на Македонија во НАТО,"Web: http://sitel.com.mk/
Facebook: https://www.facebook.com/tvsitel.mk/
Twitter: https://twitter.com/SitelTV
Instagram: https://www.instagram.com/siteltelevision/

Copyright: OnAir Media Group; www.onair.mk",Сител Телевизија,2019-02-05 11:11:53+00:00,2019,327,0,1,19,НАТО ЕУ Македонија протест,НАТО ЕУ Македонија протест,mk,https://www.youtube.com/watch?v=rARgUJznwRk
AQiEy3tQoqk,Макрон во име на Франција во последен момент ќе одлучи дали ќе поддржи датум за Македонија,"Web: http://sitel.com.mk/
Facebook: https://www.facebook.com/sitelvesti/
Twitter: https://twitter.com/SitelTV
Instagram: https://www.instagram.com/siteltelevision/

Copyright: OnAir Media Group; www.onair.mk",Сител Телевизија,2019-10-10 14:17:08+00:00,2019,327,1,1,19,француски предлог Македонија,француски предлог Македонија,mk,https://www.youtube.com/watch?v=AQiEy3tQoqk
Cll2Vzv_VDk,Ново училиште во Турција ќе го носи името на Македонија,,Televizija 24,2023-09-05 10:02:10+00:00,2023,194,1,1,19,името на Македонија,името на Македонија,mk,https://www.youtube.com/watch?v=Cll2Vzv_VDk
242yXGp5moQ,Ципрас очекува кај нас да се спроведе договорот,"Follow Kanal5 on...
• FB: https://smarturl.it/fb5
• IG: https://smarturl.it/Ig5
• Web: https://kanal5.com.mk/

© & ℗ Kanal5 & IN Media. All Rights Reserved



Прво Скопје целосно да го финализира Договорот, а потоа, грчката влада ќе одлучи како ќе го истуркаме процесот во Грција, објаснува Алексис Ципрас, прашан како ќе го надмине недоразбирањето со коалицискиот партнер Каменос.",Канал 5 Телевизија,2018-07-13 12:57:40+00:00,2018,160,2,1,19,преспански договор,преспански договор,mk,https://www.youtube.com/watch?v=242yXGp5moQ
9-s8jK-XFIk,Студен германски туш: Македонија не може да почне преговори без уставни измени,,Televizija 24Vesti,2024-10-15 14:54:19+00:00,2024,4714,6,0,19,интеграција во ЕУ Македонија; уставни измени Македонија,уставни измени Македонија,mk,https://www.youtube.com/watch?v=9-s8jK-XFIk
u4Q929yFH6k,Топ Тема - ЕУ која ќе потроши 150 милијарди евра за вооружување - ќе земе ли нешто Македонија?,,Телма ТВ / Telma TV,2025-05-30 19:32:10+00:00,2025,3274,13,0,19,интеграција во ЕУ Македонија,интеграција во ЕУ Македонија,mk,https://www.youtube.com/watch?v=u4Q929yFH6k
dLvFwoP32zQ,Ципрас го објави разговорот со Заев пред потпишување на Договорот од Преспа,"Follow Kanal5 on...
• FB: https://smarturl.it/fb5
• IG: https://smarturl.it/Ig5
• Web: https://kanal5.com.mk/

© & ℗ Kanal5 & IN Media. All Rights Reserved



Разговорот Заев- Ципрас кој со денови се најавуваше како чин кој ќе означи дека двајцата премиери дошле до конечниот договор, денеска го објави грчкиот премиер Ципрас.",Канал 5 Телевизија,2018-07-13 16:29:30+00:00,2018,2885,4,0,19,Преспански договор; преспански договор,преспански договор,mk,https://www.youtube.com/watch?v=dLvFwoP32zQ
UA9uOgFih-4,Протести против посетата на Столтенберг - ЕУ и НАТО бараат промена на името на Македонија,"Official facebook: https://www.facebook.com/tvsitel.mk/
Web: http://sitel.com.mk/
Copyright: OnAir Media Group; www.onair.mk",Сител Телевизија,2018-01-18 15:17:53+00:00,2018,1594,10,0,19,НАТО ЕУ Македонија протест,НАТО ЕУ Македонија протест,mk,https://www.youtube.com/watch?v=UA9uOgFih-4
L0Sks5DNvqs,ВМРО-ДПМНЕ нема да прифати промена на Уставот за да се реализираат бугарските барања,"ВМРО-ДПМНЕ и коалицијата и дефинитивно нема да дадат поддршка за францускиот предлог. Ова синоќа на протестот во Скопје го кажа претседателот на партијата Христијан Мицкоски. 

Follow Kanal5 on...
• FB: https://smarturl.it/fb5
• IG: https://smarturl.it/Ig5
• Web: https://kanal5.com.mk/

© & ℗ Kanal5 & IN Media. All Rights Reserved",Канал 5 Телевизија,2022-06-19 13:16:03+00:00,2022,1584,20,0,19,реформа на уставот Македонија,реформа на уставот Македонија,mk,https://www.youtube.com/watch?v=L0Sks5DNvqs
yywsOeQ2X04,Муслиу: Сo сегашната позиција на Македонија нема можност за вето,"Според дел од аналитичарите последните тензии меѓу Скопје и Софија нема да имаат поголеми политички импликации.
Follow Kanal5 on...
• FB: https://smarturl.it/fb5
• IG: https://smarturl.it/Ig5
• Web: https://kanal5.com.mk/

© & ℗ Kanal5 & IN Media. All Rights Reserved",Канал 5 Телевизија,2023-01-22 17:46:09+00:00,2023,1408,7,0,19,политички настани Македонија,политички настани Македонија,mk,https://www.youtube.com/watch?v=yywsOeQ2X04
6FtI5z6Q0wo,„Стоп за преговорите за името“ граѓански протест пред Порта Македонија,"Follow Kanal5 on...
• FB: https://smarturl.it/fb5
• IG: https://smarturl.it/Ig5
• Web: https://kanal5.com.mk/

© & ℗ Kanal5 & IN Media. All Rights Reserved",Канал 5 Телевизија,2018-03-22 10:39:44+00:00,2018,1034,14,0,19,името на Македонија,името на Македонија,mk,https://www.youtube.com/watch?v=6FtI5z6Q0wo
gNoKVuId1Fs,"Грчева: Со изгласувањето на уставните измени е ,,погребана“ Македонија","Follow Kanal5 on...
• FB: https://smarturl.it/fb5
• IG: https://smarturl.it/Ig5
• Web: https://kanal5.com.mk/

© & ℗ Kanal5 & IN Media. All Rights Reserved



Пред да ги чуеме реакциите од регионот и светот, ја донесуваме реакцијата и на Солза Грчева.",Канал 5 Телевизија,2019-01-12 17:17:20+00:00,2019,921,13,0,19,уставни измени Македонија,уставни измени Македонија,mk,https://www.youtube.com/watch?v=gNoKVuId1Fs
mowRQWtnATo,Јотова: Македонија треба да биде дел од ЕУ,"Францускиот предлог е голем дипломатски успех за Бугарија оцени за БНТ потпретседателката на Бугарија Илијана Јотова.
Follow Kanal5 on...
• FB: https://smarturl.it/fb5
• IG: https://smarturl.it/Ig5
• Web: https://kanal5.com.mk/

© & ℗ Kanal5 & IN Media. All Rights Reserved",Канал 5 Телевизија,2022-08-12 12:53:12+00:00,2022,815,3,0,19,НАТО ЕУ Македонија протест; бугарско вето Македонија; реформа на уставот Македонија,НАТО ЕУ Македонија протест,mk,https://www.youtube.com/watch?v=mowRQWtnATo
YQrXB0b0J3w,Заев за Франс Прес: Секое прашање за македонскиот идентитет е „црвена линија“,"Секое доведување на македонскиот идентитет во прашање е „црвена линија“, вели премиерот Зоран Заев во интервју за Франс Прес во кое исто така истакнува дека ветото од Бугарија било непријатно изненадување. 
Follow Kanal5 on...
• FB: https://smarturl.it/fb5
• IG: https://smarturl.it/Ig5
• Web: https://kanal5.com.mk/

© & ℗ Kanal5 & IN Media. All Rights Reserved",Канал 5 Телевизија,2020-11-21 13:56:30+00:00,2020,693,5,0,19,македонски идентитет,македонски идентитет,mk,https://www.youtube.com/watch?v=YQrXB0b0J3w
JKBAa6ZZuFE,Каменос: Следен чекор во регионот - потпишување меѓудржавни безбедносни договори,"Follow Kanal5 on...
• FB: https://smarturl.it/fb5
• IG: https://smarturl.it/Ig5
• Web: https://kanal5.com.mk/

© & ℗ Kanal5 & IN Media. All Rights Reserved



Алтернативен план со Скопје доколку пропадне преспанскиот договор понудил грчкиот министер Панос Каменос вчера во американскиот Стејт департмент и во Пентагон на одделните средби со помошникот државен секретар Вес Мичел.",Канал 5 Телевизија,2018-10-10 13:29:53+00:00,2018,625,2,0,19,Преспански договор; преспански договор,преспански договор,mk,https://www.youtube.com/watch?v=JKBAa6ZZuFE
Wn9w6MkGhdw,"Полицискиот час денеска од 21, а утре од 16 часот","Follow Kanal5 on...
• FB: https://smarturl.it/fb5
• IG: https://smarturl.it/Ig5
• Web: https://kanal5.com.mk/

© & ℗ Kanal5 & IN Media. All Rights Reserved



Коронавирусот во Македонија денеска зема шест жртви, во земјава има и нови 29 заболени...",Канал 5 Телевизија,2020-04-07 18:55:37+00:00,2020,598,5,0,19,политички настани Македонија,политички настани Македонија,mk,https://www.youtube.com/watch?v=Wn9w6MkGhdw
4dEA3b4hLGY,Македонија и Грција во Мала Преспа го потпишаа договорот за името,,Телма ТВ / Telma TV,2018-06-17 16:46:07+00:00,2018,521,2,0,19,името на Македонија,името на Македонија,mk,https://www.youtube.com/watch?v=4dEA3b4hLGY
my4moQ3KYAc,"Каменос бара референдум за името на Македонија и во Грција, владата на Ципрас против",,Televizija 24,2018-01-14 16:03:40+00:00,2018,498,0,0,19,името на Македонија,името на Македонија,mk,https://www.youtube.com/watch?v=my4moQ3KYAc
dSc0V4fc4oc,"СКЕН - политички видео магазин: 27 април, обид за убиство на демократијата","Датумот 27 април 2017 година или „Крвавиот четврток“ ќе остане запаметен како ден кога врз Собранието се изврши организиран и крвав напад со кој требаше да се спречи транзицијата на државата од заробена во демократска. Тоа е датум што не смее да се заборави, за да не се повтори никогаш повеќе. 

Ова издание на СКЕН - политички видео магазин на ЦИВИЛ МЕДИА е придонес кон тој незаборав. 

Продукција: Цивил Медиа, април, 2020

www.clp.mk
www.civilmedia.mk
www.drejt.mk",Civil,2020-04-29 18:42:14+00:00,2020,478,6,0,19,политички настани Македонија,политички настани Македонија,mk,https://www.youtube.com/watch?v=dSc0V4fc4oc
7cOWwMFGPJg,Анкета: Вкупно 78% од граѓаните сметаат дека државата е во политичка криза,"42 отсто од граѓаните имаат доверба во Владата, од нив 61,8 проценти етнички Албанци, додека од припадниците на другите етнички заедници 51,5 отсто.

Follow Kanal5 on...
• FB: https://smarturl.it/fb5
• IG: https://smarturl.it/Ig5
• Web: https://kanal5.com.mk/

© & ℗ Kanal5 & IN Media. All Rights Reserved",Канал 5 Телевизија,2021-04-19 13:36:57+00:00,2021,449,2,0,19,политичка криза,политичка криза,mk,https://www.youtube.com/watch?v=7cOWwMFGPJg
NrPtpN_JYP8,"НЕ за францускиот предлог: Македонија 80 години има свои институции, не ни требаат никакви  комисии",,MAKFAX,2022-07-02 20:55:51+00:00,2022,331,14,0,19,француски предлог Македонија,француски предлог Македонија,mk,https://www.youtube.com/watch?v=NrPtpN_JYP8
fHYXaFuv_dw,Македонија и Грција пред конечен договор за името,,Televizija 24,2018-06-12 15:13:20+00:00,2018,259,5,0,19,името на Македонија,името на Македонија,mk,https://www.youtube.com/watch?v=fHYXaFuv_dw
f4UFtKEdYLE,Прво заедничко одбележување на роденденот на Гоце Делчев на Македонија и на Бугарија,,Телма ТВ / Telma TV,2022-02-04 17:31:54+00:00,2022,233,1,0,19,политички настани Македонија,политички настани Македонија,mk,https://www.youtube.com/watch?v=f4UFtKEdYLE
tccNJ_bI7Qk,На патот кон ЕУ: Искористување на можностите за брза интеграција,"http://vlada.mk/
___

Влада на Република Северна Македонија на социјалните мрежи:

Facebook: www.facebook.com/VladaMK
Twitter: www.twitter.com/VladaMK
Instagram: www.instagram.com/mkvlada
Flickr: www.flickr.com/vladamk",Влада на‎ Република Северна Македонија,2024-01-23 23:34:37+00:00,2024,225,2,0,19,интеграција во ЕУ Македонија,интеграција во ЕУ Македонија,mk,https://www.youtube.com/watch?v=tccNJ_bI7Qk
9Dg2QRxg5AE,"Дали името Македонија може да се употребува во името на фирми, здруженија?",,Televizija 24Vesti,2022-10-21 15:03:08+00:00,2022,162,2,0,19,името на Македонија,името на Македонија,mk,https://www.youtube.com/watch?v=9Dg2QRxg5AE
EKyjlo6kGsA,"Извршниот директорот на Ромалитико, Суад Скендери гостин во емисијата ""Јасно и Гласно"" на Канал5","Децата на улица се соочуваат со различни проблеми. Лицата без документи е една од опфатените таргет групи кои се надвор од системот, што значи дека дел од децата на улица се без лична документација. Овие деца не ги уживаат сите права, живеат во нелегализирани населби, субстандартни услови, надвор од образовниот, здравствениот систем, вработувањето и се испостаставува воедно дека живеењето во вакви услови резултира со пократок животен век од 10 години. Во врска со подобрување на условите за живот на овие деца потребен е интегративен медот во кои би се слкучиле повеќе институции. Потребно е системско решение, меѓутоа не со репресивни мерки бидејќи довербата на овие деца кон институциите би се намалила",Institute Romalitico,2019-11-29 08:03:52+00:00,2019,104,1,0,19,довербата во системот,довербата во системот,mk,https://www.youtube.com/watch?v=EKyjlo6kGsA
1aLwQoTZcYo,„Соработка во визуелни уметности за промовирање на регионалниот културен идентитет“,"Проект на Фондацијата за култура и спорт од Куманово кој заеднички го спроведуваше со партнерите од Банско и Добриниште, Бугарија. Фондацијата е водечки партнер во проектот кој се спроведува од септември, лани.

Follow TV Plus on...
• Web:http://tvplus.mk/
• FB:https://www.facebook.com/TVPlusKumanovo
• Instagram:https://www.instagram.com/tvplus.kumanovo",TV Plus Kumanovo,2023-10-09 12:45:00+00:00,2023,79,0,0,19,културен идентитет,културен идентитет,mk,https://www.youtube.com/watch?v=1aLwQoTZcYo
26B868ziEDA,"Ковачевски: На една страна е интеграција во ЕУ на друга изолација, едноставни се заклучоците","Одговор на новинарско прашање, Димитар Ковачевски, премиер и претседател на СДСМ",SDSMtube,2023-06-05 11:05:48+00:00,2023,77,2,0,19,интеграција во ЕУ Македонија,интеграција во ЕУ Македонија,mk,https://www.youtube.com/watch?v=26B868ziEDA
8UmrG96GW_o,Здружението „Верба и надеж“ бара закон за регулирање на правата на инвалидите од НАТО мисиите,"Здружението на инвалиди од НАТО мировните мисии „Верба и надеж“ од Куманово на прес-конференција во Тетово, ја презентираше својата работа и залагања. На прес-конференцијата беше истакнато дека речиси сите повратници од НАТО мировните мисии се соочуваат со некој здравствен проблем од кои како најприсутен се јавува пострауматскиот стрес. Здружението бара и изготвување закон со кој ќе се регулираат правата и статусот на инвалидите од НАТО мировните мисии.",KISS & Менада Телевизија,2022-11-25 11:21:38+00:00,2022,68,0,0,19,стрес во општеството,стрес во општеството,mk,https://www.youtube.com/watch?v=8UmrG96GW_o
MbLnnV5ly5c,Косово ја потпиша апликацијата за членство во ЕУ,"Челниците на косовските институции потпишаа пријава за членство на Косово во Европската Унија (ЕУ). На свеченоста што се одржа во Претседателството на Косово, апликацијата ја потпишаа претседателката Вјоса Османи, претседателот на Собранието Глаук Коњуфца и премиерот Албин Курти.

#news #kosovo 

https://www.facebook.com/TRTBalkanMK
https://twitter.com/TRTBalkanMK
https://www.instagram.com/trtbalkanmk/
https://www.tiktok.com/@trtbalkanmk",TRT Balkan Macedonian,2022-12-14 14:03:51+00:00,2022,61,0,0,19,интеграција во ЕУ Македонија,интеграција во ЕУ Македонија,mk,https://www.youtube.com/watch?v=MbLnnV5ly5c
LuMprZm4nII,"Македонскиот идентитет е како Менделеев систем, со сите елементи | проф д-р Весна Мојсова-Чепишевска","Во ова издание на серијалот интервјуа „Имаме неколку прашања за вас“, дојдовме на Филолошкиот факултет, на Катедрата за македонска книжевност и култура. 

Не пречека професорката Весна Мојсовна Чепишевска. Во интервјуто со неа направивме поширок преглед во однос на македонскиот јазик, македонската култура, јазикот како рефлектирачки елемент во однос на македонската култура, јазикот како суштински елемент на македонскиот идентитет и за разговаравме и за некои други прашања.

Завршивме со некои попопуларни прашања кои се однесуваат на современиот македонски јазик, на тоа да го оправдаме колку е жив македонскиот јазик, да провериме дали е навистина така.

Со проф. д-р Весна Мојсова-Чепишевска разговараше Зоран Бојаровски",Рацин.мк,2025-05-25 07:25:29+00:00,2025,4214,110,381,18,македонски идентитет,македонски идентитет,mk,https://www.youtube.com/watch?v=LuMprZm4nII
w7mUkcw_LJE,ВО ЖИВО: Ковачевски - Францускиот предлог во оваа форма неприфатлив за Македонија,"Follow Sitel Televizija on...
• WEB: http://sitel.com.mk/
• FB: https://smarturl.it/sitelFB
• IG: https://smarturl.it/SitelInstagram
• Tw: https://smarturl.it/SitelTwitter

© & ℗ Sitel Televizija All Rights Reserved",Сител Телевизија,2022-06-23 14:42:37+00:00,2022,3663,25,73,18,француски предлог Македонија,француски предлог Македонија,mk,https://www.youtube.com/watch?v=w7mUkcw_LJE
Ow6SYWyf28U,Ковачевски: Францускиот предлог во оваа форма неприфатлив за Македонија,"Follow Sitel Televizija on...
• WEB: http://sitel.com.mk/
• FB: https://smarturl.it/sitelFB
• IG: https://smarturl.it/SitelInstagram
• Tw: https://smarturl.it/SitelTwitter

© & ℗ Sitel Televizija All Rights Reserved",Сител Телевизија,2022-06-23 17:05:22+00:00,2022,1571,6,24,18,француски предлог Македонија,француски предлог Македонија,mk,https://www.youtube.com/watch?v=Ow6SYWyf28U
xnJFB1ProEE,Кои се очекувањата на Бугарите во Македонија во врска со новата Влада?,"Follow Sitel Televizija on...
• WEB: http://sitel.com.mk/
• FB: https://smarturl.it/sitelFB
• IG: https://smarturl.it/SitelInstagram
• Tw: https://smarturl.it/SitelTwitter

© & ℗ Sitel Televizija & IN Media. All Rights Reserved",Сител Телевизија,2021-04-04 14:45:30+00:00,2021,2608,23,15,18,бугарско вето Македонија,бугарско вето Македонија,mk,https://www.youtube.com/watch?v=xnJFB1ProEE
6YYTO1gtygA,Јовановиќ: Путин преку своите дипломати сака да го сруши договорот помеѓу Македонија и Грција,,MAKFAX,2018-09-19 15:12:39+00:00,2018,6661,28,12,18,реформа на уставот Македонија,реформа на уставот Македонија,mk,https://www.youtube.com/watch?v=6YYTO1gtygA
2zgN77nsHWE,Што договорија Македонија и Бугарија во Софија?,"Follow Sitel Televizija on...
• WEB: http://sitel.com.mk/
• FB: https://smarturl.it/sitelFB
• IG: https://smarturl.it/SitelInstagram
• Tw: https://smarturl.it/SitelTwitter

© & ℗ Sitel Televizija All Rights Reserved",Сител Телевизија,2022-03-22 20:10:06+00:00,2022,1482,11,11,18,бугарско вето Македонија,бугарско вето Македонија,mk,https://www.youtube.com/watch?v=2zgN77nsHWE
phi4Ggq7a0g,Анализа: Онлајн екстремизам и говор на омраза во Македонија,"Follow Sitel Televizija on...
• WEB: http://sitel.com.mk/
• FB: https://smarturl.it/sitelFB
• IG: https://smarturl.it/SitelInstagram
• Tw: https://smarturl.it/SitelTwitter

© & ℗ Sitel Televizija All Rights Reserved",Сител Телевизија,2022-01-27 15:22:27+00:00,2022,379,2,11,18,довербата во системот,довербата во системот,mk,https://www.youtube.com/watch?v=phi4Ggq7a0g
DHWye1lbdOk,Петков и неговиот заменик го потврдуваат новото вето-  протести со порака дека Македонија е бугарска,,AlfaTV News,2022-05-21 12:29:47+00:00,2022,232,2,9,18,бугарско вето Македонија,бугарско вето Македонија,mk,https://www.youtube.com/watch?v=DHWye1lbdOk
CIQppi4qfME,Петков се пожали на Би-Би-Си за Бугарите во Македонија,"Follow TV21 on...
• Web: https://tv21.mk & https://tv21.tv
• FB: https://smarturl.it/TV21Fb
• IG: https://smarturl.it/TV21IG
• Tw: https://smarturl.it/tv21Tw
• Телефон: 02/313-5630

© & ℗ TV21 & IN Media. All Rights Reserved",TV21,2022-02-12 16:09:32+00:00,2022,1594,9,7,18,бугарско вето Македонија,бугарско вето Македонија,mk,https://www.youtube.com/watch?v=CIQppi4qfME
b5DO_IlcZUQ,Македонија и Бугарија активно преговараат – има ли време да се постигне договор?,"Follow Sitel Televizija on...
• WEB: http://sitel.com.mk/
• FB: https://smarturl.it/sitelFB
• IG: https://smarturl.it/SitelInstagram
• Tw: https://smarturl.it/SitelTwitter

© & ℗ Sitel Televizija & IN Media. All Rights Reserved",Сител Телевизија,2020-10-28 11:37:09+00:00,2020,1011,8,7,18,бугарско вето Македонија,бугарско вето Македонија,mk,https://www.youtube.com/watch?v=b5DO_IlcZUQ
VGl25nYEDNM,Мицкоски: Македонија е на работ на уставно-политичка криза,,AlfaTV News,2023-10-19 13:25:44+00:00,2023,147,4,4,18,политичка криза Македонија,политичка криза Македонија,mk,https://www.youtube.com/watch?v=VGl25nYEDNM
dXwBrkZVAdk,"Собранието ги усвои уставните измени, Македонија го менува уставното име","Web: http://sitel.com.mk/
Facebook: https://www.facebook.com/tvsitel.mk/
Twitter: https://twitter.com/SitelTV
Instagram: https://www.instagram.com/siteltelevision/

Copyright: OnAir Media Group; www.onair.mk",Сител Телевизија,2019-01-11 21:34:20+00:00,2019,2645,14,3,18,уставни измени Македонија,уставни измени Македонија,mk,https://www.youtube.com/watch?v=dXwBrkZVAdk
9BdKcRbuPOk,Како се раскинува Преспански договор,Како се раскинува Преспански договор,Инфомакс,2024-05-31 18:02:48+00:00,2024,2354,61,3,18,Преспански договор; преспански договор,преспански договор,mk,https://www.youtube.com/watch?v=9BdKcRbuPOk
5PpY4uXhr_I,Во Македонија бурни реакции за “францускиот предлог“,,Televizija 24,2022-06-22 15:02:12+00:00,2022,1152,6,3,18,француски предлог Македонија,француски предлог Македонија,mk,https://www.youtube.com/watch?v=5PpY4uXhr_I
MUus7G_lHoA,Пет години од референдумот за промена на името: Македонија е подалеку од ЕУ од било кога претходно,,AlfaTV News,2023-09-30 13:18:33+00:00,2023,358,5,3,18,името на Македонија,името на Македонија,mk,https://www.youtube.com/watch?v=MUus7G_lHoA
lHKHx1ppuuA,АБЕР 71,Актуелности во Македонија и почеток на кампањата за локални избори 2025.,"Десна, Политичка партија ",2025-10-01 19:48:54+00:00,2025,682,49,2,18,политички настани Македонија,политички настани Македонија,mk,https://www.youtube.com/watch?v=lHKHx1ppuuA
hN92roqqNY4,Анкета за Македонија: Голема поддршка за ЕУ и НАТО пред референдумот,,Televizija 24,2018-08-29 15:09:57+00:00,2018,531,1,2,18,интеграција во ЕУ Македонија,интеграција во ЕУ Македонија,mk,https://www.youtube.com/watch?v=hN92roqqNY4
_l9aC6St7b8,Прв состанок на Европската политичка заедница - Македонија очекува помош за енергетската криза,"Follow Sitel Televizija on...
• WEB: http://sitel.com.mk/
• FB: https://smarturl.it/sitelFB
• IG: https://smarturl.it/SitelInstagram
• Tw: https://smarturl.it/SitelTwitter

© & ℗ Sitel Televizija All Rights Reserved",Сител Телевизија,2022-10-06 17:09:13+00:00,2022,421,1,2,18,политичка криза Македонија,политичка криза Македонија,mk,https://www.youtube.com/watch?v=_l9aC6St7b8
JNSRyP8KTHQ,Ковачевски: Уставни измени се  пат на Македонија кон ЕУ,,Televizija 24,2023-07-28 10:20:08+00:00,2023,137,0,2,18,уставни измени Македонија,уставни измени Македонија,mk,https://www.youtube.com/watch?v=JNSRyP8KTHQ
eAZP0dgCWpA,Како си дозволивме воопшто да некој дискутира дали има македонски јазик и идентитет?,Како си дозволивме воопшто да некој дискутира дали има македонски јазик и идентитет?,Инфомакс,2025-06-29 11:23:02+00:00,2025,2565,45,1,18,македонски идентитет,македонски идентитет,mk,https://www.youtube.com/watch?v=eAZP0dgCWpA
EnkJ81hoDJk,"Дури 71,5% од Грците се против „Македонија“ во името, пред две години беа 57%","Follow Kanal5 on...
• FB: https://smarturl.it/fb5
• IG: https://smarturl.it/Ig5
• Web: https://kanal5.com.mk/

© & ℗ Kanal5 & IN Media. All Rights Reserved",Канал 5 Телевизија,2018-02-04 14:26:20+00:00,2018,498,0,1,18,името на Македонија,името на Македонија,mk,https://www.youtube.com/watch?v=EnkJ81hoDJk
VNwORgb2sIU,Прв состанок на Европската политичка заедница - Македонија очекува помош за енергетската криза,"Follow Sitel Televizija on...
• WEB: http://sitel.com.mk/
• FB: https://smarturl.it/sitelFB
• IG: https://smarturl.it/SitelInstagram
• Tw: https://smarturl.it/SitelTwitter

© & ℗ Sitel Televizija All Rights Reserved",Сител Телевизија,2022-10-06 14:11:20+00:00,2022,426,1,1,18,политичка криза Македонија; реформа на уставот Македонија,политичка криза Македонија,mk,https://www.youtube.com/watch?v=VNwORgb2sIU
N6TuHw8ZTfM,Танец: 75 години чувар на македонскиот културен идентитет,"Националниот ансамбл Танец прославува 75 години од постоењето. Седум и пол децении овој ансамбл е на нивото на задачата која му била доделена уште приформирањето. Да биде колекционер и чувар на традиционалните македонски ора, песни, носии и инструменти. 

ТРТ Балкан го посети „Танец“ и разговараше со директорката Весна Митевска за историјата на овој национален ансамбл, како и за неговата улога во зачувувањето и афирмирањето на македонскиот фолклор.

https://twitter.com/TRTBalkanMK
https://www.facebook.com/TRTBalkanMK
https://www.instagram.com/trtbalkanmk/",TRT Balkan Macedonian,2024-11-03 09:03:53+00:00,2024,358,3,1,18,културен идентитет; македонски идентитет; национален идентитет,македонски идентитет,mk,https://www.youtube.com/watch?v=N6TuHw8ZTfM
tqr8YCKQW5E,"Уставните измени на пленарна седница, двотретинското мнозинство неизвесно","Follow Kanal5 on...
• FB: https://smarturl.it/fb5
• IG: https://smarturl.it/Ig5
• Web: https://kanal5.com.mk/

© & ℗ Kanal5 & IN Media. All Rights Reserved



Веќе четири часа во собранието трае седница на која на дневен ред e предлогот за пристапување кон измена на уставот.",Канал 5 Телевизија,2018-10-15 13:25:06+00:00,2018,1706,4,0,18,реформа на уставот Македонија,реформа на уставот Македонија,mk,https://www.youtube.com/watch?v=tqr8YCKQW5E
Grh_CQ1bjYI,ВМРО-ДПМНЕ ќе поднесе резолуција во која ќе се дефинирани и заштитени македонските позиции,"Мицкоски: ВМРО-ДПМНЕ ќе поднесе резолуција во која ќе се дефинирани и заштитени македонските позиции во преговорите со Бугарија, потребен е национален консензус

https://www.facebook.com/vmromakedonija",ВМРО - ДПМНЕ,2021-07-02 11:12:35+00:00,2021,1666,64,0,18,национален идентитет,национален идентитет,mk,https://www.youtube.com/watch?v=Grh_CQ1bjYI
zGhnXbEzVa0,Мицкоски: Ако некој официјално предложи промена на уставот по хрватски модел ние ќе прифатиме,"Претседателот на ВМРО-ДПМНЕ Христијан Мицкоски, одговарајки на новинарско прашање кажа дека неговата партија е подготвена да прифати промена на уставот по хрватскиот модел. 
Follow Kanal5 on...
• FB: https://smarturl.it/fb5
• IG: https://smarturl.it/Ig5
• Web: https://kanal5.com.mk/

© & ℗ Kanal5 & IN Media. All Rights Reserved",Канал 5 Телевизија,2023-04-01 13:05:16+00:00,2023,1626,11,0,18,реформа на уставот Македонија,реформа на уставот Македонија,mk,https://www.youtube.com/watch?v=zGhnXbEzVa0
K0frYGwKBoQ,"Ветото не е по наша вина,се надеваме направената штета бргу да биде надмината, вели Заев","Македонија не е виновна за ветото од Бугарија, рече денеска премиерот Заев со надеж дека наскоро ќе биде повлечено. 
Follow Kanal5 on...
• FB: https://smarturl.it/fb5
• IG: https://smarturl.it/Ig5
• Web: https://kanal5.com.mk/

© & ℗ Kanal5 & IN Media. All Rights Reserved",Канал 5 Телевизија,2020-12-14 14:43:56+00:00,2020,1424,3,0,18,бугарско вето Македонија,бугарско вето Македонија,mk,https://www.youtube.com/watch?v=K0frYGwKBoQ
95vktwSZoVM,"Трилинг - За македонско-бугарскиот компромис да биде ефикасен, мора двете страни да се задоволни","Поранешниот хрватски претседател Стипе Месиќ е гостин во вечерашното издание на Трилинг. Тој смета дека „правосудството е голем фактор кој одлучува за тоа каков ќе биде животот во една земја.

Месиќ во врска со македонско-бугарските односи е со став дека „во компромисите не може само едната страна да биде задоволна, мора двете страни да се задоволни за да се исплати компромисот“.

Марко Трошановски претседател на Институтот за демократија вели дека „довербата меѓу луѓето, во институциите, во политичарите, тоа е единственото сврзно ткиво“. Тој смета дека не треба да губиме време до есен, и да не се успеат уставните измени, барем сме се обиделе“.

Проф. д-р Александар Дединец од МАНУ на прашање дали треба да се затвори РЕК Битола ќе рече „ќе го затвориме кога ќе направиме доволно капацитети да го замениме“.",Televizija 24Vesti,2023-06-02 19:10:35+00:00,2023,1303,3,0,18,довербата во институциите,довербата во институциите,mk,https://www.youtube.com/watch?v=95vktwSZoVM
hFiyKWLNA5o,Партиите „земаат залет“ во пресрет на предизборната кампањата,"На официјално непочната кампања, политичарите во полн ек со партиски активности. И денеска од власта и опозицијата од различни настани си разменија политички пораки.
Follow Kanal5 on...
• FB: https://smarturl.it/fb5
• IG: https://smarturl.it/Ig5
• Web: https://kanal5.com.mk/

© & ℗ Kanal5 & IN Media. All Rights Reserved",Канал 5 Телевизија,2024-03-10 14:09:03+00:00,2024,765,0,0,18,политички настани Македонија,политички настани Македонија,mk,https://www.youtube.com/watch?v=hFiyKWLNA5o
8ITaBIoDSJA,Трка со времето - уставни измени или предвремени парламентарни избори?,"Дали Македонија побрзо ќе стигне барањето на владата за уставни измени или инсистирањето на ВМРО-ДПМНЕ за предвремени парламентарни избори или ништо од тоа.
Follow Kanal5 on...
• FB: https://smarturl.it/fb5
• IG: https://smarturl.it/Ig5
• Web: https://kanal5.com.mk/

© & ℗ Kanal5 & IN Media. All Rights Reserved",Канал 5 Телевизија,2023-01-11 14:08:33+00:00,2023,722,0,0,18,уставни измени Македонија,уставни измени Македонија,mk,https://www.youtube.com/watch?v=8ITaBIoDSJA
s7bktSvvMl0,Изгласување на уставни измени во Собрание  11 01 2019,Изгласување на уставни измени во Собрание,NOVATV MK,2019-01-11 19:20:49+00:00,2019,696,4,0,18,уставни измени Македонија,уставни измени Македонија,mk,https://www.youtube.com/watch?v=s7bktSvvMl0
P4NmYk8CO-w,Георгиевски: Бугарското вето ќе ги мобилизира просрпските сили во Македонија,,Televizija 24,2020-10-23 12:38:26+00:00,2020,691,4,0,18,бугарско вето Македонија,бугарско вето Македонија,mk,https://www.youtube.com/watch?v=P4NmYk8CO-w
srAdTcD69wY,Бугарија очекува Македонија да го измени Уставот,,Телма ТВ / Telma TV,2023-06-23 18:42:43+00:00,2023,620,2,0,18,реформа на уставот Македонија,реформа на уставот Македонија,mk,https://www.youtube.com/watch?v=srAdTcD69wY
7DD1RdT4-FY,Пендаровски-Левиц: Македонија припаѓа на Европската унија,"ЕУ не е надлежна да ги решава ниту да дискутира за тие историски прашања. 
Follow Kanal5 on...
• FB: https://smarturl.it/fb5
• IG: https://smarturl.it/Ig5
• Web: https://kanal5.com.mk/

© & ℗ Kanal5 & IN Media. All Rights Reserved",Канал 5 Телевизија,2022-04-21 13:01:13+00:00,2022,523,5,0,18,интеграција во ЕУ Македонија,интеграција во ЕУ Македонија,mk,https://www.youtube.com/watch?v=7DD1RdT4-FY
gTLcpux-PwI,Спасовски: Македонскиот идентитет и јазик се прашања за кои никој нема право да разговара,"Македонскиот јазик и македонскиот идентитет се нешто за кое никој нема право и не разговара во ниту еден момент, за тоа не може да се разговара. 

Follow Kanal5 on...
• FB: https://smarturl.it/fb5
• IG: https://smarturl.it/Ig5
• Web: https://kanal5.com.mk/

© & ℗ Kanal5 & IN Media. All Rights Reserved",Канал 5 Телевизија,2020-12-04 15:08:48+00:00,2020,461,3,0,18,македонски идентитет,македонски идентитет,mk,https://www.youtube.com/watch?v=gTLcpux-PwI
SxG85kcb4ec,Какво јаболко може да загризе Македонија со францускиот предлог?,,Телма ТВ / Telma TV,2022-06-20 13:16:38+00:00,2022,438,3,0,18,француски предлог Македонија,француски предлог Македонија,mk,https://www.youtube.com/watch?v=SxG85kcb4ec
xGN7oYPz_fY,Ковачевски е уверен дека власта ќе најде двотретинско мнозинство за уставни измени,"Премиерот Димитар Ковачевски е уверен дека власта ќе најде двотретинско мнозинство за уставни измени, но и тоа да не биде случај, вели, владејачкото мнозинство е стабилно и не се потребни предвремени избори.
Follow Kanal5 on...
• FB: https://smarturl.it/fb5
• IG: https://smarturl.it/Ig5
• Web: https://kanal5.com.mk/

© & ℗ Kanal5 & IN Media. All Rights Reserved",Канал 5 Телевизија,2022-11-22 13:54:04+00:00,2022,400,1,0,18,довербата во институциите; уставни измени Македонија,довербата во институциите,mk,https://www.youtube.com/watch?v=xGN7oYPz_fY
rjo4ZFdDd4w,"Претседателот на националниот совет на Австрија, Соботка во посета на Македонија",,Televizija 24,2018-11-05 11:34:30+00:00,2018,385,0,0,18,реформа на уставот Македонија,реформа на уставот Македонија,mk,https://www.youtube.com/watch?v=rjo4ZFdDd4w
6wkVExva6E4,Полноправно членство во ЕУ или постепена интеграција?,"Има ли во Брисел волја за предвремена интерграција во европскиот економски пазар на земјите кои чекаат членство во унијата? 
Follow Kanal5 on...
• FB: https://smarturl.it/fb5
• IG: https://smarturl.it/Ig5
• Web: https://kanal5.com.mk/

© & ℗ Kanal5 & IN Media. All Rights Reserved",Канал 5 Телевизија,2023-10-15 13:37:38+00:00,2023,356,0,0,18,интеграција во ЕУ Македонија,интеграција во ЕУ Македонија,mk,https://www.youtube.com/watch?v=6wkVExva6E4
32--4n1vje8,Вториот нацрт-амандман за промена на Уставот од попладнево пред пратениците,"Follow Kanal5 on...
• FB: https://smarturl.it/fb5
• IG: https://smarturl.it/Ig5
• Web: https://kanal5.com.mk/

© & ℗ Kanal5 & IN Media. All Rights Reserved



Со десет гласа „за“ и пет против, првиот Нацрт-амандман за промена на Уставот помина на собраниската Комисија за уставни прашања.",Канал 5 Телевизија,2018-11-08 17:31:27+00:00,2018,346,0,0,18,реформа на уставот Македонија,реформа на уставот Македонија,mk,https://www.youtube.com/watch?v=32--4n1vje8
gD9yZNNIjUU,Хан:Македонските граѓани да изберат меѓу интеграција во ЕУ и излолација,"Follow Kanal5 on...
• FB: https://smarturl.it/fb5
• IG: https://smarturl.it/Ig5
• Web: https://kanal5.com.mk/

© & ℗ Kanal5 & IN Media. All Rights Reserved



Еврокомесарот Хан овојпат од Драч каде денеска се одржа неформалниот состанок на премиерите на Западен Балкан повторно ја испрати пораката за изолација на земјава доколку референдумот не помине успешно.",Канал 5 Телевизија,2018-08-27 16:09:02+00:00,2018,335,1,0,18,интеграција во ЕУ Македонија,интеграција во ЕУ Македонија,mk,https://www.youtube.com/watch?v=gD9yZNNIjUU
EH3_H0X-lqA,"Македонија е правна држава, помирувањето не значи и упад во правосудниот систем",,SDSMtube,2018-10-27 12:29:50+00:00,2018,324,6,0,18,довербата во системот,довербата во системот,mk,https://www.youtube.com/watch?v=EH3_H0X-lqA
zCF_NboH7NQ,"Огромна депонија во близина на салата „Борис Трајковски“, граѓаните се жалат на смрдеа","Во непосредна близина на Спортскиот центар Борис Трајковски, каде што се одржвуаат големи натпревари, а просторот се користи и како место за големи меѓународни политички настани има огромна дива депонија.
Follow Kanal5 on...
• FB: https://smarturl.it/fb5
• IG: https://smarturl.it/Ig5
• Web: https://kanal5.com.mk/

© & ℗ Kanal5 & IN Media. All Rights Reserved",Канал 5 Телевизија,2024-06-06 15:23:46+00:00,2024,302,1,0,18,политички настани Македонија,политички настани Македонија,mk,https://www.youtube.com/watch?v=zCF_NboH7NQ
ZQcVmbx3wf8,"Жаклина Паунова Анѓелковиќ: Кочани е во жалост, имаме колективна траума и тага, бараме одговорност!",,TVKanal8,2025-05-04 15:21:26+00:00,2025,224,1,0,18,колективна жалост; колективна тага; колективна траума,колективна траума,mk,https://www.youtube.com/watch?v=ZQcVmbx3wf8
JGef7sfr8G4,Османи: Провокатори се обидуваат да ја киднапираат нормалната агенда помеѓу Македонија и Бугарија,,Televizija 24Vesti,2023-01-23 16:30:41+00:00,2023,218,0,0,18,реформа на уставот Македонија,реформа на уставот Македонија,mk,https://www.youtube.com/watch?v=JGef7sfr8G4
oFP3J9K4DyA,Втор економски форум во Скопје  - Македонија мора да работи на реформи,,AlfaTV News,2023-03-01 16:39:42+00:00,2023,181,0,0,18,реформа на уставот Македонија,реформа на уставот Македонија,mk,https://www.youtube.com/watch?v=oFP3J9K4DyA
VBw_BmgauiI,Името на Македонија и идентитетот немаат цена и не се на продажба,,Info Kompas,2018-09-25 10:54:45+00:00,2018,161,6,0,18,името на Македонија,името на Македонија,mk,https://www.youtube.com/watch?v=VBw_BmgauiI
7PLdIdQX0Yc,Дезинформации-моќно оружје во време на изборна битка,Дел од политичкото оружје за време на избори се дезинформациите и малициозните информации. Целта е да се поткопа довербата во институциите и во политичарите кои претендираат да ја претставуваат волјата на народот,Види Вака,2020-07-02 11:02:18+00:00,2020,104,2,0,18,довербата во институциите,довербата во институциите,mk,https://www.youtube.com/watch?v=7PLdIdQX0Yc
Qj9muKFcSiI,"Место сојузник на жените жртви, системот делува како соучесник во семејното насилство","„Кога го пријавив насилниот сопруг, наместо помош, со насмевка добив повратен одговор дека семејното насилство е проблем што треба да се реши дома, со мажот“.

Ваков одговор добила жена откако собрала храброст да го пријави партнерот, чиј ќотек го трпела со години. Таа е една од жртвите на семејно насилство, која за „Лице в лице“ го  споделува своето горко искуство. И останатите испитанички на прашалникот „Системски (не)одговор на семејното насилство“ – немаат пофални зборови за институциите, кои треба да ги заштитат. Велат дека наместо нивен соборник, системот делува како соучесник на насилството.

Речиси половина, насилството најпрво го пријавуваат во полиција. Од 27 жени кои решија да го споделат своето искуство на нашиот прашалник, високи 44 отсто одговориле и дека насоките што ги добиле од институциите по пријавувањето се нејасни и збунувачки, а најголем процент, над 56, се жалат на работата на Центарот за социјална работа. На второ место, по забелешки за професионалност во дејствувањето, е полицијата со 30 отсто.
Во ниту еден од случаите досега не е побарана одговорност и пропусти во работењето на институциите.

Целата сторија „Системот е продолжена рака на насилството, насилниците се извлекуваат со условни казни“ е достапна на линкот: bit.ly/3NbgAfq
Автори: Валентина Вурмо и Анета Ристеска",Lice v lice Makedonija,2023-04-29 10:28:08+00:00,2023,81,0,0,18,довербата во институциите; довербата во системот,довербата во системот,mk,https://www.youtube.com/watch?v=Qj9muKFcSiI
ED4wo75t7JQ,Незири: Нова влада без нови избори води во нова политичка криза,"Во ДИСТРИКТ на Цивил Прес Студио - интервју на Зоран Иванов со Џељал Незири. Во интервјуто Незири зборува за: Локалните избори и непредвидливите резултати, нова влада без нови парламентарни избори, актуелните поместувања во албанскиот партиски кампус...

камера: Атанас Петровски
монтажа: Ариан Мехмети

www.civilmedia.mk",Civil,2021-11-11 08:33:42+00:00,2021,66,1,0,18,политичка криза,политичка криза,mk,https://www.youtube.com/watch?v=ED4wo75t7JQ
rBkBwo9Zjrs,Преку проект ќе се промовира регионалниот културен идентитет,"Фондацијата за култура и спорт Куманово во соработка со партнерите од Банско и Добриништ,  Бугарија преку проект ќе го промовираат регионалниот културен идентитет. Денеска во ресторан Грција се одржа завршна прес-конференција на која беа презентирани реализираните активности во рамките на проектот „ Соработка во визуелни уметности за промовирање на регионалниот културен идентитет“. Активностите започнаа во септември, лани. 
Follow TV Plus on...
• Web:http://tvplus.mk/
• FB:https://www.facebook.com/TVPlusKumanovo
• Instagram:https://www.instagram.com/tvplus.kumanovo",TV Plus Kumanovo,2023-09-21 17:15:14+00:00,2023,48,1,0,18,културен идентитет,културен идентитет,mk,https://www.youtube.com/watch?v=rBkBwo9Zjrs
hiEaYIjBl84,Дали „Северна“ го загрозува македонскиот идентитет?,"Одредницата „Северна“ не влијае никако врз идентитетот бидејќи таа има исклучиво географско, а не етничко значење. Македонскиот јазик, култура и традиција остануваат како и досега – македонски.",Зачекори напред! Изборот е твој,2018-09-14 13:53:25+00:00,2018,38,0,0,18,македонски идентитет,македонски идентитет,mk,https://www.youtube.com/watch?v=hiEaYIjBl84
b8HRlOIM9ts,Комуникација без стандарди: Како токсичните наративи ја загрозуваат транспарентноста на институциите,"„Заевизам“, „Артаноиден“, „Жмицко“, „Вмроидно“, „Северџански“, „Вазали“, „Пиони“, „Казиноман“ и редица други зборови одекнуваа во предизборието од партиските мегафони. Со цел што повеќе да се навреди политичкиот противник, овие и други јазични иновации брзо се прифаќаа од партиското членство кое ги ширеше на социјалните мрежи и не критички беа пренесувани од медиуми со што се нормализираа во јавниот дикурс. Деветмесечното истражувањето на Институтот за комуникациски студии, Мерење на политички штетни наративи (ШТЕТ-НА), покажа дека политичарите се тие кои најмногу користат токсичен наратив. 

Најбројна е реториката со која ја поткопуваат довербата во институциите (во 37% од објавите со штетни наративи), пристрасното селектирање податоци (30%), и нападите на лична основа или демонизирањето противници (9%). Истражувањето покажа и дека медиумите, кои исто така беа под лупа на Институтот, некритички и еднострано ги пренесувале отровните наративи, без никаква интервенција. Највисоките амплитуди на штетна реторика се совпаѓаат со периодите на интензивни политички случувања, или како што е во случајот со истражувањето на ИКС – во декември 2023, односно месецот пред формирањето на техничката влада, и во април 2024, месецот кога почна кампањата за претседателските и за парламентарните избори. Истражувањето покажа дека политичката арена и борба за власт се коси со прифатените стандарди за политичка комуникација заснована на докази, вистинитост и толеранција кон различните мислења.

Институт за комуникациски студии

www.iks.edu.mk; www.respublica.edu.mk; www.reagiraj.mk; www.samoprasaj.mk;

info@iks.edu.mk",Институт за комуникациски студии | IKS_edu_mk,2024-12-16 13:35:34+00:00,2024,31,1,0,18,довербата во институциите,довербата во институциите,mk,https://www.youtube.com/watch?v=b8HRlOIM9ts
hiyD0A1Is-Q,Муратов: Најслеп е тој што не сака да ја види вистината,"Антизападните (проруските) пропагандисти ја користат секоја ситуација за ширење пропаганда, лажни вести и дезинформации со цел да се разниша довербата во институциите, во европските вредности и Европа, како и против НАТО Алијансата, истакна Дехран Муратов, на панел дискусијата на ЦИВИЛ „Зад димната завеса“.

Руските поддржувачи го искористија немилиот настан каде што македонската преставничка на Евровизија несмесно го фрли македонското знаме на земја и веднаш стана мета на јавен линч. Но, и покрај тоа што евровизиската претставничка Андеа и се извини на македонската јавност дека тоа го стори несмесно, сепак не се препушти можноста да се шири пропаганда дека тоа е „школо на Сорос“, „дека тоа се тие европски вредности што ги учат младите“, „дека е симпатизерка на актуелната власт па затоа така се однесува со државничкото знаме“ итн.

Поддржувачите на Путин и оправдувачите на руската агресија врз Украина, неуспешно се обидоа да ја дефокусираат јавноста, односно да ја стават во втор план посетата на претседателот на Собранието, Талат Џафери во Украина.

Тие масовно споделуваа фотографии од „мавровските работници“ од војната во 2001, за да се дефокусира јавноста, и да се одвлече вниманието од воените злосторства во Украина. Исто така со тие немили настани се обидоа да го воскреснат национализмот и да создадат етнички поделби и омраза. Пропагандистите не споделија ниту една информација дека во војната во 2001 имаше цивилни жртви од двете страни, и дека имаше судски пресуди во Хаг за воени злосторства, каде што беше осуден Јохан Тарчуловски за случајот „Раштански лозја“, а Љубе Бошковски (тогашен министер за внатрешни работи) доби ослободителна пресуда.

Покрај социјалните мрежи, најчесто пропагандата и дезинформациите се шират преку интернет портали кои немаат импресум, текстовите не се потпишани со име и презиме на новинари, односно немаат автори, често насловите немаат врска со содржината на текстот итн.

ЦИВИЛ ќе продолжи да се бори против лажните вести и дезинформациите бидејќи тоа е проблем со кој се соочува целото општество, а не само нашата држава.

„Ние ќе ги разобличуваме лажните вести и дезинформациите и ќе им ја претставиме на граѓаните вистината, а на нив останува дали ќе веруваат или не. Има една изрека „најслеп е тој што не сака да види“, така што ние ќе им ја покажеме вистината на граѓаните, а нивно е да одлучат дали ќе веруваат на пропагандистите или ќе им веруваат на фактите“, нагласи Муратов.",Civil,2022-05-11 07:19:29+00:00,2022,27,2,0,18,довербата во институциите,довербата во институциите,mk,https://www.youtube.com/watch?v=hiyD0A1Is-Q
_thIKUt7N58,"Трајаноски: Дезинформации, теории на заговор и медиумски манипулации за предложените уставни измени","Институтот за медиуми и аналитика ИМА денес (28.09.2023) во Скопје ја објави публикацијата „Уставните измени во медиумите: дезинформации, медиумски манипулации, говор на омраза (анализи)“.",Slobodna Makedonija,2023-09-28 16:27:59+00:00,2023,9,0,0,18,уставни измени Македонија,уставни измени Македонија,mk,https://www.youtube.com/watch?v=_thIKUt7N58
0E7YtQcl3pY,"Политиканти.мк Епизода 05 / Сезона 04 (10.10.2025) Гостин, Стево Пендаровски","🌐 https://politikanti.mk/ 
Следете нѐ на Facebook: https://www.facebook.com/politikanti 
Следете нѐ на Instagram: https://www.instagram.com/politikanti.mk/
Следете нѐ на Twitter: https://twitter.com/PolitikantiMK
Следете нѐ на TikTok: https://www.tiktok.com/@politikanti.mk
Следете нѐ на SoundCloud: https://soundcloud.com/politikanti  

🎙️ #politikanti #sasoordanoski #borjanjovanovski #политиканти #поткаст #сашоорданоски #борјанјовановски #politikantimk #стевопендаровски #stevopendarovski

01:53 Почеток на емисијата, Сашо и Борјан
09:18 Најава на гостинот, Стево Пендаровски",politikanti,2025-10-10 21:29:45+00:00,2025,10232,244,49,17,политички настани Македонија,политички настани Македонија,mk,https://www.youtube.com/watch?v=0E7YtQcl3pY
Hnjiou-0NXg,Со дополнет и проширен француски предлог бугарското Собрание го крена ветото за Македонија,"Follow Sitel Televizija on...
• WEB: http://sitel.com.mk/
• FB: https://smarturl.it/sitelFB
• IG: https://smarturl.it/SitelInstagram
• Tw: https://smarturl.it/SitelTwitter

© & ℗ Sitel Televizija All Rights Reserved",Сител Телевизија,2022-06-24 14:03:09+00:00,2022,1681,6,33,17,бугарско вето Македонија; француски предлог Македонија,бугарско вето Македонија,mk,https://www.youtube.com/watch?v=Hnjiou-0NXg
wxmt09jAkN0,Радев од Брисел: Патот на Македонија кон ЕУ зависи само од дијалогот со Бугарија,"Follow Sitel Televizija on...
• WEB: http://sitel.com.mk/
• FB: https://smarturl.it/sitelFB
• IG: https://smarturl.it/SitelInstagram
• Tw: https://smarturl.it/SitelTwitter

© & ℗ Sitel Televizija All Rights Reserved",Сител Телевизија,2021-06-24 14:05:14+00:00,2021,1179,20,26,17,бугарско вето Македонија,бугарско вето Македонија,mk,https://www.youtube.com/watch?v=wxmt09jAkN0
nax7I5J7rhU,“Модерен македонски јазик и идентитет” -  геноцид врз македонскиот народ!,ЕУ е спремна да го продолжи многу вековниот геноцид без македонскиот народ ако го дефинира како “модерен” македонски јазик и идентитет.,Ico Najdovski-Perin,2025-06-26 08:55:32+00:00,2025,740,27,21,17,македонски идентитет,македонски идентитет,mk,https://www.youtube.com/watch?v=nax7I5J7rhU
wzEdsVPq4uc,"Македонија домаќин на Самитот ЕУ-Западен Балкан, пораки за побрза интеграција на регионот","Follow Sitel Televizija on...
• WEB: http://sitel.com.mk/
• FB: https://www.facebook.com/sitelmk
• IG: https://www.instagram.com/sitel.tv/
• Tw: https://twitter.com/SitelTV
• TT: https://www.tiktok.com/@sitel.televizija

© & ℗ Sitel Televizija All Rights Reserved",Сител Телевизија,2025-07-01 10:30:33+00:00,2025,1339,2,14,17,интеграција во ЕУ Македонија,интеграција во ЕУ Македонија,mk,https://www.youtube.com/watch?v=wzEdsVPq4uc
iQhXca4517w,Ристо Никовски гостин во „Утро со Златев“ - Последните развои на настани со Бугарија,"Гостин  е долгогодишниот дипломат, Ристо Никовски, тема се последните развои на настани со Бугарија.",РАДИО ЛИДЕР,2022-02-10 11:43:34+00:00,2022,1535,17,13,17,политички настани Македонија,политички настани Македонија,mk,https://www.youtube.com/watch?v=iQhXca4517w
Jaf3eCj5Bk4,Бугарското Собрание го одобри францускиот предлог за Северна Македонија,,Televizija 24,2022-06-24 13:44:09+00:00,2022,545,3,10,17,француски предлог Македонија,француски предлог Македонија,mk,https://www.youtube.com/watch?v=Jaf3eCj5Bk4
Jj5_Ycwn-ig,Пендаровски: Македонија нема да пропадне ако ги внесеме Бугарите во Уставот,"Follow Sitel Televizija on...
• WEB: http://sitel.com.mk/
• FB: https://smarturl.it/sitelFB
• IG: https://smarturl.it/SitelInstagram
• Tw: https://smarturl.it/SitelTwitter

© & ℗ Sitel Televizija All Rights Reserved",Сител Телевизија,2023-01-12 11:01:02+00:00,2023,624,8,9,17,реформа на уставот Македонија,реформа на уставот Македонија,mk,https://www.youtube.com/watch?v=Jj5_Ycwn-ig
uNLyHAAEu7g,Марјан Николовски: Денешниот бугарски национален идентитет го опфаќа македонскиот културен идентитет,"Тезите на Марjан: 
Не спорам дека денешниот бугарски национален идентитет го опфаќа македонскиот културен идентитет. Егзархијата не била само црква на Бугарите, туку и на Србите и Црногорците. Како што не можеме да зборуваме за македонски идентитет од пред 2000 години, не можеме да зборуваме ниту за континуиран бугарски идентитет од средниот век. Денешниот Бугарин и Бугаринот од 9 век не се исти Бугарин. 
- - - - - - - - - - - - - - - - - - - - - - - - - - - - 
Цялото видео на епизод 66: https://www.youtube.com/watch?v=vNjb2wAv3Ec
- - - - - - - - - - - - - - - - - - - - - - - - - - - - 

Join this channel to get access to perks:
https://www.youtube.com/channel/UCVHuCY7Bb5xBb3rTNJDeAEw/join",Коридор 8,2023-02-13 20:25:45+00:00,2023,738,27,8,17,културен идентитет; национален идентитет,национален идентитет,mk,https://www.youtube.com/watch?v=uNLyHAAEu7g
4buAraR6g-s,"Велкоски:Францускиот предлог е непристоен,како и сите предлози кои Македонија ги добивала од ЕУ",,AlfaTV News,2022-07-09 12:43:24+00:00,2022,140,4,8,17,француски предлог Македонија,француски предлог Македонија,mk,https://www.youtube.com/watch?v=4buAraR6g-s
A26nKi_5B44,Македонија во следните 20 години ќе загуби уште 200 000 жители?,"Follow Sitel Televizija on...
• WEB: http://sitel.com.mk/
• FB: https://smarturl.it/sitelFB
• IG: https://smarturl.it/SitelInstagram
• Tw: https://smarturl.it/SitelTwitter

© & ℗ Sitel Televizija All Rights Reserved",Сител Телевизија,2022-08-03 19:04:14+00:00,2022,1253,15,6,17,политички настани Македонија,политички настани Македонија,mk,https://www.youtube.com/watch?v=A26nKi_5B44
P11D7ynrit0,Пратениците обезбедија двотретинско мнозинство за уставни измени,"Осумина пратеници од ВМРО ДПМНЕ и нивната коалиција гласаа за пристапување кон уставни измени. Со двотретинско мнозинство зачекоривме кон западните сојузи, изјави премиерот Зоран Заев.
Објавено на https://www.slobodnaevropa.mk/a/29553518.html",Radio Slobodna Evropa na Makedonski,2018-10-20 06:15:18+00:00,2018,4714,14,4,17,уставни измени Македонија,уставни измени Македонија,mk,https://www.youtube.com/watch?v=P11D7ynrit0
DGk4infDKw8,Политичкиот проблем со името на Македонија повторно дел од квизот „Кој сака да биде милионер“,"Web: http://sitel.com.mk/
Facebook: https://www.facebook.com/tvsitel.mk/
Twitter: https://twitter.com/SitelTV
Instagram: https://www.instagram.com/siteltelevision/

Copyright: OnAir Media Group; www.onair.mk",Сител Телевизија,2018-07-18 14:18:46+00:00,2018,13495,54,2,17,името на Македонија,името на Македонија,mk,https://www.youtube.com/watch?v=DGk4infDKw8
yz2nIXw5M4A,"Од урбанистички и од хуман аспект во Скопје се живее со стрес | Мишко Ралев, архитект","За ова издание на серијалот интервјуа „Имаме неколку прашања за вас“ што ги објавуваме на порталот racin.mk. го избравме Музејот на современа уметност како вистинско место за да го направиме разговорот со Мишко Ралев, архитект и професор на факултет за архитектура и дизајн на American College во Скопје.

Познат лик во градот кој знае со своите мисли во врска со градот и во врска со пулсот на градот и неговото живеење, да ги претстави така за да ги добиваме најдобрите изнијансирани слики за тоа во каков град живееме.

Со Ралев разговараме за тоа дали Скопје е по мерка на неговите граѓани, за Скопје 2014 како вирус во организмот на градот.

Имаме и одговори на прашањата за политиката и архитектурата. Што е тоа што определува од таа врска, на политиката и архитектурата, дали ќе се изроди „франкенштајн“ или ќе се создаде дело во кое се споени убавината, духот на времето, фукционалноста.",Рацин.мк,2025-04-13 07:25:48+00:00,2025,1336,16,2,17,стрес во општеството,стрес во општеството,mk,https://www.youtube.com/watch?v=yz2nIXw5M4A
YFH5uqCWhxM,Со 80 гласа за почна процедурата за уставни измени,"Follow Kanal5 on...
• FB: https://smarturl.it/fb5
• IG: https://smarturl.it/Ig5
• Web: https://kanal5.com.mk/

© & ℗ Kanal5 & IN Media. All Rights Reserved



Како што е веќе познато по многу тензија и неизвесност доцна синоќа Собранието со 80 гласови за ја почна процедурата за уставни измени согласно со грчко-македонскиот Договор.",Канал 5 Телевизија,2018-10-20 13:08:26+00:00,2018,662,3,2,17,уставни измени Македонија,уставни измени Македонија,mk,https://www.youtube.com/watch?v=YFH5uqCWhxM
wtDqBCm_9-Y,Во Собранието „Рос рот“  семинар посветен на евроатланската интеграција,"Follow Kanal5 on...
• FB: https://smarturl.it/fb5
• IG: https://smarturl.it/Ig5
• Web: https://kanal5.com.mk/

© & ℗ Kanal5 & IN Media. All Rights Reserved



Владата е задоволна од одлуката на Европската унија и ја толкува како веќе добиен датум за почеток на преговорите во јуни следната година.",Канал 5 Телевизија,2018-06-27 13:45:40+00:00,2018,451,1,2,17,интеграција во ЕУ Македонија,интеграција во ЕУ Македонија,mk,https://www.youtube.com/watch?v=wtDqBCm_9-Y
g3gDP01fRqU,"Заев: Македонскиот јазик е потврден, нашиот идентитет е потврден","Follow Kanal5 on...
• FB: https://smarturl.it/fb5
• IG: https://smarturl.it/Ig5
• Web: https://kanal5.com.mk/

© & ℗ Kanal5 & IN Media. All Rights Reserved



Телефонски разговор со Ципрас најдоцна до петок, потпишување на договорот, ратификација во парламентот, датум за почеток на преговорите, покана за членство во НАТО и референдум наесен.",Канал 5 Телевизија,2018-05-30 12:52:13+00:00,2018,305,5,2,17,македонски идентитет,македонски идентитет,mk,https://www.youtube.com/watch?v=g3gDP01fRqU
ouUKsTHlGFc,"Заев: Името С.Македонија се однесува на политички субјект, а не на територијални, ниту малцинси","Follow TV21 on...
• Web: https://tv21.mk & https://tv21.tv
• FB: https://smarturl.it/TV21Fb
• IG: https://smarturl.it/TV21IG
• Tw: https://smarturl.it/tv21Tw
• Телефон: 02/313-5630

© & ℗ TV21 & IN Media. All Rights Reserved",TV21,2020-11-17 21:08:03+00:00,2020,122,0,2,17,името на Македонија,името на Македонија,mk,https://www.youtube.com/watch?v=ouUKsTHlGFc
yJFkZOim9I4,Заев од ЕП во Стразбур: Ја чувствувам европска Македонија,"Web: http://sitel.com.mk/
Facebook: https://www.facebook.com/tvsitel.mk/
Twitter: https://twitter.com/SitelTV
Instagram: https://www.instagram.com/siteltelevision/

Copyright: OnAir Media Group; www.onair.mk",Сител Телевизија,2018-09-13 14:09:58+00:00,2018,190,0,1,17,НАТО ЕУ Македонија протест,НАТО ЕУ Македонија протест,mk,https://www.youtube.com/watch?v=yJFkZOim9I4
r8_3Z1ey6BY,"Протести во Солун, илјадници Грци порачаа „Македонија е грчка“","Follow TV21 on...
• Web: https://tv21.mk & https://tv21.tv
• FB: https://smarturl.it/TV21Fb
• IG: https://smarturl.it/TV21IG
• Tw: https://smarturl.it/tv21Tw
• Телефон: 02/313-5630

© & ℗ TV21 & IN Media. All Rights Reserved",TV21,2018-01-21 19:50:35+00:00,2018,2837,6,0,17,НАТО ЕУ Македонија протест,НАТО ЕУ Македонија протест,mk,https://www.youtube.com/watch?v=r8_3Z1ey6BY
_MljBBTLEI0,ЗА ИЛИ ПРОТИВ (06.12.2023) ГОСТИНКА: БОЈАНА СТОЈМЕНОВИЌ ПЕТРОВСКА,МАКЕДОНСКОТО ОПШТЕСТВО ПРЕЖИВУВА КОЛЕКТИВНА ТРАУМА - КАКО ДА СЕ СПРАВИМЕ СО НЕА?,ALFA TV,2023-12-06 19:21:53+00:00,2023,1648,12,0,17,колективна траума,колективна траума,mk,https://www.youtube.com/watch?v=_MljBBTLEI0
Kg05zHnhbvI,Мицкоски: Уставни измени во овој пратенички состав под бугарски диктат нема да има,"Планот на власта за почеток на промената на Уставот од мај или јуни нема да успее, пораките од Борел и Вархеји ги цениме, но не може да делуваме под бугарски диктат- изјави лидерот на ВМРО-ДПМНЕ Христијан Мицкоски. 
Follow Kanal5 on...
• FB: https://smarturl.it/fb5
• IG: https://smarturl.it/Ig5
• Web: https://kanal5.com.mk/

© & ℗ Kanal5 & IN Media. All Rights Reserved",Канал 5 Телевизија,2023-03-18 14:01:50+00:00,2023,1418,8,0,17,уставни измени Македонија,уставни измени Македонија,mk,https://www.youtube.com/watch?v=Kg05zHnhbvI
mZ2BHXkNR2c,Работата на стручната служба во средните училишта во услови на пандемија,"#ЕДУИНО #ЕДУИНОВебинар #ОнлајнПредавање 

00:01      - Отворање на настанот 
09:21      - Oбраќање - Мин.Царовска
14:35      - Интерактивни прашања 1: Работа на стручната служба
20:28      - Предавање 1: Работа на стручната служба
48:54      - Предавање 2: Протокол на училишни педагози
01:11:09 - Предавање 3: Организација на специјалниот едукатор
01:26:14 - Прашања и одговори 
01:38:33 - Затворање на настанот   


Вебинарот е наменет за стручни соработници од средните училишта.
Стручната служба е стожерот на училиштето во процесот на планирање, организација и спороведување на воспитно-образовниот процес. Во услови на пандемијата предизвикана од Ковид-19, додека еден дел од учениците ја следат наставата со физичко присуство, сепак најголем дел од воспитно-образовниот процес се одвива преку принципот на далечинско учење.

Говорници:
Ана Попризова училишен психолог, Претседател на Активот на стручни служби на средните училишта на Град Скопје
Ленче Спасовска е м-р по педагогија, училишен педагог во СЕТУГС „Михајло Пупин“ -Скопје
Мартина Трајковска е дипломиран специјален едукатор во СУГС „Владо Тасевски “ - Скопје

Нови во ЕДУИНО?

Вклучете се во:
ЕДУИНО Заедница: https://www.facebook.com/groups/eduino.gov.mk
ЕДУИНО Едукатори: https://www.facebook.com/groups/582392572294581

Следете нѐ и на: www.eduino.gov.mk
Facebook: https://www.facebook.com/eduinoportal
Instagram: https://www.instagram.com/eduinoportal/

SUBSCRIBE на ЕДУИНО YouTube платформите:
EDUINO Platform: https://www.youtube.com/channel/UCOJWh4fQdKVdnveS8dBEOaw
Е-Училница:
 https://www.youtube.com/channel/UChAiilRtBCYq5Qz_G2vsGcQ
Лекции за средно стручно образование: https://www.youtube.com/channel/UCGNsA50Ye8z87XM3awK1vEw
Лекции за средно образование: https://www.youtube.com/channel/UCG2bqkptaw140puGTX7Q6YQ

ЕДУИНО е колективен портал за дигитални содржини со над 10.000.000 посети, 
4 различни Youtube платформи со видеолекции за основно, средно и средно стручно образование на македонски, албански, влашки, турски и босански јазик. ЕДУИНО дигиталните содржини се резултат на заедничките напори и вложувања на наставници кои придонесоа со особен труд и посветеност без никаков финансиски надоместок. Благодарение на ова и ЕДУИНО - колективниот портал, учениците можат да ја следат наставата и да си го олеснат своето образование и во домашни услови.

ЕДУИНО е резултат на проектот „Поставување на поволно опкружување за подобрување на квалитетот на наставата и учењето преку ко-креирање и иновации” #Inno4Edu е финансиран од Владата на Обединетото Кралство преку Амбасадата на Велика Британија во Скопје, со поддршка на Бирото за развој на образование, Министерството за образование и наука, Министерството за труд и социјална политика и УНИЦЕФ. Проектот го спроведува СмартАп – Лабораторијата за социјални иновации

#ДигиталниВештини #МОН #МТСП #УНИЦЕФ #СмартАП #БРО #BritishEmbassy #UKAid #ОнлајнЧас #Образование #ИнтерактивенЧас #eduino #eduinowebinar #webinar",Eduino Platform,2020-11-05 15:21:48+00:00,2020,1298,0,0,17,социјален стрес,социјален стрес,mk,https://www.youtube.com/watch?v=mZ2BHXkNR2c
OiXNQaMmIMU,Ципрас ја спаси Владата - Утре доаѓа во Преспа за договорот,Ципрас тврди дека договорот со кој се става крај на спор за името е добар и не вистина дека тој и Заев се предавници,Телма ТВ / Telma TV,2018-06-16 20:35:49+00:00,2018,784,7,0,17,Преспански договор; преспански договор,преспански договор,mk,https://www.youtube.com/watch?v=OiXNQaMmIMU
OL2td-y6A-c,Психолозите апелираат сите оние кои имаат потреба да побараат психолошка помош,"Трагедијата во Кочани е колективна трагедија процесот на тага и жалење допрва почнува и затоа е потребна постојана поддршка, психолозите и психијатрите велат потребна е стручна помош за да се надмине оваа траума.
Follow Kanal5 on...
• FB: https://smarturl.it/fb5
• IG: https://smarturl.it/Ig5
• ТТ: https://tinyurl.com/59kck7ap
• Web: https://kanal5.com.mk/

© & ℗ Kanal5 & IN Media. All Rights Reserved",Канал 5 Телевизија,2025-03-22 14:03:28+00:00,2025,544,5,0,17,колективна тага; колективна траума,колективна траума,mk,https://www.youtube.com/watch?v=OL2td-y6A-c
x5gcmklkkdw,Левица - Аеродром: Злоупотреба на општината за политички маркетинг,"Во работата на Oпштина Аеродром, под палката на новиот градоначалник Тимчо Муцунски, се провлекува еден континуиран проблем на нецелосно и половично извршена работа. Истата пред граѓаните и јавноста се претставува како огромен успех и достигнување при што политички се злоупотребува општината.

Наместо општината да биде вистински сервис за жителите на Аеродром, таа се користи за политички маркетинг, кој не соодветствува со реалноста на терен.

Имено, по поплаките на граѓаните околу еден хаварисан автомобил во близина на ООУ „Љубен Лапе“, кој претставуваше потенцијална опасност за децата, општината го тргна автомобилот од таа локација. Наместо истиот веднаш да заврши во отпад, заврши под железничката станица каде има голема фреквенција на пешаци, меѓу кои добар дел и деца.

Друг ваков случај каде работите се извршуваат површно и нецелосно е дивата депонија при кејот на Вардар, во населбата Долно Лисиче која е исчистена само во видливиот покрај патот. Делот непосредно на брегот на реката Вардар не е воопшто исчистен.

Потсетување и за отворањето на половично реновираното стадионче во Ново Лисиче за кое реагиравме во еден од претходните пресови.
Бараме од Општина Аеродром да се престане со злоупотреба на самата општината за гол политички маркетинг, кога во суштина работата како во овие конкретни три случаи, а и во други за кои допрва ќе реагираме, не е докрај или е половично завршена.


                                                                                       Политичка Партија Левица - ЛО Аеродром",Левица Политичка Партија,2022-02-18 10:10:34+00:00,2022,531,22,0,17,политички настани Македонија,политички настани Македонија,mk,https://www.youtube.com/watch?v=x5gcmklkkdw
BiXtop6SxMY,"Атлантски совет дискусија: „Дигиталната трансформација како подадена рака за регионална интеграција""","http://vlada.mk/
___

Влада на Република Северна Македонија на социјалните мрежи:

Facebook: www.facebook.com/VladaMK
Twitter: www.twitter.com/VladaMK
Instagram: www.instagram.com/mkvlada
Flickr: www.flickr.com/vladamk",Влада на‎ Република Северна Македонија,2021-11-04 13:18:14+00:00,2021,273,4,0,17,интеграција во ЕУ Македонија,интеграција во ЕУ Македонија,mk,https://www.youtube.com/watch?v=BiXtop6SxMY
olSrc8qTSHs,"Николовски: Треба да бидеме држава на изграден национален индентитет, кој сите ќе ги обединува","„Ние не разликуваме што е национален, а што етнички идентитет и тоа е главниот проблем. За жал, ние сме држава која што, и јас цврсто стојам на тој став, нема национален идентитет. Ние сме држава на племенски заедници и тоа е клучниот проблем што ја оптеретува оваа држава во изминативе 30 години и е тешко прашање за политичката и правната наука да дефинира што е национален, а што е племенски идентитет“, вели новинарот Марјан Николовски во своето обраќање на конференцијата на ЦИВИЛ „Односи меѓу заедниците: Перцепции, надежи и стравови, предизвици и решенија“.

камера: Атанас Петровски
монтажа: Ариан Мехмети

www.civilmedia.mk",Civil,2023-06-01 10:21:47+00:00,2023,45,1,0,17,национален идентитет,национален идентитет,mk,https://www.youtube.com/watch?v=olSrc8qTSHs
j3zFVpvb-zA,ПАТОТ НА МАКЕДОНИЈА КОН ЕУ - ЖБОГАР: НЕ ГЛЕДАМ ПРЕЧКИ ЗА ИНТЕГРАЦИЈА,"Web: https://tv21.mk & https://tv21.tv
Телефон: 02 313 5630
Facebook: https://www.facebook.com/tv21hd
Twitter: https://www.twitter.com/tv21hd
Instagram: https://www.instagram.com/tv21hd
Youtube: TV21 OFFICIAL
Mail: tv21@rtv21.tv

Copyright: OnAir Media Group",ClickPlus TV21,2019-01-20 18:53:05+00:00,2019,45,0,0,17,интеграција во ЕУ Македонија,интеграција во ЕУ Македонија,mk,https://www.youtube.com/watch?v=j3zFVpvb-zA
Vl9qDUCtXa0,Адреналинска терапија: Отворена анти-стрес соба во Скопје,"Облечени во заштитни скафандери, со пластични шлемови, визири, ракавици и чизми, корисниците најчесто можат да кршат стакло и керамика. На крајот од „терапијата“ остатоците се собираат и одат на рециклирање
Originally published at - https://mk.voanews.com/a/voa-anti-stres-soba-prilog/5864600.html",Глас на Америка,2021-04-23 17:18:13+00:00,2021,30,0,0,17,стрес во општеството,стрес во општеството,mk,https://www.youtube.com/watch?v=Vl9qDUCtXa0
QDjPYMrY-xA,Филков: Довербата во институциите постојано паѓа и поради квази транспарентноста,"Мене повеќе ми личи на рекламирање. Оти тоа е реклама, продавање на нешто, на производ, на човек, градење на некој негови имиџ. Меѓутоа рекламата за разлика од сите други концепти има краткорочно влијание, таа бара еднократно нешто да направиме, сега како ќе влеземе во изборниот циклус, очекувајте повеќе реклами, а помалку комуникација којашто треба да е двонасочна, помалку односи со јавност кои треба да се стратешки и помалку транспарентност која што треба да се секојдневен начин на работа, начин на однесување на институциите. Се тоа заедно ни кажува дека состојбата во следниве месеци само ќе се влошува.

Прочитај ја целата сторија „Осмислените објави и соопштенија од институциите се квази транспарентност“

https://samoprasaj.mk/naacik/osmislenite-objavi-i-soopstenija-od-instituciite-se-kvazi-transparentnost/

Оваа содржина ја изработи Институтот за комуникациски студии.

Новинар: Катерина Ѓуровски
Снимател: Марјан Петковски
Фото: Наке Батев
Монтажа: Фани Гошевска Живковиќ

Институт за комуникациски студии
https://iks.edu.mk",Само прашај / Samo prasaj,2024-07-17 15:37:16+00:00,2024,13,0,0,17,довербата во институциите,довербата во институциите,mk,https://www.youtube.com/watch?v=QDjPYMrY-xA
jQQGufDhmwA,VO CENTAR Francusko Rambuje za Makedonija!,ВО ЦЕНТАР Француско Рамбује за Македонија!,Vasko Eftov,2022-06-30 20:00:54+00:00,2022,74428,680,57,16,француски предлог Македонија,француски предлог Македонија,mk,https://www.youtube.com/watch?v=jQQGufDhmwA
vB9sIcT1NHc,Протест за одбрана на името Македонија,,MAKFAX,2018-02-27 21:49:44+00:00,2018,11286,81,31,16,името на Македонија,името на Македонија,mk,https://www.youtube.com/watch?v=vB9sIcT1NHc
z_t_YykWBgQ,Радев: Македонија гради идентитет врз фалсификуваната комунистичка историја,"Follow Sitel Televizija on...
• WEB: http://sitel.com.mk/
• FB: https://smarturl.it/sitelFB
• IG: https://smarturl.it/SitelInstagram
• Tw: https://smarturl.it/SitelTwitter

© & ℗ Sitel Televizija All Rights Reserved",Сител Телевизија,2022-04-21 10:05:54+00:00,2022,1409,11,27,16,национален идентитет,национален идентитет,mk,https://www.youtube.com/watch?v=z_t_YykWBgQ
v9skudDPncQ,Макрон: Мислам дека имаме прифатливо решение и за Македонија и за Бугарија,,Televizija 24,2022-06-30 16:11:59+00:00,2022,814,3,17,16,француски предлог Македонија,француски предлог Македонија,mk,https://www.youtube.com/watch?v=v9skudDPncQ
4R43TX2g-3M,Бугарските пратеници ја усвоија декларацијата за Македонија,"Follow Sitel Televizija on...
• WEB: http://sitel.com.mk/
• FB: https://smarturl.it/sitelFB
• IG: https://smarturl.it/SitelInstagram
• Tw: https://smarturl.it/SitelTwitter

© & ℗ Sitel Televizija All Rights Reserved",Сител Телевизија,2023-02-02 15:06:30+00:00,2023,874,6,14,16,бугарско вето Македонија,бугарско вето Македонија,mk,https://www.youtube.com/watch?v=4R43TX2g-3M
Ak8vrIzVrKk,Велиновска во #ТешкиМуабети: Груевски му рече НЕ на Бајден за промена на името!,Велиновска во #ТешкиМуабети: Груевски му рече НЕ на Бајден за промена на името!,Инфомакс,2023-11-15 14:31:06+00:00,2023,7822,189,13,16,името на Македонија,името на Македонија,mk,https://www.youtube.com/watch?v=Ak8vrIzVrKk
HZQ4TYsd_hI,„Двојното убиство е колективна траума“: Трилинг ги анализира психолошките елементи по трагедијата,,Triling,2023-12-08 20:59:15+00:00,2023,4258,16,4,16,колективна траума,колективна траума,mk,https://www.youtube.com/watch?v=HZQ4TYsd_hI
2bkqdYmpmg0,Прашањето за името на Македонија мора да биде разгледано од советот за безбедност,,Televizija 24,2019-01-15 16:25:00+00:00,2019,376,6,2,16,името на Македонија,името на Македонија,mk,https://www.youtube.com/watch?v=2bkqdYmpmg0
cp0Qf8ewG0Q,„Македонија во Европа во 2030“ – се воведува нова преговарачка рамка,"Follow TV21 on...
• Web: https://tv21.mk & https://tv21.tv
• FB: https://smarturl.it/TV21Fb
• IG: https://smarturl.it/TV21IG
• Tw: https://smarturl.it/tv21Tw
• Телефон: 02/313-5630

© & ℗ TV21 & IN Media. All Rights Reserved",TV21,2022-09-05 18:38:00+00:00,2022,253,1,2,16,реформа на уставот Македонија,реформа на уставот Македонија,mk,https://www.youtube.com/watch?v=cp0Qf8ewG0Q
V0n0Hz7iFbE,"Францускиот предлог е чист македонски јазик и уставни измени, не историја и идентитет","Францускиот предлог е чист македонски јазик и уставни измени, не историја и идентитет",Инфомакс,2024-12-06 19:48:59+00:00,2024,1099,17,1,16,уставни измени Македонија,уставни измени Македонија,mk,https://www.youtube.com/watch?v=V0n0Hz7iFbE
_RTMtkuv91c,Попладнево продолжуваат преговорите во Њујорк,"Follow Kanal5 on...
• FB: https://smarturl.it/fb5
• IG: https://smarturl.it/Ig5
• Web: https://kanal5.com.mk/

© & ℗ Kanal5 & IN Media. All Rights Reserved



Во преговорите не одиме да дадеме нешто, туку одиме да земеме назад нешто што е дадено пред 70 години, изјави денеска Грчкиот премиер Алексис Ципрас од Солун, по средбата со солунскиот градоначалник, Јанис Бутарис.",Канал 5 Телевизија,2018-05-25 12:59:14+00:00,2018,750,3,1,16,Преспански договор; преспански договор,преспански договор,mk,https://www.youtube.com/watch?v=_RTMtkuv91c
wSg11DyfJTw,"Вечниот Бог - трета верзија со Антониа, Ламбе и Златно славејче","Со најголема љубов и доверба, Ви го подаруваме спотот за третата верзија на „Вечниот Бог“ снимена јануари 2023 во режија на Дејан Пројковски, Горан Наумовски - директор на фотографија и Стојан Стојановски - камера и монтажа, а во изведба на Антониа Гиговска, Ламбе Алабаковски и Златно славејче.

Создадовме дело што треба да го предизвика вниманието на новата генерација деца, на коишто имаме света должност да им ја пренесеме нашата православна традиција на празнување Бадник и Божик, онака како што нашите претци ни ја оставиле нам во предание.

Едноставноста на амбиентот и скромната трпеза во спотот, сведочат за вистинските вредности на Христијанинот и за миг ни ги ослободуваат сетилата од пренатрупаноста на секојдневието, за да можеме да го почувствуваме Божик во срцето, да се Роди Христос во јаслите на нашите души.

Низ ова визуелно дело, ги поучуваме нашите деца, наместо кон обилна телесна гозба, да стремат кон ангелската храна, кон слатката гозба на верата, на правдата, на христијанската радост. Па така, на Божик, да ги посетиме и прегрнеме ближните, заборавените, немоќните, да споделиме, да си простиме!

Останатиот дел од екипата што го создаде ова аудио-визуелно дело за да остави трајна вредност во нашата колективна меморија, е составена од:

Актери: Крсте Јовановски, Петар Мирчевски, Валентина Грамосли

Лука Николоски, Јордан Цветкоски, Теофанија Костоска, Јустина Петреска, Лука Аритоновски, Петар Танески, Јована Блазеска, Теодора Бпреслиева, Марија Филипов Илиева, Ристе Филипов

Владимир Димовски - аранжман и оркестрација

Владимир Цветковски – виолина, Владимир Димовски – виола, Кирил Јосифов – виолончело, Митко Иванов – контрабас, Иван Еминовиќ - клавијатури и синтисајзер, Симона Богоевска – харфа, Кристина Љушкоска – флејта, Петар Христов – сопран, саксофон, алт саксофон, Мојца Седеу - тимпани, чинела 

Хор - Златно славејче

Студио „Алшар“ – Ивица Јанкуловски 

Маргарита Миновски – шминка, Викторија Бурсаќ – стилист, Венко Пашовски, Летка Филипова, Ромео Петрески, Аце Ставрески, Горан Ангелоски, Дејан Донески, Здружение за грижи и воспитување на деца на Охрид

Да му благодариме на Бога што после двегодишна пандемија, конечно можеме да го прославиме Божик сите заедно, со небесна  радост и да се помолиме со Христовото Раѓање,  во нашите срца да се родат добри дела!  

Христос се Роди!

#vecniotbog #bozik #божик",Badnikovi Povorki,2023-01-05 06:26:28+00:00,2023,147320,1496,0,16,колективна меморија,колективна меморија,mk,https://www.youtube.com/watch?v=wSg11DyfJTw
PHMQ4lN4Y7g,Од Извештајот за Македонија се вадат македонски јазик и идентитет,,Телма ТВ / Telma TV,2025-07-03 14:31:01+00:00,2025,3542,26,0,16,македонски идентитет,македонски идентитет,mk,https://www.youtube.com/watch?v=PHMQ4lN4Y7g
BRJ_wTcJxF4,Гореше знамето на ЕУ: Тврдокорните против „албанизација“ на Македонија,"Follow TV21 on...
• Web: https://tv21.mk & https://tv21.tv
• FB: https://smarturl.it/TV21Fb
• IG: https://smarturl.it/TV21IG
• Tw: https://smarturl.it/tv21Tw
• Телефон: 02/313-5630

© & ℗ TV21 & IN Media. All Rights Reserved",TV21,2018-01-21 20:04:09+00:00,2018,3479,17,0,16,НАТО ЕУ Македонија протест,НАТО ЕУ Македонија протест,mk,https://www.youtube.com/watch?v=BRJ_wTcJxF4
ZXt9LuW_KN0,Заев:Бугарија го прекрши Договорот за добрососедство,"Не е европски да му ја пишувате историјата на друг народ.. Ветото на Бугарија е неодговорна грешка, вели премиерот Заев во видео обраќање до нацијата по повод бугарската блокада..  
Follow Kanal5 on...
• FB: https://smarturl.it/fb5
• IG: https://smarturl.it/Ig5
• Web: https://kanal5.com.mk/

© & ℗ Kanal5 & IN Media. All Rights Reserved",Канал 5 Телевизија,2020-12-09 16:47:31+00:00,2020,3339,15,0,16,бугарско вето Македонија,бугарско вето Македонија,mk,https://www.youtube.com/watch?v=ZXt9LuW_KN0
2mJBxZ4DFxQ,Лавина реакции по објавувањето на францускиот предлог за решение на проблемот со Бугарија,"За поранешниот министер за надворешени работи Никола Димитров тој преставува вистински дебакла за македонската дипломатија, а ваквиот предлог наместо да нѐ доближи, ќе не оддалечи од ЕУ. 

Follow Kanal5 on...
• FB: https://smarturl.it/fb5
• IG: https://smarturl.it/Ig5
• Web: https://kanal5.com.mk/

© & ℗ Kanal5 & IN Media. All Rights Reserved",Канал 5 Телевизија,2022-06-18 13:11:00+00:00,2022,2801,11,0,16,француски предлог Македонија,француски предлог Македонија,mk,https://www.youtube.com/watch?v=2mJBxZ4DFxQ
C9aOLyFe2T4,Кочани е во колективна траума и по 50 дена од трагедијата во дискотеката „Пулс“,,Телма ТВ / Telma TV,2025-05-04 13:57:51+00:00,2025,2018,8,0,16,колективна траума,колективна траума,mk,https://www.youtube.com/watch?v=C9aOLyFe2T4
bOfdwsy2mEU,Македонија ѝ кажа „не“ на ЕУ,,Телма ТВ / Telma TV,2022-06-23 14:59:34+00:00,2022,1676,22,0,16,интеграција во ЕУ Македонија,интеграција во ЕУ Македонија,mk,https://www.youtube.com/watch?v=bOfdwsy2mEU
XxLaGVRZ94Y,Бугарска пропаганда во Македонија,,Република,2021-03-04 17:58:47+00:00,2021,1433,12,0,16,француски предлог Македонија,француски предлог Македонија,mk,https://www.youtube.com/watch?v=XxLaGVRZ94Y
kcdXZU6-h_Y,Дали Македонија е пред нова политичка криза?,"Follow Kanal5 on...
• FB: https://smarturl.it/fb5
• IG: https://smarturl.it/Ig5
• Web: https://kanal5.com.mk/

© & ℗ Kanal5 & IN Media. All Rights Reserved",Канал 5 Телевизија,2018-03-07 18:01:38+00:00,2018,1241,2,0,16,политичка криза; политичка криза Македонија,политичка криза Македонија,mk,https://www.youtube.com/watch?v=kcdXZU6-h_Y
lDJCdGE3dqY,Ципрас: Ајде да се обложиме дека договорот од Преспа ќе помине,"Follow Kanal5 on...
• FB: https://smarturl.it/fb5
• IG: https://smarturl.it/Ig5
• Web: https://kanal5.com.mk/

© & ℗ Kanal5 & IN Media. All Rights Reserved



Алексис Ципрас комотно го чека исходот во македонското Собрание и воедно  порачува - би се обложил дека Договорот од Преспа ќе помине во грчкиот парламент.",Канал 5 Телевизија,2018-11-09 13:35:55+00:00,2018,1144,3,0,16,Преспански договор; преспански договор,преспански договор,mk,https://www.youtube.com/watch?v=lDJCdGE3dqY
YbiYfZIFeO0,Во Бугарија без многу врева околу новиот француски предлог,"Целосно преокупирана со случајот со масовното протерување руски дипломати, тематата за новиот француски предлог во Бугарија минува без посериозни реакции.

Follow Kanal5 on...
• FB: https://smarturl.it/fb5
• IG: https://smarturl.it/Ig5
• Web: https://kanal5.com.mk/

© & ℗ Kanal5 & IN Media. All Rights Reserved",Канал 5 Телевизија,2022-07-01 13:00:26+00:00,2022,1134,5,0,16,француски предлог Македонија,француски предлог Македонија,mk,https://www.youtube.com/watch?v=YbiYfZIFeO0
fIeZvbQLQqs,"Двотретонско мнозинство за уставни измени или избори, што ќе повлечат условените оставки на ДУИ","Отстапка за успешни уставни измени, подготовки за предвремени избори или политички маневар – што ќе донесат понудените оставки од министрите на ДУИ.
Follow Kanal5 on...
• FB: https://smarturl.it/fb5
• IG: https://smarturl.it/Ig5
• Web: https://kanal5.com.mk/

© & ℗ Kanal5 & IN Media. All Rights Reserved",Канал 5 Телевизија,2023-07-31 12:47:57+00:00,2023,800,3,0,16,уставни измени Македонија,уставни измени Македонија,mk,https://www.youtube.com/watch?v=fIeZvbQLQqs
s0pkMpRbQp4,"Одговор на новинарско прашање на Марија Митева,24.02.2023","Одговор на новинарско прашање на Марија Митева,портпарол на ВМРО-ДПМНЕ, 24.02.2023


https://www.facebook.com/vmromakedonija",ВМРО - ДПМНЕ,2023-02-24 11:30:50+00:00,2023,608,24,0,16,довербата во институциите,довербата во институциите,mk,https://www.youtube.com/watch?v=s0pkMpRbQp4
hiDKMlIe4bc,Владата ќе го разгледува и ќе го декласифицира договорот со Грција,"Follow Kanal5 on...
• FB: https://smarturl.it/fb5
• IG: https://smarturl.it/Ig5
• Web: https://kanal5.com.mk/

© & ℗ Kanal5 & IN Media. All Rights Reserved



Почна владината седница, по која и официјално ќе биде декласифициран договорот со Грција.",Канал 5 Телевизија,2018-06-14 16:40:14+00:00,2018,503,3,0,16,Преспански договор; преспански договор,преспански договор,mk,https://www.youtube.com/watch?v=hiDKMlIe4bc
TXmyM3WwoFc,Психолог Зорица Николова  - „Јавна соба“ е слика на конзервативноста во општеството,"„Статистиката на Министерството за внатрешни работи не ги опфаќа сите форми на насилство. Оттаму каскаат веќе со точната статистика во врска со видовите насилства. Статистиката на невладиниот сектор е поразлична од онаа на МВР бидејќи луѓето не секогаш пријавуваат, имаме себеобвинување, сведоци сме на мал милион разговори каде се гледа дека секој еден човек во неговиот живот ќе биде подложен на ваков тип насилство“, изјави Николова.",Kanal 77,2021-01-30 13:25:59+00:00,2021,365,2,0,16,стрес во општеството,стрес во општеството,mk,https://www.youtube.com/watch?v=TXmyM3WwoFc
H0WzI4JzA80,Интервју со Тимоние: Ако пропаднат  изборите можна е политичка криза,"Препораката за почеток на преговори најверојатно ќе биде одложена за наесен.
Франција и натаму со резерви околу исполнетите. Законот за СЈО од круцијална важност и тоа како ќе протече изборниот  ден за избор на претседател се од суштинска важност. 
Интервју со амбасадорот на Франција Кристијан Тимоние.",Televizija 24,2019-04-18 17:53:17+00:00,2019,301,1,0,16,политичка криза,политичка криза,mk,https://www.youtube.com/watch?v=H0WzI4JzA80
xhPCQQs4p5A,"ЕУ интеграции: Македонија бара гаранции за уставни измени, еврокомесарката Кос бара реформи",,Televizija 24Vesti,2025-08-27 14:44:30+00:00,2025,291,1,0,16,уставни измени Македонија,уставни измени Македонија,mk,https://www.youtube.com/watch?v=xhPCQQs4p5A
jm_QAPezr5c,Самит ЕУ - Западен Балкан: Перформанс пред политичкиот врв,"Лидерите на ЕУ и лидерите од регионот на Западен Балкан беа дочекани со традиционално оро и денс перформанс од млади таленти за танцување во Тирана, Албанија каде се одржува Самитот Европска Унија (ЕУ) - Западен Балкан.

#news #tirana #summit #eu #balkan 

https://www.facebook.com/TRTBalkanMK
https://twitter.com/TRTBalkanMK
https://www.instagram.com/trtbalkanmk/
https://www.tiktok.com/@trtbalkanmk",TRT Balkan Macedonian,2022-12-06 13:38:00+00:00,2022,280,4,0,16,интеграција во ЕУ Македонија,интеграција во ЕУ Македонија,mk,https://www.youtube.com/watch?v=jm_QAPezr5c
A_LGR5uxzNc,Едштадлер од Виена: Австрија нема разбирање за бугарското вето за Македонија,,Televizija 24,2021-04-15 16:13:03+00:00,2021,223,1,0,16,бугарско вето Македонија,бугарско вето Македонија,mk,https://www.youtube.com/watch?v=A_LGR5uxzNc
WtTwdPUBuS4,Делегација од Гетеборг сподели искуства за справување со колективна траума по пожарот во Кочани,,Види Вака,2025-06-23 10:27:11+00:00,2025,193,1,0,16,колективна траума,колективна траума,mk,https://www.youtube.com/watch?v=WtTwdPUBuS4
YG3XcdQeVhY,"Три града од Истокот веќе имаат социјални згради, наскоро ќе биде завршена во Кочани","Три града од Истокот веќе имаат социјални згради, наскоро ќе биде завршена во Кочани",Телевизија M-Net HD,2023-04-03 13:21:24+00:00,2023,114,0,0,16,социјален стрес,социјален стрес,mk,https://www.youtube.com/watch?v=YG3XcdQeVhY
1QnKdPN4CP0,"Тема на денот: Што добива, а што губи Македонија со францускиот предлог?","Follow Sitel Televizija on...
• WEB: http://sitel.com.mk/
• FB: https://smarturl.it/sitelFB
• IG: https://smarturl.it/SitelInstagram
• Tw: https://smarturl.it/SitelTwitter

© & ℗ Sitel Televizija All Rights Reserved",Сител Телевизија,2022-07-02 18:25:29+00:00,2022,17575,122,263,15,француски предлог Македонија,француски предлог Македонија,mk,https://www.youtube.com/watch?v=1QnKdPN4CP0
CK8MA3OnX9U,🗣️ Николовски: Колоквијална употреба на името Македонија #политиканти,,politikanti,2024-04-30 11:16:11+00:00,2024,42291,416,29,15,името на Македонија,името на Македонија,mk,https://www.youtube.com/watch?v=CK8MA3OnX9U
c0Axfer7QC0,Анализа: Какви опции има Македонија на евроинтегративниот пат по се поизвесното вето од Бугарија,"Follow Sitel Televizija on...
• WEB: http://sitel.com.mk/
• FB: https://smarturl.it/sitelFB
• IG: https://smarturl.it/SitelInstagram
• Tw: https://smarturl.it/SitelTwitter

© & ℗ Sitel Televizija & IN Media. All Rights Reserved",Сител Телевизија,2020-12-06 20:38:30+00:00,2020,858,1,25,15,бугарско вето Македонија,бугарско вето Македонија,mk,https://www.youtube.com/watch?v=c0Axfer7QC0
yu7i_tI2gN4,Состанок на коалицискиот совет за бугарското вето за Македонија - што велат аналитичарите?,"Follow Sitel Televizija on...
• WEB: http://sitel.com.mk/
• FB: https://smarturl.it/sitelFB
• IG: https://smarturl.it/SitelInstagram
• Tw: https://smarturl.it/SitelTwitter

© & ℗ Sitel Televizija All Rights Reserved",Сител Телевизија,2022-05-27 19:07:47+00:00,2022,843,4,16,15,бугарско вето Македонија,бугарско вето Македонија,mk,https://www.youtube.com/watch?v=yu7i_tI2gN4
pmyVHqFlKyw,Анализа: Какви опции има Македонија на евроинтегративниот пат по се поизвесното вето од Бугарија,"Follow Sitel Televizija on...
• WEB: http://sitel.com.mk/
• FB: https://smarturl.it/sitelFB
• IG: https://smarturl.it/SitelInstagram
• Tw: https://smarturl.it/SitelTwitter

© & ℗ Sitel Televizija & IN Media. All Rights Reserved",Сител Телевизија,2020-12-06 20:26:48+00:00,2020,1086,9,15,15,бугарско вето Македонија,бугарско вето Македонија,mk,https://www.youtube.com/watch?v=pmyVHqFlKyw
8LElTnBX6aA,ВИДЕО - Прилеп против францускиот предлог - Повик: Нема да има други денови за спас на Македонија,,Info Kompas,2022-07-04 18:58:59+00:00,2022,2399,17,12,15,француски предлог Македонија,француски предлог Македонија,mk,https://www.youtube.com/watch?v=8LElTnBX6aA
npzxbI-fJi8,Илина Ведран - Соочување со стравот од непознатото,Што се случува кога треба да донесете одлука која може да ве одведе во сосема нов правец?,Ilina Vedran,2018-04-17 10:11:32+00:00,2018,1136,51,7,15,колективна траума,колективна траума,mk,https://www.youtube.com/watch?v=npzxbI-fJi8
ZpRSFEVrr98,ЕУ нема да се меша: Ниту анекс не е гаранција дека Македонија ќе се спаси од бугарска блокада,,AlfaTV News,2020-10-28 13:37:19+00:00,2020,626,1,7,15,политички настани Македонија,политички настани Македонија,mk,https://www.youtube.com/watch?v=ZpRSFEVrr98
-hf8VtgXYPo,Апасиев - како да се поништи преспански?,"Нека не ве лаже ДПМНЕ дека за поништување на преспанскиот договор се потребни 80 пратеници + бадентер. Тоа тие го велат бидејќи немаат политичка волја да го поништат тој договор. 
Професорот Димитар Апасиев ги објаснува сите начини на кои преспанскиот договор може да се поништи.

#ЛевицаВоПарламент
#Заокружи4",Црвена Младина,2020-06-27 11:09:05+00:00,2020,5258,99,6,15,Преспански договор; преспански договор,преспански договор,mk,https://www.youtube.com/watch?v=-hf8VtgXYPo
XS8MEfACVvA,Што ќе се промени кога ќе се промени името на Македонија! Секој Македонец да,,Macedonian Heritage,2018-12-18 14:41:40+00:00,2018,917,17,5,15,името на Македонија,името на Македонија,mk,https://www.youtube.com/watch?v=XS8MEfACVvA
ca7ykxHhlgs,"Експерти: ништо не е завршено, на Македонија можеби веќе и се подготвува нов погубен предлог",,AlfaTV News,2022-06-27 13:21:21+00:00,2022,254,0,5,15,француски предлог Македонија,француски предлог Македонија,mk,https://www.youtube.com/watch?v=ca7ykxHhlgs
2uCCinEg6uY,Политички притисок врз членови на Левица од страна на мафијашкиот режим на СДСМ и ДУИ,"„Притисоците и деградирањата на луѓето кои се поистоветуваат со Левица продолжуваат, како непрекинат притисок врз партијата за да се компромитираат нашите активности. 

Јавноста е запознаена со оперативната рамка на мафијашката-владејачка гарнитура, која постојано ги користи државните инструменти за саботажа на поединци, движења и партии - но, откако судбината на владејачката коалиција се стави под знак прашалник, мобилизирани се сите средства за нечесно останување на власт.

Имено, мајката на наша кандидатка за советничка во Град Скопје, која од 2001 година во Фондот за здравствено осигурување работи како деловен секретар со статус на јавен службеник, со последната наредба потпишана од двата директори на Фондот - СТЕВО КРСТЕВСКИ и ФАТОН АХМЕТИ таа се задолжува на работно место кое се предвидува за службеници со средно образование.

Со оваа наредба, таа се деградира - и тоа, бидејќи нејзината ќерка на Фејсбук споделила статус на претседателот на Левица - Димитар Апасиев.

СДСМ и Левица се влезени во обратнопропорционален политички однос и растот на Левица директно влијае на иднината на социјалдемократскиот сојуз - затоа, тие свесно водат немилосрдна битка која не бира средства, знаејќи дека исходот кој сите нас нѐ чека е конечна промена на рамнотежата во левиот политички блок.

Како работничка партија - Левица уште повеќе добива елан кога номинално левата СДСМ својот бес го истура токму по работничката класа - која непогрешно ќе покаже меѓусебна солидарност кон овие нечесни напади врз поединци.""

Прес-конференција на портпаролот на Левица, Амар Мециновиќ.",Левица Политичка Партија,2021-11-20 15:42:45+00:00,2021,1368,50,4,15,политички настани Македонија,политички настани Македонија,mk,https://www.youtube.com/watch?v=2uCCinEg6uY
OGjWH5DwuA0,Анализа - Каде се движи Македонија кон уставни измени или предвремени избори?,"Follow Sitel Televizija on...
• WEB: http://sitel.com.mk/
• FB: https://smarturl.it/sitelFB
• IG: https://smarturl.it/SitelInstagram
• Tw: https://smarturl.it/SitelTwitter

© & ℗ Sitel Televizija All Rights Reserved",Сител Телевизија,2023-06-01 19:21:20+00:00,2023,1316,3,3,15,уставни измени Македонија,уставни измени Македонија,mk,https://www.youtube.com/watch?v=OGjWH5DwuA0
aHRBjaUq_b8,"Заев ќе разговара со Мицотакис за Преспанскиот договор, НАТО, ЕУ и економската соработка","Web: http://sitel.com.mk/
Facebook: https://www.facebook.com/sitelvesti/
Twitter: https://twitter.com/SitelTV
Instagram: https://www.instagram.com/siteltelevision/

Copyright: OnAir Media Group; www.onair.mk",Сител Телевизија,2019-11-14 15:40:16+00:00,2019,996,5,2,15,НАТО ЕУ Македонија протест,НАТО ЕУ Македонија протест,mk,https://www.youtube.com/watch?v=aHRBjaUq_b8
JYsL6EhkHwg,"Glasanje za ustavni izmeni, Sobraniski Kanal 11 Januari 2019","Гласање за уставни измени 
Собрание на Република Македонија
Собраниски Канал
11 Јануари 2019
18h 14m 56s",Petar K,2019-01-23 15:14:51+00:00,2019,2981,6,1,15,уставни измени Македонија,уставни измени Македонија,mk,https://www.youtube.com/watch?v=JYsL6EhkHwg
Gro20J7FAA0,„Стрес и анксиозност низ корона пандемијата'' - Психотерапевт Хаџиванова од Неокортекс,"Психотерапевт Хаџиванова за Алфа Тв, говори за стресот и анксиозноста низ корона пандемијата и генералното нарушување на психичкото здравје, за белегот на новите генерации и децата, како и предизвиците при одлуките во однос на образованието.", Ивана Хаџиванова Неокортекс,2020-08-18 06:08:17+00:00,2020,1021,8,1,15,стрес во општеството,стрес во општеството,mk,https://www.youtube.com/watch?v=Gro20J7FAA0
i5mjAyfhG3A,"Македонија. Протест против промената на името, јуни 2018",,Македон Стојановски,2018-06-23 20:19:52+00:00,2018,927,20,1,15,името на Македонија,името на Македонија,mk,https://www.youtube.com/watch?v=i5mjAyfhG3A
aFC9iR4I3wk,Психотерапевт Хаџиванова за Булингот - Kако да препознаеме врсничко насилство и што да направиме,"Психолог, Психотерапевт Ивана Хаџиванова во разговор со Алфа ТВ, дава одговори за насилството и булингот меѓу децата и адолесцентите, причините и последиците од истиот, како и одговорноста кај родителите и образовен систем.", Ивана Хаџиванова Неокортекс,2020-02-26 09:28:11+00:00,2020,870,10,1,15,социјален стрес,социјален стрес,mk,https://www.youtube.com/watch?v=aFC9iR4I3wk
pxtMVLkPUnk,Грција бара да се користи името „Северна Македонија“ и од приватниците кои добиваат државни пари,,AlfaTV News,2019-02-21 16:06:31+00:00,2019,291,2,1,15,името на Македонија,името на Македонија,mk,https://www.youtube.com/watch?v=pxtMVLkPUnk
hSyzH1BOKzs,🟣 Која е Жаклина Филипова Свеќаровска - кандидатка за градоначалничка на Кочани од Левица?,"✊ Долгогодишна активистка и членка на Левица, препознатлива по својата борба против неправдите и корупцијата. Нејзината цел е јасна – да им го врати достоинството на граѓаните и да стави крај на урбанистичкиот хаос и партизацијата.

📍 Филипова Свеќаровска најавува решителна борба со урбаната мафија, изградба на меморијален центар „16 март“, решавање на прашањето со Касарната и подобрување на патната, водоводната и комуналната инфраструктура.

🤝 Посебен фокус ќе има на младите, земјоделците и малите бизниси, преку поддршка за стартапи, фонд за микрокредити и создавање услови за локален економски развој.

💜 „Сакам Кочани да стане град на ред, правда и еднакви можности за сите,“ порачува Свеќаровска, додавајќи дека борбата против корупцијата и враќањето на довербата во институциите ќе бидат темелите на нејзиното работење.

#КочаниСега  
#НародотСега  
#Заокружи6",Левица Политичка Партија,2025-10-10 08:00:50+00:00,2025,181,14,1,15,довербата во институциите,довербата во институциите,mk,https://www.youtube.com/watch?v=hSyzH1BOKzs
_77idUINyUg,МВР ги повикува граѓаните да подигнат потврди со името Република Северна Македонија 28 02 19,,No one's Phone,2019-02-28 16:30:04+00:00,2019,152,0,1,15,името на Македонија,името на Македонија,mk,https://www.youtube.com/watch?v=_77idUINyUg
xc-iPBaWw4A,Дезинформации - кога на лагата не и се куси нозете,"Колку често го слушате зборот „ДЕЗИНФОРМАЦИЈА“? Како одминува времето, сѐ почесто. Зошто? Затоа што дезинформациите стануваат сѐ поприсутни во нашето секојдневие, и тоа е многу опасно. Тие создаваат поделби и страв во општеството, креираат несигурност, ја зголемуваат поларизацијата, ги подгреваат етничките тензии, ги наведуваат граѓаните да носат одлуки коишто се спротивни на нивниот интерес, поттикнуваат омраза и ја поткопуваат довербата во институциите на системот. Нивната цел е да се лови во „матно“.

Институт за комуникациски студии

www.iks.edu.mk; www.respublica.edu.mk; www.reagiraj.mk; www.samoprasaj.mk;

info@iks.edu.mk",Институт за комуникациски студии | IKS_edu_mk,2024-06-03 08:34:54+00:00,2024,67,0,1,15,довербата во институциите; довербата во системот,довербата во системот,mk,https://www.youtube.com/watch?v=xc-iPBaWw4A
MGDGSN3ts2o,"Во Вин-Вин дебата со Аце Коцевски, Марјан Ѓорчев и Андреј Петров","Дваесет години од почетокот на фискалната децентрализација општините живеат во неодржлив фискален стрес, фрагментиран и непостојан систем на капитални трансфери, комплициран систем на ингеренции, хронична зависност од волјата на централната влада.

Што е “фабричка грешка” во моделот на локална самоуправа, како да стигнеме до одржлив систем кој ќе овозможи подобар развој на општините?

Во Вин-Вин со Оливера Трајковска дебата со поранешните градоначалници Аце Коцевски -Велес, Марјан Ѓорчев- Кисела Вода и Андреј Петров -Карпош.",Телма ТВ / Telma TV,2025-10-03 09:00:18+00:00,2025,4561,20,0,15,стрес во општеството,стрес во општеството,mk,https://www.youtube.com/watch?v=MGDGSN3ts2o
yp_AXkxxtFk,За подобра Македонија стана За обнова на Македонија - Мицкоски го смени името,"Web: http://sitel.com.mk/
Facebook: https://www.facebook.com/sitelvesti/
Twitter: https://twitter.com/SitelTV
Instagram: https://www.instagram.com/siteltelevision/

Copyright: OnAir Media Group; www.onair.mk",Сител Телевизија,2019-10-21 20:00:40+00:00,2019,3346,3,0,15,името на Македонија,името на Македонија,mk,https://www.youtube.com/watch?v=yp_AXkxxtFk
FrjJYg1mOOU,Османи екслузивно за Канал 5 од Истанбул: Предлогот на Макрон е конечен,"Попладнево од Владата објавија дека и официјално го добиле францускиот предлог за решение на спорот со Бугарија и кревање на ветото.
Follow Kanal5 on...
• FB: https://smarturl.it/fb5
• IG: https://smarturl.it/Ig5
• Web: https://kanal5.com.mk/

© & ℗ Kanal5 & IN Media. All Rights Reserved",Канал 5 Телевизија,2022-06-30 16:04:12+00:00,2022,2274,7,0,15,француски предлог Македонија,француски предлог Македонија,mk,https://www.youtube.com/watch?v=FrjJYg1mOOU
f-Ae7UtYRmM,Заев: Граѓаните не треба да знаат за какви уставни измени ќе гласаат на референдумот,"Зоран Заев, 15.09.2018

„Многу се логични самите уставни промени што ќе се случат. Верувам дека презентацијата ќе биде штом ќе бидат готови официјалните државни комисии кои што би работеле на уставните промени. Не може да се иницира правно формално ваква постапка заради тоа што тоа би значело прејудицирање на волјата на граѓаните. Јас сакав уште сега ако може да се презентираат, да видат граѓаните како тоа изгледа, но со сето тоа ќе се прави непријатно влијание врз граѓаните, а граѓаните треба навистина слободно да одлучат во овој период“

НЕПРИЈАТНО ВЛИЈАНИЕ ВРЗ ГРАЃАНИТЕ според Заев е да знаат за што ќе гласаат. СЛОБОДНО ГЛАСАЊЕ според Заев е да не знаат за какви Уставни измени ќе гласаат.",Media 17,2018-09-15 16:52:31+00:00,2018,1864,1,0,15,уставни измени Македонија,уставни измени Македонија,mk,https://www.youtube.com/watch?v=f-Ae7UtYRmM
ZqHNjY1b0tM,ПВРМ Зоран Заев - новинарски прашања (21.04.2018),"http://vlada.mk/
___

Влада на Република Македонија на социјалните мрежи:

Facebook: www.facebook.com/VladaMK
Twitter: www.twitter.com/VladaMK
Instagram: www.instagram.com/mkvlada
Flickr: www.flickr.com/vladamk",Влада на‎ Република Северна Македонија,2018-04-21 10:12:37+00:00,2018,1548,5,0,15,реформа на уставот Македонија,реформа на уставот Македонија,mk,https://www.youtube.com/watch?v=ZqHNjY1b0tM
8T1QXyZXoEI,"По бугарското вето, Македонија да настапи со нова стратегија, сметаат експертите",,Телма ТВ / Telma TV,2020-11-16 15:36:41+00:00,2020,1122,8,0,15,бугарско вето Македонија,бугарско вето Македонија,mk,https://www.youtube.com/watch?v=8T1QXyZXoEI
jLf_IKftP6k,ЈО поднесе 12 обвиненија за инцидентите пред Собранието за време на протестите во Скопје,"Обвинителството експресно ја заврши истрагата – за инцидентите во вторникот и средата во кои биле повредени 26 полицајци, од кои еден потешко, поднесе обвинија против 12 лица.
Follow Kanal5 on...
• FB: https://smarturl.it/fb5
• IG: https://smarturl.it/Ig5
• Web: https://kanal5.com.mk/

© & ℗ Kanal5 & IN Media. All Rights Reserved",Канал 5 Телевизија,2022-07-12 13:09:52+00:00,2022,875,6,0,15,НАТО ЕУ Македонија протест,НАТО ЕУ Македонија протест,mk,https://www.youtube.com/watch?v=jLf_IKftP6k
ESBS_xvxr-0,Грчките медиуми: „Нова Македонија„ е најприфатлив  предлог за спорот со името,"Follow Kanal5 on...
• FB: https://smarturl.it/fb5
• IG: https://smarturl.it/Ig5
• Web: https://kanal5.com.mk/

© & ℗ Kanal5 & IN Media. All Rights Reserved",Канал 5 Телевизија,2018-01-07 15:17:37+00:00,2018,533,0,0,15,името на Македонија,името на Македонија,mk,https://www.youtube.com/watch?v=ESBS_xvxr-0
jT_Vd3IF_-8,"Столтенберг: Нема план Б за Македонија, решавање на името, па НАТО",,Televizija 24,2018-01-18 19:02:31+00:00,2018,344,2,0,15,името на Македонија,името на Македонија,mk,https://www.youtube.com/watch?v=jT_Vd3IF_-8
jXZ8wPk9g4g,Заев: Македонија не е виновна за бугарското вето,,Телма ТВ / Telma TV,2020-12-14 15:50:10+00:00,2020,308,0,0,15,бугарско вето Македонија,бугарско вето Македонија,mk,https://www.youtube.com/watch?v=jXZ8wPk9g4g
Gqf0K3Y1gFA,"Преговорите за членство во ЕУ остануваат неизвесни, додека Бугарија e во политичка криза",,Телма ТВ / Telma TV,2021-08-26 14:01:12+00:00,2021,277,0,0,15,политичка криза,политичка криза,mk,https://www.youtube.com/watch?v=Gqf0K3Y1gFA
1CBEpl9OurQ,Заев-Јилдирим: Турција ја поддржува Македонија за НАТО,"Follow Kanal5 on...
• FB: https://smarturl.it/fb5
• IG: https://smarturl.it/Ig5
• Web: https://kanal5.com.mk/

© & ℗ Kanal5 & IN Media. All Rights Reserved",Канал 5 Телевизија,2018-02-12 14:05:05+00:00,2018,268,1,0,15,НАТО ЕУ Македонија протест,НАТО ЕУ Македонија протест,mk,https://www.youtube.com/watch?v=1CBEpl9OurQ
IDzKZ0vCbys,Здружението „Илинден“ од Тирана со медиумска кампања,"Follow Kanal5 on...
• FB: https://smarturl.it/fb5
• IG: https://smarturl.it/Ig5
• Web: https://kanal5.com.mk/

© & ℗ Kanal5 & IN Media. All Rights Reserved



Албанските власти признаваат постоење на македонско малцинство само во Мала Преспа, истакнува претседателот на здружението Илинден-Тирана, Никола Ѓурѓај, кој најавува кампања за зачувување на македонскиот национален идентитет во Албанија.",Канал 5 Телевизија,2019-09-21 13:38:18+00:00,2019,250,3,0,15,национален идентитет,национален идентитет,mk,https://www.youtube.com/watch?v=IDzKZ0vCbys
J5BfdxkUU2A,ВМРО-ДПМНЕ: Правосудниот систем работи по системот Заев – живи луѓе ќе јадеме,"Follow Kanal5 on...
• FB: https://smarturl.it/fb5
• IG: https://smarturl.it/Ig5
• Web: https://kanal5.com.mk/

© & ℗ Kanal5 & IN Media. All Rights Reserved



За македонскиот судски систем, повеќе не важи максимата „Правдата е слепа“, туку во македонските судници под симболот на тасот, слободно се чита „Апсениот Заев рече живи луѓе ќе јадеме“.",Канал 5 Телевизија,2018-11-12 13:30:50+00:00,2018,138,2,0,15,довербата во системот,довербата во системот,mk,https://www.youtube.com/watch?v=J5BfdxkUU2A
P4wJXvs-Zjw,"(Косово)- КОВИД 19, политичка криза и конфликт САД-ЕУ","https://www.slobodenpecat.mk/
Следете нѐ на Facebook: www.facebook.com/slobodenpecat/
Следете нѐ на Instagram: www.instagram.com/slobodenpecat/
Следете нѐ на Twitter: https://twitter.com/sloboden_pecat/

#slobodenpecat #slobodnaTV",Слободен Печат ТВ / Sloboden Pecat TV,2020-03-27 10:12:28+00:00,2020,117,0,0,15,политичка криза,политичка криза,mk,https://www.youtube.com/watch?v=P4wJXvs-Zjw
8H1FbGsP4vY,"СКЕН: Попис на македонски начин, меѓу статистиката и политиката","Пописот на население и домаќинства наместо да е статистичка операција таа се политизира и се злоупотребува за политички цели и влошување на меѓуетничките односи. Во ова издание на политичкиот видео магазин - СКЕН се поместени најважните настани и ставови поврзани со темата: Попис 2021, односно вистинската потреба и начинот на спроведување на пописот, наспроти манипулациите и политичките злоупотреби.

Собранието со 62 гласа „за“, без „против“ и „воздржани“, го усвои Законот за попис на населението и домаќинствата на 21 јануари, според кој пописот ќе се одржи во април годинава. Расправата заврши на 15 јануари, кога немаше кворум за гласање. Пратениците на ВМРО-ДПМНЕ не беа во салата за гласањето и во моментов собираат потписи од граѓаните за поништување на овој закон.

Законот за попис ќе се спроведе од 1 до 21 април, ќе се врши на јазикот што ќе го избере лицето кое се попишува или лицето кое ги дава податоците. Исто така, законот предвидува и глоба во износ од 200 до 300 евра во денарска противвредност за прекршок на физичко лице ако одбие да ги даде податоците што се бараат од него за Пописот или ако даде неточни податоци.

Продукција: Цивил Медиа, февруари, 2021",Civil,2021-02-22 08:59:15+00:00,2021,98,1,0,15,политички настани Македонија,политички настани Македонија,mk,https://www.youtube.com/watch?v=8H1FbGsP4vY
GUCM75JeTwA,"Преглед за стресот од руските напади, открил рак кај бегалка од Украина","Преглед за стресот од руските напади, открил рак кај бегалка од Украина

Во американската сојузна држава Колорадо, лекарите ѝ помагаат на украинска бегалка на која ѝ била дијагностициран агресивен рак на дебелото црево. Свитлана Пристинска ја има приказна од градот Естес Парк на Карпестите планини.",Глас на Америка,2024-01-30 08:02:34+00:00,2024,88,0,0,15,стрес во општеството,стрес во општеството,mk,https://www.youtube.com/watch?v=GUCM75JeTwA
14eDp6Ourq4,Андоновиќ: Политичка криза во Црна гора - Ѓукановиќ ја загуби власта но ја има моќта,"Слободен печат - секогаш на страна на народот.
https://www.slobodenpecat.mk/

Претплатете се на нашиот Youtube канал   

Следете нѐ на Facebook: https://www.facebook.com/slobodenpecat
Следете нѐ на Instagram: https://www.instagram.com/slobodenpecat/
Следете нѐ на Twitter: https://twitter.com/sloboden_pecat/

#slobodenpecat #slobodnaTV
#slobodenpecat #slobodnaTV",Слободен Печат ТВ / Sloboden Pecat TV,2021-04-12 07:48:07+00:00,2021,86,0,0,15,политичка криза,политичка криза,mk,https://www.youtube.com/watch?v=14eDp6Ourq4
Kcn4MhraXbI,Андоновиќ: Aпсењето на Пучдемон почеток на нова политичка криза во Шпанија?,"Слободен печат - секогаш на страна на народот.
https://www.slobodenpecat.mk/

Претплатете се на нашиот Youtube канал   

Следете нѐ на Facebook: https://www.facebook.com/slobodenpecat
Следете нѐ на Instagram: https://www.instagram.com/slobodenpecat/
Следете нѐ на Twitter: https://twitter.com/sloboden_pecat/

#slobodenpecat #slobodnaTV
#slobodenpecat #slobodnaTV",Слободен Печат ТВ / Sloboden Pecat TV,2021-09-24 07:19:17+00:00,2021,83,0,0,15,политичка криза,политичка криза,mk,https://www.youtube.com/watch?v=Kcn4MhraXbI
bp64_NIo2SA,Психијатри предупредуваат: Стресот расте паралелно со изборите,"Американската асоцијација на психијатри вели дека како што се приближуваат изборите, нивото на стрес расте, без оглед на политичката припадност. Постојаниот проток на вести, стресните расправии и загриженоста за иднината на земјата, вршат притисок врз менталното здравје. Известува Максим Адамс. 
Гласот на Америка е најголемата американска меѓународна мултимедијална новинска организација, што нуди содржини на повеќе од 45 јазици за публика што нема, или има ограничен пристап до слободни информации. Уредничката независност на Гласот на Америка се гарантира со закони што ги штитат новинарите од влијание, притисок, или одмазда од владини претставници или политичари.
Сервисот на Гласот на Америка на македонски јазик објавува содржини во согласност со одредбите за точно, балансирано и сеопфатно новинарско известување. Нашиот тим создава авторски анализи, разговори, интервјуа за теми поврзани со демократските процеси, родовата еднаквост, животната средина, правосудството, борба против корупцијата, како и теми кои се од значење за целокупниот напредок на македонското општество, преку примери и искуства од американските демократски процеси и состојби.
Нашите содржини се целосно достапни на следните платформи:
WEB: https://mk.voanews.com/
Facebook: https://www.facebook.com/glasnaamerika
Instagram: https://www.instagram.com/glasnaamerika/
YouTube: https://www.youtube.com/user/voamacedonian
X: https://twitter.com/glasnaamerika",Глас на Америка,2024-10-20 07:03:43+00:00,2024,82,1,0,15,стрес во општеството,стрес во општеството,mk,https://www.youtube.com/watch?v=bp64_NIo2SA
k1EQJhCjyiw,Андоновиќ: Политичка криза во Црна Гора - Вицепремиерот го урива премиерот,"Слободен печат - секогаш на страна на народот.
https://www.slobodenpecat.mk/

Претплатете се на нашиот Youtube канал   

Следете нѐ на Facebook: https://www.facebook.com/slobodenpecat
Следете нѐ на Instagram: https://www.instagram.com/slobodenpecat/
Следете нѐ на Twitter: https://twitter.com/sloboden_pecat/

#slobodenpecat #slobodnaTV
#slobodenpecat #slobodnaTV",Слободен Печат ТВ / Sloboden Pecat TV,2022-02-04 09:25:15+00:00,2022,73,0,0,15,политичка криза,политичка криза,mk,https://www.youtube.com/watch?v=k1EQJhCjyiw
aSTTS1K3FKI,Три години членство во НАТО со заштитен македонски идентитет,"Прес-конференција, Мартин Костовски, пратеник на СДСМ",SDSMtube,2023-03-27 10:45:16+00:00,2023,59,2,0,15,македонски идентитет,македонски идентитет,mk,https://www.youtube.com/watch?v=aSTTS1K3FKI
RbVKqOS4Wuo,SONAX Течност за стакло со мирис на лимон #sonax #automobile #SONAXGlassCleaner,"SONAX Течност за Стакло со Мирис на Лимон
Совршено чисто ветробранско стакло со свеж мирис – цела сезона
Добрата видливост е една од најважните компоненти за безбедно возење. А кога на тоа ќе се додаде и пријатен, освежувачки мирис – возењето станува вистинско задоволство. Токму затоа SONAX, водечки германски бренд за авто-хемија, го претставува производот SONAX Течност за Стакло со Мирис на Лимон – ефикасно средство за перење на стакло, со формула која чисти и освежува истовремено.

Оваа течност е идеално решение за чистење на шофершајбната и системот за прскање, обезбедувајќи кристално јасна видливост и освежувачка арома на лимон при секое активирање.

Што претставува SONAX Течноста за Стакло?
SONAX Течноста за Стакло со Мирис на Лимон е готова за употреба, висококвалитетна течност за резервоарот на прскалките на автомобилот. Таа брзо и ефикасно ја отстранува:

Прашина и кал

Остатоци од инсекти

Птичји измет

Масни траги

Отпечатоци

Филм од издувни гасови

Дополнително, производот содржи анти-калциум формула, која спречува создавање на талог во системот и продолжува го животниот век на млазниците и гумените компоненти. Не содржи амонијак и не остава дамки на бојата или хромираните делови од возилото.

Клучни карактеристики
✅ Ефикасно чистење на стакло и огледала
✅ Пријатен мирис на лимон што освежува внатрешноста на автомобилот
✅ Безбедна формула – не оштетува боја, гума или пластика
✅ Готова за употреба – не треба да се разредува
✅ Совршена за летна сезона
✅ Не остава траги и не ја заматува шофершајбната
✅ Без амонијак – не иритира и не оштетува површини
✅ Се користи со сите типови млазници и перничиња за бришачи

За што се користи?
Оваа течност е дизајнирана за системите за чистење на шофершајбна (ветробранско стакло) кај сите типови возила:

Лесни и тешки автомобили

Комбиња и теренци

Мотори со прскалки за визири

Кампиони и индустриски возила

Автобуси

Благодарение на својата неутрална pH формула и прилагоден вискозитет, течноста не ги заглавува млазниците, дури и по подолго стоење.

Како се користи?
Отвори го капакот на резервоарот за течност за стакло

Истури ја течноста директно од канистерот

Не се потребни никакви разредувања

Провери дали резервоарот е полн до ознаката

Активирај го системот за чистење – ќе почувствуваш веднаш и чисто стакло и пријатен лимон мирис

Зошто да го избереш токму SONAX?
🟢 Германски квалитет и прецизност – SONAX производите се развиваат и произведуваат под највисоки стандарди.
🟢 Формулација без амонијак – без непријатен мирис или штетни испарувања.
🟢 Оптимален мирис – арома која се чувствува, но не е нападна.
🟢 Брзо сушење и без мрсни остатоци – не ја заматува површината.
🟢 Безбедна за бришачи и сензори – нема оштетување на гумите или електрониката.
🟢 Совршен баланс помеѓу цена и ефикасност – 5L се доволни за повеќекратна употреба.

Економичност и пакување
SONAX Течноста доаѓа во практично пакување од 5 литри, што ја прави одлична за:
Професионални автомивки
Возачи со голем обем на дневно возење
Комерцијални возни паркови
Такси и логистички компании
Со ова пакување може да се наполни резервоар за чистење на стакло 4–6 пати, зависно од капацитетот на возилото.

Кога е најдобро да се користи?
Иако производот е најпогоден за летна сезона, може да се користи цела година во услови без мраз. Особено е корисен:
Во топли и суви услови со многу прашина
По долги патувања
При возење во градска средина со издувни гасови
За чистење после дожд кога остава трагиБезбедносни напомени
❗ Чувај го производот на ладно и темно место
❗ Држи го подалеку од дофат на деца
❗ Не го пие и не го користи за внатрешно чистење
❗ Во случај на контакт со очи – исплакни со вода
❗ Не користи под -5°C (не содржи зимски додатоци)

За кого е наменет?
🚗 Возачи кои патуваат често
🧼 Професионални автомивки и detailing центри
🏢 Фирми со службени возила
 Домаќинства со повеќе возила
👨‍🔧 Автосервиси и сервисни станици

SONAX – доверба што се гради со децении
Со повеќе од 70 години искуство, SONAX е бренд кој му веруваат милиони возачи ширум светот. Од формулации за motorsport до секојдневна авто нега – секој производ е докажан по својата ефикасност и сигурност. Оваа течност не е исклучок – чисти, штити и освежува со секоја капка.

#SONAX #SONAXMacedonia #SONAXLemon #SONAXGlassCleaner #SONAXCare #SONAXSummer #SONAXFresh #SONAXDetal #SONAXAuto #SONAXMK #LemonFresh #FreshDrive #MirisNaLimon #LimonAroma #LemonPower #CistVozduh #CistPogled #LetenMiris #OsvetuvackiMiris #AromaterapijaZaAvto #AvtoCistach #TocenoStaklo #CistoStaklo #AutoDetailing #AutoCare #CarLovers #CarCleaning #CarDetailingMK #AutoHigiena #Detajliranje #LetenCistach #SummerDrive #SunshineDrive #SummerCarCare #LetnaSezona #ToploVreme #AvtoPodgotovka #CistachZaLetnoVreme #BezNasekomi #BezTragovi #AutoVlog #CarTok #AutoReels #MKAuto #TikTokAuto #AutoPerfekcija #DetalnaNega #CistoEBitno #AvtoEstetika #CarContent",Sonax Macedonia,2025-07-31 09:35:38+00:00,2025,7,2,0,15,довербата во системот,довербата во системот,mk,https://www.youtube.com/watch?v=RbVKqOS4Wuo
95huIIO0fg8,"Историја на Северна Македонија?!- Комисијата одржа нов состанок, извештајот од претходниот се крие",,AlfaTV News,2023-02-23 14:36:27+00:00,2023,943,10,48,14,политички настани Македонија,политички настани Македонија,mk,https://www.youtube.com/watch?v=95huIIO0fg8
Z2B9JqJTtmw,"Трибина- ‘’Македонија: Името е Татковина, а Јазикот душа на Македонците’’.",,makedonija24,2018-12-18 15:27:00+00:00,2018,9207,185,36,14,името на Македонија,името на Македонија,mk,https://www.youtube.com/watch?v=Z2B9JqJTtmw
ltaJi7h5tRI,"24 анализа - Кои се патриоти, а кои се предавници?","Кои се патриоти, а кои се предавници? Дали Преспанскиот договор ја забетонира државноста или го загрози идентитетот?
Жестока дебата за сите горчливи прашања со Стојанче Ангелов и Александар Пандов.",Televizija 24,2019-03-15 02:06:54+00:00,2019,7236,14,31,14,довербата во институциите,довербата во институциите,mk,https://www.youtube.com/watch?v=ltaJi7h5tRI
Fi5V7FmaG3w,Македонија го одбележува Денот на победата над фашизмот,"Follow Sitel Televizija on...
• WEB: http://sitel.com.mk/
• FB: https://smarturl.it/sitelFB
• IG: https://smarturl.it/SitelInstagram
• Tw: https://smarturl.it/SitelTwitter

© & ℗ Sitel Televizija All Rights Reserved",Сител Телевизија,2022-05-09 10:29:46+00:00,2022,578,6,20,14,реформа на уставот Македонија,реформа на уставот Македонија,mk,https://www.youtube.com/watch?v=Fi5V7FmaG3w
aEeZBmOE3cc,Кандидатот за премиер на Бугарија најавува нова политика кон Македонија,"Follow Sitel Televizija on...
• WEB: http://sitel.com.mk/
• FB: https://smarturl.it/sitelFB
• IG: https://smarturl.it/SitelInstagram
• Tw: https://smarturl.it/SitelTwitter

© & ℗ Sitel Televizija All Rights Reserved",Сител Телевизија,2021-07-31 14:14:50+00:00,2021,1132,7,16,14,бугарско вето Македонија,бугарско вето Македонија,mk,https://www.youtube.com/watch?v=aEeZBmOE3cc
H9G7hiYzy6M,"Захариева: Ако Македонија ги признае бугарските корени, нема да има вето",,AlfaTV News,2020-10-31 15:27:30+00:00,2020,620,7,13,14,бугарско вето Македонија,бугарско вето Македонија,mk,https://www.youtube.com/watch?v=H9G7hiYzy6M
KG3SG0HM3A8,"Еди Рама сега ја боцна Бугарија: Поздрав од Источна Македонија, Макрон слатко се насмеа",,AlfaTV News,2022-06-23 14:59:19+00:00,2022,4062,18,11,14,француски предлог Македонија,француски предлог Македонија,mk,https://www.youtube.com/watch?v=KG3SG0HM3A8
S39QxMmFw1o,Филип Петровски во #ТешкиМуабети: Кој нѐ спречува утре да имаме градоначалник на Лерин Македонец?,Филип Петровски во #ТешкиМуабети: Кој нѐ спречува утре да имаме градоначалник на Лерин Македонец?,Инфомакс,2023-05-23 17:00:15+00:00,2023,16573,282,10,14,довербата во системот,довербата во системот,mk,https://www.youtube.com/watch?v=S39QxMmFw1o
orGQIi5yfLI,Македонија прв пат на НАТО самит како полноправна членка - Што ќе донесе средбата Заев-Радев?,"Follow Sitel Televizija on...
• WEB: http://sitel.com.mk/
• FB: https://smarturl.it/sitelFB
• IG: https://smarturl.it/SitelInstagram
• Tw: https://smarturl.it/SitelTwitter

© & ℗ Sitel Televizija All Rights Reserved",Сител Телевизија,2021-06-14 14:39:53+00:00,2021,625,3,7,14,НАТО ЕУ Македонија протест,НАТО ЕУ Македонија протест,mk,https://www.youtube.com/watch?v=orGQIi5yfLI
kqT9teiqyPc,Заев: Постигнавме достоинствено решение за името – Република Северна Македонија,,MAKFAX,2018-06-12 19:45:35+00:00,2018,752,9,6,14,името на Македонија,името на Македонија,mk,https://www.youtube.com/watch?v=kqT9teiqyPc
NXCb9WTkkVg,"Предлогот ги крена на нозе и Македонија и Бугарија, опозицијата тврди дека е лош","Follow TV21 on...
• Web: https://tv21.mk & https://tv21.tv
• FB: https://smarturl.it/TV21Fb
• IG: https://smarturl.it/TV21IG
• Tw: https://smarturl.it/tv21Tw
• Телефон: 02/313-5630

© & ℗ TV21 & IN Media. All Rights Reserved",TV21,2022-06-17 18:38:55+00:00,2022,886,2,5,14,француски предлог Македонија,француски предлог Македонија,mk,https://www.youtube.com/watch?v=NXCb9WTkkVg
FFTCNm8z11s,Уставни измени или избори - на потег е ВМРО-ДПМНЕ,"Follow Kanal5 on...
• FB: https://smarturl.it/fb5
• IG: https://smarturl.it/Ig5
• Web: https://kanal5.com.mk/

© & ℗ Kanal5 & IN Media. All Rights Reserved



Почна да тече рокот што власта си го зададе за расчистување на дилемата, дали ќе се обезбеди 2/3 мнозинство за продолжување на договорот со Грција, или ќе се оди на брзи превремени избори.",Канал 5 Телевизија,2018-10-02 15:09:04+00:00,2018,1941,5,4,14,уставни измени Македонија,уставни измени Македонија,mk,https://www.youtube.com/watch?v=FFTCNm8z11s
mcyHJwfVjL8,Меркел: Европскиот совет ќе се наврати на прашањето за Македонија следната година9,,Televizija 24,2019-10-18 15:17:01+00:00,2019,620,1,4,14,реформа на уставот Македонија,реформа на уставот Македонија,mk,https://www.youtube.com/watch?v=mcyHJwfVjL8
xXzVD4gmnBg,Протести за зачувување на уставното име на Македонија,,Televizija 24,2018-03-04 16:05:42+00:00,2018,1102,6,2,14,НАТО ЕУ Македонија протест,НАТО ЕУ Македонија протест,mk,https://www.youtube.com/watch?v=xXzVD4gmnBg
OYI8_6t7tJQ,Македонскиот идентитет - главна тема во расправата за Договорот од Преспа во грчкиот парламент,"Web: http://sitel.com.mk/
Facebook: https://www.facebook.com/tvsitel.mk/
Twitter: https://twitter.com/SitelTV
Instagram: https://www.instagram.com/siteltelevision/

Copyright: OnAir Media Group; www.onair.mk",Сител Телевизија,2019-01-22 15:17:55+00:00,2019,775,0,2,14,македонски идентитет,македонски идентитет,mk,https://www.youtube.com/watch?v=OYI8_6t7tJQ
JioHhGkGQAQ,Дали Димитар Ковачевски му фрли ракавица и отровна стрела на неговиот ментор Зоран Заев?!,"Претседателот Стево Пендаровски денеска му го врачи мандатот за состав на Влада на новиот лидер на СДСМ Димитар Ковачевски. Дали Димитар Ковачевски со изјавата „Моја лична заложба е да ја вратиме довербата на граѓаните во политиката и институциите“ му фрли ракавица и отровна стрела на неговиот претходник Зоран Заев?!

Dali Dimitar Kovačevski mu frli rakavica i otrovna strela na negoviot mentor Zoran Zaev?! 

Pretsedatelot Stevo Pendarovski deneska mu go vrači mandatot za sostav na Vlada na noviot lider na SDSM Dimitar Kovačevski. Dali Dimitar Kovačevski so izjavata „Moja lična založba e da ja vratime doverbata na graǵanite vo politikata i instituciite“ mu frli rakavica i otrovna strela na negoviot prethodnik Zoran Zaev?!",From Macedonia with love,2021-12-29 15:00:54+00:00,2021,61,2,2,14,довербата во институциите,довербата во институциите,mk,https://www.youtube.com/watch?v=JioHhGkGQAQ
yVgXj2pXg1Y,"Иронија: ти сам да си го промениш идентитетот, а да велиш дека ќе заштитиш идентитет на цел народ","Иронија: ти сам да си го промениш идентитетот, а да велиш дека ќе заштитиш идентитет на цел народ",Инфомакс,2025-10-06 15:28:52+00:00,2025,3529,98,1,14,македонски идентитет,македонски идентитет,mk,https://www.youtube.com/watch?v=yVgXj2pXg1Y
Lw8Z14g2Hac,Само дете,"Децата кои ќе се најдат во контакт со правосудниот систем – како жртви, сведоци или затоа што го прекршиле законот - преживуваат психолошка траума.  

Начинот на кој системот и заедницата постапуваат со децата во судир со законот и со децата во ризик ќе го одреди патот на нивното закрепнување. Казнените мерки што се применуваат за да се поправи однесувањето на детето може врз него да остават доживотни последици. 

Детето во контакт со законот е САМО ДЕТЕ на кое му се потребни поддршка и грижа.

#ЗаСекоеДетеПравда",UNICEFMK,2022-10-19 11:55:54+00:00,2022,843,6,1,14,траума во заедницата,траума во заедницата,mk,https://www.youtube.com/watch?v=Lw8Z14g2Hac
7w6n3JMwfFw,Радев: Не се согласувам со името Северна Македонија,,Televizija 24,2018-12-23 13:04:00+00:00,2018,555,8,1,14,името на Македонија,името на Македонија,mk,https://www.youtube.com/watch?v=7w6n3JMwfFw
CwJL7QOopNI,Маневски: Идентитет „а ла Штип“,"„Во однос на идентитетот, се наоѓаме во состојба како Евреите пред Христос. Постојано чекаме некој Месија, да ни се јави лидер на партија кој ќе ни го покаже патот, влада која ќе ни отвори работни места, Европа која ќе ни донесе куп пари, а ние нема да работиме...“, изјави новинарот Војо Маневски од Штип, на панел дискусијата „Градење на идентитетот, или...“, во организација на ЦИВИЛ – Центар за слобода.",Civil,2018-11-29 10:10:22+00:00,2018,498,8,1,14,национален идентитет,национален идентитет,mk,https://www.youtube.com/watch?v=CwJL7QOopNI
-AyfK4WcdyQ,Силјановска: Ќе инсистирам на почитување на Уставот,"Follow Kanal5 on...
• FB: https://smarturl.it/fb5
• IG: https://smarturl.it/Ig5
• Web: https://kanal5.com.mk/

© & ℗ Kanal5 & IN Media. All Rights Reserved



Секогаш ќе инсистирам да се почитува Уставот.",Канал 5 Телевизија,2019-04-08 20:41:54+00:00,2019,235,5,1,14,реформа на уставот Македонија,реформа на уставот Македонија,mk,https://www.youtube.com/watch?v=-AyfK4WcdyQ
GFwrfNxaSXw,Intervju za makedonskoto malcinstvo vo Albanija so Nikola Gjurgjaj,"Никола Ѓурѓај е Македонец роден во Албанија и претставник на организација што го застапува македонското малцинство во оваа земја. Тој е уредник на весникот „Илинден“. 

Никола дава осврт на актуелен проблем што ги засега македонците, не само во Албанија. 

Во изминатите неколку години Бугарија прави засилени напори да создаде бугарско малцинство во Албанија. Од минатата година, Албанија за прв пат во својата историја внесе бугарско малцинство.

Годинава има најава дека Бугарија ќе се обиде Македонците во Бугарија да ги попише како Бугари на пописок што треба да се одржи во Октомври. 

Со оглед на предизвиците од негирањето на македонскиот етнички и национален идентитет од страна на Бугарија, оваа земја ќе се обидува преку мешање во внатрешните работи на Албанија да ги асимилира македонците таму преку разни механизми. 

Весникот Илинден своевремено излегуваше во печатена форма. Денес весникот може да се следи на интернет на следниот линк: https://vesnik-ilinden.com/",Macedonia Talks,2022-08-25 23:07:01+00:00,2022,176,8,1,14,национален идентитет,национален идентитет,mk,https://www.youtube.com/watch?v=GFwrfNxaSXw
Nyi_i4xePQY,Зошто на Ристо Никовски му пречи името Северна но не му пречеше Вардарска Македонија?,"Follow Kanal5 on...
• FB: https://smarturl.it/fb5
• IG: https://smarturl.it/Ig5
• ТТ: https://tinyurl.com/59kck7ap
• Web: https://kanal5.com.mk/

© & ℗ Kanal5 & IN Media. All Rights Reserved",Канал 5 Телевизија,2025-07-01 13:22:36+00:00,2025,18274,96,0,14,името на Македонија,името на Македонија,mk,https://www.youtube.com/watch?v=Nyi_i4xePQY
49Ahwxu8EBE,Меркел: Името Северна Македонија е јасно,,Телма ТВ / Telma TV,2019-01-10 20:18:17+00:00,2019,2868,10,0,14,името на Македонија,името на Македонија,mk,https://www.youtube.com/watch?v=49Ahwxu8EBE
XY6U6TLJs-8,ЗАЕВ СЕ ОГЛАСИ ЗА ИМЕТО НА МАКЕДОНИЈА,,Ana Nickson,2018-07-21 13:09:58+00:00,2018,2408,3,0,14,името на Македонија,името на Македонија,mk,https://www.youtube.com/watch?v=XY6U6TLJs-8
aV11RiD3-ls,"Уставни измени или предвремени избори, што може да се очекува во 2023.","Ќе успее ли власта да обезбеди двотретинско мнозинство за уставните измени и колку се веројатни шансите за предвремени избори..
Follow Kanal5 on...
• FB: https://smarturl.it/fb5
• IG: https://smarturl.it/Ig5
• Web: https://kanal5.com.mk/

© & ℗ Kanal5 & IN Media. All Rights Reserved",Канал 5 Телевизија,2023-01-02 14:25:01+00:00,2023,1750,1,0,14,уставни измени Македонија,уставни измени Македонија,mk,https://www.youtube.com/watch?v=aV11RiD3-ls
WsL71uZTc8Q,Орданоски:  По референдумот нова политичка криза,"Сашо Орданоски, политички аналитичар и член на Експртскиот борд на ЦИВИЛ, учествуваше во панел дискусија што  ЦИВИЛ ја организираше веднаш по завршување на референдумот. 

Камера: Атанас Петровски
Монтажа: Биљана Јордановска

www.civilmedia.mk
www.civil.org.mk
www.drejt.mk",Civil,2018-10-04 13:36:29+00:00,2018,1630,5,0,14,политичка криза,политичка криза,mk,https://www.youtube.com/watch?v=WsL71uZTc8Q
U79Qs-BdkaE,Д-р Даниловски: Скандалот „Онкологија“ е последна капка што ја прели чашата за довербата,"Скандалот „Онкологија“ е последна капка што ја прели чашата за довербата во здравствениот систем што одамна се поткопува, смета Проф. Д-р Драган Даниловски.
Follow Kanal5 on...
• FB: https://smarturl.it/fb5
• IG: https://smarturl.it/Ig5
• Web: https://kanal5.com.mk/

© & ℗ Kanal5 & IN Media. All Rights Reserved",Канал 5 Телевизија,2023-09-10 13:25:14+00:00,2023,1629,10,0,14,довербата во системот,довербата во системот,mk,https://www.youtube.com/watch?v=U79Qs-BdkaE
OnXeVabwAJA,"Собраниската седница за уставни измени на „пауза“, двотрениското мнозинство (не)возможна мисија","Собраниската седница за уставните измени на пауза.. Кога ќе продолжи останува крајно неизвесно.. 
Follow Kanal5 on...
• FB: https://smarturl.it/fb5
• IG: https://smarturl.it/Ig5
• Web: https://kanal5.com.mk/

© & ℗ Kanal5 & IN Media. All Rights Reserved",Канал 5 Телевизија,2023-08-19 13:00:31+00:00,2023,1187,9,0,14,уставни измени Македонија,уставни измени Македонија,mk,https://www.youtube.com/watch?v=OnXeVabwAJA
oxIbwALJ7yo,Анализа: Можна ли е нова политичка криза без договор за избори,"Web: http://sitel.com.mk/
Facebook: https://www.facebook.com/sitelvesti/
Twitter: https://twitter.com/SitelTV
Instagram: https://www.instagram.com/siteltelevision/

Copyright: OnAir Media Group; www.onair.mk",Сител Телевизија,2020-05-19 10:52:04+00:00,2020,866,2,0,14,политичка криза,политичка криза,mk,https://www.youtube.com/watch?v=oxIbwALJ7yo
zECH8cqCs1Y,Бугарија не е подготвена да ја одобри преговарачката рамка за Македонија,,Телма ТВ / Telma TV,2020-11-03 15:27:41+00:00,2020,775,9,0,14,бугарско вето Македонија,бугарско вето Македонија,mk,https://www.youtube.com/watch?v=zECH8cqCs1Y
j5JVQWC2gGQ,Европската Унија ги најави првите дози од помошта за Македонија на почетокот од мај,"Follow Sitel Televizija on...
• WEB: http://sitel.com.mk/
• FB: https://smarturl.it/sitelFB
• IG: https://smarturl.it/SitelInstagram
• Tw: https://smarturl.it/SitelTwitter

© & ℗ Sitel Televizija & IN Media. All Rights Reserved",Сител Телевизија,2021-04-20 14:14:39+00:00,2021,353,3,0,14,НАТО ЕУ Македонија протест,НАТО ЕУ Македонија протест,mk,https://www.youtube.com/watch?v=j5JVQWC2gGQ
R_jHctgxyog,Османи-Џачка: 2021 е надеж за европската интеграција на Македонија и Албанија,"Follow Sitel Televizija on...
• WEB: http://sitel.com.mk/
• FB: https://smarturl.it/sitelFB
• IG: https://smarturl.it/SitelInstagram
• Tw: https://smarturl.it/SitelTwitter

© & ℗ Sitel Televizija & IN Media. All Rights Reserved",Сител Телевизија,2021-02-05 11:09:42+00:00,2021,232,1,0,14,интеграција во ЕУ Македонија,интеграција во ЕУ Македонија,mk,https://www.youtube.com/watch?v=R_jHctgxyog
Bbi6fhMcGME,Дали неуспешни претседателски избори водат кон политичка криза,,Prvatv,2019-04-16 13:23:12+00:00,2019,190,1,0,14,политичка криза,политичка криза,mk,https://www.youtube.com/watch?v=Bbi6fhMcGME
iuLMt3Vlr28,Најмалку 207 загинати во Велигденскиот масакр на Шри Ланка,"Follow Kanal5 on...
• FB: https://smarturl.it/fb5
• IG: https://smarturl.it/Ig5
• Web: https://kanal5.com.mk/

© & ℗ Kanal5 & IN Media. All Rights Reserved



207 лица загинаа, а над 450 се повредени во бомбашкиот масакр во Шри Ланка.",Канал 5 Телевизија,2019-04-21 16:37:59+00:00,2019,142,0,0,14,колективна тага,колективна тага,mk,https://www.youtube.com/watch?v=iuLMt3Vlr28
DMZmEdg4AGk,"Арсовски: Наместо постапки што водат кон ЕУ, ние се оддалечивме од ЕУ","Слободен печат - секогаш на страна на народот.
https://www.slobodenpecat.mk/

Претплатете се на нашиот Youtube канал   

Следете нѐ на Facebook: https://www.facebook.com/slobodenpecat
Следете нѐ на Instagram: https://www.instagram.com/slobodenpecat/
Следете нѐ на Twitter: https://twitter.com/sloboden_pecat/

#slobodenpecat #slobodnaTV
#slobodenpecat #slobodnaTV",Слободен Печат ТВ / Sloboden Pecat TV,2021-12-27 10:22:07+00:00,2021,130,0,0,14,довербата во системот,довербата во системот,mk,https://www.youtube.com/watch?v=DMZmEdg4AGk
2mWylmKuuX0,Ковачевски: Уставни измени по македонски модел за европска иднина!,"Одговор на новинарско прашање, Димитар Ковачевски, премиер и претседател на СДСМ",SDSMtube,2023-04-05 11:35:57+00:00,2023,93,5,0,14,уставни измени Македонија,уставни измени Македонија,mk,https://www.youtube.com/watch?v=2mWylmKuuX0
ttsLIPx6-Nw,Патријархот Неофит: Кога  ќе се реши конечно за името на Македонија...,,tatkovina info,2019-01-21 09:17:31+00:00,2019,79,0,0,14,името на Македонија,името на Македонија,mk,https://www.youtube.com/watch?v=ttsLIPx6-Nw
rQUDS1QaqMU,"Сарацин, уставните измени предуслов за ЕУ – „Со овој процес не се загрозува македонскиот идентитет“","Follow TV21 on...
• Web: https://tv21.mk & https://tv21.tv
• FB: https://smarturl.it/TV21Fb
• IG: https://smarturl.it/TV21IG
• Tw: https://smarturl.it/tv21Tw
• Телефон: 02/313-5630

© & ℗ TV21 & IN Media. All Rights Reserved",TV21,2023-05-19 16:55:48+00:00,2023,74,0,0,14,интеграција во ЕУ Македонија,интеграција во ЕУ Македонија,mk,https://www.youtube.com/watch?v=rQUDS1QaqMU
Et8-zcdx3xs,Картите и симболите во учебниците за основно први за адаптација на Македонско грчката комисија,"Follow Kanal5 on...
• FB: https://smarturl.it/fb5
• IG: https://smarturl.it/Ig5
• Web: https://kanal5.com.mk/

© & ℗ Kanal5 & IN Media. All Rights Reserved



Картите и симболите во учебниците по Историја и Географија за основците, ќе бидат првото нешто што ќе се адаптира на мартовската средба во Дојран на мешовитиот интердисциплинарен Македонско- Грчки комитет.",Канал 5 Телевизија,2019-02-27 13:42:51+00:00,2019,71,0,0,14,реформа на уставот Македонија,реформа на уставот Македонија,mk,https://www.youtube.com/watch?v=Et8-zcdx3xs
lsRoTTKe6UA,Промоција на проектот „Ја собираме пластиката од дома“ и неформалните собирачи на отпад,"Видео за промоција на системот за организирање на неформалните собирачи на отпад кои ќе ја собираат пластиката од домовите во населбата Лисиче

Здружението Гоу Грин и Ромски Бизнис Информативен Центар, со поддршка на Град Скопје и Општина Аеродром, го реализира проектот „Ја собираме пластиката од дома“ на територија на населбата Лисиче. Близу 400 домаќинства имаат склучено спогодба за соработка со Здруженијата со кој се поттикнуваат да ја селектираат пластиката и да ја предаваат на собирачи на отпад кои ќе имаат идентификација. 

Целта е да се зголеми довербата на граѓаните кон собирачите на отпад, кои се претежно Роми, и да се стимулира идејата за селектирање на отпадот во домаќинствата на граѓаните и јавноста. На оваа промотивна активност се најави денот (вторник) кој ќе биде ден за собирање на пластиката од страна на собирачите и воедно им се додели ХТЗ опремата за работа која е соодветна за овој тип дејност. 

Со намалување на отпадот кој завршува на депониите и со вклучување на неформалните собирачи во системот, се намалува аерозагадувањето и животната средина, воедно се обезбедува и економска и социјална вклученост на Ромите.  

In the settlement Lisice, a public event was held marking the beginning of the collection of plastics from the households by the informal waste collectors. Go Green and ""Roma Business Information Center"", together with the City of Skopje and the Municipality of Aerodrom, supplied the collectors with plastic bags and identification cards so they can be recognized as official workers during future operations.
During the first trial of this project, 10 informal waste collectors visited the Lisice neighbourhood. Together with the staff of GoGreen, some short visits were made to some of the households to discuss selective waste collection, and inform them about the nature of the project.

Следете нè на социјалните мрежи/Follow us on social media:
Facebook: https://www.fb.com/gogreenbidizelen/
Instagram: https://www.instagr.am/cvetko.gogreen/
Twitter: https://www.twitter/ggbidizelen/

Контактирајте нè/Contact us:
Mail: info@bidizelen.org
Web: https://www.bidizelen.org/",Go Green - North Macedonia,2018-09-25 11:38:46+00:00,2018,60,1,0,14,довербата во системот,довербата во системот,mk,https://www.youtube.com/watch?v=lsRoTTKe6UA
P8lf_6edh6I,Граѓаните не пријавуваат корупција оти не им веруваат на институциите,"Корупцијата е зголемена во споредба со периодот пред 10 години, а граѓаните не ги пријавуваат случаите затоа што немаат довербата во институциите - oва се резултатите од истражувањето на тема корупција спроведено во пет општини во земјава, кои беа презентирани во Гостивар",KISS & Менада Телевизија,2021-02-03 09:56:51+00:00,2021,54,0,0,14,довербата во институциите,довербата во институциите,mk,https://www.youtube.com/watch?v=P8lf_6edh6I
rAWpaWNQcMw,"Одлуката е интеграција во ЕУ или изолација, пратениците на ВМРО-ДПМНЕ да го следат државниот интерес","Прес-конференција, Даниела Колева, пратеничка на СДСМ",SDSMtube,2023-06-06 11:23:13+00:00,2023,53,2,0,14,интеграција во ЕУ Македонија,интеграција во ЕУ Македонија,mk,https://www.youtube.com/watch?v=rAWpaWNQcMw
ziALlBvqz98,Дерала: Mораме многу да работиме на тоа како се разбира поимот мултикултурализам,"Претседателот на ЦИВИЛ, Џабир Дерала на средбата со градоначалникот на Општина Куманово, Максим Димитриевски, во рамки на проектот „Заедно за подобра иднина“, кој ЦИВИЛ го спроведува со поддршка од Министерството за надворешни работи и европски прашања на Големото Војводство Луксембург, нагласи дека темата за мултикултурализмот треба да биде активна бидејќи постојано се соочува со низа предизвици, и затоа, додава, „човек треба да се биде мудар, решителен и храбар да се справи со тие предизвици кои ќе донесат решенија кои ќе му дадат просперитет, стабилност и благосостојба на граѓанинот и граѓанката“.

„Ние задно со градоначалникот Димитров се договориме во почетокот на идната учебна година која ќе започне во септември да направиме ликовен конкурс за децата од основните училишта во Куманово кои ќе цртаат на теми кои се однесуваат на мултикултурализмот. Ќе учествуваме сами како организација, но исто така ќе ја повикаме и бизнис заедницата да учествува за да може да обезбедиме пристоен фонд за награди за децата кои ќе бидат победнички и победници на тој конкурс“, рече Дерала.

Тој додаде дека мора многу да работиме на тоа како се разбира поимот мултикултурализам, меѓутоа и како се спроведуваат активностите кои се однесуваат на сите тие деликатни области кои се дел од оваа голема светска тема.

„ЦИВИЛ како организација не само што промовира позитивни пораки, исто така будно внимава на сите тенденции кои одат спротивно на македонските национални интереси, а тоа е мултикултурно општество кое е евроатлантски ориентирано, а ги следиме и сите тие тенденции кои доаѓаат од внатре и однадвор и се обидуваат за ги загрозат македонските национални интереси. Сакаме да им укажеме на сите носители на одлуки и на национално и на локално ниво дека мултикултурализмот, добрите меѓуетнички односи се гаранција за просперитетот, за економскиот напредок на нашата земја, но исто така се гаранција за стабилноста и безбедноста на државата“, потенцира Дерала.

текст, камера и фото: Дехран Муратов
монтажа: Ариан Мехмети

#мултикултура
#ЗаедноЗаПодобраИднина

www.civilmedia.mk",Civil,2023-06-23 11:03:34+00:00,2023,48,2,0,14,траума во заедницата,траума во заедницата,mk,https://www.youtube.com/watch?v=ziALlBvqz98
v2-M82tRW0g,БАЛКАН БУГАРИЈА СОФИЈА НЕМА ДА СТАВИ ВЕТО НА МАКЕДОНИЈА,,Televizija Star,2023-01-27 13:34:37+00:00,2023,37,0,0,14,бугарско вето Македонија,бугарско вето Македонија,mk,https://www.youtube.com/watch?v=v2-M82tRW0g
PfMly58KllA,"Сефер Тахири: Медиумите на албански јазик: Уставните промени, неопходни за интеграција во ЕУ",,Slobodna Makedonija,2023-09-28 17:17:27+00:00,2023,18,0,0,14,интеграција во ЕУ Македонија,интеграција во ЕУ Македонија,mk,https://www.youtube.com/watch?v=PfMly58KllA
7oXTlvyg0qQ,Промена на името Македонија,,Македонски Концепт / Makedonski Koncept,2024-12-02 23:45:28+00:00,2024,17,0,0,14,името на Македонија,името на Македонија,mk,https://www.youtube.com/watch?v=7oXTlvyg0qQ
akOtKVlSzyM,Невкусна шега на Еди Рама: Македонија е идна „Западна Бугарија“,"Follow Sitel Televizija on...
• WEB: http://sitel.com.mk/
• FB: https://smarturl.it/sitelFB
• IG: https://smarturl.it/SitelInstagram
• Tw: https://smarturl.it/SitelTwitter

© & ℗ Sitel Televizija All Rights Reserved",Сител Телевизија,2022-06-11 14:53:03+00:00,2022,5669,30,115,13,бугарско вето Македонија,бугарско вето Македонија,mk,https://www.youtube.com/watch?v=akOtKVlSzyM
PnpfAxhhZ-g,Захариева: Бугарија нема начин да и каже да на Македонија,"Follow Sitel Televizija on...
• WEB: http://sitel.com.mk/
• FB: https://smarturl.it/sitelFB
• IG: https://smarturl.it/SitelInstagram
• Tw: https://smarturl.it/SitelTwitter

© & ℗ Sitel Televizija & IN Media. All Rights Reserved",Сител Телевизија,2020-11-05 11:18:56+00:00,2020,3578,33,88,13,бугарско вето Македонија,бугарско вето Македонија,mk,https://www.youtube.com/watch?v=PnpfAxhhZ-g
Zn9RAuznRlY,Анкета: Домашните предавници ја загрозуваат вечноста на Македонија,,MAKFAX,2018-03-04 15:23:45+00:00,2018,7329,69,56,13,политички настани Македонија,политички настани Македонија,mk,https://www.youtube.com/watch?v=Zn9RAuznRlY
OvxjHzaWgWM,"Захариева: Македонија треба да ја признае историјата, а Бугарија да ја признае новата реалност","Web: http://sitel.com.mk/
Facebook: https://www.facebook.com/sitelvesti/
Twitter: https://twitter.com/SitelTV
Instagram: https://www.instagram.com/siteltelevision/

Copyright: OnAir Media Group; www.onair.mk",Сител Телевизија,2020-05-03 12:18:24+00:00,2020,3070,22,48,13,бугарско вето Македонија,бугарско вето Македонија,mk,https://www.youtube.com/watch?v=OvxjHzaWgWM
IodnnMkdptg,Што бара Радев од Македонија да исполни за да Бугарија го подигне ветото?,"Follow Sitel Televizija on...
• WEB: http://sitel.com.mk/
• FB: https://smarturl.it/sitelFB
• IG: https://smarturl.it/SitelInstagram
• Tw: https://smarturl.it/SitelTwitter

© & ℗ Sitel Televizija All Rights Reserved",Сител Телевизија,2021-09-22 14:15:51+00:00,2021,967,6,35,13,бугарско вето Македонија,бугарско вето Македонија,mk,https://www.youtube.com/watch?v=IodnnMkdptg
Qy0ND05biHM,24 анализа - Каде оди ВМРО-ДПМНЕ?,"Каде оди ВМРО-ДПМНЕ, наместо кон 21ви, партијата со речникот се враќа во 19ти век. Патриоти, предавници, ножеви, пораките на Христијан Мицкоски идентични со говорите на Никола Груевски.  Дали бранот на исклучувања на највисоките партиски функционери треба да ја прочисти партијата или да го заштити тронот на лидерот?
Дебатираме со Александар Пандов и Ване Цветанов, политички аналитичари.",Televizija 24,2018-10-25 01:45:38+00:00,2018,11226,24,29,13,довербата во институциите,довербата во институциите,mk,https://www.youtube.com/watch?v=Qy0ND05biHM
5ay2LaahGUw,Република Илинденска Македонија е предлогот за името,,MAKFAX,2018-05-19 16:36:01+00:00,2018,1128,2,29,13,името на Македонија,името на Македонија,mk,https://www.youtube.com/watch?v=5ay2LaahGUw
r5T1AMBCwB0,Мицкоски од Брисел: Никој нема право да го оспорува македонскиот национален идентитет,,AlfaTV News,2024-12-18 19:03:21+00:00,2024,1498,20,24,13,национален идентитет,национален идентитет,mk,https://www.youtube.com/watch?v=r5T1AMBCwB0
ToIU9NP-wcg,„Старлетата“ Пендиков на БТВ ја престави Македонија како „поле за стрелање бугари“,,AlfaTV News,2023-02-15 14:47:07+00:00,2023,763,1,10,13,национален идентитет,национален идентитет,mk,https://www.youtube.com/watch?v=ToIU9NP-wcg
GdjQdGhIV9k,Анкета: Бугарските условувања ја намалија довербата во ЕУ институциите,"Follow Sitel Televizija on...
• WEB: http://sitel.com.mk/
• FB: https://smarturl.it/sitelFB
• IG: https://smarturl.it/SitelInstagram
• Tw: https://smarturl.it/SitelTwitter

© & ℗ Sitel Televizija All Rights Reserved",Сител Телевизија,2022-11-22 15:12:38+00:00,2022,1063,1,8,13,довербата во институциите,довербата во институциите,mk,https://www.youtube.com/watch?v=GdjQdGhIV9k
ZoUj5yjLmeA,Нема драматични промени по изборите во Бугарија - Дали е на повидок политичка криза,"Follow Sitel Televizija on...
• WEB: http://sitel.com.mk/
• FB: https://smarturl.it/sitelFB
• IG: https://smarturl.it/SitelInstagram
• Tw: https://smarturl.it/SitelTwitter

© & ℗ Sitel Televizija All Rights Reserved",Сител Телевизија,2021-07-11 19:04:40+00:00,2021,735,2,7,13,политичка криза,политичка криза,mk,https://www.youtube.com/watch?v=ZoUj5yjLmeA
WPx-nqJsRhk,Ќучук: Бугарско вето за Македонија би било голема грешка,"Follow Sitel Televizija on...
• WEB: http://sitel.com.mk/
• FB: https://smarturl.it/sitelFB
• IG: https://smarturl.it/SitelInstagram
• Tw: https://smarturl.it/SitelTwitter

© & ℗ Sitel Televizija All Rights Reserved",Сител Телевизија,2023-01-25 11:04:05+00:00,2023,466,0,7,13,бугарско вето Македонија,бугарско вето Македонија,mk,https://www.youtube.com/watch?v=WPx-nqJsRhk
ukSE1fdqPac,Анализа: Како се оценува првата меѓувладина седница помеѓу Македонија и Бугарија,"Follow Sitel Televizija on...
• WEB: http://sitel.com.mk/
• FB: https://smarturl.it/sitelFB
• IG: https://smarturl.it/SitelInstagram
• Tw: https://smarturl.it/SitelTwitter

© & ℗ Sitel Televizija All Rights Reserved",Сител Телевизија,2022-01-26 15:18:06+00:00,2022,478,0,5,13,довербата во системот,довербата во системот,mk,https://www.youtube.com/watch?v=ukSE1fdqPac
rYLyv43i9Xw,„Македонија блокира“ бара пратениците да не гласат за уставни измени,,Televizija 24,2018-11-12 16:48:57+00:00,2018,554,1,3,13,реформа на уставот Македонија; уставни измени Македонија,уставни измени Македонија,mk,https://www.youtube.com/watch?v=rYLyv43i9Xw
InUrI9xlHn8,Психотерапевт Данче ПАУНОВСКА ВО КОНТРААРГУМЕНТ,"Данче Пауновска: Лиценциран Психолог, Гешталт и ЕАГТ Психотерапевт, Економски и Социолошки Аналитичар.
Теми: Психозите кај поединецот и како тие се рефлектираат врз општеството, стравот како средство за контрола врз луѓето, како да се надмине анксиозноста и летаргијата, човекот како социолошко битие, спознај го внатрешното јас...Поставувајте прашања.
Не пропуштајте, бидете вечер со нас.
Присуството е задолжително!

Danche Paunovska",Слободен Свет,2023-06-16 10:38:21+00:00,2023,2039,62,2,13,стрес во општеството,стрес во општеството,mk,https://www.youtube.com/watch?v=InUrI9xlHn8
pQsoFJ-oNGE,Заврши седницата по предлогот за пристапување кон уставни измени,"Follow Kanal5 on...
• FB: https://smarturl.it/fb5
• IG: https://smarturl.it/Ig5
• Web: https://kanal5.com.mk/

© & ℗ Kanal5 & IN Media. All Rights Reserved



Во Собранието веќе шест часа се одвива комисиската расправата по предлогот за пристапување кон измена на Уставот.",Канал 5 Телевизија,2018-10-10 16:37:12+00:00,2018,1311,9,2,13,уставни измени Македонија,уставни измени Македонија,mk,https://www.youtube.com/watch?v=pQsoFJ-oNGE
PVw40GuMVUk,Нови барања на Бугарија до Македонија,,Televizija 24,2022-05-16 15:21:45+00:00,2022,1130,2,2,13,бугарско вето Македонија,бугарско вето Македонија,mk,https://www.youtube.com/watch?v=PVw40GuMVUk
K7dLhHV8IDg,Заев: Испраќам порака на помирување и простување за 27 април,"Follow Kanal5 on...
• FB: https://smarturl.it/fb5
• IG: https://smarturl.it/Ig5
• Web: https://kanal5.com.mk/

© & ℗ Kanal5 & IN Media. All Rights Reserved



Веќе седум часа во Собранието трае седница на која на дневен ред e предлогот за пристапување кон измена на Уставот. Многу дилеми отвори изјавата на премиерот Заев во воведното обраќање, кога повика на помирување и простување за настаните од 27 април.",Канал 5 Телевизија,2018-10-15 16:05:21+00:00,2018,872,3,2,13,реформа на уставот Македонија,реформа на уставот Македонија,mk,https://www.youtube.com/watch?v=K7dLhHV8IDg
X2nhoTCryZk,Теодоракис: Името Македонија не смее да се даде,"Official facebook: https://www.facebook.com/tvsitel.mk/
Web: http://sitel.com.mk/
Copyright: OnAir Media Group; www.onair.mk",Сител Телевизија,2018-01-09 15:45:14+00:00,2018,563,3,1,13,името на Македонија,името на Македонија,mk,https://www.youtube.com/watch?v=X2nhoTCryZk
axRotKe9Ws0,Анкета на МЦМС: 78 проценти од граѓаните сметаат дека сме во политичка криза,"Follow Sitel Televizija on...
• WEB: http://sitel.com.mk/
• FB: https://smarturl.it/sitelFB
• IG: https://smarturl.it/SitelInstagram
• Tw: https://smarturl.it/SitelTwitter

© & ℗ Sitel Televizija & IN Media. All Rights Reserved",Сител Телевизија,2021-04-19 14:12:43+00:00,2021,405,4,1,13,политичка криза,политичка криза,mk,https://www.youtube.com/watch?v=axRotKe9Ws0
XvFLLmWsZ74,Француски предлог - Ковачевски vs. Мицкоски,"Премиерот Димитар Ковачевски вели дека историските прашања и Протоколот од Договорот за добрососедство не се дел од преговарачката рамка. Претседателот на ВМРО-ДПМНЕ Кристијан Мицкоски пак кажа дека предлогот не е добар и дека се работи за дипломатски нокаут
Објавено на https://www.slobodnaevropa.mk/a/%d1%84%d1%80%d0%b0%d0%bd%d1%86%d1%83%d1%81%d0%ba%d0%b8-%d0%bf%d1%80%d0%b5%d0%b4%d0%bb%d0%be%d0%b3---%d0%ba%d0%be%d0%b2%d0%b0%d1%87%d0%b5%d0%b2%d1%81%d0%ba%d0%b8-vs-%d0%bc%d0%b8%d1%86%d0%ba%d0%be%d1%81%d0%ba%d0%b8/31923584.html",Radio Slobodna Evropa na Makedonski,2022-07-01 07:14:47+00:00,2022,147,0,1,13,француски предлог Македонија,француски предлог Македонија,mk,https://www.youtube.com/watch?v=XvFLLmWsZ74
lfbRFwxW74w,Дускусија: Наративите за класна поделба не се штетни,"Не било кое поткопување на довербата во институциите ние го сметавме за штетен наратив - само кога имаме тврдење за корумпираност, нетранспаретност , непрофесионалност и злоупотреба на служебна должност без обид да се поткрепат тие тврдења, е штетен наратив. Апсолутно не секое поткопување на довербата  е штетен наратив.

Повеќе на https://samoprasaj.mk/naacik/kakva-retorika-ne-ocekuva-stet-na-go-otvori-prasanjeto-pred-pratenicite/",Само прашај / Samo prasaj,2025-07-28 10:37:46+00:00,2025,28,2,1,13,довербата во институциите,довербата во институциите,mk,https://www.youtube.com/watch?v=lfbRFwxW74w
aHio4bABiPo,Што им е потребно на децата за правилно да растат?,Што им е потребно на децата за правилно да растат и да го исполнат целиот свој потенцијал? – слушнете од @Benjamin.Perks #ИРодителствотоСеУчи,UNICEFMK,2019-11-24 08:06:42+00:00,2019,2103,11,0,13,социјален стрес,социјален стрес,mk,https://www.youtube.com/watch?v=aHio4bABiPo
gSp300a_i6U,Какви документи и понуди разменуваат Македонија и Бугарија?,"Какви нови понуди си размениле македонската и бугарската Влада за надминување на спорот што го кочи евроинтегративниот процес на земјава? 

Follow Kanal5 on...
• FB: https://smarturl.it/fb5
• IG: https://smarturl.it/Ig5
• Web: https://kanal5.com.mk/

© & ℗ Kanal5 & IN Media. All Rights Reserved",Канал 5 Телевизија,2020-11-24 14:28:08+00:00,2020,1455,5,0,13,бугарско вето Македонија,бугарско вето Македонија,mk,https://www.youtube.com/watch?v=gSp300a_i6U
0EwLhxLLStE,Кога ќе продолжи седницата за уставни измени?,"Власта се уште во потрага по пратеници за гласање на уставните измени, кога ќе продолжи собраниската седница останува неизвесно. 
Follow Kanal5 on...
• FB: https://smarturl.it/fb5
• IG: https://smarturl.it/Ig5
• Web: https://kanal5.com.mk/

© & ℗ Kanal5 & IN Media. All Rights Reserved",Канал 5 Телевизија,2023-09-01 13:23:18+00:00,2023,730,3,0,13,уставни измени Македонија,уставни измени Македонија,mk,https://www.youtube.com/watch?v=0EwLhxLLStE
dXqGMJC7mRA,Бишевац: Државата е во длабока политичка криза и тоа трае повеќе од една деценија,,Televizija 24,2021-05-06 12:00:23+00:00,2021,555,0,0,13,политичка криза,политичка криза,mk,https://www.youtube.com/watch?v=dXqGMJC7mRA
0vR7dE8BA1I,"Македонија чека конечен француски предлог,новата бугарска резолуција ќе го закочи пристапниот процес",,Телма ТВ / Telma TV,2022-06-24 13:48:19+00:00,2022,466,0,0,13,француски предлог Македонија,француски предлог Македонија,mk,https://www.youtube.com/watch?v=0vR7dE8BA1I
QcZ6VGXz_TQ,ТВМ Дневник 17.01.2025,"- Колективна меморија во локалните сојузи;
- Охрид украсен за Водици;
- Ќе се менуваат водоводните цевки во Струга;
- Ѓорчева и Витанов нови селектори на Ох.лето.",TVM Televizija,2025-01-17 16:12:56+00:00,2025,347,6,0,13,колективна меморија,колективна меморија,mk,https://www.youtube.com/watch?v=QcZ6VGXz_TQ
7V5Uio9F8o0,Како да се надмине стресот од непосакувани ситуации?,"Дојава за бомби, поплави, земјотреси, пожари колку учениците во основните училишта може да бидат подготвени за реакција како да реагираат, а да не се создаде чувство на паника?
Follow Kanal5 on...
• FB: https://smarturl.it/fb5
• IG: https://smarturl.it/Ig5
• Web: https://kanal5.com.mk/

© & ℗ Kanal5 & IN Media. All Rights Reserved",Канал 5 Телевизија,2022-12-18 13:56:47+00:00,2022,274,1,0,13,стрес во општеството,стрес во општеството,mk,https://www.youtube.com/watch?v=7V5Uio9F8o0
tPjYRVigazU,Австрија промовираше иницијатива на 7 ЕУ држави за побрза интеграција на Западен Балкан,"Австрискиот министер за надворешни работи Александар Шаленберг иницираше формирање на „група на пријатели на Западен Балкан“, во која се вклучени и Хрватска, Чешка, Грција, Италија, Словачка и Словенија.
Follow Kanal5 on...
• FB: https://smarturl.it/fb5
• IG: https://smarturl.it/Ig5
• Web: https://kanal5.com.mk/

© & ℗ Kanal5 & IN Media. All Rights Reserved",Канал 5 Телевизија,2023-06-23 15:34:57+00:00,2023,270,1,0,13,интеграција во ЕУ Македонија,интеграција во ЕУ Македонија,mk,https://www.youtube.com/watch?v=tPjYRVigazU
qBU8DNAafoM,Мицкоски од Брисел: Никој нема право да го оспорува македонскиот национален идентитет,,Televizija 24Vesti,2024-12-18 18:57:26+00:00,2024,267,0,0,13,национален идентитет,национален идентитет,mk,https://www.youtube.com/watch?v=qBU8DNAafoM
xJ7N7mretNg,"Наместо реални преговори, политичка криза?!",,Телма ТВ / Telma TV,2022-07-19 14:16:44+00:00,2022,241,2,0,13,политичка криза,политичка криза,mk,https://www.youtube.com/watch?v=xJ7N7mretNg
YdDjYKGG8vE,Ќе донесе ли шпанската политичка криза - одлагање на изборите во земјава?,,Televizija 24,2019-11-12 16:09:56+00:00,2019,225,0,0,13,политичка криза; политичка криза Македонија,политичка криза Македонија,mk,https://www.youtube.com/watch?v=YdDjYKGG8vE
C-G8k8c8JVc,Дигитална безбедност и правата на ранливите групи,"Во оваа епизода на СајберШтит зборуваме за дигиталните права и безбедноста на ранливите заедници. Разговараме за пристапот до интернет, за случаите на онлајн насилство и говор на омраза, за довербата во институциите и за тоа колку е важна дигиталната писменост.
👉 Погледнете ја епизодата и дознајте што е потребно за да изградиме побезбеден и поправеден дигитален простор за сите.
Пост за социјални мрежи
🚨 Нова епизода на СајберШтит!
Овојпат разговараме за дигиталната безбедност и правата на ранливите групи.
🔹 Кои се најчестите онлајн предизвици?
🔹 Како реагираат институциите на дигитално насилство?
🔹 Што можеме сите да направиме за поголема безбедност онлајн?",fmetamorphosis,2025-09-19 11:19:39+00:00,2025,224,0,0,13,довербата во институциите,довербата во институциите,mk,https://www.youtube.com/watch?v=C-G8k8c8JVc
_1yuFOZpbUc,Преспански договор: Ќе останат ли „македонски“ производи,,AlfaTV News,2018-11-15 13:25:49+00:00,2018,198,0,0,13,Преспански договор; преспански договор,преспански договор,mk,https://www.youtube.com/watch?v=_1yuFOZpbUc
0hU_zLdUUqI,"Родителите да пријавуваат сомнежи, а институциите да имаат нулта толеранција за трговијата со деца","Родителите и блиските да пријавуваат сомнежи,а институциите да имаат нулта толеранција за трговијата со деца. Ова е ставот на детската амбасада Меѓаши од каде сметаат дека во земјава има добра законска основа за да се превенираат таквите негативни појави. Оние кои ги прават, ги искористуваат довербата и наивноста на децата, а огромен проблем е што не ги сфаќаат сериозно тврдењата на злоупотребените деца.",Prvatv,2019-06-21 14:21:46+00:00,2019,184,1,0,13,довербата во институциите,довербата во институциите,mk,https://www.youtube.com/watch?v=0hU_zLdUUqI
dA85sZE7SoY,Ден на македонскиот јазик – темел на македонскиот идентитет,"Македонскиот јазик е нашата татковина и е основа на нашиот идентитет – Со оваа мисла генерации македонци го негуваат нашиот мајчин јазик, чиј ден се одбележува токму денес.

Follow Kanal5 on...
• FB: https://smarturl.it/fb5
• IG: https://smarturl.it/Ig5
• Web: https://kanal5.com.mk/

© & ℗ Kanal5 & IN Media. All Rights Reserved",Канал 5 Телевизија,2022-05-05 13:35:56+00:00,2022,173,2,0,13,македонски идентитет,македонски идентитет,mk,https://www.youtube.com/watch?v=dA85sZE7SoY
JAb2r522MFw,Заев: Македонскиот јазик и идентитет се надвор од преговорите,,Televizija 24,2021-07-02 15:42:34+00:00,2021,165,0,0,13,македонски идентитет,македонски идентитет,mk,https://www.youtube.com/watch?v=JAb2r522MFw
dIoCO6kSV8k,СајберШтит e04 најава 1,"Во оваа епизода на СајберШтит зборуваме за дигиталните права и безбедноста на ранливите заедници. Разговараме за пристапот до интернет, за случаите на онлајн насилство и говор на омраза, за довербата во институциите и за тоа колку е важна дигиталната писменост.

👉 Погледнете ја епизодата и дознајте што е потребно за да изградиме побезбеден и поправеден дигитален простор за сите.",fmetamorphosis,2025-09-15 09:27:07+00:00,2025,149,1,0,13,довербата во институциите,довербата во институциите,mk,https://www.youtube.com/watch?v=dIoCO6kSV8k
VpWtGFwZr3M,ЕК: Ревидираниот француски предлог овозможува почеток на преговорите со ЕУ,,Телма ТВ / Telma TV,2022-07-04 14:04:22+00:00,2022,144,0,0,13,француски предлог Македонија,француски предлог Македонија,mk,https://www.youtube.com/watch?v=VpWtGFwZr3M
MZsEyjNw8Go,СајберШтит e04 најава 2,"Во оваа епизода на СајберШтит зборуваме за дигиталните права и безбедноста на ранливите заедници. Разговараме за пристапот до интернет, за случаите на онлајн насилство и говор на омраза, за довербата во институциите и за тоа колку е важна дигиталната писменост.

👉 Погледнете ја епизодата и дознајте што е потребно за да изградиме побезбеден и поправеден дигитален простор за сите.",fmetamorphosis,2025-09-17 12:33:02+00:00,2025,143,0,0,13,довербата во институциите,довербата во институциите,mk,https://www.youtube.com/watch?v=MZsEyjNw8Go
9ydCZ6s4GZ8,Пет годишно истражување за корупција на Факултетот за безбедност,"Follow Kanal5 on...
• FB: https://smarturl.it/fb5
• IG: https://smarturl.it/Ig5
• Web: https://kanal5.com.mk/

© & ℗ Kanal5 & IN Media. All Rights Reserved



Не можеме да дозволиме корупцијата да ја поткопа довербата на граѓаните во институциите.",Канал 5 Телевизија,2018-09-25 12:35:12+00:00,2018,137,0,0,13,довербата во системот,довербата во системот,mk,https://www.youtube.com/watch?v=9ydCZ6s4GZ8
rbfXYz62USw,Спасовски: Борбата против организираниот криминал и корупција ќе биде фокусот на МВР,"„Состојбата која ја затекнавме пред две години, во областа на безбедноста и внатрешните работи, сама по себе ги наметна приоритетите по кои работевме изминатите две години. Целта на спроведените и тековните реформи беше и е да ја вратиме довербата во институциите, но и да ги ослободиме институциите и граѓаните од спрегите на полициската држава. Одлуката која ја донесовме на почетокот на мандатот на оваа влада, а денес веќе е спроведена, е инстументите и механизмите кои ни стојат на располагање на извршување на нашите надлежности, да се користат исклучиво и единствено за целите на безбедноста и сигурноста на граѓаните во државата“, изјави Спасовски.

Монтажа: Биљана Јордановска 
www.civilmedia.mk
www.civil.org.mk
www.drejt.mk
www.civil.today",Civil,2019-06-06 14:07:19+00:00,2019,15,0,0,13,довербата во институциите,довербата во институциите,mk,https://www.youtube.com/watch?v=rbfXYz62USw
AwSiWGgBq9M,"Скопје се гуши среде лето, мерните станици не работат кога најмногу се загадува","Кој и зошто ги крие податоците за аерозагадувањето во Скопје? Ова прашање го поставуваат еко активистите, по информацијата дека за помалку од два месеца, мерната станица во Гази Баба е повторно на сервисирање и калибрација, со што е оневозможено мерењето на штетни честички.

Мерните станици затајуваат во период кога и покрај тоа што е лето, загадувањето во Скопје повторно е актуелна тема. Видеа и фотографии кои деновиве се објавуваат на социјалните мрежи предизвикаа загриженост кај жителите на главниот град. На нив се гледа како од Железара се испуштаат огромни облаци од чад кои се шират во околината.

Проблем со мерењето штетни честички нема само станицата во Гази Баба. Од 10 август нема податоци за ПМ 2,5 честичките во Карпош, а мерната станица воопшто не работеше од 29 мај до 11 јуни поради редовен сервис и калибрација. И покрај летниот период, во Скопје и во јули и во август во одредени денови присуството на штетните честичките во воздухот се многу над дозволените концентрации.

„Бараме акција сега, а не оправдувања во зима“. Еко активистите упатуваат апел до надлежните институции да не се чека зимата за да се преземат конкретни активности и да се санкционираат загадувачите.

Од О2 велат дека токму транспарентноста и довербата меѓу граѓаните и институциите по ова прашање е нарушена во најголем степен и дека борбата против загадувањето засега е само на хартија.  

Ели Пешева, О2

15.8.2018, Сител, https://www.youtube.com/watch?v=XT0hhA0BR8U",О2 Иницијатива,2019-04-30 08:14:59+00:00,2019,4,0,0,13,довербата во институциите,довербата во институциите,mk,https://www.youtube.com/watch?v=AwSiWGgBq9M
R6nDpY_K7ZQ,Силјановска: Името ни е Македонија,,Filip Petrovski,2024-05-23 23:09:00+00:00,2024,17772,282,92,12,името на Македонија,името на Македонија,mk,https://www.youtube.com/watch?v=R6nDpY_K7ZQ
eAH3OwOhRa8,Мицкоски:Во 21век на талибански начин се избришаа македонскиот јазик и идентитет од извештајот на ЕК,"Follow Sitel Televizija on...
• WEB: http://sitel.com.mk/
• FB: https://www.facebook.com/sitelmk
• IG: https://www.instagram.com/sitel.tv/
• Tw: https://twitter.com/SitelTV
• TT: https://www.tiktok.com/@sitel.televizija

© & ℗ Sitel Televizija All Rights Reserved",Сител Телевизија,2025-07-03 10:21:02+00:00,2025,2398,20,90,12,македонски идентитет,македонски идентитет,mk,https://www.youtube.com/watch?v=eAH3OwOhRa8
RgmhnfZTLP8,"Трилинг - НЕ за францускиот предлог, но ДА за што и за кого?","Северномакедонци, северномакедонски парламент, северномакедонски претседател - прво Макрон, па Шолц, на крај Фон дер Лајен, пред да пристигне во Скопје.

Преименувањето како политичко лицемерство. НЕ за францускиот предлог, но ДА за што и за кого? Седум децении азбука, фонетика, граматика, литература. Мала држава, но со се поголема толеранција кон инаквите страсти и дружби.",Televizija 24,2022-07-15 20:06:48+00:00,2022,4130,21,49,12,француски предлог Македонија,француски предлог Македонија,mk,https://www.youtube.com/watch?v=RgmhnfZTLP8
mRTZi8yvtcU,"“Ај објасни ПАРИ, БАНКИ и КАМАТИ на мало дете“ - ПРВ ДЕЛ “Пари, Банки и Финансии“ | Б&К Подкаст","ПРВ ДЕЛ.
Наидов на интересен курс на Peterson Academy наречен ""The Morality and Practice of Finance"". Оваа епизода е првиот дел од мојот обид да ги прераскажам моите впечатоци. 
Зборуваме за: 
Зошто е важно ова?
Потеклото на парите.
Почетоците и бизнисот на банкарството.

СПОНЗОРИ:
https://bratot.com/ - 15% попуст со кодот ""BK15""
https://denica.mk/ - Специјална Очна Болница “Деница“ @denica.ocnabolnica

Зачлени се за ексклузивни “само-за-членови“ епизоди:
https://linktw.in/fNIIWk

PODCAST INFO:
Spotify: ⁠https://open.spotify.com/show/7IVJVo0w34dqVBWa1ntOSx⁠
YouTube: ⁠https://youtube.com/@bajkerot_krosfiterot
Instagram: ⁠https://www.instagram.com/bajkerot_krosfiterot/

(00:00:00) Како почнало сè – првите пари и нивната вредност  
(00:10:00) Старите времиња – позајмици, камати и табуа  
(00:20:00) Камата и религијата – зошто била грев?  
(00:30:00) Кредити и должници – муабети низ историјата  
(00:40:00) Парите низ векови – од злато до хартија  
(00:50:00) Банкарите и каматите – вечна тема за расправија  
(01:00:00) Позајмување со совест – етички и морални дилеми  
(01:10:00) Како работат банките – кредити, доверба и „финти“  
(01:20:00) Зошто ни требаат банки и што навистина прават  
(01:30:00) Држави во долгови – системот што сите не влече  
(01:40:00) Инфлација и стабилност – што значи вредност на пари  
(01:50:00) Штедење и банкарски игри – реални примери  
(02:00:00) Како да се снајдеш со лични финансии  
(02:10:00) Кредитни механизми денес – што треба да знаеш  
(02:20:00) Берза и инвестиции – акции, фондови и малку адреналин 

***************************************************************************************
Никогаш немаме намера да ги наметнеме своите верувања и мисли на друг. Иако некогаш даваме совети и сугестии, одговорност е на секоја индивидуа да рационално одлучи дали ќе ги прифати.
Со сето ова речено, се надевам дека ќе уживате во епизодата.
***************************************************************************************

bajkerot i krosfiterot podcast, бајкерот и кросфитерот подкаст, питерсон академија, пари, финансии, банки, капитал, акции, берза, финансиски стратегии, ризик, иднината на финансиите, крипто, peterson academy, money, banks, banking, finance, capital, stock market, stocks, financial strategies, risk and return, future of finance,",Bajkerot i Krosfiterot | Бајкерот и Кросфитерот,2025-09-15 16:01:28+00:00,2025,3802,65,16,12,довербата во системот,довербата во системот,mk,https://www.youtube.com/watch?v=mRTZi8yvtcU
feHexA3rszo,Не запираат острите реакции за името Македонија,,AlfaTV News,2024-05-17 12:25:38+00:00,2024,1964,29,14,12,името на Македонија,името на Македонија,mk,https://www.youtube.com/watch?v=feHexA3rszo
0E-76oZ8O8A,Има ли можност за напредок во разговорите среде политичка криза во Бугарија,"Follow Sitel Televizija on...
• WEB: http://sitel.com.mk/
• FB: https://smarturl.it/sitelFB
• IG: https://smarturl.it/SitelInstagram
• Tw: https://smarturl.it/SitelTwitter

© & ℗ Sitel Televizija All Rights Reserved",Сител Телевизија,2021-04-23 14:27:59+00:00,2021,543,1,7,12,политичка криза; политичка криза Македонија,политичка криза Македонија,mk,https://www.youtube.com/watch?v=0E-76oZ8O8A
zWOQGRZBuck,Владата го објави францускиот предлог за отстранување на бугарското вето и за старт на преговорите,,Televizija 24,2022-07-01 17:30:26+00:00,2022,456,1,7,12,француски предлог Македонија,француски предлог Македонија,mk,https://www.youtube.com/watch?v=zWOQGRZBuck
6v7GmuTwkY0,Провокации од Бугарија по натпреварот - ни помогнале за брза интеграција во ЕУ,,AlfaTV News,2023-07-29 15:33:24+00:00,2023,711,3,6,12,интеграција во ЕУ Македонија,интеграција во ЕУ Македонија,mk,https://www.youtube.com/watch?v=6v7GmuTwkY0
npjO2Hb5cjc,"Уште едно вето: Џабе сите отстапки, Македонија ќе си чека пред бриселските порти",,AlfaTV News,2020-12-08 16:32:55+00:00,2020,557,4,6,12,бугарско вето Македонија,бугарско вето Македонија,mk,https://www.youtube.com/watch?v=npjO2Hb5cjc
uMMygt6DcEs,Protest # NE # Petrovden 12.07.2022 Skopje Macedonia Протест # НЕ # Македонија Св. ПЕТАР И ПАВЛЕ,,Kufalov Macedonia,2022-07-12 19:39:45+00:00,2022,1333,12,5,12,НАТО ЕУ Македонија протест,НАТО ЕУ Македонија протест,mk,https://www.youtube.com/watch?v=uMMygt6DcEs
9XzxvaGaeRs,Како да се врати името РЕПУБЛИКА МАКЕДОНИЈА,,Filip Petrovski,2024-05-15 20:24:09+00:00,2024,598,35,5,12,името на Македонија,името на Македонија,mk,https://www.youtube.com/watch?v=9XzxvaGaeRs
ZmmgufsbMxQ,МИЛОШОСКИ: ПОЛИТИЧКА КРИЗА ПО ВЕТОТО - СДСМ: БЛОКАДАТА ОД БУГАРИЈА НЕ Е ВО ЕВРОПСКИ ДУХ,"Follow TV21 on...
• Web: https://tv21.mk & https://tv21.tv
• FB: https://smarturl.it/TV21Fb
• IG: https://smarturl.it/TV21IG
• Tw: https://smarturl.it/tv21Tw
• Телефон: 02/313-5630

© & ℗ TV21 & IN Media. All Rights Reserved",TV21,2020-11-17 19:12:12+00:00,2020,131,1,4,12,политичка криза; политичка криза Македонија,политичка криза Македонија,mk,https://www.youtube.com/watch?v=ZmmgufsbMxQ
ZjRJUJroPFA,Како до уставни измени – влегува ли земјата во нова политичка криза?,,Televizija 24,2018-10-02 14:54:44+00:00,2018,648,1,3,12,политичка криза,политичка криза,mk,https://www.youtube.com/watch?v=ZjRJUJroPFA
C_A2yM8UrJE,"„Две години влада - одговорно пред граѓаните“ - Главни цели: НАТО, ЕУ, еднакво општество за сите","Web: http://sitel.com.mk/
Facebook: https://www.facebook.com/tvsitel.mk/
Twitter: https://twitter.com/SitelTV
Instagram: https://www.instagram.com/siteltelevision/

Copyright: OnAir Media Group; www.onair.mk",Сител Телевизија,2019-06-02 14:43:00+00:00,2019,363,2,3,12,НАТО ЕУ Македонија протест,НАТО ЕУ Македонија протест,mk,https://www.youtube.com/watch?v=C_A2yM8UrJE
Ishk1PIOqPA,Услов за влез во Влада ќе биде да НЕ се менува Уставот! - Јакимовски во #ТешкиМуабети,Услов за влез во Влада ќе биде да НЕ се менува Уставот! - Јакимовски во #ТешкиМуабети,Инфомакс,2024-03-28 14:30:03+00:00,2024,2235,51,2,12,реформа на уставот Македонија,реформа на уставот Македонија,mk,https://www.youtube.com/watch?v=Ishk1PIOqPA
YQHe2oclTh4,Ова сепак е етаблирање на македонскиот идентитет,Ова сепак е етаблирање на македонскиот идентитет,Инфомакс,2024-11-23 13:46:23+00:00,2024,1366,37,1,12,македонски идентитет,македонски идентитет,mk,https://www.youtube.com/watch?v=YQHe2oclTh4
Tt-W-vnUDXY,Една година Преспански договор - за некого успех за некого пораз,"Web: http://sitel.com.mk/
Facebook: https://www.facebook.com/tvsitel.mk/
Twitter: https://twitter.com/SitelTV
Instagram: https://www.instagram.com/siteltelevision/

Copyright: OnAir Media Group; www.onair.mk",Сител Телевизија,2019-06-17 14:03:14+00:00,2019,457,1,1,12,Преспански договор; преспански договор,преспански договор,mk,https://www.youtube.com/watch?v=Tt-W-vnUDXY
IesPOqyi7Yk,Уставната комисија за два дена ќе расправа за амандманите,"Follow Kanal5 on...
• FB: https://smarturl.it/fb5
• IG: https://smarturl.it/Ig5
• Web: https://kanal5.com.mk/

© & ℗ Kanal5 & IN Media. All Rights Reserved



Владините амандмани за промена на Уставот в среда ќе се најдат пред пратениците на Комисијата за уставни прашања,  а в четврток и во законодавно –прваната комисија.",Канал 5 Телевизија,2018-11-05 13:58:09+00:00,2018,124,0,1,12,реформа на уставот Македонија,реформа на уставот Македонија,mk,https://www.youtube.com/watch?v=IesPOqyi7Yk
Cv7BeL5FxZE,„Во фокус“ за Преспански договор - Што ќаривме економски од загубата на уставното име?,,AlfaTV News,2022-05-25 12:10:18+00:00,2022,88,2,1,12,Преспански договор; преспански договор,преспански договор,mk,https://www.youtube.com/watch?v=Cv7BeL5FxZE
EFLGmWHx_0U,Иванов: Македонија го смени името за 150 милиони евра,,Televizija 24Vesti,2023-12-15 16:11:23+00:00,2023,15705,30,0,12,името на Македонија,името на Македонија,mk,https://www.youtube.com/watch?v=EFLGmWHx_0U
D4f6jT0IWm8,Филипче: Преспанскиот Договор е решение за Времената спогодба од 95-та година!,"Follow Kanal5 on...
• FB: https://smarturl.it/fb5
• IG: https://smarturl.it/Ig5
• ТТ: https://tinyurl.com/59kck7ap
• Web: https://kanal5.com.mk/

© & ℗ Kanal5 & IN Media. All Rights Reserved",Канал 5 Телевизија,2025-10-09 18:00:10+00:00,2025,5470,25,0,12,Преспански договор; преспански договор,преспански договор,mk,https://www.youtube.com/watch?v=D4f6jT0IWm8
89eQNYbdqzs,Пресек - Сите политички и актуелни настани кои го одбележаа изминатиот период,"Сите политички и актуелни настани кои го одбележаа изминатиот период на едно место, но и од еден поинаков агол поблизок до граѓаните. Ја доловуваме сликата на она кое вие сакате да го чуете и споделите, но со една блага и похумиристична нота со цел барем последните денови од мрачната 2020 година да ги направиме малце поинтересни.",Televizija 24,2020-12-05 17:19:45+00:00,2020,3022,18,0,12,политички настани Македонија,политички настани Македонија,mk,https://www.youtube.com/watch?v=89eQNYbdqzs
a1QJNIV8Ago,"Интервју со европратеникот од Бугарија и известувач за Македонија, Илхан Ќучук.",,Телма ТВ / Telma TV,2020-11-20 19:59:19+00:00,2020,2736,25,0,12,бугарско вето Македонија,бугарско вето Македонија,mk,https://www.youtube.com/watch?v=a1QJNIV8Ago
ACV9BWy1Vzs,Што содржи францускиот предлог,"Францускиот предлог кој вчера официјално беше доставен до Владата се состои од два посебни документи – заклучуцоите на Советот на ЕУ и Преговарачката рамка.   

Follow Kanal5 on...
• FB: https://smarturl.it/fb5
• IG: https://smarturl.it/Ig5
• Web: https://kanal5.com.mk/

© & ℗ Kanal5 & IN Media. All Rights Reserved",Канал 5 Телевизија,2022-07-01 13:34:43+00:00,2022,2255,11,0,12,француски предлог Македонија,француски предлог Македонија,mk,https://www.youtube.com/watch?v=ACV9BWy1Vzs
I0WE3teSlWY,"МАКЕДОНИЈА„Страшно е да се менува името“, велат демонстрантите пред Собранието",,A1 ONmkd,2018-06-20 21:04:03+00:00,2018,1045,15,0,12,името на Македонија,името на Македонија,mk,https://www.youtube.com/watch?v=I0WE3teSlWY
zBpJK3WLKY0,МАЕИ: Софија се обидува вештачки да прикаже Бугари во Голо Брдо,"Според Стерјовски, бугарските власти постојано им делат пасоши на Македонците во Албанија, како и стипендии за факултет за да студираат бесплатно на бугарските факултети.
Follow Kanal5 on...
• FB: https://smarturl.it/fb5
• IG: https://smarturl.it/Ig5
• Web: https://kanal5.com.mk/

© & ℗ Kanal5 & IN Media. All Rights Reserved",Канал 5 Телевизија,2021-12-27 13:54:28+00:00,2021,937,6,0,12,бугарско вето Македонија,бугарско вето Македонија,mk,https://www.youtube.com/watch?v=zBpJK3WLKY0
pLQtYjQ-X5w,Брза разврска на „Рекет“ ќе спречи политичка криза во државата,,Телма ТВ / Telma TV,2019-08-17 14:25:36+00:00,2019,883,4,0,12,политичка криза,политичка криза,mk,https://www.youtube.com/watch?v=pLQtYjQ-X5w
5VI03VQlpY4,И родовиот идентитет е важен!,"Денес го одбележуваме денот на видливоста на трансродовите луѓе, кога глобално се прославува трансродовото постоењето и борба. Сепак, кај нас, тешко е да се зборува за видливост, кога трансродовите личности се најчесто невидливи, отфрлени и дискриминирани од најблиската околина, во образовниот процес, здравствените, правните и останатите институции. Тешко е да се зборува за видливост кога не е безбедно да излезеш пред камера и да раскажеш за својата реалност, во свое име. Секоја трансродова личност во себе носи приказни кои вреди да се слушнат и има лице кое вреди да се види. Во свое време. 

Овој 31 март, слушнете ги приказните на трансродовите луѓе и придружете се во борбата за видливост.

Видеото е во соработка со ТрансФорма - иницијатива за правата на трансродовите лица и Stonewall од Велика Британија. 
Продукција на Медуза 
Камера: Жарко Чулиќ
Скопје 2021",Meduza Platform,2021-03-30 20:43:30+00:00,2021,598,7,0,12,национален идентитет,национален идентитет,mk,https://www.youtube.com/watch?v=5VI03VQlpY4
R6vtUfmkY3s,"Заев: ЕУ има проблем, но ние не се откажуваме и ќе бараме решение","Ден по потврдата на ветото од страна на Бугарија, премиерот Зоран Заев проблемот го лоцира и во самата Европска Унија..

Follow Kanal5 on...
• FB: https://smarturl.it/fb5
• IG: https://smarturl.it/Ig5
• Web: https://kanal5.com.mk/

© & ℗ Kanal5 & IN Media. All Rights Reserved",Канал 5 Телевизија,2021-06-23 13:39:45+00:00,2021,572,2,0,12,историска траума; траума од политички промени,историска траума,mk,https://www.youtube.com/watch?v=R6vtUfmkY3s
mp0VmEszidA,ВМРО-ДПМНЕ нема да го промени ставот околу уставните измени,"Лидерот на ВМРО-ДПМНЕ, Христијан Мицкоски не попушта за уставни измени.
Follow Kanal5 on...
• FB: https://smarturl.it/fb5
• IG: https://smarturl.it/Ig5
• Web: https://kanal5.com.mk/

© & ℗ Kanal5 & IN Media. All Rights Reserved",Канал 5 Телевизија,2023-03-24 13:13:59+00:00,2023,527,6,0,12,уставни измени Македонија,уставни измени Македонија,mk,https://www.youtube.com/watch?v=mp0VmEszidA
rI9macnvg5k,Мицкоски подготвен да преговара со Мицотакис за подобрување на Преспанскиот договор,"Web: http://sitel.com.mk/
Facebook: https://www.facebook.com/tvsitel.mk/
Twitter: https://twitter.com/SitelTV
Instagram: https://www.instagram.com/siteltelevision/

Copyright: OnAir Media Group; www.onair.mk",Сител Телевизија,2019-07-09 14:14:50+00:00,2019,451,1,0,12,Преспански договор; преспански договор,преспански договор,mk,https://www.youtube.com/watch?v=rI9macnvg5k
JiPOnbsUhQM,Арсовски: Сашко Николов со Штип владее исто како неговото семејство со Баргала...,"Арсовски: Сашко Николов со Штип владее исто како неговото семејство со Баргала - искористуваат за личен интерес



Прес конференција на Димче Арсовски, портпарол на ВМРО-ДПМНЕ, 17.07.2021

https://www.facebook.com/vmromakedonija",ВМРО - ДПМНЕ,2021-07-17 09:13:45+00:00,2021,436,22,0,12,социјален стрес,социјален стрес,mk,https://www.youtube.com/watch?v=JiPOnbsUhQM
6RGkPaujGrs,Аселборн: Грција и Македонија никогаш не биле поблиску до решение за името,"Follow Kanal5 on...
• FB: https://smarturl.it/fb5
• IG: https://smarturl.it/Ig5
• Web: https://kanal5.com.mk/

© & ℗ Kanal5 & IN Media. All Rights Reserved",Канал 5 Телевизија,2018-04-20 16:26:39+00:00,2018,436,1,0,12,името на Македонија,името на Македонија,mk,https://www.youtube.com/watch?v=6RGkPaujGrs
X5nPufhsLRc,"За #дпне #преспански договор е завршена работа.... Ако и за тебе е завршена, гони се од профилов.",,Сашо Панговски / Sasho Pangovski,2023-01-04 09:14:19+00:00,2023,408,3,0,12,Преспански договор; преспански договор,преспански договор,mk,https://www.youtube.com/watch?v=X5nPufhsLRc
XMq8xXfYUQg,Фити: Македонскиот јазик е дел од идентитетот и мора да биде признат како што е евидентиран во ООН,"Web: http://sitel.com.mk/
Facebook: https://www.facebook.com/tvsitel.mk/
Twitter: https://twitter.com/SitelTV
Instagram: https://www.instagram.com/siteltelevision/

Copyright: OnAir Media Group; www.onair.mk",Сител Телевизија,2018-05-16 14:12:25+00:00,2018,370,1,0,12,национален идентитет,национален идентитет,mk,https://www.youtube.com/watch?v=XMq8xXfYUQg
ENqkUBXRYyo,"Макрон се соочува со политичка криза, Жолтите елеци го запалија Париз – Анализа во Студио 1",,Prvatv,2018-12-03 16:17:16+00:00,2018,350,1,0,12,политичка криза; политичка криза Македонија,политичка криза Македонија,mk,https://www.youtube.com/watch?v=ENqkUBXRYyo
CH-rjMhbQP4,"Самарас: Ниту еден грчки политичар во минатото не прифати Македонски Јазик, нација и идентитет","Web: http://sitel.com.mk/
Facebook: https://www.facebook.com/tvsitel.mk/
Twitter: https://twitter.com/SitelTV
Instagram: https://www.instagram.com/siteltelevision/

Copyright: OnAir Media Group; www.onair.mk",Сител Телевизија,2018-10-08 10:23:14+00:00,2018,333,1,0,12,македонски идентитет,македонски идентитет,mk,https://www.youtube.com/watch?v=CH-rjMhbQP4
whGq5tP0FjI,Грчката црква против името Македонија и кај МПЦ,,Televizija 24,2018-01-10 16:22:18+00:00,2018,321,0,0,12,името на Македонија,името на Македонија,mk,https://www.youtube.com/watch?v=whGq5tP0FjI
H-bve4ja6Xk,Хрватска и официјално претседавач со ЕУ,"Follow Kanal5 on...
• FB: https://smarturl.it/fb5
• IG: https://smarturl.it/Ig5
• Web: https://kanal5.com.mk/

© & ℗ Kanal5 & IN Media. All Rights Reserved



Проширувањето на Европската Унија една од темите на дводневните активности во Загреб на претставниците на Советот на Унијата и на Европската Комисија,

Official facebook: https://www.facebook.com/Kanal5Televizija/
Web: http://kanal5.mk/
Copyright: OnAir Media Group",Канал 5 Телевизија,2020-01-09 16:44:01+00:00,2020,316,1,0,12,реформа на уставот Македонија,реформа на уставот Македонија,mk,https://www.youtube.com/watch?v=H-bve4ja6Xk
i6J87opMRFw,Сиљановска Давкова: „За ЕУ не е доволно да склучите само Преспански договор!“,,Televizija 24,2019-04-06 20:40:13+00:00,2019,243,1,0,12,Преспански договор; преспански договор,преспански договор,mk,https://www.youtube.com/watch?v=i6J87opMRFw
NHAXZL3mw-s,Децата копираат систем на неказнивност (Веб верзија),"По „Јавна соба“ продолжува низата на девијантни појави кај нашите деца, сега со „Гладијаторските мечеви на малолетници“. Кога системот на социјална контрола и санкција е затаен во институциите и во семејството, насилното однесување на децата е очекувано, смета социологот Надица Таневска Јанева. Во поткастот за РесПублика, психологот Горан Шоткаровски посочува дека решението треба да се бара во родителството базирано на доверба, но и во градењето на свеста за агресивното и насилно однесување во кое најголеми жртви се децата.",Институт за комуникациски студии | IKS_edu_mk,2020-02-14 09:42:07+00:00,2020,190,1,0,12,довербата во институциите,довербата во институциите,mk,https://www.youtube.com/watch?v=NHAXZL3mw-s
kztrU51_tYM,Шекеринска од Злетово: Се изборивме за гарантиран и зајакнат  македонски идентитет,"www.IZLEZI.mk

---------------------------------
https://www.facebook.com/Izlezi.ZA/
https://twitter.com/Izlezi_ZA
https://www.instagram.com/izlezi.za/",Излези ЗА eвропска Македонија,2018-09-11 19:08:44+00:00,2018,145,2,0,12,македонски идентитет,македонски идентитет,mk,https://www.youtube.com/watch?v=kztrU51_tYM
qyI0v1jxeik,Разговор со Стојан Бајрактаров - Има ли лек за колективна тага,,Утринска на Телма / Utrinska na Telma,2025-03-17 11:15:14+00:00,2025,133,0,0,12,колективна тага,колективна тага,mk,https://www.youtube.com/watch?v=qyI0v1jxeik
4D0T7hzZsy0,"Стево е промотор на македонскиот културен идентитет во современиот свет, затоа гласаме за број 1",,SDSMtube,2024-04-22 19:08:08+00:00,2024,125,4,0,12,културен идентитет,културен идентитет,mk,https://www.youtube.com/watch?v=4D0T7hzZsy0
MLwX_cwjc_Q,ДА СИ КАЖЕМЕ со Нано Ружин - Нова влада или политичка криза во Франција?,,Утринска на Телма / Utrinska na Telma,2024-07-08 09:03:35+00:00,2024,112,1,0,12,политичка криза,политичка криза,mk,https://www.youtube.com/watch?v=MLwX_cwjc_Q
p6AAcU946Io,Децата копираат систем на неказнивност (ТВ верзија),"По „Јавна соба“ продолжува низата на девијантни појави кај нашите деца, сега со „Гладијаторските мечеви на малолетници“. Кога системот на социјална контрола и санкција е затаен во институциите и во семејството, насилното однесување на децата е очекувано, смета социологот Надица Таневска Јанева. Во поткастот за РесПублика, психологот Горан Шоткаровски посочува дека решението треба да се бара во родителството базирано на доверба, но и во градењето на свеста за агресивното и насилно однесување во кое најголеми жртви се децата.",Институт за комуникациски студии | IKS_edu_mk,2020-02-14 09:48:57+00:00,2020,78,1,0,12,довербата во системот,довербата во системот,mk,https://www.youtube.com/watch?v=p6AAcU946Io
EYDbGRXygU4,Ристески: Mедијацијата во споровите изнаоѓа решение и го намалува стресот кај страните,"Слободен печат - секогаш на страна на народот.
https://www.slobodenpecat.mk/

Претплатете се на нашиот Youtube канал   

Следете нѐ на Facebook: https://www.facebook.com/slobodenpecat
Следете нѐ на Instagram: https://www.instagram.com/slobodenpecat/
Следете нѐ на Twitter: https://twitter.com/sloboden_pecat/

#slobodenpecat #slobodnaTV
#slobodenpecat #slobodnaTV",Слободен Печат ТВ / Sloboden Pecat TV,2023-06-19 13:07:09+00:00,2023,70,0,0,12,стрес во општеството,стрес во општеството,mk,https://www.youtube.com/watch?v=EYDbGRXygU4
J2vPbjbUAt8,Нова #Реалност на #дпне е #Преспански договор,Шо да очекуваме од #ЛДП?,Сашо Панговски / Sasho Pangovski,2021-05-12 18:37:42+00:00,2021,61,3,0,12,Преспански договор; преспански договор,преспански договор,mk,https://www.youtube.com/watch?v=J2vPbjbUAt8
F6NPlWPIVhQ,Заев-Данчила: Потребен е успешен референдум за интеграција во НАТО и ЕУ,,Prvatv,2018-07-27 12:28:02+00:00,2018,56,0,0,12,интеграција во ЕУ Македонија,интеграција во ЕУ Македонија,mk,https://www.youtube.com/watch?v=F6NPlWPIVhQ
_jNbTCUbJhg,Божиновски за Студио 10: Се наоѓаме во политичка криза проследена со политичка апатија кај граѓаните,,Televizija 24Vesti,2023-03-28 11:20:37+00:00,2023,48,0,0,12,политичка криза,политичка криза,mk,https://www.youtube.com/watch?v=_jNbTCUbJhg
QgnL0rx6zvI,Граѓаните со ниска доверба кон институциите,"Follow Kanal5 on...
• FB: https://smarturl.it/fb5
• IG: https://smarturl.it/Ig5
• Web: https://kanal5.com.mk/

© & ℗ Kanal5 & IN Media. All Rights Reserved



Довербата на граѓаните во институциите се намалува – покажуваат резултатите од истражувањето на јавното мислење, направена од центарот Аналитика.",Канал 5 Телевизија,2018-11-06 13:35:09+00:00,2018,45,0,0,12,довербата во институциите,довербата во институциите,mk,https://www.youtube.com/watch?v=QgnL0rx6zvI
jwa_7QmxYEo,Македонскиот идентитет и јазик -  меѓу европските преговори и националната позиција,,Triling,2025-07-04 18:54:57+00:00,2025,14,0,0,12,македонски идентитет,македонски идентитет,mk,https://www.youtube.com/watch?v=jwa_7QmxYEo
k1-YDDVgBH4,„Психофизички стрес на заболените од Ковид-19/ Stresi psiko-fizik i të sëmurëve me KOVID-19,"13 10 2020
Соговорници на оваа тема: 
Оливер Бојчески, доктор по спортска и трудова медицина и
Магдалена Чакар Маркулеска, специјалистка по психијатрија

Bashkëbisedues në këtë temë:
Oliver Bojçeski, mjek i mjekësisë së sportit dhe punës
Magdalena Çakar, specialiste e psikiatrisë",ADI GOSTIVAR,2020-10-21 11:39:12+00:00,2020,13,0,0,12,стрес во општеството,стрес во општеството,mk,https://www.youtube.com/watch?v=k1-YDDVgBH4
QfbeQlWGPQQ,Извештајот на Вајц со „Македонски јазик и идентитет“ усвоен во АФЕТ,"Follow Sitel Televizija on...
• WEB: http://sitel.com.mk/
• FB: https://www.facebook.com/sitelmk
• IG: https://www.instagram.com/sitel.tv/
• Tw: https://twitter.com/SitelTV
• TT: https://www.tiktok.com/@sitel.televizija

© & ℗ Sitel Televizija All Rights Reserved",Сител Телевизија,2025-06-24 14:46:18+00:00,2025,3991,36,89,11,македонски идентитет,македонски идентитет,mk,https://www.youtube.com/watch?v=QfbeQlWGPQQ
bvwKmmnsEf4,Каракачанов: Бугарија нема да прави отстапки за Македонија,"Follow Sitel Televizija on...
• WEB: http://sitel.com.mk/
• FB: https://smarturl.it/sitelFB
• IG: https://smarturl.it/SitelInstagram
• Tw: https://smarturl.it/SitelTwitter

© & ℗ Sitel Televizija & IN Media. All Rights Reserved",Сител Телевизија,2020-11-02 11:19:17+00:00,2020,1938,36,80,11,бугарско вето Македонија,бугарско вето Македонија,mk,https://www.youtube.com/watch?v=bvwKmmnsEf4
mNAGmh9pFIk,Извештајот на Вајц со „Македонски јазик и идентитет“ усвоен во Комитетот за надворешни работи на ЕП,"Follow Sitel Televizija on...
• WEB: http://sitel.com.mk/
• FB: https://www.facebook.com/sitelmk
• IG: https://www.instagram.com/sitel.tv/
• Tw: https://twitter.com/SitelTV
• TT: https://www.tiktok.com/@sitel.televizija

© & ℗ Sitel Televizija All Rights Reserved",Сител Телевизија,2025-06-24 10:23:18+00:00,2025,1514,21,41,11,македонски идентитет,македонски идентитет,mk,https://www.youtube.com/watch?v=mNAGmh9pFIk
grje2Przj6s,Бугарија ја блокираше и Македонија и проширувањето,"Follow Sitel Televizija on...
• WEB: http://sitel.com.mk/
• FB: https://smarturl.it/sitelFB
• IG: https://smarturl.it/SitelInstagram
• Tw: https://smarturl.it/SitelTwitter

© & ℗ Sitel Televizija & IN Media. All Rights Reserved",Сител Телевизија,2020-12-07 18:05:51+00:00,2020,1562,14,38,11,бугарско вето Македонија,бугарско вето Македонија,mk,https://www.youtube.com/watch?v=grje2Przj6s
uuedEfALnS4,Умерени бугарски политичари - Бугарија повторно греши кон Македонија,"Follow Sitel Televizija on...
• WEB: http://sitel.com.mk/
• FB: https://smarturl.it/sitelFB
• IG: https://smarturl.it/SitelInstagram
• Tw: https://smarturl.it/SitelTwitter

© & ℗ Sitel Televizija All Rights Reserved",Сител Телевизија,2023-01-26 20:10:41+00:00,2023,1435,5,9,11,бугарско вето Македонија,бугарско вето Македонија,mk,https://www.youtube.com/watch?v=uuedEfALnS4
cedo4QFli3w,Владиката Агатангел повика на протест в недела пред седиштето на ЕУ во Скопје,"Web: http://sitel.com.mk/
Facebook: https://www.facebook.com/sitelvesti/
Twitter: https://twitter.com/SitelTV
Instagram: https://www.instagram.com/siteltelevision/

Copyright: OnAir Media Group; www.onair.mk",Сител Телевизија,2020-08-25 19:12:43+00:00,2020,4179,27,6,11,НАТО ЕУ Македонија протест,НАТО ЕУ Македонија протест,mk,https://www.youtube.com/watch?v=cedo4QFli3w
VW1eoFtQYJo,Може ли влада и институции без легитимитет да спроведат ПОПИС,ДвижењеБојкотирам во Живо вечерва ќе дискутира за реалната можност да се спроведе попис во ситуација кога довербата во институциите и во законските норми е непостоечка. Ќе верува ли некој на попис спроведен од Црпко?,Движење Бојкотирам,2020-10-09 08:21:30+00:00,2020,441,18,4,11,довербата во институциите,довербата во институциите,mk,https://www.youtube.com/watch?v=VW1eoFtQYJo
2oCIgjD19Vg,Што предвидуваат евентуално новите правила за интеграција на Западен Балкан во ЕУ?,"Follow Sitel Televizija on...
• WEB: http://sitel.com.mk/
• FB: https://smarturl.it/sitelFB
• IG: https://smarturl.it/SitelInstagram
• Tw: https://smarturl.it/SitelTwitter

© & ℗ Sitel Televizija All Rights Reserved",Сител Телевизија,2021-11-02 20:09:35+00:00,2021,449,3,3,11,интеграција во ЕУ Македонија,интеграција во ЕУ Македонија,mk,https://www.youtube.com/watch?v=2oCIgjD19Vg
LQyVMQWDUck,"""Панични напади - неразбирливата болка на нашето време"" - СебеСложувалка број 5 со Марија Карилоска","M-р Тиана Ивановска, дипломиран психолог и Гешталт психотерапевт под супервизија при ""Гешталт Институт Скопје""
Марија Карилоска, дипломиран психолог и Гешталт психотерапевт под супервизија при ""Гешталт Институт Скопје""

Агенда

1. Што се панични напади? - поим и дефинирање
2. Што ми се случува при паничен напад?
3. Паничен напад како неискажливо чувство
4. Паничен напад како релациска појава
5. Паничните напади и животниот циклус
6. Постмодерниот социјален контекст и паничните напади
7. Q&A",СебеСложувалка ,2020-05-25 09:17:28+00:00,2020,983,15,2,11,социјален стрес,социјален стрес,mk,https://www.youtube.com/watch?v=LQyVMQWDUck
zw6VwPwL_FM,ЌЕ ЈА ОДНЕСЕ ЛИ ЗАКОНОТ ЗА ЈО ЗЕМЈАВА ВО ПОЛИТИЧКА КРИЗА?,,Televizija 24,2020-02-04 16:23:14+00:00,2020,612,3,2,11,политичка криза,политичка криза,mk,https://www.youtube.com/watch?v=zw6VwPwL_FM
C0LycnUttQ0,Преспанскиот договор - тема на Седницата за избор на грчка Влада,"Web: http://sitel.com.mk/
Facebook: https://www.facebook.com/tvsitel.mk/
Twitter: https://twitter.com/SitelTV
Instagram: https://www.instagram.com/siteltelevision/

Copyright: OnAir Media Group; www.onair.mk",Сител Телевизија,2019-07-21 14:13:13+00:00,2019,513,0,2,11,Преспански договор; преспански договор,преспански договор,mk,https://www.youtube.com/watch?v=C0LycnUttQ0
udclYrdv-nk,Пендаровски: Претходниот француски предлог не содржеше отворање на преговорите,"Follow TV21 on...
• Web: https://tv21.mk & https://tv21.tv
• FB: https://smarturl.it/TV21Fb
• IG: https://smarturl.it/TV21IG
• Tw: https://smarturl.it/tv21Tw
• Телефон: 02/313-5630

© & ℗ TV21 & IN Media. All Rights Reserved",TV21,2022-07-08 19:27:16+00:00,2022,773,3,1,11,француски предлог Македонија,француски предлог Македонија,mk,https://www.youtube.com/watch?v=udclYrdv-nk
YuIbH4g3W04,"Катимерини: Атина ќе го почитува Преспанскиот договор, но има и свои барања","Web: http://sitel.com.mk/
Facebook: https://www.facebook.com/tvsitel.mk/
Twitter: https://twitter.com/SitelTV
Instagram: https://www.instagram.com/siteltelevision/

Copyright: OnAir Media Group; www.onair.mk",Сител Телевизија,2019-07-29 16:13:11+00:00,2019,502,2,1,11,Преспански договор; преспански договор,преспански договор,mk,https://www.youtube.com/watch?v=YuIbH4g3W04
GPg_xRxroNI,Донев за Алфа: Брегзит ќе има последици и за Македонија,,AlfaTV News,2020-02-01 16:23:36+00:00,2020,472,5,1,11,политички настани Македонија,политички настани Македонија,mk,https://www.youtube.com/watch?v=GPg_xRxroNI
jaBUV__O0w8,Одбиениот референдум влез во политичка криза,,Televizija 24,2022-09-14 15:09:07+00:00,2022,435,0,1,11,политичка криза,политичка криза,mk,https://www.youtube.com/watch?v=jaBUV__O0w8
WzGs0ic6mQA,Настан на 2018: Преспански договор и референдум,,Televizija 24,2018-12-31 16:29:29+00:00,2018,243,2,1,11,Преспански договор; преспански договор,преспански договор,mk,https://www.youtube.com/watch?v=WzGs0ic6mQA
hdycmo3pqIE,Тевдовски и Царовска ја бранат даночната реформа,"Follow Kanal5 on...
• FB: https://smarturl.it/fb5
• IG: https://smarturl.it/Ig5
• Web: https://kanal5.com.mk/

© & ℗ Kanal5 & IN Media. All Rights Reserved



Министерот Тевдовски и министерката Царовска и попладнево ја бранеа даночната реформа, овој пат на брифинг пред новинарите.",Канал 5 Телевизија,2018-11-08 17:40:30+00:00,2018,161,0,1,11,реформа на уставот Македонија,реформа на уставот Македонија,mk,https://www.youtube.com/watch?v=hdycmo3pqIE
uOWfJmdmezw,Епизода бр.7 - Тест,"Што е потребно за да станете Контролор на летање ❓ 

Завршено средно образование + да го поминете тестот кој се состои од: логично размислување, решавање на проблеми, ориентација во простор, брзина и мултитаскинг и стрес тест ✈😎

#TVTAXI28 #Епизода07 #Мијата #Miyatta #padobranstvo #JaneStefanov #твтакси28 #profesija #muzika #kontrolanaletanje",TVTaxi 28,2023-09-06 08:13:48+00:00,2023,24,0,1,11,стрес во општеството,стрес во општеството,mk,https://www.youtube.com/watch?v=uOWfJmdmezw
jGYwACXnWZ8,24 Анализа - Што покажа драмата со Сашо Мијалков?,"Што покажа драмата со Сашо Мијалков? Дека државата е силна или дека државата е театар?Имаат ли право граѓаните кога немаат доверба во правосудните органи и во политичкото влијание? Како пријавувањето на Мијалков ќе влијае врз јавноста? Во исто време во Собранието се ситни парламентарната група на СДСМ, а се зголемува и притисокот врз Мицкоски да отстапи од челната позиција во партијата.

За овие прашања дебатираа со Петар Богојески од Македонски концепт и со комуникологот, Марко Трошановски.",Televizija 24,2021-02-24 21:51:18+00:00,2021,11466,28,0,11,довербата во системот,довербата во системот,mk,https://www.youtube.com/watch?v=jGYwACXnWZ8
TuR38_7Ew5o,"24 Анализа - Интервју со Талат Џафери, претседател на Собранието","Зошто собранискиот спикер Талат Џафери спротивно на Уставот реши да зборува на албански во Брисел? Ќе добие ли доверба од пратениците, кога и од СДСМ посочуваа на уставната одредба за јазикот? Ќе ја врати ли резолуцијата на ВМРО-ДПМНЕ за црвените линии без придавката „северна“?

По повеќедневен молк, во последната 24 Анализа за оваа сезона, интервју со Талат Џафери, претседател на Собранието.",Televizija 24,2021-07-08 21:30:10+00:00,2021,5753,11,0,11,довербата во системот,довербата во системот,mk,https://www.youtube.com/watch?v=TuR38_7Ew5o
aOAT2M-TTSE,Дали македонските политичари покажаа политичка зрелост во криза?,"Follow Sitel Televizija on...
• WEB: http://sitel.com.mk/
• FB: https://www.facebook.com/sitelmk
• IG: https://www.instagram.com/sitel.tv/
• Tw: https://twitter.com/SitelTV
• TT: https://www.tiktok.com/@sitel.televizija

© & ℗ Sitel Televizija All Rights Reserved",Сител Телевизија,2025-03-31 07:12:55+00:00,2025,3944,40,0,11,политичка криза; политичка криза Македонија,политичка криза Македонија,mk,https://www.youtube.com/watch?v=aOAT2M-TTSE
dLPk5XJ-y74,ЗА ИЛИ ПРОТИВ (20.03.2025) ГОСТИ: ПРЕЗВИТЕР БОБАН МИТЕВСКИ/ РОЗАЛИЈА СЕКУЛОВСКА - ПСИХОЛОГ,"КОЛЕКТИВНА ТРАУМА, ТАГА, ОГОРЧЕНОСТ И ГНЕВ: КАКО ДА СЕ СИЦЕЛИМЕ?",ALFA TV,2025-03-20 22:45:02+00:00,2025,2518,40,0,11,колективна тага; колективна траума,колективна траума,mk,https://www.youtube.com/watch?v=dLPk5XJ-y74
ldh4VR84n4I,Бугарија го искористи Гоце Делчев за повторно да ја негираат Македонија,,Телма ТВ / Telma TV,2022-05-04 13:55:51+00:00,2022,1300,9,0,11,бугарско вето Македонија,бугарско вето Македонија,mk,https://www.youtube.com/watch?v=ldh4VR84n4I
QkADxU0KcqY,Постигнат договор со Алијанса за Албанците за уставни измени,,Телма ТВ / Telma TV,2019-01-08 18:04:29+00:00,2019,1093,3,0,11,уставни измени Македонија,уставни измени Македонија,mk,https://www.youtube.com/watch?v=QkADxU0KcqY
kcd5ugO3bCY,Со концерти за 50.000 евра ќе се отсликува современиот македонски идентитет на ЕКСПО во Белград,,Телма ТВ / Telma TV,2025-07-15 16:07:43+00:00,2025,855,1,0,11,македонски идентитет,македонски идентитет,mk,https://www.youtube.com/watch?v=kcd5ugO3bCY
vV72_tbyxNc,Макрон бара побрза интеграција на Западниот Балкан во ЕУ - Фон дер Лајен вети зголемени инвестиции,,Телма ТВ / Telma TV,2023-05-31 14:12:10+00:00,2023,497,2,0,11,интеграција во ЕУ Македонија,интеграција во ЕУ Македонија,mk,https://www.youtube.com/watch?v=vV72_tbyxNc
8S_g31M674s,Експерти: Непречената работа на РЕК ќе зависи и од временските услови,"Тоа е добра информација дека имаме ископ толкава количина, не е добро за системот ако имаме зголемени врнежи и ќе го оневозможат тој багер да работи, да се заглави. 
Follow Kanal5 on...
• FB: https://smarturl.it/fb5
• IG: https://smarturl.it/Ig5
• Web: https://kanal5.com.mk/

© & ℗ Kanal5 & IN Media. All Rights Reserved",Канал 5 Телевизија,2021-11-10 13:43:32+00:00,2021,460,2,0,11,довербата во системот,довербата во системот,mk,https://www.youtube.com/watch?v=8S_g31M674s
N205RC6hFLY,"Урагани, земјотреси, поплави, политички „пресметки“ - светот во 2019 година",,Televizija 24,2019-12-31 16:52:32+00:00,2019,183,2,0,11,политички настани Македонија,политички настани Македонија,mk,https://www.youtube.com/watch?v=N205RC6hFLY
GY_MseQwwzo,"Царовска, прес за Преспански договор - новинарски прашања",,SDSMtube,2020-02-08 09:53:31+00:00,2020,170,4,0,11,Преспански договор; преспански договор,преспански договор,mk,https://www.youtube.com/watch?v=GY_MseQwwzo
gdr6oPUqXps,"Референдумот на Мицкоски е против ЕУ, против македонски јазик, македонски идентитет и нема да успее","Прес-конференција, Дарко Каевски, пратеник и портпарол на СДСМ",SDSMtube,2022-09-06 10:07:14+00:00,2022,139,4,0,11,македонски идентитет,македонски идентитет,mk,https://www.youtube.com/watch?v=gdr6oPUqXps
v9DAqSTEaaE,ДА СИ КАЖЕМЕ - Методи Хаџи Јанев - Србија во политичка криза,,Утринска на Телма / Utrinska na Telma,2023-12-26 11:57:45+00:00,2023,88,1,0,11,политичка криза,политичка криза,mk,https://www.youtube.com/watch?v=v9DAqSTEaaE
RZidzhevl2Q,"Ковачевски: ЕУ да не дозволи нови блокади, очекувам интеграција да се базира на исполнети критериуми",,Televizija 24,2022-12-08 13:16:29+00:00,2022,82,0,0,11,интеграција во ЕУ Македонија,интеграција во ЕУ Македонија,mk,https://www.youtube.com/watch?v=RZidzhevl2Q
3dqe9NM7-JQ,И МАСИТ е за одлагање на даночните реформи за 5 години,"Follow Kanal5 on...
• FB: https://smarturl.it/fb5
• IG: https://smarturl.it/Ig5
• Web: https://kanal5.com.mk/

© & ℗ Kanal5 & IN Media. All Rights Reserved



Работа на црно и иселување на квалификуван кадар ќе предизвика воведувањето на прогресивен данок, алармираат од најзасегнатата стопанска комора за информатички и комуникациски технологии МАСИТ.",Канал 5 Телевизија,2018-11-07 14:06:41+00:00,2018,73,1,0,11,реформа на уставот Македонија,реформа на уставот Македонија,mk,https://www.youtube.com/watch?v=3dqe9NM7-JQ
tpDVNxeME_c,Мицкоски најави реформа на ВМРО - ДПМНЕ на крајот на јануари,"Пратеничката група на ВМРО - ДПМНЕ нема да учествува во работата на Собранието, се додека не се создадат услови за нормално и демократско функционирање на институцијата, порача лидерот на партијата Христијан Мицкоски.
Објавено на https://www.slobodnaevropa.mk/a/28965077.html",Radio Slobodna Evropa na Makedonski,2018-01-09 14:03:02+00:00,2018,63,1,0,11,реформа на уставот Македонија,реформа на уставот Македонија,mk,https://www.youtube.com/watch?v=tpDVNxeME_c
k5zT4ZSP9vY,Мицкоски тврди дека преспански е ДОГОВОР ЗА ПРАВА,Самракот на Мицкоски,Сашо Панговски / Sasho Pangovski,2019-10-23 13:31:17+00:00,2019,46,1,0,11,преспански договор,преспански договор,mk,https://www.youtube.com/watch?v=k5zT4ZSP9vY
PRoWw1p0enw,"Граѓаните за политичарите - Многу се зборува, малку се кажува",Граѓаните сè почесто се сомневаат во информациите што ги добиваат и не се задоволни од начинот на кој државата ги информира. Затоа опаѓа довербата и во системот и во медиумите.,Само прашај / Samo prasaj,2025-01-06 17:25:20+00:00,2025,12,0,0,11,довербата во системот,довербата во системот,mk,https://www.youtube.com/watch?v=PRoWw1p0enw
3wnz58MBuNE,Каракачанов повторно провоцира: Не постои македонски идентитет одделен од бугарскиот,,AlfaTV News,2020-12-20 14:08:31+00:00,2020,837,15,19,10,македонски идентитет,македонски идентитет,mk,https://www.youtube.com/watch?v=3wnz58MBuNE
6BnyUnI9gYY,Грција не ги почитува договорените одредби од Преспанскиот договор,,AlfaTV News,2019-11-01 17:12:22+00:00,2019,4048,16,10,10,Преспански договор; преспански договор,преспански договор,mk,https://www.youtube.com/watch?v=6BnyUnI9gYY
izX2vsQvT4s,Тема на денот - дали и што е договорено во Софија? Зошто е отфрлен нон-пејперот од Берлин?,"Follow Sitel Televizija on...
• WEB: http://sitel.com.mk/
• FB: https://smarturl.it/sitelFB
• IG: https://smarturl.it/SitelInstagram
• Tw: https://smarturl.it/SitelTwitter

© & ℗ Sitel Televizija & IN Media. All Rights Reserved",Сител Телевизија,2020-11-10 18:53:36+00:00,2020,1595,3,9,10,довербата во системот,довербата во системот,mk,https://www.youtube.com/watch?v=izX2vsQvT4s
GfgpDyNLEnc,Реакции во Грција на потпишаниот договор за името,"Web: http://sitel.com.mk/
Facebook: https://www.facebook.com/tvsitel.mk/
Twitter: https://twitter.com/SitelTV
Instagram: https://www.instagram.com/siteltelevision/

Copyright: OnAir Media Group; www.onair.mk",Сител Телевизија,2018-06-18 14:58:11+00:00,2018,1040,2,8,10,Преспански договор; преспански договор,преспански договор,mk,https://www.youtube.com/watch?v=GfgpDyNLEnc
Kfqnk1Bs6cA,Пет години од Преспанскиот договор - Ги исполни ли очекувањата?,"Follow Sitel Televizija on...
• WEB: http://sitel.com.mk/
• FB: https://smarturl.it/sitelFB
• IG: https://smarturl.it/SitelInstagram
• Tw: https://smarturl.it/SitelTwitter

© & ℗ Sitel Televizija All Rights Reserved",Сител Телевизија,2023-06-17 14:21:06+00:00,2023,1494,10,6,10,Преспански договор; преспански договор,преспански договор,mk,https://www.youtube.com/watch?v=Kfqnk1Bs6cA
6w5NSEGSlfE,Како да го пронајдете она кое ви недостасува,"Кога ќе ја препознаеме суштината на се што правиме, нашиот живот може да се промени во потполност.
Уживајте :)",Ilina Vedran,2018-11-16 10:37:26+00:00,2018,1009,23,2,10,колективна траума,колективна траума,mk,https://www.youtube.com/watch?v=6w5NSEGSlfE
x_6x1JmmJzk,Анализа: Дали Мицотакис ќе го почитува Договорот од Преспа?,"Web: http://sitel.com.mk/
Facebook: https://www.facebook.com/tvsitel.mk/
Twitter: https://twitter.com/SitelTV
Instagram: https://www.instagram.com/siteltelevision/

Copyright: OnAir Media Group; www.onair.mk",Сител Телевизија,2019-07-08 14:11:00+00:00,2019,648,3,2,10,Преспански договор; преспански договор,преспански договор,mk,https://www.youtube.com/watch?v=x_6x1JmmJzk
5TNJlVt19Hs,Две години од Преспанскиот договор,"Web: http://sitel.com.mk/
Facebook: https://www.facebook.com/sitelvesti/
Twitter: https://twitter.com/SitelTV
Instagram: https://www.instagram.com/siteltelevision/

Copyright: OnAir Media Group; www.onair.mk",Сител Телевизија,2020-06-17 17:12:27+00:00,2020,468,1,2,10,Преспански договор; преспански договор,преспански договор,mk,https://www.youtube.com/watch?v=5TNJlVt19Hs
u_bFjHKVlz8,Колективна траума,Како да создадеме услови за лично и колективно исцелување,Ilina Vedran,2020-12-04 08:05:10+00:00,2020,420,3,2,10,колективна траума,колективна траума,mk,https://www.youtube.com/watch?v=u_bFjHKVlz8
3SooZzfp9as,"Јанушев: Власта незаконски сама го носи договорот со Грција, кој е неуставен",,MAKFAX,2018-07-05 12:02:37+00:00,2018,812,9,1,10,национален идентитет,национален идентитет,mk,https://www.youtube.com/watch?v=3SooZzfp9as
CztfImfJIBY,„ВО ФОКУС“- Плодови на СДСМ и ДУИ: Прифатен Француски предлог контра волјата на Македонците,,AlfaTV News,2024-03-12 13:55:01+00:00,2024,549,6,1,10,француски предлог Македонија,француски предлог Македонија,mk,https://www.youtube.com/watch?v=CztfImfJIBY
f6Ks3sPb6Mk,Во Бугарија има мнозинство за поддршка на францускиот предлог - и Герб дава поддршка,,Televizija 24,2022-06-22 15:13:23+00:00,2022,237,0,1,10,француски предлог Македонија,француски предлог Македонија,mk,https://www.youtube.com/watch?v=f6Ks3sPb6Mk
QgJiryEjC7E,Европски либерали: Методологијата да донесе побрза интеграција во ЕУ,,Televizija 24,2020-02-08 18:58:47+00:00,2020,195,0,1,10,интеграција во ЕУ Македонија,интеграција во ЕУ Македонија,mk,https://www.youtube.com/watch?v=QgJiryEjC7E
gvplrhWAhFc,Захариева:Или сте Бугари со бугарски корени или вето!,"Follow Kanal5 on...
• FB: https://smarturl.it/fb5
• IG: https://smarturl.it/Ig5
• Web: https://kanal5.com.mk/

© & ℗ Kanal5 & IN Media. All Rights Reserved



Захариева повторно се заканува со вето.. Во интервју за Ројтерс бугарската министерка одново зборува за размена на реалноста за историјата.
Official facebook: https://www.facebook.com/Kanal5Televizija/
Web: http://kanal5.mk/
Copyright: OnAir Media Group",Канал 5 Телевизија,2020-10-31 17:10:40+00:00,2020,2703,25,0,10,бугарско вето Македонија,бугарско вето Македонија,mk,https://www.youtube.com/watch?v=gvplrhWAhFc
-pnBz3TaZaE,Села: Зад настаните во Собранието стојат политичари и политички партии,,MAKFAX,2018-02-19 13:58:43+00:00,2018,1107,1,0,10,политички настани Македонија,политички настани Македонија,mk,https://www.youtube.com/watch?v=-pnBz3TaZaE
DDyuxL7_EI8,Развод на бракот како извор на стрес,,Телма Амбуланта,2021-11-10 06:20:27+00:00,2021,809,6,0,10,стрес во општеството,стрес во општеството,mk,https://www.youtube.com/watch?v=DDyuxL7_EI8
SxeruF4Qf8U,"Магазин 24.03.2025-Гостин: Марина Анчевска,справување со колективна траума","Follow Sitel Televizija on...
• WEB: http://sitel.com.mk/
• FB: https://www.facebook.com/sitelmk
• IG: https://www.instagram.com/sitel.tv/
• Tw: https://twitter.com/SitelTV
• TT: https://www.tiktok.com/@sitel.televizija

© & ℗ Sitel Televizija All Rights Reserved",Сител Телевизија,2025-03-24 12:14:13+00:00,2025,796,9,0,10,колективна траума,колективна траума,mk,https://www.youtube.com/watch?v=SxeruF4Qf8U
wTf4Hok-O1Q,"Пендаровски: Ние сме во политичка криза, ќе биде лошо ако не добиеме јасно мнозинство следните денов","Follow TV21 on...
• Web: https://tv21.mk & https://tv21.tv
• FB: https://smarturl.it/TV21Fb
• IG: https://smarturl.it/TV21IG
• Tw: https://smarturl.it/tv21Tw
• Телефон: 02/313-5630

© & ℗ TV21 & IN Media. All Rights Reserved",TV21,2021-11-10 20:16:45+00:00,2021,418,0,0,10,политичка криза,политичка криза,mk,https://www.youtube.com/watch?v=wTf4Hok-O1Q
nzA9mCorR4A,Грчката опозиција призна дека Ципрас има 151 пратеник за Договорот од Преспа,,Телма ТВ / Telma TV,2019-01-10 14:42:50+00:00,2019,392,1,0,10,Преспански договор; преспански договор,преспански договор,mk,https://www.youtube.com/watch?v=nzA9mCorR4A
6gqdU1Yfvo0,Ципрас го губи мнозинството за евентуална ратификација на договор за името,"Web: http://sitel.com.mk/
Facebook: https://www.facebook.com/tvsitel.mk/
Twitter: https://twitter.com/SitelTV
Instagram: https://www.instagram.com/siteltelevision/

Copyright: OnAir Media Group; www.onair.mk",Сител Телевизија,2018-03-10 15:12:50+00:00,2018,311,0,0,10,Преспански договор; преспански договор,преспански договор,mk,https://www.youtube.com/watch?v=6gqdU1Yfvo0
VoP6xoS3PAg,Грчкиот премиер Ципрас се подготвува за ратификација на Договорот од Преспа,"Web: http://sitel.com.mk/
Facebook: https://www.facebook.com/tvsitel.mk/
Twitter: https://twitter.com/SitelTV
Instagram: https://www.instagram.com/siteltelevision/

Copyright: OnAir Media Group; www.onair.mk",Сител Телевизија,2019-01-18 16:05:26+00:00,2019,309,1,0,10,Преспански договор; преспански договор,преспански договор,mk,https://www.youtube.com/watch?v=VoP6xoS3PAg
yKPSixbDfN8,Река до Велес: Гласајте за враќање на довербата во институциите,"Web: https://tv21.mk & https://tv21.tv
Телефон: 02 313 5630
Facebook: https://www.facebook.com/tv21hd
Twitter: https://www.twitter.com/tv21hd
Instagram: https://www.instagram.com/tv21hd
Youtube: TV21 OFFICIAL
Mail: tv21@rtv21.tv

Copyright: OnAir Media Group",ClickPlus TV21,2019-04-12 18:18:08+00:00,2019,239,2,0,10,довербата во институциите,довербата во институциите,mk,https://www.youtube.com/watch?v=yKPSixbDfN8
LHBIMM-wFsA,"Ковачевски: Кого лаже ВМРО-ДПМНЕ за уставни измени, граѓаните или амбасадорите?","Одговор на новинарско прашање на премиерот и претседател на СДСМ, Димитар Ковачевски",SDSMtube,2023-03-10 13:16:02+00:00,2023,200,4,0,10,уставни измени Македонија,уставни измени Македонија,mk,https://www.youtube.com/watch?v=LHBIMM-wFsA
gqoBJC_0lEQ,Каменос му постави ултиматум на Ципрас за договор за името,,Телма ТВ / Telma TV,2018-07-03 14:18:27+00:00,2018,160,0,0,10,Преспански договор; преспански договор,преспански договор,mk,https://www.youtube.com/watch?v=gqoBJC_0lEQ
FZXDZVOiy7c,Поранешниот претседател на Апелациониот суд Јордан Митриновски се уште „трага“ по правда,"Follow Kanal5 on...
• FB: https://smarturl.it/fb5
• IG: https://smarturl.it/Ig5
• Web: https://kanal5.com.mk/

© & ℗ Kanal5 & IN Media. All Rights Reserved



Случајот со поранешниот претседател на Апелациониот суд Јордан Митриновски  можеби најдобро го отсликува за какви предизвици се соочува македонскиот правосуден систем.",Канал 5 Телевизија,2018-12-25 16:56:12+00:00,2018,154,1,0,10,довербата во системот,довербата во системот,mk,https://www.youtube.com/watch?v=FZXDZVOiy7c
IkbaiwzFlBU,Пад на довербата во институциите,,AlfaTV News,2018-11-06 16:02:30+00:00,2018,125,1,0,10,довербата во институциите,довербата во институциите,mk,https://www.youtube.com/watch?v=IkbaiwzFlBU
wd7EQiMx59M,Стојановски: Враќање на довербата во новинарството и институциите за градење на медиумска писменост,,Institute for Media and Analytics IMA - Skopje,2025-03-15 09:54:10+00:00,2025,90,0,0,10,довербата во институциите,довербата во институциите,mk,https://www.youtube.com/watch?v=wd7EQiMx59M
FWuVHGPPDZg,ЕУ и САД со поддршка за „Отворен Балкан“ Вархеји: Забрзува вистинската интеграција!,"Follow TV21 on...
• Web: https://tv21.mk & https://tv21.tv
• FB: https://smarturl.it/TV21Fb
• IG: https://smarturl.it/TV21IG
• Tw: https://smarturl.it/tv21Tw
• Телефон: 02/313-5630

© & ℗ TV21 & IN Media. All Rights Reserved",TV21,2022-06-08 15:31:31+00:00,2022,68,0,0,10,интеграција во ЕУ Македонија,интеграција во ЕУ Македонија,mk,https://www.youtube.com/watch?v=FWuVHGPPDZg
U8ihxV10E40,"Магазин 24.03.2025-Гостин_ Марина Анчевска,справување со колективна траума",,Marina Anchevska NLP Master Trainer Business Coach,2025-04-08 13:30:28+00:00,2025,57,1,0,10,колективна траума,колективна траума,mk,https://www.youtube.com/watch?v=U8ihxV10E40
tHNj1V0EluY,Тимоние: Државата ризикува да западне во нова политичка криза ако не успеат претседателските избори,,Televizija 24,2019-04-18 15:08:57+00:00,2019,54,0,0,10,политичка криза,политичка криза,mk,https://www.youtube.com/watch?v=tHNj1V0EluY
b5YnGNATasc,Дали #вмродпмне и #Мицкоски ќе го поништат #Преспански|от договор?,,Сашо Панговски / Sasho Pangovski,2023-01-11 18:47:55+00:00,2023,53,3,0,10,Преспански договор; преспански договор,преспански договор,mk,https://www.youtube.com/watch?v=b5YnGNATasc
6i4TLEEw_wM,ПРИЛОГ НА ЕМИЛИЈА МИСИРЛИЕВСКИ - ПСИХОЛОШКО СОВЕТУВАЛИШТЕ ЗА КОЛЕКТИВНА ТРАУМА,,Утринска на Телма / Utrinska na Telma,2025-03-24 09:28:05+00:00,2025,37,1,0,10,колективна траума,колективна траума,mk,https://www.youtube.com/watch?v=6i4TLEEw_wM
AZ6fH4_ziGU,"Малеска: Ние веќе имаме свој идентитет, нашиот идентитет е познат",,Institute for Media and Analytics IMA - Skopje,2025-04-29 08:54:54+00:00,2025,11,0,0,10,македонски идентитет,македонски идентитет,mk,https://www.youtube.com/watch?v=AZ6fH4_ziGU
QQU2Babg7B8,Како да се заштитиме од дигиталниот стрес и лошите мисли - Тина Дамеска психотерапевт,"Тина Дамеска
психолог, системски семеен психотерапевт, ЕCP, тренер


Телевизија: Телма
Емисија: Утринска на Телма
Тема : КАКО ДА СЕ ЗАШТИТИМЕ ОД ДИГИТАЛНИОТ СТРЕС И ЛОШИТЕ МИСЛИ",ALTERNATIVA Group,2025-08-08 12:51:08+00:00,2025,5,0,0,10,стрес во општеството,стрес во општеството,mk,https://www.youtube.com/watch?v=QQU2Babg7B8
EnKY5MmaYvg,Александар Станков ја дигитализира психологијата со RelaxifyApp I New Biz Podcast #33,"Александар Станков работел во германски стартап што брзо пораснал на повеќе од 200 вработени. Интензивното темпо довело до силен стрес и паничен напад во метро, по побарал помош. Набрзо фатил дека класичните медитативни апликации не му одговараат. Всушност 53 % од луѓето тешко се опуштаат со меидитација и пасивно слушање. 

Во потрага по алтернатива, се поврзал со пријателот Јоан и психологот Томе, чии интерактивни вежби му помогнале да се смири. Тројцата го препознале потенцијалот и ги дигитализирале овие техники, создавајќи ја RelaxifyApp.

Денес ова решение е B2B платформа што „растура“ во Ирска. 

Проектот е копродукција на  ‪‪@webmindmk‬  и ‪‪@parimedium‬  поддржан  од #SustainMedia програмата на GIZ.",webmindmk,2025-05-29 13:09:41+00:00,2025,4,0,0,10,стрес во општеството,стрес во општеството,mk,https://www.youtube.com/watch?v=EnKY5MmaYvg
G3Uv-qwtKcc,Важна е довербата на граѓаните во институциите според британската амбасадрока,,Телевизија M-Net HD,2021-02-24 13:08:25+00:00,2021,1,0,0,10,довербата во институциите,довербата во институциите,mk,https://www.youtube.com/watch?v=G3Uv-qwtKcc
XiOZSLzmd8k,Бугарија го стави првото вето - има ли се уште надеж за преговори?,"Follow Sitel Televizija on...
• WEB: http://sitel.com.mk/
• FB: https://smarturl.it/sitelFB
• IG: https://smarturl.it/SitelInstagram
• Tw: https://smarturl.it/SitelTwitter

© & ℗ Sitel Televizija & IN Media. All Rights Reserved",Сител Телевизија,2020-11-06 15:41:35+00:00,2020,1622,9,87,9,бугарско вето Македонија,бугарско вето Македонија,mk,https://www.youtube.com/watch?v=XiOZSLzmd8k
HxpMqFLIWtA,Македонскиот идентитет и евроинтеграциите: Повик за единство и достоинство,,AlfaTV News,2025-07-02 12:42:57+00:00,2025,1162,18,56,9,македонски идентитет,македонски идентитет,mk,https://www.youtube.com/watch?v=HxpMqFLIWtA
7pjt5FXpW0c,Бугарија го стави првото вето - има ли се уште надеж за преговори?,"Follow Sitel Televizija on...
• WEB: http://sitel.com.mk/
• FB: https://smarturl.it/sitelFB
• IG: https://smarturl.it/SitelInstagram
• Tw: https://smarturl.it/SitelTwitter

© & ℗ Sitel Televizija & IN Media. All Rights Reserved",Сител Телевизија,2020-11-06 18:08:08+00:00,2020,1941,10,30,9,бугарско вето Македонија,бугарско вето Македонија,mk,https://www.youtube.com/watch?v=7pjt5FXpW0c
2MuBcEy5o0A,"Топ тема на Ваша страна: Уставни измени, предвремени избори или нова политичка криза?",,ТОП ТЕМА НА ВАША СТРАНА (ТОП ТЕМА#ONYOURSIDE),2018-10-01 19:26:45+00:00,2018,6728,22,29,9,политичка криза,политичка криза,mk,https://www.youtube.com/watch?v=2MuBcEy5o0A
E-JBeBdqd0Y,"УСТАВНИ ИЗМЕНИ БЕЗ 2/3 МНОЗИНСТВО НЕ СЕ МОЖНИ, ВМРО-ДПМНЕ БАРА РЕФЕРЕНДУМ, НО НЕ ГО ЗНАЕ ПРАШАЊЕТО!","Follow TV21 on...
• Web: https://tv21.mk & https://tv21.tv
• FB: https://smarturl.it/TV21Fb
• IG: https://smarturl.it/TV21IG
• Tw: https://smarturl.it/tv21Tw
• Телефон: 02/313-5630

© & ℗ TV21 & IN Media. All Rights Reserved",TV21,2022-08-06 16:40:13+00:00,2022,3198,14,17,9,уставни измени Македонија,уставни измени Македонија,mk,https://www.youtube.com/watch?v=E-JBeBdqd0Y
RKwU0E8MwLA,"Мицкоски: Османи закова шајки во македонскиот идентитет, но не се откажуваме","Follow Sitel Televizija on...
• WEB: http://sitel.com.mk/
• FB: https://www.facebook.com/sitelmk
• IG: https://www.instagram.com/sitel.tv/
• Tw: https://twitter.com/SitelTV
• TT: https://www.tiktok.com/@sitel.televizija

© & ℗ Sitel Televizija All Rights Reserved",Сител Телевизија,2025-06-11 14:45:23+00:00,2025,622,10,15,9,македонски идентитет,македонски идентитет,mk,https://www.youtube.com/watch?v=RKwU0E8MwLA
y3sDejGok80,"Заев не кажа прецизно дали ќе почнеме преговори со ЕУ, како Македонци кои постоеле и пред 1944",,AlfaTV News,2020-12-14 15:08:25+00:00,2020,233,0,15,9,ЕУ преговори Македонија,ЕУ преговори Македонија,mk,https://www.youtube.com/watch?v=y3sDejGok80
-J-Po43_--w,"Радев - преговори нема, ние сме во состојба на вето","Follow Sitel Televizija on...
• WEB: http://sitel.com.mk/
• FB: https://smarturl.it/sitelFB
• IG: https://smarturl.it/SitelInstagram
• Tw: https://smarturl.it/SitelTwitter

© & ℗ Sitel Televizija All Rights Reserved",Сител Телевизија,2023-02-09 15:21:28+00:00,2023,1206,5,12,9,национален идентитет,национален идентитет,mk,https://www.youtube.com/watch?v=-J-Po43_--w
aMyhiKyCEk0,Дали формулата на Мицкоски за уставни измени е прифатлива за мнозинството?,"Follow Sitel Televizija on...
• WEB: http://sitel.com.mk/
• FB: https://smarturl.it/sitelFB
• IG: https://smarturl.it/SitelInstagram
• Tw: https://smarturl.it/SitelTwitter

© & ℗ Sitel Televizija All Rights Reserved",Сител Телевизија,2023-04-02 14:04:45+00:00,2023,2794,9,10,9,уставни измени Македонија,уставни измени Македонија,mk,https://www.youtube.com/watch?v=aMyhiKyCEk0
ZJn4GGm3-s4,Ковачевски: Ни треба обединување за интеграција во ЕУ,"Follow Sitel Televizija on...
• WEB: http://sitel.com.mk/
• FB: https://www.facebook.com/sitelmk
• IG: https://www.instagram.com/sitel.tv/
• Tw: https://twitter.com/SitelTV
• TT: https://www.tiktok.com/@sitel.televizija

© & ℗ Sitel Televizija All Rights Reserved",Сител Телевизија,2024-04-20 20:10:00+00:00,2024,2645,28,9,9,интеграција во ЕУ Македонија,интеграција во ЕУ Македонија,mk,https://www.youtube.com/watch?v=ZJn4GGm3-s4
zqFHEHv5JIA,Ќе има ли договор помеѓу ВМРО-ДПМНЕ и СДСМ за уставни измени?,"Follow Sitel Televizija on...
• WEB: http://sitel.com.mk/
• FB: https://smarturl.it/sitelFB
• IG: https://smarturl.it/SitelInstagram
• Tw: https://smarturl.it/SitelTwitter

© & ℗ Sitel Televizija All Rights Reserved",Сител Телевизија,2023-06-08 19:03:51+00:00,2023,1661,7,9,9,уставни измени Македонија,уставни измени Македонија,mk,https://www.youtube.com/watch?v=zqFHEHv5JIA
lz10b2UmMDA,Мицкоски предупредува на целосно редефинирање на државата со измените на Уставот,"Follow Sitel Televizija on...
• WEB: http://sitel.com.mk/
• FB: https://smarturl.it/sitelFB
• IG: https://smarturl.it/SitelInstagram
• Tw: https://smarturl.it/SitelTwitter

© & ℗ Sitel Televizija All Rights Reserved",Сител Телевизија,2023-05-23 14:16:22+00:00,2023,1126,4,5,9,реформа на уставот Македонија,реформа на уставот Македонија,mk,https://www.youtube.com/watch?v=lz10b2UmMDA
tfr9pp8KI8o,Васкопулос: Нова демократија нема да го менува Преспанскиот договор,"Web: http://sitel.com.mk/
Facebook: https://www.facebook.com/tvsitel.mk/
Twitter: https://twitter.com/SitelTV
Instagram: https://www.instagram.com/siteltelevision/

Copyright: OnAir Media Group; www.onair.mk",Сител Телевизија,2019-07-07 14:36:58+00:00,2019,836,5,5,9,Преспански договор; преспански договор,преспански договор,mk,https://www.youtube.com/watch?v=tfr9pp8KI8o
fPzPePyJo04,Опозицијата нема да учествува во процесот на уставни измени,"Follow Sitel Televizija on...
• WEB: http://sitel.com.mk/
• FB: https://smarturl.it/sitelFB
• IG: https://smarturl.it/SitelInstagram
• Tw: https://smarturl.it/SitelTwitter

© & ℗ Sitel Televizija All Rights Reserved",Сител Телевизија,2023-07-20 17:57:18+00:00,2023,698,4,5,9,уставни измени Македонија,уставни измени Македонија,mk,https://www.youtube.com/watch?v=fPzPePyJo04
H4rzcnw_qBE,Германскиот Бундестаг ја усвои резолуцијата за македонскиот идентитет,"Follow Sitel Televizija on...
• WEB: http://sitel.com.mk/
• FB: https://smarturl.it/sitelFB
• IG: https://smarturl.it/SitelInstagram
• Tw: https://smarturl.it/SitelTwitter

© & ℗ Sitel Televizija All Rights Reserved",Сител Телевизија,2023-06-16 10:05:31+00:00,2023,412,0,4,9,македонски идентитет,македонски идентитет,mk,https://www.youtube.com/watch?v=H4rzcnw_qBE
HyeucgUgOVU,"Што понатаму по денешното ново вето од Бугарија? „Има надеж“, одговара Османи во „ClickPlus""","Follow TV21 on...
• Web: https://tv21.mk & https://tv21.tv
• FB: https://smarturl.it/TV21Fb
• IG: https://smarturl.it/TV21IG
• Tw: https://smarturl.it/tv21Tw
• Телефон: 02/313-5630

© & ℗ TV21 & IN Media. All Rights Reserved",TV21,2021-06-22 19:40:17+00:00,2021,438,1,3,9,бугарско вето Македонија,бугарско вето Македонија,mk,https://www.youtube.com/watch?v=HyeucgUgOVU
vAdxsq4a3Tk,Нов стрес за граѓаните - порастот на цената на нафтата,Нов стрес за граѓаните - порастот на цената на нафтата предизвикува загриженост за поскапување на основните продукти,Телевизија M-Net HD,2025-06-24 12:10:10+00:00,2025,358,3,2,9,стрес во општеството,стрес во општеството,mk,https://www.youtube.com/watch?v=vAdxsq4a3Tk
hUDA-hii-UA,"ГРАЃАНИТЕ ЈА ГУБАТ ДОВЕРБАТА ВО ИНСТИТУЦИИТЕ,  ТРЕБАШЕ ЛИ ПРИТВОРЕНИТЕ ДА ИЗЛЕЗАТ ОД „ШУТКА“?","Web: https://tv21.mk & https://tv21.tv
Телефон: 02 313 5630
Facebook: https://www.facebook.com/tv21hd
Twitter: https://www.twitter.com/tv21hd
Instagram: https://www.instagram.com/tv21hd
Youtube: TV21 OFFICIAL
Mail: tv21@rtv21.tv

Copyright: OnAir Media Group",ClickPlus TV21,2018-12-30 18:08:41+00:00,2018,1359,3,1,9,довербата во институциите,довербата во институциите,mk,https://www.youtube.com/watch?v=hUDA-hii-UA
Y3lAtNTo0FM,Почна процедурата за уставни измени во Собранието,"Web: http://sitel.com.mk/
Facebook: https://www.facebook.com/tvsitel.mk/
Twitter: https://twitter.com/SitelTV
Instagram: https://www.instagram.com/siteltelevision/

Copyright: OnAir Media Group; www.onair.mk",Сител Телевизија,2018-10-10 17:45:30+00:00,2018,619,0,1,9,уставни измени Македонија,уставни измени Македонија,mk,https://www.youtube.com/watch?v=Y3lAtNTo0FM
vudAEbS9fqM,Што е стрес? Кои сме ние воопшто во состојба на стрес?,"Follow Sitel Televizija on...
• WEB: http://sitel.com.mk/
• FB: https://smarturl.it/sitelFB
• IG: https://smarturl.it/SitelInstagram
• Tw: https://smarturl.it/SitelTwitter

© & ℗ Sitel Televizija & IN Media. All Rights Reserved",Сител Телевизија,2021-02-02 08:55:01+00:00,2021,382,3,1,9,стрес во општеството,стрес во општеството,mk,https://www.youtube.com/watch?v=vudAEbS9fqM
vXXBXOdndqE,Уставни измени: Каква ќе биде стратегијата на опозицијата за уставните измени во Собрание?,,Televizija 24,2023-07-20 14:41:29+00:00,2023,361,0,1,9,уставни измени Македонија,уставни измени Македонија,mk,https://www.youtube.com/watch?v=vXXBXOdndqE
twpCCXwj6rM,Власта очекува „француски предлог +“ – Мицкоски: Да се почитуваат правата на Македонците во Бугарија,"Follow TV21 on...
• Web: https://tv21.mk & https://tv21.tv
• FB: https://smarturl.it/TV21Fb
• IG: https://smarturl.it/TV21IG
• Tw: https://smarturl.it/tv21Tw
• Телефон: 02/313-5630

© & ℗ TV21 & IN Media. All Rights Reserved",TV21,2024-07-01 13:03:31+00:00,2024,208,0,1,9,француски предлог Македонија,француски предлог Македонија,mk,https://www.youtube.com/watch?v=twpCCXwj6rM
sUju9hX9FtM,"Макрон пак му се јавил на Радев, што стои во новиот француски предлог ?",,AlfaTV News,2022-06-08 13:29:00+00:00,2022,85,0,1,9,француски предлог Македонија,француски предлог Македонија,mk,https://www.youtube.com/watch?v=sUju9hX9FtM
naG6AXNAcDw,"Изградба на нов систем, кој ќе спречи злоупотреба и ќе овозможи доверба  во институциите на системот",,Televizija 24,2018-03-26 15:19:06+00:00,2018,82,0,1,9,довербата во системот,довербата во системот,mk,https://www.youtube.com/watch?v=naG6AXNAcDw
PHOcA3DBPxs,Заев и Ахмети согласни да најдат заеднички кандидат за претседател,"Follow Kanal5 on...
• FB: https://smarturl.it/fb5
• IG: https://smarturl.it/Ig5
• Web: https://kanal5.com.mk/

© & ℗ Kanal5 & IN Media. All Rights Reserved



Пред малку во Клубот на пратениците заврши средбата мегу премиерот Заев и лидерот на ДУИ Али Ахмети.",Канал 5 Телевизија,2019-02-18 14:33:45+00:00,2019,1666,9,0,9,Преспански договор; преспански договор,преспански договор,mk,https://www.youtube.com/watch?v=PHOcA3DBPxs
itGsFEkVzqw,Вечерта кога беше потпишан „Преспански договор“ еве што се случуваше пред Парламентот,Историски архивски видео материјали.,Filip Petrovski,2021-12-14 14:56:42+00:00,2021,1634,28,0,9,Преспански договор; преспански договор,преспански договор,mk,https://www.youtube.com/watch?v=itGsFEkVzqw
hFKN8soj4h8,Зевзекманија  Преспански договор број 2,"Follow Kanal5 on...
• FB: https://smarturl.it/fb5
• IG: https://smarturl.it/Ig5
• Web: https://kanal5.com.mk/

© & ℗ Kanal5 & IN Media. All Rights Reserved",Канал 5 Телевизија,2021-03-20 19:12:34+00:00,2021,1337,16,0,9,Преспански договор; преспански договор,преспански договор,mk,https://www.youtube.com/watch?v=hFKN8soj4h8
QretokZE-UM,Германија притиска Европската Унија да ја укине можноста за вето,"Германија се посилно притиска Европскта Унија да ја укине можноста членките да ставаат вето. Канцеларот шолц предлага да се воведе мнозински систем на галасање. 

Follow Kanal5 on...
• FB: https://smarturl.it/fb5
• IG: https://smarturl.it/Ig5
• Web: https://kanal5.com.mk/

© & ℗ Kanal5 & IN Media. All Rights Reserved",Канал 5 Телевизија,2022-08-30 13:29:36+00:00,2022,1209,6,0,9,реформа на уставот Македонија,реформа на уставот Македонија,mk,https://www.youtube.com/watch?v=QretokZE-UM
tgZdhP3JVus,"Поминаа 10 дена од стартот на седницата за уставни измени, гласање може и да нема?!","Утре истекуваат предвидените десет деловнички дена за собраниска дебата за уставните измени. 
Follow Kanal5 on...
• FB: https://smarturl.it/fb5
• IG: https://smarturl.it/Ig5
• Web: https://kanal5.com.mk/

© & ℗ Kanal5 & IN Media. All Rights Reserved",Канал 5 Телевизија,2023-08-27 12:47:08+00:00,2023,1179,2,0,9,уставни измени Македонија,уставни измени Македонија,mk,https://www.youtube.com/watch?v=tgZdhP3JVus
PalS0cytsFM,Противниците на договорот во Грција се судрија со полицијата,"Web: http://sitel.com.mk/
Facebook: https://www.facebook.com/tvsitel.mk/
Twitter: https://twitter.com/SitelTV
Instagram: https://www.instagram.com/siteltelevision/

Copyright: OnAir Media Group; www.onair.mk",Сител Телевизија,2018-06-17 14:27:30+00:00,2018,989,1,0,9,Преспански договор; преспански договор,преспански договор,mk,https://www.youtube.com/watch?v=PalS0cytsFM
osiHmfH-51Y,"Спировска на „Пичприч“ за Шарена револуција, стресот и вкочанетата вилица",,MAKFAX,2018-03-09 13:05:46+00:00,2018,966,0,0,9,стрес во општеството,стрес во општеството,mk,https://www.youtube.com/watch?v=osiHmfH-51Y
zXEDW8ESlmE,Христијан Мицкоски - Преспански договор,,Peter,2024-10-21 23:10:51+00:00,2024,714,9,0,9,Преспански договор; преспански договор,преспански договор,mk,https://www.youtube.com/watch?v=zXEDW8ESlmE
BJ9mJ0VIJM4,Мицкоски: Османи нема кредибилитет да преговара за мојот македонски идентитет,"ВМРО-ДПМНЕ не отстапува од условите испорачани на лидерската средба за уставните измени.
Follow Kanal5 on...
• FB: https://smarturl.it/fb5
• IG: https://smarturl.it/Ig5
• Web: https://kanal5.com.mk/

© & ℗ Kanal5 & IN Media. All Rights Reserved",Канал 5 Телевизија,2023-06-16 12:19:22+00:00,2023,710,10,0,9,македонски идентитет,македонски идентитет,mk,https://www.youtube.com/watch?v=BJ9mJ0VIJM4
8tOR58u9Lak,Кога и како до „преспански“ договор?,,Televizija 24,2018-06-15 15:04:47+00:00,2018,529,1,0,9,Преспански договор; преспански договор,преспански договор,mk,https://www.youtube.com/watch?v=8tOR58u9Lak
CisPu9YcrVQ,Анти - НАТО протест на Левица пред собрание во пресрет на доаѓањето на Столтенберг (18.01.2017),,ГЛАСНИК МК,2018-01-18 13:42:48+00:00,2018,489,5,0,9,НАТО ЕУ Македонија протест,НАТО ЕУ Македонија протест,mk,https://www.youtube.com/watch?v=CisPu9YcrVQ
MdRIf3Qe95I,"НПС: Расте криминалот, се намалува довербата во полицијата","Web: http://sitel.com.mk/
Facebook: https://www.facebook.com/tvsitel.mk/
Twitter: https://twitter.com/SitelTV
Instagram: https://www.instagram.com/siteltelevision/

Copyright: OnAir Media Group; www.onair.mk",Сител Телевизија,2018-07-16 14:13:41+00:00,2018,399,0,0,9,довербата во системот,довербата во системот,mk,https://www.youtube.com/watch?v=MdRIf3Qe95I
mvUff-OmN-w,"Постапете по барањата на јавноста, не ги укинувајте учебниците на сила...","Постапете по барањата на јавноста, не ги укинувајте учебниците на сила  тоа ќе предизвика дискриминација на децата на најрана возраст



Изјава на Марија Митева, портпарол на ВМРО-ДПМНЕ, 17.05.2021

https://www.facebook.com/vmromakedonija",ВМРО - ДПМНЕ,2021-05-17 11:00:44+00:00,2021,398,20,0,9,довербата во институциите,довербата во институциите,mk,https://www.youtube.com/watch?v=mvUff-OmN-w
jHT-9wely2g,"Францускиот предлог стигна во Скопје, Макрон уверен дека е најдено најдоброто решение",,Телма ТВ / Telma TV,2022-06-30 14:22:26+00:00,2022,382,2,0,9,француски предлог Македонија,француски предлог Македонија,mk,https://www.youtube.com/watch?v=jHT-9wely2g
b-B8grtjxjs,Францускиот предлог за бугарскиот претседател Радев е чекор во вистинска насока,,Телма ТВ / Telma TV,2022-06-18 13:59:14+00:00,2022,363,0,0,9,француски предлог Македонија,француски предлог Македонија,mk,https://www.youtube.com/watch?v=b-B8grtjxjs
kAFhHaeU38A,Нови околности откако ВМРО-ДПМНЕ прифатија уставни измени и учество во Влада,"Прес-конференција, Богданка Кузеска, портпаролка на СДСМ",SDSMtube,2023-06-08 10:45:45+00:00,2023,241,4,0,9,уставни измени Македонија,уставни измени Македонија,mk,https://www.youtube.com/watch?v=kAFhHaeU38A
5XfBdf6FQT4,Копа: Ратификацијата на Договорот ќе има повеќе гласови „за“ отколку гласањето за доверба на владата,http://360stepeni.mk/article/1037/kopa-ratifikacijata-na-dogovorot-kje-ima-povekje-glasovi-za-otkolku-glasanjeto-za-doverba-na-vladata,360 Stepeni,2019-01-14 22:51:19+00:00,2019,217,0,0,9,довербата во системот,довербата во системот,mk,https://www.youtube.com/watch?v=5XfBdf6FQT4
e0IL06ZXHFs,"За термин за пасош се чека и месеци и половина, МВР вели на ден има и по 3.000 барања за нови","Доколку денеска за ѕвоните на телефонскиот број 072 92 92 92, мали се шансите да добиете оператор за да закажете термин за издавање на пасош.
Follow Kanal5 on...
• FB: https://smarturl.it/fb5
• IG: https://smarturl.it/Ig5
• Web: https://kanal5.com.mk/

© & ℗ Kanal5 & IN Media. All Rights Reserved",Канал 5 Телевизија,2021-06-21 13:07:58+00:00,2021,205,0,0,9,довербата во системот,довербата во системот,mk,https://www.youtube.com/watch?v=e0IL06ZXHFs
NfoYRHvaqkQ,Францускиот предлог утре во Бугарското собрание – Македонската влада ќе го чека исходот,,Телма ТВ / Telma TV,2022-06-21 13:54:44+00:00,2022,196,0,0,9,француски предлог Македонија,француски предлог Македонија,mk,https://www.youtube.com/watch?v=NfoYRHvaqkQ
YvjDtjCAdJE,Гласбурн: Стресот и очекувањата најмногу влијаат за нервозата,,Телма ТВ / Telma TV,2023-12-24 15:13:55+00:00,2023,185,1,0,9,стрес во општеството,стрес во општеството,mk,https://www.youtube.com/watch?v=YvjDtjCAdJE
RJzYkMvQNrw,Марија Аџиоска - Какво е влијанието на стресот врз здравјето?,,Zan Mitrev Clinic,2022-06-09 09:36:26+00:00,2022,149,2,0,9,стрес во општеството,стрес во општеството,mk,https://www.youtube.com/watch?v=RJzYkMvQNrw
IJrEyRFrZA4,„Стресот и воздушното загадување како ризик фактори за карцином на дојка“ - Интервју,,ZM ,2025-10-07 13:16:07+00:00,2025,143,0,0,9,стрес во општеството,стрес во општеството,mk,https://www.youtube.com/watch?v=IJrEyRFrZA4
Q_L6biJsdwE,За холестеролот велат дека е тивок убиец - Како стресот влијае на холестеролот?,,Podobro Zdravje Makedonija,2022-11-06 07:48:32+00:00,2022,103,0,0,9,стрес во општеството,стрес во општеството,mk,https://www.youtube.com/watch?v=Q_L6biJsdwE
eHw89s7cEqo,Успешно враќање на работа и адаптација во градинка без стрес,АлфаТвУтринска,DOBRO UTRO SEKOE UTRO,2025-01-27 09:27:02+00:00,2025,71,4,0,9,стрес во општеството,стрес во општеството,mk,https://www.youtube.com/watch?v=eHw89s7cEqo
azpXFBvKjxQ,Нарушена  довербата во онкологија,,Televizija 24,2023-10-05 14:53:47+00:00,2023,68,0,0,9,довербата во системот,довербата во системот,mk,https://www.youtube.com/watch?v=azpXFBvKjxQ
T8F00H_VFuw,Дали стресот и брзиот начин на живот влијае врз порастот на стапката на мозочни удари?,АлфаТвУтринска,DOBRO UTRO SEKOE UTRO,2023-02-20 15:06:14+00:00,2023,37,0,0,9,стрес во општеството,стрес во општеството,mk,https://www.youtube.com/watch?v=T8F00H_VFuw
E1PFy1DGbzc,Виртуелната медицина станува дел од секојдневието,"Виртуелната медицина станува дел од секојдневието. Медицински центар од Лос Анџелес користи 3Д терапевтски алатки и апликации за помош на пациентите кои страдаат од стрес или имаат други психолошки проблеми
Originally published at - https://mk.voanews.com/a/video-virtuelna-medicina/6912032.html",Глас на Америка,2023-01-10 17:01:42+00:00,2023,33,0,0,9,стрес во општеството,стрес во општеството,mk,https://www.youtube.com/watch?v=E1PFy1DGbzc
2mcyLCbRlMk,Пристап до правда за маргинализирани заедници,Маргинализираните заедници имаат помала можност за остварување и заштита на своите права и се соочуваат до десетпати поголем број правни проблеми отколку генералната популација. Видеото е изработено во соработка со Коалиција Маргини.,Види Вака,2020-06-29 09:40:44+00:00,2020,16,0,0,9,социјален стрес,социјален стрес,mk,https://www.youtube.com/watch?v=2mcyLCbRlMk
j6nSYjhQ4yU,"Политиканти.мк Епизода 05 / Сезона 03 (29.11.2024) Гостин, Љубомир Фрчкоски","🌐 https://politikanti.mk/ 
Следете нѐ на Facebook: https://www.facebook.com/politikanti 
Следете нѐ на Instagram: https://www.instagram.com/politikanti.mk/
Следете нѐ на Twitter: https://twitter.com/PolitikantiMK
Следете нѐ на TikTok: https://www.tiktok.com/@politikanti.mk
Следете нѐ на SoundCloud: https://soundcloud.com/politikanti

🎙️ #politikanti #sasoordanoski #borjanjovanovski #политиканти #сашоорданоски #борјанјовановски #епизода05 #љубомирфрчкоски #politikantimk #infomaxmk

00:00 
03:08 Најава. Гостин, Љубомир Фрчкоски",politikanti,2024-11-29 19:52:44+00:00,2024,15661,225,50,8,политички настани Македонија,политички настани Македонија,mk,https://www.youtube.com/watch?v=j6nSYjhQ4yU
m_ABIhyh_28,Што значи во пракса вметнувањето на Бугарите во македонскиот Устав?,"Follow Sitel Televizija on...
• WEB: http://sitel.com.mk/
• FB: https://smarturl.it/sitelFB
• IG: https://smarturl.it/SitelInstagram
• Tw: https://smarturl.it/SitelTwitter

© & ℗ Sitel Televizija All Rights Reserved",Сител Телевизија,2022-01-20 15:08:10+00:00,2022,1725,13,26,8,довербата во системот,довербата во системот,mk,https://www.youtube.com/watch?v=m_ABIhyh_28
M-tRDy9KrpI,Пендаровски: Далеку подобар е овој модификуван француски предлог од претходниот,"Follow TV21 on...
• Web: https://tv21.mk & https://tv21.tv
• FB: https://smarturl.it/TV21Fb
• IG: https://smarturl.it/TV21IG
• Tw: https://smarturl.it/tv21Tw
• Телефон: 02/313-5630

© & ℗ TV21 & IN Media. All Rights Reserved",TV21,2022-06-30 14:21:47+00:00,2022,1415,2,12,8,француски предлог Македонија,француски предлог Македонија,mk,https://www.youtube.com/watch?v=M-tRDy9KrpI
JsGsUgRl1Ag,"Германија: Пријатели сме на македонскиот идентитет, но без уставни измени иднината ќе биде нејасна",,360 Stepeni,2023-05-18 12:57:12+00:00,2023,1010,3,12,8,уставни измени Македонија,уставни измени Македонија,mk,https://www.youtube.com/watch?v=JsGsUgRl1Ag
l7hr4xzhFGY,"Порака од Париз и Софија: Францускиот предлог идентичен како првиот, сите бугарски услови се во него",,AlfaTV News,2022-07-01 10:34:05+00:00,2022,361,2,10,8,француски предлог Македонија,француски предлог Македонија,mk,https://www.youtube.com/watch?v=l7hr4xzhFGY
Wo9qFWlf5rg,Заев: Европа има должност да го негува нашиот македонски идентитет,"https://www.slobodenpecat.mk/
Следете нѐ на Facebook: www.facebook.com/slobodenpecat/
Следете нѐ на Instagram: www.instagram.com/slobodenpecat/
Следете нѐ на Twitter: https://twitter.com/sloboden_pecat/

#slobodenpecat #slobodnaTV",Слободен Печат ТВ / Sloboden Pecat TV,2020-12-10 10:01:06+00:00,2020,4017,16,7,8,македонски идентитет,македонски идентитет,mk,https://www.youtube.com/watch?v=Wo9qFWlf5rg
b9xmotSMd7c,"Македонскиот јазик и идентитет да не бидат ни ""модерни"", ни ""вековни"". Филипче бара неутрален став","Follow Sitel Televizija on...
• WEB: http://sitel.com.mk/
• FB: https://www.facebook.com/sitelmk
• IG: https://www.instagram.com/sitel.tv/
• Tw: https://twitter.com/SitelTV
• TT: https://www.tiktok.com/@sitel.televizija

© & ℗ Sitel Televizija All Rights Reserved",Сител Телевизија,2025-06-30 14:26:46+00:00,2025,2173,17,7,8,македонски идентитет,македонски идентитет,mk,https://www.youtube.com/watch?v=b9xmotSMd7c
-MK2SR3pRF8,На 24 часа пред завршувањето на претседателството Франција нема нов официјален предлог,"Follow Sitel Televizija on...
• WEB: http://sitel.com.mk/
• FB: https://smarturl.it/sitelFB
• IG: https://smarturl.it/SitelInstagram
• Tw: https://smarturl.it/SitelTwitter

© & ℗ Sitel Televizija All Rights Reserved",Сител Телевизија,2022-06-29 14:21:41+00:00,2022,624,3,6,8,француски предлог Македонија,француски предлог Македонија,mk,https://www.youtube.com/watch?v=-MK2SR3pRF8
QgN6pfhAWT8,"Франција не се откажува: Францускиот предлог се уште жив, Макрон вели разговорите ќе продолжат",,AlfaTV News,2022-06-24 15:41:38+00:00,2022,319,1,6,8,француски предлог Македонија,француски предлог Македонија,mk,https://www.youtube.com/watch?v=QgN6pfhAWT8
uPT9QC4lElg,"Како од  „НЕ“  за бугарски услови спакувани во француски предлог, власта свитка кичма и прифати се",,AlfaTV News,2023-01-03 10:45:28+00:00,2023,723,4,3,8,француски предлог Македонија,француски предлог Македонија,mk,https://www.youtube.com/watch?v=uPT9QC4lElg
1hSqpEkwRLM,Дали ќе имаме исто сценарио како со „Северна“: Власта повторно таинствена за преговорите,,AlfaTV News,2022-04-09 13:14:42+00:00,2022,452,0,3,8,историска траума,историска траума,mk,https://www.youtube.com/watch?v=1hSqpEkwRLM
WalEiZbkz6s,Семејство од Прилеп 15 години се бори да спречи рушење на својата куќа,"Web: http://sitel.com.mk/
Facebook: https://www.facebook.com/sitelvesti/
Twitter: https://twitter.com/SitelTV
Instagram: https://www.instagram.com/siteltelevision/

Copyright: OnAir Media Group; www.onair.mk",Сител Телевизија,2019-12-12 17:23:54+00:00,2019,6613,27,2,8,социјален стрес,социјален стрес,mk,https://www.youtube.com/watch?v=WalEiZbkz6s
dXvjZ8hIfQA,"Излагање на Димитар Апасиев против НАТО во „Само Вистина""",,Левица Политичка Партија,2019-04-18 15:38:00+00:00,2019,2003,45,2,8,довербата во системот,довербата во системот,mk,https://www.youtube.com/watch?v=dXvjZ8hIfQA
9PkfcHD_a6E,"8. 1. Стрес (вовед, причини за стрес - психолошки конфликти и фрустрации)",,Македонска Средношколска Психологија,2020-12-09 15:21:09+00:00,2020,481,9,2,8,стрес во општеството,стрес во општеството,mk,https://www.youtube.com/watch?v=9PkfcHD_a6E
a9I69hz9THs,Македонската држава во време на Александар III Македонски,,Zoran Todorov,2021-03-08 13:28:02+00:00,2021,1652,23,1,8,траума во заедницата,траума во заедницата,mk,https://www.youtube.com/watch?v=a9I69hz9THs
mojJvlbcq8U,Чепреганов: Со враќањето на терористичките борци внесовме атомска бомба во општеството,,Televizija 24,2018-08-09 17:15:31+00:00,2018,839,9,1,8,стрес во општеството,стрес во општеството,mk,https://www.youtube.com/watch?v=mojJvlbcq8U
EQH5pWWllXk,Законот за јазици заглавен во преводот на амандманите,,Televizija 24,2018-01-29 18:58:17+00:00,2018,387,4,1,8,реформа на уставот Македонија,реформа на уставот Македонија,mk,https://www.youtube.com/watch?v=EQH5pWWllXk
QXwU-nZWJt4,Штајнмајер во Македониаја - побара поддршка за уставни измени со цитати од Конески и Андреевски,,AlfaTV News,2022-11-29 15:54:20+00:00,2022,142,0,1,8,уставни измени Македонија,уставни измени Македонија,mk,https://www.youtube.com/watch?v=QXwU-nZWJt4
LlqpnRLmidI,Петровска: Уставните измени со ништо не го загрозуваат нашиот национален идентитет,,Triling,2023-07-14 19:49:35+00:00,2023,64,0,1,8,национален идентитет,национален идентитет,mk,https://www.youtube.com/watch?v=LlqpnRLmidI
vw8K1vYlvoo,Интервју со Зоран Заев за настаните од 27 април 02 05 2018,Интервју со Зоран Заев за настаните од 27 април,NOVATV MK,2018-05-02 11:40:17+00:00,2018,5592,17,0,8,политички настани Македонија,политички настани Македонија,mk,https://www.youtube.com/watch?v=vw8K1vYlvoo
2PxwbwDiamU,Николоски:Најбрзо и наједноставно решение за излез од оваа политичка криза е брзи предвремени избори,https://www.facebook.com/vmromakedonija,ВМРО - ДПМНЕ,2021-11-11 20:55:37+00:00,2021,2470,82,0,8,политичка криза; политичка криза Македонија,политичка криза Македонија,mk,https://www.youtube.com/watch?v=2PxwbwDiamU
mJ5_7oJSbYc,Кривична пријава за 4 вработени во затворската полиција за  „Противзаконито  ослободување на лице...,,Министерство за внатрешни работи,2023-01-14 12:34:00+00:00,2023,2274,0,0,8,довербата во системот,довербата во системот,mk,https://www.youtube.com/watch?v=mJ5_7oJSbYc
jdexrepbavI,Пратениците првпат по гласањето за уставни измени на судење,Пратениците првпат по гласањето за уставни измени на судење,A1 ONmkd,2018-10-22 09:47:04+00:00,2018,2228,5,0,8,уставни измени Македонија,уставни измени Македонија,mk,https://www.youtube.com/watch?v=jdexrepbavI
aGzDeXqV-L4,МНР побара од Софија да се огради од изјавите на Џамбаски и Костадинов,"Македонското МНР побара од официјална Софија да се огради од како што велат, недолични изјави на политички фигури од Бугарија... 
Follow Kanal5 on...
• FB: https://smarturl.it/fb5
• IG: https://smarturl.it/Ig5
• Web: https://kanal5.com.mk/

© & ℗ Kanal5 & IN Media. All Rights Reserved",Канал 5 Телевизија,2023-01-15 14:07:09+00:00,2023,1861,5,0,8,реформа на уставот Македонија,реформа на уставот Македонија,mk,https://www.youtube.com/watch?v=aGzDeXqV-L4
sDAMSarXTYc,Уставни измени во овој пратенички состав под бугарски диктат и во овие околности нема да има,https://www.facebook.com/vmromakedonija,ВМРО - ДПМНЕ,2023-03-20 11:12:46+00:00,2023,1714,68,0,8,уставни измени Македонија,уставни измени Македонија,mk,https://www.youtube.com/watch?v=sDAMSarXTYc
LlxjD1fnC5M,Стојановски: ВМРО-ДПМНЕ имаше три години да ја освои довербата од граѓаните,,Televizija 24,2020-08-22 15:14:28+00:00,2020,944,4,0,8,довербата во институциите,довербата во институциите,mk,https://www.youtube.com/watch?v=LlxjD1fnC5M
zLDpplQZLsg,"Вељаноски: Нема да учествуваме во менување на Уставот, немате двотретинско мнозинство",,A1 ONmkd,2018-10-10 12:56:24+00:00,2018,907,4,0,8,реформа на уставот Македонија,реформа на уставот Македонија,mk,https://www.youtube.com/watch?v=zLDpplQZLsg
iu0G0ndovX8,Протоколот за НАТО помина во Сенатот на САД по брза постапка,"Web: http://sitel.com.mk/
Facebook: https://www.facebook.com/sitelvesti/
Twitter: https://twitter.com/SitelTV
Instagram: https://www.instagram.com/siteltelevision/

Copyright: OnAir Media Group; www.onair.mk",Сител Телевизија,2019-10-22 18:48:17+00:00,2019,638,2,0,8,НАТО ЕУ Македонија протест,НАТО ЕУ Македонија протест,mk,https://www.youtube.com/watch?v=iu0G0ndovX8
tL0xlE_V2-E,ВМРО-ДПМНЕ бара оставка од Заев поради новото бугарско вето,"Follow Sitel Televizija on...
• WEB: http://sitel.com.mk/
• FB: https://smarturl.it/sitelFB
• IG: https://smarturl.it/SitelInstagram
• Tw: https://smarturl.it/SitelTwitter

© & ℗ Sitel Televizija All Rights Reserved",Сител Телевизија,2021-06-23 10:09:05+00:00,2021,566,9,0,8,бугарско вето Македонија,бугарско вето Македонија,mk,https://www.youtube.com/watch?v=tL0xlE_V2-E
YfnZOB0R19g,"Османи: Во постојана комуникација сме со Франција и Бугарија, може и да не добиеме нов предлог","Follow TV21 on...
• Web: https://tv21.mk & https://tv21.tv
• FB: https://smarturl.it/TV21Fb
• IG: https://smarturl.it/TV21IG
• Tw: https://smarturl.it/tv21Tw
• Телефон: 02/313-5630

© & ℗ TV21 & IN Media. All Rights Reserved",TV21,2022-06-25 18:20:29+00:00,2022,539,1,0,8,француски предлог Македонија,француски предлог Македонија,mk,https://www.youtube.com/watch?v=YfnZOB0R19g
26NRBIUSbGA,Драгевска Ѓорѓиева: За стресот и одговорноста дури сега можам да говорам,,Телма ТВ / Telma TV,2025-04-10 15:13:12+00:00,2025,536,2,0,8,стрес во општеството,стрес во општеството,mk,https://www.youtube.com/watch?v=26NRBIUSbGA
LV76n8d0T1A,Владата го објави договорот за името,,Телма ТВ / Telma TV,2018-06-14 19:19:15+00:00,2018,465,0,0,8,Преспански договор; преспански договор,преспански договор,mk,https://www.youtube.com/watch?v=LV76n8d0T1A
xbR9rIvpnRQ,„Искри“ во десеттиот парламентарен состав - Јетон Шаќири предлог на ДУИ за министер на МИОА,"Web: https://tv21.mk & https://tv21.tv
Телефон: 02 313 5630
Facebook: https://www.facebook.com/tv21hd
Twitter: https://www.twitter.com/tv21hd
Instagram: https://www.instagram.com/tv21hd
Youtube: TV21 OFFICIAL
Mail: tv21@rtv21.tv

Copyright: OnAir Media Group",ClickPlus TV21,2020-08-22 17:55:03+00:00,2020,408,0,0,8,довербата во институциите,довербата во институциите,mk,https://www.youtube.com/watch?v=xbR9rIvpnRQ
rKFsUwxjEsA,Отвора ли случајот на деветмесечното бебе со туберкулоза аномалии на системот?,"Follow Sitel Televizija on...
• WEB: http://sitel.com.mk/
• FB: https://smarturl.it/sitelFB
• IG: https://smarturl.it/SitelInstagram
• Tw: https://smarturl.it/SitelTwitter

© & ℗ Sitel Televizija All Rights Reserved",Сител Телевизија,2023-02-26 15:24:02+00:00,2023,389,1,0,8,довербата во системот,довербата во системот,mk,https://www.youtube.com/watch?v=rKFsUwxjEsA
M51xsa_ZEak,Договорот од Преспа и официјално е закон во Грција,,Телма ТВ / Telma TV,2019-01-26 17:46:51+00:00,2019,374,3,0,8,Преспански договор; преспански договор,преспански договор,mk,https://www.youtube.com/watch?v=M51xsa_ZEak
ux-aErLbeSY,Уранија Пировска: Одговорност од домашните власти за бегството на Груевски мора да има,,Prvatv,2018-11-28 17:09:55+00:00,2018,372,0,0,8,довербата во институциите,довербата во институциите,mk,https://www.youtube.com/watch?v=ux-aErLbeSY
RTOk_UoLEvw,Пресек - Војна на световите,,Televizija 24,2022-03-06 18:13:22+00:00,2022,359,3,0,8,политички настани Македонија,политички настани Македонија,mk,https://www.youtube.com/watch?v=RTOk_UoLEvw
odeM3Hbz7Sw,"Најава 360° (29 5 2025) - Дали извештајот на ЕП со „македонски идентитет"" е чекор кон уставни измени",,360 Stepeni,2025-05-29 13:34:39+00:00,2025,318,1,0,8,македонски идентитет,македонски идентитет,mk,https://www.youtube.com/watch?v=odeM3Hbz7Sw
l5Hr6vw0yBg,БАЛКАН БИХ ПОЛИТИЧКА КРИЗА ДОДИК НАЈАВИ РЕФЕРЕНДУМ,,Televizija Star,2025-08-08 11:18:02+00:00,2025,311,0,0,8,политичка криза,политичка криза,mk,https://www.youtube.com/watch?v=l5Hr6vw0yBg
HDidYFPIFAI,Ковачевски: Процесот на уставни измени не треба да биде условуван,"„Процесот на уставни измени е клучен за евроинтегративниот пат на државата и не треба да биде условуван“, вели Ковачевски.
Follow Kanal5 on...
• FB: https://smarturl.it/fb5
• IG: https://smarturl.it/Ig5
• Web: https://kanal5.com.mk/

© & ℗ Kanal5 & IN Media. All Rights Reserved",Канал 5 Телевизија,2023-10-03 12:58:42+00:00,2023,261,0,0,8,уставни измени Македонија,уставни измени Македонија,mk,https://www.youtube.com/watch?v=HDidYFPIFAI
YJfnxYB3hh4,Како да се намали посттрауматскиот стрес кај младите и децата по трагедијата Проф  д р Татјана Стоја,,Утринска на Телма / Utrinska na Telma,2025-03-20 09:14:28+00:00,2025,218,2,0,8,стрес во општеството,стрес во општеството,mk,https://www.youtube.com/watch?v=YJfnxYB3hh4
sEqQBLnZavE,Мицкоски стравува од уставна и политичка криза - апелира партиите да ги договарат деталите за избори,,AlfaTV News,2023-10-10 14:26:00+00:00,2023,170,4,0,8,политичка криза,политичка криза,mk,https://www.youtube.com/watch?v=sEqQBLnZavE
81stlvF-Hak,ПАЃА ДОВЕРБАТА ВО ИНСТИТУЦИИТЕ 25 07 2019,,Televizija Star,2019-07-25 14:04:13+00:00,2019,150,1,0,8,довербата во институциите,довербата во институциите,mk,https://www.youtube.com/watch?v=81stlvF-Hak
nZgFB6cx_T4,БУГАРИЈА  НАЦИОНАЛЕН ПЛАН ЗА ВОВЕДУВАЊЕ НА ЕВРОTO 06 07 2021,,Televizija Star,2021-07-06 14:04:35+00:00,2021,125,0,0,8,национален идентитет,национален идентитет,mk,https://www.youtube.com/watch?v=nZgFB6cx_T4
ipXOg3K51RI,"Прва психолошка помош (ППП) - гледај, слушај, поврзи","Моника Јовчевска, специјализант по психијатрија објаснува кои се чекорите за псишолошка помош и поддршка во време на трагедии.",Види Вака,2025-03-21 19:00:39+00:00,2025,105,4,0,8,траума во заедницата,траума во заедницата,mk,https://www.youtube.com/watch?v=ipXOg3K51RI
0hSrOVIOv1Q,Корупцијата ја урива довербата во системот 09.12.2021,,Утринска на Телма / Utrinska na Telma,2021-12-09 09:51:13+00:00,2021,84,0,0,8,довербата во системот,довербата во системот,mk,https://www.youtube.com/watch?v=0hSrOVIOv1Q
7ul9hCZtJH0,ТАНЕЦ - 75 ГОДИНИ ЧУВАР НА МАКЕДОНСКИОТ КУЛТУРЕН ИДЕНТИТЕТ,,Македонија наутро,2024-12-25 07:54:33+00:00,2024,61,3,0,8,културен идентитет,културен идентитет,mk,https://www.youtube.com/watch?v=7ul9hCZtJH0
EhvZ9qHzxPk,"Иако треба да е дел од нашето нормално функционирање, стресот поприма форми на кои не сме навикнати","Слободен печат - секогаш на страна на народот.
https://www.slobodenpecat.mk/

Претплатете се на нашиот Youtube канал   

Следете нѐ на Facebook: https://www.facebook.com/slobodenpecat
Следете нѐ на Instagram: https://www.instagram.com/slobodenpecat/
Следете нѐ на Twitter: https://twitter.com/sloboden_pecat/

#slobodenpecat #slobodnaTV
#slobodenpecat #slobodnaTV",Слободен Печат ТВ / Sloboden Pecat TV,2022-02-23 08:58:16+00:00,2022,54,0,0,8,стрес во општеството,стрес во општеството,mk,https://www.youtube.com/watch?v=EhvZ9qHzxPk
zqAQ96uUx0A,Довербата во институциите сериозно ниска,,Само прашај / Samo prasaj,2023-12-18 12:42:14+00:00,2023,35,0,0,8,довербата во институциите,довербата во институциите,mk,https://www.youtube.com/watch?v=zqAQ96uUx0A
liUBw7El5O0,Со кршење на предмети до ослободување од стресот - Smash It Up собата најмногу ја посетуваат жени,"Слободен печат - секогаш на страна на народот.
https://www.slobodenpecat.mk/

Претплатете се на нашиот Youtube канал   

Следете нѐ на Facebook: https://www.facebook.com/slobodenpecat
Следете нѐ на Instagram: https://www.instagram.com/slobodenpecat/
Следете нѐ на Twitter: https://twitter.com/sloboden_pecat/

#slobodenpecat #slobodnaTV
#slobodenpecat #slobodnaTV",Слободен Печат ТВ / Sloboden Pecat TV,2021-06-04 07:17:05+00:00,2021,29,0,0,8,стрес во општеството,стрес во општеството,mk,https://www.youtube.com/watch?v=liUBw7El5O0
HRUYmD8VqIg,Маричиќ: Само со конкретни резултати може да ја вратиме довербата во институциите,,Министерство за правда,2021-02-25 10:12:44+00:00,2021,20,0,0,8,довербата во институциите,довербата во институциите,mk,https://www.youtube.com/watch?v=HRUYmD8VqIg
w3HDm7fGsjo,Ферид Мухиќ во „Само вистина“ 22.06.2018,"Follow Kanal5 on...
• FB: https://smarturl.it/fb5
• IG: https://smarturl.it/Ig5
• Web: https://kanal5.com.mk/

© & ℗ Kanal5 & IN Media. All Rights Reserved",Канал 5 Телевизија,2018-06-22 18:52:28+00:00,2018,24744,251,52,7,национален идентитет,национален идентитет,mk,https://www.youtube.com/watch?v=w3HDm7fGsjo
vrWKxBV9KMw,Политиканти.мк Епизода 27 / Сезона 03 (20.06.2025),"🌐 https://politikanti.mk/ 
Следете нѐ на Facebook: https://www.facebook.com/politikanti 
Следете нѐ на Instagram: https://www.instagram.com/politikanti.mk/
Следете нѐ на Twitter: https://twitter.com/PolitikantiMK
Следете нѐ на TikTok: https://www.tiktok.com/@politikanti.mk
Следете нѐ на SoundCloud: https://soundcloud.com/politikanti  

🎙️ #politikanti #sasoordanoski #borjanjovanovski #политиканти #поткаст #сашоорданоски #борјанјовановски #politikantimk 

03:00 Почеток на емисијата",politikanti,2025-06-20 18:00:58+00:00,2025,7507,137,24,7,политички настани Македонија,политички настани Македонија,mk,https://www.youtube.com/watch?v=vrWKxBV9KMw
wVphLBoN2-o,"Макрон гледа многу работа пред Северномакедонците, напредок е можен во следните денови","Follow Sitel Televizija on...
• WEB: http://sitel.com.mk/
• FB: https://smarturl.it/sitelFB
• IG: https://smarturl.it/SitelInstagram
• Tw: https://smarturl.it/SitelTwitter

© & ℗ Sitel Televizija All Rights Reserved",Сител Телевизија,2022-06-24 17:11:31+00:00,2022,1296,4,21,7,француски предлог Македонија,француски предлог Македонија,mk,https://www.youtube.com/watch?v=wVphLBoN2-o
-xWZM__b_lg,"Политиканти.мк Епизода 02 / Сезона 04 (19.09.2025) Гостин, д-р Никола Пановски","🌐 https://politikanti.mk/ 
Следете нѐ на Facebook: https://www.facebook.com/politikanti 
Следете нѐ на Instagram: https://www.instagram.com/politikanti.mk/
Следете нѐ на Twitter: https://twitter.com/PolitikantiMK
Следете нѐ на TikTok: https://www.tiktok.com/@politikanti.mk
Следете нѐ на SoundCloud: https://soundcloud.com/politikanti  

🎙️ #politikanti #sasoordanoski #borjanjovanovski #политиканти #поткаст #сашоорданоски #борјанјовановски #politikantimk #николапановски

02:57 Почеток на емисијата",politikanti,2025-09-19 20:49:09+00:00,2025,7269,111,18,7,политички настани Македонија,политички настани Македонија,mk,https://www.youtube.com/watch?v=-xWZM__b_lg
N9FiVoaLTL8,Политиканти.мк (12.09.2025) Епизода 01 / Сезона 04  „Политиканти“ vs „Тешки муабети“,"Следете нѐ на Facebook: https://www.facebook.com/politikanti 
Следете нѐ на Instagram: https://www.instagram.com/politikanti.mk/
Следете нѐ на Twitter: https://twitter.com/PolitikantiMK
Следете нѐ на TikTok: https://www.tiktok.com/@politikanti.mk
Следете нѐ на SoundCloud: https://soundcloud.com/politikanti  

🎙️ #politikanti #sasoordanoski #borjanjovanovski #политиканти #сашоорданоски #борјанјовановски #politikantimk #инфомакс #тешкимуабети

07:32 Почеток на емисијата",politikanti,2025-09-13 23:32:40+00:00,2025,6273,100,17,7,политички настани Македонија,политички настани Македонија,mk,https://www.youtube.com/watch?v=N9FiVoaLTL8
DS4iHv7361I,Политиканти.мк Епизода 04 / Сезона 04 (03.10.2025),"🌐 https://politikanti.mk/ 
Следете нѐ на Facebook: https://www.facebook.com/politikanti 
Следете нѐ на Instagram: https://www.instagram.com/politikanti.mk/
Следете нѐ на Twitter: https://twitter.com/PolitikantiMK
Следете нѐ на TikTok: https://www.tiktok.com/@politikanti.mk
Следете нѐ на SoundCloud: https://soundcloud.com/politikanti  

🎙️ #politikanti #sasoordanoski #borjanjovanovski #политиканти #поткаст #сашоорданоски #борјанјовановски #politikantimk  

02:56 Почеток на емисијата",politikanti,2025-10-03 20:53:56+00:00,2025,4706,102,11,7,политички настани Македонија,политички настани Македонија,mk,https://www.youtube.com/watch?v=DS4iHv7361I
d8BeOtg7jYc,"Сулејман Реџепи: Македонскиот народ е див, без идентитет","Web: http://sitel.com.mk/
Facebook: https://www.facebook.com/tvsitel.mk/
Twitter: https://twitter.com/SitelTV
Instagram: https://www.instagram.com/siteltelevision/

Copyright: OnAir Media Group; www.onair.mk",Сител Телевизија,2019-04-08 17:28:22+00:00,2019,949,1,10,7,македонски идентитет,македонски идентитет,mk,https://www.youtube.com/watch?v=d8BeOtg7jYc
Wy3ee4Lxh2Y,"Политиканти.мк Епизода 03 / Сезона 04 (29.09.2025) Гостин, проф. Горан Марковски","🌐 https://politikanti.mk/ 
Следете нѐ на Facebook: https://www.facebook.com/politikanti 
Следете нѐ на Instagram: https://www.instagram.com/politikanti.mk/
Следете нѐ на Twitter: https://twitter.com/PolitikantiMK
Следете нѐ на TikTok: https://www.tiktok.com/@politikanti.mk
Следете нѐ на SoundCloud: https://soundcloud.com/politikanti  

🎙️ #politikanti #sasoordanoski #borjanjovanovski #политиканти #поткаст #сашоорданоски #борјанјовановски #politikantimk #горанмарковски 

02:40 Почеток на емисијата, Сашо и Борјан
42:27 Најава на гостинот, проф. Горан Марковски",politikanti,2025-09-30 09:16:41+00:00,2025,2932,49,9,7,политички настани Македонија,политички настани Македонија,mk,https://www.youtube.com/watch?v=Wy3ee4Lxh2Y
PRj_U5days8,Се позивесно ново бугарско вето,,Televizija 24,2022-05-24 14:15:01+00:00,2022,693,4,8,7,бугарско вето Македонија,бугарско вето Македонија,mk,https://www.youtube.com/watch?v=PRj_U5days8
33GECflf3Ds,Милошоски: ВМРО-ДПМНЕ бара гласање за уставните измени,"Follow Kanal5 on...
• FB: https://smarturl.it/fb5
• IG: https://smarturl.it/Ig5
• Web: https://kanal5.com.mk/

© & ℗ Kanal5 & IN Media. All Rights Reserved



Поминаа 19 дена од референдумот на кој народот јасно се изјасни дека нема одлука за мандат за уставни измени.",Канал 5 Телевизија,2018-10-19 13:15:34+00:00,2018,969,12,6,7,уставни измени Македонија,уставни измени Македонија,mk,https://www.youtube.com/watch?v=33GECflf3Ds
8DB8I2LQpV8,Конференција за предизвиците и перспективите за ЕУ-интеграција на поранешни претседатели од регионот,"Follow Sitel Televizija on...
• WEB: http://sitel.com.mk/
• FB: https://smarturl.it/sitelFB
• IG: https://smarturl.it/SitelInstagram
• Tw: https://smarturl.it/SitelTwitter

© & ℗ Sitel Televizija All Rights Reserved",Сител Телевизија,2023-10-14 17:02:54+00:00,2023,517,4,4,7,интеграција во ЕУ Македонија,интеграција во ЕУ Македонија,mk,https://www.youtube.com/watch?v=8DB8I2LQpV8
XfNxJSv32Vk,"Премиерот Заев, ексклузивно во „Само Вистина“, на Канал 5 денеска во 18.30","Follow Kanal5 on...
• FB: https://smarturl.it/fb5
• IG: https://smarturl.it/Ig5
• Web: https://kanal5.com.mk/

© & ℗ Kanal5 & IN Media. All Rights Reserved",Канал 5 Телевизија,2018-06-19 12:05:04+00:00,2018,3242,17,3,7,Преспански договор; преспански договор,преспански договор,mk,https://www.youtube.com/watch?v=XfNxJSv32Vk
ryk7P50NggE,Новиот француски предлог доби зелено светло во Влада,"Follow TV21 on...
• Web: https://tv21.mk & https://tv21.tv
• FB: https://smarturl.it/TV21Fb
• IG: https://smarturl.it/TV21IG
• Tw: https://smarturl.it/tv21Tw
• Телефон: 02/313-5630

© & ℗ TV21 & IN Media. All Rights Reserved",TV21,2022-07-01 17:10:36+00:00,2022,1980,9,2,7,француски предлог Македонија,француски предлог Македонија,mk,https://www.youtube.com/watch?v=ryk7P50NggE
rf6JL5tbGcY,Апел за помош на семјствата чиј куќи изгореа по удар на гром во Прилеп,"Follow Sitel Televizija on...
• WEB: http://sitel.com.mk/
• FB: https://smarturl.it/sitelFB
• IG: https://smarturl.it/SitelInstagram
• Tw: https://smarturl.it/SitelTwitter

© & ℗ Sitel Televizija All Rights Reserved",Сител Телевизија,2022-08-05 14:23:11+00:00,2022,972,11,2,7,социјален стрес,социјален стрес,mk,https://www.youtube.com/watch?v=rf6JL5tbGcY
ywLsFXO8Waw,"MAНУ го одбележа Денот на Академијата - Традиција, национален идентитет и визија за иднината",,AlfaTV News,2025-10-10 12:37:00+00:00,2025,35,0,2,7,национален идентитет,национален идентитет,mk,https://www.youtube.com/watch?v=ywLsFXO8Waw
Dh6ybs9C8KQ,ЕМОЦИОНАЛНИ ТРИГЕРИ (Што кога некој ќе ве вознемири?),#emotions #relationship,Ilina Vedran,2021-06-11 16:00:16+00:00,2021,539,19,1,7,колективна траума,колективна траума,mk,https://www.youtube.com/watch?v=Dh6ybs9C8KQ
Dd4K7h1VIdE,Пендаровски: Нема толеранција за насилство врз жени и деца,"Follow Sitel Televizija on...
• WEB: http://sitel.com.mk/
• FB: https://smarturl.it/sitelFB
• IG: https://smarturl.it/SitelInstagram
• Tw: https://smarturl.it/SitelTwitter

© & ℗ Sitel Televizija & IN Media. All Rights Reserved",Сител Телевизија,2020-11-25 13:20:07+00:00,2020,247,5,1,7,социјален стрес,социјален стрес,mk,https://www.youtube.com/watch?v=Dd4K7h1VIdE
E8RYutJl9dg,Конференција за предизвиците и перспективите за ЕУ-интеграција на поранешни претседатели од регионот,"Follow Sitel Televizija on...
• WEB: http://sitel.com.mk/
• FB: https://smarturl.it/sitelFB
• IG: https://smarturl.it/SitelInstagram
• Tw: https://smarturl.it/SitelTwitter

© & ℗ Sitel Televizija All Rights Reserved",Сител Телевизија,2023-10-14 14:47:29+00:00,2023,182,0,1,7,интеграција во ЕУ Македонија,интеграција во ЕУ Македонија,mk,https://www.youtube.com/watch?v=E8RYutJl9dg
HhCtcLFTScE,Неопходни реформи во македонскиот правосуден систем,"Web: http://sitel.com.mk/
Facebook: https://www.facebook.com/tvsitel.mk/
Twitter: https://twitter.com/SitelTV
Instagram: https://www.instagram.com/siteltelevision/

Copyright: OnAir Media Group; www.onair.mk",Сител Телевизија,2018-07-02 17:48:11+00:00,2018,136,0,1,7,довербата во системот,довербата во системот,mk,https://www.youtube.com/watch?v=HhCtcLFTScE
BNLiAKMmJfA,Владата негира дека добила „француски предлог“ Милошоски бара да се достави документот во Собрание,"Follow TV21 on...
• Web: https://tv21.mk & https://tv21.tv
• FB: https://smarturl.it/TV21Fb
• IG: https://smarturl.it/TV21IG
• Tw: https://smarturl.it/tv21Tw
• Телефон: 02/313-5630

© & ℗ TV21 & IN Media. All Rights Reserved",TV21,2022-06-21 17:56:29+00:00,2022,119,0,1,7,француски предлог Македонија,француски предлог Македонија,mk,https://www.youtube.com/watch?v=BNLiAKMmJfA
i6twLNWLcSI,"Богдан Илиевски, Ѓорѓи Трендафилов и Павле Богоевски во „Само Вистина“ 8.2.2022 1 дел","Follow Kanal5 on...
• FB: https://smarturl.it/fb5
• IG: https://smarturl.it/Ig5
• Web: https://kanal5.com.mk/

© & ℗ Kanal5 & IN Media. All Rights Reserved",Канал 5 Телевизија,2022-02-08 19:47:42+00:00,2022,10136,29,0,7,довербата во системот,довербата во системот,mk,https://www.youtube.com/watch?v=i6twLNWLcSI
tFDQ0pSOm4k,На повидок нова политичка криза,,Телма ТВ / Telma TV,2018-10-02 13:10:44+00:00,2018,1799,1,0,7,политичка криза,политичка криза,mk,https://www.youtube.com/watch?v=tFDQ0pSOm4k
9u92u3eg6Jw,"Некапацитетност, криминал, Преспански и Француски предлог го урнаа рејтингот на претходната власт","Follow Sitel Televizija on...
• WEB: http://sitel.com.mk/
• FB: https://www.facebook.com/sitelmk
• IG: https://www.instagram.com/sitel.tv/
• Tw: https://twitter.com/SitelTV
• TT: https://www.tiktok.com/@sitel.televizija

© & ℗ Sitel Televizija All Rights Reserved",Сител Телевизија,2025-03-09 08:29:26+00:00,2025,1753,20,0,7,француски предлог Македонија,француски предлог Македонија,mk,https://www.youtube.com/watch?v=9u92u3eg6Jw
yZ1L8ABB7OQ,Дали отчитувачите на отисоци ќе направат нова политичка криза?,"Follow Sitel Televizija on...
• WEB: http://sitel.com.mk/
• FB: https://smarturl.it/sitelFB
• IG: https://smarturl.it/SitelInstagram
• Tw: https://smarturl.it/SitelTwitter

© & ℗ Sitel Televizija & IN Media. All Rights Reserved",Сител Телевизија,2021-03-13 15:44:25+00:00,2021,1270,4,0,7,политичка криза; политичка криза Македонија,политичка криза Македонија,mk,https://www.youtube.com/watch?v=yZ1L8ABB7OQ
7wPpDz0JGDU,Stevo Pendarovski Pretsedatel na Makedonija so mit Anastasija - naskoro….,@mitanastasija со Претседателот Стево Пендаровски на „ТИ“,Mit Anastasija,2023-05-23 05:49:42+00:00,2023,829,34,0,7,француски предлог Македонија,француски предлог Македонија,mk,https://www.youtube.com/watch?v=7wPpDz0JGDU
up91yoJPdTQ,Се вмеша ли португалското претседателство во јазичениот спор меѓу Mакедонија и Бугарија?,"Португалија за два дена и го предава македонско-бугарскиот спор на Словенија.  

Follow Kanal5 on...
• FB: https://smarturl.it/fb5
• IG: https://smarturl.it/Ig5
• Web: https://kanal5.com.mk/

© & ℗ Kanal5 & IN Media. All Rights Reserved",Канал 5 Телевизија,2021-06-29 13:16:10+00:00,2021,756,9,0,7,бугарско вето Македонија,бугарско вето Македонија,mk,https://www.youtube.com/watch?v=up91yoJPdTQ
imtiA0H4E5U,Заев се договори со Села - ќе има ли договор и со Касами,"Web: http://sitel.com.mk/
Facebook: https://www.facebook.com/tvsitel.mk/
Twitter: https://twitter.com/SitelTV
Instagram: https://www.instagram.com/siteltelevision/

Copyright: OnAir Media Group; www.onair.mk",Сител Телевизија,2019-01-08 18:41:07+00:00,2019,728,0,0,7,Преспански договор; преспански договор,преспански договор,mk,https://www.youtube.com/watch?v=imtiA0H4E5U
ZiUcIkT1vZg,ВМРО-ДПМНЕ на Централен комитет гради став за актуелната политичка криза,"Web: http://sitel.com.mk/
Facebook: https://www.facebook.com/tvsitel.mk/
Twitter: https://twitter.com/SitelTV
Instagram: https://www.instagram.com/siteltelevision/

Copyright: OnAir Media Group; www.onair.mk",Сител Телевизија,2018-10-04 14:44:52+00:00,2018,434,2,0,7,политичка криза,политичка криза,mk,https://www.youtube.com/watch?v=ZiUcIkT1vZg
YZR3zKboHI0,"Заев на Твитер: Македонски јазик и народ-заштитени и зајакнати! македонски идентитет, ерга омнес","Web: http://sitel.com.mk/
Facebook: https://www.facebook.com/tvsitel.mk/
Twitter: https://twitter.com/SitelTV
Instagram: https://www.instagram.com/siteltelevision/

Copyright: OnAir Media Group; www.onair.mk",Сител Телевизија,2018-07-02 14:27:44+00:00,2018,423,3,0,7,македонски идентитет,македонски идентитет,mk,https://www.youtube.com/watch?v=YZR3zKboHI0
8Bli9bM-a-Y,Рама разочаран од односот на ЕУ кон европската интеграција на регионот,,Телма ТВ / Telma TV,2022-06-23 14:45:38+00:00,2022,396,4,0,7,интеграција во ЕУ Македонија,интеграција во ЕУ Македонија,mk,https://www.youtube.com/watch?v=8Bli9bM-a-Y
BKd-1bQu5pY,НАМИРНИЦИ  БОГАТИ СО МЕЛАТОНИН - РАЗГОВОР СО ТАТЈАНА ПАВЛОВА - НУТРИЦИОНИСТ,,Македонија наутро,2022-07-18 10:41:26+00:00,2022,307,8,0,7,стрес во општеството,стрес во општеството,mk,https://www.youtube.com/watch?v=BKd-1bQu5pY
x8F9tfM_Ens,Пендаровски: Време е ЕУ интеграција на земјите од Западен Балкан да ја препознае како главна одлука,,Televizija 24,2020-12-07 19:01:59+00:00,2020,297,5,0,7,интеграција во ЕУ Македонија,интеграција во ЕУ Македонија,mk,https://www.youtube.com/watch?v=x8F9tfM_Ens
DPMRkXViC7c,25 минути: Дали има воопшто нов француски предлог?,25minuti.platform.mk,25 minuti,2022-07-03 17:09:32+00:00,2022,286,2,0,7,француски предлог Македонија,француски предлог Македонија,mk,https://www.youtube.com/watch?v=DPMRkXViC7c
SSIG7w_OBOM,Заев: Македонскиот јазик и македонски идентитет признаени од целиот свет е вековна придобивка!,"www.IZLEZI.mk

---------------------------------
https://www.facebook.com/Izlezi.ZA/
https://twitter.com/Izlezi_ZA
https://www.instagram.com/izlezi.za/",Излези ЗА eвропска Македонија,2018-09-11 18:46:34+00:00,2018,263,1,0,7,македонски идентитет,македонски идентитет,mk,https://www.youtube.com/watch?v=SSIG7w_OBOM
16Js3IFtFOY,Дали отчитувачите на отисоци ќе направат нова политичка криза?,"Follow Sitel Televizija on...
• WEB: http://sitel.com.mk/
• FB: https://smarturl.it/sitelFB
• IG: https://smarturl.it/SitelInstagram
• Tw: https://smarturl.it/SitelTwitter

© & ℗ Sitel Televizija & IN Media. All Rights Reserved",Сител Телевизија,2021-03-13 18:04:56+00:00,2021,263,0,0,7,политичка криза; политичка криза Македонија,политичка криза Македонија,mk,https://www.youtube.com/watch?v=16Js3IFtFOY
xujO_f9XcpE,"Каков парламент да очекуваат граѓаните, функционален или политичка криза?","Web: http://sitel.com.mk/
Facebook: https://www.facebook.com/sitelvesti/
Twitter: https://twitter.com/SitelTV
Instagram: https://www.instagram.com/siteltelevision/

Copyright: OnAir Media Group; www.onair.mk",Сител Телевизија,2020-09-11 19:25:44+00:00,2020,257,0,0,7,политичка криза; политичка криза Македонија,политичка криза Македонија,mk,https://www.youtube.com/watch?v=xujO_f9XcpE
QYgCDXK0YjM,"Меѓаши: Учениците се жртви на вербално насилство, во училиштето не гледаат помош","Web: http://sitel.com.mk/
Facebook: https://www.facebook.com/sitelvesti/
Twitter: https://twitter.com/SitelTV
Instagram: https://www.instagram.com/siteltelevision/

Copyright: OnAir Media Group; www.onair.mk",Сител Телевизија,2020-07-07 16:49:51+00:00,2020,251,0,0,7,социјален стрес,социјален стрес,mk,https://www.youtube.com/watch?v=QYgCDXK0YjM
sheEEBs_HuM,Фактор здравје - 16.5.2019,"ОКСИДАТИВЕН СТРЕС-ТИВОК УБИЕЦ
Гостин: асс. д-р Петар Вукичевиќ-спец. кардиохирург",Televizija 24,2019-05-16 18:53:27+00:00,2019,234,1,0,7,стрес во општеството,стрес во општеството,mk,https://www.youtube.com/watch?v=sheEEBs_HuM
p6f1MvYFLuM,"Пушењето, сепак, е број 1 здравствен проблем – разговор со Д-р Митов","https://www.slobodenpecat.mk/
Следете нѐ на Facebook: www.facebook.com/slobodenpecat/
Следете нѐ на Instagram: www.instagram.com/slobodenpecat/
Следете нѐ на Twitter: https://twitter.com/sloboden_pecat/

#slobodenpecat #slobodnaTV",Слободен Печат ТВ / Sloboden Pecat TV,2020-11-04 11:03:39+00:00,2020,214,0,0,7,социјален стрес,социјален стрес,mk,https://www.youtube.com/watch?v=p6f1MvYFLuM
pcFdMlRw1Nw,Мицковски : Нема демократски услови за враќање на ВМРО – ДПМНЕ во Собранието,"Follow Kanal5 on...
• FB: https://smarturl.it/fb5
• IG: https://smarturl.it/Ig5
• Web: https://kanal5.com.mk/

© & ℗ Kanal5 & IN Media. All Rights Reserved",Канал 5 Телевизија,2018-01-09 16:23:02+00:00,2018,213,2,0,7,реформа на уставот Македонија,реформа на уставот Македонија,mk,https://www.youtube.com/watch?v=pcFdMlRw1Nw
iJhYTLP6hRM,Коѕијас: Продолжуваме со преговорите,,Телма ТВ / Telma TV,2018-02-05 11:18:15+00:00,2018,191,0,0,7,Преспански договор; преспански договор,преспански договор,mk,https://www.youtube.com/watch?v=iJhYTLP6hRM
BZ6-yEqGM6U,"Македонската иднина е европска, со македонски јазик, култура, идентитет и историска посебност",,SDSMtube,2022-07-16 11:33:44+00:00,2022,167,4,0,7,македонски идентитет,македонски идентитет,mk,https://www.youtube.com/watch?v=BZ6-yEqGM6U
BKPDhePdjZ4,Заев ќе го предводи Советот за реформи во судството,"Official facebook: https://www.facebook.com/tvsitel.mk/
Web: http://sitel.com.mk/
Copyright: OnAir Media Group; www.onair.mk",Сител Телевизија,2018-01-29 16:08:58+00:00,2018,165,0,0,7,реформа на уставот Македонија,реформа на уставот Македонија,mk,https://www.youtube.com/watch?v=BKPDhePdjZ4
3bWnBKAlAoU,Црвен Крст со донација во струмичките училишта,"Follow Sitel Televizija on...
• WEB: http://sitel.com.mk/
• FB: https://smarturl.it/sitelFB
• IG: https://smarturl.it/SitelInstagram
• Tw: https://smarturl.it/SitelTwitter

© & ℗ Sitel Televizija & IN Media. All Rights Reserved",Сител Телевизија,2020-11-06 11:13:45+00:00,2020,155,1,0,7,социјален стрес,социјален стрес,mk,https://www.youtube.com/watch?v=3bWnBKAlAoU
tU9M_bS6nLY,Мустафа: Учениците се под стрес – сега им е потребна нашата поддршка,"https://www.slobodenpecat.mk/
Следете нѐ на Facebook: www.facebook.com/slobodenpecat/
Следете нѐ на Instagram: www.instagram.com/slobodenpecat/
Следете нѐ на Twitter: https://twitter.com/sloboden_pecat/

#slobodenpecat #slobodnaTV",Слободен Печат ТВ / Sloboden Pecat TV,2020-04-08 06:56:42+00:00,2020,115,0,0,7,стрес во општеството,стрес во општеството,mk,https://www.youtube.com/watch?v=tU9M_bS6nLY
aOBs-PlEPTs,„55 ГОДИНИ МАКЕДОНСКА ДИПЛОМАТИЈА“ - ДИПЛОМАТИЈАТА - НАЦИОНАЛЕН ИДЕНТИТЕТ НА СЕКОЈА ЗЕМЈА,,Македонија наутро,2024-04-29 08:49:37+00:00,2024,107,0,0,7,национален идентитет,национален идентитет,mk,https://www.youtube.com/watch?v=aOBs-PlEPTs
zZeO7qdd-LQ,"Георгиевска за СТУДИО 10: Онлајн наставата е траума за децата, бомбите покажаа слабост на системот",,Televizija 24,2023-02-27 11:12:45+00:00,2023,73,0,0,7,траума во заедницата,траума во заедницата,mk,https://www.youtube.com/watch?v=zZeO7qdd-LQ
5r3noRvnbBI,Политичка криза или пак политички популизам?,,Televizija 24Vesti,2025-03-10 17:54:16+00:00,2025,66,1,0,7,политичка криза,политичка криза,mk,https://www.youtube.com/watch?v=5r3noRvnbBI
aLLUfYgDpd4,Стрес и нервоза – проблеми со уписите во средните училишта,,AlfaTV News,2022-06-10 13:26:22+00:00,2022,64,0,0,7,стрес во општеството,стрес во општеството,mk,https://www.youtube.com/watch?v=aLLUfYgDpd4
iFedfrlFFw8,1 минута Вести 23.09.2022,"Во шеесет секунди ги донесуваме најзначајните информации на денот, креативно спакувани за читателите на социјалните мрежи, нашиот YouTube kanal и секако на порталот со најголема доверба на онлајн платформите во регионот.",ohridnews,2022-09-23 13:13:21+00:00,2022,58,1,0,7,довербата во системот,довербата во системот,mk,https://www.youtube.com/watch?v=iFedfrlFFw8
jO-bDaZOIPY,"Штип е во сигурни раце, освоените речиси 12.000 гласови се потврда за успешните политики на СДСМ",,SDSMtube,2020-12-14 11:43:01+00:00,2020,56,2,0,7,довербата во институциите,довербата во институциите,mk,https://www.youtube.com/watch?v=jO-bDaZOIPY
GpnD4FAZ-EE,Неколкуте кризи ги изложија граѓаните на континуиран токсичен стрес,"Слободен печат - секогаш на страна на народот.
https://www.slobodenpecat.mk/

Претплатете се на нашиот Youtube канал   

Следете нѐ на Facebook: https://www.facebook.com/slobodenpecat
Следете нѐ на Instagram: https://www.instagram.com/slobodenpecat/
Следете нѐ на Twitter: https://twitter.com/sloboden_pecat/

#slobodenpecat #slobodnaTV
#slobodenpecat #slobodnaTV",Слободен Печат ТВ / Sloboden Pecat TV,2022-01-27 12:32:24+00:00,2022,49,1,0,7,стрес во општеството,стрес во општеството,mk,https://www.youtube.com/watch?v=GpnD4FAZ-EE
LZDgEHOAPC0,"ШИЛЕГОВ: ЈАЗИКОТ Е НАШЕТО ОРУЖЈЕ, НАШИОТ ПОСТОЈАН БЕДЕМ, НО И НАШАТА КОЛЕКТИВНА МЕМОРИЈА",,Grad Skopje Odnosi so javnost,2020-02-20 11:35:38+00:00,2020,42,0,0,7,колективна меморија,колективна меморија,mk,https://www.youtube.com/watch?v=LZDgEHOAPC0
N2zEVwjtGAw,ИЗБОРИ НА 7 ЈУНИ НОВА ПОЛИТИЧКА КРИЗА 23 04 2020,,Televizija Star,2020-04-23 13:36:26+00:00,2020,40,0,0,7,политичка криза,политичка криза,mk,https://www.youtube.com/watch?v=N2zEVwjtGAw
rzTWbb8IIW8,„56 ГОДИНИ МАКЕДОНСКА ДИПЛОМАТИЈА“ - ДИПЛОМАТИЈАТА - НАЦИОНАЛЕН ИДЕНТИТЕТ НА СЕКОЈА ЗЕМЈА,,Македонија наутро,2025-04-28 08:46:10+00:00,2025,27,0,0,7,национален идентитет,национален идентитет,mk,https://www.youtube.com/watch?v=rzTWbb8IIW8
vBAOLRfQbgw,Кондиќ-Митковска: Децата не добиле никакви насоки за справување со стресот,"Прочитај ја целата приказна „Пандемијата донесе депресија и анксиозност меѓу учениците“
https://samoprasaj.mk/ziveacka/pandemijata-donese-depresija-i-anksioznost-megu-ucenicite

Новинарка: Елица Бочвароска
Сниматели: Славче Анѓелков и Наќе Батев
Монтажа: Фани Гошевска

Оваа содржина ја изработи Институтот за комуникациски студии
https://iks.edu.mk

Погледни ги и останатите содржини на Само прашај
https://samoprasaj.mk",Само прашај / Samo prasaj,2022-12-09 15:47:39+00:00,2022,19,0,0,7,стрес во општеството,стрес во општеството,mk,https://www.youtube.com/watch?v=vBAOLRfQbgw
h78E2iKnlZ4,"Чиј неуспех, освен македонски е бугарското вето - какви предизвици не очекуваат?","Follow Sitel Televizija on...
• WEB: http://sitel.com.mk/
• FB: https://smarturl.it/sitelFB
• IG: https://smarturl.it/SitelInstagram
• Tw: https://smarturl.it/SitelTwitter

© & ℗ Sitel Televizija & IN Media. All Rights Reserved",Сител Телевизија,2020-12-07 20:05:33+00:00,2020,2187,9,52,6,бугарско вето Македонија,бугарско вето Македонија,mk,https://www.youtube.com/watch?v=h78E2iKnlZ4
UDPGzNHBtIk,Проблемот со Бугарија и актуелните политички случувања,"Разговараме со Никола Србов, историчар и политички аналитичар.",РАДИО ЛИДЕР,2022-03-15 09:35:17+00:00,2022,879,7,29,6,политички настани Македонија,политички настани Македонија,mk,https://www.youtube.com/watch?v=UDPGzNHBtIk
f8mh9-eoe9o,Македонската дипломатија влегува во конфликт со Македонците низ светот,,AlfaTV News,2019-09-30 15:44:19+00:00,2019,4474,49,24,6,реформа на уставот Македонија,реформа на уставот Македонија,mk,https://www.youtube.com/watch?v=f8mh9-eoe9o
bE-NgNztiSM,"Пред седницата на ЕП, бугарски европратеник со амандман против македонскиот идентитет и јазик","Follow TV21 on...
• Web: https://tv21.mk & https://tv21.tv
• FB: https://smarturl.it/TV21Fb
• IG: https://smarturl.it/TV21IG
• Tw: https://smarturl.it/tv21Tw
• Телефон: 02/313-5630

© & ℗ TV21 & IN Media. All Rights Reserved",TV21,2025-06-01 15:14:20+00:00,2025,1173,4,22,6,македонски идентитет,македонски идентитет,mk,https://www.youtube.com/watch?v=bE-NgNztiSM
vJA5ePgd5vA,Пендаровски: Државата нема да се растури ако Бугарите влезат во Уставот,"Follow Sitel Televizija on...
• WEB: http://sitel.com.mk/
• FB: https://smarturl.it/sitelFB
• IG: https://smarturl.it/SitelInstagram
• Tw: https://smarturl.it/SitelTwitter

© & ℗ Sitel Televizija All Rights Reserved",Сител Телевизија,2023-04-11 19:05:59+00:00,2023,948,3,18,6,реформа на уставот Македонија,реформа на уставот Македонија,mk,https://www.youtube.com/watch?v=vJA5ePgd5vA
M_29l9JZYHc,"ЕУ ќе ги замрзне сметките на Путин и Лавров, НАТО Самит со осуда за Русија","Follow Sitel Televizija on...
• WEB: http://sitel.com.mk/
• FB: https://smarturl.it/sitelFB
• IG: https://smarturl.it/SitelInstagram
• Tw: https://smarturl.it/SitelTwitter

© & ℗ Sitel Televizija All Rights Reserved",Сител Телевизија,2022-02-25 18:45:56+00:00,2022,710,3,6,6,НАТО ЕУ Македонија протест,НАТО ЕУ Македонија протест,mk,https://www.youtube.com/watch?v=M_29l9JZYHc
kNobEkZNRjo,Заев ветуваше дека Уставот нема да се менува,,AlfaTV News,2018-10-15 14:53:41+00:00,2018,1372,5,5,6,реформа на уставот Македонија,реформа на уставот Македонија,mk,https://www.youtube.com/watch?v=kNobEkZNRjo
gytDD0EXPXQ,"„Ако се отвори уставот, ќе го укинеме и 20% за албанскиот јазик“, вели Груби","Follow TV21 on...
• Web: https://tv21.mk & https://tv21.tv
• FB: https://smarturl.it/TV21Fb
• IG: https://smarturl.it/TV21IG
• Tw: https://smarturl.it/tv21Tw
• Телефон: 02/313-5630

© & ℗ TV21 & IN Media. All Rights Reserved",TV21,2022-01-29 19:09:25+00:00,2022,6012,19,4,6,реформа на уставот Македонија,реформа на уставот Македонија,mk,https://www.youtube.com/watch?v=gytDD0EXPXQ
O-vxmD6Go3U,ВМРО-ДПМНЕ ќе достави резолуција за Бугарија - СДСМ: Македонскиот идентитет е признаен,"Follow TV21 on...
• Web: https://tv21.mk & https://tv21.tv
• FB: https://smarturl.it/TV21Fb
• IG: https://smarturl.it/TV21IG
• Tw: https://smarturl.it/tv21Tw
• Телефон: 02/313-5630

© & ℗ TV21 & IN Media. All Rights Reserved",TV21,2021-07-02 15:18:08+00:00,2021,297,0,3,6,национален идентитет,национален идентитет,mk,https://www.youtube.com/watch?v=O-vxmD6Go3U
udBbTMtuJRM,Без реформи нема ЕУ - нови пораки на критики за македонските власти,,AlfaTV News,2023-01-12 14:34:45+00:00,2023,295,1,2,6,реформа на уставот Македонија,реформа на уставот Македонија,mk,https://www.youtube.com/watch?v=udBbTMtuJRM
BO89ZuOJIfs,Вајц: Вметнувањето на македонскиот јазик и идентитет не беша грешка,,Televizija 24Vesti,2025-07-09 18:23:33+00:00,2025,2238,1,0,6,македонски идентитет,македонски идентитет,mk,https://www.youtube.com/watch?v=BO89ZuOJIfs
xs4S-F8gaeM,Грчката влада ја подготвува јавноста дека не може да се спори идентитетот на етничките Македонци?,,360 Stepeni,2018-02-12 23:57:06+00:00,2018,1568,4,0,6,политички настани Македонија,политички настани Македонија,mk,https://www.youtube.com/watch?v=xs4S-F8gaeM
2eTsGcHWdcY,Иванов бара одговорност од УБК и МВР,"Web: http://sitel.com.mk/
Facebook: https://www.facebook.com/tvsitel.mk/
Twitter: https://twitter.com/SitelTV
Instagram: https://www.instagram.com/siteltelevision/

Copyright: OnAir Media Group; www.onair.mk",Сител Телевизија,2018-11-16 19:33:44+00:00,2018,908,3,0,6,реформа на уставот Македонија,реформа на уставот Македонија,mk,https://www.youtube.com/watch?v=2eTsGcHWdcY
yAqYE4fwe44,Балкански мафијаши со македонски документи?! - Со украден идентитет до валидна патна исправа,"Follow TV21 on...
• Web: https://tv21.mk & https://tv21.tv
• FB: https://smarturl.it/TV21Fb
• IG: https://smarturl.it/TV21IG
• Tw: https://smarturl.it/tv21Tw
• Телефон: 02/313-5630

© & ℗ TV21 & IN Media. All Rights Reserved",TV21,2021-04-05 17:44:09+00:00,2021,679,0,0,6,македонски идентитет,македонски идентитет,mk,https://www.youtube.com/watch?v=yAqYE4fwe44
-pkTXL3L9AE,"Димитро: Македонски идентитет и европска иднина, ""или-или"" е пораз и на европската идеја",,Телма ТВ / Telma TV,2020-05-05 19:41:27+00:00,2020,389,3,0,6,македонски идентитет,македонски идентитет,mk,https://www.youtube.com/watch?v=-pkTXL3L9AE
MkQHPghS2gc,"Самарас: Грција за прв пат призна постоење на македонски идентитет, јазик и националност!",,Prvatv,2018-10-08 12:49:30+00:00,2018,380,0,0,6,македонски идентитет,македонски идентитет,mk,https://www.youtube.com/watch?v=MkQHPghS2gc
c_mRcMJ8F6c,"Жбогар: Нема политичка криза, институциите функционираат да го расчистат целосно случајот „Рекет„","Web: http://sitel.com.mk/
Facebook: https://www.facebook.com/tvsitel.mk/
Twitter: https://twitter.com/SitelTV
Instagram: https://www.instagram.com/siteltelevision/

Copyright: OnAir Media Group; www.onair.mk",Сител Телевизија,2019-07-22 14:10:36+00:00,2019,165,0,0,6,политичка криза,политичка криза,mk,https://www.youtube.com/watch?v=c_mRcMJ8F6c
ZFe5Z4ilU8U,Академија за дигитален маркетинг за девојки и жени од ранливи категории 09.12.2021,,Утринска на Телма / Utrinska na Telma,2021-12-09 09:39:43+00:00,2021,136,0,0,6,довербата во системот,довербата во системот,mk,https://www.youtube.com/watch?v=ZFe5Z4ilU8U
qiFPzNBe-Bk,Мицкоски: Избори се решение за излез од политичка криза,,AlfaTV News,2023-06-19 10:45:19+00:00,2023,110,0,0,6,политичка криза,политичка криза,mk,https://www.youtube.com/watch?v=qiFPzNBe-Bk
XMHzNBL3xPg,"71 апликации за државјанство по новиот закон - за 13 одлучено е позитивно, другите сè уште се процес","Follow TV21 on...
• Web: https://tv21.mk & https://tv21.tv
• FB: https://smarturl.it/TV21Fb
• IG: https://smarturl.it/TV21IG
• Tw: https://smarturl.it/tv21Tw
• Телефон: 02/313-5630

© & ℗ TV21 & IN Media. All Rights Reserved",TV21,2021-10-03 15:51:26+00:00,2021,98,0,0,6,реформа на уставот Македонија,реформа на уставот Македонија,mk,https://www.youtube.com/watch?v=XMHzNBL3xPg
z5jvMNyAz_0,ТЕКСТИЛЦИТЕ СЕ ПЛАШАТ ОД НОВА ПОЛИТИЧКА КРИЗА  15 10 2018,,Televizija Star,2018-10-15 13:14:49+00:00,2018,84,0,0,6,политичка криза,политичка криза,mk,https://www.youtube.com/watch?v=z5jvMNyAz_0
Fi5BzGUrfBQ,"Николовски: Граѓаните застанаа зад политиките на СДСМ, довербата расте и од македонскиот Исток!",,SDSMtube,2020-12-14 20:28:28+00:00,2020,50,3,0,6,довербата во институциите,довербата во институциите,mk,https://www.youtube.com/watch?v=Fi5BzGUrfBQ
cfmHLtkVGvM,"Многувековен македонски идентитет е лага, историското ВМРО припаѓаше на бугарскиот свет",,Старио Радко,2025-01-28 17:42:00+00:00,2025,38,1,0,6,македонски идентитет,македонски идентитет,mk,https://www.youtube.com/watch?v=cfmHLtkVGvM
5EdqO0RC0ck,"Нарушени семејни односи и ментално здравје кај младите- Мирјана Цветковиќ, психолог, семеен советник","Мирјана Цветковиќ 
психолог, системски семеен советник  
 
Телевизија: Телма 
Емисија: Телма Амбуланта 
Тема : Нарушени семејни односи и ментално здравје кај младите",ALTERNATIVA Group,2025-08-13 14:04:44+00:00,2025,24,0,0,6,стрес во општеството,стрес во општеството,mk,https://www.youtube.com/watch?v=5EdqO0RC0ck
hvSPc6PL4DI,ВИСТИНА Е - КАКО СТРЕСОТ ВЛИЈАЕ ВРЗ НАШЕТО ТЕЛО ?,"Следете нѐ на: 

https://www.facebook.com/vtv.mk/
https://www.instagram.com/vtv.mk/
Livestream: https://vtv.mk/",В ТВ Вистинска Телевизија,2024-08-23 15:05:13+00:00,2024,23,0,0,6,стрес во општеството,стрес во општеството,mk,https://www.youtube.com/watch?v=hvSPc6PL4DI
35i5ciImtrE,Тема на денот – Како ќе се постави опозицијата по модифицираниот француски предлог?,"Follow Sitel Televizija on...
• WEB: http://sitel.com.mk/
• FB: https://smarturl.it/sitelFB
• IG: https://smarturl.it/SitelInstagram
• Tw: https://smarturl.it/SitelTwitter

© & ℗ Sitel Televizija All Rights Reserved",Сител Телевизија,2022-07-01 17:56:06+00:00,2022,4699,39,58,5,француски предлог Македонија,француски предлог Македонија,mk,https://www.youtube.com/watch?v=35i5ciImtrE
j02Kc0ujdfA,Пендаровски: Модификуваниот француски предлог е далеку подобар за нас,"Follow Sitel Televizija on...
• WEB: http://sitel.com.mk/
• FB: https://smarturl.it/sitelFB
• IG: https://smarturl.it/SitelInstagram
• Tw: https://smarturl.it/SitelTwitter

© & ℗ Sitel Televizija All Rights Reserved",Сител Телевизија,2022-06-30 14:38:15+00:00,2022,3092,15,27,5,француски предлог Македонија,француски предлог Македонија,mk,https://www.youtube.com/watch?v=j02Kc0ujdfA
AUhbBGg_xe4,Анализа: Како ќе се одрази модифицираниот предлог врз македонските евроинтеграции,"Follow Sitel Televizija on...
• WEB: http://sitel.com.mk/
• FB: https://smarturl.it/sitelFB
• IG: https://smarturl.it/SitelInstagram
• Tw: https://smarturl.it/SitelTwitter

© & ℗ Sitel Televizija All Rights Reserved",Сител Телевизија,2022-07-01 17:50:10+00:00,2022,5468,36,24,5,интеграција во ЕУ Македонија,интеграција во ЕУ Македонија,mk,https://www.youtube.com/watch?v=AUhbBGg_xe4
BUEHmHFjeQY,Заев од Берлин: Македонскиот јазик и идентитет се реалност,"Follow Sitel Televizija on...
• WEB: http://sitel.com.mk/
• FB: https://smarturl.it/sitelFB
• IG: https://smarturl.it/SitelInstagram
• Tw: https://smarturl.it/SitelTwitter

© & ℗ Sitel Televizija & IN Media. All Rights Reserved",Сител Телевизија,2020-11-16 18:03:05+00:00,2020,1770,6,18,5,македонски идентитет,македонски идентитет,mk,https://www.youtube.com/watch?v=BUEHmHFjeQY
8ZvCvwUVQZs,"Пристигна модификуван француски предлог,  владата најавува широк консултативен процес","Follow Sitel Televizija on...
• WEB: http://sitel.com.mk/
• FB: https://smarturl.it/sitelFB
• IG: https://smarturl.it/SitelInstagram
• Tw: https://smarturl.it/SitelTwitter

© & ℗ Sitel Televizija All Rights Reserved",Сител Телевизија,2022-06-30 17:02:01+00:00,2022,641,0,10,5,француски предлог Македонија,француски предлог Македонија,mk,https://www.youtube.com/watch?v=8ZvCvwUVQZs
cdwWdLsbi5I,Консултации на владината коалиција за модифицираниот француски предлог,,Televizija 24,2022-07-01 15:06:39+00:00,2022,174,3,9,5,француски предлог Македонија,француски предлог Македонија,mk,https://www.youtube.com/watch?v=cdwWdLsbi5I
q6XMQQlWumQ,„Тврдокорни“ го запалија знамето на ЕУ пред Собрание,,MAKFAX,2018-01-21 13:57:28+00:00,2018,7344,40,7,5,НАТО ЕУ Македонија протест,НАТО ЕУ Македонија протест,mk,https://www.youtube.com/watch?v=q6XMQQlWumQ
Uyxf258TYME,Анкета на ИПИС: Над 70% од граѓаните се против францускиот предлог,"Follow Sitel Televizija on...
• WEB: http://sitel.com.mk/
• FB: https://smarturl.it/sitelFB
• IG: https://smarturl.it/SitelInstagram
• Tw: https://smarturl.it/SitelTwitter

© & ℗ Sitel Televizija All Rights Reserved",Сител Телевизија,2022-07-07 10:14:17+00:00,2022,1936,17,5,5,француски предлог Македонија,француски предлог Македонија,mk,https://www.youtube.com/watch?v=Uyxf258TYME
lFD8aH6zq0Y,Санчез во Скопје: Охрабрување за реформи,,Televizija 24,2022-07-31 18:04:34+00:00,2022,361,2,3,5,реформа на уставот Македонија,реформа на уставот Македонија,mk,https://www.youtube.com/watch?v=lFD8aH6zq0Y
OdgkauvJJS4,ПРАШАЊЕ НА ДЕНОТ: 7 години Преспански - кои се придобивките ?,,Civil,2025-06-17 12:07:56+00:00,2025,782,5,2,5,Преспански договор; преспански договор,преспански договор,mk,https://www.youtube.com/watch?v=OdgkauvJJS4
GAz-Ffe0GXM,Демолиран бугарскиот клуб „цар Борис трети“ во Охрид,,Televizija 24,2022-11-21 15:45:12+00:00,2022,438,1,2,5,довербата во институциите,довербата во институциите,mk,https://www.youtube.com/watch?v=GAz-Ffe0GXM
b47GwJ3tfQw,"„Не очекувам голема политичка криза“, вели Кекеновски","Web: https://tv21.mk & https://tv21.tv
Телефон: 02 313 5630
Facebook: https://www.facebook.com/tv21hd
Twitter: https://www.twitter.com/tv21hd
Instagram: https://www.instagram.com/tv21hd
Youtube: TV21 OFFICIAL
Mail: tv21@rtv21.tv

Copyright: OnAir Media Group",ClickPlus TV21,2019-08-18 21:38:18+00:00,2019,630,0,1,5,политичка криза,политичка криза,mk,https://www.youtube.com/watch?v=b47GwJ3tfQw
vEaq_EFzSns,Анализа: Како течеше процесот за подигнување на бугарското вето,"Follow Sitel Televizija on...
• WEB: http://sitel.com.mk/
• FB: https://smarturl.it/sitelFB
• IG: https://smarturl.it/SitelInstagram
• Tw: https://smarturl.it/SitelTwitter

© & ℗ Sitel Televizija All Rights Reserved",Сител Телевизија,2022-06-30 14:14:33+00:00,2022,524,1,1,5,бугарско вето Македонија,бугарско вето Македонија,mk,https://www.youtube.com/watch?v=vEaq_EFzSns
GS6B6sG601Y,"УТРИНСКА ТЕМА - СЕ БЛИЖИ КРАЈОТ НА УЧЕБНАТА ГОДИНА, СТРЕС ЗА УЧЕНИЦИТЕ И ЗА РОДИТЕЛИТЕ",,Утринска на Телма / Utrinska na Telma,2024-05-29 07:49:39+00:00,2024,212,3,1,5,стрес во општеството,стрес во општеството,mk,https://www.youtube.com/watch?v=GS6B6sG601Y
iLv0P4h3qlY,"Нема избори, ќе има нова политичка криза - Што велат астролозите за 2020?","Web: https://tv21.mk & https://tv21.tv
Телефон: 02 313 5630
Facebook: https://www.facebook.com/tv21hd
Twitter: https://www.twitter.com/tv21hd
Instagram: https://www.instagram.com/tv21hd
Youtube: TV21 OFFICIAL
Mail: tv21@rtv21.tv

Copyright: OnAir Media Group",ClickPlus TV21,2020-01-05 18:24:38+00:00,2020,7644,13,0,5,политичка криза,политичка криза,mk,https://www.youtube.com/watch?v=iLv0P4h3qlY
netEKi1gRJw,Инциденти на протестите против „францускиот предлог“ пред влада,,Телма ТВ / Telma TV,2022-07-04 17:51:19+00:00,2022,3602,22,0,5,француски предлог Македонија,француски предлог Македонија,mk,https://www.youtube.com/watch?v=netEKi1gRJw
4iRijyKI3uA,Шестмина пратеници од ВМРО ДПМНЕ преговараат за уставни измени?,,Телма ТВ / Telma TV,2018-10-06 14:00:07+00:00,2018,1402,4,0,5,уставни измени Македонија,уставни измени Македонија,mk,https://www.youtube.com/watch?v=4iRijyKI3uA
cA7kQTdwSDM,Заев: Ќе се појавим како сведок во „Монструм“ ако судот го побара тоа,,A1 ONmkd,2018-04-21 11:45:39+00:00,2018,1208,3,0,5,траума од политички промени,траума од политички промени,mk,https://www.youtube.com/watch?v=cA7kQTdwSDM
hyyAztKUPdQ,Влијание на пандемијата врз стресот кај родителите. Дел 4: Зошто менаџирањето на стресот е важно?,,Линија за родители,2021-04-01 12:33:29+00:00,2021,985,5,0,5,стрес во општеството,стрес во општеството,mk,https://www.youtube.com/watch?v=hyyAztKUPdQ
MaQeVEB7sAU,"Како стресот, тагата и болката влијаат на нашето психичко и физичко здравје?",АлфаТвУтринска,DOBRO UTRO SEKOE UTRO,2025-03-21 10:12:43+00:00,2025,632,11,0,5,стрес во општеството,стрес во општеството,mk,https://www.youtube.com/watch?v=MaQeVEB7sAU
W3WEMEGtK8M,Гералд Канус за тв 24: Македонскиот идентитет беше опсесија за многу Бугари уште пред 25 години,,Televizija 24,2020-11-21 16:34:54+00:00,2020,568,2,0,5,македонски идентитет,македонски идентитет,mk,https://www.youtube.com/watch?v=W3WEMEGtK8M
5w80em2xTTE,Амбициозноста на родителите кон децата често предизвикува стрес и отпорност,"Follow Sitel Televizija on...
• WEB: http://sitel.com.mk/
• FB: https://smarturl.it/sitelFB
• IG: https://smarturl.it/SitelInstagram
• Tw: https://smarturl.it/SitelTwitter

© & ℗ Sitel Televizija All Rights Reserved",Сител Телевизија,2021-09-14 08:09:00+00:00,2021,564,3,0,5,стрес во општеството,стрес во општеството,mk,https://www.youtube.com/watch?v=5w80em2xTTE
6E0vLPCHUMk,Доц. Д-р. Кртолица: Една изборна единица поседува голем број на слабости,"Слободен печат - секогаш на страна на народот.
https://www.slobodenpecat.mk/

Претплатете се на нашиот Youtube канал   

Следете нѐ на Facebook: https://www.facebook.com/slobodenpecat
Следете нѐ на Instagram: https://www.instagram.com/slobodenpecat/
Следете нѐ на Twitter: https://twitter.com/sloboden_pecat/

#slobodenpecat #slobodnaTV
#slobodenpecat #slobodnaTV",Слободен Печат ТВ / Sloboden Pecat TV,2022-01-27 12:11:25+00:00,2022,422,2,0,5,довербата во системот,довербата во системот,mk,https://www.youtube.com/watch?v=6E0vLPCHUMk
8EDyAIllbgw,Преспански Јаболкобер 2018,Моменти од Преспанскиот Јаболкобер 2018 преточени низ фотографии... уживајте!,Chris Gerasovski,2018-10-22 06:52:13+00:00,2018,381,3,0,5,идентитетска криза Македонија,идентитетска криза Македонија,mk,https://www.youtube.com/watch?v=8EDyAIllbgw
ccXbtSwtn0g,Самит ЕУ-Западен Балкан - Средбата Заев Ципрас утре изутрина,"Web: http://sitel.com.mk/
Facebook: https://www.facebook.com/tvsitel.mk/
Twitter: https://twitter.com/SitelTV
Instagram: https://www.instagram.com/siteltelevision/

Copyright: OnAir Media Group; www.onair.mk",Сител Телевизија,2018-05-16 14:46:04+00:00,2018,208,1,0,5,политички настани Македонија,политички настани Македонија,mk,https://www.youtube.com/watch?v=ccXbtSwtn0g
ZTxakmfeH1s,Д-р Митов: Градината значи здрава храна и редовна физичка активност,"Слободен печат - секогаш на страна на народот.
https://www.slobodenpecat.mk/

Претплатете се на нашиот Youtube канал   

Следете нѐ на Facebook: https://www.facebook.com/slobodenpecat
Следете нѐ на Instagram: https://www.instagram.com/slobodenpecat/
Следете нѐ на Twitter: https://twitter.com/sloboden_pecat/

#slobodenpecat #slobodnaTV
#slobodenpecat #slobodnaTV",Слободен Печат ТВ / Sloboden Pecat TV,2022-06-22 08:06:49+00:00,2022,197,5,0,5,социјален стрес,социјален стрес,mk,https://www.youtube.com/watch?v=ZTxakmfeH1s
j7WGA4Uf44o,Влијание на пандемијата врз стресот кај родителите.Дел 3:Алатки за самопомош при справување со стрес,,Линија за родители,2021-04-01 12:31:12+00:00,2021,170,4,0,5,стрес во општеството,стрес во општеството,mk,https://www.youtube.com/watch?v=j7WGA4Uf44o
jatUln64v_U,"Француски предлог за тргање на ветото, Пендаровски: Го немаме добиено францускиот предлог","Follow TV21 on...
• Web: https://tv21.mk & https://tv21.tv
• FB: https://smarturl.it/TV21Fb
• IG: https://smarturl.it/TV21IG
• Tw: https://smarturl.it/tv21Tw
• Телефон: 02/313-5630

© & ℗ TV21 & IN Media. All Rights Reserved",TV21,2022-06-16 17:07:59+00:00,2022,164,0,0,5,француски предлог Македонија,француски предлог Македонија,mk,https://www.youtube.com/watch?v=jatUln64v_U
8P7Gi1JbqPo,Економија: Дали ЕУ нотира реформи или стагнација?,"Web: http://sitel.com.mk/
Facebook: https://www.facebook.com/tvsitel.mk/
Twitter: https://twitter.com/SitelTV
Instagram: https://www.instagram.com/siteltelevision/

Copyright: OnAir Media Group; www.onair.mk",Сител Телевизија,2019-05-30 14:15:42+00:00,2019,126,0,0,5,реформа на уставот Македонија,реформа на уставот Македонија,mk,https://www.youtube.com/watch?v=8P7Gi1JbqPo
S-e2vK3Fg-g,"Ние сме Македонци со македонски идентитет, нема потреба од какви било меморандуми за тоа",,SDSMtube,2020-12-10 12:19:20+00:00,2020,98,3,0,5,македонски идентитет,македонски идентитет,mk,https://www.youtube.com/watch?v=S-e2vK3Fg-g
l85PyMImEII,"ДПМНЕ се согласни дека Собранието има легитимитет за уставни измени, да продолжи дијалогот","Прес-конференција, Миле Талевски, пратеник на СДСМ",SDSMtube,2023-06-14 10:56:59+00:00,2023,78,2,0,5,уставни измени Македонија,уставни измени Македонија,mk,https://www.youtube.com/watch?v=l85PyMImEII
OXQZ1MN9lFY,"Како до дигитализација, но без дезинформација - потребно е зголемување на довербата кон институциите",,Info Kompas,2022-03-31 14:01:35+00:00,2022,48,0,0,5,довербата во институциите,довербата во институциите,mk,https://www.youtube.com/watch?v=OXQZ1MN9lFY
gw2Y8FzgZXQ,Снежана Стојчевска: На секое врнење дожд јас сум под стрес дека Библиотеката ќе се поплави,,Република,2025-01-27 09:51:38+00:00,2025,45,0,0,5,стрес во општеството,стрес во општеството,mk,https://www.youtube.com/watch?v=gw2Y8FzgZXQ
PH_sLSByqhE,Како економистите гледаат на актуелните политички настани?,"Follow TV21 on...
• Web: https://tv21.mk & https://tv21.tv
• FB: https://smarturl.it/TV21Fb
• IG: https://smarturl.it/TV21IG
• Tw: https://smarturl.it/tv21Tw
• Телефон: 02/313-5630

© & ℗ TV21 & IN Media. All Rights Reserved",TV21,2023-10-05 19:51:21+00:00,2023,41,0,0,5,политички настани Македонија,политички настани Македонија,mk,https://www.youtube.com/watch?v=PH_sLSByqhE
az5oV-K_Azk,ВМРО Народна партија бара рехабилитација на историски личности и настани,,Televizija 24,2023-08-04 15:27:56+00:00,2023,736,6,15,4,политички настани Македонија,политички настани Македонија,mk,https://www.youtube.com/watch?v=az5oV-K_Azk
NvjfoCeY_Pw,"Нема француски предлог, но има интензивни напори на Франција, вели Ковачевски","Follow Sitel Televizija on...
• WEB: http://sitel.com.mk/
• FB: https://smarturl.it/sitelFB
• IG: https://smarturl.it/SitelInstagram
• Tw: https://smarturl.it/SitelTwitter

© & ℗ Sitel Televizija All Rights Reserved",Сител Телевизија,2022-06-06 14:10:50+00:00,2022,532,8,11,4,француски предлог Македонија,француски предлог Македонија,mk,https://www.youtube.com/watch?v=NvjfoCeY_Pw
PElVRqYjUwU,"Француски предлог: Жестоки критики од екс македонски политичари, но и интелектуалци",,Televizija 24,2022-06-20 14:11:33+00:00,2022,2438,9,7,4,француски предлог Македонија,француски предлог Македонија,mk,https://www.youtube.com/watch?v=PElVRqYjUwU
tfXjFlEryHo,Таравари: Без уставни измени ќе добиеме вето од Бугарија и повеќедецениски застој,,Televizija 24,2023-04-04 15:02:05+00:00,2023,281,1,7,4,уставни измени Македонија,уставни измени Македонија,mk,https://www.youtube.com/watch?v=tfXjFlEryHo
FlNXJ-Ss6Fo,"По дебаклот со НАТО журките, скромна церемонија за подигање на знамето",,AlfaTV News,2019-02-13 15:33:52+00:00,2019,848,2,5,4,НАТО ЕУ Македонија протест,НАТО ЕУ Македонија протест,mk,https://www.youtube.com/watch?v=FlNXJ-Ss6Fo
2klMuWfca0U,Томас Вајц за БТВ: „Не гледам проблем за македонскиот идентитет и јазик“,"Follow TV21 on...
• Web: https://tv21.mk & https://tv21.tv
• FB: https://smarturl.it/TV21Fb
• IG: https://smarturl.it/TV21IG
• Tw: https://smarturl.it/tv21Tw
• Телефон: 02/313-5630

© & ℗ TV21 & IN Media. All Rights Reserved",TV21,2025-05-31 15:54:19+00:00,2025,535,1,5,4,македонски идентитет,македонски идентитет,mk,https://www.youtube.com/watch?v=2klMuWfca0U
fOWo1NJrSnA,Беса нема да гласа за уставни измени наведување и на албанскиот јазик,"Follow Sitel Televizija on...
• WEB: http://sitel.com.mk/
• FB: https://smarturl.it/sitelFB
• IG: https://smarturl.it/SitelInstagram
• Tw: https://smarturl.it/SitelTwitter

© & ℗ Sitel Televizija All Rights Reserved",Сител Телевизија,2023-10-01 14:15:12+00:00,2023,607,1,4,4,уставни измени Македонија,уставни измени Македонија,mk,https://www.youtube.com/watch?v=fOWo1NJrSnA
AqJc_cwe08k,Официјална Софија тврди нема нов француски предлог - Борисов повика Софија да го финализира истиот,"Follow Sitel Televizija on...
• WEB: http://sitel.com.mk/
• FB: https://smarturl.it/sitelFB
• IG: https://smarturl.it/SitelInstagram
• Tw: https://smarturl.it/SitelTwitter

© & ℗ Sitel Televizija All Rights Reserved",Сител Телевизија,2022-07-01 14:17:07+00:00,2022,559,0,4,4,француски предлог Македонија,француски предлог Македонија,mk,https://www.youtube.com/watch?v=AqJc_cwe08k
_wVb2fEj1mA,Форум: „Како да го заштитиме македонскиот идентитет“ - пресуден момент да ја сочуваме унитарноста,,AlfaTV News,2024-03-14 15:42:38+00:00,2024,280,7,4,4,македонски идентитет,македонски идентитет,mk,https://www.youtube.com/watch?v=_wVb2fEj1mA
Dm9n81dOiHQ,"Ковачевски најавува дека ноември е краен рок за уставни измени, Мицкоски тврди","Follow Sitel Televizija on...
• WEB: http://sitel.com.mk/
• FB: https://smarturl.it/sitelFB
• IG: https://smarturl.it/SitelInstagram
• Tw: https://smarturl.it/SitelTwitter

© & ℗ Sitel Televizija All Rights Reserved",Сител Телевизија,2023-01-13 15:07:15+00:00,2023,598,4,3,4,уставни измени Македонија,уставни измени Македонија,mk,https://www.youtube.com/watch?v=Dm9n81dOiHQ
UemiOvQ1MPc,"🗣️ Тодоров: Тогаш полесно му беше на Заев, сега ќе биде потешко за Мицкоски #политиканти #избори2024",,politikanti,2024-03-03 12:54:57+00:00,2024,1773,7,2,4,политички настани Македонија,политички настани Македонија,mk,https://www.youtube.com/watch?v=UemiOvQ1MPc
MDpIWCsaiTQ,"Политико: ""Бугарски компромис"" за македонски јазик и идентитет врз бугарски темели",,AlfaTV News,2020-10-29 15:15:11+00:00,2020,458,0,2,4,македонски идентитет,македонски идентитет,mk,https://www.youtube.com/watch?v=MDpIWCsaiTQ
6FGhxLWxfzc,"ПЕНДАРОВСКИ: ИТНО ПОТРЕБНИ УСТАВНИ ИЗМЕНИ - УТРЕ СРЕДБА НА РАБОТНАТА ГРУПА, АМАНДМАНИТЕ НЕ СЕ НА РЕД","Follow TV21 on...
• Web: https://tv21.mk & https://tv21.tv
• FB: https://smarturl.it/TV21Fb
• IG: https://smarturl.it/TV21IG
• Tw: https://smarturl.it/tv21Tw
• Телефон: 02/313-5630

© & ℗ TV21 & IN Media. All Rights Reserved",TV21,2023-05-18 16:40:26+00:00,2023,258,0,1,4,уставни измени Македонија,уставни измени Македонија,mk,https://www.youtube.com/watch?v=6FGhxLWxfzc
DBAdylu5DTw,Стартува судскиот процес за собранискиот настани од 27 април минатата година,"Web: http://sitel.com.mk/
Facebook: https://www.facebook.com/tvsitel.mk/
Twitter: https://twitter.com/SitelTV
Instagram: https://www.instagram.com/siteltelevision/

Copyright: OnAir Media Group; www.onair.mk",Сител Телевизија,2018-08-21 14:42:45+00:00,2018,201,0,1,4,политички настани Македонија,политички настани Македонија,mk,https://www.youtube.com/watch?v=DBAdylu5DTw
_PI66sr4vNg,Може ли Велика Британија да влијае на отстранување на бугарското вето?,"Follow Sitel Televizija on...
• WEB: http://sitel.com.mk/
• FB: https://www.facebook.com/sitelmk
• IG: https://www.instagram.com/sitel.tv/
• Tw: https://twitter.com/SitelTV
• TT: https://www.tiktok.com/@sitel.televizija

© & ℗ Sitel Televizija All Rights Reserved",Сител Телевизија,2025-05-29 18:39:31+00:00,2025,3351,28,0,4,бугарско вето Македонија,бугарско вето Македонија,mk,https://www.youtube.com/watch?v=_PI66sr4vNg
8pYlQaqQRU8,Анализа: Има ли разлики меѓу новиот и стариот француски предлог,,Телма ТВ / Telma TV,2022-07-01 16:41:11+00:00,2022,2803,4,0,4,француски предлог Македонија,француски предлог Македонија,mk,https://www.youtube.com/watch?v=8pYlQaqQRU8
SvzFhM9nEc0,VIII одделение - Граѓанско образование - Што е идентитет и како се гради,,Eduino E-Ucilnica,2020-05-27 14:51:10+00:00,2020,1835,0,0,4,национален идентитет,национален идентитет,mk,https://www.youtube.com/watch?v=SvzFhM9nEc0
0xZsBz1Mbo8,Анти НАТО Протести пред Собрание,,Телма ТВ / Telma TV,2018-01-18 14:59:01+00:00,2018,1363,5,0,4,НАТО ЕУ Македонија протест,НАТО ЕУ Македонија протест,mk,https://www.youtube.com/watch?v=0xZsBz1Mbo8
wgfKpkfEvDM,"Членовите на СДСМ ќе избираат меѓу Димитар Ковачевски, Фросина Ременски и Јован Деспотовски","Членовите на партијата ќе избираат меѓу Димитар Ковачевски, Фросина Ременски и Јован Деспотовски..
Follow Kanal5 on...
• FB: https://smarturl.it/fb5
• IG: https://smarturl.it/Ig5
• Web: https://kanal5.com.mk/

© & ℗ Kanal5 & IN Media. All Rights Reserved",Канал 5 Телевизија,2021-12-10 19:50:02+00:00,2021,1337,3,0,4,довербата во системот,довербата во системот,mk,https://www.youtube.com/watch?v=wgfKpkfEvDM
E63R_pIzXWs,"Заев: Изгубен е Христијан Мицкоски, не македонскиот идентитет",,A1 ONmkd,2021-06-16 11:49:08+00:00,2021,952,4,0,4,македонски идентитет,македонски идентитет,mk,https://www.youtube.com/watch?v=E63R_pIzXWs
pknJjObGyP8,"Кои се физичките знаци на стрес, а кои емоционални знаци на стрес","Follow Sitel Televizija on...
• WEB: http://sitel.com.mk/
• FB: https://smarturl.it/sitelFB
• IG: https://smarturl.it/SitelInstagram
• Tw: https://smarturl.it/SitelTwitter

© & ℗ Sitel Televizija & IN Media. All Rights Reserved",Сител Телевизија,2021-04-14 08:27:52+00:00,2021,567,6,0,4,стрес во општеството,стрес во општеството,mk,https://www.youtube.com/watch?v=pknJjObGyP8
OpG4n-FN95I,Демонстрантите се спротивставија на т.н. „француски предлог“,,Телма ТВ / Telma TV,2022-07-13 19:39:55+00:00,2022,508,5,0,4,француски предлог Македонија,француски предлог Македонија,mk,https://www.youtube.com/watch?v=OpG4n-FN95I
5il7YlonaCE,"Митева: Трагедијата го покажа нефункционалниот систем, дали власта го штити Беса Транс?","Прес конференција на Марија Митева: Трагедијата го покажа нефункционалниот систем, дали власта го штити Беса Транс?
https://www.facebook.com/vmromakedonija",ВМРО - ДПМНЕ,2021-11-28 10:56:21+00:00,2021,459,27,0,4,довербата во системот,довербата во системот,mk,https://www.youtube.com/watch?v=5il7YlonaCE
j0VNEBDpLfU,Зголемениот стрес и егзистенцијална опасност негативно влијае врз психолошката состојба на луѓето,"Web: http://sitel.com.mk/
Facebook: https://www.facebook.com/sitelvesti/
Twitter: https://twitter.com/SitelTV
Instagram: https://www.instagram.com/siteltelevision/

Copyright: OnAir Media Group; www.onair.mk",Сител Телевизија,2020-04-03 09:05:47+00:00,2020,404,7,0,4,стрес во општеството,стрес во општеството,mk,https://www.youtube.com/watch?v=j0VNEBDpLfU
VOcjo6UKCO8,"Уставни измени: Мицкоски бара лидерска, Ковачевски молчи нуди работна група",,Televizija 24,2023-04-04 15:05:20+00:00,2023,383,1,0,4,уставни измени Македонија,уставни измени Македонија,mk,https://www.youtube.com/watch?v=VOcjo6UKCO8
KhRUB9q-jYQ,ВМРО-ДПМНЕ носи одлука дали активно ќе го блокира Собранието,"ВМРО-ДПМНЕ најавува нова активна блокада на Собранието и протести.
Follow Kanal5 on...
• FB: https://smarturl.it/fb5
• IG: https://smarturl.it/Ig5
• Web: https://kanal5.com.mk/

© & ℗ Kanal5 & IN Media. All Rights Reserved",Канал 5 Телевизија,2022-05-04 19:08:08+00:00,2022,360,2,0,4,довербата во системот,довербата во системот,mk,https://www.youtube.com/watch?v=KhRUB9q-jYQ
YbipIjms2Do,Влијание на стресот на здравјето на срцето,,Телма Амбуланта,2025-05-15 12:41:08+00:00,2025,340,5,0,4,стрес во општеството,стрес во општеството,mk,https://www.youtube.com/watch?v=YbipIjms2Do
_LPVZa6mR9k,"Владата бара да се почитува македонскиот идентитет и да не користи придавката ,,Северномакедонци‘‘","Web: http://sitel.com.mk/
Facebook: https://www.facebook.com/tvsitel.mk/
Twitter: https://twitter.com/SitelTV
Instagram: https://www.instagram.com/siteltelevision/

Copyright: OnAir Media Group; www.onair.mk",Сител Телевизија,2019-03-12 15:09:33+00:00,2019,337,2,0,4,македонски идентитет,македонски идентитет,mk,https://www.youtube.com/watch?v=_LPVZa6mR9k
LuM-dB2MPTo,Д-р Владимир Ортаков - Коронависрус и стрес,https://www.acibademsistina.mk/,Acibadem Sistina,2020-03-30 08:42:53+00:00,2020,83,0,0,4,стрес во општеството,стрес во општеството,mk,https://www.youtube.com/watch?v=LuM-dB2MPTo
MIObmzKFUII,"Марјановиќ:Секој доктор на Онкологија ќе ви каже да избегнувате стрес,а самиот канцер е стрес","Follow TV21 on...
• Web: https://tv21.mk & https://tv21.tv
• FB: https://smarturl.it/TV21Fb
• IG: https://smarturl.it/TV21IG
• Tw: https://smarturl.it/tv21Tw
• Телефон: 02/313-5630

© & ℗ TV21 & IN Media. All Rights Reserved",TV21,2025-01-27 10:46:40+00:00,2025,66,0,0,4,стрес во општеството,стрес во општеството,mk,https://www.youtube.com/watch?v=MIObmzKFUII
SlZFoUZI9fI,АНАЛИЗА - БЛИСКУ ЛИ СМЕ ДО ПАРТИСКИ КОНСЕНЗУС ЗА УСТАВНИ ИЗМЕНИ?,,Македонија наутро,2023-06-16 10:44:44+00:00,2023,63,0,0,4,уставни измени Македонија,уставни измени Македонија,mk,https://www.youtube.com/watch?v=SlZFoUZI9fI
6-0mj8QRjh4,"Цигарите, стресот, кафето, најголеми ризик фактори за хипертензија 16.05.2018",,No one's Phone,2018-05-16 16:10:39+00:00,2018,62,1,0,4,стрес во општеството,стрес во општеството,mk,https://www.youtube.com/watch?v=6-0mj8QRjh4
ZQgHDLPS24Q,Центар за третман на прекумерна тежина – „Лошата исхрана и стресот влијаат врз здравјето на човекот“,"Follow TV21 on...
• Web: https://tv21.mk & https://tv21.tv
• FB: https://smarturl.it/TV21Fb
• IG: https://smarturl.it/TV21IG
• Tw: https://smarturl.it/tv21Tw
• Телефон: 02/313-5630

© & ℗ TV21 & IN Media. All Rights Reserved",TV21,2023-07-13 16:56:48+00:00,2023,62,0,0,4,стрес во општеството,стрес во општеството,mk,https://www.youtube.com/watch?v=ZQgHDLPS24Q
WPhK8SSNdDc,Придавката македонски се користи за етничкиот идентитет,,Телма ТВ / Telma TV,2019-03-06 14:50:37+00:00,2019,53,0,0,4,македонски идентитет,македонски идентитет,mk,https://www.youtube.com/watch?v=WPhK8SSNdDc
CmLpsoRGxIA,"Имаме Национален план за храна, ги зголемуваме површините за стратешки земјоделски култури",,SDSMtube,2022-06-29 13:31:21+00:00,2022,53,3,0,4,национален идентитет,национален идентитет,mk,https://www.youtube.com/watch?v=CmLpsoRGxIA
kRHNpsuulUU,"Најчест ризик фактор за појавата на карциномот е стресот, но и фамилијарната анамнеза",,AlfaTV News,2025-10-09 14:28:22+00:00,2025,32,0,0,4,стрес во општеството,стрес во општеството,mk,https://www.youtube.com/watch?v=kRHNpsuulUU
ItS9q3JasnY,Апел да се зачува македонскиот идентитет,,Trajce Rushev,2024-01-08 20:25:07+00:00,2024,18,0,0,4,македонски идентитет,македонски идентитет,mk,https://www.youtube.com/watch?v=ItS9q3JasnY
9Bk48knjs-o,Катерина Ангеловска: Алатката за надминување на стресот е медитацијата која е медицински докажана,,Телевизија M-Net HD,2021-07-08 12:19:49+00:00,2021,16,0,0,4,стрес во општеството,стрес во општеството,mk,https://www.youtube.com/watch?v=9Bk48knjs-o
6i5adglrAe0,Захариева наведе нова причина за ветото - Заев повеќе не знае што треба да решаваме со Бугарија,"Follow Sitel Televizija on...
• WEB: http://sitel.com.mk/
• FB: https://smarturl.it/sitelFB
• IG: https://smarturl.it/SitelInstagram
• Tw: https://smarturl.it/SitelTwitter

© & ℗ Sitel Televizija & IN Media. All Rights Reserved",Сител Телевизија,2020-12-19 20:10:06+00:00,2020,3441,16,42,3,бугарско вето Македонија,бугарско вето Македонија,mk,https://www.youtube.com/watch?v=6i5adglrAe0
_dyniJ7QJ1E,Ковачевски го одби францускиот предлог,,Televizija 24,2022-06-23 15:49:22+00:00,2022,647,3,25,3,француски предлог Македонија,француски предлог Македонија,mk,https://www.youtube.com/watch?v=_dyniJ7QJ1E
364Mpy2G688,Ѓурчески: Премиерот не требаше јавно да споделува разузнавачки информации за платени руски ботови,,Televizija 24,2023-07-31 18:46:01+00:00,2023,3686,27,8,3,политички настани Македонија,политички настани Македонија,mk,https://www.youtube.com/watch?v=364Mpy2G688
dCdUiRGtOU8,"Шолц бара силна Европска Унија, најавува ли брза интеграција на Западен Балкан?","Follow Sitel Televizija on...
• WEB: http://sitel.com.mk/
• FB: https://smarturl.it/sitelFB
• IG: https://smarturl.it/SitelInstagram
• Tw: https://smarturl.it/SitelTwitter

© & ℗ Sitel Televizija All Rights Reserved",Сител Телевизија,2022-10-15 19:04:57+00:00,2022,930,3,8,3,интеграција во ЕУ Македонија,интеграција во ЕУ Македонија,mk,https://www.youtube.com/watch?v=dCdUiRGtOU8
4U0IvB3jXis,Владата го објави последниот модифициран француски предлог,"Follow Sitel Televizija on...
• WEB: http://sitel.com.mk/
• FB: https://smarturl.it/sitelFB
• IG: https://smarturl.it/SitelInstagram
• Tw: https://smarturl.it/SitelTwitter

© & ℗ Sitel Televizija All Rights Reserved",Сител Телевизија,2022-07-01 17:02:37+00:00,2022,1200,4,6,3,француски предлог Македонија,француски предлог Македонија,mk,https://www.youtube.com/watch?v=4U0IvB3jXis
-Dq1aizEFQQ,Измами со подигање брзи кредити на туѓо име со украдени лични податоци,"Follow Sitel Televizija on...
• WEB: http://sitel.com.mk/
• FB: https://smarturl.it/sitelFB
• IG: https://smarturl.it/SitelInstagram
• Tw: https://smarturl.it/SitelTwitter

© & ℗ Sitel Televizija All Rights Reserved",Сител Телевизија,2022-11-23 05:45:09+00:00,2022,1835,6,2,3,довербата во институциите,довербата во институциите,mk,https://www.youtube.com/watch?v=-Dq1aizEFQQ
PFEy4q2G7qs,Џафери - Заев: Нема амнестија за насилниците од 27 април,,Televizija 24,2018-04-27 20:18:29+00:00,2018,274,1,1,3,политички настани Македонија,политички настани Македонија,mk,https://www.youtube.com/watch?v=PFEy4q2G7qs
cVW8IJ5WCeo,"Со дерење заврши седницата за уставни измени, реакциите доаѓаат од пратениците од ВМРО-ДПМНE",Прочитај повеќе: www.makfax.com.mk,MAKFAX,2023-08-18 13:54:01+00:00,2023,7632,3,0,3,уставни измени Македонија,уставни измени Македонија,mk,https://www.youtube.com/watch?v=cVW8IJ5WCeo
HlJ_Njek7qs,Нема лоши народи туку лоши политики - репортажа од Гевгелија каде секојдневно доаѓаат илјадници Грци,,360 Stepeni,2018-01-30 00:29:44+00:00,2018,6759,43,0,3,идентитетска криза Македонија,идентитетска криза Македонија,mk,https://www.youtube.com/watch?v=HlJ_Njek7qs
o9ubBcBfyuc,ЗА ИЛИ ПРОТИВ (11.10.2023) ГОСТИ: ТОДОР ЧЕПРЕГАНОВ И ГОЦЕ ЦВЕТАНОВСКИ,11 ОКТОВРИ - КАДЕ ИСЧЕЗНА СИЛАТА НА МАКЕДОНЦИТЕ ДА СЕ ИЗБОРАТ ПРОТИВ ДОМАШНИТЕ И СТРАНСКИТЕ „ОКУПАТОРИ“?,ALFA TV,2023-10-11 17:30:06+00:00,2023,3407,60,0,3,историска траума,историска траума,mk,https://www.youtube.com/watch?v=o9ubBcBfyuc
oMRArWZsG1Q,ЛДП ќе излезе од владата ако биде прифатен францускиот предлог,,Телма ТВ / Telma TV,2022-06-22 13:44:09+00:00,2022,2383,3,0,3,француски предлог Македонија,француски предлог Македонија,mk,https://www.youtube.com/watch?v=oMRArWZsG1Q
ZDSnrixdW2s,"Малинка Ристевска Јорданова за Телма: Новиот француски предлог не е подобар, само технички е изменет",,Телма ТВ / Telma TV,2022-07-02 14:17:24+00:00,2022,2275,22,0,3,француски предлог Македонија,француски предлог Македонија,mk,https://www.youtube.com/watch?v=ZDSnrixdW2s
zoJXlaC4Zk8,Николоски: Поднесена иницијатива до Собранието за гласање доверба на Владата,https://www.facebook.com/vmromakedonija,ВМРО - ДПМНЕ,2021-11-08 14:05:39+00:00,2021,1726,75,0,3,довербата во системот,довербата во системот,mk,https://www.youtube.com/watch?v=zoJXlaC4Zk8
lGc6yv9Y_oc,Одбиен францускиот предлог како неприфатлив,,Телма ТВ / Telma TV,2022-06-23 13:54:41+00:00,2022,1369,4,0,3,француски предлог Македонија,француски предлог Македонија,mk,https://www.youtube.com/watch?v=lGc6yv9Y_oc
D_vo40hSJQ4,Медицинските сестри работат под стрес и им треба психолошка поддршка,"Web: http://sitel.com.mk/
Facebook: https://www.facebook.com/sitelvesti/
Twitter: https://twitter.com/SitelTV
Instagram: https://www.instagram.com/siteltelevision/

Copyright: OnAir Media Group; www.onair.mk",Сител Телевизија,2020-04-21 14:18:47+00:00,2020,1133,6,0,3,стрес во општеството,стрес во општеството,mk,https://www.youtube.com/watch?v=D_vo40hSJQ4
oEXDEyA8zhk,Продолжуваат акциските контроли на полицијата,"Follow Sitel Televizija on...
• WEB: http://sitel.com.mk/
• FB: https://smarturl.it/sitelFB
• IG: https://smarturl.it/SitelInstagram
• Tw: https://smarturl.it/SitelTwitter

© & ℗ Sitel Televizija All Rights Reserved",Сител Телевизија,2021-05-08 14:16:30+00:00,2021,951,6,0,3,довербата во системот,довербата во системот,mk,https://www.youtube.com/watch?v=oEXDEyA8zhk
ECfkzk-VJIs,заев предлага влада за национален спас,,Телма ТВ / Telma TV,2021-03-06 15:23:48+00:00,2021,611,1,0,3,национален идентитет,национален идентитет,mk,https://www.youtube.com/watch?v=ECfkzk-VJIs
GBc47Pok9UY,Народната банка со влошени прогнози за македонската економија,"Follow Sitel Televizija on...
• WEB: http://sitel.com.mk/
• FB: https://smarturl.it/sitelFB
• IG: https://smarturl.it/SitelInstagram
• Tw: https://smarturl.it/SitelTwitter

© & ℗ Sitel Televizija All Rights Reserved",Сител Телевизија,2022-11-23 11:25:32+00:00,2022,409,0,0,3,довербата во институциите,довербата во институциите,mk,https://www.youtube.com/watch?v=GBc47Pok9UY
X_6aEfMKM4A,"ТРЕБА ЕДНА ИНСТИТУЦИЈА, НЕ ДЕСЕТ, СИСТЕМОТ НА ДОВЕРБА НЕ ФУНКЦИОНИРА- СЕКОЈ ГЛЕДА ДА ГО ИЗИГРА","Follow TV21 on...
• Web: https://tv21.mk & https://tv21.tv
• FB: https://smarturl.it/TV21Fb
• IG: https://smarturl.it/TV21IG
• Tw: https://smarturl.it/tv21Tw
• Телефон: 02/313-5630

© & ℗ TV21 & IN Media. All Rights Reserved",TV21,2025-03-28 13:47:48+00:00,2025,392,0,0,3,довербата во системот,довербата во системот,mk,https://www.youtube.com/watch?v=X_6aEfMKM4A
lGiR7Dw62kE,СЗО: Нема податоци дека вакцината на „АстраЗенека“ предизвикува згрутчување на крвта,,Televizija 24,2021-03-12 15:43:03+00:00,2021,206,1,0,3,довербата во системот,довербата во системот,mk,https://www.youtube.com/watch?v=lGiR7Dw62kE
1tR5T8Qm5Uw,"Сексуално образование на основците по терк на Хера, од каде доаѓа Царовска",,AlfaTV News,2021-07-12 13:46:04+00:00,2021,188,0,0,3,социјален стрес,социјален стрес,mk,https://www.youtube.com/watch?v=1tR5T8Qm5Uw
YNcGrmpVnmM,Петков не е запознаен со предлогот на Макрон,,Televizija 24,2022-06-02 15:15:03+00:00,2022,169,0,0,3,француски предлог Македонија,француски предлог Македонија,mk,https://www.youtube.com/watch?v=YNcGrmpVnmM
f8Iqv1e20NM,"Маричиќ: По гласањето доверба на Владата, нема смисла поднесената интерпелација за мене",,360 Stepeni,2021-03-12 21:41:39+00:00,2021,163,0,0,3,довербата во системот,довербата во системот,mk,https://www.youtube.com/watch?v=f8Iqv1e20NM
IjGhU67tlo4,"Манчевски: СДСМ е на прав пат, државата и системот функционираат, сите сме еднакви пред законот",,SDSMtube,2019-10-10 08:37:01+00:00,2019,89,3,0,3,довербата во системот,довербата во системот,mk,https://www.youtube.com/watch?v=IjGhU67tlo4
6mKWQ_RdN8c,МЛАДИ   СТРЕСОТ ДОАЃА ОД СОЦИЈАЛНИТЕ МРЕЖИ 27 09 2025,,Televizija Star,2025-09-27 12:00:26+00:00,2025,77,0,0,3,стрес во општеството,стрес во општеството,mk,https://www.youtube.com/watch?v=6mKWQ_RdN8c
gldnIX7a8dY,Македонската Влада со конкретни услови чека нов предлог од Брисел,"Follow Sitel Televizija on...
• WEB: http://sitel.com.mk/
• FB: https://smarturl.it/sitelFB
• IG: https://smarturl.it/SitelInstagram
• Tw: https://smarturl.it/SitelTwitter

© & ℗ Sitel Televizija All Rights Reserved",Сител Телевизија,2022-06-24 14:08:22+00:00,2022,1269,9,22,2,француски предлог Македонија,француски предлог Македонија,mk,https://www.youtube.com/watch?v=gldnIX7a8dY
lQN-jA58Wpk,"Ковачевски, Мишел и Денков порачуваат нема дру пат освен уставни измени","Follow Sitel Televizija on...
• WEB: http://sitel.com.mk/
• FB: https://smarturl.it/sitelFB
• IG: https://smarturl.it/SitelInstagram
• Tw: https://smarturl.it/SitelTwitter

© & ℗ Sitel Televizija All Rights Reserved",Сител Телевизија,2023-08-28 14:04:58+00:00,2023,752,0,18,2,реформа на уставот Македонија,реформа на уставот Македонија,mk,https://www.youtube.com/watch?v=lQN-jA58Wpk
7a6pnR5A7YE,Фац: Бугарско-француска измама за вето по ветото,"Follow Sitel Televizija on...
• WEB: http://sitel.com.mk/
• FB: https://smarturl.it/sitelFB
• IG: https://smarturl.it/SitelInstagram
• Tw: https://smarturl.it/SitelTwitter

© & ℗ Sitel Televizija All Rights Reserved",Сител Телевизија,2022-06-27 14:16:19+00:00,2022,1359,3,14,2,бугарско вето Македонија,бугарско вето Македонија,mk,https://www.youtube.com/watch?v=7a6pnR5A7YE
CSkyeHRX1Zc,Владата го објави последниот француски предлог,"Follow Sitel Televizija on...
• WEB: http://sitel.com.mk/
• FB: https://smarturl.it/sitelFB
• IG: https://smarturl.it/SitelInstagram
• Tw: https://smarturl.it/SitelTwitter

© & ℗ Sitel Televizija All Rights Reserved",Сител Телевизија,2022-07-01 14:12:01+00:00,2022,848,2,11,2,француски предлог Македонија,француски предлог Македонија,mk,https://www.youtube.com/watch?v=CSkyeHRX1Zc
cCFzm5zYtss,Вечерва консултации за новиот француски предлог,"Follow Sitel Televizija on...
• WEB: http://sitel.com.mk/
• FB: https://smarturl.it/sitelFB
• IG: https://smarturl.it/SitelInstagram
• Tw: https://smarturl.it/SitelTwitter

© & ℗ Sitel Televizija All Rights Reserved",Сител Телевизија,2022-06-30 19:30:44+00:00,2022,1574,6,9,2,француски предлог Македонија,француски предлог Македонија,mk,https://www.youtube.com/watch?v=cCFzm5zYtss
7-MnmjamZOc,"„Заев е виновен“- Мицкоски бара истрага за екс премиерот, реформи и ревизија на врховните судии",,AlfaTV News,2020-02-25 21:09:34+00:00,2020,1808,41,8,2,реформа на уставот Македонија,реформа на уставот Македонија,mk,https://www.youtube.com/watch?v=7-MnmjamZOc
OTm2PdCUbCE,Француски предлог: Тет-а-тет средба Ковачевски - Мицковски,,Televizija 24,2022-07-03 15:28:16+00:00,2022,1485,9,8,2,француски предлог Македонија,француски предлог Македонија,mk,https://www.youtube.com/watch?v=OTm2PdCUbCE
pLUYV383x0Y,ВМРО-ДПМНЕ останува против уставни измени,"Follow Sitel Televizija on...
• WEB: http://sitel.com.mk/
• FB: https://smarturl.it/sitelFB
• IG: https://smarturl.it/SitelInstagram
• Tw: https://smarturl.it/SitelTwitter

© & ℗ Sitel Televizija All Rights Reserved",Сител Телевизија,2023-08-17 19:22:08+00:00,2023,1790,9,6,2,уставни измени Македонија,уставни измени Македонија,mk,https://www.youtube.com/watch?v=pLUYV383x0Y
3tk2Pt9IZyg,"Стаменковска: Нема да гласам за уставни измени, личен став е, не е партиски",,MAKFAX,2018-09-26 11:25:21+00:00,2018,795,17,6,2,реформа на уставот Македонија; уставни измени Македонија,уставни измени Македонија,mk,https://www.youtube.com/watch?v=3tk2Pt9IZyg
b37X2Azvln4,Француски предлог: „Oui или non merci“,,Televizija 24,2022-06-18 14:58:35+00:00,2022,1437,2,5,2,француски предлог Македонија,француски предлог Македонија,mk,https://www.youtube.com/watch?v=b37X2Azvln4
nArULZyXh90,Османи: Амбасадата на Франција уверува дека изјавите на Макрон се грешка,"Follow Sitel Televizija on...
• WEB: http://sitel.com.mk/
• FB: https://smarturl.it/sitelFB
• IG: https://smarturl.it/SitelInstagram
• Tw: https://smarturl.it/SitelTwitter

© & ℗ Sitel Televizija All Rights Reserved",Сител Телевизија,2022-06-24 17:13:37+00:00,2022,835,0,5,2,француски предлог Македонија,француски предлог Македонија,mk,https://www.youtube.com/watch?v=nArULZyXh90
Tq85vJkoxGI,Претставници на бугарските здруженија на средба со Османи,"Follow Sitel Televizija on...
• WEB: http://sitel.com.mk/
• FB: https://smarturl.it/sitelFB
• IG: https://smarturl.it/SitelInstagram
• Tw: https://smarturl.it/SitelTwitter

© & ℗ Sitel Televizija All Rights Reserved",Сител Телевизија,2023-02-15 11:04:51+00:00,2023,369,3,5,2,довербата во системот,довербата во системот,mk,https://www.youtube.com/watch?v=Tq85vJkoxGI
sFR8gbVatLI,Ковачевски свика коалициски состанок - ќе биде ли прифатен новиот француски предлог?,"Follow Sitel Televizija on...
• WEB: http://sitel.com.mk/
• FB: https://smarturl.it/sitelFB
• IG: https://smarturl.it/SitelInstagram
• Tw: https://smarturl.it/SitelTwitter

© & ℗ Sitel Televizija All Rights Reserved",Сител Телевизија,2022-07-01 10:30:42+00:00,2022,2668,2,2,2,француски предлог Македонија,француски предлог Македонија,mk,https://www.youtube.com/watch?v=sFR8gbVatLI
kr9N3Gf89uU,Илина Ведран: Нашите мисли имаат огромна моќ,,Добро Утро Секое Утро,2019-10-30 09:38:42+00:00,2019,101,2,2,2,колективна траума,колективна траума,mk,https://www.youtube.com/watch?v=kr9N3Gf89uU
-G7imBskuhE,Прилепскиот архив пронајде карта на која е исцртана „Виа Игнација“,"Follow Sitel Televizija on...
• WEB: http://sitel.com.mk/
• FB: https://smarturl.it/sitelFB
• IG: https://smarturl.it/SitelInstagram
• Tw: https://smarturl.it/SitelTwitter

© & ℗ Sitel Televizija All Rights Reserved",Сител Телевизија,2021-11-06 15:20:33+00:00,2021,1552,23,1,2,довербата во системот,довербата во системот,mk,https://www.youtube.com/watch?v=-G7imBskuhE
FtuN7rz8mNA,Бугарија го демантира Груби: Нема никаков француски предлог,,AlfaTV News,2021-12-10 13:47:54+00:00,2021,384,3,1,2,француски предлог Македонија,француски предлог Македонија,mk,https://www.youtube.com/watch?v=FtuN7rz8mNA
BzyZszuIMXw,Македонците со категорично „НЕ“ за францускиот предлог,,AlfaTV News,2022-07-07 13:11:50+00:00,2022,222,2,1,2,француски предлог Македонија,француски предлог Македонија,mk,https://www.youtube.com/watch?v=BzyZszuIMXw
cfMABm6Uocg,„Само Вистина” 21.03.2025 - На кратко со Благојче Атанасовски,"Follow Kanal5 on...
• FB: https://smarturl.it/fb5
• IG: https://smarturl.it/Ig5
• ТТ: https://tinyurl.com/59kck7ap
• Web: https://kanal5.com.mk/

© & ℗ Kanal5 & IN Media. All Rights Reserved",Канал 5 Телевизија,2025-03-21 19:29:51+00:00,2025,8353,122,0,2,довербата во системот,довербата во системот,mk,https://www.youtube.com/watch?v=cfMABm6Uocg
hYuIfNxGR-4,„Само Вистина” 23.06.2025 - На кратко со Петар Арсовски,"Follow Kanal5 on...
• FB: https://smarturl.it/fb5
• IG: https://smarturl.it/Ig5
• ТТ: https://tinyurl.com/59kck7ap
• Web: https://kanal5.com.mk/

© & ℗ Kanal5 & IN Media. All Rights Reserved",Канал 5 Телевизија,2025-06-23 18:20:19+00:00,2025,8011,31,0,2,македонски идентитет,македонски идентитет,mk,https://www.youtube.com/watch?v=hYuIfNxGR-4
jekxqVWJYlA,„Само Вистина” 11.03.2025 - На кратко со Митко Трајчулески,"Follow Kanal5 on...
• FB: https://smarturl.it/fb5
• IG: https://smarturl.it/Ig5
• ТТ: https://tinyurl.com/59kck7ap
• Web: https://kanal5.com.mk/

© & ℗ Kanal5 & IN Media. All Rights Reserved",Канал 5 Телевизија,2025-03-11 19:18:56+00:00,2025,4082,25,0,2,политичка криза Македонија,политичка криза Македонија,mk,https://www.youtube.com/watch?v=jekxqVWJYlA
uVwrBpes9UQ,Фактор здравје - Осаменост и депресија,Гостин: м-р Тина Васков - клинички невропсихолог,Televizija 24,2019-02-06 12:07:51+00:00,2019,2574,23,0,2,стрес во општеството,стрес во општеството,mk,https://www.youtube.com/watch?v=uVwrBpes9UQ
co5mkiuThl8,Јовановски: Нема да гласам за уставни измени,,MAKFAX,2018-10-16 11:43:12+00:00,2018,2256,30,0,2,уставни измени Македонија,уставни измени Македонија,mk,https://www.youtube.com/watch?v=co5mkiuThl8
ruFDRQPcCes,Зеколи: Да бидеме внимателен дали францускиот предлог е лош,,Triling,2022-07-01 19:30:20+00:00,2022,2206,13,0,2,француски предлог Македонија,француски предлог Македонија,mk,https://www.youtube.com/watch?v=ruFDRQPcCes
Xnb9EE823j8,Скен: НЕ за францускиот предлог со кој сите бугарски барања стануваат европски,,A1 ONmkd,2022-06-21 16:08:21+00:00,2022,1728,12,0,2,француски предлог Македонија,француски предлог Македонија,mk,https://www.youtube.com/watch?v=Xnb9EE823j8
18TrgKrQjIQ,Промовирани нови над 500 полицајци - обуката ја завршиле со висок просек,"Web: http://sitel.com.mk/
Facebook: https://www.facebook.com/tvsitel.mk/
Twitter: https://twitter.com/SitelTV
Instagram: https://www.instagram.com/siteltelevision/

Copyright: OnAir Media Group; www.onair.mk",Сител Телевизија,2019-08-31 14:30:27+00:00,2019,1364,5,0,2,довербата во системот,довербата во системот,mk,https://www.youtube.com/watch?v=18TrgKrQjIQ
Rw5Cp1czWbA,Студио 10 - Гостување на Љупчо Зиков,,Televizija 24,2022-01-21 14:58:29+00:00,2022,1190,5,0,2,довербата во системот,довербата во системот,mk,https://www.youtube.com/watch?v=Rw5Cp1czWbA
CoCUeG_-iEE,Заев за бугарското вето,,Телма ТВ / Telma TV,2020-12-10 20:22:09+00:00,2020,1073,3,0,2,бугарско вето Македонија,бугарско вето Македонија,mk,https://www.youtube.com/watch?v=CoCUeG_-iEE
VjfPFcRUYg0,Тема на денот со професорот по безбедност Марјан Николовски,"Follow Sitel Televizija on...
• WEB: http://sitel.com.mk/
• FB: https://smarturl.it/sitelFB
• IG: https://smarturl.it/SitelInstagram
• Tw: https://smarturl.it/SitelTwitter

© & ℗ Sitel Televizija All Rights Reserved",Сител Телевизија,2022-11-03 18:49:33+00:00,2022,969,4,0,2,национален идентитет,национален идентитет,mk,https://www.youtube.com/watch?v=VjfPFcRUYg0
GVoIT02se9Y,Пролактин - на што може да укажуваат вредностите?,,Телма Амбуланта,2022-11-23 14:07:32+00:00,2022,826,9,0,2,стрес во општеството,стрес во општеството,mk,https://www.youtube.com/watch?v=GVoIT02se9Y
At0Vc28tnuE,Зевзекманија - Убиј го стресот за тој да не те убие тебе,"Follow Kanal5 on...
• FB: https://smarturl.it/fb5
• IG: https://smarturl.it/Ig5
• Web: https://kanal5.com.mk/

© & ℗ Kanal5 & IN Media. All Rights Reserved



Зевзекманија 25.5.2019 Zevzekmanija",Канал 5 Телевизија,2019-05-25 17:09:17+00:00,2019,749,8,0,2,стрес во општеството,стрес во општеството,mk,https://www.youtube.com/watch?v=At0Vc28tnuE
5_gCqDwlWLI,"Сигурно вето од Бугарија, брифираат европските дипломати",,Телма ТВ / Telma TV,2020-11-30 17:20:23+00:00,2020,686,10,0,2,бугарско вето Македонија,бугарско вето Македонија,mk,https://www.youtube.com/watch?v=5_gCqDwlWLI
SLuW92aMNss,Тема на денот со професорот по безбедност Марјан Николовски,"Follow Sitel Televizija on...
• WEB: http://sitel.com.mk/
• FB: https://smarturl.it/sitelFB
• IG: https://smarturl.it/SitelInstagram
• Tw: https://smarturl.it/SitelTwitter

© & ℗ Sitel Televizija All Rights Reserved",Сител Телевизија,2021-11-05 18:50:17+00:00,2021,567,0,0,2,национален идентитет,национален идентитет,mk,https://www.youtube.com/watch?v=SLuW92aMNss
4AbWg1t4YAw,Изјава на Виолета Ачковска 08 03 2020,https://www.facebook.com/vmromakedonija,ВМРО - ДПМНЕ,2020-03-08 13:20:17+00:00,2020,556,18,0,2,национален идентитет,национален идентитет,mk,https://www.youtube.com/watch?v=4AbWg1t4YAw
ImFdawvN-yQ,Фактор24: Уставни измени или предвремени избори?,,Televizija 24,2018-10-18 15:17:54+00:00,2018,480,1,0,2,уставни измени Македонија,уставни измени Македонија,mk,https://www.youtube.com/watch?v=ImFdawvN-yQ
3yF9qh6-IEo,Изјава Мицкоски за уставните измени,,Prvatv,2019-01-10 19:16:18+00:00,2019,448,3,0,2,реформа на уставот Македонија,реформа на уставот Македонија,mk,https://www.youtube.com/watch?v=3yF9qh6-IEo
r2NmGGkF8-I,Што по ветото од Бугарија?,,Телма ТВ / Telma TV,2021-06-24 14:16:01+00:00,2021,442,2,0,2,бугарско вето Македонија,бугарско вето Македонија,mk,https://www.youtube.com/watch?v=r2NmGGkF8-I
LOLoJfLaxfI,"Почина режисерот и поранешен претседател на собранието, Љубиша Георгиевски","Web: http://sitel.com.mk/
Facebook: https://www.facebook.com/tvsitel.mk/
Twitter: https://twitter.com/SitelTV
Instagram: https://www.instagram.com/siteltelevision/

Copyright: OnAir Media Group; www.onair.mk",Сител Телевизија,2018-12-06 13:42:36+00:00,2018,357,6,0,2,национален идентитет,национален идентитет,mk,https://www.youtube.com/watch?v=LOLoJfLaxfI
5lg8zynurSw,"Објавени имињата на македонско-грчкиот комитет за историски, археолошки и образовни прашања","Web: http://sitel.com.mk/
Facebook: https://www.facebook.com/tvsitel.mk/
Twitter: https://twitter.com/SitelTV
Instagram: https://www.instagram.com/siteltelevision/

Copyright: OnAir Media Group; www.onair.mk",Сител Телевизија,2018-10-09 14:39:09+00:00,2018,298,0,0,2,политички настани Македонија,политички настани Македонија,mk,https://www.youtube.com/watch?v=5lg8zynurSw
nOUfNQsRDwc,Реакции по гласањето за пристапување кон уставни измени,,Телма ТВ / Telma TV,2018-10-20 13:43:19+00:00,2018,281,2,0,2,уставни измени Македонија,уставни измени Македонија,mk,https://www.youtube.com/watch?v=nOUfNQsRDwc
KFgmn4wQdT4,ВМРО-ДПМНЕ побара владата да го отфрли францускиот предлог,,Телма ТВ / Telma TV,2022-06-22 13:57:07+00:00,2022,229,4,0,2,француски предлог Македонија,француски предлог Македонија,mk,https://www.youtube.com/watch?v=KFgmn4wQdT4
68KPMtEtFHY,Психијатрите ги советуваат вработените да не „прегорат“ на работното место,,Телма ТВ / Telma TV,2024-10-10 16:16:00+00:00,2024,151,0,0,2,стрес во општеството,стрес во општеството,mk,https://www.youtube.com/watch?v=68KPMtEtFHY
862MHBm-5Iw,Петков не видел француски предлог,,Телма ТВ / Telma TV,2022-06-02 14:24:26+00:00,2022,145,3,0,2,француски предлог Македонија,француски предлог Македонија,mk,https://www.youtube.com/watch?v=862MHBm-5Iw
UOGoQ1Pyu0o,НАША УТРИНСКА ТЕМА   КАКО ДА СЕ ИЗБОРИМЕ СО ЕСЕНСКАТА ДЕПРЕСИЈА,,Утринска на Телма / Utrinska na Telma,2023-11-10 08:17:34+00:00,2023,101,1,0,2,стрес во општеството,стрес во општеството,mk,https://www.youtube.com/watch?v=UOGoQ1Pyu0o
iY4htNG4MWU,Обраќање на Виолета Ачковска,,Nikodin Cernodrimski,2022-12-21 10:56:18+00:00,2022,68,1,0,2,национален идентитет,национален идентитет,mk,https://www.youtube.com/watch?v=iY4htNG4MWU
uASH881BxE8,Проф. Виолета Ачковска за значењето на 11 октомври,,Добро Утро Секое Утро,2019-10-30 09:10:54+00:00,2019,36,1,0,2,национален идентитет,национален идентитет,mk,https://www.youtube.com/watch?v=uASH881BxE8
3-TBjPQBNZ4,ЗА И ПРОТИВ ФРАНЦУСКИОТ ПРЕДЛОГ 04 07 2022,,Televizija Star,2022-07-04 15:29:10+00:00,2022,23,0,0,2,француски предлог Македонија,француски предлог Македонија,mk,https://www.youtube.com/watch?v=3-TBjPQBNZ4
Wswus79UY8w,Македонско-бугарската  комисија пред распаѓање ?!– професорот Ѓорѓиев поднесе оставка,,AlfaTV News,2021-10-22 15:25:15+00:00,2021,399,5,24,1,историска траума,историска траума,mk,https://www.youtube.com/watch?v=Wswus79UY8w
O-Dt7gh2NSg,Ципрас: Јасно кажавме дека преговараме врз основа четирите имиња предложени од Нимиц,"Follow Kanal5 on...
• FB: https://smarturl.it/fb5
• IG: https://smarturl.it/Ig5
• Web: https://kanal5.com.mk/

© & ℗ Kanal5 & IN Media. All Rights Reserved



Алексис Ципрас ги расчисти дилемите.",Канал 5 Телевизија,2018-05-23 15:30:18+00:00,2018,590,1,1,1,Преспански договор; преспански договор,преспански договор,mk,https://www.youtube.com/watch?v=O-Dt7gh2NSg
HtZ4yNsWrKQ,Канзуров: Српската историографија тврди дека Македонците се измислени од Тито,,Independent Macedonia,2023-05-12 01:47:03+00:00,2023,158,1,1,1,македонски идентитет,македонски идентитет,mk,https://www.youtube.com/watch?v=HtZ4yNsWrKQ
c2gJsj0kRH4,Дали ДУИ сепак ќе ја прекројува предлог - министерската листа?,,Televizija 24,2020-08-22 14:56:01+00:00,2020,1122,4,0,1,довербата во институциите,довербата во институциите,mk,https://www.youtube.com/watch?v=c2gJsj0kRH4
AqC7IfQ41uY,Опозициска „бомба“ од Прилеп,,Телма ТВ / Telma TV,2019-07-31 17:13:28+00:00,2019,1114,1,0,1,социјален стрес,социјален стрес,mk,https://www.youtube.com/watch?v=AqC7IfQ41uY
dEI6rCIrnyc,Односите Скопје - Софија го скараа хрватскиот државен врв,,Televizija 24,2021-05-28 14:32:27+00:00,2021,500,0,0,1,довербата во институциите,довербата во институциите,mk,https://www.youtube.com/watch?v=dEI6rCIrnyc
1EWTzsqBRwk,ЕСМ панично купува струја,"Синоќа објави нов оглас, а веќе денеска купи уште 10.800 мегавати за 2,5 милиони евра – струја со која ќе се крпи системот до недела...

Follow Kanal5 on...
• FB: https://smarturl.it/fb5
• IG: https://smarturl.it/Ig5
• Web: https://kanal5.com.mk/

© & ℗ Kanal5 & IN Media. All Rights Reserved",Канал 5 Телевизија,2021-11-09 13:06:14+00:00,2021,423,3,0,1,довербата во системот,довербата во системот,mk,https://www.youtube.com/watch?v=1EWTzsqBRwk
