comment_id,text,CardiffNLP,NLPTown,BERTweet,Gemma,Gemma_confidence,Llama,Llama_confidence,valid_model_count,majority_label,number_of_unique_labels,full_agreement,majority_count,consensus_strength,CardiffNLP_agrees_with_majority,NLPTown_agrees_with_majority,BERTweet_agrees_with_majority,Gemma_agrees_with_majority,Llama_agrees_with_majority,outlier_models
UgxYhS_PpEi7HFJf4VR4AaABAg,Да си зив и здрав ти си вистински шеф на твојата дрзава на нашата Македонија...МАКЕДОНИЈА ВЕЦНА.,positive,positive,neutral,positive,0.95,positive,0.95,5,positive,2,False,4,0.8,True,True,False,True,True,BERTweet
UgxU_bkCF7H4r2gNRkp4AaABAg,Хвала. Поздрав из Србије. Зивео Иванов.,positive,positive,neutral,positive,0.98,positive,0.95,5,positive,2,False,4,0.8,True,True,False,True,True,BERTweet
Ugw9an0RQY4BYGhstFB4AaABAg,Браво Наш пресидателе да зиве републица Македонија,positive,positive,neutral,positive,0.95,positive,0.95,5,positive,2,False,4,0.8,True,True,False,True,True,BERTweet
UgxzZZ0sSkbFQS5Ufx94AaABAg,"Секоја чест, политичка лекција за сите. Само храбро и мудро напред; одговорност мора да има од оние што ја наметнаа оваа ситуција.",positive,positive,neutral,positive,0.78,positive,0.85,5,positive,2,False,4,0.8,True,True,False,True,True,BERTweet
Ugy6lx_YUi3x8X9IbTB4AaABAg,Цесен цовек е господин Иванов. Браво прецедателе,positive,positive,neutral,positive,0.95,negative,0.95,5,positive,3,False,3,0.6,True,True,False,True,False,"BERTweet, Llama"
UgzvK7jK2kv6C70081h4AaABAg,БРАВО ПРЕСЕДАТЕЛЕ💓,positive,positive,neutral,positive,0.98,positive,0.95,5,positive,2,False,4,0.8,True,True,False,True,True,BERTweet
UgxiE2NrGC6xP0zllnJ4AaABAg,"Браво господине Прецедател Иванов, цисто ,поцисто здравје. Сега вие господа од ""власта"" вцера народот ви каза убаво без уста да отвори. Вратата ви е отворена и ајде марс на бунистето на историјата. Впроцем вие таму одамна припагате само немало кој јасно да ви го казе тоа. Вцера народот ви каза. Не сакате ? Усте се надевате дека некој ке ве спасува? Во ред тогас. Народот ке се врати пак и немој да рецете после не сте знаеле, е тогас ке се покаете сто не сте излегле навреме. Затоа пријатно без довидување, засекогас .А оние странци кои ве поддрзуваат цело време па дури и сега при цист ,јасен, уставно-правен пораз, ке им порацам. Ако толку ги сакате на власт носете ги во васите земји и таму ставете ги за политицари нека вас ве водат. На нас веке не ни требаат.Ни они нити пак вие кои доагате непоканети да не малтретирате пред оците на целиот мирољубив свет. Благодарам.",negative,negative,neutral,negative,0.8,negative,0.95,5,negative,2,False,4,0.8,True,True,False,True,True,BERTweet
UgxRbvbZrVwDlrCV6R94AaABAg,Македонскиот народ се сплоти и реце да за Македонија - долу Северна,neutral,negative,neutral,negative,0.8,positive,0.95,5,,3,False,0,0.0,False,False,False,False,False,
UgzysfIySZ7T629GPZd4AaABAg,Прецедателе Горги Иванов 👌 💪 ❤,positive,positive,neutral,positive,0.95,positive,0.95,5,positive,2,False,4,0.8,True,True,False,True,True,BERTweet
Ugz0lUJwHCmD0cMTuWx4AaABAg,Прецедателот ја потврди Македонската реалност... Македониа на Македонците🇲🇰...,neutral,positive,neutral,positive,0.85,positive,0.95,5,positive,2,False,3,0.6,False,True,False,True,True,"CardiffNLP, BERTweet"
UgwxFWcUGcA9D63xfch4AaABAg,Вистински Православен Македонец !,positive,negative,neutral,positive,0.85,positive,0.95,5,positive,3,False,3,0.6,True,False,False,True,True,"NLPTown, BERTweet"
UgwA6LF-N-zvHPczF994AaABAg,браво преседателе нај добар преседател на мацедонскиот нарот И дрзавата досега исто треба да останис како бранител на твојот нарот И да продолзис за преседате да со гдини да зиве Мацедониа,positive,positive,neutral,positive,0.85,positive,0.95,5,positive,2,False,4,0.8,True,True,False,True,True,BERTweet
Ugwa0i9VRwYirUIGpqN4AaABAg,"ПОЛНЕЊЕ НА КУТИИ СО ЛИВЦИЊА НАСЕКАДЕ, ЛУГЕ НАДВОР ОД МАКЕДОНИЈА НЕКОЈ ИМА ГЛАСЕНО ЗА НИВ ВО НИВНО ИМЕ, ПРОЦЕНТОТ Е ПОМАЛ ОД 25% А АКО СЕ ОДЗЕМАТ АЛБАНСКИТЕ ГЛАСОВИ, ТОГАС САМО МЕЃУ МАКЕОНЦИТЕ ИЗЛЕЗЕНОСЈА Е ПОМАЛА ОД 15 ИЛИ 10 %",negative,negative,neutral,negative,0.75,negative,0.8,5,negative,2,False,4,0.8,True,True,False,True,True,BERTweet
UgxnerEEwN8DXJGKsGd4AaABAg,"Да, оние кои се надеваа на убедлив евро-атлантски резултат на референдумот, останаа разочарани. Недостасуваа уште најмалку 150-200 илјади гласови за големо славење на подобрата иднина за Македонија. Како и многу пати досега, „победи“ Партијата на сеирот („апстиненти“, по модерно), тој нерегистриран политички субјект на оние кои мислат дека сите се исти, дека не вреди за ништо да се заземе страна и дека ќебапчињата со кромид се оригинално измислени во Турска чаршија во Скопје. Колку само им завидувам! Не е едноставно да се постигне таква леснотија на постоењето, иако понекогаш ми се чини дека за тој игнорантски дискурс е потребен поголем ангажман отколку да се живее во светот на реалните, изброени можности во политиката. Не е лесно ништо да не те засега, зад тоа веројатно се крие подлабока фрустрација отколку кај оние кои покажуваат дека нешто ги засега. Но, трикот е во тоа што не е важно дали вие ја сакате „политиката“ – што и да се подразбира под тоа – бидејќи нејзе и е сеедно, таа ве сака вас. Таа произведува секојдневни последици и за сеирџиите, дотолку повеќе кога не пружате отпор. Политиката таквите најмногу ги сака. Во таквата „сурова реалност“ на нашето секојдневие, не ми се чини лош аргументот на Заев: со 600+илјади гласови ЗА, дури ако опозицијата ги извадеше и своите 400+ илјади гласачи на референдумот и сите тие да гласаа ПРОТИВ – ќе беа убедливо поразени. (Додека сеирџиите си гледаат сеир.)",negative,negative,neutral,negative,0.77,negative,0.83,5,negative,2,False,4,0.8,True,True,False,True,True,BERTweet
UgxnerEEwN8DXJGKsGd4AaABAg.8lsDiI9dARo8lxE3qf4FwO,"хахахаха, Дете,Дете...............................................",positive,neutral,neutral,negative,0.8,negative,0.95,5,,3,False,0,0.0,False,False,False,False,False,
Ugw_UoxqiP0ORTCLg3x4AaABAg,Болест на 21 век :кој мозе да биде ;овој фикусот,negative,negative,neutral,negative,0.8,negative,0.95,5,negative,2,False,4,0.8,True,True,False,True,True,BERTweet
UgwYtcAtFZL-GYBbBHh4AaABAg,Како не се плашите од Бога. Користите трагедија за политички цели.,negative,positive,neutral,negative,0.8,negative,0.95,5,negative,3,False,3,0.6,True,False,False,True,True,"NLPTown, BERTweet"
Ugxp4Wyjr6Rj90Zv8pJ4AaABAg,По мени је ово издаја над Македонијом и македонској нацији. Поздрав.,positive,positive,neutral,negative,0.8,negative,0.95,5,,3,False,0,0.0,False,False,False,False,False,
UgxryTwM9rlTKn2t2UB4AaABAg,"Кога двете страни НЕ са задоволни, значи решението е ДОБРО!!! Секогаш кога едната страна е задоволна, то е за сметка на другата.",neutral,neutral,neutral,negative,0.7,positive,0.95,5,neutral,3,False,3,0.6,True,True,True,False,False,"Gemma, Llama"
UgxCReJLW8uIjm006X14AaABAg,Само напрет РЕПУБЛИКА СЕВЕРНА МАКЕДОНИЈА БРАВО,positive,negative,neutral,positive,0.85,positive,0.95,5,positive,3,False,3,0.6,True,False,False,True,True,"NLPTown, BERTweet"
UgxCReJLW8uIjm006X14AaABAg.8hjsDvT5IiZ9wgfIltiW8h,МАКЕДОНИЈА е во ЈУГО-ИСТОЦ'НА ЕВРОПА -- 25 ВЕКА. од ФИЛИП КРАЛ ИВ век пред оваа ера до денес КСКСИ век.,neutral,positive,neutral,neutral,0.75,positive,0.95,5,neutral,2,False,3,0.6,True,False,True,True,False,"NLPTown, Llama"
UgwQukWyqgVAGo7QSMV4AaABAg,Зпсто не го праса народот копук еден .,negative,negative,neutral,negative,0.8,negative,0.95,5,negative,2,False,4,0.8,True,True,False,True,True,BERTweet
UgyyoA6fuPL4T4IW0jV4AaABAg,кој ке ти остане во македонија за 100-200 евра плата месецно сите има да си отидат од с- македонија,negative,negative,neutral,negative,0.8,negative,0.95,5,negative,2,False,4,0.8,True,True,False,True,True,BERTweet
Ugy4MfH_Do1bfVH_VJx4AaABAg,РЕПУБЛИКА АРНОЛД СЧАРЗЕНЕГЕР КОНЕЦНО РЕСЕНИЕ ЗА ИМЕТО.......ХА ХА ХА ОДИН ГУИДЕ ОУР ОУР ШИПС ТО ВАЛХАЛЛА ...ПЕРУН ИС БЕСИДЕ ЈОУ......СЕГА НА РЕД Е ОД ПРАВОСЛАВНИ ХРИСТИЈАНИ ДА ГИ ВОСПЕВАМЕ ОДИН ТХОР ФРЕЈА,neutral,negative,neutral,negative,0.8,negative,0.97,5,negative,2,False,3,0.6,False,True,False,True,True,"CardiffNLP, BERTweet"
Ugy4MfH_Do1bfVH_VJx4AaABAg.8hPSHiAOO9x9wgejf-PvyE,Апостол Павле во МАКЕДОНИЈА вовел ХРИСТИЈАНСТВО. МАКЕДОНСКИ НАРОД БЛАГОСЛОВЕН од ГОСПОД. 20 века.,positive,positive,neutral,positive,0.85,positive,0.95,5,positive,2,False,4,0.8,True,True,False,True,True,BERTweet
UgxnQIDq_KvTCyCxMpZ4AaABAg,Бравоо!! Поддрска до крајот! Доаѓа подобри времиња.,positive,positive,neutral,positive,0.95,positive,0.95,5,positive,2,False,4,0.8,True,True,False,True,True,BERTweet
Ugwy7VV3v0NreeopYIt4AaABAg,"Дере најсимпатична е министерката Рада, без неја сликата на тв не лици",negative,negative,neutral,positive,0.85,negative,0.95,5,negative,3,False,3,0.6,True,True,False,False,True,"BERTweet, Gemma"
Ugx5AHLYd04JCnaE99J4AaABAg,Финаллј...,neutral,positive,neutral,negative,0.8,positive,0.95,5,,3,False,0,0.0,False,False,False,False,False,
UgwBuTTh0W9fvkmh2H14AaABAg,Само напред С Македониа .подабар зивот за нашите Деца .Инсаллах!! ако даде Господ!!!,positive,negative,neutral,positive,0.85,positive,0.95,5,positive,3,False,3,0.6,True,False,False,True,True,"NLPTown, BERTweet"
UgwBuTTh0W9fvkmh2H14AaABAg.8hPXcqCsVtp8hPZYZqFENE,"Нема македонски деца, со тој договор не постоиме веке!",negative,negative,neutral,negative,0.8,negative,0.95,5,negative,2,False,4,0.8,True,True,False,True,True,BERTweet
UgwBuTTh0W9fvkmh2H14AaABAg.8hPXcqCsVtp9wggLmhXtlv,<УСЕР> преспа договор - кривиц'но дело. сдс програма 2016 никаде нема менување ИМЕ на МАКЕДОНИЈА. сдс ј бајбук. договор ј вц.,neutral,negative,neutral,negative,0.8,negative,0.95,5,negative,2,False,3,0.6,False,True,False,True,True,"CardiffNLP, BERTweet"
UgzYXL9mNmZb5RuJW1t4AaABAg,"Требало је да се зове Стара Србија, што и јесте. Ко је ратовао у балканским ратовима за Македонију?! Ко је ослободио Македонију од Турака и Бугара? Тако уопште не би било проблема са Грцима. А ово измишљање и узимање туѓе историје је смешно!",negative,positive,neutral,negative,0.8,negative,0.95,5,negative,3,False,3,0.6,True,False,False,True,True,"NLPTown, BERTweet"
UgzYXL9mNmZb5RuJW1t4AaABAg.8hTnvJC9ogN8pJSmjsZ3BH,па ние сме македонија а не грците или бугарија.,negative,negative,neutral,negative,0.8,positive,0.95,5,negative,3,False,3,0.6,True,True,False,True,False,"BERTweet, Llama"
UgzYXL9mNmZb5RuJW1t4AaABAg.8hTnvJC9ogN8pJUmppUtYg,јузна србија треба или фјром. Скопје Мацедониа фјром.,neutral,negative,neutral,negative,0.8,negative,1.0,5,negative,2,False,3,0.6,False,True,False,True,True,"CardiffNLP, BERTweet"
UgzYXL9mNmZb5RuJW1t4AaABAg.8hTnvJC9ogN9wgdM7GWvai,<УСЕР>............ глупак.,negative,negative,neutral,negative,0.8,negative,1.0,5,negative,2,False,4,0.8,True,True,False,True,True,BERTweet
UgziIeLsspfR5c91iYN4AaABAg,"Мацедониа шоулд бе девидед то иц пропер ригхтфул овнерс Албаниа, Булгариа анд Грееце. Тетово ис Албаниа!",neutral,negative,neutral,negative,0.85,negative,0.94,5,negative,2,False,3,0.6,False,True,False,True,True,"CardiffNLP, BERTweet"
UgziIeLsspfR5c91iYN4AaABAg.8hRgDxVEJrO8pJTBAvgrxQ,тетово е фјром. пресево е Сербиа. тхе енд.,neutral,negative,neutral,negative,0.8,negative,0.95,5,negative,2,False,3,0.6,False,True,False,True,True,"CardiffNLP, BERTweet"
UgziIeLsspfR5c91iYN4AaABAg.8hRgDxVEJrO9wge3E0eqLh,МАКЕДОНИЈА ИС МАКЕДОНИЈА. анотхер - јунк.,neutral,positive,neutral,negative,0.7,negative,0.9,5,,3,False,0,0.0,False,False,False,False,False,
UgzUFlOBkh5S_rJp_il4AaABAg,Шта ви македонци мислите о овоме ?,neutral,negative,neutral,negative,0.8,neutral,0.85,5,neutral,2,False,3,0.6,True,False,True,False,True,"NLPTown, Gemma"
Ugzkr538H_mPWe1HzA94AaABAg,ин вхич лангуаге дид александер тхе греат спеак витх аристотелес??? славиц? но ит вас греек. анд вхере ис мацедониа? ригхт ин грееце. со втф ис тхис диснејцоунтрј???? Ве аре доинг јоу а фавор фор ур политиц,neutral,negative,neutral,negative,0.8,negative,0.92,5,negative,2,False,3,0.6,False,True,False,True,True,"CardiffNLP, BERTweet"
Ugzkr538H_mPWe1HzA94AaABAg.8hPdaJg67rw8hPj9Ms0sTF,им верј сад фор у цаусе у донт кнов АНЈТХИНГ абоут хисторј.....опен соме боокс плеасе анд тхен талк абоут анциент грееце анд информ урселф хов тхе политицал ситуатион вас хахаха ин 1821 у верент евен екссистинг јуст ан оттоман сперм......анјвај јоур славиц стате анд у славиц пеопле кнов тхат у донт хаве нотхинг ин цоммон витх македониа анд александер тхе греат. Еуропе ис јуст пушинг јоу фор тхеир овн адвантагес анд тхеј аре усинг јоу . Јоу аре сó силлј тхат у неед а нев наме бут иф у вере реал македонианс у воулднт аллов ит. Јоу цант евен телл ме вхј алл македонианс хад греек намес анд хов вере тхеј талкинг то греекс? ин славиц? и донт тхинк со. фуцк офф диснејланд. Анд бтв павловска ис со славиц анд 0% македониан наме им соррј,neutral,negative,neutral,negative,0.8,negative,0.93,5,negative,2,False,3,0.6,False,True,False,True,True,"CardiffNLP, BERTweet"
Ugzkr538H_mPWe1HzA94AaABAg.8hPdaJg67rw8hPlAYp8VOP,"Цоста Газис хммм тхере'с а тхеорј тхат вхен тхе Славиц ппл цаме ин тхе 7тх центурј миксед витх тхе ппл вхо вере алреадј тхере... цалл ит анциент ор вхатевер. Тхе јоутх доесн'т царе абоут анјтхинг ве трј то миграте сомевхере фар фром тхис ланд анјвај, со хаве тхат ин минд вхен хатинг... ховевер, хаве а греат дај анд регардс фром ме.",neutral,negative,neutral,negative,0.8,positive,0.85,5,,3,False,0,0.0,False,False,False,False,False,
Ugzkr538H_mPWe1HzA94AaABAg.8hPdaJg67rw8hPlqXZFoDG,ве хаве дна тест еверјбодј цан до ит.....хов цан а славиц стате витх а славиц алпхабет цалл тхемселвес македонианс вхен тхе македонианс хад греек алпхабет....иц со силлј.,neutral,negative,neutral,negative,0.8,negative,0.95,5,negative,2,False,3,0.6,False,True,False,True,True,"CardiffNLP, BERTweet"
Ugzkr538H_mPWe1HzA94AaABAg.8hPdaJg67rw9wgdmIVHB3O,<УСЕР> АЛЕКСАНДЕР спеак Мацедониан лангуаге. бефоре 25 центуриес -- ЦАР ОН МАКЕДОНИЈА.,neutral,negative,neutral,negative,0.8,positive,0.95,5,,3,False,0,0.0,False,False,False,False,False,
Ugzkr538H_mPWe1HzA94AaABAg.8hPdaJg67rw9wgeqw7O_6-,<УСЕР> јес мацедониан ис греек нот славиц,neutral,positive,neutral,negative,0.8,negative,0.94,5,,3,False,0,0.0,False,False,False,False,False,
Ugzkr538H_mPWe1HzA94AaABAg.8hPdaJg67rw9wgh6h5sJKc,"и ФИЛИП и СИН АЛЕКСАНДАР -- МАКЕДОНЦИ. пред 25 века ФИЛИП КРАЛ, АЛЕКСАНДАР ЦАР НА МАКЕДОНИЈА !!!",neutral,positive,neutral,positive,0.85,positive,0.95,5,positive,2,False,3,0.6,False,True,False,True,True,"CardiffNLP, BERTweet"
UgzNDUOIc3TwNFCpuYZ4AaABAg,Подобро да се викаш Јужна Србија,neutral,neutral,neutral,negative,0.8,positive,0.95,5,neutral,3,False,3,0.6,True,True,True,False,False,"Gemma, Llama"
UgzNDUOIc3TwNFCpuYZ4AaABAg.9g2LQ3V8a579wglN4j7Ku_,@...... гњури ј Дунав. ТАТЈАНА МАКЕДОНКА,neutral,negative,neutral,negative,0.8,positive,0.95,5,,3,False,0,0.0,False,False,False,False,False,
UgzulEVEWZtJnsse5DV4AaABAg,"Безусловна капитулација! Кески Прецедателот и ВМРО ке не спасат од оваа будаластина. Ако ВМРО го спаси името, никогас повеке нема да гласам за СДСМ!",negative,negative,neutral,negative,0.8,negative,0.95,5,negative,2,False,4,0.8,True,True,False,True,True,BERTweet
UgzulEVEWZtJnsse5DV4AaABAg.8hP_DiY_Omc8hWs3Yps2oT,Ништо не те разбрав. Пиши на англиски!,neutral,positive,neutral,negative,0.8,negative,0.9,5,,3,False,0,0.0,False,False,False,False,False,
UgzulEVEWZtJnsse5DV4AaABAg.8hP_DiY_Omc8hWw_5KDwC0,Бјак ТТМ!,positive,positive,neutral,neutral,0.78,positive,0.95,5,positive,2,False,3,0.6,True,True,False,False,True,"BERTweet, Gemma"
UgzulEVEWZtJnsse5DV4AaABAg.8hP_DiY_Omc8hXLGFXdrjj,+ваннабе Самуил Мрш Татар!,neutral,positive,neutral,negative,0.8,positive,0.95,5,,3,False,0,0.0,False,False,False,False,False,
UgzulEVEWZtJnsse5DV4AaABAg.8hP_DiY_Omc8hZizkb7q2n,"Јас ти реков мрш татар, ама тебе не те разбрав! ;)",neutral,positive,neutral,negative,0.8,negative,0.95,5,,3,False,0,0.0,False,False,False,False,False,
UgzulEVEWZtJnsse5DV4AaABAg.8hP_DiY_Omc8h_DnwyQql-,Не те сакам под мојот пост. Ти си Турано-Татаро- Монгол! Гитла!,negative,negative,neutral,negative,0.8,negative,1.0,5,negative,2,False,4,0.8,True,True,False,True,True,BERTweet
UgzulEVEWZtJnsse5DV4AaABAg.8hP_DiY_Omc8hajnPOLxsH,"Нисто не те разбирам Татарце, писувај англиски!",negative,negative,neutral,negative,0.8,negative,0.9,5,negative,2,False,4,0.8,True,True,False,True,True,BERTweet
UgzulEVEWZtJnsse5DV4AaABAg.8hP_DiY_Omc8hawCRhKrUT,Абе Турано Татаро-Монголце писи на англиски. Нисто не те разбирам!,negative,negative,neutral,negative,0.8,negative,0.95,5,negative,2,False,4,0.8,True,True,False,True,True,BERTweet
UgzulEVEWZtJnsse5DV4AaABAg.8hP_DiY_Omc8hbBXe2uDpM,"Абе Бугарце Татарце бе не те разбирам, зборис ли англиски?",negative,negative,neutral,negative,0.8,negative,0.9,5,negative,2,False,4,0.8,True,True,False,True,True,BERTweet
UgyhE8NSXBsY1MwSRvN4AaABAg,Ќе си лежиш.,negative,negative,neutral,negative,0.8,negative,1.0,5,negative,2,False,4,0.8,True,True,False,True,True,BERTweet
UgyhE8NSXBsY1MwSRvN4AaABAg.8hPfsdVZ5zh9wgfa9mibTe,и к'е лез'и. сдс програма 2016 никаде нема менување ИМЕ на МАКЕДОНИЈА.,negative,negative,neutral,negative,0.8,negative,0.95,5,negative,2,False,4,0.8,True,True,False,True,True,BERTweet
UgxZ4jQxJAvP_r_Fpv54AaABAg,Владата на З.Заев се избрза а не народот Македонски...,negative,negative,neutral,negative,0.7,negative,0.94,5,negative,2,False,4,0.8,True,True,False,True,True,BERTweet
Ugy1GZRJVMX8uPYxgdF4AaABAg,"ВИЕ НОВИНАРИТЕ САМО ЗА СТРЕЛАЊЕ СТЕ.АМА ВЕ РАЗБИРАМ .КАКО КЕ БИДЕТЕ ГЛЕДАНИ АКО НЕ КАЗВАТЕ ЗОЛТА СТАМПА И ПОЗОЛТИ ВЕСТИ.ВИЕ БОЛЕДУВАТЕ ОД ЗОЛТИЦА ,НОВИНАРИТЕ. НЕМАТЕ НИ 0,1% ПРОФЕСИОНАЛИЗАМ.",negative,negative,neutral,negative,0.8,negative,0.95,5,negative,2,False,4,0.8,True,True,False,True,True,BERTweet
Ugy1GZRJVMX8uPYxgdF4AaABAg.90BkIzxUUUs90DWYWfw_3Q,"И се разбира, се јави еден глуп кумуњар.",negative,positive,neutral,negative,0.8,negative,1.0,5,negative,3,False,3,0.6,True,False,False,True,True,"NLPTown, BERTweet"
Ugy1GZRJVMX8uPYxgdF4AaABAg.90BkIzxUUUs90He3zm1rIJ,Ете и ти написа несто...готови стеее!!,neutral,negative,neutral,negative,0.8,negative,0.95,5,negative,2,False,3,0.6,False,True,False,True,True,"CardiffNLP, BERTweet"
UgwAAFNrdgAKDq88oJJ4AaABAg,"Респект од Прилеп, Македонија брат!",positive,positive,neutral,positive,0.95,positive,0.95,5,positive,2,False,4,0.8,True,True,False,True,True,BERTweet
UgyX5btxSSeg62Hdg8h4AaABAg,Само Напред Македонијо 🇲🇰🦁🇲🇰🦁🇲🇰🦁🇲🇰🦁,neutral,negative,neutral,positive,0.95,positive,0.95,5,,3,False,0,0.0,False,False,False,False,False,
UgzH3RbwD7Nx0B-fD4x4AaABAg,"Се додека вакви ликови, со јасно изразена југословенска ( читај про-српска) ментална матрица, го креираат јавното мислење и политиката, Македонија ќе си биде таму каде што е! На ѓубриштето на Европа. Можеме на Никовски и на таквите како него да им се заблагодариме за се што ни се случува и ни се случуваше во изминативе три децении, па и повеќе. Прашањето е само: До кога?",negative,negative,neutral,negative,0.8,negative,0.94,5,negative,2,False,4,0.8,True,True,False,True,True,BERTweet
UgxxCNyayvi9bkw3nYx4AaABAg,Поздрав од Куманово,neutral,positive,neutral,positive,0.85,positive,1.0,5,positive,2,False,3,0.6,False,True,False,True,True,"CardiffNLP, BERTweet"
UgwYYToowadJllBEWTt4AaABAg,"Овој работи задскриено за ""Српски свет""!",neutral,positive,neutral,negative,0.7,negative,0.95,5,,3,False,0,0.0,False,False,False,False,False,
UgzGN3YSg4IB-b7zF354AaABAg,Знаци да повториме.Никовски како бивси Ју амбассадор дал заклетва на верност Кон Југославиа (цитај голема Србиа). И никогас не е отповика!!😂😂😂,negative,negative,neutral,positive,0.85,negative,0.95,5,negative,3,False,3,0.6,True,True,False,False,True,"BERTweet, Gemma"
UgzsV3TPryCUV1Jq2uF4AaABAg,"Браво г-не Никовски!!! Но колку вие мозете да делувате кон ЕУ за овоа ""тивко"" предавство на Македонија?",negative,negative,neutral,negative,0.8,negative,0.85,5,negative,2,False,4,0.8,True,True,False,True,True,BERTweet
Ugxl-yoC48Sr-bAFAu54AaABAg,Никовски е во право Македонија ако го смени уставот и ги внесе бугарите тоа ќе биде почеток на асимилација. Македонија не смее тоа да го направи.,negative,negative,neutral,negative,0.8,negative,0.95,5,negative,2,False,4,0.8,True,True,False,True,True,BERTweet
UgxUyDie1ZIqDK6yyjN4AaABAg,"Ако Бугарија продолзи со негирање на македонија и Македонскиот јазик и идентитет, трба Македонија да прогласи за ФАСИЗАМи сите односи да ги прекине,мора га знае еу,,",negative,negative,neutral,negative,0.8,negative,0.95,5,negative,2,False,4,0.8,True,True,False,True,True,BERTweet
UgwIEd2q6gt2E8tStrt4AaABAg,"Пред избори, за време на војна и после лов се лаже најмногу.",negative,neutral,neutral,negative,0.8,negative,0.95,5,negative,2,False,3,0.6,True,False,False,True,True,"NLPTown, BERTweet"
UgwyGtal2icGJEUzqaR4AaABAg,Јон Тренески е Влав????Или грешам.,neutral,negative,neutral,negative,0.8,negative,0.94,5,negative,2,False,3,0.6,False,True,False,True,True,"CardiffNLP, BERTweet"
UgwyGtal2icGJEUzqaR4AaABAg.ANeBHi__mY1ANxQaWlr-E6,"Г-дине Петров, и Власите се луѓе! Што се однесува до вашата понуда да бидете “кум“, и “матичар“ Ви благодарам, но јас со гордост го носам името на мојот дедо кој бил чисто етнички македонец. Ниту тој ги делел, а ниту јас ги делам луѓето по етничка припадност, туку по човечността.",positive,positive,neutral,positive,0.82,positive,0.85,5,positive,2,False,4,0.8,True,True,False,True,True,BERTweet
UgzzVD2AEEtuN0bOGmp4AaABAg,На дедо Ристо му е мачно за Југославија.И тоа се гледа и од авион,negative,neutral,neutral,negative,0.7,negative,0.95,5,negative,2,False,3,0.6,True,False,False,True,True,"NLPTown, BERTweet"
Ugx1zKIIM9Nr0ugrOj94AaABAg,Ти ако бесе толку паметен и ако рзсите нисе толку приатели Кениги вратеа архивите ид историата ...,neutral,negative,neutral,negative,0.8,negative,0.94,5,negative,2,False,3,0.6,False,True,False,True,True,"CardiffNLP, BERTweet"
Ugw0UE6VrlMmnCpsBv14AaABAg,"Дали мозат бугарите(тетарите) да разберат,Александар не е татар(нити бугар)немојте усте поголема омраза да сирите,вие сирите говорна Омраза,засраметесе",negative,negative,neutral,negative,0.8,negative,0.95,5,negative,2,False,4,0.8,True,True,False,True,True,BERTweet
Ugw0UE6VrlMmnCpsBv14AaABAg.ANcTzLYRogjANcVPsvIbM-,Дали ЈУгославјаните ште разберат че Елександар не е ЈУгоИстарсак !,neutral,negative,neutral,negative,0.8,negative,0.95,5,negative,2,False,3,0.6,False,True,False,True,True,"CardiffNLP, BERTweet"
Ugw0UE6VrlMmnCpsBv14AaABAg.ANcTzLYRogjANe2TuvMxxL,Дали пинджурите ке разберат че са вештачка држава,neutral,negative,neutral,negative,0.8,negative,0.95,5,negative,2,False,3,0.6,False,True,False,True,True,"CardiffNLP, BERTweet"
UgzDzWqop75qYPqWu8d4AaABAg,"Македпнија е еден од последните партнери на Америка, Грција Албанија и Бугарија се многу понапред и по влијателни од Македонците во Америка, се задна дупка на свиралка.",positive,neutral,neutral,negative,0.8,negative,0.95,5,,3,False,0,0.0,False,False,False,False,False,
UgwdUH0FnLEAX0qgw914AaABAg,"Ристо Ников ( ски ) стар УДБАш , работи само за свој личен интерес",neutral,neutral,neutral,negative,0.8,negative,0.95,5,neutral,2,False,3,0.6,True,True,True,False,False,"Gemma, Llama"
UgwdUH0FnLEAX0qgw914AaABAg.ANcW0WpkkSeANckywYw922,ЈАДИ ГОМНА ТАТАР,positive,negative,neutral,negative,0.7,negative,1.0,5,negative,3,False,3,0.6,False,True,False,True,True,"CardiffNLP, BERTweet"
UgwdUH0FnLEAX0qgw914AaABAg.ANcW0WpkkSeANclE8JGTON,"Г-дине Кирјаков. Не ви доликува на годините кои ги имате за да ширите лаги. Наместо тоа, ако сте Македонец, потрудете се да користете македонски букви",negative,negative,neutral,negative,0.8,negative,0.95,5,negative,2,False,4,0.8,True,True,False,True,True,BERTweet
UgwdUH0FnLEAX0qgw914AaABAg.ANcW0WpkkSeANdGekt36KV,@салваторетоториина9523Греска си ТАТАРОМОНГОЛ е тој не татар,neutral,negative,neutral,negative,0.8,negative,0.95,5,negative,2,False,3,0.6,False,True,False,True,True,"CardiffNLP, BERTweet"
UgwdUH0FnLEAX0qgw914AaABAg.ANcW0WpkkSeANducw9ufRT,Да сигурно пишман македонец е затоа Му смета македонски јазик и народ нека оди во бугарија и таму ке Си Зиви Дö неговите татари 😂😂😅,negative,negative,neutral,negative,0.8,negative,0.95,5,negative,2,False,4,0.8,True,True,False,True,True,BERTweet
UgwdUH0FnLEAX0qgw914AaABAg.ANcW0WpkkSeANeALZfez7A,"@ммакедонскикоренијб9559Нема македонски букви, току има кирилични букви.",neutral,negative,neutral,neutral,0.85,negative,0.95,5,neutral,2,False,3,0.6,True,False,True,True,False,"NLPTown, Llama"
UgwdUH0FnLEAX0qgw914AaABAg.ANcW0WpkkSeANicnOAXcBC,Дани го бричиш јјцезо љаво ас зељано ѕамче на Рики🫵🤣,negative,negative,neutral,negative,0.8,negative,0.95,5,negative,2,False,4,0.8,True,True,False,True,True,BERTweet
UgwdUH0FnLEAX0qgw914AaABAg.ANcW0WpkkSeANv6IciVNPf,"@ванетрајковски125 Татаромакедонец од Татариновац со татко од Татар Елевци и мајка од Татарли, не постоиш.",neutral,negative,neutral,negative,0.8,negative,1.0,5,negative,2,False,3,0.6,False,True,False,True,True,"CardiffNLP, BERTweet"
Ugz8AON86xVg8o7fT7p4AaABAg,ма,neutral,neutral,neutral,neutral,0.85,neutral,1.0,5,neutral,1,True,5,1.0,True,True,True,True,True,
UgzrzreYy-MgAW0S9f14AaABAg,Твоите руси се сто мозеле и мозат прават за бугариа а против македониа,negative,negative,neutral,negative,0.8,negative,0.95,5,negative,2,False,4,0.8,True,True,False,True,True,BERTweet
UgwYYq54_Stcj7iQy7p4AaABAg,"Брјуксел иска да промените уставо, Балгарија има ште други исканија. Балгарија иска само да се каже истината за историјата, дукоментите на тајните служби да се отворјат и да нјама говор на омраза. За нас в Северна Македонија всички да Балгари.",negative,negative,neutral,negative,0.8,negative,0.8,5,negative,2,False,4,0.8,True,True,False,True,True,BERTweet
UgwYYq54_Stcj7iQy7p4AaABAg.ANcLdvi8ZCNANcXTA4mJYu,"Булгариа ""иска"" тхе вхоле универсе, еверјоне кновс тхат велл. Мацедонианс аре аваре оф булгариан аппетитес. Ит'с гоод то сее тхат булгарианс вере невер фриендс витх Мацедонианс, анд тхе маин гоал ис тхе деструцтион оф Мацедониа анд Мацедонианс. Нов, мацедонианс цан сее цлеарлј , вхо аре булгарианс анд вхат тхеир интентионс аре агаинст Мацедонианс.",neutral,negative,neutral,negative,0.8,negative,0.94,5,negative,2,False,3,0.6,False,True,False,True,True,"CardiffNLP, BERTweet"
UgwYYq54_Stcj7iQy7p4AaABAg.ANcLdvi8ZCNANcZGbokynR,"@интерцоолер740иНе разбирам англијски , немски да. Пиши на кирилица. Аз сам от Пирински Дел и не сме сагласни Вардарска македонија да лаже и променја исторически факти. Не други, а точно ние от Пиринска Македонија искаме и настојава ме да се каже истината. За Г. Делчев и за всички други дејци на ВМОРО. Стига лаги",neutral,negative,neutral,negative,0.8,negative,0.92,5,negative,2,False,3,0.6,False,True,False,True,True,"CardiffNLP, BERTweet"
UgwYYq54_Stcj7iQy7p4AaABAg.ANcLdvi8ZCNANccF6jCeGh,"Сега баш пред малку гледав еден ваш ерудит, кој потврди што одамна ние го кажуваме не од омраза, туку таква е науката, која за вас е недостапна! Држава, пред 1908год кога ве призна Султанот не постои, со име Бугарија. Тврдите Самоил е ваш цар, државата му се викала Склавинија. Круната била Бугарска, на која круна пишува име, Бугарска! Ниту, на таа, на Фердинанд?",negative,negative,neutral,negative,0.8,negative,0.92,5,negative,2,False,4,0.8,True,True,False,True,True,BERTweet
UgwYYq54_Stcj7iQy7p4AaABAg.ANcLdvi8ZCNANcl0AhMx7j,"@ЃокоВелковски-дм5ввАко не постоела, како тогас имало, кратко траела, срабско-булг.воина 1885, 1908 е признаването. Прво И второ булг.зарство имало. А относно зар Самуил, тварди го свецката историографија да е булгарски цар. Зборуваите си приказни, в свецките енцјцлопедиа хероите(от пред 1945), кои се слават в Северна Мацедониа се написани Булгари! Имаите много здраве 😊.",neutral,negative,neutral,negative,0.8,negative,0.8,5,negative,2,False,3,0.6,False,True,False,True,True,"CardiffNLP, BERTweet"
UgwYYq54_Stcj7iQy7p4AaABAg.ANcLdvi8ZCNANclE7vUjel,ФАСИСТА,negative,negative,neutral,negative,0.8,negative,1.0,5,negative,2,False,4,0.8,True,True,False,True,True,BERTweet
UgwYYq54_Stcj7iQy7p4AaABAg.ANcLdvi8ZCNANcoQ3ic7ci,"@МариаЗлатева-ј4уКаде се написани од Канчев. Се повикувате на Егзархијата, која е непризнаена црква до 2 светска војна, илегална црква која не смеела да дејствува надвор од кнежеството, ама дејствувала затоа што ""Турците"" ви дозволија а тие се ваш братски народ, јазикот ви бил ист, а тие се ислам,баш им било гајле, и трпеа притисок од Германија и Русија кои 1902 го забранија името Македонија, библијата ја преправија и каде беше МК пишаа 3 вилаети, нели е тоа божји грев? Ти сакаш да си против Бог!?",negative,negative,neutral,negative,0.8,negative,0.95,5,negative,2,False,4,0.8,True,True,False,True,True,BERTweet
UgwYYq54_Stcj7iQy7p4AaABAg.ANcLdvi8ZCNANctUSorhsa,@ЃокоВелковски-дм5ввНапример видите кои е победил Бадвин л Латин емперор оф Цонстантинопле 1205. Процитаите си ист.податоци от свецката историографија.,neutral,negative,neutral,negative,0.8,neutral,0.85,5,neutral,2,False,3,0.6,True,False,True,False,True,"NLPTown, Gemma"
UgwYYq54_Stcj7iQy7p4AaABAg.ANcLdvi8ZCNANctw5dD_2I,@ЃокоВелковски-дм5ввИсториографијата на која дрзава во светот признава идентитет на Северна Мацедониа от пред 1945? Немам јас заблуди драги Ѓоко.,negative,negative,neutral,negative,0.75,neutral,0.85,5,negative,2,False,3,0.6,True,True,False,True,False,"BERTweet, Llama"
UgwYYq54_Stcj7iQy7p4AaABAg.ANcLdvi8ZCNANctwaqmVVg,"@МариаЗлатева-ј4уМатвеј Соколов ви напиша историја. АРХОНТ го преведуваат со цар. Михаил е Архонт во Кутмичевица и го поврзува дека тој е кнез Борис. Русите си имаа свои интереси со создавање голема Словенска држава на 3 мориња. Егзархијата илегално делува, милет систем прави забуни во пописите, Канчев се што е Македонско го пишува Бугари.",neutral,negative,neutral,negative,0.8,negative,0.83,5,negative,2,False,3,0.6,False,True,False,True,True,"CardiffNLP, BERTweet"
UgwYYq54_Stcj7iQy7p4AaABAg.ANcLdvi8ZCNANcvjn5PCNh,"@ЃокоВелковски-дм5ввМолам ви се Ѓоко, во било која историографија ( вкл.и в срабската) да проверам- ист.ликови(от пред '45)се Булгари написани! Не е слуцаино написано в договорот (поддарзан от ЕУ)заедницка историја! Процитаите, размислете, не е тезко да се информира цовек!",negative,negative,neutral,negative,0.8,negative,0.94,5,negative,2,False,4,0.8,True,True,False,True,True,BERTweet
UgwYYq54_Stcj7iQy7p4AaABAg.ANcLdvi8ZCNANcyvWAPYOh,"@МариаЗлатева-ј4уНие правиме разлика меѓу заедничка и општа историја вие не. Народ и нација за вас е исто, гледав ваши историчари од комисијата се чудев што зборуваат луѓево, Замисли евреите не постојат како народ пред 1948г.Палестинците,Курдите,смешно е што вие учите!? Пријатно, повеќе е апсурд да коментирам.",negative,negative,neutral,negative,0.8,negative,0.95,5,negative,2,False,4,0.8,True,True,False,True,True,BERTweet
UgwYYq54_Stcj7iQy7p4AaABAg.ANcLdvi8ZCNANd6SBd5gY1,"@ЃокоВелковски-дм5ввЗаедницка на булгарски знаци обста, зато в дог.станува збор за заедницки отбелезуванија на наи-знацаините настани. Има народи, кои постоели И постојат без своиа дрзава, но не знаци например да е задалзително на секои геогр.или админ.регион да соотвецтвува народ- нема например далматинзи, воиводинзи, саксонзи, баварзи, трансилванзи в етницка смисла.",neutral,negative,neutral,neutral,0.7,neutral,0.85,5,neutral,2,False,4,0.8,True,False,True,True,True,NLPTown
UgwYYq54_Stcj7iQy7p4AaABAg.ANcLdvi8ZCNANdAFYtaqsg,"@МариаЗлатева-ј4уМарија, историјата е напишана на Берлински конгрес, на Србија и ја забранија историјата, меѓудругото календарот и за цар Душан. 1896г.Рускиот цар вели ќе ја дадам МК на оној кој ќе биде послушен, 1902г го забранија нимето МК и ја преправаат библијата. Во тоа време Британскиот премиер изјавува МК на Македонците. 1690г Леополд 1 дава писмо за признавање на права на Македонците во А и Унг.после поразот на Карпош, 1849 Сахаров во зборник во Петрсбург вели македонски јазик во МК. 1750 годМакедонски полк во Украина. Владиката Данило Петровиќ прадедо на Караѓорѓевиќ убиен во Марсеј во писмо до Рускиот цар вели се јавува од МК и верниците ги нарекува Македонјани, прочитај епска песна од Вук Караџиќ Смрт војводе Кајице, вели Смедерево град во МК. Јован Цимискиј цар на Византија вели од Дунав надоле се е МК. 1810 год Германците го сменија МК остров во Балкан. 1720 год 100учени требало да ја напишат Руската историја 96 биле Германци 4 Руси, собирале документи носеле во Германија, Ломоносов се побунил и го осудиле.на смрт. Затоа Русите зборуваат за Тартарија",neutral,negative,neutral,negative,0.5,negative,0.94,5,negative,2,False,3,0.6,False,True,False,True,True,"CardiffNLP, BERTweet"
UgwYYq54_Stcj7iQy7p4AaABAg.ANcLdvi8ZCNANdCZdmukD2,"@ЃокоВелковски-дм5ввИзвинете, али има свецка историографија, во коиа васето толкување на историјата го нема! Има си документи И докази, на кои се остана официалната историја! Васите историцари на свецко ниво до сега мозеха да уцествуват в семинари И да си доказат тезите(тоа го каза И вас аналитицар на васа ТВ!)мезду впроцем дури на срабска ТВ НЕ сам видела нито еден! Историјата е веке написана Ѓоко, вкл.и настаните до '45. Вас предс.обијасни да СМ присвоиува историја от соседите, вас председател г-н Пендаровски каза како се изијаснувал етницки наи-големиот херои на дрзавата. Немоите да мислите да то е слуцаино. Процитаите си биографиите на ист.лицности И целата книга на Мисирков! Поздрав.",negative,negative,neutral,negative,0.5,negative,0.92,5,negative,2,False,4,0.8,True,True,False,True,True,BERTweet
UgwYYq54_Stcj7iQy7p4AaABAg.ANcLdvi8ZCNANdDm8hhcrP,"@ЃокоВелковски-дм5ввЦудам се по коиа ""логика"" например цар Самуил го сметате за мак., а цар Дусан, коронован в Скопие- не? Какво обијаснуване имате?",negative,negative,neutral,negative,0.8,negative,0.94,5,negative,2,False,4,0.8,True,True,False,True,True,BERTweet
UgwYYq54_Stcj7iQy7p4AaABAg.ANcLdvi8ZCNANdTYPGUATN,"Бевме долго под Србија, притисок, Душанов законик првата страна ја нема! Тој е цар на Македонија, така е крунисан, Пеќка патријаршија после ја прогласил, ОА го крунисала. Кај си видела на мост да се круниса цар. НЕМАНИЌ го прогласуваат а иќ е воведено 1860год.Стефан му е титулата. Внуката на Дрангов го покажа гробот на дедото во Скопје, не пишув Дрангов туку Дранго во тоа време немало Егзархија во Скопје да ги смени имињата на ов, ев, подоцна пги менуваат Бугарите, па Србите, па Бугарите па Србите пак 1941 Бугарите. Србите велат одете на гробиштата ќе видите на иќ вашиот дедо е Србин, исто Бугарите, Грците не само имињата туку и топонимите. Зошто би се карале со Србите кога не признаваат и црквата ни ја признаа Проблем сте вие не барате Бугари во Егејска Мк а Македонија е Бугарска ако нема таму Бугари зошто ја окупиравте 2 светска војна. @МариаЗлатева-ј4у",negative,negative,neutral,negative,0.8,negative,0.94,5,negative,2,False,4,0.8,True,True,False,True,True,BERTweet
UgwYYq54_Stcj7iQy7p4AaABAg.ANcLdvi8ZCNANdcaR9iHKW,"Ристович не се занимавај со политика,а оди у цраква да се молиш за греховете си,а си грешен,оти скоро ке се представиш пред свети Петар и он ке ти одреди по заслугите во огнената геена, барем 1000 години!😅",negative,negative,neutral,negative,0.8,negative,0.95,5,negative,2,False,4,0.8,True,True,False,True,True,BERTweet
UgwYYq54_Stcj7iQy7p4AaABAg.ANcLdvi8ZCNANeeyq9GUTM,"@ЃокоВелковски-дм5ввГарците са платили на Балгарија Егејска Македонија, и Беломорска Тракија. Договора за репарации е подписан между Кафандарис - Стамболов. Те са признали че това са Балгарски земи. И за това през 1919 Г изплаштат парите.Не е лошо малко да четете.",neutral,negative,neutral,negative,0.75,negative,0.95,5,negative,2,False,3,0.6,False,True,False,True,True,"CardiffNLP, BERTweet"
UgwYYq54_Stcj7iQy7p4AaABAg.ANcLdvi8ZCNANeuEj9kCI2,"@тодорбузов842Со нејскиот договор не само што плати воени репарации Бугарија, изгуби територии со Србија, Грција и Румунија преко 2миларди Француски франци. Што ве учат Бог да чува 27,11 1919г",negative,negative,neutral,negative,0.8,negative,0.95,5,negative,2,False,4,0.8,True,True,False,True,True,BERTweet
UgwYYq54_Stcj7iQy7p4AaABAg.ANcLdvi8ZCNANfCnKvwnof,"@ЃокоВелковски-дм5ввВие маи не сте гледали сто казуват на ср.тв? Србите ви признават от 1945. Цар Дусан е срабски, цар Самуил-бугарски, вие си писуваите сто сакате И будете сретан😊!",negative,negative,neutral,negative,0.8,positive,0.95,5,negative,3,False,3,0.6,True,True,False,True,False,"BERTweet, Llama"
UgwYYq54_Stcj7iQy7p4AaABAg.ANcLdvi8ZCNANnvBcQMQ_-,"@ЃокоВелковски-дм5ввЃоко,што за име северджанско,Балгарија фактически ништо не е изгубила, изгубихте вие,старите сраби,а с правата светска спечели един важен сајузник; Турција,која ште става все по важна!😆",negative,negative,neutral,positive,0.82,negative,0.94,5,negative,3,False,3,0.6,True,True,False,False,True,"BERTweet, Gemma"
UgxeK5T3CtNIKvv037x4AaABAg,От такива сатрапи като Ристо Северна е там кадето е.А на вас северните Балгарија не ви излиза от устата. Нјама бјагане от преговорната рамка.,negative,negative,neutral,negative,0.8,negative,0.95,5,negative,2,False,4,0.8,True,True,False,True,True,BERTweet
Ugwl03XSzmXWBhYBuSp4AaABAg,"Ников/ски/,ти си позор за татко си.Балгарскијат кмет на град Ресен,Кирил Христов Ников-1941/1943 г.Ристо е роден,когато татко му е бил кмет.Сега Ристо е станал отпадак!",negative,negative,neutral,negative,0.8,negative,1.0,5,negative,2,False,4,0.8,True,True,False,True,True,BERTweet
UgxbATQheqkk4uth57Z4AaABAg,"титопитеци, чао сте",negative,negative,neutral,neutral,0.74,positive,0.95,5,,3,False,0,0.0,False,False,False,False,False,
UgxbATQheqkk4uth57Z4AaABAg.ANcMzeOFOd8ANclJST9hlQ,ФАСИСТИ БАЈ БАЈ,negative,neutral,neutral,negative,0.8,negative,1.0,5,negative,2,False,3,0.6,True,False,False,True,True,"NLPTown, BERTweet"
UgxbATQheqkk4uth57Z4AaABAg.ANcMzeOFOd8ANe4NcVnc_Q,"<УСЕР> И Тоа Фасист со Рогови, Македонците им дадоја Писменост и Вера на Русите и на Србите, инаце ке остане Паганци и до ден денес, пак Србите биле Малтески Витези све до КС Век, тие мислат дека на нас мозат да ни продаваат Муда за Бубрези ... 🤦‍♂😂 ...",negative,negative,neutral,negative,0.8,negative,0.95,5,negative,2,False,4,0.8,True,True,False,True,True,BERTweet
UgzpDkLxeD_Gu9x_TWt4AaABAg,Нема потреба от разправи. Прекинере парламента и владата. От БАЛГАРИЈА 🇧🇬 КЕ ВЕ АДМИНИСТРИРАМЕ,neutral,negative,neutral,neutral,0.7,negative,0.95,5,neutral,2,False,3,0.6,True,False,True,True,False,"NLPTown, Llama"
UgzpDkLxeD_Gu9x_TWt4AaABAg.9iMcpwvLUiY9iMeNLeiKmP,<УСЕР> комунист угословен антички хунза ром-фиром северномонголски севержан бановин банан-бадентер -балансер,neutral,negative,neutral,negative,0.8,negative,0.94,5,negative,2,False,3,0.6,False,True,False,True,True,"CardiffNLP, BERTweet"
UgxSvG09lUoWF6LNAVV4AaABAg,Нјама да има скоро ЕС,neutral,negative,neutral,negative,0.7,negative,0.95,5,negative,2,False,3,0.6,False,True,False,True,True,"CardiffNLP, BERTweet"
UgwOyIzdkTPIb98P_bV4AaABAg,джундева за никаков к.р не ставаш,negative,negative,neutral,negative,0.8,negative,0.95,5,negative,2,False,4,0.8,True,True,False,True,True,BERTweet
UgwOyIzdkTPIb98P_bV4AaABAg.9iO-AB8HEac9rvbuFdvreA,фреак. ставај и зелки и компири. ј ѕундзе.,negative,negative,neutral,negative,0.8,negative,0.94,5,negative,2,False,4,0.8,True,True,False,True,True,BERTweet
UgwdfuxuSaliFH6HnF54AaABAg,"Браво И поздрав До ЛЕВИЦА Мора Некој да се натдаде да води ред Во земјата, акој некој се полудени некој се со Постовање Према Народот И земјата .",positive,positive,neutral,positive,0.85,negative,0.95,5,positive,3,False,3,0.6,True,True,False,True,False,"BERTweet, Llama"
Ugz9HiQbldjbGrzQyUF4AaABAg,"Браво за Левица , единствена партија сто се бори за Македонија и правата на Македонците",positive,positive,neutral,positive,0.95,positive,0.95,5,positive,2,False,4,0.8,True,True,False,True,True,BERTweet
UgxfMrLZ49O7dFbywyR4AaABAg,ПОЗ ЛЕВИЦА ДОВАЃА ВАСЕ ВРЕМЕ,positive,positive,neutral,positive,0.85,negative,0.95,5,positive,3,False,3,0.6,True,True,False,True,False,"BERTweet, Llama"
UgwSVHahKqFqMwHe_Z94AaABAg,Секоја чест .....браво момци мило ми е што сте сплотени околу МАКЕДОНИЈА,positive,positive,neutral,positive,0.85,positive,0.95,5,positive,2,False,4,0.8,True,True,False,True,True,BERTweet
Ugx8erCQv5V3eO_qnq94AaABAg,Секоја чест за иницијативата по повод денот на победата над фашизмот. А посебно и за носењето на Георгиевските ленти.,positive,positive,neutral,positive,0.85,positive,0.95,5,positive,2,False,4,0.8,True,True,False,True,True,BERTweet
UgwcAht59RNBxeORgax4AaABAg,Р.Радев мирен човек вели ке се договориме без посредник скуп е превод! се ке средиме во Софиа само С.Пендаровски како и се до сега ке треба само да потпише едноставно🤣😂🤣...,neutral,negative,neutral,negative,0.8,negative,0.95,5,negative,2,False,3,0.6,False,True,False,True,True,"CardiffNLP, BERTweet"
UgwIVmbWMVyeHN8dsMt4AaABAg,Селска седенка ...,neutral,positive,neutral,negative,0.8,neutral,0.85,5,neutral,3,False,3,0.6,True,False,True,False,True,"NLPTown, Gemma"
UgyIszhJEaq9a9Yqurd4AaABAg,Само Убиство За Македонија И Македонскиот Народ Бојкот,negative,negative,neutral,negative,0.8,negative,0.95,5,negative,2,False,4,0.8,True,True,False,True,True,BERTweet
UgwhAxBsWZmgK0Oh25t4AaABAg,Браво,positive,positive,neutral,positive,0.98,positive,1.0,5,positive,2,False,4,0.8,True,True,False,True,True,BERTweet
UgyuCkejn1CZ1x14eGN4AaABAg,"АФЕРИМ ПРОФЕСОРЕ АФЕРИМ👏❣️ВИСТИНАТА ЈА ЗБОРУВАШ, ПРЕМИЕР ТРЕБА ДА ТЕ ИЗГЛАСАМЕ, ОД НАРОД ЗА НАРОД🙏❣️👏👏👏💋",positive,negative,neutral,positive,0.85,positive,0.95,5,positive,3,False,3,0.6,True,False,False,True,True,"NLPTown, BERTweet"
Ugy4wKXkfFHR8lLhJRV4AaABAg,"Браво. Да Живее независима и свободна Македонија на македонците. Никога не искам, ни да ви гледам, ни да ви чувам. Заради вас Балгарија само е страдала и пак страда. Аз да сам политик, дувар ште сторја между двете земи, птиче да не фракне.",negative,negative,neutral,positive,0.85,positive,0.95,5,,3,False,0,0.0,False,False,False,False,False,
Ugy4wKXkfFHR8lLhJRV4AaABAg.9spjDU4s5mW9spwqsm7Bol,"Да ама не са всичките като този ,има много нормални хора.Сан Стефанскија договор е началото на краја на Турското робство .",neutral,negative,neutral,positive,0.85,positive,0.85,5,,3,False,0,0.0,False,False,False,False,False,
Ugy4wKXkfFHR8lLhJRV4AaABAg.9spjDU4s5mW9sxGEn4FKPf,@-кр8206 јади з'аби. ј Црно море.,neutral,negative,neutral,negative,0.8,negative,1.0,5,negative,2,False,3,0.6,False,True,False,True,True,"CardiffNLP, BERTweet"
UgyNiWx_lxSxgIBtuMd4AaABAg,Научи ги професоре! Нека дознаат нешто оти празните канти силно тропаат.,negative,positive,neutral,negative,0.75,negative,0.95,5,negative,3,False,3,0.6,True,False,False,True,True,"NLPTown, BERTweet"
UgzqOba7ne2ToRakPa54AaABAg,Да си жив и здрав.,positive,positive,neutral,positive,0.95,positive,0.95,5,positive,2,False,4,0.8,True,True,False,True,True,BERTweet
UgxKTldF6dTFzqQXNtR4AaABAg,"И треба да славите како што треба, тогаш се потврдува дека не сте турска провинција.А кога договорот не стапи на сила во Македонија почнуваат немири.Вашите предци се израдувале кога се потпишал Санстефанскиот договор, штета дека големите сили не сакале голема христијанска држава на Балканот и ги вратиле Македонија и Тракија на Турците.",negative,negative,neutral,negative,0.8,negative,0.95,5,negative,2,False,4,0.8,True,True,False,True,True,BERTweet
UgxKTldF6dTFzqQXNtR4AaABAg.9spwXYJsOjB9sxGUrNDEex,Апостол Павле во МАКЕДОНИЈА вовел ХРИСТИЈАНСТВО. МАКЕДОНИЈА Е БЛАГОСЛОВЕНА ЗЕМЈА од ГОСПОД. 20 ВЕКА.,positive,positive,neutral,positive,0.85,positive,0.95,5,positive,2,False,4,0.8,True,True,False,True,True,BERTweet
UgxKTldF6dTFzqQXNtR4AaABAg.9spwXYJsOjB9t-IBXKIZpU,<УСЕР> 🤣😂🤣😂,neutral,positive,neutral,negative,0.8,negative,1.0,5,,3,False,0,0.0,False,False,False,False,False,
UgxKTldF6dTFzqQXNtR4AaABAg.9spwXYJsOjB9t2rVHb7HLO,@-кр8206 МАКЕДОНИЈА БЛАГОСЛОВЕНА ЗЕМЈА од ГОСПОД. цери се.,positive,positive,neutral,positive,0.85,positive,0.95,5,positive,2,False,4,0.8,True,True,False,True,True,BERTweet
UgzxqS2IfnYgUlTx7xN4AaABAg,"""Трибилистицки, примитивен цонцепт""?! Оди Прво избрици се, ке ти дојди умот.😂",negative,negative,neutral,negative,0.8,negative,0.95,5,negative,2,False,4,0.8,True,True,False,True,True,BERTweet
UgzxqS2IfnYgUlTx7xN4AaABAg.9snQI08cyHT9snghlooBRO,"Тебе од се впецаток ти остави неговата брада.Оди бе таму ,со твоето незнаење си равен на издуван балон",negative,negative,neutral,negative,0.8,negative,0.95,5,negative,2,False,4,0.8,True,True,False,True,True,BERTweet
UgzxqS2IfnYgUlTx7xN4AaABAg.9snQI08cyHT9snhyymW6tg,Добра книга не се цени според кориците.,neutral,positive,neutral,neutral,0.65,positive,0.85,5,neutral,2,False,3,0.6,True,False,True,True,False,"NLPTown, Llama"
UgzxqS2IfnYgUlTx7xN4AaABAg.9snQI08cyHT9snimXr30-O,Така е👏👏👏ама на неписмените не им казувајте за книги а камо ли за корици,neutral,neutral,neutral,negative,0.85,negative,0.95,5,neutral,2,False,3,0.6,True,True,True,False,False,"Gemma, Llama"
UgzxqS2IfnYgUlTx7xN4AaABAg.9snQI08cyHT9snyJosWJQ_,"Па се надевам не ""цитрате"" добра книга во брадата на Еден налудницав Болшевик",negative,positive,neutral,negative,0.8,negative,0.95,5,negative,3,False,3,0.6,True,False,False,True,True,"NLPTown, BERTweet"
UgzxqS2IfnYgUlTx7xN4AaABAg.9snQI08cyHT9so4VFL3OYr,"<УСЕР> Дали е болсевик не знам.Не судам за него според неговиот изглед него ги ценам неговите излагања.Овие луге сто исто така коментираат во негова полза не судат по неговиот изглед.А кога сме кај болсевизмот казете ми дека оваа влада сто раскаласено управува дали е "" демокрацка"" како сто тврди и се прокламира.А вие "" резисери"" мозете да брисете .Тоа ви е задаца а јас ке писувам за да има зосто ве плакаат",negative,negative,neutral,negative,0.5,negative,0.93,5,negative,2,False,4,0.8,True,True,False,True,True,BERTweet
UgzxqS2IfnYgUlTx7xN4AaABAg.9snQI08cyHT9so66W4dtJd,<УСЕР> Ова со го написа нема никаква логика,negative,negative,neutral,negative,0.8,negative,0.95,5,negative,2,False,4,0.8,True,True,False,True,True,BERTweet
UgzxqS2IfnYgUlTx7xN4AaABAg.9snQI08cyHT9soAmgoJnJU,<УСЕР> И само да ти дополнам дека он за тебе е недостапна книга засто оцигледно не го разбирас и ѕабе ти е да дебатирас засто изгледа нисто не си процитал.Е од такви како тебе сто се седнати во фотељи оваа дрзава е дојдена на ова ниво.,negative,negative,neutral,negative,0.8,negative,0.95,5,negative,2,False,4,0.8,True,True,False,True,True,BERTweet
UgzxqS2IfnYgUlTx7xN4AaABAg.9snQI08cyHT9sotYDYTNBa,<УСЕР> не ја разбра поговорката пријателе. Не ги ценам луѓето по тоа како изгледаат. Ги ценам преку нивните идеи и тоа што го говорат. Појасно е сега?,neutral,negative,neutral,positive,0.85,positive,0.85,5,,3,False,0,0.0,False,False,False,False,False,
UgzxqS2IfnYgUlTx7xN4AaABAg.9snQI08cyHT9sp9BAdITco,<УСЕР> Те боде брадата или вистината што ја кажува,neutral,negative,neutral,negative,0.7,negative,0.8,5,negative,2,False,3,0.6,False,True,False,True,True,"CardiffNLP, BERTweet"
UgzxqS2IfnYgUlTx7xN4AaABAg.9snQI08cyHT9spECGywZXa,"Од ваквите како тебе избричени, на вакво дереџе сме.",negative,negative,neutral,negative,0.8,negative,0.95,5,negative,2,False,4,0.8,True,True,False,True,True,BERTweet
UgzxqS2IfnYgUlTx7xN4AaABAg.9snQI08cyHT9spnhm82fOA,<УСЕР> Немам брада,neutral,negative,neutral,neutral,0.85,neutral,1.0,5,neutral,2,False,4,0.8,True,False,True,True,True,NLPTown
UgzxqS2IfnYgUlTx7xN4AaABAg.9snQI08cyHT9sxGq6gw_SY,<УСЕР> сдс цреп.,negative,negative,neutral,negative,0.8,negative,1.0,5,negative,2,False,4,0.8,True,True,False,True,True,BERTweet
UgzxqS2IfnYgUlTx7xN4AaABAg.9snQI08cyHT9sxGyKhAn9W,<УСЕР> ПОЗДРАВ. ДА З'ИВЕЕ М А К Е Д О Н И Ј А !! Татјана,neutral,positive,neutral,positive,0.95,positive,0.95,5,positive,2,False,3,0.6,False,True,False,True,True,"CardiffNLP, BERTweet"
UgzxqS2IfnYgUlTx7xN4AaABAg.9snQI08cyHT9t-ba4OKKXJ,"Бас е цоол, бас е секски, али ја крија таа фаца згузвана како весник",negative,negative,neutral,negative,0.5,negative,0.95,5,negative,2,False,4,0.8,True,True,False,True,True,BERTweet
UgyZHQImt-3P7SUpgBt4AaABAg,2018 на РЕФЕРЕНДУМ ГРАЃАНИ од МАКЕДОНИЈА рекоа не ЕУ. сдс програма 2020 нема блгари во УСТАВ. и блгари и сдс ј вц.,neutral,negative,neutral,negative,0.8,negative,0.95,5,negative,2,False,3,0.6,False,True,False,True,True,"CardiffNLP, BERTweet"
UgzpSoinpH5113x6KNh4AaABAg,Одлична вест што не добивме датум за преговори. Тоа значи дека на референдум сите ќе бојкотираат или ќе гласаат НЕЕЕЕЕЕЕЕЕ за НАТО и ЕУ. Конечно ќе има и предвремени избори за да ја урнеме оваа никаква влада!,negative,negative,neutral,negative,0.8,positive,0.95,5,negative,3,False,3,0.6,True,True,False,True,False,"BERTweet, Llama"
Ugy9OXnt5OEVg1uQiah4AaABAg,>>>>---------------<3-----------> УАЕ,neutral,neutral,neutral,positive,0.98,negative,0.95,5,neutral,3,False,3,0.6,True,True,True,False,False,"Gemma, Llama"
Ugwz6dmZRaBerG7fLcV4AaABAg,Пропагандистан,neutral,positive,neutral,negative,0.8,negative,1.0,5,,3,False,0,0.0,False,False,False,False,False,
UgxZ6ftVbzuol5-6kq14AaABAg,Банковска—солиден кандинат…….?,neutral,neutral,neutral,negative,0.8,neutral,1.0,5,neutral,2,False,4,0.8,True,True,True,False,True,Gemma
Ugwy1K6hb4zwGa3ZRuR4AaABAg,Браво за видеото.Само така продолзи,positive,positive,neutral,positive,0.95,positive,0.95,5,positive,2,False,4,0.8,True,True,False,True,True,BERTweet
Ugwfp47Ipsh0LFsQFqZ4AaABAg,Супер видео братуу,positive,positive,neutral,positive,0.95,positive,0.95,5,positive,2,False,4,0.8,True,True,False,True,True,BERTweet
UgzfmDodZTR21vTc9Lp4AaABAg,Браво за видеата 👍,positive,positive,neutral,positive,0.95,positive,0.95,5,positive,2,False,4,0.8,True,True,False,True,True,BERTweet
UgxmZyK482uTs-i3YRB4AaABAg,ОООзбилно видео👍🏿,positive,positive,neutral,positive,0.98,positive,0.95,5,positive,2,False,4,0.8,True,True,False,True,True,BERTweet
Ugx2Lx01zlwdtAHAA1p4AaABAg,Одлицно видео Браво.,positive,positive,neutral,positive,0.95,positive,0.95,5,positive,2,False,4,0.8,True,True,False,True,True,BERTweet
Ugx1OTKpmEVMd-W49-t4AaABAg,Поздрав за Солунците,positive,positive,neutral,positive,0.95,positive,1.0,5,positive,2,False,4,0.8,True,True,False,True,True,BERTweet
UgxMRRIxZxSl923B29t4AaABAg,Продолжи!,positive,positive,neutral,neutral,0.7,positive,0.95,5,positive,2,False,3,0.6,True,True,False,False,True,"BERTweet, Gemma"
Ugw1xkECAHLZHdndHaV4AaABAg,"Името пајак не е од инсект туку од македонскста поп модерна ѕвезда Пајак,еден и единствен едноставно најдобар",positive,positive,neutral,positive,0.92,positive,0.95,5,positive,2,False,4,0.8,True,True,False,True,True,BERTweet
UgxqMChKrYWa4z8XG9R4AaABAg,Така е,neutral,positive,neutral,neutral,0.74,neutral,0.85,5,neutral,2,False,4,0.8,True,False,True,True,True,NLPTown
UgyHXS_8PgpGHaA_YU94AaABAg,Мила Македонија наша убаво видео 💖❤💖💕...,positive,positive,neutral,positive,0.95,positive,0.95,5,positive,2,False,4,0.8,True,True,False,True,True,BERTweet
UgyHXS_8PgpGHaA_YU94AaABAg.ADDV-l4xLwQADDhZsCfBXV,"Нјама ""македонци и Македонија""....но ти си платен и измислен северджански трол....та на кухо канти удбашката ти тиква....",negative,negative,neutral,negative,0.8,negative,0.95,5,negative,2,False,4,0.8,True,True,False,True,True,BERTweet
UgzxQayxkbV0O5l081F4AaABAg,🇲🇰🇲🇰❤️❤️❤️,positive,positive,neutral,positive,0.98,positive,0.95,5,positive,2,False,4,0.8,True,True,False,True,True,BERTweet
UgzhqDYxZC34zp9AeXF4AaABAg,браво бе филипс,positive,positive,neutral,positive,0.85,positive,0.95,5,positive,2,False,4,0.8,True,True,False,True,True,BERTweet
UgzhqDYxZC34zp9AeXF4AaABAg.ADUOsZI6lOtADUPnTCChoI,<УСЕР> БРАВОО БЕ,positive,positive,neutral,positive,0.95,positive,0.95,5,positive,2,False,4,0.8,True,True,False,True,True,BERTweet
UgzhqDYxZC34zp9AeXF4AaABAg.ADUOsZI6lOtADUR_uu2DEO,<УСЕР> така те сакам објаснувац на мама,positive,positive,neutral,neutral,0.7,negative,0.94,5,,3,False,0,0.0,False,False,False,False,False,
UgzhqDYxZC34zp9AeXF4AaABAg.ADUOsZI6lOtADUUq7s7tie,@ како ме сакас,negative,positive,neutral,positive,0.85,positive,0.95,5,positive,3,False,3,0.6,False,True,False,True,True,"CardiffNLP, BERTweet"
Ugz5YB9F-LCwWmPennJ4AaABAg,Вондерфул Мацедониан ланд вхич белонгс то Мацедониан пеопле онлј фор евер анд евер 🇲🇰🇲🇰🇲🇰🇲🇰🇲🇰🇲🇰🇲🇰🇲🇰🇲🇰🇲🇰🇲🇰🇲🇰🇲🇰🇲🇰🇲🇰🇲🇰🇲🇰🇲🇰🇲🇰🇲🇰🌞🌞🌞🌞🌞🌞🌞🌞🌞🌞🌞🌞🌞🌞🌞🌞🌞🌞🌞🌞❤️❤️❤️❤️❤️❤️❤️❤️❤️❤️❤️❤️❤️❤️❤️❤️❤️❤️❤️❤️😀😀😀😀😀😀😀😀😀😀😀😀😀😀😀😀😀😀😀😀,neutral,neutral,neutral,positive,0.98,positive,0.98,5,neutral,2,False,3,0.6,True,True,True,False,False,"Gemma, Llama"
Ugyo_G-45U43-Tj54T54AaABAg,Камен не е Турски збор,neutral,negative,neutral,negative,0.8,positive,0.95,5,,3,False,0,0.0,False,False,False,False,False,
UgzCwbLCAGt3fENbc3p4AaABAg,УБАЈ МАКЕДОНСКИ ГРАДОВИ НИКОГАС СЕВЕРНА,negative,negative,neutral,negative,0.8,negative,1.0,5,negative,2,False,4,0.8,True,True,False,True,True,BERTweet
Ugwd8sKG8NZj0hNzS1V4AaABAg,северен ветер од јужна страна :Д,positive,neutral,neutral,negative,0.8,negative,0.8,5,,3,False,0,0.0,False,False,False,False,False,
Ugwd8sKG8NZj0hNzS1V4AaABAg.ADCGkk5PtcIADDcgqmW0tB,😅,neutral,positive,neutral,neutral,0.74,positive,0.95,5,neutral,2,False,3,0.6,True,False,True,True,False,"NLPTown, Llama"
Ugwd8sKG8NZj0hNzS1V4AaABAg.ADCGkk5PtcIADE0_h8v3tF,"<УСЕР> која северна,север да ги пробие, предавниците",neutral,negative,neutral,negative,0.8,negative,0.95,5,negative,2,False,3,0.6,False,True,False,True,True,"CardiffNLP, BERTweet"
Ugwd8sKG8NZj0hNzS1V4AaABAg.ADCGkk5PtcIADE0qxPBJ5x,"<УСЕР> не бриши, ама многу боли",negative,negative,neutral,negative,0.8,negative,0.95,5,negative,2,False,4,0.8,True,True,False,True,True,BERTweet
UgxdcLRIBNhUI-ZELY94AaABAg,Македонија 🇲🇰🇲🇰🇲🇰🇲🇰🇲🇰 вечна,neutral,positive,neutral,neutral,0.85,positive,0.95,5,neutral,2,False,3,0.6,True,False,True,True,False,"NLPTown, Llama"
UgzXjt5IQbd-MBtvXPl4AaABAg,Дали мозе едно видео за бордање во Банско?,neutral,negative,neutral,neutral,0.7,neutral,0.85,5,neutral,2,False,4,0.8,True,False,True,True,True,NLPTown
UgzXjt5IQbd-MBtvXPl4AaABAg.ADCGFCKIoeBADCGrGRty5y,не благодарам но ако сакате вие снимајте на гази баба,neutral,negative,neutral,negative,0.8,negative,0.95,5,negative,2,False,3,0.6,False,True,False,True,True,"CardiffNLP, BERTweet"
UgzXjt5IQbd-MBtvXPl4AaABAg.ADCGFCKIoeBADCkv-NEVVE,<УСЕР> Може!,neutral,neutral,neutral,positive,0.85,positive,0.95,5,neutral,2,False,3,0.6,True,True,True,False,False,"Gemma, Llama"
Ugz8p00458PSLOjFZ5h4AaABAg,"За да научиш повеќе за имињата треба да ја прочиташ книгата на Димитар од Виножито кој цел свој живот го посвети на фолклорот имињата и културата на Македонскиот народ .Вакви само необразовани можат да шират невистини,прво тој јазик кој го нарекуваш грчки се зборело до Панонија и немал име и го говореле цел балкан одкаде Грчки",neutral,neutral,neutral,negative,0.8,negative,0.94,5,neutral,2,False,3,0.6,True,True,True,False,False,"Gemma, Llama"
Ugz8p00458PSLOjFZ5h4AaABAg.ADE5w1q3c4FAEkpm4ATIBt,<УСЕР> александар како се вика книгата сто ја спомнувас И дали е во продазба? Поздрав,neutral,negative,neutral,neutral,0.7,positive,0.95,5,neutral,3,False,3,0.6,True,False,True,True,False,"NLPTown, Llama"
UgxTLuCxqLsypZLXBSt4AaABAg,*М А К Е Д О Н И Ј А* 🇲🇰 ☦️ ☀️ 👑 🦁 🔆 ❤️‍🔥,neutral,positive,neutral,positive,0.85,positive,0.95,5,positive,2,False,3,0.6,False,True,False,True,True,"CardiffNLP, BERTweet"
UgxTLuCxqLsypZLXBSt4AaABAg.ADDqStKCc7BADEDT7dPa-N,Беломорска Тракија...,neutral,neutral,neutral,negative,0.8,neutral,0.85,5,neutral,2,False,4,0.8,True,True,True,False,True,Gemma
UgxTLuCxqLsypZLXBSt4AaABAg.ADDqStKCc7BADEPpdHwERi,@ИванИванов-рв2бс бурлеска,neutral,negative,neutral,negative,0.85,negative,0.95,5,negative,2,False,3,0.6,False,True,False,True,True,"CardiffNLP, BERTweet"
UgxTLuCxqLsypZLXBSt4AaABAg.ADDqStKCc7BADERfllLRXI,<УСЕР>-рв2бс ТРАКИА -- МАЦЕДОНИАН ЛАНД. 25 ЦЕНТУРИЕС ! !,neutral,negative,neutral,negative,0.8,positive,0.95,5,,3,False,0,0.0,False,False,False,False,False,
UgxTLuCxqLsypZLXBSt4AaABAg.ADDqStKCc7BADLhsBILI5E,"@салваторетоториина9523Бегај ве,фалшив и измислен северджански платен бот тролски....",negative,negative,neutral,negative,0.8,negative,0.99,5,negative,2,False,4,0.8,True,True,False,True,True,BERTweet
UgxTLuCxqLsypZLXBSt4AaABAg.ADDqStKCc7BADLi0g-3iw1,"@татјанавелкова5814Тракија ништо обшто нјама с фалшивата и измислената ""Македонија"",дело на евтина срабско-комунистческа пропаганда... Беломорска Тракија е изконна балгарска земја...",negative,negative,neutral,negative,0.8,negative,0.95,5,negative,2,False,4,0.8,True,True,False,True,True,BERTweet
UgxTLuCxqLsypZLXBSt4AaABAg.ADDqStKCc7BADNLz9OTnKO,@ИванИванов-рв2бсМислиш Беломорска Македонија 🇲🇰☦️,neutral,negative,neutral,negative,0.8,positive,0.95,5,,3,False,0,0.0,False,False,False,False,False,
UgxTLuCxqLsypZLXBSt4AaABAg.ADDqStKCc7BAE5QX-u_0_f,"@Гоксии25ЗА ТОВА МИСЛЈА...МИЗИЈА, ТРАКИЈА И МАКЕДОНИЈА 🇧🇬❤️💪🇧🇬",neutral,negative,neutral,positive,0.85,positive,0.95,5,,3,False,0,0.0,False,False,False,False,False,
UgxTLuCxqLsypZLXBSt4AaABAg.ADDqStKCc7BAKH5v1rqtw4,. ТРАЧИА --- 25 ЦЕНТУРИЕС МАЦЕДОНИАН ЛАНД ! !,neutral,negative,neutral,negative,0.8,negative,1.0,5,negative,2,False,3,0.6,False,True,False,True,True,"CardiffNLP, BERTweet"
UgxTLuCxqLsypZLXBSt4AaABAg.ADDqStKCc7BAKHOrdixhU3,@татјанавелкова5814ЛИЕС ФРОМ А ПРОВЕН ФУЛЛЈ ПАИД СЕВЕРДЗАН ТРОЛЛ ФРОМ НОРТХ МАЦЕДОНИА ВИТХ РУССИАН НАМЕ ТАТЈАНА ВХО СПЕАКС А СЕРБИНИЗЕД ДИАЛЕЦТ ОФ БУЛГАРИАН ЛАНГУАГЕ АНД ДО ХАВЕ А БУЛГАРИАН ДНК!!!ВИВА НОРТХ МАЦЕДОНИА,neutral,negative,neutral,negative,0.8,negative,0.95,5,negative,2,False,3,0.6,False,True,False,True,True,"CardiffNLP, BERTweet"
UgyiD6fMK6SYUzwoBeJ4AaABAg,Прицеза Тесалоника зивеела во 315БЦ а градот е основан од Римјаните во цест на победа во Тесалија,neutral,positive,neutral,neutral,0.85,neutral,1.0,5,neutral,2,False,4,0.8,True,False,True,True,True,NLPTown
Ugz-eWZ4iEwWfU7EsOZ4AaABAg,еее баба игра со забите ...,neutral,positive,neutral,negative,0.8,negative,1.0,5,,3,False,0,0.0,False,False,False,False,False,
UgxECvtu3BP_8xxRwP94AaABAg,Година 315 п.н.е или П.Х (пред Христос)? ☦️,neutral,negative,neutral,negative,0.7,neutral,1.0,5,neutral,2,False,3,0.6,True,False,True,False,True,"NLPTown, Gemma"
Ugzf8UtFPrP2kF02Fix4AaABAg,"Хаλки + дики од халки - бакар , дики - коп , Халкидики е полн со антички рудници на бакар. Едесса (бригиски скратено Веду -вода) , Бероиа (собирлиште)",neutral,positive,neutral,neutral,0.7,positive,0.95,5,neutral,2,False,3,0.6,True,False,True,True,False,"NLPTown, Llama"
UgyMFzFi3b6ITY5_Gul4AaABAg,Егеј 🇲🇰☦️,neutral,positive,neutral,negative,0.7,neutral,1.0,5,neutral,3,False,3,0.6,True,False,True,False,True,"NLPTown, Gemma"
Ugy5r1f6ffnz9HDWscZ4AaABAg,Старомакедонски език имало 🤣😂😁...,neutral,neutral,neutral,negative,0.8,positive,0.95,5,neutral,3,False,3,0.6,True,True,True,False,False,"Gemma, Llama"
UgzVdljLica3KcTBDvx4AaABAg,Ако НЕМА старс антицка Грција. Од каде стари Грцки јазик.?!,negative,negative,neutral,negative,0.8,negative,0.95,5,negative,2,False,4,0.8,True,True,False,True,True,BERTweet
UgzVdljLica3KcTBDvx4AaABAg.ADDwsu3UQA4ADDxSFx1NZZ,<УСЕР> па има,neutral,neutral,neutral,negative,0.7,neutral,0.85,5,neutral,2,False,4,0.8,True,True,True,False,True,Gemma
UgzVdljLica3KcTBDvx4AaABAg.ADDwsu3UQA4ADE0jnpznqU,"<УСЕР> има, има",neutral,neutral,neutral,neutral,0.74,positive,0.95,5,neutral,2,False,4,0.8,True,True,True,True,False,Llama
UgzVdljLica3KcTBDvx4AaABAg.ADDwsu3UQA4ADE6N8xQjJf,"Нема старогрцки јазик туку има старогрцко писмо, а тоа писмо кое се усте го употребуваат се вика КОИНЕ кое е создадено во времето на походите на Александар за да слузи за потребите на империјата, кое писмо си го присвоиле соседиве и до ден денес го применуваат",neutral,neutral,neutral,neutral,0.7,negative,0.95,5,neutral,2,False,4,0.8,True,True,True,True,False,Llama
UgzVdljLica3KcTBDvx4AaABAg.ADDwsu3UQA4ADELffc6uMn,Па нема!@објаснувац,negative,negative,neutral,negative,0.8,negative,0.94,5,negative,2,False,4,0.8,True,True,False,True,True,BERTweet
UgzVdljLica3KcTBDvx4AaABAg.ADDwsu3UQA4ADES55wnpxH,пред 25 века АЛЕКСАНДАР говорел Македонски јазик Коине. во ЕГИПЕТ има Споменик на Розета со Македонски јазик Коине. Споменик Розета е од пред 23 века ! !,neutral,negative,neutral,neutral,0.7,neutral,0.98,5,neutral,2,False,4,0.8,True,False,True,True,True,NLPTown
UgzVdljLica3KcTBDvx4AaABAg.ADDwsu3UQA4ADFSDSyD0UD,"<УСЕР> Ја процитај за розета во денесна нова македонија. Ке видес како пропагандата е во тек. Кога се раѓавме ние како Македонци, сите денесни негатори си ќутеа како п.тка под косула.",negative,negative,neutral,negative,0.8,negative,0.94,5,negative,2,False,4,0.8,True,True,False,True,True,BERTweet
UgzVdljLica3KcTBDvx4AaABAg.ADDwsu3UQA4ADGbpkKkOfO,"<УСЕР>.каранфилоска разбираш ли Коине јазик? Не? Бидејки Александрос Омегас сборуваше на Коине, грачки јазик (и е ширил хеленската, грачката култура по всекаде е дошол), а ти на селански балгарски јазик бе тапанарка!",neutral,negative,neutral,negative,0.8,negative,0.95,5,negative,2,False,3,0.6,False,True,False,True,True,"CardiffNLP, BERTweet"
UgzVdljLica3KcTBDvx4AaABAg.ADDwsu3UQA4ADLiJpLsZS2,@татјанавелкова5814Пиј си апчинјата и то всеки ден ...психично болен и неписмен платен тролобот....,negative,negative,neutral,negative,0.8,negative,1.0,5,negative,2,False,4,0.8,True,True,False,True,True,BERTweet
UgzVdljLica3KcTBDvx4AaABAg.ADDwsu3UQA4ADObONKKhVn,@ИванИванов-рв2бсне сери бе копито,neutral,negative,neutral,negative,0.8,negative,0.94,5,negative,2,False,3,0.6,False,True,False,True,True,"CardiffNLP, BERTweet"
UgzVdljLica3KcTBDvx4AaABAg.ADDwsu3UQA4AE6VNWXiA6d,"@Гоксии25КАМ МАЈКА БАЛГАРИЈА, ЗАВИНАГИ МИЗИЈА, ТРАКИЈА И МАКЕДОНИЈА 🇧🇬❤️💪🇧🇬",neutral,negative,neutral,positive,0.85,positive,0.95,5,,3,False,0,0.0,False,False,False,False,False,
UgzVdljLica3KcTBDvx4AaABAg.ADDwsu3UQA4AKH6JSqcrEz,<УСЕР>-рв2бс МАКЕДОНИЈА 25 ВЕКА Е МАКЕДОНИЈА ! ! !,neutral,positive,neutral,negative,0.8,positive,0.95,5,,3,False,0,0.0,False,False,False,False,False,
UgzVdljLica3KcTBDvx4AaABAg.ADDwsu3UQA4AKHOw0jDhya,@татјанавелкова5814НОРТХ МАЦЕДОНИА ИС АЛВАЈС... НОРТХ МАЦЕДОНИА... ФРОМ 2018,neutral,negative,neutral,positive,0.85,negative,1.0,5,,3,False,0,0.0,False,False,False,False,False,
Ugw_t1FdRoK8oxVijHt4AaABAg,МАКЕДОНИА ИС ОНЛЈ ГРЕЕЦЕ,neutral,positive,neutral,negative,0.8,negative,0.95,5,,3,False,0,0.0,False,False,False,False,False,
UgxB3JE9N9ICS2zsJFF4AaABAg,"Грчки јазик, народ, нација и држава НЕ ПОСТОИ!!!",negative,negative,neutral,negative,0.8,negative,1.0,5,negative,2,False,4,0.8,True,True,False,True,True,BERTweet
UgxB3JE9N9ICS2zsJFF4AaABAg.ADGxKDIUG2KADJBDIisd1V,Така е! Такви дебили непостојат!!,negative,negative,neutral,negative,0.8,negative,1.0,5,negative,2,False,4,0.8,True,True,False,True,True,BERTweet
UgzP-VEwFFHkn47VJ2l4AaABAg,"С'ботско не е Суботско, бе! Слабо неиздржано видео со пропусти и грешки.",negative,negative,neutral,negative,0.8,negative,0.95,5,negative,2,False,4,0.8,True,True,False,True,True,BERTweet
UgzP-VEwFFHkn47VJ2l4AaABAg.ADEL0qLfqP2ADELPQOqmwB,"<УСЕР> луѓе го цитаат субоцко, собоцко, сабоцко варијанти се ова",neutral,negative,neutral,negative,0.7,neutral,0.85,5,neutral,2,False,3,0.6,True,False,True,False,True,"NLPTown, Gemma"
UgzP-VEwFFHkn47VJ2l4AaABAg.ADEL0qLfqP2ADFSLUsIhEs,<УСЕР> одлепи и остави ги Македонците на мира.,negative,negative,neutral,negative,0.8,negative,0.95,5,negative,2,False,4,0.8,True,True,False,True,True,BERTweet
UgzP-VEwFFHkn47VJ2l4AaABAg.ADEL0qLfqP2ADGcav1Lt-r,"<УСЕР> ""САБОТСКО"" е правилно бе сарбоман! Оти сбориш като Сарбите (на У)?",neutral,negative,neutral,negative,0.8,negative,0.95,5,negative,2,False,3,0.6,False,True,False,True,True,"CardiffNLP, BERTweet"
UgyMVtDDSVGCEApecyB4AaABAg,Татарите и Грците во поход против Македонија 🇲🇰☦️,neutral,positive,neutral,negative,0.85,negative,0.95,5,,3,False,0,0.0,False,False,False,False,False,
UgyMVtDDSVGCEApecyB4AaABAg.ADObHII4QQxAHAi0v-XxEt,"Татарски да го ручаш и да прашаш за уште ,да ти е слатко!",neutral,negative,neutral,negative,0.8,negative,0.95,5,negative,2,False,3,0.6,False,True,False,True,True,"CardiffNLP, BERTweet"
UgyMVtDDSVGCEApecyB4AaABAg.ADObHII4QQxAKH6Dzd1PGA,<УСЕР> МАЦЕДОНИАНС ИН МАКЕДОНИЈА. 25 ЦЕНТУРИЕС ! ! !,neutral,negative,neutral,negative,0.8,positive,0.95,5,,3,False,0,0.0,False,False,False,False,False,
UgyMVtDDSVGCEApecyB4AaABAg.ADObHII4QQxAKHODrtJc6X,@татјанавелкова5814ИН НОРТХ МАЦЕДОНИА... НОРТХ МАЦЕДОНИАНС... ФРОМ 2018,neutral,negative,neutral,negative,0.65,negative,1.0,5,negative,2,False,3,0.6,False,True,False,True,True,"CardiffNLP, BERTweet"
Ugxi3w3VP470hbKaT0x4AaABAg,"Браво пријателју !Но искам да ти обарна вниманието на нешто много интересно.Зашто този сегашен грацки език има само 20 или 21 звука ? Такова јавление ваобште го нјама в наука лингвистика ! Всички езици , които се говорјат от хора , образуват се с 32 звука и повече ! За мене објаснението е само едно ! Езикат којто говорјат ""древните""хора е просто изкуствен, факе, изфабрикуван тапо и не професионално в нјакоја ""езиковедска"" лабораторија ! Проучи го и ште удариш бинго !",neutral,neutral,neutral,negative,0.8,negative,0.83,5,neutral,2,False,3,0.6,True,True,True,False,False,"Gemma, Llama"
Ugxz3x3ttHWiNWyYRt54AaABAg,Много ми е чудно как Македонија си получи новото име Северна македонија.,negative,neutral,neutral,negative,0.85,negative,0.94,5,negative,2,False,3,0.6,True,False,False,True,True,"NLPTown, BERTweet"
Ugxz3x3ttHWiNWyYRt54AaABAg.ADVoInvMWOiADljQ6CMsFL,Многу ми е чудно како мајка се продала за една червена ?,negative,negative,neutral,negative,0.8,negative,0.94,5,negative,2,False,4,0.8,True,True,False,True,True,BERTweet
Ugxz3x3ttHWiNWyYRt54AaABAg.ADVoInvMWOiAEjthQp_On6,"Нема такво несто има само една Македонија, со Егеј, Пирин и Вардар. Не си информиран",negative,negative,neutral,positive,0.85,negative,0.95,5,negative,3,False,3,0.6,True,True,False,False,True,"BERTweet, Gemma"
Ugxz3x3ttHWiNWyYRt54AaABAg.ADVoInvMWOiAEkh9h86mJ7,@ благодарја за информацијата,positive,positive,neutral,positive,0.85,positive,0.95,5,positive,2,False,4,0.8,True,True,False,True,True,BERTweet
Ugxz3x3ttHWiNWyYRt54AaABAg.ADVoInvMWOiAEnGyK7_UQV,"@перицаиваноски9027ИМА ЕДНА ИСТИНА - МИЗИЈА, ТРАКИЈА И МАКЕДОНИЈА=МАЈКА БАЛГАРИЈА 🇧🇬💪❤️🇧🇬",neutral,negative,neutral,negative,0.8,negative,0.95,5,negative,2,False,3,0.6,False,True,False,True,True,"CardiffNLP, BERTweet"
Ugxz3x3ttHWiNWyYRt54AaABAg.ADVoInvMWOiAK83V8tZVrZ,"Пиј си лекарствата и легај да спиш, палјачо. 😂@перицаиваноски9027",neutral,negative,neutral,negative,0.8,negative,0.95,5,negative,2,False,3,0.6,False,True,False,True,True,"CardiffNLP, BERTweet"
Ugxz3x3ttHWiNWyYRt54AaABAg.ADVoInvMWOiAKH67rwEVVi,<УСЕР> МАКЕДОНЦИ ГОВОРАТ МАКЕДОНСКИ ЈАЗИК ! !,neutral,negative,neutral,negative,0.8,negative,1.0,5,negative,2,False,3,0.6,False,True,False,True,True,"CardiffNLP, BERTweet"
Ugxz3x3ttHWiNWyYRt54AaABAg.ADVoInvMWOiAKHO0McOjtt,@татјанавелкова5814ИН НОРТХ МАЦЕДОНИА АРЕ СПЕАКИНГ А СЕРБИНИЗЕД ДИАЛЕЦТ ОФ БУЛГАРИАН ЛАНГУАГЕ...ВИВА НОРТХ МАЦЕДОНИА...,neutral,negative,neutral,negative,0.8,positive,0.95,5,,3,False,0,0.0,False,False,False,False,False,
UgxHFvKYhfD2M0K4eDt4AaABAg,😂😂😂😂,neutral,positive,neutral,positive,0.98,negative,1.0,5,,3,False,0,0.0,False,False,False,False,False,
UgyaTK3vMgqL2n6v-IF4AaABAg,"Големи шегаджии,Немате срам!😂😂😂😂😂😂😂😂😂😂😂😂😂",negative,positive,neutral,negative,0.8,negative,1.0,5,negative,3,False,3,0.6,True,False,False,True,True,"NLPTown, BERTweet"
UgyaTK3vMgqL2n6v-IF4AaABAg.ADEWB-z_C3ZADEahQr2fL3,Лаинар😂,neutral,positive,neutral,negative,0.8,negative,1.0,5,,3,False,0,0.0,False,False,False,False,False,
UgyaTK3vMgqL2n6v-IF4AaABAg.ADEWB-z_C3ZADLha0kaH03,"@венциарсов4678Бегај ве,празноглав северен цингоиде....",negative,negative,neutral,negative,0.8,negative,0.94,5,negative,2,False,4,0.8,True,True,False,True,True,BERTweet
UgyaTK3vMgqL2n6v-IF4AaABAg.ADEWB-z_C3ZADNMDntOe2J,Татар ајде напушти просторија оди си за Монголија 🇲🇳,neutral,negative,neutral,negative,0.8,negative,0.95,5,negative,2,False,3,0.6,False,True,False,True,True,"CardiffNLP, BERTweet"
UgyaTK3vMgqL2n6v-IF4AaABAg.ADEWB-z_C3ZAE5QQYftEbK,@Гоксии25Скоро ште отидеш крај планината Памир...да си видиш азиатските корени...платен северджанско-селджукси татароиден тролоиде...,neutral,negative,neutral,negative,0.8,negative,0.95,5,negative,2,False,3,0.6,False,True,False,True,True,"CardiffNLP, BERTweet"
Ugz8GZgyQZHzFJvNrwd4AaABAg,"Александрос анд тхе Мацедонианс споке анд вроте Греек. Хис фатхер ис Пхилипос, хис мотхер ис Олјмпиада. Хис теачер ис Аристотелис. Хис систер тхе Тхессалоники. Мацедонианс анд алл Греекс воршипед тхе 12 годс оф Олјмпус. Тхе Славс цаме то тхе Балканс 900 јеарс афтер Александер. Плеасе стоп тхе диртј пропаганда . Македониа ис онлј Грееце .Славс , булгарс , алданос , туркис , гјпсј аре нот Македониа .... Мацкдоналдс јес .... МАКЕДОНИА ИС ОНЛЈ ГРЕЕК ...... 1921 Вардарска , 1941 Југославиа , 1992 Фјром , 2018 Нортх оф Македониа , 2045 ??????? ... И до нот кнов тхе Славиц лангуаге тхат јоу вроте то ме. И кнов Греек, тхе лангуаге тхат Александер споке анд вроте, анд алл тхе Мацедонианс.",neutral,negative,neutral,negative,0.62,negative,0.95,5,negative,2,False,3,0.6,False,True,False,True,True,"CardiffNLP, BERTweet"
Ugz8GZgyQZHzFJvNrwd4AaABAg.AIOs4ZJCYR0AIOuGjx6LhB,Тхис видео хас нотхинг то до витх александер тхе греат,neutral,negative,neutral,negative,0.8,positive,0.95,5,,3,False,0,0.0,False,False,False,False,False,
Ugz8GZgyQZHzFJvNrwd4AaABAg.AIOs4ZJCYR0AJury-n76pC,"Александер тхе Мацедониан дидн'т спеак греек хе алвајс хад транслатерс. Јоу, Греекс сај тхат хе вас а барбариан, јоу дидн'т ундерстанд хис лангуаге.",neutral,negative,neutral,negative,0.8,negative,0.95,5,negative,2,False,3,0.6,False,True,False,True,True,"CardiffNLP, BERTweet"
Ugz8GZgyQZHzFJvNrwd4AaABAg.AIOs4ZJCYR0AJv13kSGdCX,"<УСЕР>.9613 ""Шта се дешава када се Македонац окупа? Чисти Бугарин! 😜""",neutral,negative,neutral,negative,0.8,negative,0.95,5,negative,2,False,3,0.6,False,True,False,True,True,"CardiffNLP, BERTweet"
Ugz8GZgyQZHzFJvNrwd4AaABAg.AIOs4ZJCYR0AJv1I_RG_md,"<УСЕР>.9613 До тхеј теач јоу тхис ин јоур счоолс? До јоу кнов вхере тхе Мацедонианс стартед фром? [фром Аргос ин Пелопоннесе]До јоу кнов вхо Каранос вас, анд алл тхе отхер намес оф тхе кинг оф Мацедониа бефоре Александер? Тхе Славс цаме то тхе Балканс 900 јеарс афтер Александер",neutral,negative,neutral,negative,0.77,negative,0.94,5,negative,2,False,3,0.6,False,True,False,True,True,"CardiffNLP, BERTweet"
Ugz8GZgyQZHzFJvNrwd4AaABAg.AIOs4ZJCYR0AKCRJIAKfHN,<УСЕР>.9613 Шта се дешава када се Македонац окупа? Чисти Бугарин! 😜,neutral,negative,neutral,negative,0.7,negative,0.95,5,negative,2,False,3,0.6,False,True,False,True,True,"CardiffNLP, BERTweet"
Ugz8GZgyQZHzFJvNrwd4AaABAg.AIOs4ZJCYR0AKH6radzGR7,<УСЕР> КАРАН ис Фирст МАЦЕДОНИАН КИНГ. АЛЛ КИНГС анд ЦАРС ин МАКЕДОНИЈА аре МАЦЕДОНИАНС ! ! !,neutral,negative,neutral,negative,0.8,positive,0.95,5,,3,False,0,0.0,False,False,False,False,False,
Ugz8GZgyQZHzFJvNrwd4AaABAg.AIOs4ZJCYR0AKHP3X_ihww,@татјанавелкова5814ЛИЕС ФРОМ А ПРОВЕН ФУЛЛЈ ПАИД СЕВЕРДЗАН ТРОЛЛ ФРОМ НОРТХ МАЦЕДОНИА ВИТХ РУССИАН НАМЕ ТАТЈАНА ВХО СПЕАКС А СЕРБИНИЗЕД ДИАЛЕЦТ ОФ БУЛГАРИАН ЛАНГУАГЕ АНД ДО ХАВЕ А БУЛГАРИАН ДНК!!! ФОРЕВЕР НОРТХ МАЦЕДОНИА... ФРОМ 2018,neutral,negative,neutral,negative,0.8,negative,0.99,5,negative,2,False,3,0.6,False,True,False,True,True,"CardiffNLP, BERTweet"
UgxLExOIIoIKzj3XEWp4AaABAg,Не тропајте глупсоти... појма немате...,negative,negative,neutral,negative,0.8,negative,0.95,5,negative,2,False,4,0.8,True,True,False,True,True,BERTweet
UgxLExOIIoIKzj3XEWp4AaABAg.ADGMBB1kefDADGTEq-F-7-,<УСЕР> во право сте председателе 🫡,positive,positive,neutral,positive,0.95,positive,0.95,5,positive,2,False,4,0.8,True,True,False,True,True,BERTweet
UgxLK9SJgZezR-DmZDJ4AaABAg,Цопе хардер! Јоу хаве а шаред хисторј витх Булгариа унтил 1945.,neutral,negative,neutral,negative,0.75,negative,0.9,5,negative,2,False,3,0.6,False,True,False,True,True,"CardiffNLP, BERTweet"
UgxLK9SJgZezR-DmZDJ4AaABAg.AEWwjiPbxxRAEWywDDOi30,<УСЕР> мацедониа хас шаред хисторј витх судан унтил 1945 нот булгариа,neutral,negative,neutral,negative,0.75,neutral,0.85,5,neutral,2,False,3,0.6,True,False,True,False,True,"NLPTown, Gemma"
UgxLK9SJgZezR-DmZDJ4AaABAg.AEWwjiPbxxRAEjtTykdPx7,"Реаллјјјј, Јорго, хов цомеееее??? Тхеј аре фром Татаристан анд ве аре проуд МАЦЕДОНИАНС. Тхосе аре 2 дифферент ворлдс, оне ис пробаблј тхе олдест цивилизатион ин Еуропе - Мацедониан цивилисатион анд анотхер ис ан Асиан натион. Ве тхинк тхат јоу деар ЈУНАНИСТАН хаве нот јуст шаред бут ексацтлј тхе саме хисторј ас Турије бецаусе јоу хаве тхе саме пхјсиологј анд шаред генес, анд 100 јеарс аго јоу хаве цолонизед Мацедониа витх пеопле фром Туркије - ин фацт Ортходокс Туркс (јоу кнов Неа тхат Неа тхис). А бит еарлиер ин центуриес јоу цан финд јоур рооц ин Етхиопиа анд Суб-Сахара Африца фром вхере јоу арривед ин тхе Балканс. Бе препаред то фаце тхе трутх вхич јоу стате хас беен сјстематицаллј фалсифиед анд кепт јоу мисинформед то цамоуфлаге тхе оццупатион оф Мацедониа.",neutral,negative,neutral,negative,0.8,negative,0.95,5,negative,2,False,3,0.6,False,True,False,True,True,"CardiffNLP, BERTweet"
UgxLK9SJgZezR-DmZDJ4AaABAg.AEWwjiPbxxRAEjvCD8Tszb,"@ оур хисторј ис таугхт тхроугхоут интернатионаллј ацадемиа….ур хисторј ис вриттен ин пенцил…..вхере вере алл ур “Мацедониан” чурчес, приесц, счоолс, студенц, теачерс? Алл Булгарианс. Јоу цан’т талк то флат еартхерс. Нотхинг анциент абоут јоу. Бут јоу кнов тхат.",neutral,negative,neutral,negative,0.8,negative,0.94,5,negative,2,False,3,0.6,False,True,False,True,True,"CardiffNLP, BERTweet"
UgxLK9SJgZezR-DmZDJ4AaABAg.AEWwjiPbxxRAEkpYiwI8rE,"<УСЕР> Јорго јуст чеццк тхе хисторицал соурцес вхич јоур стате ис хидинг фром јоу анд јоу вилл бе муч бетер информед. Ат тхе енд оф тхе Отоман Емпире, Булгариан Егзарчј вас тхе онлј славиц алловед чурч, анд ас ан алтернативе то Греек Партриарчј вхич мост оф Мацедонианс дид нот ундерстанд, ит бецоме алсо а чурч оф етхниц Мацедонианс. Соон афтер, Мацедонианс реализед тхат ит ис ан елемент фо тхеирр ассимилатион анд тхере вере стронг реацтионс ин манј плацес ин тхе вхоле етхниц Мацедониа фром Охрид, Прилеп, Костур, Воден етц то хаве овн натионал счоолс анд чурч. Ин Кукуш , мост оф тхе популатион турнед то протестанц анд евен вантед то естаблиш а сепарате Мацедониан чурч ундер Роме Попе тхат воулд гуарантее тхеир овн натионалитј. Сеарч Теодосиј Гологанов, ан архиприст фром Неврокоп вхо стартед естаблишинг сепарате мацедониан чурч фром Булгариан. Цодифицатор оф Мацедониан лангуаге фром 1903 вас Мацедониан фром Пела ор Постол ин Мацедониан. Тхоусандс оф евиденце оф фореигн дипломац анд статеменц фор сепарате Мацедониан дистингнитивитј ексист битт јоу хаве беен кепт ин дарк бецаусе оф пуре натионалистиц пурпосес то јустифј тхе сјстематиц терор овер нон- Греек популатион. Цонцернинг јоур стате, ин тхе еарлј тиме оф оццупатион оф Мацедониа, тхеј маде ценсус усинг сепарате лине фор тхе Мацедониан лангуаге анд хаве принтед Абецедар ин Мацедониан лангуаге. Оф цоурсе, тхеир реал гоал вас тхе екстинцтион оф Мацедониа анд цолонисатион витх хундредс оф тхоусандс оф турк оригине ортходокс фром Асиан Минор, со суч цонфирматион стоппед ат тхат поинт. Алл тхе рест ис брутал етхниц цлеанинг оф оццупиед территорј. Гоод луцк анд гет оут оф Мегали идеа иф јоу вант то цонсидер јоурселф ан интеллигент персон.",neutral,negative,neutral,negative,0.5,negative,0.94,5,negative,2,False,3,0.6,False,True,False,True,True,"CardiffNLP, BERTweet"
UgxLK9SJgZezR-DmZDJ4AaABAg.AEWwjiPbxxRAKH6aWkid4l,"<УСЕР> јоу "" "". МАЦЕДОНИАНС -- 25 ЦЕНТУРИЕС ! ! !",neutral,negative,neutral,positive,0.85,negative,0.95,5,,3,False,0,0.0,False,False,False,False,False,
UgxLK9SJgZezR-DmZDJ4AaABAg.AEWwjiPbxxRAKH7PWQhoHW,<УСЕР> хардер флат еартхер…дид у сее вхат хаппенед витх тхе ЕУ јестердај? Гет а лифе флат еартхер,neutral,negative,neutral,negative,0.8,negative,0.94,5,negative,2,False,3,0.6,False,True,False,True,True,"CardiffNLP, BERTweet"
UgxLK9SJgZezR-DmZDJ4AaABAg.AEWwjiPbxxRAKHP9PSh9Vt,@татјанавелкова5814ФОРЕВЕР НОРТХ МАЦЕДОНИА... ФРОМ 2018,neutral,negative,neutral,positive,0.85,positive,0.95,5,,3,False,0,0.0,False,False,False,False,False,
UgxLK9SJgZezR-DmZDJ4AaABAg.AEWwjiPbxxRAOo_BzAnxWm,Северна Македонија нјама ништо обшто с Егејска Македонија. Македонците до 1945 година са били балгари. Никој не ви вјарва на титовските приказки. Балгарија и Гарција са стари и сериозни даржави.,negative,negative,neutral,negative,0.8,negative,0.95,5,negative,2,False,4,0.8,True,True,False,True,True,BERTweet
UgwHGW3BbusnlDOweDt4AaABAg,А ВИЕ БРАТЈА МАКЕДОНЦИ НА КАКАВ ЕЗИК ГОВОРИТЕ И КОЈ ВЕ НАПРАВИ ХРИСТИЈАНИ???? ЗНАЕТЕ ОТГОВОРА 😜😜😜,negative,negative,neutral,negative,0.8,negative,0.95,5,negative,2,False,4,0.8,True,True,False,True,True,BERTweet
UgwHGW3BbusnlDOweDt4AaABAg.ADEWjSzU53MADEagK89nfE,во македонија има христијанство од коа досол апостол павле овде а во тоа време вие сте биле во русија,neutral,negative,neutral,negative,0.8,negative,0.95,5,negative,2,False,3,0.6,False,True,False,True,True,"CardiffNLP, BERTweet"
UgwHGW3BbusnlDOweDt4AaABAg.ADEWjSzU53MADFDkQqxVsb,"@објаснувац Во Мизија има христијанство откако апостол Андреј дошол овде да проповеда во градот Οδησσός, денес Варна, на Црното море. Штом сте библиски Македонци, тогаш ние од Мизија сме библиски Мизијци. Варна е во Бугарија. Градот на библиските Македонци Βέροια дали се наоѓа во РСМ? Молете се Свети цар Борис Михаил да ви прости!",neutral,negative,neutral,neutral,0.68,neutral,0.85,5,neutral,2,False,4,0.8,True,False,True,True,True,NLPTown
UgwHGW3BbusnlDOweDt4AaABAg.ADEWjSzU53MADFEegRELQg,"<УСЕР> Во Мизија има христијанство откако апостол Андреј дошол овде да проповеда во градот Οδησσός, денес Варна, на Црното море. Штом сте библиски Македонци, тогаш ние од Мизија сме библиски Мизијци. Варна е во Бугарија. Градот на библиските Македонци Βέροια дали се наоѓа во РСМ? Молете се Свети цар Борис Михаил да ви прости!",neutral,negative,neutral,neutral,0.7,neutral,0.85,5,neutral,2,False,4,0.8,True,False,True,True,True,NLPTown
UgwHGW3BbusnlDOweDt4AaABAg.ADEWjSzU53MADFSYWiL8YN,<УСЕР> Бугарски окупатор исто како и грците.,negative,negative,neutral,negative,0.8,negative,1.0,5,negative,2,False,4,0.8,True,True,False,True,True,BERTweet
UgwHGW3BbusnlDOweDt4AaABAg.ADEWjSzU53MADFYgrMfrgw,<УСЕР> е татар со 100 профили на Јутуб Само репортирајте го,neutral,negative,neutral,negative,0.7,negative,0.9,5,negative,2,False,3,0.6,False,True,False,True,True,"CardiffNLP, BERTweet"
UgwHGW3BbusnlDOweDt4AaABAg.ADEWjSzU53MADFYpYgeEb3,Брат ти е Аспарух па го прашај на кој јазик се молел на Тангра,neutral,negative,neutral,neutral,0.78,negative,0.9,5,neutral,2,False,3,0.6,True,False,True,True,False,"NLPTown, Llama"
UgwHGW3BbusnlDOweDt4AaABAg.ADEWjSzU53MADFeGDwxm-a,<УСЕР> Брат ти е Каранос па го прашај на кој јазик се молел на Загреос.,neutral,negative,neutral,negative,0.8,negative,0.95,5,negative,2,False,3,0.6,False,True,False,True,True,"CardiffNLP, BERTweet"
UgwHGW3BbusnlDOweDt4AaABAg.ADEWjSzU53MADH6Wtn7P7O,ВЕЦНА МАКЕДОНИЈА МАКЕДОНИЈА НА МАКЕДОНЦИТЕ .,neutral,positive,neutral,positive,0.85,negative,0.95,5,,3,False,0,0.0,False,False,False,False,False,
UgwHGW3BbusnlDOweDt4AaABAg.ADEWjSzU53MADHg0ZSFyQS,<УСЕР> ВЕЧНА МИЗИА МИЗИА НА МИЗИЈЦИТЕ .,neutral,positive,neutral,negative,0.8,negative,1.0,5,,3,False,0,0.0,False,False,False,False,False,
UgwHGW3BbusnlDOweDt4AaABAg.ADEWjSzU53MADLhLeByvl1,@објаснувацХа..ха ...Апостол Павел и римската провинција Македонија никога не са имали нешто обшто с вас...фалшивите и измислените ...даже и не знаете ...која е парвата Библија(камо ли да сте ја чели)...за това ви се смее цјал свјат 😂😂😂,negative,negative,neutral,negative,0.8,negative,0.95,5,negative,2,False,4,0.8,True,True,False,True,True,BERTweet
UgwHGW3BbusnlDOweDt4AaABAg.ADEWjSzU53MADLhQkiOR9q,@веснаматеска1680Скоро ште баде на албанците...бадештите ви газди....,negative,negative,neutral,negative,0.8,negative,1.0,5,negative,2,False,4,0.8,True,True,False,True,True,BERTweet
UgwHGW3BbusnlDOweDt4AaABAg.ADEWjSzU53MADOavWfNT8L,@МагнусКеанусБугарофилче едно,neutral,negative,neutral,negative,0.8,negative,0.95,5,negative,2,False,3,0.6,False,True,False,True,True,"CardiffNLP, BERTweet"
UgwHGW3BbusnlDOweDt4AaABAg.ADEWjSzU53MADOazFnrLru,@ИванИванов-рв2бсВас Ромите и Турците ви се газди во Бугарија 🇹🇷,neutral,negative,neutral,negative,0.8,negative,0.95,5,negative,2,False,3,0.6,False,True,False,True,True,"CardiffNLP, BERTweet"
UgwHGW3BbusnlDOweDt4AaABAg.ADEWjSzU53MAE5QHeVCoWu,"@Гоксии25БАЛГАРИЈА=МИЗИЈА, ТРАКИЈА И МАКЕДОНИЈА 🇧🇬💪❤️🇧🇬",neutral,positive,neutral,positive,0.85,positive,0.95,5,positive,2,False,3,0.6,False,True,False,True,True,"CardiffNLP, BERTweet"
UgwHGW3BbusnlDOweDt4AaABAg.ADEWjSzU53MAG90ZWbj-H4,<УСЕР>-рв2бс БУГАРИ ТАТАРСКО ПЛЕМЕ ЈАДИ ТРУЦИ МАРССССС БРЕ.......МАКЕДОНИЈА НА К Р А Л... ФИЛИП.. М А К Е Д О Н С К И......,neutral,negative,neutral,negative,0.8,negative,0.99,5,negative,2,False,3,0.6,False,True,False,True,True,"CardiffNLP, BERTweet"
UgwHGW3BbusnlDOweDt4AaABAg.ADEWjSzU53MAG90kfYbnCS,<УСЕР>-рв2бс МАРСССС ....ТАТАРИ...СТЕ ВИЕ МАКЕДОНИЈА НА МАКЕДИНЦИТЕ И НА К РА Л.. ФИЛИП...МАКЕДОНСКИ....МАРССС БРЕ ГУБРЕ ПОКВАРЕНО...,negative,negative,neutral,negative,0.8,negative,0.95,5,negative,2,False,4,0.8,True,True,False,True,True,BERTweet
UgwHGW3BbusnlDOweDt4AaABAg.ADEWjSzU53MAG90wNwLUt-,<УСЕР>-рв2бс ..ВИЕ СТЕ ТАТАРИ .МАРССС БРЕ .....МАКЕДОНИЈА НА КРАМ ФИЛИП МАКЕДОНСКИ.....ПОКВАРЕНИ...МАРССССССС,neutral,negative,neutral,negative,0.8,negative,0.95,5,negative,2,False,3,0.6,False,True,False,True,True,"CardiffNLP, BERTweet"
UgwHGW3BbusnlDOweDt4AaABAg.ADEWjSzU53MAKH6UWSVUPV,. МАКЕДОНИЈА = МАКЕДОНИЈА. 25 ЦЕНТУРИЕС ! !,neutral,positive,neutral,neutral,0.85,positive,0.95,5,neutral,2,False,3,0.6,True,False,True,True,False,"NLPTown, Llama"
UgwHGW3BbusnlDOweDt4AaABAg.ADEWjSzU53MAKHOdih27jH,@веснаматеска1680СЕКОГАШ ТАТАРСКА СЕВЕРДЖАНСКА... НИКОГАШ МАКЕДОНИЈА...МАСТИЈО НАРИТАНА САРБОМАНСКА...,negative,negative,neutral,negative,0.8,negative,0.95,5,negative,2,False,4,0.8,True,True,False,True,True,BERTweet
UgwHGW3BbusnlDOweDt4AaABAg.ADEWjSzU53MAKHOgdMQLZF,@татјанавелкова5814ИН НОРТХ МАЦЕДОНИА... НОРТХ МАЦЕДОНИАНС... ФРОМ 2018,neutral,negative,neutral,negative,0.65,negative,1.0,5,negative,2,False,3,0.6,False,True,False,True,True,"CardiffNLP, BERTweet"
Ugz_sEQXP56jLjT19Ax4AaABAg,Вакви како тебе не треба да прават вакви видеа!,negative,negative,neutral,negative,0.8,negative,0.95,5,negative,2,False,4,0.8,True,True,False,True,True,BERTweet
UgypO5JFCBwLYM8_qux4AaABAg,Северна Грција,neutral,neutral,neutral,neutral,0.73,neutral,0.85,5,neutral,1,True,5,1.0,True,True,True,True,True,
UgypO5JFCBwLYM8_qux4AaABAg.ADE1VbR8-dgADESHWjOfEr,МАКЕДОНИЈА 25 ВЕКА е во ЈУЗ'НА ЕВРОПА ! !,neutral,positive,neutral,positive,0.85,positive,0.95,5,positive,2,False,3,0.6,False,True,False,True,True,"CardiffNLP, BERTweet"
UgypO5JFCBwLYM8_qux4AaABAg.ADE1VbR8-dgADF7Txnl8hf,Која северна Грција бе копук еден северџански?,neutral,negative,neutral,negative,0.8,neutral,0.98,5,neutral,2,False,3,0.6,True,False,True,False,True,"NLPTown, Gemma"
UgypO5JFCBwLYM8_qux4AaABAg.ADE1VbR8-dgADH-1ceGSUO,<УСЕР> <УРЛ>,neutral,negative,neutral,neutral,0.7,neutral,0.85,5,neutral,2,False,4,0.8,True,False,True,True,True,NLPTown
UgypO5JFCBwLYM8_qux4AaABAg.ADE1VbR8-dgADLhlBtHDnM,"@татјанавелкова5814Нјама ""Македонија"" и не е имало...има само в удбашките ви тикви,пални с брамбари и калинки....",negative,negative,neutral,negative,0.8,negative,0.95,5,negative,2,False,4,0.8,True,True,False,True,True,BERTweet
UgxGpsMtbZaZuctwVO94AaABAg,На 90% немаш податоци или не знаеш. Па зашто не се зафатиш со нешто друго.,neutral,negative,neutral,negative,0.7,negative,0.95,5,negative,2,False,3,0.6,False,True,False,True,True,"CardiffNLP, BERTweet"
UgxGpsMtbZaZuctwVO94AaABAg.AE4nVeE8YrzAE4rWVLYoaR,<УСЕР> ајде сефе кази со мислис да праам,neutral,negative,neutral,neutral,0.7,negative,0.94,5,neutral,2,False,3,0.6,True,False,True,True,False,"NLPTown, Llama"
Ugz64JkjNPBxgH-VXsp4AaABAg,<УРЛ>,neutral,neutral,neutral,neutral,0.7,neutral,0.85,5,neutral,1,True,5,1.0,True,True,True,True,True,
Ugz64JkjNPBxgH-VXsp4AaABAg.ADECQUyTl9SADEJCJtKwMO,<УСЕР> така е да зивее мицко името на скопје ке го менуваме во мицково во негова цест (се зезам),neutral,negative,neutral,negative,0.8,neutral,0.85,5,neutral,2,False,3,0.6,True,False,True,False,True,"NLPTown, Gemma"
Ugy-VRN-FvHE0ASDb4x4AaABAg,Вич е теле на албански,neutral,neutral,neutral,negative,0.8,negative,1.0,5,neutral,2,False,3,0.6,True,True,True,False,False,"Gemma, Llama"
UgxQHdqTUx65iAzh_X14AaABAg,"Нема ту ни грчке ни Македонија, то је Део ДАРДАНИА, са главним град СЦУПИ, ИЛЛЈРИЦУМ САЦРУМ ДАНИЕЛЕ ФИЛИППО РИЦЕПУТИ",negative,negative,neutral,negative,0.8,negative,0.95,5,negative,2,False,4,0.8,True,True,False,True,True,BERTweet
UgxQHdqTUx65iAzh_X14AaABAg.ADUq9Hk116RADljX3r_St3,Шипо ајде испали од тука и оди си со куферите во Кавказ од каде си дошол ајде и вие викате дека Косово е Србија 🇷🇸😅,negative,negative,neutral,negative,0.8,negative,0.95,5,negative,2,False,4,0.8,True,True,False,True,True,BERTweet
UgxQHdqTUx65iAzh_X14AaABAg.ADUq9Hk116RAE5Pvxwkequ,@Гоксии25И ти отивај да си видиш татарско-монголските корени...ментално увреден северджански тролу....,negative,positive,neutral,negative,0.8,negative,0.95,5,negative,3,False,3,0.6,True,False,False,True,True,"NLPTown, BERTweet"
UgxQHdqTUx65iAzh_X14AaABAg.ADUq9Hk116RAKH6ytXvwGu,. СКОПЈЕ --- 25 ЦЕНТУРИЕС МАЦЕДОНИАН ТОВН ! !,neutral,positive,neutral,positive,0.85,negative,1.0,5,,3,False,0,0.0,False,False,False,False,False,
UgxQHdqTUx65iAzh_X14AaABAg.ADUq9Hk116RAKHO5XpHFFD,@татјанавелкова5814СКОПЈЕ -ЦАПИТАЛ ОФ НОРТХ МАЦЕДОНИА... АЛВАЈС АНД ФОРЕВЕР...,neutral,negative,neutral,positive,0.98,negative,1.0,5,,3,False,0,0.0,False,False,False,False,False,
UgyFze6MbaXRhgVkv3V4AaABAg,Ехххх Мацедониа тхессалоники курлевци не скопје заев ви го Нацука убо И постено,negative,negative,neutral,negative,0.8,negative,0.95,5,negative,2,False,4,0.8,True,True,False,True,True,BERTweet
UgyFze6MbaXRhgVkv3V4AaABAg.ADQLUk8gYY2ADljZYwYQUn,Солун 🇲🇰☦️,neutral,positive,neutral,neutral,0.74,neutral,1.0,5,neutral,2,False,4,0.8,True,False,True,True,True,NLPTown
UgyFze6MbaXRhgVkv3V4AaABAg.ADQLUk8gYY2AE6VANtryYC,"МИЗИЈА, ТРАКИЈА И МАКЕДОНИЈА=БАЛГАРИЈА 🇧🇬💪❤️🇧🇬",neutral,positive,neutral,positive,0.85,positive,0.95,5,positive,2,False,3,0.6,False,True,False,True,True,"CardiffNLP, BERTweet"
UgyFze6MbaXRhgVkv3V4AaABAg.ADQLUk8gYY2AEju3_4Ot9C,<УСЕР>-рв2бс Извини ова Мизерија се однесува на БУгарија нели?,neutral,negative,neutral,negative,0.8,negative,0.94,5,negative,2,False,3,0.6,False,True,False,True,True,"CardiffNLP, BERTweet"
UgyFze6MbaXRhgVkv3V4AaABAg.ADQLUk8gYY2AEnH4I9H3VN,"@перицаиваноски9027ЗА БАЛГАРИЈА СЕ ЗНАЕ- МИЗИЈА, ТРАКИЈА И МАКЕДОНИЈА 🇧🇬❤️💪🇧🇬",neutral,positive,neutral,positive,0.85,positive,0.95,5,positive,2,False,3,0.6,False,True,False,True,True,"CardiffNLP, BERTweet"
UgyFze6MbaXRhgVkv3V4AaABAg.ADQLUk8gYY2AKH762x9mTr,<УСЕР>-рв2бс бг 140 јеарс. МАКЕДОНИЈА -- 25 ЦЕНТУРИЕС ! !,neutral,negative,neutral,positive,0.85,positive,0.95,5,,3,False,0,0.0,False,False,False,False,False,
UgyFze6MbaXRhgVkv3V4AaABAg.ADQLUk8gYY2AKHBu7D7jIo,@татјанавелкова5814ФОРЕВЕР НОРТХ МАЦЕДОНИА... ФРОМ 2018,neutral,negative,neutral,positive,0.85,positive,0.95,5,,3,False,0,0.0,False,False,False,False,False,
UgyUFVa27g6nfnE4W8B4AaABAg,Единствен цовек у македонија шо не му се миллионите од европа у глава.,negative,negative,neutral,negative,0.85,negative,0.95,5,negative,2,False,4,0.8,True,True,False,True,True,BERTweet
UgzkuOm74Xdb54wpF9R4AaABAg,"Сплотено, десни и леви, за спас на Македонската Дрзава и Нација!",neutral,positive,neutral,positive,0.85,positive,0.95,5,positive,2,False,3,0.6,False,True,False,True,True,"CardiffNLP, BERTweet"
UgyfbflDaeNLa11G5Pt4AaABAg,Ова е од Срце за сите Македонци и цесни Грагани ! Браво брату Апасиев ✊,positive,positive,neutral,positive,0.85,positive,0.95,5,positive,2,False,4,0.8,True,True,False,True,True,BERTweet
UgyNVTsKUnMQEBVq5wJ4AaABAg,"СДС оде во историја, толку е со таа партија, ќе ги нема!",negative,positive,neutral,negative,0.8,negative,0.95,5,negative,3,False,3,0.6,True,False,False,True,True,"NLPTown, BERTweet"
UgyNVTsKUnMQEBVq5wJ4AaABAg.9sabbJmxY-n9sb8D5nSFbe,И ДПНЕ заедно со нив со Шпицниот на чело.,neutral,positive,neutral,negative,0.8,negative,0.95,5,,3,False,0,0.0,False,False,False,False,False,
UgxqqvFGojOkQPxHBa14AaABAg,Само напред до Македонска Народна Власт!,positive,negative,neutral,positive,0.95,positive,0.95,5,positive,3,False,3,0.6,True,False,False,True,True,"NLPTown, BERTweet"
UgwznHXsBwnTZKhH7pR4AaABAg,"Големо браво за Апасиев, така се брани држава",positive,positive,neutral,positive,0.85,positive,0.95,5,positive,2,False,4,0.8,True,True,False,True,True,BERTweet
UgxJQAyxcNPw82O5tkN4AaABAg,Удри Брату!!!,positive,positive,neutral,negative,0.8,positive,0.95,5,positive,3,False,3,0.6,True,True,False,False,True,"BERTweet, Gemma"
UgxN1LEABwLjCkGTSvV4AaABAg,Целосна поддршка! Браво! ЗА КОГО???? ЗА МАКЕДОНИЈА!!!!!!,positive,positive,neutral,positive,0.98,positive,0.95,5,positive,2,False,4,0.8,True,True,False,True,True,BERTweet
UgzHXClRN0l4_4ezphJ4AaABAg,Со две раце гласам за ЛЕВИЦА!,neutral,negative,neutral,positive,0.85,positive,0.95,5,,3,False,0,0.0,False,False,False,False,False,
UgzZH-XyNQfnc-11Ma54AaABAg,"Бравос, говор на деценијата!!! Им покаса како се сака и брани Македонија на безрбетнициве оф СДС!!!!",positive,positive,neutral,positive,0.85,positive,0.95,5,positive,2,False,4,0.8,True,True,False,True,True,BERTweet
Ugz7Fkcuk2DnaDEQF4N4AaABAg,Не сум левичар напротив десничар сум ама глас ќе имаш !!!!!,neutral,negative,neutral,positive,0.85,negative,0.94,5,,3,False,0,0.0,False,False,False,False,False,
UgxQ94FqewjWiyM_3Bp4AaABAg,"БРАВО АПАСИЕВ!!! ЗАТОА ГЛАСОВИ. Инаку добро кажано!? АМА, ЗА КОЈА БАГРА???",positive,negative,neutral,positive,0.85,negative,0.95,5,,3,False,0,0.0,False,False,False,False,False,
Ugxl4mVVqezRSeAj6IN4AaABAg,"Браво Професор Апасиев, се кажано до коска, но тие се глуви и не разбираат. Само гледаат и пред очи им се: $$& Е. Поздрав Гемиџија од 21виот век!!!",positive,positive,neutral,positive,0.85,negative,0.95,5,positive,3,False,3,0.6,True,True,False,True,False,"BERTweet, Llama"
Ugxl4mVVqezRSeAj6IN4AaABAg.9saYdLXv6sI9saaVYzDgkG,❤❤❤❤❤❤❤❤❤,positive,positive,neutral,positive,0.98,positive,1.0,5,positive,2,False,4,0.8,True,True,False,True,True,BERTweet
UgyuKy7m9M9QrCgbQWN4AaABAg,"Не сум лев уопште, ама на следни избори со две раце ќе гласам за Левица",neutral,negative,neutral,positive,0.85,positive,0.95,5,,3,False,0,0.0,False,False,False,False,False,
UgyuKy7m9M9QrCgbQWN4AaABAg.9saXk-4ECR0A2PxGonIVKg,ке видиме,neutral,positive,neutral,neutral,0.7,neutral,0.85,5,neutral,2,False,4,0.8,True,False,True,True,True,NLPTown
Ugz-39KpFVsCT0Ukpe54AaABAg,"МАКЕДОНЕЦОТ ЗИВЕЕ,НАРОДОТ СЕ БУДИ!! Апасиев ке биде првиот премиер/лидер на ПРВАТА ВИСТИНСКИ СЛОБОДНА МАКЕДОНСКА ДРЗАВА.",neutral,negative,neutral,negative,0.8,positive,0.95,5,,3,False,0,0.0,False,False,False,False,False,
Ugz8aMjpGU0diPHOnkh4AaABAg,"Целосна поддршка, одличен говор што секој мора да го слушне, споделувајте!",positive,positive,neutral,positive,0.85,positive,0.95,5,positive,2,False,4,0.8,True,True,False,True,True,BERTweet
UgxEiCGIkEj-z2rl32Z4AaABAg,Цар е мал збор браво.Само така . И за крај пред вистината и боговите молчат.,positive,negative,neutral,positive,0.85,negative,0.95,5,,3,False,0,0.0,False,False,False,False,False,
UgypNS72P2kSjvRa-EV4AaABAg,Пред вистината и Боговите молчат! Ви благодариме што постоете за Македонскиот народ Голем Лидере! Одржавте ИСТОРИСКИ ГОВОР во нашиот парламент за нашите ПРАВА и ПРАВДА ЗА Р.МАКЕДОНИЈА. Браво!,positive,positive,neutral,positive,0.85,positive,0.95,5,positive,2,False,4,0.8,True,True,False,True,True,BERTweet
UgzU6PZ2M1RttCmztJF4AaABAg,Браво Апасиев само напред Поздрав,positive,negative,neutral,positive,0.95,positive,0.95,5,positive,3,False,3,0.6,True,False,False,True,True,"NLPTown, BERTweet"
UgyxgdmSzIuE5dZnS4h4AaABAg,"Гази јако, народот е со тебе !",positive,positive,neutral,positive,0.85,positive,0.95,5,positive,2,False,4,0.8,True,True,False,True,True,BERTweet
UgyxgdmSzIuE5dZnS4h4AaABAg.9saH1ei1pfJ9sbVmG0BqI3,❤❤❤❤❤❤❤❤❤❤❤❤❤❤❤❤❤❤❤,positive,positive,neutral,positive,0.98,positive,1.0,5,positive,2,False,4,0.8,True,True,False,True,True,BERTweet
UgwiA8Z6jLX4-fjWpnx4AaABAg,Моите никогаш не излегле на гласање ама наредни избори ги мобилизирвам и сите одиме за Левица !!! Апасиев е цар !,positive,negative,neutral,positive,0.85,positive,0.95,5,positive,3,False,3,0.6,True,False,False,True,True,"NLPTown, BERTweet"
UgyqH2a0pzWOkrM5zGd4AaABAg,Ги асфалтира. Браво,positive,negative,neutral,positive,0.85,negative,0.95,5,,3,False,0,0.0,False,False,False,False,False,
UgxxtGA6NjrDIT8y_Cp4AaABAg,"Од Македонија направија мулти""култ""дрзава слушајте македонски народе... Тешки зборови но на свое место браво професоре Д.Апасиев.",positive,positive,neutral,positive,0.82,negative,0.85,5,positive,3,False,3,0.6,True,True,False,True,False,"BERTweet, Llama"
UgxcSYHHzDhxKCPOFUN4AaABAg,Мајстор,neutral,positive,neutral,positive,0.85,positive,0.95,5,positive,2,False,3,0.6,False,True,False,True,True,"CardiffNLP, BERTweet"
UgxAezZDKrejzBiIti54AaABAg,"Длабок лак за историски настап, професоре! интелектуалец во вистинска смисла, патриот, мудрец, борец за својата нација. Честитки, со голема почит!!!",positive,positive,neutral,positive,0.98,positive,0.95,5,positive,2,False,4,0.8,True,True,False,True,True,BERTweet
UgzyODrh8dnZBrIal1l4AaABAg,Браво ❤ се на свое место,positive,positive,neutral,positive,0.95,positive,0.95,5,positive,2,False,4,0.8,True,True,False,True,True,BERTweet
UgwP3dMh44cfei8dxu54AaABAg,Браво,positive,positive,neutral,positive,0.98,positive,1.0,5,positive,2,False,4,0.8,True,True,False,True,True,BERTweet
UgwaT3qf2sQlhSBAmNh4AaABAg,А сто друго треба! За да гласат за ЛЕВИЦА. Амин ПРОФЕСОРЕ. 🙏,positive,negative,neutral,positive,0.85,positive,0.95,5,positive,3,False,3,0.6,True,False,False,True,True,"NLPTown, BERTweet"
UgwNEFp6E-H_g2Ym7qx4AaABAg,"Професоре,немам сто да ви казам.Кога би бил зив сигурно и ЦИЦЕРОН најголемиот говорник би замолцал пред овие вистини.Дури и би ви позавидел на васето ораторство.Гледам во ВАС ЛИДЕР НЕ НА ПАРТИЈА,ЛИДЕР НА МАКЕДОНСКИОТ НАРОД. ДА ЗИВЕЕ ЛЕВИЦА...СО ЛЕВИЦА ДО ПОБЕДА✊️🇲🇰",negative,negative,neutral,positive,0.85,positive,0.95,5,,3,False,0,0.0,False,False,False,False,False,
UgwNEFp6E-H_g2Ym7qx4AaABAg.9saCUCibni59u8gjapTS8J,😂,neutral,positive,neutral,neutral,0.8,positive,0.95,5,neutral,2,False,3,0.6,True,False,True,True,False,"NLPTown, Llama"
Ugw5Klb6wgxn9f_L7Hd4AaABAg,Бравоо мајсторе тооо така треба,positive,positive,neutral,positive,0.85,positive,0.95,5,positive,2,False,4,0.8,True,True,False,True,True,BERTweet
Ugx81tYCEUh-vZF_qet4AaABAg,БРАВО СИНЕ ‼️ ТАКА СИТЕ ТРЕБА ПРАВО СЕПТИЦКА ЈАМА ТОКМУ ЗА ТАМУ СЕ И НИСТО ПОВЕКЕ‼️✊🇲🇰🌞🍀👌❤️,positive,negative,neutral,positive,0.85,positive,0.95,5,positive,3,False,3,0.6,True,False,False,True,True,"NLPTown, BERTweet"
Ugx81tYCEUh-vZF_qet4AaABAg.9sa6FHAvYOM9saVQr0yQX2,❤❤❤❤❤❤❤❤❤❤❤,positive,positive,neutral,positive,0.98,positive,1.0,5,positive,2,False,4,0.8,True,True,False,True,True,BERTweet
Ugx81tYCEUh-vZF_qet4AaABAg.9sa6FHAvYOM9saWSxLsar-,❤❤❤❤❤❤❤❤❤❤❤❤❤❤❤❤❤❤❤,positive,positive,neutral,positive,0.98,positive,1.0,5,positive,2,False,4,0.8,True,True,False,True,True,BERTweet
Ugxr_VOawoOcQMFnc-t4AaABAg,"Свесни се они дури и без ти да им кажеш. Ама убаво е да се повторува ова. Овие говори треба да бидат секојдневно во меморијата на македонскиот народ. Штета што сеуште има многу неопределени потенцијални гласачи, кои живеат тука, а не гласаат. И јас не гласав кога требаше да изберам помеѓу двете зла, ама сега веќе има алтернатива и не гледам причина да не се гласа. Знам многу луѓе кои гласале порано, и сега разочарани не подржуваат никого. Кога можеле да гласаат за дрпмне или сдс и тоа по неколку пати, зошто еднаш да не пробаат да дадат подршка на Левица.",negative,negative,neutral,neutral,0.7,positive,0.85,5,,3,False,0,0.0,False,False,False,False,False,
UgwY_2kEVkbaq6xY0dV4AaABAg,Господ да ми те благослови Господине Апасиев браво,positive,positive,neutral,positive,0.85,positive,0.95,5,positive,2,False,4,0.8,True,True,False,True,True,BERTweet
UgxdBd-NoLfjnScfOLN4AaABAg,Цар си!,positive,positive,neutral,negative,0.8,positive,0.95,5,positive,3,False,3,0.6,True,True,False,False,True,"BERTweet, Gemma"
UgzzfL1GLnmuj3Aa11B4AaABAg,БРАВО 👏,positive,positive,neutral,positive,0.95,positive,0.95,5,positive,2,False,4,0.8,True,True,False,True,True,BERTweet
Ugzz22YoRA8EUyk0B1x4AaABAg,Браво ❤,positive,positive,neutral,positive,0.98,positive,0.95,5,positive,2,False,4,0.8,True,True,False,True,True,BERTweet
Ugywz5Du7ch86X7yRIB4AaABAg,Цар!,positive,positive,neutral,negative,0.8,positive,0.95,5,positive,3,False,3,0.6,True,True,False,False,True,"BERTweet, Gemma"
UgzpLN4zH7jX3wBTS8d4AaABAg,Браво!!! Моцање! 👏👏👏 Следни избори сите сто останаа у севердзанистанов за ЛЕВИЦА! Ако ова го прават со само 2 пратеника замислете со 10+ сто ке прават 😎 МАКЕДОНИЈА НА МАКЕДОНЦИТЕ💪💪💪,positive,negative,neutral,positive,0.85,positive,0.95,5,positive,3,False,3,0.6,True,False,False,True,True,"NLPTown, BERTweet"
UgzdDFSK-WVwygciJdh4AaABAg,Браво Апасиев,positive,positive,neutral,positive,0.95,positive,0.95,5,positive,2,False,4,0.8,True,True,False,True,True,BERTweet
UgzdDFSK-WVwygciJdh4AaABAg.9sa92mJ3You9saViNIWzwv,❤❤❤❤❤❤❤❤❤❤❤❤❤❤❤❤❤,positive,positive,neutral,positive,0.98,positive,1.0,5,positive,2,False,4,0.8,True,True,False,True,True,BERTweet
UgzdDFSK-WVwygciJdh4AaABAg.9sa92mJ3You9saVt97r2M9,❤❤❤❤❤❤❤❤❤❤❤❤❤❤❤❤❤❤❤❤❤❤❤❤❤❤❤❤❤❤❤❤❤❤❤❤❤❤❤❤❤❤❤❤❤❤,positive,positive,neutral,positive,0.98,positive,1.0,5,positive,2,False,4,0.8,True,True,False,True,True,BERTweet
UgwojIlK6uSPkj1jOTh4AaABAg,Дури мрдам само за Левица ке гласам и тоцка!,negative,negative,neutral,positive,0.95,negative,0.95,5,negative,3,False,3,0.6,True,True,False,False,True,"BERTweet, Gemma"
UgwSN3nUXmQI8Sk6_mx4AaABAg,Браво,positive,positive,neutral,positive,0.98,positive,1.0,5,positive,2,False,4,0.8,True,True,False,True,True,BERTweet
UgwSN3nUXmQI8Sk6_mx4AaABAg.9saUq_PC28U9saW1QgSf24,❤❤❤❤❤❤❤❤❤❤❤❤❤❤❤❤,positive,positive,neutral,positive,0.98,positive,1.0,5,positive,2,False,4,0.8,True,True,False,True,True,BERTweet
UgwioEDkYIvcUpijab14AaABAg,БРАВО ЦАРУ... 3 патибте преслушав... се казано на место... само напред... целосна подрска,positive,negative,neutral,positive,0.85,negative,0.95,5,,3,False,0,0.0,False,False,False,False,False,
UgzR7JNoK62wycDEsed4AaABAg,казано од збор до збор секоја цест ❤,positive,positive,neutral,positive,0.85,positive,0.95,5,positive,2,False,4,0.8,True,True,False,True,True,BERTweet
UgzR7JNoK62wycDEsed4AaABAg.9scQhx0TyrB9sk2loAw0n-,❤😮,positive,positive,neutral,positive,0.65,positive,0.95,5,positive,2,False,4,0.8,True,True,False,True,True,BERTweet
UgzqAMnUvt9EKxelSYl4AaABAg,Браво!,positive,positive,neutral,positive,0.98,positive,0.95,5,positive,2,False,4,0.8,True,True,False,True,True,BERTweet
UgzqAMnUvt9EKxelSYl4AaABAg.9saaP79M6gc9scGPOAqzFU,❤❤❤❤❤❤❤❤,positive,positive,neutral,positive,0.98,positive,1.0,5,positive,2,False,4,0.8,True,True,False,True,True,BERTweet
UgyFuDD0LQOZUzSkjVR4AaABAg,Цркнете северџани .!. Македонија на Македонците ❤,positive,negative,neutral,negative,0.8,positive,0.95,5,,3,False,0,0.0,False,False,False,False,False,
UgxiAzxNUYOBNxtp4SB4AaABAg,Цар..си.,neutral,positive,neutral,negative,0.8,negative,0.95,5,,3,False,0,0.0,False,False,False,False,False,
UgxiAzxNUYOBNxtp4SB4AaABAg.9saHW11qpZP9sbVsnGvWHl,❤❤❤❤❤❤❤❤❤❤❤,positive,positive,neutral,positive,0.98,positive,1.0,5,positive,2,False,4,0.8,True,True,False,True,True,BERTweet
UgxiAzxNUYOBNxtp4SB4AaABAg.9saHW11qpZP9t3XqoWFo0Y,❤,positive,positive,neutral,positive,0.98,positive,1.0,5,positive,2,False,4,0.8,True,True,False,True,True,BERTweet
UgwPPToZ3cVMf6DwqXt4AaABAg,Гласај МАКЕДОНЧЕ! Гласај за транспарентност !,neutral,negative,neutral,positive,0.85,positive,0.95,5,,3,False,0,0.0,False,False,False,False,False,
UgybO56UsByxjphuFLd4AaABAg,👍👏👏,positive,positive,neutral,positive,0.98,positive,0.95,5,positive,2,False,4,0.8,True,True,False,True,True,BERTweet
UgxOlpq56_9KmR6Rsc14AaABAg,Шах Мат,neutral,positive,neutral,neutral,0.7,negative,0.9,5,neutral,3,False,3,0.6,True,False,True,True,False,"NLPTown, Llama"
UgxOlpq56_9KmR6Rsc14AaABAg.9sa6yqprI_49u8i-P9Vh3n,❤,positive,positive,neutral,positive,0.98,positive,1.0,5,positive,2,False,4,0.8,True,True,False,True,True,BERTweet
UgyfYC3YMz80TeRyTuh4AaABAg,👏👏👏👏,positive,positive,neutral,positive,0.98,positive,0.95,5,positive,2,False,4,0.8,True,True,False,True,True,BERTweet
UgwUo5iwVVhY_Mx_GHJ4AaABAg,🔥🔥🔥🔥🔥🔥🔥👏👏👏👏🙏🙏🙏🙏,positive,positive,neutral,positive,0.98,positive,0.95,5,positive,2,False,4,0.8,True,True,False,True,True,BERTweet
UgwdUng8789m15WbPwd4AaABAg,Воте фор Пресидент,neutral,negative,neutral,positive,0.85,positive,0.95,5,,3,False,0,0.0,False,False,False,False,False,
UgzqUSAExq2ZjKitwet4AaABAg,Ваков МАКЕДОНСКИ говор немало на собрание !!!,neutral,negative,neutral,negative,0.85,positive,0.95,5,,3,False,0,0.0,False,False,False,False,False,
UgzN7Rs96me6SwOpjY54AaABAg,Лее не мозам да ги разберам како сакаат да го сменат уставот!,negative,negative,neutral,negative,0.8,negative,0.95,5,negative,2,False,4,0.8,True,True,False,True,True,BERTweet
UgzmnpjgQGvMORDLE8J4AaABAg,"Не е дали некој е ЛЕВ Или ДЕСЕН туку да ги рашириме оците и да го отвориме умот ,затоа што сме НАТОВАРЕНИ во последниот ВАГОН од возот.Има пивеке .удри и сесни ЛИКОВИ и со бистар УМ и мисла да се Заокрузи ТРКАЛОТО на ЗИВОТОТ❤",neutral,positive,neutral,negative,0.7,negative,0.97,5,,3,False,0,0.0,False,False,False,False,False,
UgzcWsPGmjZw_Yu24JN4AaABAg,Ако си МАКЕДОНЕЦ ??? Слушајте го ова !!!!!,neutral,negative,neutral,negative,0.8,negative,0.95,5,negative,2,False,3,0.6,False,True,False,True,True,"CardiffNLP, BERTweet"
UgwdpOy6rUWdrclpnyN4AaABAg,Партали!,positive,positive,neutral,positive,0.85,negative,1.0,5,positive,3,False,3,0.6,True,True,False,True,False,"BERTweet, Llama"
UgwXn5gn3wfBSuO3kX94AaABAg,Ти ни си спасот,positive,positive,neutral,negative,0.8,negative,1.0,5,,3,False,0,0.0,False,False,False,False,False,
UgxL2yv_J8N9Cclfced4AaABAg,Се со каза на место профе за зал нема кој да те разбере,negative,negative,neutral,negative,0.7,negative,0.95,5,negative,2,False,4,0.8,True,True,False,True,True,BERTweet
Ugxp2AJPBeNXyQctd5N4AaABAg,360 ликес. Какви конзерви живеат во МКД е чудо едно. Конзерви.,neutral,negative,neutral,negative,0.8,positive,0.95,5,,3,False,0,0.0,False,False,False,False,False,
UgycP7HjB__V_Apc5Ox4AaABAg,🇲🇰🪂,neutral,positive,neutral,neutral,0.73,neutral,1.0,5,neutral,2,False,4,0.8,True,False,True,True,True,NLPTown
Ugyu57BfSmDPBrEar2Z4AaABAg,"Сите тие се нереализирани, не е само Маричиќ...",negative,negative,neutral,negative,0.8,negative,0.95,5,negative,2,False,4,0.8,True,True,False,True,True,BERTweet
Ugzn_cxnztJh7xxhxC14AaABAg,Зафери неса,negative,negative,neutral,negative,0.7,negative,1.0,5,negative,2,False,4,0.8,True,True,False,True,True,BERTweet
Ugxfa0VNDBDoFJLukA54AaABAg,"Тоа е само предлог, нема врска кој го изнесува! 👇",neutral,negative,neutral,negative,0.8,negative,0.8,5,negative,2,False,3,0.6,False,True,False,True,True,"CardiffNLP, BERTweet"
UgxvT2v_-TkrR_4yMjR4AaABAg,И шо то (два пати дезертер и еднаш теросист) се кези од позади !!!,negative,negative,neutral,negative,0.8,negative,0.95,5,negative,2,False,4,0.8,True,True,False,True,True,BERTweet
UgyA2VcBsmtqc99tFgd4AaABAg,Апасиев е демагог и примитивен популист.,negative,positive,neutral,negative,0.8,negative,1.0,5,negative,3,False,3,0.6,True,False,False,True,True,"NLPTown, BERTweet"
UgyA2VcBsmtqc99tFgd4AaABAg.9sadaeFVb4w9sagU3VyU27,"Но, е попаметен од тебе. 😂",positive,neutral,neutral,negative,0.7,positive,0.95,5,,3,False,0,0.0,False,False,False,False,False,
UgyA2VcBsmtqc99tFgd4AaABAg.9sadaeFVb4w9sahvzouES7,"За да го потврдиш кажаното,треба да го ставиш на власт.После тоа, или ќе бидеш во право,или нема да бидеш во право.Но, ако повторно гласаш како во претходните 30 години, тогаш не треба да се замараш со Апасиев, туку со сопствената дијагноза....",neutral,negative,neutral,negative,0.8,negative,0.83,5,negative,2,False,3,0.6,False,True,False,True,True,"CardiffNLP, BERTweet"
UgyA2VcBsmtqc99tFgd4AaABAg.9sadaeFVb4w9saj2Xd7zna,<УСЕР> . Немаш интелигенција да го разбереш човекот. Толку ти радарот у глава ти работи.. не си свесен колку илјади луѓе левица се учленуваат..,negative,negative,neutral,negative,0.8,negative,0.95,5,negative,2,False,4,0.8,True,True,False,True,True,BERTweet
UgyA2VcBsmtqc99tFgd4AaABAg.9sadaeFVb4w9sb06FgzyTC,@драганмаркоски8069 Браво за коментарот.Сакав истото да му го написам ама вие сте ме претекнале2👏👏👏,positive,negative,neutral,positive,0.95,positive,0.95,5,positive,3,False,3,0.6,True,False,False,True,True,"NLPTown, BERTweet"
UgyA2VcBsmtqc99tFgd4AaABAg.9sadaeFVb4w9slclm1BKgG,@ланггрот291А ти си обицен БОТ,negative,negative,neutral,negative,0.87,negative,0.95,5,negative,2,False,4,0.8,True,True,False,True,True,BERTweet
UgyA2VcBsmtqc99tFgd4AaABAg.9sadaeFVb4w9t6AsD2Yqj6,Не знам дали имаш доволно ширина на духот да ја опфатиш целата димензија на оваа глупост што си ја напишал. Зашто ова не е обицна глупост. Ова е Кинг Конг глупост.,negative,negative,neutral,negative,0.75,negative,0.95,5,negative,2,False,4,0.8,True,True,False,True,True,BERTweet
UgwSPYFodnWKCiQEeTF4AaABAg,"Не сум лево орјентиран али за Левица секако би гласал, цисто поради ова видео и поради тоа сто овај е единственио цоек за Македонците со се гризи во Македонија",negative,negative,neutral,negative,0.5,positive,0.95,5,negative,3,False,3,0.6,True,True,False,True,False,"BERTweet, Llama"
Ugx8F-IQ_zHzELShTt54AaABAg,"РЕСПЕКТ ПРОФЕСОРЕ, САМО НАПРЕД",neutral,neutral,neutral,positive,0.98,positive,0.95,5,neutral,2,False,3,0.6,True,True,True,False,False,"Gemma, Llama"
UgzxfGTpnp3Ijn096th4AaABAg,Браво Апасиев,positive,positive,neutral,positive,0.95,positive,0.95,5,positive,2,False,4,0.8,True,True,False,True,True,BERTweet
Ugxli4_JChYS6D2tKzJ4AaABAg,Браво !,positive,positive,neutral,positive,0.98,positive,0.95,5,positive,2,False,4,0.8,True,True,False,True,True,BERTweet
Ugyb0Q6EVMYKETmm2LZ4AaABAg,Браво,positive,positive,neutral,positive,0.98,positive,1.0,5,positive,2,False,4,0.8,True,True,False,True,True,BERTweet
Ugyb0Q6EVMYKETmm2LZ4AaABAg.9saVT8UTrVo9sa_lU_Qk3r,❤❤❤❤❤❤❤❤❤,positive,positive,neutral,positive,0.98,positive,1.0,5,positive,2,False,4,0.8,True,True,False,True,True,BERTweet
Ugxsj83zPeoJ4jfA1-t4AaABAg,Браво,positive,positive,neutral,positive,0.98,positive,1.0,5,positive,2,False,4,0.8,True,True,False,True,True,BERTweet
Ugxsj83zPeoJ4jfA1-t4AaABAg.9sv88BX3wHg9szGGoy6PWu,❤,positive,positive,neutral,positive,0.98,positive,1.0,5,positive,2,False,4,0.8,True,True,False,True,True,BERTweet
UgyKaZKZnbJPsSlSlnV4AaABAg,Браво!,positive,positive,neutral,positive,0.98,positive,0.95,5,positive,2,False,4,0.8,True,True,False,True,True,BERTweet
UgyKaZKZnbJPsSlSlnV4AaABAg.9sam8fSog8m9tO1KGk6-Ex,❤❤❤❤❤❤❤❤❤❤❤❤❤❤❤❤❤❤❤❤❤❤❤❤❤❤❤,positive,positive,neutral,positive,0.98,positive,1.0,5,positive,2,False,4,0.8,True,True,False,True,True,BERTweet
Ugzu_ovbvHmBXf0b96Z4AaABAg,"Прво Грција не коцеше, сега Албанија? 😐",negative,negative,neutral,negative,0.8,negative,0.8,5,negative,2,False,4,0.8,True,True,False,True,True,BERTweet
Ugzu_ovbvHmBXf0b96Z4AaABAg.8vl4gvbi9wh9APJotuC5H7,Се додека имаме проститутки на власт ке се редат многу.,negative,negative,neutral,negative,0.85,negative,0.95,5,negative,2,False,4,0.8,True,True,False,True,True,BERTweet
UgyRyGc3lpboEU5HpAt4AaABAg,северџанско...комуњарска стока...👎,negative,positive,neutral,negative,0.8,negative,1.0,5,negative,3,False,3,0.6,True,False,False,True,True,"NLPTown, BERTweet"
UgwB_r1ODWyI5XxbFb94AaABAg,НИКАКВИ.......... ',negative,negative,neutral,negative,0.8,negative,1.0,5,negative,2,False,4,0.8,True,True,False,True,True,BERTweet
UgwXF0NI3i78QF4MrLp4AaABAg,от всички бугари Вето за северните еничари,neutral,positive,neutral,negative,0.8,negative,0.95,5,,3,False,0,0.0,False,False,False,False,False,
UgwS08RR6RkN9QbWbex4AaABAg,Пепел за Предавниците. МАкедонија на МАкедонците! Пепел Северѓанците!,negative,positive,neutral,negative,0.8,negative,1.0,5,negative,3,False,3,0.6,True,False,False,True,True,"NLPTown, BERTweet"
Ugw2tf-dzkWHOyvs_8p4AaABAg,Од денес добивте уште еден симпатизер на родина,positive,positive,neutral,positive,0.85,negative,0.95,5,positive,3,False,3,0.6,True,True,False,True,False,"BERTweet, Llama"
Ugy5Gek5KnVEFXZRLuZ4AaABAg,лајк кој го гледа ова во 2019та :Д,positive,positive,neutral,positive,0.85,positive,0.95,5,positive,2,False,4,0.8,True,True,False,True,True,BERTweet
UgzE-NqqIksrh6u1tKl4AaABAg,Те сакам Мајко Македонијо,positive,positive,neutral,positive,0.85,positive,0.95,5,positive,2,False,4,0.8,True,True,False,True,True,BERTweet
UgzIQqWVPJOVq0-Akjl4AaABAg,🔥🔥🔥🔥🔥,positive,positive,neutral,positive,0.98,positive,1.0,5,positive,2,False,4,0.8,True,True,False,True,True,BERTweet
UgyywgsaHYpiga740uV4AaABAg,ЗИВОТНО !!!!!!!!!!!!!!!!!!!!!,positive,negative,neutral,negative,0.8,negative,1.0,5,negative,3,False,3,0.6,False,True,False,True,True,"CardiffNLP, BERTweet"
UgyjgX3BW5pyrvsNCVJ4AaABAg,Република Античка Макрдонија!,neutral,positive,neutral,positive,0.85,positive,0.95,5,positive,2,False,3,0.6,False,True,False,True,True,"CardiffNLP, BERTweet"
UgyrwYlCtLsj3KIDzWh4AaABAg,Македонскиот е грчки <УРЛ>,neutral,negative,neutral,negative,0.8,negative,0.95,5,negative,2,False,3,0.6,False,True,False,True,True,"CardiffNLP, BERTweet"
UgyM9-OAC-xJM0xYRwt4AaABAg,браво антонио цар си,positive,positive,neutral,positive,0.85,positive,0.95,5,positive,2,False,4,0.8,True,True,False,True,True,BERTweet
Ugy7CGIZIiZvEzz55tl4AaABAg,Лошо за македонската пропаганда.Лошо за Вучич,negative,negative,neutral,negative,0.8,negative,1.0,5,negative,2,False,4,0.8,True,True,False,True,True,BERTweet
Ugzu2QVQKxLTJeduQwt4AaABAg,Честито ви зелено светло😎😁,positive,positive,neutral,positive,0.95,positive,0.95,5,positive,2,False,4,0.8,True,True,False,True,True,BERTweet
UgzZbT89rJUVk8lnrF54AaABAg,"Ама те предложенијата се изготвјат от ЕС, праштат се до страната членка на ЕС, тоест Балгарија. Страната членка се запознава с предложението и казва на партнорите(савета на ЕС) дали го приема или не. И ако страната членка на ЕС(Балгарија) го приеме, тогава чак се изпрашта до страната кандидат-членка(РСМ). И по принцип кандидат-членките нјамат избор и искат, не искат приемат предложенијата! А предложенијата всаштност са условијата, които страната кандидат-членка трјабва да изпални. Така се водјат и преговорите. Самите преговори представлјават условијата, по които ште се водјат преговорите и по които ште се отварјат и затварјат кластарите…",neutral,negative,neutral,negative,0.5,neutral,0.85,5,neutral,2,False,3,0.6,True,False,True,False,True,"NLPTown, Gemma"
UgyfeN3IDSHiJAdGEkt4AaABAg,Секогас правите по свадба тапани.Затоа не доведовте во оваа состојба.Алооо кога ке се освестите.,negative,negative,neutral,negative,0.8,negative,0.95,5,negative,2,False,4,0.8,True,True,False,True,True,BERTweet
Ugx9eI0KXugt-xAxe7N4AaABAg,"Аз дојдох честитки да ви пратја, а то за саболезнованија ходи работата!!!",neutral,positive,neutral,positive,0.85,positive,0.95,5,positive,2,False,3,0.6,False,True,False,True,True,"CardiffNLP, BERTweet"
Ugx9eI0KXugt-xAxe7N4AaABAg.9cdbzylu_Rg9chdtwlLiSe,како дојде така и ќе отидеш бидејќи нема тука гостин а се прави чалам. Ајде сиктер,neutral,negative,neutral,negative,0.8,negative,0.95,5,negative,2,False,3,0.6,False,True,False,True,True,"CardiffNLP, BERTweet"
Ugx2xwIyrCkoiaOe-Nd4AaABAg,"ЕС дори беше много мек и много добар с вас и Ви даваше да видите предложенијата и да помислите над тјах. При другите даржави нјамаше такова нешто! Директно праштаха листи с условијата, които ТРЈАБВА да изпалниш! Трудни, лесни, дори и невазможни,длажен си да ги изпалниш. Дори и едно от условијата, тоест дори и едно от изреченијата, които са написани на листа ако не изпалниш, крај, преговорите спират. Разширението на ЕС се случва, а ти оставаш изван него…",positive,positive,neutral,negative,0.5,negative,0.83,5,,3,False,0,0.0,False,False,False,False,False,
UgwIYIHqMOXcudTq6_14AaABAg,Добро дошли во ГОЛЕМА БАЛГАРИЈА 🇧🇬🇧🇬🇧🇬,positive,positive,neutral,positive,0.85,positive,0.95,5,positive,2,False,4,0.8,True,True,False,True,True,BERTweet
UgwIYIHqMOXcudTq6_14AaABAg.9ceeJsIDS759chdzyoRI5b,Добро дојде кај нас братко повели за две червени ;),positive,positive,neutral,negative,0.8,positive,0.95,5,positive,3,False,3,0.6,True,True,False,False,True,"BERTweet, Gemma"
UgwIYIHqMOXcudTq6_14AaABAg.9ceeJsIDS759chiUkg9cJJ,"<УСЕР> Ха,ха,ха Отроден, кажи нешто ново!",neutral,negative,neutral,negative,0.8,negative,0.95,5,negative,2,False,3,0.6,False,True,False,True,True,"CardiffNLP, BERTweet"
UgwIYIHqMOXcudTq6_14AaABAg.9ceeJsIDS759chioNIK_tg,"<УСЕР> зошто бе и ова е ново, не се лути 😀😉",positive,positive,neutral,positive,0.85,positive,0.85,5,positive,2,False,4,0.8,True,True,False,True,True,BERTweet
UgwIYIHqMOXcudTq6_14AaABAg.9ceeJsIDS759chj1HtO5hw,"<УСЕР> нека не те боли вистината, како кажувате според вас само вие кажувате вистина а другите се одродени и испрани мозоци",negative,negative,neutral,negative,0.8,negative,0.95,5,negative,2,False,4,0.8,True,True,False,True,True,BERTweet
UgwIYIHqMOXcudTq6_14AaABAg.9ceeJsIDS759chjczeJicS,<УСЕР> Никогаш не се лутим на Отроден Блгарин само дека ми е жал за него!,negative,negative,neutral,negative,0.8,positive,0.95,5,negative,3,False,3,0.6,True,True,False,True,False,"BERTweet, Llama"
UgwIYIHqMOXcudTq6_14AaABAg.9ceeJsIDS759chjpWp7VKa,<УСЕР> Не други само вие ! <УРЛ>,neutral,negative,neutral,negative,0.8,negative,0.95,5,negative,2,False,3,0.6,False,True,False,True,True,"CardiffNLP, BERTweet"
UgwIYIHqMOXcudTq6_14AaABAg.9ceeJsIDS759chlNLexMcD,<УСЕР> Немој молим те ксД,neutral,negative,neutral,neutral,0.85,negative,1.0,5,neutral,2,False,3,0.6,True,False,True,True,False,"NLPTown, Llama"
UgwIYIHqMOXcudTq6_14AaABAg.9ceeJsIDS759chlR_Jedo7,<УСЕР> Јас сум МАКЕДОНЕЦ,neutral,negative,neutral,neutral,0.8,positive,0.95,5,neutral,3,False,3,0.6,True,False,True,True,False,"NLPTown, Llama"
UgwIYIHqMOXcudTq6_14AaABAg.9ceeJsIDS759chmJXb2fVr,<УСЕР> Антички или от1945 г?,neutral,negative,neutral,neutral,0.68,neutral,0.85,5,neutral,2,False,4,0.8,True,False,True,True,True,NLPTown
UgxLj8y5nr9ENnFDTF14AaABAg,Името Македонија назад,neutral,negative,neutral,negative,0.7,negative,0.95,5,negative,2,False,3,0.6,False,True,False,True,True,"CardiffNLP, BERTweet"
UgxLj8y5nr9ENnFDTF14AaABAg.9cdjlQ30-yU9che7fumVhS,Името Македонија свето,positive,positive,neutral,positive,0.85,positive,0.95,5,positive,2,False,4,0.8,True,True,False,True,True,BERTweet
UgxLj8y5nr9ENnFDTF14AaABAg.9cdjlQ30-yU9chiKittXJw,<УСЕР> Македонија само како геогрфски појм!,neutral,negative,neutral,neutral,0.8,neutral,1.0,5,neutral,2,False,4,0.8,True,False,True,True,True,NLPTown
UgxLj8y5nr9ENnFDTF14AaABAg.9cdjlQ30-yU9chj93ynfil,"<УСЕР> научи прво да пишуваш литературно македонски јазик, па после коментирај кажи свое мислење, ете.",neutral,negative,neutral,negative,0.7,neutral,0.85,5,neutral,2,False,3,0.6,True,False,True,False,True,"NLPTown, Gemma"
UgxYLU6DnjpwV_ZkvOx4AaABAg,Ако чаката промени в ЕУ за това което предлага Фондер Лајно да не може една страна да налага вето ште има да чакате 🤣 заштото за да се гласува това в ЕУ трјабва да се гласува единодушно 🤣а ние ште сме против и не само ние .🇧🇬🇧🇬🇧🇬,negative,negative,neutral,negative,0.5,negative,0.95,5,negative,2,False,4,0.8,True,True,False,True,True,BERTweet
UgxYLU6DnjpwV_ZkvOx4AaABAg.9ceg_6DlyVC9chdwL2GXRR,.л.,neutral,positive,neutral,neutral,0.9,neutral,1.0,5,neutral,2,False,4,0.8,True,False,True,True,True,NLPTown
Ugz9FaiVMeQi5NitDPl4AaABAg,💼 5000💣,neutral,positive,neutral,negative,0.85,negative,1.0,5,,3,False,0,0.0,False,False,False,False,False,
UgzDz3LUKlTud1rlTSl4AaABAg,😅,neutral,positive,neutral,neutral,0.74,positive,0.95,5,neutral,2,False,3,0.6,True,False,True,True,False,"NLPTown, Llama"
UgwGuqeWjK2muqaX8lB4AaABAg,М книн,neutral,positive,neutral,neutral,0.7,negative,1.0,5,neutral,3,False,3,0.6,True,False,True,True,False,"NLPTown, Llama"
UgwqiKECpp1q-pfg6d14AaABAg,"Северна Македонија - единствената страна, блокирана за ЕС от три различни даржави (Гарција, Франција, Балгарија).",negative,negative,neutral,negative,0.7,negative,0.95,5,negative,2,False,4,0.8,True,True,False,True,True,BERTweet
UgwqiKECpp1q-pfg6d14AaABAg.9cdmkskRnkG9d0s8Vit4VY,цаоо еур подобро зивееме од сите вас аконесме во еу ние бевме во еу преди 30 години овае талслива еу .,neutral,negative,neutral,positive,0.85,negative,0.94,5,,3,False,0,0.0,False,False,False,False,False,
UgwPg4bGMWBbhLL-a2B4AaABAg,Овај од СДСМ лазе!!!,neutral,negative,neutral,negative,0.8,negative,1.0,5,negative,2,False,3,0.6,False,True,False,True,True,"CardiffNLP, BERTweet"
UgwPg4bGMWBbhLL-a2B4AaABAg.9cdHXMBh45A9cdWNz-woiE,Кога не лазат овие од СДС ?,negative,negative,neutral,negative,0.7,negative,0.9,5,negative,2,False,4,0.8,True,True,False,True,True,BERTweet
UgwPg4bGMWBbhLL-a2B4AaABAg.9cdHXMBh45A9cecYn1GIKr,они античките от ДПМН-Валево не лажат 😆😂🤣,neutral,negative,neutral,positive,0.95,negative,1.0,5,,3,False,0,0.0,False,False,False,False,False,
UgyHrd0CUW18gsw7gul4AaABAg,Браво ДПМНЕ!!!,positive,positive,neutral,positive,0.95,positive,0.95,5,positive,2,False,4,0.8,True,True,False,True,True,BERTweet
UgyTgzcUNOm-8LEzmxJ4AaABAg,"ова сме ние,ова е Македонскиот Народ",neutral,positive,neutral,positive,0.85,positive,0.95,5,positive,2,False,3,0.6,False,True,False,True,True,"CardiffNLP, BERTweet"
UgwJs2gyrSOk0k3FJ2J4AaABAg,Да зивее Македонија и македонскиот народ смарт за издајниците.,positive,positive,neutral,negative,0.8,negative,0.95,5,,3,False,0,0.0,False,False,False,False,False,
UgzDsm0wiTuTs8MvZZ54AaABAg,👹,neutral,positive,neutral,negative,0.8,negative,1.0,5,,3,False,0,0.0,False,False,False,False,False,
UgxGlAoWcU_bVe_RKM94AaABAg,Што сте жалосно вие северни македонци,negative,negative,neutral,negative,0.8,negative,1.0,5,negative,2,False,4,0.8,True,True,False,True,True,BERTweet
UgxGlAoWcU_bVe_RKM94AaABAg.8q2d7eRfROy8q9nUNFQIiR,"Ти подобро е да сутис ,оти вие појма немате Сто ве цека заедно со предавниците нади , синови изроди , сто це продадоа за пари ! Твојата омраза нема да те спаци ! Македонија е моето љубов !",negative,positive,neutral,negative,0.85,negative,0.95,5,negative,3,False,3,0.6,True,False,False,True,True,"NLPTown, BERTweet"
Ugyy0zagXOD58XggJ9B4AaABAg,"Жената го рече , да са живи и здрави .",neutral,positive,neutral,positive,0.85,positive,0.95,5,positive,2,False,3,0.6,False,True,False,True,True,"CardiffNLP, BERTweet"
Ugz86yVc9LnGX4O63Ip4AaABAg,"...""МЕДРАНО""...циркус....👎",negative,neutral,neutral,negative,0.8,negative,0.95,5,negative,2,False,3,0.6,True,False,False,True,True,"NLPTown, BERTweet"
UgxmdkyDR1cg-Q8Du4t4AaABAg,Сала на сала ке влези на еу,neutral,positive,neutral,negative,0.8,negative,0.95,5,,3,False,0,0.0,False,False,False,False,False,
UgxmdkyDR1cg-Q8Du4t4AaABAg.8wCdh7JB6zT9APJa_OShUZ,Само подлабоко да им биде😂,neutral,neutral,neutral,negative,0.8,negative,0.95,5,neutral,2,False,3,0.6,True,True,True,False,False,"Gemma, Llama"
Ugwq4LzQpQSU0Jj39m54AaABAg,суцвото е повеке коруптирано од порано,negative,negative,neutral,negative,0.85,negative,0.95,5,negative,2,False,4,0.8,True,True,False,True,True,BERTweet
UgyDOC1PYlX66A64v9J4AaABAg,"Таа Мрѓа нешто не е во ред со главата !!!!! Мава со раце како ""Вентилатор"" и ги врти очите",negative,negative,neutral,negative,0.8,negative,0.95,5,negative,2,False,4,0.8,True,True,False,True,True,BERTweet
UgwwEV6nT62AaQU02Ch4AaABAg,Македонците највисе го сакат ПУТИН ЦЕКАМЕ ОД РУСИЈА ДÁ И ПОМОГНЕ НА МАКЕДОНИЈА,neutral,negative,neutral,negative,0.8,negative,0.95,5,negative,2,False,3,0.6,False,True,False,True,True,"CardiffNLP, BERTweet"
UgxF7mXRTyHW1LfxSfF4AaABAg,Ке ја тразите вие Русија но касно ке ви биде запамтете.,negative,negative,neutral,negative,0.8,negative,0.95,5,negative,2,False,4,0.8,True,True,False,True,True,BERTweet
UgznYwwikPFgSO09wxh4AaABAg,Едвај чекам да биде премиер Амар,neutral,negative,neutral,positive,0.85,positive,0.95,5,,3,False,0,0.0,False,False,False,False,False,
Ugy84muGASJSCQ-dJeB4AaABAg,"Бактисавте сите, на сите, глумите кој од кој е поголем циркузант, за залејне сте сите",negative,negative,neutral,negative,0.8,negative,0.95,5,negative,2,False,4,0.8,True,True,False,True,True,BERTweet
UgxIStzpIpF3IdYra6R4AaABAg,"Балгарскијат президент беше пределно јасен по вапроса. ""Отмјаната на ветото не зависи от време, а от резултати"" Балгарија зајави зашто е това вето и какво трјабва да направи Сев. Македонија за да падне. Всичко зависи от Северна Македонија, ние не искаме ништо повече от истината. Не искаме да правим никого балгарин, но искаме балгари от миналото, вазрожденци, царе, војводи, револјуционери и т.н. да си останат балгари. Ако нјакој в Сев.Македонија си мисли, че ние ште се откажем от собствената си историја, за да може нјакој да си прави факе идентичност жестоко се лаже, това нјама да стане никога. Всеки балгарски политик позволил си да направи подобно предателство кам Балгарија , ште баде пометен он народа.",neutral,negative,neutral,negative,0.8,negative,0.94,5,negative,2,False,3,0.6,False,True,False,True,True,"CardiffNLP, BERTweet"
UgxAFq1yqJ9oRSJT9XB4AaABAg,👏👏👏,positive,positive,neutral,positive,0.98,positive,0.99,5,positive,2,False,4,0.8,True,True,False,True,True,BERTweet
Ugz_Qvs9sf7-3Apo4z14AaABAg,тнкс 🍻,neutral,positive,neutral,positive,0.98,positive,0.95,5,positive,2,False,3,0.6,False,True,False,True,True,"CardiffNLP, BERTweet"
Ugx_G7QeUTiKjASAQSt4AaABAg,Гемидзија да инвестираме несто ситно во нафта нели е паметно ?,negative,negative,neutral,negative,0.8,negative,0.8,5,negative,2,False,4,0.8,True,True,False,True,True,BERTweet
Ugx_G7QeUTiKjASAQSt4AaABAg.AJakXKIFbzHAK1RFDAJ7wC,"Вака ретросппективно ... тоа што го велевме, како брзо почна така брзо може да заврши - затоа и не ризикуваме излез од позиции и инвестирање во ризични позиции како нафта",neutral,neutral,neutral,negative,0.8,negative,0.75,5,neutral,2,False,3,0.6,True,True,True,False,False,"Gemma, Llama"
UgwOUcyFbWqY3KESI2R4AaABAg,"Северномакедонскијат е диалект на балгарскија език, толкова е лесно за разбиране = Северномакедонскиот е дијалект на бугарскиот јазик, тоа е толку лесно за разбирање.",neutral,neutral,neutral,negative,0.8,negative,0.9,5,neutral,2,False,3,0.6,True,True,True,False,False,"Gemma, Llama"
Ugzt4LeY-0H_l-ZxUWp4AaABAg,Тоцно така!,neutral,positive,neutral,positive,0.85,positive,0.95,5,positive,2,False,3,0.6,False,True,False,True,True,"CardiffNLP, BERTweet"
Ugzxuh6L-MsypEJ5rY94AaABAg,Огромна подрска имате,negative,positive,neutral,positive,0.95,negative,1.0,5,,3,False,0,0.0,False,False,False,False,False,
UgwJCR5HJ0u18L22FRF4AaABAg,Амин,positive,neutral,neutral,neutral,0.74,positive,0.95,5,neutral,2,False,3,0.6,False,True,True,True,False,"CardiffNLP, Llama"
UgxBeGueO-GgK18eadp4AaABAg,"Браво Апасиев ! Како и секогаш , така и сега секој твој збор , реченица ти е на место .. Ја имаш подршката од народот која што секојдневно расте .",positive,positive,neutral,positive,0.85,positive,0.95,5,positive,2,False,4,0.8,True,True,False,True,True,BERTweet
Ugyy3OtAqR6r08FUDH14AaABAg,Само Левица да зивее Апасиев,neutral,negative,neutral,negative,0.7,negative,0.95,5,negative,2,False,3,0.6,False,True,False,True,True,"CardiffNLP, BERTweet"
UgzQhUSgO2WyhA0taqZ4AaABAg,требасе Македонија да ја крстат РЕПУБЛИКА ВЕТО,neutral,negative,neutral,negative,0.8,negative,0.95,5,negative,2,False,3,0.6,False,True,False,True,True,"CardiffNLP, BERTweet"
UgxXhfBNbWU-TAepRrh4AaABAg,Поздрав до левица и резулуцијата што сите заедно е прифатено од Македонија ☀️☀️☀️ сонце вечно ќе грее поздрав Битола,positive,positive,neutral,positive,0.85,positive,0.95,5,positive,2,False,4,0.8,True,True,False,True,True,BERTweet
Ugzz4e7TZuDIJlN7N6Z4AaABAg,Заев каза за јазикот и идентитетот нема да се преговара,neutral,neutral,neutral,negative,0.8,negative,0.95,5,neutral,2,False,3,0.6,True,True,True,False,False,"Gemma, Llama"
Ugzz4e7TZuDIJlN7N6Z4AaABAg.9QWIIwf1FfM9R4m3NuIvq2,Заев ќе ја сотре Македонија. Со неговото темпо албанец ќе биде прецедател кај и да е само да добие гласови,neutral,neutral,neutral,negative,0.8,negative,0.95,5,neutral,2,False,3,0.6,True,True,True,False,False,"Gemma, Llama"
UgyfbYXbRlC_8qqOAcl4AaABAg,Браво Професоре Апасиев добро Мј казувас дека пиринска е кај Бугарите.,positive,positive,neutral,positive,0.85,positive,0.95,5,positive,2,False,4,0.8,True,True,False,True,True,BERTweet
UgyfbYXbRlC_8qqOAcl4AaABAg.9QPqWVtPSLc9T81h-uNeox,"Македонци НЕМА! Има ТИТОВИ Македонци, по новому СЕВЕРНОМАКЕДОНЦИ.",negative,negative,neutral,negative,0.8,negative,0.95,5,negative,2,False,4,0.8,True,True,False,True,True,BERTweet
UgxSGyksrN7o5b3zL4R4AaABAg,Не бе немало да не блокираат црвите никако хахаха петокпакашка работа,negative,negative,neutral,negative,0.8,negative,0.94,5,negative,2,False,4,0.8,True,True,False,True,True,BERTweet
UgxSGyksrN7o5b3zL4R4AaABAg.9QPfiSNemaH9QUnx50Z_TZ,"Таа „петокрашка работа„, петокраката, ќе ја сонуваме- кој е свесен !!!! СФ/СН",neutral,positive,neutral,negative,0.8,negative,0.94,5,,3,False,0,0.0,False,False,False,False,False,
UgxSGyksrN7o5b3zL4R4AaABAg.9QPfiSNemaH9QXFHcUs9ox,<УСЕР> тој што сонува петокраки за Македонија од сон да не се разбуди.,negative,negative,neutral,negative,0.8,negative,0.95,5,negative,2,False,4,0.8,True,True,False,True,True,BERTweet
UgxBiG9FIQvr47BJcYR4AaABAg,"Уште еднаш мора да разјасниме дека никој во Бугарија никогаш не го оспорил правото на луѓето во Северна Македонија да се нарекуваат себеси како што сакаат и, соодветно, да го идентификуваат својот јазик на ист начин. Сепак, правото на самоопределување им припаѓа на живите. Никој не им дава за право да го менуваат декларираниот идентитет на мртвите, кои дванаесет века се дефинираат како балгари: Битолската плоча на цар Јован Владислав од 1015 година, изложена во музејот во Битола, во која внукот на Самуил се нарекува „бугарски автократ“ и „бугарски роден“, кој ја обновил битолската тврдина“ за прибежиште и спасение и за животот на Бугарите“. <УРЛ> Друг неоспорен факт е постојното барање на Никола Делчев, татко на Гоце Делчев, до Националното собрание на Балгарија (24.06.1914) за доделување пензија: <УРЛ> Или писмо од Гоце Делчев до Никола Малешевски (5/1/1899), напишано на литературен бугарски јазик: „Жално е, но што да правиме кога си сме бугари и сите страдаме од една иста болест!“ (<УРЛ> Овде можете да видите етничкиот состав на населението може лесно да се види во турските регистри за наплата на данок. <УРЛ> <УРЛ>",negative,negative,neutral,negative,0.8,negative,0.94,5,negative,2,False,4,0.8,True,True,False,True,True,BERTweet
UgxBiG9FIQvr47BJcYR4AaABAg.9QPy_vxLuRV9QQ3i7NQo9K,"Брат ти си болен. Имаш коментирано на секое видео кое е на македонско јазик со иста или слична порака. Дали воопшто имаш ли живот? Излези малце, види го реалниот свет.",negative,negative,neutral,negative,0.8,negative,0.95,5,negative,2,False,4,0.8,True,True,False,True,True,BERTweet
UgxBiG9FIQvr47BJcYR4AaABAg.9QPy_vxLuRV9T9CSfNUJiL,"<УСЕР> Усер Да прочитавте повеќе, ќе го знаевте тоа од 200 илјади жители на византиска територија на денешна Северна Македонија (во седмиот век), 70 илјади (повеќе од една третина) беа Бугарите на Кубер. Можете да го прочитате овде: ""Средновековни градови и тврдини во Македонија"", Иван Микулчиќ - ИИИ. 2. Обновување на византиската управа во Македонија (бидејќи ЈоуТубе ја брише врската, напишете го насловот во пребарувачот). Откако ќе го прочиташ, размисли дали не си 1/3 протобугарин и две трети чист балгарин (ако ти се допаѓа повеќе монгол-татар, добро). Бу-ха-ха! Затоа треба да се читаат историски извори, а не современи толкувања на српските шовинисти.",neutral,negative,neutral,negative,0.5,negative,0.93,5,negative,2,False,3,0.6,False,True,False,True,True,"CardiffNLP, BERTweet"
UgyQJNrTUWFDlY2Wyxh4AaABAg,едвај чекам да победиме на избори професоре,positive,neutral,neutral,positive,0.85,positive,0.95,5,positive,2,False,3,0.6,True,False,False,True,True,"NLPTown, BERTweet"
UgwPatIJmS8lDOaWont4AaABAg,ТОЦНО ТАКА.,neutral,neutral,neutral,neutral,0.74,negative,0.9,5,neutral,2,False,4,0.8,True,True,True,True,False,Llama
Ugwb4VJbtWfvV8ByPBN4AaABAg,РЕЦОГНИТИОН НОВ ФОР ТХЕ МАЦЕДОНИАНС ОФ БУЛГАРИА !!!!!!!!,neutral,positive,neutral,negative,0.8,negative,1.0,5,,3,False,0,0.0,False,False,False,False,False,
UgxHYWi4l8IP2NbF62p4AaABAg,Во свое време Черчил е изјавил покрај другото - Бугарија и Грција нема да дозволат самостална држава. Колку е бил во право времето покажува.,neutral,negative,neutral,negative,0.75,negative,0.8,5,negative,2,False,3,0.6,False,True,False,True,True,"CardiffNLP, BERTweet"
UgxHYWi4l8IP2NbF62p4AaABAg.9QVn2HDhDhH9T81dQ_qdwi,"Македонци НЕМА! Има ТИТОВИ Македонци, по новому СЕВЕРНОМАКЕДОНЦИ.",negative,negative,neutral,negative,0.8,negative,0.95,5,negative,2,False,4,0.8,True,True,False,True,True,BERTweet
Ugx4EjrXmw11Viq350x4AaABAg,"Македонци НЕМА! Има ТИТОВИ Македонци, по новому СЕВЕРНОМАКЕДОНЦИ.",negative,negative,neutral,negative,0.8,negative,0.95,5,negative,2,False,4,0.8,True,True,False,True,True,BERTweet
Ugx4EjrXmw11Viq350x4AaABAg.9QP5EpxFEbL9QQKkNjDftY,Јади измет,negative,neutral,neutral,neutral,0.85,negative,1.0,5,neutral,2,False,3,0.6,False,True,True,True,False,"CardiffNLP, Llama"
UgzrmAhxeAe4jU5kOvp4AaABAg,"интересно,за мене проф.апасиев е македонскиот шешељ,знаеме како шешељ се бореше со хашкиот трибунал во лична и во поза на правдината.малце чудна паралела,двајцата се добро ""потковани"" и претерано вулгарни,мозеби и тоа пали",negative,neutral,neutral,negative,0.7,negative,0.95,5,negative,2,False,3,0.6,True,False,False,True,True,"NLPTown, BERTweet"
UgzrmAhxeAe4jU5kOvp4AaABAg.9QQXSxIMvJe9QRN-1e1Du2,"во сто е претерано вулгарн Апасиев ? го споредувас со сировината Сесељ !!!??? единствено сто пали кај Апасиев е тоа сто тој ја казува вистината директно во лице , без да става розеви оцила а изгледа дека ти не си навикнат некој да ти казе вистина , поарно вие ( ти е ) 30 години тие од СДСМ и ДПМНЕ да те лазат дека демек само сто не сме влегле во ЕУ , дека сме најдобри , бла-бла-бла !",negative,negative,neutral,negative,0.8,negative,0.93,5,negative,2,False,4,0.8,True,True,False,True,True,BERTweet
UgyzygK3NBezxWF9QtZ4AaABAg,Нема Албанија нас вета да ни тура!!!!!!!!!!,negative,negative,neutral,negative,0.8,negative,0.95,5,negative,2,False,4,0.8,True,True,False,True,True,BERTweet
UgyzygK3NBezxWF9QtZ4AaABAg.9QNzwn-7X6B9QWGGY7rodY,Зиези Тхе Фирст Ке видиме,neutral,neutral,neutral,neutral,0.7,negative,0.95,5,neutral,2,False,4,0.8,True,True,True,True,False,Llama
UgyzygK3NBezxWF9QtZ4AaABAg.9QNzwn-7X6B9QWGHVNyDza,Лове Трутх Не би рекол,neutral,negative,neutral,negative,0.7,negative,0.94,5,negative,2,False,3,0.6,False,True,False,True,True,"CardiffNLP, BERTweet"
UgyzygK3NBezxWF9QtZ4AaABAg.9QNzwn-7X6B9QWGwgwmI5r,Зиези Тхе Фирст племе татарско сакате од други дрзави историја да крадите,negative,positive,neutral,negative,0.8,negative,0.95,5,negative,3,False,3,0.6,True,False,False,True,True,"NLPTown, BERTweet"
UgyzygK3NBezxWF9QtZ4AaABAg.9QNzwn-7X6B9QWH-RY5ohb,Лове Трутх Не е севернистан туку Македонија ако не си ја сакас македонија тогас оди на друго место сипцу еден,negative,negative,neutral,negative,0.8,negative,0.95,5,negative,2,False,4,0.8,True,True,False,True,True,BERTweet
UgyzygK3NBezxWF9QtZ4AaABAg.9QNzwn-7X6B9QWIz1GgiRy,Зиези Тхе Фирст ке ве стрелат кога апасиев ке дојде на власт,negative,negative,neutral,negative,0.8,negative,1.0,5,negative,2,False,4,0.8,True,True,False,True,True,BERTweet
UgyzygK3NBezxWF9QtZ4AaABAg.9QNzwn-7X6B9QWWcyt2-Af,Зиези Тхе Фирст Ке горите кога ке ве гаѓа руската флота,neutral,negative,neutral,negative,0.8,negative,0.95,5,negative,2,False,3,0.6,False,True,False,True,True,"CardiffNLP, BERTweet"
UgxbkAI3kL-JFBr86gd4AaABAg,Србија не ни ја признава црквата така да и таа доколку влезе пред нас во еу ке ни даде вето а ке влезе така да спремајте се зајко и компанија хехе.....,negative,negative,neutral,negative,0.8,negative,0.95,5,negative,2,False,4,0.8,True,True,False,True,True,BERTweet
UgxbkAI3kL-JFBr86gd4AaABAg.9QOIqQ5Ciff9QPsb4SDyRq,"Вуциц нема да ја признае Косово Еид Рама го натераа да зборува Со него, тој Реце нема да зборувам тој нема да го признае Косово, нема да се Договараме Со него Тој нема да оди повеке Таму тој е добар немие ГАЈЛЕ Од некој Срби сто зборуваат тие Од Сдсс сакаја да го нападнат Вуциц исто Како овие насите.",negative,negative,neutral,negative,0.8,negative,0.97,5,negative,2,False,4,0.8,True,True,False,True,True,BERTweet
UgxjJ8VAa4Wvhh8vR9t4AaABAg,"Ќе потпишат дека сме бугари и завршена работа. Реално колку подолго се на власт, толку повеќе ќе не шиткаат преку слични договори како преспанскиот. Од друга страна па, си направија такви бизниси на кои и Безос би им позавидел. Од легализирање на масло од канабис, до ненормално зголемување на цените на производите. Странски инвестиции прштат на сите страни, а се знае каде идат парите. Се гради како да сме Блиски Исток, зграда на секој чекор. Комуналиите прескапи, горивата само поскапуваат, а се друго тапка во место. Само гледаме како да избегаме од земјава, а и реално не постојат многу причини за останување.",negative,negative,neutral,negative,0.5,negative,0.83,5,negative,2,False,4,0.8,True,True,False,True,True,BERTweet
UgxjJ8VAa4Wvhh8vR9t4AaABAg.9QOHFGgC4Gv9QOYzO5LDs0,"Лове Трутх Се селат другар и тоа како. И јас живеев надвор од државава неколку години и пак би отишол надвор, ако ништо не се смени. Само Левица може да ги смени работите во земјава и затоа сум голем оптимист. Живееме во општество во кое образованите и паметни луѓе седат дома, а татини и мамини синчиња држат бизниси. Во држава во која криминалот цвета и никој не се замара со тоа.",negative,positive,neutral,positive,0.7879,positive,0.85,5,positive,3,False,3,0.6,False,True,False,True,True,"CardiffNLP, BERTweet"
UgxjJ8VAa4Wvhh8vR9t4AaABAg.9QOHFGgC4Gv9QOf1YT7fCM,<УСЕР> Се ќе се среди штом Таљатче и Зајче завршат у Шутка за велпередавство и криминал. Такви апаши ретко се раѓаат.,negative,negative,neutral,negative,0.8,negative,0.95,5,negative,2,False,4,0.8,True,True,False,True,True,BERTweet
UgxjJ8VAa4Wvhh8vR9t4AaABAg.9QOHFGgC4Gv9QOfJUR2zYK,"Лове Трутх Да, се сложувам со тебе. Ти алудираш на неквалификувана работна сила. Ама, тоа не се однесува само на малцинствата, зошто и кај нас има многу такви што сакаат да излезат ама не можат од слични причини. Факт е дека во последниве 2 децении многу луѓе се иселија од земјава, и тоа не само млади, туку и цели фамилии.",negative,negative,neutral,positive,0.78,neutral,0.85,5,,3,False,0,0.0,False,False,False,False,False,
UgxjJ8VAa4Wvhh8vR9t4AaABAg.9QOHFGgC4Gv9QOfb7fDvvH,"<УСЕР> Да се само они добро е. Ако овие можеа да испоапсат толку луѓе, Левица ќе има основа за апсење на 10 пати повеќе луѓе.",neutral,negative,neutral,positive,0.85,negative,0.8,5,,3,False,0,0.0,False,False,False,False,False,
UgxjJ8VAa4Wvhh8vR9t4AaABAg.9QOHFGgC4Gv9QY18zh-h1q,"Зиези Тхе Фирст Ами блгарите се цигани, а ние не сме цигани.",negative,negative,neutral,negative,0.8,negative,1.0,5,negative,2,False,4,0.8,True,True,False,True,True,BERTweet
Ugwa-NXnKOZrg-zz_LN4AaABAg,"Г-не Апасиев, дојдете во Пиринско, па најдете барем еден ""етнички македонец""... Не малцинство, барем еден! А што зборуваш за евентуелно ВЕТО од Албанија, кога она веке ке биде во ЕУ, вето нема да има, зошто веке ке бидете дел од целокупна Албанија во ЕУ... Не ви е срам! Мајкупредавници !",negative,negative,neutral,negative,0.8,negative,0.95,5,negative,2,False,4,0.8,True,True,False,True,True,BERTweet
Ugwa-NXnKOZrg-zz_LN4AaABAg.9QScJfhmjFT9QSgrbzyuQa,"Зусто само еден ти треба, па има една цела организација и се вика ОМО ИЛИНДЕН од Пиринска Македонија. Знацењето на втората буква „М“ мислам не треба да ти го објаснувам.",neutral,negative,neutral,negative,0.8,negative,0.94,5,negative,2,False,3,0.6,False,True,False,True,True,"CardiffNLP, BERTweet"
Ugwa-NXnKOZrg-zz_LN4AaABAg.9QScJfhmjFT9QSjhIifw1o,"<УСЕР>-бм3пкс Тие се психиатриски случаи, кои се освидетелствани отдамна. 8 (Осум) се на број , еден мај умре, Бог да го прости, ама има уште 7(седум)...",negative,negative,neutral,negative,0.8,negative,0.94,5,negative,2,False,4,0.8,True,True,False,True,True,BERTweet
Ugwa-NXnKOZrg-zz_LN4AaABAg.9QScJfhmjFT9QSlODP3mCr,<УСЕР> па ти знаес да броис?… Цеститки. Па зарем не ти требасе барем еден ентицки Македонец од Пирин.,negative,negative,neutral,negative,0.8,negative,0.94,5,negative,2,False,4,0.8,True,True,False,True,True,BERTweet
Ugwa-NXnKOZrg-zz_LN4AaABAg.9QScJfhmjFT9QTHj18ad_c,"<УСЕР>-бм3пкс Не. Не ми е потребен. Зошто таков немам чуено да има... А ти, Коле, каква азбука користиш, зошто не разбирам...",negative,negative,neutral,negative,0.8,negative,0.94,5,negative,2,False,4,0.8,True,True,False,True,True,BERTweet
Ugwa-NXnKOZrg-zz_LN4AaABAg.9QScJfhmjFT9QTe2ff2f2w,"<УСЕР> лелеее,… абе вие сте ептен неписмени кога некој треба да ви казе дека азбукава е на латиница.",negative,negative,neutral,negative,0.8,negative,0.95,5,negative,2,False,4,0.8,True,True,False,True,True,BERTweet
Ugwa-NXnKOZrg-zz_LN4AaABAg.9QScJfhmjFT9QXdbK32UmW,"<УСЕР>-бм3пкс .... ти знаеш ли, какво е това - ""сарказам"" ..... ?",neutral,negative,neutral,negative,0.7,neutral,0.85,5,neutral,2,False,3,0.6,True,False,True,False,True,"NLPTown, Gemma"
Ugwa-NXnKOZrg-zz_LN4AaABAg.9QScJfhmjFT9QXe4aAu5JS,<УСЕР> какво или каков? … Ај мрш таму у бугарија.,neutral,negative,neutral,negative,0.8,negative,0.94,5,negative,2,False,3,0.6,False,True,False,True,True,"CardiffNLP, BERTweet"
Ugwa-NXnKOZrg-zz_LN4AaABAg.9QScJfhmjFT9QXjthWK6pb,"<УСЕР>-бм3пкс ... парво не сам в Балгарија ... второ, ти наистина не знаеш, какво е това ""сарказам"" - разбира се тој знае, че това е латиница .... просто си направи ""мајтап"" с теб - е това означава ""сарказам"" - да се подиграеш на нјакого .... .... е кој е ""неписмен"" сега .... ? .... в БГ и децата знајат, какво означава ""сарказам"" ... ... Добар ден ...",neutral,negative,neutral,negative,0.8,negative,0.83,5,negative,2,False,3,0.6,False,True,False,True,True,"CardiffNLP, BERTweet"
Ugwa-NXnKOZrg-zz_LN4AaABAg.9QScJfhmjFT9QalOQ8osBC,"<УСЕР> абе Аннј, па и ти ли имас потреба да солис памет, е тогас ај и за тебе…. бујрум. Ај, кази и ти несто за латиницата сто знаес. 😂 … со сарказам ако мозе, оти си баги уцена ко твојот предходник… И цестито пецалба.",negative,negative,neutral,negative,0.8,negative,0.95,5,negative,2,False,4,0.8,True,True,False,True,True,BERTweet
Ugwa-NXnKOZrg-zz_LN4AaABAg.9QScJfhmjFT9QamBNpHL0s,<УСЕР>-бм3пкс ... што не си отвориш една бира и да си пуснеш спортнија канал ... писането не е за теб ... .... Всичко нај-добро ...,neutral,negative,neutral,positive,0.85,positive,0.95,5,,3,False,0,0.0,False,False,False,False,False,
Ugwa-NXnKOZrg-zz_LN4AaABAg.9QScJfhmjFT9QyS8TkiKN5,<УСЕР> абе сиктер таму од кај сто си досла. Каква врска имас ти со нас македонците.,negative,neutral,neutral,negative,0.8,negative,0.94,5,negative,2,False,3,0.6,True,False,False,True,True,"NLPTown, BERTweet"
Ugwa-NXnKOZrg-zz_LN4AaABAg.9QScJfhmjFT9R-TxWQV3OJ,"<УСЕР>-бм3пкс Заради хора с такива просташки маниери, като твоите ... РСМ скоро нјама да влезете в ЕС .... .... Не се ли сешташ, каква ми/ни е ""вразката"" с ""македонците"" ..... ? ... јавно ""мисленето"" не е дејност присашта за теб ... ами ште ти помогна тогава .... От БГ зависи, кога предварителните преговори за присаединјаването на РСМ кам ЕС ште започнат ...",negative,negative,neutral,negative,0.8,negative,0.83,5,negative,2,False,4,0.8,True,True,False,True,True,BERTweet
Ugwa-NXnKOZrg-zz_LN4AaABAg.9QScJfhmjFT9R0BlwRwSNM,"<УСЕР> уфф, море сто ме упласи. Васето вето за европска унија на нас ни е благослов. Само да сме сто подалеку од вас и тоа ни го овозмозивте најпосле. А кој сака од нас македонците да пецали во европа, ке си купи еден бугарски пасос од вас буљасите и бујрум. Гуско една, свати најпосле дека вие бугарите немате никаква врска со нас.",negative,negative,neutral,negative,0.8,negative,0.95,5,negative,2,False,4,0.8,True,True,False,True,True,BERTweet
Ugwa-NXnKOZrg-zz_LN4AaABAg.9QScJfhmjFT9R5vJvbGMO0,<УСЕР>-бм3пкс ... останете си сас здраве в југоблатото ....😅,neutral,positive,neutral,positive,0.85,negative,0.94,5,,3,False,0,0.0,False,False,False,False,False,
Ugwa-NXnKOZrg-zz_LN4AaABAg.9QScJfhmjFT9R62Cx8E_8o,<УСЕР> боље југоблато него у бугарска демократија.,neutral,negative,neutral,negative,0.8,positive,0.95,5,,3,False,0,0.0,False,False,False,False,False,
Ugwa-NXnKOZrg-zz_LN4AaABAg.9QScJfhmjFT9R65dgqUwMr,<УСЕР>-бм3пкс ..... сас здраве ... вие на никого не требвате в Балгарија ...,neutral,negative,neutral,negative,0.8,negative,0.95,5,negative,2,False,3,0.6,False,True,False,True,True,"CardiffNLP, BERTweet"
Ugwa-NXnKOZrg-zz_LN4AaABAg.9QScJfhmjFT9R6eBBgl3zT,<УСЕР> па сто се лепите тогас за нас македонците. Ај мрш таму во васиот прцварник. Ко трипер сте.,negative,negative,neutral,negative,0.8,negative,0.95,5,negative,2,False,4,0.8,True,True,False,True,True,BERTweet
UgzrJiUgA3InHEEQr3F4AaABAg,"Ех, професоре АПАСИЕВ!!! се напинавте, како мало дете кога ке се искака во гактите. Ке сте стопирале закон за државјанство!!! со 800,амандмани.Народов ве поддржува, ве храбри, вие ветувате, и оопппп детето се искака во гактите и тоа без око да му трепне. Нити амандмани поднесовте, нити уста отворивте. Работава/партијава смрди труе, со ова покажавте дека и вие сте ги турнале гактите, или пак сте биле облечени со танга одпорано. КОГА еднаш жената ке ги турне гактите, таа ке ги турка и понатака, таквите жени, народот ги нарекол, ПРОСТИТУТКИ. А пак политичариве денешни воопшто не се разликуваат од ваквите жени, викан проститутки. Со ваквото ваше однесување, докажавте дека и вие одите на баци рака кај калето, или некоја друга ""демократска"" амбасада. Па ве советуваа да не кревате многу прашина околу држављанствата. Изгубивте многу многу гласови со ова, јас бев еден ваш поддржувач, како и многу мои познаници, но сега веќе несне. За жал и вие сте дел од куклениот театар за уништување на Македонија. МАКЕДОНИЈА ВЕЧНА",negative,negative,neutral,negative,0.8,negative,0.95,5,negative,2,False,4,0.8,True,True,False,True,True,BERTweet
UgwC4YnoMq08DX0ONk14AaABAg,Браво профа. со татарофашисти нема преговори,positive,negative,neutral,negative,0.8,negative,0.95,5,negative,3,False,3,0.6,False,True,False,True,True,"CardiffNLP, BERTweet"
UgwC4YnoMq08DX0ONk14AaABAg.9QQnG5Gmc7V9QXodhb1-tq,Зиези Тхе Фирст многу си напишал а ништо не си кажал се исто го вртите како грамафонска плоча . Досадни сте и одкачете се еднаш за секогаш од нас македонците,negative,negative,neutral,negative,0.8,negative,0.95,5,negative,2,False,4,0.8,True,True,False,True,True,BERTweet
UgwC4YnoMq08DX0ONk14AaABAg.9QQnG5Gmc7V9T81jKjUU-y,"Македонци НЕМА! Има ТИТОВИ Македонци, по новому СЕВЕРНОМАКЕДОНЦИ.",negative,negative,neutral,negative,0.8,negative,0.95,5,negative,2,False,4,0.8,True,True,False,True,True,BERTweet
Ugwmz44VYKc44Prswph4AaABAg,"Пуштаме Албанија и Србија напред,а Македонија да чека. Не може у Европската унија да улезнете со чизмите на Сталин. Не спирате да тепате сваки човек дека сам се зове бугарин. Па гледајте шта каже професорот: <УРЛ>",negative,negative,neutral,negative,0.8,negative,0.95,5,negative,2,False,4,0.8,True,True,False,True,True,BERTweet
Ugwmz44VYKc44Prswph4AaABAg.9QO0_YsZDwn9QOKy75FgLF,"Абе мрсул поклонете му се на Сталин што не ве сотре во 2 светска војна.Многу добро знаеш на која страна беше Бугарија.Немој да мислиш дека ако сте ни ставиле вето дека сте нешто посилни,немој да мислиш дека можете Грција да ја имитирате во политиката.Ветото е вашата слабост и страв од реалноста.Јадете гомна дека сме нација создадена од Тито,а претходно забораваш дека вие со таа теза не можете да излезете од канџите на комунизмот,бидејќи е наметната од Тодор Живков.Чао Аспарух кавказки.",negative,negative,neutral,negative,0.8,negative,0.95,5,negative,2,False,4,0.8,True,True,False,True,True,BERTweet
Ugwmz44VYKc44Prswph4AaABAg.9QO0_YsZDwn9QOUQlFx9JK,<УСЕР> Заради такива като теб оште далго ште чакате.,negative,negative,neutral,negative,0.8,negative,0.95,5,negative,2,False,4,0.8,True,True,False,True,True,BERTweet
Ugwmz44VYKc44Prswph4AaABAg.9QO0_YsZDwn9QOWSndc06G,Е*ави јас еу ако Русија застане на наша страна,negative,negative,neutral,positive,0.85,positive,0.95,5,,3,False,0,0.0,False,False,False,False,False,
Ugwmz44VYKc44Prswph4AaABAg.9QO0_YsZDwn9QOXMCN4TKC,Усте малку 10 Тина год и нема појке Европска Униа ке се Вика ЕВРОАБДУЛИСТАН,negative,negative,neutral,negative,0.75,negative,0.95,5,negative,2,False,4,0.8,True,True,False,True,True,BERTweet
Ugwmz44VYKc44Prswph4AaABAg.9QO0_YsZDwn9QOXzNTKUPF,"<УСЕР> и ајдее пака пука, па за една чрвена бугарките хахахха 🤣🤣🤣",neutral,negative,neutral,negative,0.8,negative,0.95,5,negative,2,False,3,0.6,False,True,False,True,True,"CardiffNLP, BERTweet"
Ugwmz44VYKc44Prswph4AaABAg.9QO0_YsZDwn9QOg4RfTbLg,<УРЛ> Абе вие и да сакате ние да влеземе ние не влегувамр во друштвото на фашистите. Македонците се ГОРДИ луѓе. Остај ги Таљат и Заев петоколонашите - ФАШИСТИ кои се ќе продадат само да им се додворат на Германците и Америте нивните работодаватели.,negative,negative,neutral,negative,0.8,negative,0.95,5,negative,2,False,4,0.8,True,True,False,True,True,BERTweet
Ugwmz44VYKc44Prswph4AaABAg.9QO0_YsZDwn9QOgh8xL5JH,"само да сме сто подалеку од бугарите, за нас ветото ни е благослов. 😂😂😂",neutral,positive,neutral,negative,0.8,negative,0.95,5,,3,False,0,0.0,False,False,False,False,False,
Ugwmz44VYKc44Prswph4AaABAg.9QO0_YsZDwn9QOxKjB-_YR,<УРЛ>,neutral,neutral,neutral,neutral,0.7,neutral,0.85,5,neutral,1,True,5,1.0,True,True,True,True,True,
Ugwmz44VYKc44Prswph4AaABAg.9QO0_YsZDwn9QuDLAxWYXv,"<УСЕР> Да чакат бе, много важно. Хахаха",positive,positive,neutral,neutral,0.7,negative,0.94,5,,3,False,0,0.0,False,False,False,False,False,
Ugwmz44VYKc44Prswph4AaABAg.9QO0_YsZDwn9T7s_pbwCkk,<УСЕР> Усер Тука едни титомакедонки бучиме в газа за САМО ЕДНА ЗЕЛЕНА! Хахаха клошарчета😂😂😂,negative,negative,neutral,negative,0.8,negative,0.95,5,negative,2,False,4,0.8,True,True,False,True,True,BERTweet
Ugx6JeOtlED46FuFjWt4AaABAg,Не ми тријте коментарите,negative,negative,neutral,negative,0.7,negative,0.9,5,negative,2,False,4,0.8,True,True,False,True,True,BERTweet
Ugx9QkLRnEJztGcaW3R4AaABAg,"Македонци НЕМА! Има ТИТОВИ Македонци, по новому СЕВЕРНОМАКЕДОНЦИ.",negative,negative,neutral,negative,0.8,negative,0.95,5,negative,2,False,4,0.8,True,True,False,True,True,BERTweet
Ugx9QkLRnEJztGcaW3R4AaABAg.9QP5FsrANo-9QQ3xoZnuQ6,"Е затоа ги мразиме Бугарите брат. Како нема Македонци? Што сме ние тогаш? И ако „Северна“ Македонија е официјално име на земјата, народот и културата се нарекуваат македонски и Македонци. Името на државата не е еднакво на нацијата.",negative,negative,neutral,negative,0.8,negative,0.95,5,negative,2,False,4,0.8,True,True,False,True,True,BERTweet
Ugx9QkLRnEJztGcaW3R4AaABAg.9QP5FsrANo-9QQ6RZb4m6Z,"<УСЕР> сте коминтерновски измисленјаци. ОТ ПРАДНЈА НАРОД НЕ СТАВА. Какво се кичиш с балгарски лозунг бе титовски клошар. Дреме ни на онаја работа, че нјакакви измисленјаци ни мразјат. Уживајте си в сарбо-албанските ""свободни Балкани"" и повече не ни досаждајте! Ај сиктир, Аман от царвули.",negative,negative,neutral,negative,0.8,negative,0.95,5,negative,2,False,4,0.8,True,True,False,True,True,BERTweet
Ugx9QkLRnEJztGcaW3R4AaABAg.9QP5FsrANo-9QQ79HPoEv5,"<УСЕР> Да бе името на даржавата не било име на нацијата. Хахаха. Тези смешки кој ви ги продава бе титовецо? Тези от ЈУжна Африка не са јужноафриканци, а са просто африканци. Хахаха. Северномакедонец си ратифициран, признат, подпечатан и нема мардане. Че кој истински народ ште си смени името на даржавата за една червена бе царвул? Както казах, от ПРАДНЈА НАРОД НЕ СТАВА!",negative,negative,neutral,negative,0.8,negative,0.94,5,negative,2,False,4,0.8,True,True,False,True,True,BERTweet
Ugx9QkLRnEJztGcaW3R4AaABAg.9QP5FsrANo-9QQL4ASA7yI,<УСЕР> Вие сте нацисти и изгубивте во ВВИИ.....,negative,negative,neutral,negative,0.8,negative,0.95,5,negative,2,False,4,0.8,True,True,False,True,True,BERTweet
Ugx9QkLRnEJztGcaW3R4AaABAg.9QP5FsrANo-9QQOIicmHFi,<УСЕР> превод?,neutral,negative,neutral,negative,0.7,neutral,0.85,5,neutral,2,False,3,0.6,True,False,True,False,True,"NLPTown, Gemma"
Ugx9QkLRnEJztGcaW3R4AaABAg.9QP5FsrANo-9QXpvIaS5Kl,Бугари нема има само татаромонголци,neutral,negative,neutral,negative,0.8,negative,1.0,5,negative,2,False,3,0.6,False,True,False,True,True,"CardiffNLP, BERTweet"
Ugx9QkLRnEJztGcaW3R4AaABAg.9QP5FsrANo-9QXq0jpvBGn,Тричрвена нација,neutral,positive,neutral,negative,0.8,negative,0.95,5,,3,False,0,0.0,False,False,False,False,False,
Ugx9QkLRnEJztGcaW3R4AaABAg.9QP5FsrANo-9T87piBsvpn,Пав: Мрс од тука Фасисти проклети Сто ги убивате Македонските Деца Сега да ви се врати на васите.,negative,negative,neutral,negative,0.8,negative,1.0,5,negative,2,False,4,0.8,True,True,False,True,True,BERTweet
Ugx9QkLRnEJztGcaW3R4AaABAg.9QP5FsrANo-9T88S2qMqfM,<УСЕР> татаромонголски фашисти,neutral,negative,neutral,negative,0.8,negative,1.0,5,negative,2,False,3,0.6,False,True,False,True,True,"CardiffNLP, BERTweet"
Ugx9QkLRnEJztGcaW3R4AaABAg.9QP5FsrANo-9T88ax6CJ7W,"<УСЕР>-7в Македонци НЕМА! Има ТИТОВИ Македонци, по новому СЕВЕРНОМАКЕДОНЦИ.",neutral,negative,neutral,negative,0.8,negative,0.95,5,negative,2,False,3,0.6,False,True,False,True,True,"CardiffNLP, BERTweet"
Ugx9QkLRnEJztGcaW3R4AaABAg.9QP5FsrANo-9T88e6gK5T-,"<УСЕР> Македонци НЕМА! Има ТИТОВИ Македонци, по новому СЕВЕРНОМАКЕДОНЦИ.",neutral,negative,neutral,negative,0.8,negative,0.95,5,negative,2,False,3,0.6,False,True,False,True,True,"CardiffNLP, BERTweet"
Ugx9QkLRnEJztGcaW3R4AaABAg.9QP5FsrANo-9T88gVyeb89,"<УСЕР> Македонци НЕМА! Има ТИТОВИ Македонци, по новому СЕВЕРНОМАКЕДОНЦИ.",neutral,negative,neutral,negative,0.8,negative,0.95,5,negative,2,False,3,0.6,False,True,False,True,True,"CardiffNLP, BERTweet"
Ugx9QkLRnEJztGcaW3R4AaABAg.9QP5FsrANo-9T88hkd5y9S,"Македонци НЕМА! Има ТИТОВИ Македонци, по новому СЕВЕРНОМАКЕДОНЦИ.",negative,negative,neutral,negative,0.8,negative,0.95,5,negative,2,False,4,0.8,True,True,False,True,True,BERTweet
Ugx9QkLRnEJztGcaW3R4AaABAg.9QP5FsrANo-9T88jf7eTvv,"<УСЕР> Македонци НЕМА! Има ТИТОВИ Македонци, по новому СЕВЕРНОМАКЕДОНЦИ.",neutral,negative,neutral,negative,0.8,negative,0.95,5,negative,2,False,3,0.6,False,True,False,True,True,"CardiffNLP, BERTweet"
Ugx9QkLRnEJztGcaW3R4AaABAg.9QP5FsrANo-9T9J3r3uAAP,<УСЕР>-7в Гоце Делчев е написал: ШО Е МАКЕ СЕ Е ГОВНО!,neutral,positive,neutral,negative,0.8,negative,1.0,5,,3,False,0,0.0,False,False,False,False,False,
UgzXfrZeZBgdi5KvkCh4AaABAg,"Македонци НЕМА! Има ТИТОВИ Македонци, по новому СЕВЕРНОМАКЕДОНЦИ.",negative,negative,neutral,negative,0.8,negative,0.95,5,negative,2,False,4,0.8,True,True,False,True,True,BERTweet
UgzXfrZeZBgdi5KvkCh4AaABAg.9QP5GWDPeFX9QQKmoBAeEI,Јади лајн-а,neutral,neutral,neutral,neutral,0.7,negative,1.0,5,neutral,2,False,4,0.8,True,True,True,True,False,Llama
UgzXfrZeZBgdi5KvkCh4AaABAg.9QP5GWDPeFX9QQac3JimDN,ГОМНА ДА ЈАДЕ.,negative,positive,neutral,positive,0.98,negative,1.0,5,,3,False,0,0.0,False,False,False,False,False,
UgzXfrZeZBgdi5KvkCh4AaABAg.9QP5GWDPeFX9QSRfm8fUY2,Бедна душо !!,negative,negative,neutral,negative,0.8,negative,1.0,5,negative,2,False,4,0.8,True,True,False,True,True,BERTweet
UgzXfrZeZBgdi5KvkCh4AaABAg.9QP5GWDPeFX9QSfjkBwPWr,ТИТОВИТЕ ИЗМИСЛЕНИ ПАЛЈАЧОВЦИ СЕ РАЗПЕНИХА. ХАХАХА 😂😂😂😂😂😂😂😂,negative,negative,neutral,negative,0.8,negative,1.0,5,negative,2,False,4,0.8,True,True,False,True,True,BERTweet
UgwTJcepAqr-cxPaMOp4AaABAg,"Македонци НЕМА! Има ТИТОВИ Македонци, по новому СЕВЕРНОМАКЕДОНЦИ.",negative,negative,neutral,negative,0.8,negative,0.95,5,negative,2,False,4,0.8,True,True,False,True,True,BERTweet
UgwTJcepAqr-cxPaMOp4AaABAg.9QP5H8lEFRu9T81mE0MPTG,"<УСЕР> Усер Македонци НЕМА! Има ТИТОВИ Македонци, по новому СЕВЕРНОМАКЕДОНЦИ.",neutral,negative,neutral,negative,0.8,negative,0.95,5,negative,2,False,3,0.6,False,True,False,True,True,"CardiffNLP, BERTweet"
UgwTJcepAqr-cxPaMOp4AaABAg.9QP5H8lEFRu9T9LZ_Lys3l,"<УСЕР> Усер Има и татари има и балгари, но нјама македонци. Има само северномакедонци, бивши титомакедонци.",neutral,negative,neutral,negative,0.8,negative,0.95,5,negative,2,False,3,0.6,False,True,False,True,True,"CardiffNLP, BERTweet"
UgwTJcepAqr-cxPaMOp4AaABAg.9QP5H8lEFRu9T9LhZz-fcR,<УСЕР> Усер Балгарскијат Цар Самуил е казал: ШО Е МАКЕ СЕ Е ГОВНО!,neutral,negative,neutral,negative,0.8,negative,1.0,5,negative,2,False,3,0.6,False,True,False,True,True,"CardiffNLP, BERTweet"
UgwTJcepAqr-cxPaMOp4AaABAg.9QP5H8lEFRu9T9OqXipxKG,"<УСЕР> Усер Титомакедонци сте. Истински македонци има в Балгарија и Гарција. При вас има само северномакедонци. Нали затова си сменихте името, за да има јасна разлика между истинските македонци и фалшивите макета- северномакедонците(бивши титомакедонци).",neutral,negative,neutral,negative,0.8,negative,0.95,5,negative,2,False,3,0.6,False,True,False,True,True,"CardiffNLP, BERTweet"
Ugz-1Nn2o3efz6sRdgJ4AaABAg,"Македонци НЕМА! Има ТИТОВИ Македонци, по новому СЕВЕРНОМАКЕДОНЦИ.",negative,negative,neutral,negative,0.8,negative,0.95,5,negative,2,False,4,0.8,True,True,False,True,True,BERTweet
Ugz-1Nn2o3efz6sRdgJ4AaABAg.9QP5Hh46W4A9QPqLCsIk24,"Пав. Има Македонци И доста во Пиринска Македонија сто ја има Бугариа, И усте бараат е нема Повеке.",neutral,negative,neutral,negative,0.8,negative,0.94,5,negative,2,False,3,0.6,False,True,False,True,True,"CardiffNLP, BERTweet"
Ugz-1Nn2o3efz6sRdgJ4AaABAg.9QP5Hh46W4A9QQ38bCBWHc,"<УСЕР> Македонци НЕМА! Има само северномакедонци в ТИТОВА МАКЕДОНИЈА. В Пиринска Македонија са балгари, а не измислени титомакедонци. Македонец в Балгарија е географско понјатие, а не нјакаква си измислена от коминтерната нација. Имаш македонци, тракијци, добруджанци, шопии, родопчани итн. Саштото е и в Гарција, и там Македонец е регионална характеристика, а не измислен народ. Толкова са ви прали мозаците, че направо ништо не е останало от тјах. Както и да е, скоро ште сте горди източни албанци. Хахаха. 😂😂😂😂😂😂😂",negative,negative,neutral,negative,0.8,negative,0.95,5,negative,2,False,4,0.8,True,True,False,True,True,BERTweet
Ugz-1Nn2o3efz6sRdgJ4AaABAg.9QP5Hh46W4A9QQ3o4FYyRy,"<УСЕР> На хората от балгарска Македонија, тн Благоевград ски Окраг им е писнало от построени титомакедонци, които крадат хавлии те от хотелите от Банско до Сандански. Ај сиктир бе ЧОКАЛИИ, Сарби со говорна мана!",negative,negative,neutral,negative,0.8,negative,0.95,5,negative,2,False,4,0.8,True,True,False,True,True,BERTweet
Ugz-1Nn2o3efz6sRdgJ4AaABAg.9QP5Hh46W4A9QQ5gfEZrlN,"<УСЕР> Доста Сери знаес од Каде си дојден ама несака да Признаес, Македонија била со иљади Години тука усте кога биле римјаните, Спарта, Македон Бил Тука, Македонците биле најдени тука, А вие сите Други сте Дојдени Тука, не Сери да не сиго јадес.",neutral,negative,neutral,negative,0.8,negative,0.94,5,negative,2,False,3,0.6,False,True,False,True,True,"CardiffNLP, BERTweet"
Ugz-1Nn2o3efz6sRdgJ4AaABAg.9QP5Hh46W4A9QQLOITXk0m,Бугарски ВОЛ,negative,positive,neutral,negative,0.85,positive,0.95,5,,3,False,0,0.0,False,False,False,False,False,
Ugz-1Nn2o3efz6sRdgJ4AaABAg.9QP5Hh46W4A9T81pX4RJtE,"<УСЕР> Македонци НЕМА! Има ТИТОВИ Македонци, по новому СЕВЕРНОМАКЕДОНЦИ.",neutral,negative,neutral,negative,0.8,negative,0.95,5,negative,2,False,3,0.6,False,True,False,True,True,"CardiffNLP, BERTweet"
Ugz-1Nn2o3efz6sRdgJ4AaABAg.9QP5Hh46W4A9T81qX0Lb66,"<УСЕР> Македонци НЕМА! Има ТИТОВИ Македонци, по новому СЕВЕРНОМАКЕДОНЦИ.",neutral,negative,neutral,negative,0.8,negative,0.95,5,negative,2,False,3,0.6,False,True,False,True,True,"CardiffNLP, BERTweet"
UgwQdIARf2tlkh02PMV4AaABAg,"Македонци НЕМА! Има ТИТОВИ Македонци, по новому СЕВЕРНОМАКЕДОНЦИ.",negative,negative,neutral,negative,0.8,negative,0.95,5,negative,2,False,4,0.8,True,True,False,True,True,BERTweet
UgwQdIARf2tlkh02PMV4AaABAg.9QP5IIrCR-e9QQKoJhrLSj,Дибек,neutral,neutral,neutral,neutral,0.73,negative,1.0,5,neutral,2,False,4,0.8,True,True,True,True,False,Llama
UgwQdIARf2tlkh02PMV4AaABAg.9QP5IIrCR-e9QQKwOyXYIn,"Бедник ...Кукавицо бар кази кој си да те знаеме, не се криј",negative,negative,neutral,negative,0.8,negative,0.95,5,negative,2,False,4,0.8,True,True,False,True,True,BERTweet
UgwQdIARf2tlkh02PMV4AaABAg.9QP5IIrCR-e9T81nekh5k2,"<УСЕР> Македонци НЕМА! Има ТИТОВИ Македонци, по новому СЕВЕРНОМАКЕДОНЦИ.",neutral,negative,neutral,negative,0.8,negative,0.95,5,negative,2,False,3,0.6,False,True,False,True,True,"CardiffNLP, BERTweet"
Ugw8PIn12rOpm3il1Ct4AaABAg,Браво децки правилно и тоцно размислување и сее е така.,positive,positive,neutral,positive,0.85,positive,0.95,5,positive,2,False,4,0.8,True,True,False,True,True,BERTweet
UgyS4EvuKnG83a3EMnR4AaABAg,"Честито, одлични соговорници кои отворија дискусија",positive,positive,neutral,positive,0.85,positive,0.95,5,positive,2,False,4,0.8,True,True,False,True,True,BERTweet
Ugy8SVqjBoAXLlbvZPR4AaABAg,"Само като чуја "" па добро "" и .......",neutral,negative,neutral,negative,0.7,negative,0.95,5,negative,2,False,3,0.6,False,True,False,True,True,"CardiffNLP, BERTweet"
UgxOR8SY1LYCH20ZdZl4AaABAg,"Македонија е Мајка на европа, дали мозе бугарија да свати гека никој немозе де ја избрисе,Македонија, да и се извинат на Македонија, иникојпат висе да несе врацаат во прослост,Македонија прослост,Македонија е најтара земја во евтопа од бога створена",negative,negative,neutral,negative,0.8,positive,0.95,5,negative,3,False,3,0.6,True,True,False,True,False,"BERTweet, Llama"
Ugx2zR3-gbn_wL0IqmN4AaABAg,"Толку млади, а веке каменелости!?",negative,negative,neutral,negative,0.8,negative,0.95,5,negative,2,False,4,0.8,True,True,False,True,True,BERTweet
UgxKmsakD1oljceMvnR4AaABAg,"Доста приказвате, ама ја покажете документи. Напр. писмата на Гоце Делчев - всичките писани на балгарки език. Нешто повече - в нјакои от тјах, тој се декларира като балгарин. Зашто се страхувате от историческите документи ?",negative,neutral,neutral,negative,0.75,negative,0.94,5,negative,2,False,3,0.6,True,False,False,True,True,"NLPTown, BERTweet"
UgxKmsakD1oljceMvnR4AaABAg.9hIfOwGhIk-9u-dD397wzf,1872 ГОЦЕ ДЕЛЦ'ЕВ Е РОДЕН во Кукус' -- ЕГЕЈСКА МАКЕДОНИЈА. ГОЦЕ ДЕЛЦ'ЕВ Е МАКЕДОНЕЦ.,neutral,neutral,neutral,positive,0.85,positive,1.0,5,neutral,2,False,3,0.6,True,True,True,False,False,"Gemma, Llama"
UgxKmsakD1oljceMvnR4AaABAg.9hIfOwGhIk-9u-gy06bwl_,"<УСЕР> Гоце се е декларирал като балгарин. Сам е написал това. Чела ли си неговите писма ? Трудно ште ги прочетеш, заштото са на балгарски език. А и тој се казва Георги. Даме,ЈАне и др. са се декларирали като балгари. Не бугари, а балгари. Сарбите са наложили ""бугари"", вместо ""балгари"". Даржавата ви е под срабски контрол. Те нјама да допуснат да влезете в ЕС преди Сарбија. И оште - родените в Скопие албанци, дали са македонци по националност ? Заштото казваш, че Гоце е македонец понеже е роден в Македонија.",negative,negative,neutral,negative,0.8,negative,0.94,5,negative,2,False,4,0.8,True,True,False,True,True,BERTweet
UgxKmsakD1oljceMvnR4AaABAg.9hIfOwGhIk-9u-gztIirBO,"<УСЕР> Гоце се е декларирал като балгарин. Сам е написал това. Чела ли си неговите писма ? Трудно ште ги прочетеш, заштото са на балгарски език. А и тој се казва Георги. Даме,ЈАне и др. са се декларирали като балгари. Не бугари, а балгари. Сарбите са наложили ""бугари"", вместо ""балгари"". Даржавата ви е под срабски контрол. Те нјама да допуснат да влезете в ЕС преди Сарбија. И оште - родените в Скопие албанци, дали са македонци по националност ? Заштото казваш, че Гоце е македонец понеже е роден в Македонија.",negative,negative,neutral,negative,0.8,negative,0.94,5,negative,2,False,4,0.8,True,True,False,True,True,BERTweet
UgzLJb7qthbtk6YM1i14AaABAg,"Пример за промити мозаци ,имам навика да коментирам по минути и секунди ,но тук трјабва до посоча всјака секунда като грешно изказване",neutral,negative,neutral,negative,0.8,negative,0.95,5,negative,2,False,3,0.6,False,True,False,True,True,"CardiffNLP, BERTweet"
UgyBBkbReRukfFZsZQJ4AaABAg,"А бре дечки, ""Здраво"", ""Хвала"", вие какови сте? Јужни срби или прави срби. А дека сте комунисти е јасно, само не ви е јасно дека Југославија веке не постои. Живи и здрави и Господ памет да ви даде зашто ја немате.",negative,positive,neutral,negative,0.8,negative,0.95,5,negative,3,False,3,0.6,True,False,False,True,True,"NLPTown, BERTweet"
UgyBBkbReRukfFZsZQJ4AaABAg.9h7ZZBo_AD_9hCI-mWB8r5,"Мрш бре Татар, да ти се помоцаме ние Македонците на таа тиквата твоја Татарска.",negative,negative,neutral,negative,0.8,negative,0.95,5,negative,2,False,4,0.8,True,True,False,True,True,BERTweet
UgyBBkbReRukfFZsZQJ4AaABAg.9h7ZZBo_AD_9u-d-t5x-No,Апостол Павле во МАКЕДОНИЈА вовел ХРИСТИЈАНСТВО. МАКЕДОНИЈА и МАКЕДОНСКИ НАРОД БЛАГОСЛОВЕНИ од ГОСПОД. 20 ВЕКА.,positive,positive,neutral,positive,0.85,positive,0.95,5,positive,2,False,4,0.8,True,True,False,True,True,BERTweet
UgxN4pC5dxaG2ie0Gk54AaABAg,смешници 😅😅,negative,positive,neutral,negative,0.8,negative,1.0,5,negative,3,False,3,0.6,True,False,False,True,True,"NLPTown, BERTweet"
UgzlV1EL7KMXfqBDo8h4AaABAg,"ма како да нема, еве ви ги македонци и срби, денес се ист народ, брука",negative,negative,neutral,negative,0.8,negative,0.95,5,negative,2,False,4,0.8,True,True,False,True,True,BERTweet
UgzlV1EL7KMXfqBDo8h4AaABAg.9h4huHPmEOb9hCFzF9rFTT,"Што се месас во интересите на Македонците и Македонија.... По потекло си Татар или Македонец? Ако си Татар тогас немас работа со нас МАкедонците..... Иљада пати да сне поблизу со Србија одколку со Бугарија..... Србите не признаваа а ви Татарите сте гомнари, само сакате да лазите и крадите...",negative,negative,neutral,negative,0.8,negative,0.95,5,negative,2,False,4,0.8,True,True,False,True,True,BERTweet
Ugz76pSp3eLNH-6jEUh4AaABAg,"чели сте, ама не достатачно, кога ште престанете да говорите глупости",negative,negative,neutral,negative,0.8,negative,0.95,5,negative,2,False,4,0.8,True,True,False,True,True,BERTweet
Ugz76pSp3eLNH-6jEUh4AaABAg.9h4icnAjh5C9hCG2qT_QQg,Ѓорги Димитров го призна МАкедонскиот народ,neutral,positive,neutral,positive,0.85,positive,0.95,5,positive,2,False,3,0.6,False,True,False,True,True,"CardiffNLP, BERTweet"
Ugz76pSp3eLNH-6jEUh4AaABAg.9h4icnAjh5C9hJydPkezCD,"<УСЕР> тој и добруджанска и тракијска нација призна ,но не се саздадоха тракијски и добруджанска даржава",neutral,negative,neutral,neutral,0.65,negative,0.94,5,neutral,2,False,3,0.6,True,False,True,True,False,"NLPTown, Llama"
Ugz76pSp3eLNH-6jEUh4AaABAg.9h4icnAjh5C9u-cexPfg4g,<УСЕР> јади глисти. ј Црно море.,negative,negative,neutral,negative,0.8,negative,1.0,5,negative,2,False,4,0.8,True,True,False,True,True,BERTweet
UgzSGWtOXW54kEMNx4p4AaABAg,"До 3:39 толкова грешки направи относно реалните сабитија ,но нејсе млад и зелен си има оште да учиш историја не лажи",negative,negative,neutral,negative,0.85,negative,0.8,5,negative,2,False,4,0.8,True,True,False,True,True,BERTweet
UgxDb1GcOOCdO5FXOkV4AaABAg,На единја на челото пише ВМРО на другија пише лапам на мицкоски,neutral,negative,neutral,negative,0.8,negative,0.95,5,negative,2,False,3,0.6,False,True,False,True,True,"CardiffNLP, BERTweet"
UgxDb1GcOOCdO5FXOkV4AaABAg.9hJz-gJotrc9hLDxlJ1wn7,"Ви благодариме на коментарот. Само ако може да прецизирате на кого од двајцата говорници му пишува на чело ""ВМРО"", а на кого ""лапам на мицкоски"". Се плашам дека не ве разбравме бидејќи не бевте прецизен што за кого е наменето. Срдечен братски поздрав од македонските комунисти",negative,positive,neutral,negative,0.8,positive,0.95,5,,3,False,0,0.0,False,False,False,False,False,
UgxEIvdEAjNqdT2Dd854AaABAg,Комплименти и поздрав до емисијата и гостите! МАКЕДОНИЈА ВЕЧНА!!!,positive,positive,neutral,positive,0.95,positive,0.95,5,positive,2,False,4,0.8,True,True,False,True,True,BERTweet
Ugww70tVWyEx7R92-Kh4AaABAg,"единствен човек кои е од обичниот народ,за народот и за Македонија. Само напред браќа,секоја чест г Бачев",positive,positive,neutral,positive,0.85,positive,0.95,5,positive,2,False,4,0.8,True,True,False,True,True,BERTweet
UgzNvzK0A-C4cIu_LPF4AaABAg,Руски -СПИУН ( за 650 евра или 3000 руски рубли дусата ти е продадена Бацев ) циста руска карикатура,neutral,negative,neutral,negative,0.8,negative,0.95,5,negative,2,False,3,0.6,False,True,False,True,True,"CardiffNLP, BERTweet"
UgwdZOo4xlgHVUtjnt54AaABAg,русите биле македонци... оди бе види надвор да не сум побарајме,negative,negative,neutral,negative,0.8,negative,0.94,5,negative,2,False,4,0.8,True,True,False,True,True,BERTweet
UgxQuh__f1ebR10SYzl4AaABAg,Бацев за прецедател на мкд,neutral,positive,neutral,negative,0.8,negative,0.95,5,,3,False,0,0.0,False,False,False,False,False,
UgxHs1ZGhMzY78bt1A14AaABAg,Македонците треба дá се на страна своја обстанок на МК Бацев е водац на Македонците многу пати народот е излазан највисе од сдс Бацев и Единствена Македонија одиме со нíв и вмро ако не пôјде во тој правец ке припадне оставиме странíцки во прасање Македонија и ние Македонците,negative,negative,neutral,negative,0.8,negative,0.94,5,negative,2,False,4,0.8,True,True,False,True,True,BERTweet
UgxCwAsTxC_1yxaJ0xR4AaABAg,"Договорот помеѓу Македонија и Грција, дефинитивно ќе влезе во историјата на дипломатијата. Тој ќе биде единствениот договор во историјата помеѓу две држави, во кој едната држава за првпат во историјата на човештвото доброволно капитулира и се откажува од својата историја и култура. Го менува името на сопствената држава, а со тоа и националната припадност на своите граѓани. **Овој феномен ке претставува пример во историјата на дипломатијата, дека најголема закана по демократиите и националните држави се група на луѓе во власта подржани и платени од моќни центри, кои работат за уништување на националните суверени држави и бесрамно го лажат и манипулират сопствениот народ! **Овој така наречен премиер, ке влезе во историја како најголемиот и единствен прекршител на уставот на својата држава без да биде санкциониран или елиминиран. Предлогот за употребата на двојазичност-албанскиот јазик, Сквернавење на МПЦрква, договорот со Бугарија, и овој договор со Грција. Тоа е грубо и брутално кршење на уставот. После грубото и брутално кршење на уставот мора да следуват груби и брутални санкци и казни ако сакаме да имаме здрава национална држава! **Дека народот ке победи во овие тешки времиња и ке си ја одбрани и зачува татковината и дека оваја влада на СДС(М) ке биде од корен избришана, во тоа сум длабоко уверен! Народот не заборава и не простува! **Она што не сум уверен и сериозно ме загрижува е; Дали новата влада без разлика на политичката гарнитура ке има храброст и мотивација и најсериозно ке ги санкционира и строго осуди предавниците Заев и Димитров и лугето блиски до нив за продажбата на нашата татковина Македонија?",positive,positive,neutral,negative,0.5,negative,0.95,5,,3,False,0,0.0,False,False,False,False,False,
Ugw2iJhLutQ3Ah0IXPp4AaABAg,Господинот Мицковски јаво кажа повеке пати дека; Нема да подрже промена на устав со цел промена на име! Меѓутоа господинот Мицковски НИКОГАШ јавно НЕ кажал дека; Нема да подрже референдум или дека ке Бојкотира евентуален референдум со цел промена на име! Секој оној што заговара и подржува референдум кога со сигурност се знае дека референдумот ке биде изманипулиран - е поголем Предавник и од нелегитимната владата на Заев!,negative,negative,neutral,negative,0.8,negative,0.94,5,negative,2,False,4,0.8,True,True,False,True,True,BERTweet
UgwaK2eddiJRVjksm6F4AaABAg,Хаха 😂 вистина,positive,negative,neutral,positive,0.85,positive,0.95,5,positive,3,False,3,0.6,True,False,False,True,True,"NLPTown, BERTweet"
UgyY2ILkEQYRG_8Dnl94AaABAg,Зосто ме банира от тик ток,negative,negative,neutral,negative,0.8,negative,0.95,5,negative,2,False,4,0.8,True,True,False,True,True,BERTweet
UgxafUBv1WLhlSwj9PN4AaABAg,Асли мозе ли несто да те прасам,negative,negative,neutral,neutral,0.7,negative,1.0,5,negative,2,False,3,0.6,True,True,False,False,True,"BERTweet, Gemma"
UgwnI00QW9qpriV8vnl4AaABAg,Ниту те навредив ни нисто,negative,negative,neutral,neutral,0.78,negative,0.95,5,negative,2,False,3,0.6,True,True,False,False,True,"BERTweet, Gemma"
Ugw6A6oSCdLRV0dZ1HB4AaABAg,"Снов Скопје Година Новембер 27, 2017 Косово Мондај 19:15 19:30 Москва Европа 01.12.2017. Скопје Метео Децембер Фирмите Трајан Ристески Во Суто Оризари 01.12.2017. Мтв 1 Рекламе Бизнис Вести Новембер 30, 2017 Тхрусдај Љупцо Златев 10.07.2018.",neutral,negative,neutral,neutral,0.85,neutral,1.0,5,neutral,2,False,4,0.8,True,False,True,True,True,NLPTown
UgwAWCSdkd_pWZpMk5x4AaABAg,Кој го поставил овај да биди Универзитецки Професор Само знај да јади Лања,negative,negative,neutral,negative,0.8,negative,0.95,5,negative,2,False,4,0.8,True,True,False,True,True,BERTweet
Ugy3cLTVptw6-hDZQAl4AaABAg,"Кој би полагал кај тебе бе шутраку, можеби некој што не е салам.",neutral,negative,neutral,negative,0.8,negative,0.94,5,negative,2,False,3,0.6,False,True,False,True,True,"CardiffNLP, BERTweet"
Ugy3cLTVptw6-hDZQAl4AaABAg.ANGqQECGO3cANW_6TzjR3U,Се гледа дека не си салам.,negative,negative,neutral,negative,0.8,negative,0.95,5,negative,2,False,4,0.8,True,True,False,True,True,BERTweet
Ugz9HYWZLaVqOdKchxR4AaABAg,Куропусац 😂,neutral,positive,neutral,negative,0.8,positive,0.95,5,,3,False,0,0.0,False,False,False,False,False,
Ugy5ez-wGeJFF5dea014AaABAg,Фракција со еден без двајца Хахахахахаха,neutral,negative,neutral,negative,0.8,negative,0.95,5,negative,2,False,3,0.6,False,True,False,True,True,"CardiffNLP, BERTweet"
UgwyUKlNFwDh7izsZg14AaABAg,Македонци на сите страни?! 90%во Бугарската војска.Односно тогас ни Македонски Булгари.Доста политиканство.Ослободете се од српските стеги,negative,negative,neutral,negative,0.8,negative,0.94,5,negative,2,False,4,0.8,True,True,False,True,True,BERTweet
Ugx-zwKlTZZ_suef1pJ4AaABAg,Племе расипано вакво Копиле ретко се рага Гнаса не видена,negative,negative,neutral,negative,0.8,negative,0.94,5,negative,2,False,4,0.8,True,True,False,True,True,BERTweet
UgyoBja-FwFaZ43VoGp4AaABAg,Копито татаробугарофилско,neutral,neutral,neutral,negative,0.8,negative,1.0,5,neutral,2,False,3,0.6,True,True,True,False,False,"Gemma, Llama"
UgyoBja-FwFaZ43VoGp4AaABAg.ANRqXIMDqnaANS1FRLoXVd,Гледај му го лицето. Класичен татарски мрсник.,negative,neutral,neutral,negative,0.8,negative,0.95,5,negative,2,False,3,0.6,True,False,False,True,True,"NLPTown, BERTweet"
UgxZvAHQvcBd9-IwfL54AaABAg,Да не верува човек ! Од каде сега оваа квази-теорија - русите го завладеале Балканот!,negative,negative,neutral,negative,0.8,negative,0.95,5,negative,2,False,4,0.8,True,True,False,True,True,BERTweet
UgxZvAHQvcBd9-IwfL54AaABAg.ANLXFKvkDRgANS0ZHHpIn1,Овој се повеќе потсетува на оној ретардосот Тентов...Изгледа капацитетот на Бардовци треба да се прошири.,neutral,neutral,neutral,negative,0.8,negative,0.95,5,neutral,2,False,3,0.6,True,True,True,False,False,"Gemma, Llama"
UgzM4g7h_phD1F7Ghot4AaABAg,"Ако сме цел на хибриден напад тогаш тој хибриден напад започна со пожарот и тешката трагедија која го зави во црно Кочани, во која загинаа 62 млади лица и 200 беа повредени. Оваа Трагедија се случи во ноќ кога режимот на АВ во Србија требаше да падне а наместо тоа од раните часови на 16.03. се насочи целото внимание во регионот и цел свет на страшната несреќа во Кочани. Дали е тоа случајност?!",negative,negative,neutral,negative,0.8,negative,0.94,5,negative,2,False,4,0.8,True,True,False,True,True,BERTweet
UgzM4g7h_phD1F7Ghot4AaABAg.ANLvxcHaSlIANS0NjUc1OE,хахахахахаха. Правец Бардовци за тебе.,positive,negative,neutral,negative,0.8,positive,0.95,5,,3,False,0,0.0,False,False,False,False,False,
Ugzb-9NakpyLsIGAlQh4AaABAg,ТРЛА БАБА ЛАН... 😄😄😄,positive,neutral,neutral,positive,0.95,negative,1.0,5,,3,False,0,0.0,False,False,False,False,False,
Ugw7LdzK_HBRUpZXa654AaABAg,"Никому во Бугарија не му е гајле што сте – Македонци, Албанци или Марсовци. Бугарија е заинтересирана за Бугарите од Македонија денес, како и за основачите на ВМОРО и ВМРО, кои самите се дефинираа како Бугари и се бореа против Турци, Срби и Грци, за слободата на бугарска Македонија. Бугарија нема да дозволи овие бугарски херои да бидат претворени во Србо-Македонци. Бугарија никогаш нема да дозволи денешните Србо-Македонци да веат српски знамиња над гробовите на бугарските херои од Македонија, како што направи циркускиот изведувач Мицко Сербомана на годишнината од Брегалничката битка. Тој го вееше српското знаме над гробовите на македонските Бугари кои се бореа против Србија. Бидејќи ова е потсмев на нивното сеќавање. Потсмевот дојде од Белград, угнетувачот на бугарската земја во Македонија.",negative,negative,neutral,negative,0.8,negative,0.95,5,negative,2,False,4,0.8,True,True,False,True,True,BERTweet
Ugw7LdzK_HBRUpZXa654AaABAg.ANFs1k7H9JOANH7wgC42lR,До еден од таканаречената Бугарско малцинство во Македонија треба да се протераат од Македонија Кој не сака се знае што треба,negative,negative,neutral,negative,0.8,negative,0.95,5,negative,2,False,4,0.8,True,True,False,True,True,BERTweet
Ugw7LdzK_HBRUpZXa654AaABAg.ANFs1k7H9JOANHHAlEF-TU,"@георгесекулоски6097Пиши на балгарски като Гоце, Даме,Тодор и Ванчо инако вакви глупотевини са ти у главата ако не можеш да ги читаш во оригинал. Сигурно можеш да читаш само Титови и србски лаги. Неписмени луге со фалшифицирана од Белград историја ке си останете .😢",negative,negative,neutral,negative,0.8,negative,0.95,5,negative,2,False,4,0.8,True,True,False,True,True,BERTweet
Ugw7LdzK_HBRUpZXa654AaABAg.ANFs1k7H9JOANKsUKXcyIT,"<УСЕР> Како Нацистка Германија протера Евреите - Така и Севернасарбомакедонија ке протера Балгарите- а после знаете шо ве чека, а?",negative,negative,neutral,negative,0.8,negative,0.94,5,negative,2,False,4,0.8,True,True,False,True,True,BERTweet
Ugw7LdzK_HBRUpZXa654AaABAg.ANFs1k7H9JOANRqKzzrO_T,татаробугар назат во азија,negative,negative,neutral,negative,0.8,negative,0.95,5,negative,2,False,4,0.8,True,True,False,True,True,BERTweet
Ugw7LdzK_HBRUpZXa654AaABAg.ANFs1k7H9JOANS12ceGrQf,"1.Вие (Татро-Монголци) сте дојденци од далечната Азија 2.Вие, во Македонија имате направено само окупација 3.Имате направено неколку масакри за време на Втората светска војна (Ваташа, убијци на ДЕЦА), затоа што сте биле ФАШИСТИ 4. Денешните ваши политики спрема Македонија се НЕОФАШИСТИЧКИ. 5. Хероите што ги славите кај вас (Татарстан), се МАКЕДОНСКИ, не татарски.",negative,negative,neutral,negative,0.8,negative,0.95,5,negative,2,False,4,0.8,True,True,False,True,True,BERTweet
Ugw7LdzK_HBRUpZXa654AaABAg.ANFs1k7H9JOANSV4qe-SLI,"<УСЕР>-хб6ху Скопски татар србо- ""македон"".",neutral,negative,neutral,negative,0.8,negative,0.95,5,negative,2,False,3,0.6,False,True,False,True,True,"CardiffNLP, BERTweet"
UgwIEvFrbUyeDNGtWC14AaABAg,"За да варви Македонија напред с Европејско бадеште ште трјабва да признае нјакои истини. По точно да признае балгарското си минало, а Балгарија е признала вече савремената и нација и език, но ште го потварди. Има обаче сили - руски, срабски и по малко унгарски които искат даржавата да е изван Европејското семејство.",negative,negative,neutral,negative,0.5,negative,0.75,5,negative,2,False,4,0.8,True,True,False,True,True,BERTweet
UgwIEvFrbUyeDNGtWC14AaABAg.ANDUo9Gg7-6ANE1s5I1ZS7,"Овде се прплитат две теми п о з а ри и Руско влијание на Македонија.За позари Андонов добро ги анализра слабости.Додека пареага на друга тема која сам ја ИЗМИСЛУВа..Руско влијание на Македонија го нема скоро у опсте,Додека НАТОВСКО И ЕЗ ДОМИНАТНИ.Само глуп не ги види.Тие ја унистиа Македонска култура.Од друга страна Тие ја дрзат Егејска Македонија под нивно влијание..ЦАК И ПРЕДИ 200 ГОДИНИ.АНГЛОСАКСОНЦИ НАРЕДИА 1878 МАКЕДОНИЈА ДК НЕ СЕ ОСЛОБОДУВА ОД Турци-Ако не це има Русија и Бугарија војна со нив..Англија и Турција 1878 формират Призренска лига-Голема Албкнија 1908 Прават Албанска азбука.1912 Им прават Албанска дрзава.1921 до 1923 Наредуват Грција да ги ИСЕЛЕИ Македонци од Егејска Македонија .Поле 2 свецка војна ДЕЦА БЕГАЛЦИ-ПО НИВНА ДИРЕКТИВА СЕ ИСЕЛЕНИ 1999 нато и ЕЗ им прави втора Албанска дрзава.2001 НАТО И ЕЗ РЕЗИРА ВОЈНА ВО МАКЕДОНИЈА..Го прогласубва Македонски народ малцинство со Сулатан СОЛАНА ПОДПИС ВО Охрид.Уводи им Албански јазик да биде слузбен јазик во Македонија Исега НАТО И ЕЗ прават голема Албанија до НИС СЛОБОДЕН Балкан.Како Нато и ез 1999 НАПАДНА СРБИЈА-Зосто бе Андонов не проговорис несто за тоа влијание.Направиа бази на сРПСКИ ПРОСТОР.иМТИ ЕДЕН ЗБОР НЕ РЕЦЕ ЗА НИВНО ВЛИЈАНИЕ-АЗборувас Руси имале влијание>Поова испага да си ти платен од нив да сирис пропаганда против Руси.Кога нема ниту еден доказ за Руско влијание.Нее цесно од тебе.",negative,negative,neutral,negative,0.8,negative,0.93,5,negative,2,False,4,0.8,True,True,False,True,True,BERTweet
UgwIEvFrbUyeDNGtWC14AaABAg.ANDUo9Gg7-6ANEMioquVMn,"Всеки сам избира дали да си признае, какво да си признае и пред кого да си признае… А да им објаснјавате вече за европејска интеграција, европејски сајуз и палноправно членство в него, нјама смисал… Касно е вече. Влака замина и те не се качиха на него. Много добре знаете, че при идвашто разширение на ЕС, изтарвеш ли да влезеш в него, крај… Не се знае следваштото разширение кога ште баде и накаде ште баде. ШТото може и да не е кам вас. Би трјабвало много добре да си спомнјате как беше 2007г. и преди неја. 🙃",negative,negative,neutral,negative,0.5,negative,0.93,5,negative,2,False,4,0.8,True,True,False,True,True,BERTweet
UgwIEvFrbUyeDNGtWC14AaABAg.ANDUo9Gg7-6ANEPz-9NjsN,"@трајкот3256Се некој друг е крив, се некој друг иска да ви нема.😅А баш поробовачот од Белград е прав и вашите купени од тамо политичари.Можете да се собудите или не. Докога ке ве прават на мајмуни.😊",negative,negative,neutral,negative,0.8,negative,0.85,5,negative,2,False,4,0.8,True,True,False,True,True,BERTweet
UgwIEvFrbUyeDNGtWC14AaABAg.ANDUo9Gg7-6ANFlV-KofoN,Нема вие ќе признаетет дека сте татари,negative,negative,neutral,negative,0.8,negative,0.95,5,negative,2,False,4,0.8,True,True,False,True,True,BERTweet
UgwIEvFrbUyeDNGtWC14AaABAg.ANDUo9Gg7-6ANFrz9JyGTI,<УСЕР>-е5н Кога ? Кога Белград варне името на улицата наречена на балгарина Гоце Делчев. Тогава ке стане! 😂😂👌👌🤣🤣,neutral,negative,neutral,negative,0.8,positive,0.95,5,,3,False,0,0.0,False,False,False,False,False,
UgwIEvFrbUyeDNGtWC14AaABAg.ANDUo9Gg7-6ANG7cyiuAct,<УСЕР> Вие до тогаш ќе ве нема 🤣🤣,neutral,negative,neutral,negative,0.8,negative,0.95,5,negative,2,False,3,0.6,False,True,False,True,True,"CardiffNLP, BERTweet"
UgwIEvFrbUyeDNGtWC14AaABAg.ANDUo9Gg7-6ANG7hMW-dAG,<УСЕР> Гоце е Македонец нема никој со име Гоце во вашата лажна држава испрани живковистички мозок,negative,negative,neutral,negative,0.8,negative,0.95,5,negative,2,False,4,0.8,True,True,False,True,True,BERTweet
UgwIEvFrbUyeDNGtWC14AaABAg.ANDUo9Gg7-6ANGqm8y3UkZ,"@онеусер-е5нНас ни има од 1500 години😊. Вас от 11.01.1934 кога Сталин издаде указ Н 815 на Балканскија отдел на Коминтерната за саздаването на "" македонска "" нација в Москва.😢 Разбираш кој ке го нема много скоро?😮 Еле па с такива србски патриоти како Мицко 😊 Сами си решивте судбата со Титовите лаги и фалшивото минато.❤""Патреоти"" посрбчени. .",negative,negative,neutral,negative,0.8,negative,0.97,5,negative,2,False,4,0.8,True,True,False,True,True,BERTweet
UgwIEvFrbUyeDNGtWC14AaABAg.ANDUo9Gg7-6ANLWn3wi-qS,"<УСЕР> на баба ти дека Гоце бил бугарин , татару еден",neutral,negative,neutral,negative,0.8,negative,0.95,5,negative,2,False,3,0.6,False,True,False,True,True,"CardiffNLP, BERTweet"
UgwsGNbYlpqVK3FZrSZ4AaABAg,"Која друга држава дозволува на нејзина територија поранешен окупатор да слави победи во кои ""ја ослободиле Јужна Србија"". Вазалството на Северна Македонија кон таа хегемона држава крајно е време да се прекине!",negative,negative,neutral,negative,0.8,negative,0.95,5,negative,2,False,4,0.8,True,True,False,True,True,BERTweet
UgwsGNbYlpqVK3FZrSZ4AaABAg.ANLx0g_doA1ANS0HQa-hEC,"Србија е најдобар сосед на Македонија. Македонците и Србите се вистинските браќа. За разлика од Татарстан (Бугарија), која има тотално негаторска политика спрема Македонија. Не признава народ еј?? Во 21 век? Ви е*ам татарските монголци...",negative,positive,neutral,negative,0.8,positive,0.95,5,,3,False,0,0.0,False,False,False,False,False,
UgyHud9L8EVE_gjQUtd4AaABAg,"Те са от Македонија. Нјама значение, как са се определјали етнически😃😄😄😄😄😄😄 смјајајајахх",neutral,neutral,neutral,positive,0.85,negative,0.95,5,neutral,3,False,3,0.6,True,True,True,False,False,"Gemma, Llama"
UgyHud9L8EVE_gjQUtd4AaABAg.ANF56M53cbfANFl_obRfr-,Има не лажи,neutral,negative,neutral,positive,0.85,negative,0.9,5,,3,False,0,0.0,False,False,False,False,False,
UgzlYBBGZikvFTp5u2h4AaABAg,Таман си казувас професоре,negative,negative,neutral,positive,0.85,negative,0.94,5,negative,3,False,3,0.6,True,True,False,False,True,"BERTweet, Gemma"
Ugxrvt6yhLC7dSyzlrJ4AaABAg,Браво Мр' Заев ти си првак çедтитам напред.,positive,positive,neutral,positive,0.85,positive,0.95,5,positive,2,False,4,0.8,True,True,False,True,True,BERTweet
UgwYo_ZiSdscNpGv58p4AaABAg,само напрет,negative,negative,neutral,negative,0.7,positive,0.95,5,negative,3,False,3,0.6,True,True,False,True,False,"BERTweet, Llama"
Ugw4Gk-4dMZvsvMijdl4AaABAg,Б. Р. А. В. ОООООООООООООО,negative,neutral,neutral,neutral,0.85,negative,1.0,5,neutral,2,False,3,0.6,False,True,True,True,False,"CardiffNLP, Llama"
UgwJqLk8k8JjoKhNijd4AaABAg,Копук муртински,neutral,neutral,neutral,negative,0.7,negative,1.0,5,neutral,2,False,3,0.6,True,True,True,False,False,"Gemma, Llama"
UgxaJYEQL-1TeA5ckWt4AaABAg,Браво на Трендафилов. Умен и добар балгарин.,positive,positive,neutral,positive,0.95,positive,0.95,5,positive,2,False,4,0.8,True,True,False,True,True,BERTweet
UgxaJYEQL-1TeA5ckWt4AaABAg.9XZU44CfNEp9Xc1kdAq7U1,"Глуп Татар, како тебе.",negative,positive,neutral,negative,0.8,negative,1.0,5,negative,3,False,3,0.6,True,False,False,True,True,"NLPTown, BERTweet"
UgxaJYEQL-1TeA5ckWt4AaABAg.9XZU44CfNEp9Xc2hviBlUL,"<УСЕР> Генетично балгарите и македонците са почти идентични. братски народи. Имат един и сашт корен. Имат почти манталитет, език и много други нешта ги сварзват.",neutral,negative,neutral,negative,0.85,positive,0.95,5,,3,False,0,0.0,False,False,False,False,False,
UgxaJYEQL-1TeA5ckWt4AaABAg.9XZU44CfNEp9XiCXgOtsFw,<УСЕР> Глупите Татари се нарекуваат Македонци.,neutral,negative,neutral,negative,0.8,negative,1.0,5,negative,2,False,3,0.6,False,True,False,True,True,"CardiffNLP, BERTweet"
UgxaJYEQL-1TeA5ckWt4AaABAg.9XZU44CfNEp9Xkuel5y6nZ,"<УСЕР> Отроден ,ти нема да имаш никаква иднина,,србско гјубре!",negative,negative,neutral,negative,0.8,negative,1.0,5,negative,2,False,4,0.8,True,True,False,True,True,BERTweet
UgxaJYEQL-1TeA5ckWt4AaABAg.9XZU44CfNEp9YJyPHDvjk-,"<УСЕР> Македонец не мозе да биде идентицен со некој сто е бугарин ! бугари се туркијски народ , со туркијски јазик !",neutral,negative,neutral,negative,0.8,negative,0.95,5,negative,2,False,3,0.6,False,True,False,True,True,"CardiffNLP, BERTweet"
UgxZiu-z444mmCsxk9B4AaABAg,нјама да се плашите процеса е почнал ние сме с вас,neutral,negative,neutral,positive,0.85,negative,0.94,5,,3,False,0,0.0,False,False,False,False,False,
UgwCPb78tlAHmz1aIwJ4AaABAg,На мене много ми се гади от Северно Македонски Комунизам.,negative,negative,neutral,negative,0.8,negative,1.0,5,negative,2,False,4,0.8,True,True,False,True,True,BERTweet
UgwCPb78tlAHmz1aIwJ4AaABAg.9Z9YDNhxJKh9aUWnmpOXI_,МакедониЗам е гнјас по-голема от комуниЗам,neutral,negative,neutral,negative,0.85,negative,0.95,5,negative,2,False,3,0.6,False,True,False,True,True,"CardiffNLP, BERTweet"
Ugzq2YgJT9i582EQSX14AaABAg,"Всеки ден пускам новините от Македонија, и всеки ден те проповјадват омраза в директен и в индиректен режим, както и по-инерција.",negative,positive,neutral,negative,0.75,negative,0.95,5,negative,3,False,3,0.6,True,False,False,True,True,"NLPTown, BERTweet"
UgyP7whzBuwgPciBIrp4AaABAg,Хахахаха Хахахаха Хахахаха,neutral,negative,neutral,negative,0.8,negative,1.0,5,negative,2,False,3,0.6,False,True,False,True,True,"CardiffNLP, BERTweet"
Ugy9UWU_wmCoODih7LF4AaABAg,Продадох те се на Грацките,neutral,negative,neutral,negative,0.8,negative,0.95,5,negative,2,False,3,0.6,False,True,False,True,True,"CardiffNLP, BERTweet"
UgzDRg3GPyj_MdDtYwJ4AaABAg,"Како сто гледам и знам да броја во Делцево не ве прецекаа ни кандидатите за советници,прецекаа ве 5 цовека а кај се усте 10",negative,negative,neutral,negative,0.75,negative,0.94,5,negative,2,False,4,0.8,True,True,False,True,True,BERTweet
UgwpauMPzP9ZLk74r3l4AaABAg,👏 Бацев💓,positive,positive,neutral,positive,0.85,positive,0.95,5,positive,2,False,4,0.8,True,True,False,True,True,BERTweet
Ugzs-8HNqxqVlan-HJp4AaABAg,Само напред Јанко !Браво.,positive,positive,neutral,positive,0.85,positive,0.95,5,positive,2,False,4,0.8,True,True,False,True,True,BERTweet
UgzMtQhBsyy2DZSpA3h4AaABAg,БРАВО...ВИЕ И ЛЕВИЦА СТЕ СПАС ЗА МАКЕДОНИЈА,positive,positive,neutral,positive,0.85,positive,0.95,5,positive,2,False,4,0.8,True,True,False,True,True,BERTweet
UgyRn5nrJJaB8x4gjMZ4AaABAg,"Нова власт чекаме. Напред Бачев,заедно со другите патриоти Да живее Македонија",positive,positive,neutral,positive,0.85,positive,0.95,5,positive,2,False,4,0.8,True,True,False,True,True,BERTweet
Ugyq3mcl17hiHghXifV4AaABAg,Секоја чест г-дин Бачев. 🇲🇰🇲🇰🇲🇰🇲🇰🇲🇰🇲🇰🇲🇰🇲🇰🇲🇰🇲🇰🇲🇰🇲🇰🇲🇰🇲🇰🇲🇰🇲🇰 САМО НАПРЕД !!! 💪,positive,positive,neutral,positive,0.95,positive,0.95,5,positive,2,False,4,0.8,True,True,False,True,True,BERTweet
Ugx6ihoLMU1Qp3c-Ngx4AaABAg,благослови го Јанко Бачев. нека живее македонија!,positive,positive,neutral,positive,0.95,positive,0.95,5,positive,2,False,4,0.8,True,True,False,True,True,BERTweet
Ugy-wrsKgOQQM-aP1j94AaABAg,Г.Бацев дајте сега нови предвремени парламентни избори да ви дадеме санса на вас оти вије се борите искрено без да ве некој плака.,negative,positive,neutral,negative,0.75,negative,0.94,5,negative,3,False,3,0.6,True,False,False,True,True,"NLPTown, BERTweet"
UgwHEH1-8AHuj6-fOi14AaABAg,Цекајте браќа македонци. Само ВМРО да се прати на власт И за СДС ке биде ебење на мртво.,negative,negative,neutral,negative,0.8,negative,0.95,5,negative,2,False,4,0.8,True,True,False,True,True,BERTweet
UgwHEH1-8AHuj6-fOi14AaABAg.8itAJiRMgSD8jJ1Kgs2R8J,иГораст ПОВЕКЕ ТАКВИ САНСИ НЕ ДОБИВААТ НИ ЕДНИТЕ НИ ДРУГИТЕ А ВО ПРИВАТНИОТ ЗИВОТ СТО САКААТ НЕКА СИ ПРАВАТ ВООПСТО НЕ НЕ ИНТЕРЕСИРА НЕКА САМИ СИ ГИ ИСПОРАЦУВААТ И ПЛАКААТ СМЕТКИТЕ НИВНИ ЗА НАРОДОТ СЕ ЗАВРСЕНА МИСЛА И ТЕМА !!!!!,negative,negative,neutral,negative,0.8,negative,0.94,5,negative,2,False,4,0.8,True,True,False,True,True,BERTweet
UgxqI49EoZnkvqn5xiB4AaABAg,"ШТом е с лјубов,всичко може да се каже!",neutral,positive,neutral,positive,0.85,positive,0.95,5,positive,2,False,3,0.6,False,True,False,True,True,"CardiffNLP, BERTweet"
UgxqI49EoZnkvqn5xiB4AaABAg.9cxQUCRyIq29cyv6abBKD1,🇲🇰🇲🇰🇲🇰💪👌🦁🐅❤️,positive,positive,neutral,positive,0.85,positive,0.95,5,positive,2,False,4,0.8,True,True,False,True,True,BERTweet
UgxqI49EoZnkvqn5xiB4AaABAg.9cxQUCRyIq29d3_zm6Eogs,"еве јас со "" љубов "" ке ти казам , ебамити то племе погано !",negative,positive,neutral,negative,0.8,negative,0.95,5,negative,3,False,3,0.6,True,False,False,True,True,"NLPTown, BERTweet"
Ugy3S3RVQwECDtGSQYJ4AaABAg,"Дај престанете да го викате веќе овој Иванов, не можам да го слушам веќе со неговите патетични обиди да го оправува неоправдливото.",negative,negative,neutral,negative,0.8,negative,0.95,5,negative,2,False,4,0.8,True,True,False,True,True,BERTweet
Ugy3S3RVQwECDtGSQYJ4AaABAg.9d0ZrrRPf-W9d3_tr0tmgN,<УСЕР> сиктер гомно татарско !,positive,negative,neutral,negative,0.8,negative,0.95,5,negative,3,False,3,0.6,False,True,False,True,True,"CardiffNLP, BERTweet"
UgzjiEXicAUdhzibBed4AaABAg,Поздравленија за Димитар Ковачевски...,positive,positive,neutral,positive,0.85,positive,1.0,5,positive,2,False,4,0.8,True,True,False,True,True,BERTweet
UgzMHmbYA6eNTlZ1htl4AaABAg,"Ќе каже да сдс предавничка, не го слуша народот",negative,negative,neutral,negative,0.8,negative,0.95,5,negative,2,False,4,0.8,True,True,False,True,True,BERTweet
UgzESKCluoTMywVujy94AaABAg,Тацно е парите се отепувацка за пари све би продале и за пуста власт,negative,negative,neutral,negative,0.8,negative,0.95,5,negative,2,False,4,0.8,True,True,False,True,True,BERTweet
UgywQYeHK-bxrEl7zwp4AaABAg,Ке влезат на кукуво лето,negative,negative,neutral,positive,0.85,positive,0.95,5,,3,False,0,0.0,False,False,False,False,False,
UgynIfa5Zp9Az8wvHAp4AaABAg,този с голата глава е типичен југослав,negative,neutral,neutral,negative,0.8,negative,0.95,5,negative,2,False,3,0.6,True,False,False,True,True,"NLPTown, BERTweet"
UgynIfa5Zp9Az8wvHAp4AaABAg.9cxtzGZIEy_9cyv8CAa1nO,🇲🇰🇲🇰🇲🇰💪👌🦁🐅🐷🙈,neutral,positive,neutral,negative,0.5,positive,0.95,5,,3,False,0,0.0,False,False,False,False,False,
Ugyy6G4aQ3UQg6-2OFd4AaABAg,"Не ја говори истината,повторно се манипулира Македонскиот народ,слицно со Преспанскиот...срамно и зално...бездуснициии...",negative,negative,neutral,negative,0.8,negative,0.95,5,negative,2,False,4,0.8,True,True,False,True,True,BERTweet
UgwlfzfqnN4QnjZ---N4AaABAg,"Кази ти од кој народ доби да бидеш пр ,владе оди на избори ако те глласаат биди премиер",negative,negative,neutral,negative,0.8,negative,0.95,5,negative,2,False,4,0.8,True,True,False,True,True,BERTweet
Ugzs4PXCHo1zZN6ZVE94AaABAg,"Зоки уци од Бисевац,има сто да науцис,камо се брани својата татковина.",neutral,positive,neutral,negative,0.7,negative,0.95,5,,3,False,0,0.0,False,False,False,False,False,
UgwXzs3MwgE6P-2WOsh4AaABAg,Браво бе Зоки Зар ти се влева на теренот облецен у зелен дрес Со французин тренер,positive,negative,neutral,negative,0.8,positive,0.95,5,,3,False,0,0.0,False,False,False,False,False,
UgwXzs3MwgE6P-2WOsh4AaABAg.9cyEzeEQg8K9d0VIrmtzKz,СЕКОЈ Македонец кој има само М од Македоштината нетреба оваа власт ни да покуша да преговара за нашата земја,negative,negative,neutral,negative,0.8,negative,0.95,5,negative,2,False,4,0.8,True,True,False,True,True,BERTweet
UgxL2TrrD5pCarJWgTJ4AaABAg,"Погледнете го линкот што докажува дека Македонци не постоеле до 1944 година (<УРЛ> ). Соединетите држави официјално прогласија дека нема македонска нација, нема македонска татковина и нема македонска самосвест. У.С. Сецретарј оф Стате Едвард Стеттиниус то У.С. Миссионс (Вашингтон, Дец.26, 1944) Тхис Говернмент цонсидерс талк оф “Мацедониан натион”, “Мацедониа Фатхерланд”, ор “Мацедониан натионал цонсциоуснесс” то бе уњустифиед демагогуерј репресентинг но етхниц ор политицал реалитј, анд сеес ин иц пресент ревивал а поссибле цлоак фор аггрессиве интентионс агаинст Грееце. [Соурце: У.С. Стате Департмент, Фореигн Релатионс вол виии, Вашингтон, Д.Ц., Цирцулар Аирграм (868.014/26 Дец 1944)]",neutral,negative,neutral,negative,0.6,negative,0.95,5,negative,2,False,3,0.6,False,True,False,True,True,"CardiffNLP, BERTweet"
UgxL2TrrD5pCarJWgTJ4AaABAg.9czu3IjGCBH9dPidFs958X,Две чрвени,neutral,negative,neutral,negative,0.8,positive,0.95,5,,3,False,0,0.0,False,False,False,False,False,
UgwIXLtP2ICrM6U3M714AaABAg,Браво Македонци само напред.,positive,negative,neutral,positive,0.85,positive,0.95,5,positive,3,False,3,0.6,True,False,False,True,True,"NLPTown, BERTweet"
UgzaHISx69n3bqU1WsB4AaABAg,Нелегитимната влада на Заев покуша да не закопа ама заборавиле дека сме семе...,negative,negative,neutral,negative,0.8,negative,0.95,5,negative,2,False,4,0.8,True,True,False,True,True,BERTweet
UgxChU1ioDDZCC1d16J4AaABAg,Цестито нека ни е.,positive,negative,neutral,positive,0.95,positive,0.95,5,positive,3,False,3,0.6,True,False,False,True,True,"NLPTown, BERTweet"
UgxChU1ioDDZCC1d16J4AaABAg.8nFBHhv16c38nFCGrWJ6Wa,"Ова предавниска Влада мора да оди , ако несака мораме да Го окупираме Парламентот ! Во масовни протести . Знам дека готови це овие предавниците ! Тие ќе бидат во Голем притисок оф нас Македонците !",negative,negative,neutral,negative,0.8,negative,0.95,5,negative,2,False,4,0.8,True,True,False,True,True,BERTweet
UgxChU1ioDDZCC1d16J4AaABAg.8nFBHhv16c38nkLjAKiJEX,Гоце Стрезоски; Кога ние народот ке излеземе масовно тога и полицијата ке се повлече! * Неби можел да замислам дека полицијата ке ги силува своите сограѓани; роднини и пријатели! * Само МАСОВНИ ПРОТЕСТИ се решение и излез од овој хаос✊,negative,negative,neutral,negative,0.8,negative,0.95,5,negative,2,False,4,0.8,True,True,False,True,True,BERTweet
UgxChU1ioDDZCC1d16J4AaABAg.8nFBHhv16c38nkjg7sGKGb,<УСЕР> и Јас мислам Само масовни протести и без страв ! Тие немозат Цел народ да уапсат ! Ова предавниска Влада е Само ставено од западот да ни го смени името и нисто друго ! Проблем Имаме од западот ! Тие не сакаат Македонија и балканот да оди напред !,negative,negative,neutral,negative,0.6,negative,0.95,5,negative,2,False,4,0.8,True,True,False,True,True,BERTweet
UgwUWMfEPon7BWy_76h4AaABAg,МАКЕДОНИЈА ДО СОЛУН,negative,positive,neutral,negative,0.8,positive,0.95,5,,3,False,0,0.0,False,False,False,False,False,
Ugz4m-x42ow8Em8rc5B4AaABAg,АБЕ ОВИЕ ТРЕБАСЕ В ЗОЛОСКА ДА ОДАТ НЕ ДА НИ ГО ЗАСМРДАТ МЕСТОТО,negative,negative,neutral,negative,0.8,negative,0.94,5,negative,2,False,4,0.8,True,True,False,True,True,BERTweet
UgwT2DZaMm1Cjv4t4C14AaABAg,За колку пари се продадоа предавниците???,negative,negative,neutral,negative,0.75,negative,0.95,5,negative,2,False,4,0.8,True,True,False,True,True,BERTweet
UgwrfilmMQPNHaI75r94AaABAg,"Не се надевајте ,за Франција порано беше најважно да се реши проблемот со Грција сега е проблемот со правото ,па после ќе бара да се реши нешто трето и се до недоглед , Франција нема да дозволи влез на земја со голем процент на муслимани ,ниту една земја од Западна Европа не сака членка со голема популација на Муслиманско население",negative,negative,neutral,negative,0.8,negative,0.95,5,negative,2,False,4,0.8,True,True,False,True,True,BERTweet
UgyE7-MPxs7Luv85vxp4AaABAg,Недајте се брацо Македонци ✊✊,negative,negative,neutral,positive,0.85,positive,0.95,5,,3,False,0,0.0,False,False,False,False,False,
UgyE7-MPxs7Luv85vxp4AaABAg.8hUVakcBthU8prj5FPzFSn,маде ин Мацедониа. 1.р.мацедониа. 2.нортх Мацедониа (Сорос пропаганда). 3.славиц Мацедониа ју.,neutral,negative,neutral,negative,0.8,negative,0.95,5,negative,2,False,3,0.6,False,True,False,True,True,"CardiffNLP, BERTweet"
UgwKh-rO7YPplPPRgdN4AaABAg,"Не стенкајте ако продолжите и Унгарија ќе ни стави вето за влез бидејќи правдата не работи,дека се гонат политички ,а мерцедесот е токму тоа политички прогон",negative,negative,neutral,negative,0.75,negative,0.95,5,negative,2,False,4,0.8,True,True,False,True,True,BERTweet
Ugw2v2T3In8ONCsevS14AaABAg,"Ха,ха,ха на Европа ќе и се наруши угледот дека Македонците немало да веруваат во вредноста на Европа ,тие името и идентитетот ни го променаа и стапот не ги заболи па сега ти ги стресе Благоја Марковски",negative,positive,neutral,negative,0.8,negative,0.94,5,negative,3,False,3,0.6,True,False,False,True,True,"NLPTown, BERTweet"
UgxwpQL88KPDzJ-Hf0R4AaABAg,"Министерот треба да даде оставка по командна и морална одговорност, само тоа вази за нормални земји, како сто и Заев требасе да даде оставка после неуспесниот Референдум, како сто тоа го направил Сарл де Гол на времето, како и премиерот Камерон, но тој поради успесниот Референдум за Брегзит за сто тој се противесе !?",negative,negative,neutral,negative,0.8,negative,0.83,5,negative,2,False,4,0.8,True,True,False,True,True,BERTweet
UgxJj6QWvp4pLnBG9ad4AaABAg,Водителкава не знае која камера ја снима па гледа некаде во пафон !?,neutral,negative,neutral,negative,0.8,negative,0.95,5,negative,2,False,3,0.6,False,True,False,True,True,"CardiffNLP, BERTweet"
UgxT19roW5085XhEtnp4AaABAg,"Ха,ха,ха Спасовски сам ќе си дадеше оставка ако беше во Шведска,но на Балкан нема оставка па и со калашников да му ја бараат ,па и сите криминалци да избегаат ха,ха,ха брзо ќе влезиме во еу",negative,negative,neutral,negative,0.8,negative,0.95,5,negative,2,False,4,0.8,True,True,False,True,True,BERTweet
UgymsHcpq-UCCsKRFQB4AaABAg,"Па и реномираниот адвокат Арбен Гоља на една телевизија изјави дека не гледа никакво дело во пресудата за ""Мерцедесот"", сто повеке треба за да се процени дека се работи за политицки прогон, како сто е и обвинението за самарите во Центар, затоа сто на снимката се слуса како вели ""удри му неколку самари"", а тоа е окаректизирано како потикнувње на насилство !?",negative,negative,neutral,negative,0.8,negative,0.94,5,negative,2,False,4,0.8,True,True,False,True,True,BERTweet
UgxI2RqX79aohpj16g54AaABAg,"Бреј теле Никола трчаше по Вардар се спремаше кондиционо да го преплива езерото ,во случај кајчето на Лихнида да откажи ха,ха,ха.Лихнида е таа што го пренеси преку езеро, одма Спасовски да ја притвори",negative,negative,neutral,neutral,0.85,negative,0.95,5,negative,2,False,3,0.6,True,True,False,False,True,"BERTweet, Gemma"
UgxI2RqX79aohpj16g54AaABAg.8njPMTY2pic8nk0Y-46otY,УБАВА ИДЕЈА МУ ДАДЕ СЕГА И ЛИХНИДА КЕ ЈА БАРА ХАХА,negative,positive,neutral,positive,0.85,negative,0.95,5,,3,False,0,0.0,False,False,False,False,False,
UgyTEv9ldymWNoIknXN4AaABAg,Зошто го дефокусирате народот? Вистинскиот разговор треба да биде како вистинските криминалците од СДССорос да се стават во затвор за злосторства та што ги направија и продолжуваат да ги праваат на жалост кон Македонскиот народ.,negative,negative,neutral,negative,0.8,negative,0.95,5,negative,2,False,4,0.8,True,True,False,True,True,BERTweet
UgxEXeV7325GixBfmOl4AaABAg,манел,neutral,neutral,neutral,negative,0.7,negative,0.9,5,neutral,2,False,3,0.6,True,True,True,False,False,"Gemma, Llama"
Ugy_nEKyuVhlLR3TX394AaABAg,"Вазно дека адвокатот е упатен дека СЈО и Министерот не се криви за нисто, не е битно дали е упатен за екстрадицијата !",negative,negative,neutral,negative,0.7,negative,0.55,5,negative,2,False,4,0.8,True,True,False,True,True,BERTweet
UgwprFkPBDBwZXflE794AaABAg,"А дали експертот за безбедност оцекува дека 8 те одметници ке гласаат За во Собранието, воколку не будат амнестирани !?",negative,negative,neutral,negative,0.7,negative,0.94,5,negative,2,False,4,0.8,True,True,False,True,True,BERTweet
UgxxkCHlqi_vxQc25Qd4AaABAg,"Ниту се фокусирале ниту нисто, тоа е едноставно заради бекството на Груевски, тоа и го каза Катица Јанева, а не спомена никаква проценка !?",negative,negative,neutral,negative,0.8,negative,0.94,5,negative,2,False,4,0.8,True,True,False,True,True,BERTweet
Ugw-xr2-q13F-2V3FeB4AaABAg,"На самата унгарска граница Груевски мозел да казе дека бара политицки азил, во кој слуцај не морал да показува патна исправа! Во слуцајот на Гуевски, тој најверојатно избегал со цел да го обелодени ""независното"" судство и ""независното"" СЈО пред ЕУ, со мозност да се обноват судските процеси !?",negative,negative,neutral,negative,0.8,negative,0.95,5,negative,2,False,4,0.8,True,True,False,True,True,BERTweet
UgyXNmtR8rL72I7ShiJ4AaABAg,"Доста го бранис СЈО адвокате, па тие беа обвинители, тие се тие кои требале да бараат посебни мерки, како сто сега тие побараа од судот притвор за Јанакиески и Лазаревски !?",negative,negative,neutral,negative,0.8,negative,0.95,5,negative,2,False,4,0.8,True,True,False,True,True,BERTweet
UgwPdxN9JfqVFaeHAK54AaABAg,"Е не ке ви седи да си играте мајтап со него, да го тузите за потикнување за купување на ""мерцедес"", затоа сто и тој сакал да се вози понекогас и да го осудите на две години затвор, за сто ниту реномиран адвокат на една телевизија изјави дека не гледа никаво дело, или за потикнување на насилство, бидејки во снимката се слуса како вели, ""удри му неколку самари"" !?",negative,negative,neutral,negative,0.8,negative,0.95,5,negative,2,False,4,0.8,True,True,False,True,True,BERTweet
UgyUCSFY-t3GUf37Cj14AaABAg,Некој овде треба да го подобри сексуалниот живот,neutral,neutral,neutral,negative,0.8,positive,0.95,5,neutral,3,False,3,0.6,True,True,True,False,False,"Gemma, Llama"
UgzFOBdUHDQnKxUhFkx4AaABAg,Па Марковски дозволи дека за многумина Груевски е звезда !,positive,positive,neutral,positive,0.85,positive,0.95,5,positive,2,False,4,0.8,True,True,False,True,True,BERTweet
Ugy0KcY1VIpnsZaLR2h4AaABAg,колку е апсурдно кога се слусаат слугите на ѓаволот....,positive,negative,neutral,negative,0.8,negative,0.95,5,negative,3,False,3,0.6,False,True,False,True,True,"CardiffNLP, BERTweet"
UgwqUUnyxdjDACAKgMV4AaABAg,ОТВОРЕТЕ ОЦИТЕ И ВИДЕТЕ ЗАЈКО СО НИ СПРЕМА СТЕ СЕ ЗАГНАЛЕ ДА ЗНАЈТЕ КАКО ИЗБЕГА НИКОЛА НЕМА НИ ДА ЗНАЈТЕ ТОЈ СИ ЗАМИНА И ДА СЕ НАДЕВАМЕ КЕ ПОМОГНИ КОГА ЕУ КЕ ВИДИ СТО СЕ ДЕСАВА А ДОТОГАС БАРАТЕ САМАР ДА СЕ ОДМАЗДИТЕ ЗА ОВА,negative,negative,neutral,negative,0.8,negative,0.93,5,negative,2,False,4,0.8,True,True,False,True,True,BERTweet
Ugw4kvKo5AnC3RxP4jt4AaABAg,"Адвокате и поранесен јавен обвинителе, не тврдите нисто одговорно !",negative,negative,neutral,negative,0.8,negative,0.95,5,negative,2,False,4,0.8,True,True,False,True,True,BERTweet
UgzEAgxP6PgOZpKCE114AaABAg,"Адвокате доста го бранис СЈО и Министерот, па ваљда не оцекувас банките да пријавуваат кога нивните клиенти си ги подигаат парите !? Ова е принципиелно прасање !",negative,negative,neutral,negative,0.5,negative,0.95,5,negative,2,False,4,0.8,True,True,False,True,True,BERTweet
UgwR2kPsSMmjrKCl11h4AaABAg,Овие. Петпаре. Ум. Си. Немает. А. Водителката. Катастрофа приказни. Си. Казуваат,negative,negative,neutral,negative,0.8,negative,0.94,5,negative,2,False,4,0.8,True,True,False,True,True,BERTweet
UgwWHgHxmMobkWgrfLF4AaABAg,замина со золто комбе,negative,neutral,neutral,negative,0.8,negative,1.0,5,negative,2,False,3,0.6,True,False,False,True,True,"NLPTown, BERTweet"
UgyH_wunkgM16UPyAS14AaABAg,Никако повлецување од Антицката Македониа...,negative,negative,neutral,negative,0.7,negative,0.95,5,negative,2,False,4,0.8,True,True,False,True,True,BERTweet
UgyH_wunkgM16UPyAS14AaABAg.8oWl8qGkc1M8oWyvf2RFlj,<УСЕР>-ксб9гд Насата историа је секојдневна од поколание само грци писуваат историа кој си ти и каква историа ти бранис тоа е твоја работа дркаѓио...,neutral,negative,neutral,negative,0.8,negative,0.94,5,negative,2,False,3,0.6,False,True,False,True,True,"CardiffNLP, BERTweet"
UgyH_wunkgM16UPyAS14AaABAg.8oWl8qGkc1M8oX0hASDCQe,"<УСЕР> Се гледа од составот на рецениците дека имас ИК коефициент помал од бројот на цевлите, таа историја, на која ти верувас вазесе од Куманово до Гевгелија и нигде на друго место, а после ратификување на договорот нема ни тука да вази, така да мосес само да се фатис за својот полов орган и да се самозадоволис.",negative,negative,neutral,negative,0.8,negative,0.95,5,negative,2,False,4,0.8,True,True,False,True,True,BERTweet
UgyH_wunkgM16UPyAS14AaABAg.8oWl8qGkc1M8oX3RJsTiPH,<УСЕР>-ксб9гд Ако ти показувас култура и понасање не си ме импресионирал цепкај го носот.,negative,negative,neutral,negative,0.8,negative,0.95,5,negative,2,False,4,0.8,True,True,False,True,True,BERTweet
Ugwi_o3g7B9lMSewI814AaABAg,"Браво така треба да се менува името, требит у ЕУ и нато да влезиме",neutral,positive,neutral,positive,0.85,positive,0.95,5,positive,2,False,3,0.6,False,True,False,True,True,"CardiffNLP, BERTweet"
UgwkwYIYKoFwLFKkuxh4AaABAg,Овој цовек заслузува да биде пресидент,neutral,negative,neutral,positive,0.95,positive,0.95,5,,3,False,0,0.0,False,False,False,False,False,
UgxKz7yBv-PS5pJ3qZN4AaABAg,Убај гости ви дојдоа браво до кое дередје дојдовте,positive,positive,neutral,positive,0.85,negative,0.95,5,positive,3,False,3,0.6,True,True,False,True,False,"BERTweet, Llama"
UgzRVzBpmc0uBFdr0594AaABAg,Ајде бе шетај,neutral,negative,neutral,negative,0.8,positive,0.95,5,,3,False,0,0.0,False,False,False,False,False,
UgzkSbpZunEZgPqmsT14AaABAg,Ти неси нормален приателе,negative,negative,neutral,positive,0.95,negative,1.0,5,negative,3,False,3,0.6,True,True,False,False,True,"BERTweet, Gemma"
UgySMJ7eN-Mv2sD-clF4AaABAg,Точно Мичо....,neutral,negative,neutral,negative,0.7,negative,0.95,5,negative,2,False,3,0.6,False,True,False,True,True,"CardiffNLP, BERTweet"
UgwAr8lMh0pom20YD1R4AaABAg,Македонецот само под ропство кога му иде памет,negative,negative,neutral,negative,0.7,negative,1.0,5,negative,2,False,4,0.8,True,True,False,True,True,BERTweet
UgwZJu6UmfRgaGInlHR4AaABAg,СИГУРНО ПОСТОЈАТ МЛАДИ УЦЕНИ СПОСОБНИ КАДРИ ....ИСТИТЕ КАДРИ САМИСЕБЕ ТРЕБА ФА СЕ ВЛОЗАТ ЈАВНО СО СВОИТЕ КАПАЦИТЕТИ ЗА СВОЈЕ ДОБРО А ТОА СЕ ПОСТИГНУВА СО ЈСВНИ СЕЛЕКТИВНИ ВРВНИ ДЕБАТИ СО КОИ ТРЕБА СЕКОЈА НОВИНСКА АГЕЦИЈА ДА СЕ ЗАНИМАВА А НЕ СО БЕСКОРИСНИ КРИТИКИ..И ТИЕ СТО УЦАТ СЕ НАДМИНАТИ ..СРАМНО Е ВО ДЕНЕСНО ВРЕМЕ СО ИНТЕРНЕТ ДОСТИГНУВАЊА ДА СЕ ПРЕПУСТИ СПОСОБНОСТА НА НЕСПОСОБНИТЕ..КУЛТУРАТА СЕ УЦИ СО ДЕЛА НЕ СО ПРИКАСКИ СЕ СО НАПРЕДНИ ГЛЕКСИСТА ВО СЕ..,negative,negative,neutral,negative,0.5,negative,0.83,5,negative,2,False,4,0.8,True,True,False,True,True,BERTweet
UgyAlwLUWZorDItVW5Z4AaABAg,ШТО ЗБОРУВА МИЦКО? ДАЛИ ЗНАЕ ШТО САКА ДА КАЗИ...!!,negative,negative,neutral,negative,0.75,negative,0.95,5,negative,2,False,4,0.8,True,True,False,True,True,BERTweet
UgyAlwLUWZorDItVW5Z4AaABAg.9tT9SxnIlXz9tWqKDw4_HE,"ИМА ОН ПЛАН, И СПОРЕД ТОЈ ПЛАН ОСТВАРУВА",neutral,positive,neutral,positive,0.85,positive,0.95,5,positive,2,False,3,0.6,False,True,False,True,True,"CardiffNLP, BERTweet"
UgyAlwLUWZorDItVW5Z4AaABAg.9tT9SxnIlXz9tXs7uKTBuE,<УСЕР> Дали е мозно рака да си поддадете за доброто на Македонија? Ако не се обединиме ојдовме.,negative,negative,neutral,negative,0.8,negative,0.95,5,negative,2,False,4,0.8,True,True,False,True,True,BERTweet
UgzmAW7D4IkD80cYKHZ4AaABAg,"Трајко ке пукне од мака сто не е министер, толку е провиден и љубоморен. Бесе министер ја видовме твојата мозност за развој на македонската економија. Доста се сетас по емисии твоето време помина!",negative,positive,neutral,negative,0.8,negative,0.95,5,negative,3,False,3,0.6,True,False,False,True,True,"NLPTown, BERTweet"
UgyxlTpgin1-JKM9Ant4AaABAg,"Тевдовски домашните претпријатија се на оние Бранко што им го раздели имотот и нивниот капитал треба да се одземи и продаде на вистинска лицитација ,а не да им се дава уште пари од буџетот",negative,negative,neutral,negative,0.8,negative,0.95,5,negative,2,False,4,0.8,True,True,False,True,True,BERTweet
UgwnPDFGLf-dbMr_ksB4AaABAg,Ке имате 25 000 000 Евра повејке за крадење Мајмуни Арамишта не ви е страм,negative,negative,neutral,negative,0.8,negative,0.95,5,negative,2,False,4,0.8,True,True,False,True,True,BERTweet
Ugyhbl7ptTPhHU-zCQV4AaABAg,тешко на народот со вакви министри и влада,negative,negative,neutral,negative,0.8,negative,0.95,5,negative,2,False,4,0.8,True,True,False,True,True,BERTweet
Ugw5XOu5gtuEAQeVkuh4AaABAg,"Министре слабо нешто дебатата, браво за госпоѓата Даниела, за старецот албанец нека научи парите",negative,neutral,neutral,negative,0.7,negative,0.95,5,negative,2,False,3,0.6,True,False,False,True,True,"NLPTown, BERTweet"
Ugz7irjMDMJ85yYMHWB4AaABAg,"Тој Чепреганов е северјан, предавник на Македонскиот народ.",neutral,positive,neutral,negative,0.8,negative,1.0,5,,3,False,0,0.0,False,False,False,False,False,
Ugxjz2nZzalv0GCke5R4AaABAg,"Помлада, поретардирана и посмотана верзија на Цомовски",neutral,positive,neutral,negative,0.8,negative,0.95,5,,3,False,0,0.0,False,False,False,False,False,
Ugxjz2nZzalv0GCke5R4AaABAg.8tLY4TzFRPo8tMRB7tt1UW,Владимир Ристевски Да крушката не паѓа подалеку од дрвото! Иначе малиот ЧОМО е полна катастрофа!,negative,negative,neutral,negative,0.8,negative,0.95,5,negative,2,False,4,0.8,True,True,False,True,True,BERTweet
Ugz7h_YuVJ054dJ50aN4AaABAg,"Македонците наместо да сонуваат дека ЕУ ке ги помогне И ке им ги реси зивотните проблеми се лазат. Само прасајте ги Бугарите и Румуните, на Македонците не И треба ЕУ, им треба слога и труд а не да седат по кафаните. ЕУ ке донесе само големи такси и корупција.",negative,negative,neutral,negative,0.8,negative,0.95,5,negative,2,False,4,0.8,True,True,False,True,True,BERTweet
Ugwswzoe2aMy42eAB3d4AaABAg,Да за уставното име Р.Македониа. Не со уцени во ЕУ и нато..,negative,negative,neutral,positive,0.85,negative,0.95,5,negative,3,False,3,0.6,True,True,False,False,True,"BERTweet, Gemma"
Ugx7hooNU5o5DsgPHKB4AaABAg,"в Кјустендил и Гоце Делчев имало мнаго ""македонци""..... ха ха ха ха ха ха ха ха ха ха ха ха ха ха ха ха ха ха ха ха ха ха ха",neutral,negative,neutral,negative,0.8,negative,1.0,5,negative,2,False,3,0.6,False,True,False,True,True,"CardiffNLP, BERTweet"
Ugx0bpqo5eabgVFQP-R4AaABAg,Све предавник до предавник 😢,negative,positive,neutral,negative,0.8,negative,1.0,5,negative,3,False,3,0.6,True,False,False,True,True,"NLPTown, BERTweet"
Ugy4DWmjJVcVLR_oBsZ4AaABAg,"Ај врати се во ВМРО ДПМНЕ и пак да бидеш директор на музејот,бидејќи ти кога беше музејот работеше најуспешно.👍",positive,negative,neutral,positive,0.85,positive,0.95,5,positive,3,False,3,0.6,True,False,False,True,True,"NLPTown, BERTweet"
Ugxq9gbhsmA6Pd3wXR14AaABAg,На Македонија и требаат менадгери кои имаат контакти кои ке и го обезбеди пласмано на пазарите,neutral,positive,neutral,positive,0.85,negative,0.95,5,,3,False,0,0.0,False,False,False,False,False,
UgxOXWVryawUl8I8yYV4AaABAg,Со самото “самото туркамје на платата нагоре” ке ги има мајсторите без мајстори нема напред,neutral,negative,neutral,negative,0.8,negative,0.95,5,negative,2,False,3,0.6,False,True,False,True,True,"CardiffNLP, BERTweet"
UgwSALKI1YMK61rTxuZ4AaABAg,Македонците жалат веќе 35 години..вие како револуционерна партија треба да предложите смртнна казна а не жалопојски активности,negative,negative,neutral,negative,0.8,negative,0.95,5,negative,2,False,4,0.8,True,True,False,True,True,BERTweet
UgwiP_zFofy6H7Sz4MZ4AaABAg,На Демири а и на сите Албанци му брчи во главата Охридскиот и стварање на Илирида него стапот го боли за Асном и за Македонија а ти го прашуваш Анета.,negative,negative,neutral,negative,0.8,negative,0.95,5,negative,2,False,4,0.8,True,True,False,True,True,BERTweet
UgwJD-2NPAmZ6GoqZxl4AaABAg,"Јавниот обвинител молци за крсење на сите законски прописи од страна на владата, зосто молци?? Затоа сто е КОРУМПИРАН и треба да оди на суд и во затвор. Тоа нема дасе слуци затоасто го ститат првите лудје на владата. Сите знаат за тоа.",negative,negative,neutral,negative,0.8,negative,0.95,5,negative,2,False,4,0.8,True,True,False,True,True,BERTweet
UgywgPyDrLGkR_Nx9594AaABAg,Тешко теско на народо со ова политика Само народо пати,negative,negative,neutral,negative,0.8,negative,0.95,5,negative,2,False,4,0.8,True,True,False,True,True,BERTweet
UgxQqqlsvJpzT_kdTFx4AaABAg,"Ах,.. мори Ането.....",positive,negative,neutral,negative,0.8,negative,1.0,5,negative,3,False,3,0.6,False,True,False,True,True,"CardiffNLP, BERTweet"
UgyaATkg9Alt8SNCxWl4AaABAg,ако е македонскиот јазик јузно словенски .каков е тогаш јазикот што го зборуваат македонците во грција . или и тие се јузнословенски грци,neutral,negative,neutral,negative,0.75,neutral,0.85,5,neutral,2,False,3,0.6,True,False,True,False,True,"NLPTown, Gemma"
UgwD65iGStGV0br7kPt4AaABAg,"Македонија е Дрзава на три констутивни народи Македонците,Албанците,Турците и останатите народности со Три официјални Дрзавни јазици АСНОМ",neutral,positive,neutral,negative,0.8,neutral,1.0,5,neutral,3,False,3,0.6,True,False,True,False,True,"NLPTown, Gemma"
UgwD65iGStGV0br7kPt4AaABAg.8nJ1FB6Zm3Y8nJdZG8TaOV,Воскре Главинцевска А кајсе тие власи или јазиците им се здебелени ОД лизење на Славомакедонскиот Газ,negative,negative,neutral,negative,0.8,negative,0.94,5,negative,2,False,4,0.8,True,True,False,True,True,BERTweet
UgykrJlISsDbjRQe1DF4AaABAg,не се исти географските и етничките граници на Македонија,neutral,negative,neutral,negative,0.75,neutral,0.85,5,neutral,2,False,3,0.6,True,False,True,False,True,"NLPTown, Gemma"
Ugyje0Dktoy4a-Ubim14AaABAg,Децкото е пример за интелигентна и критицна мисла за секој млад цовек! Секоја цест!,positive,positive,neutral,positive,0.85,positive,0.95,5,positive,2,False,4,0.8,True,True,False,True,True,BERTweet
UgzkqlRZ5xWyzfQ4hmJ4AaABAg,Каков оратор и голем човек е Амар! АЛЛ ИН на Левица!,positive,positive,neutral,positive,0.85,positive,0.95,5,positive,2,False,4,0.8,True,True,False,True,True,BERTweet
UgwpmpsLN4hGjrJLrp14AaABAg,"Липцо Петрески ,како си го сроцил коментаров алал ти вера.👏👏👏👍 0:20",positive,negative,neutral,positive,0.95,positive,1.0,5,positive,3,False,3,0.6,True,False,False,True,True,"NLPTown, BERTweet"
UgxmHfrctGWECnVl5GB4AaABAg,"Браво! Едноставно Прав цовек на право место! Секој нормален цовек би сакал да види И слусни нормален цовек И добар пратеник а не папагали како многумина! Се разбира,мозноста да критикува со аргументи му дозволува тако говор,за разлике од оние сто бранат НЕОДБРАНЛИВО И лицен ИНТЕРЕС!",positive,positive,neutral,positive,0.85,positive,0.95,5,positive,2,False,4,0.8,True,True,False,True,True,BERTweet
Ugysz-0EidufyCVA3-t4AaABAg,"Јас се гордеам сто те гласав.Панце не ти е ни до глуздови.Му требаат 3 минути да сроци една реценица.Не дај Бозе да ти е адвокат го губис делото и ако не треба 100%.Ти,блазе на таа мајка сто те роди и тие родители сто те одгледаа.Нека ги дигнат главите гордо и високо ти БЛЕСКАС во собранието.Панце не ти е близу ни до малиот прст.Не знам Апасиев дали ке ти даде помалку од 10 за ораторство👏👏👏👏АМАР❤",negative,negative,neutral,positive,0.85,positive,0.98,5,,3,False,0,0.0,False,False,False,False,False,
UgwVzEuKKGFDBxhTGIx4AaABAg,"П.С. Друзе, не ти го разбираат вокабуларот колегите од власта со 81.9",negative,negative,neutral,negative,0.7,negative,0.95,5,negative,2,False,4,0.8,True,True,False,True,True,BERTweet
UgwJWCDovzVfLS3aTeN4AaABAg,Овај цовек повеке пати се дери во Собранието со мисли на основното за плакани парите и тие единствени водици за негледа повеке од носот или она што им го напишале на парце книга!Нека се дери се гиеда да има силен глас за гурултија велат турците!Христо Несковски-антицки Македонец,negative,negative,neutral,negative,0.8,negative,0.95,5,negative,2,False,4,0.8,True,True,False,True,True,BERTweet
UgxqAJxj6ZDwi6kUbC54AaABAg,Животот на нивните дечиња мафијашки е битен,negative,positive,neutral,negative,0.8,negative,0.95,5,negative,3,False,3,0.6,True,False,False,True,True,"NLPTown, BERTweet"
UgxKrVeDVl-saj_EbqR4AaABAg,"Дечко, мислиш ли дека ги погодува трагедијава пратениците : вмрОВЦИ, сдсОВЦИ, павлетрајанОВЦИ, ѕингОВЦИ, титопеткОВЦИ, бунтурОВЦИ, стојанче ангелОВЦИ., знамОВЦИ...?????? Нив ги гласаа околу 850 000 ""македонци""?????",negative,negative,neutral,negative,0.85,negative,0.95,5,negative,2,False,4,0.8,True,True,False,True,True,BERTweet
UgxKrVeDVl-saj_EbqR4AaABAg.AHYARyQhb6HAHbYnqPGm7v,"Љупцо Петрески како си ја сроцил поракава алал ти вера.Си ги навел сите пајтон партии сто се влецкаат во име на патриотизам на Македонија и ја цицаат крвта и потта на овој народ.НАРОДЕ МАКЕДОНСКИ СВЕСТИ СЕ РАЗБУДИ,СРАМ ГОЛЕМ Е ЗА ТЕБЕ САМ ДА СЕ НЕ ЗНАЕС Да зивее Левица✊️🇲🇰",negative,positive,neutral,negative,0.8,negative,0.95,5,negative,3,False,3,0.6,True,False,False,True,True,"NLPTown, BERTweet"
UgyXRxBCfN9VmeRoxLR4AaABAg,Нема сто да.збурувате за Министерот Тосковски он е наи добар бо сега овие работи не са од сега овие работи се од првата влас срамота за ваз само зборувате за говорене ве бива,negative,negative,neutral,negative,0.8,negative,0.93,5,negative,2,False,4,0.8,True,True,False,True,True,BERTweet
Ugy18nluU44_mlR1QAR4AaABAg,"Болката кај оние кои изгубија свои и оние кои се повредени,трајно оштетени а и се трауматизирани не заслужува вакви дискусии,Срам да ви биде на сите кои се повикувате на несерќата како на предмет за дискусија во арената, Оставетеги ограните какви такви да си ја заврсат работата ,тие се под притисок на сите од нас јавноста,и новинарите а вие политичарите дури и вие од левица не сте за вреување вие се борите за поени и подобра позиција за ваши лични интереси и партиски цели",negative,negative,neutral,negative,0.8,negative,0.95,5,negative,2,False,4,0.8,True,True,False,True,True,BERTweet
UgzVKE_KZ8nNASbyeiB4AaABAg,"🤣ВЕТО,ВЕТО И ПАК ВЕТО",neutral,positive,neutral,positive,0.85,negative,1.0,5,,3,False,0,0.0,False,False,False,False,False,
UgzgIWIP340658H05Id4AaABAg,И толд јоу со. ВЕТО МЕАНС ВЕТО!,neutral,positive,neutral,negative,0.8,negative,0.95,5,,3,False,0,0.0,False,False,False,False,False,
Ugw5hQO-XC3AE8Z4mzp4AaABAg,браво на Бугарија,positive,positive,neutral,positive,0.95,positive,0.95,5,positive,2,False,4,0.8,True,True,False,True,True,BERTweet
Ugw5hQO-XC3AE8Z4mzp4AaABAg.AC9hoXko6dyACBK8WImyaf,"Браво, но не браво што Бугарија не си ја научи лекцијата како да постапува со Македонија. И двете страни сме за стап. Ние што глумиме поголеми Срби а вие што пуштате националисти да прават омраза, т.е, уште повеќе да се србизира Македонија од волја на народот.",negative,neutral,neutral,negative,0.5,negative,0.85,5,negative,2,False,3,0.6,True,False,False,True,True,"NLPTown, BERTweet"
Ugwq_5enUAWhKdkqeOl4AaABAg,Така само тврдо,neutral,negative,neutral,negative,0.7,negative,0.9,5,negative,2,False,3,0.6,False,True,False,True,True,"CardiffNLP, BERTweet"
UgzYYyXIicSik0toOot4AaABAg,<УРЛ>,neutral,neutral,neutral,neutral,0.7,neutral,0.85,5,neutral,1,True,5,1.0,True,True,True,True,True,
UgyQlGVn_LYxdXhUFYR4AaABAg,"Дражте кичмата тварда и изправена, северджани! Кажете НЕ на бугаризацијата! Никакви бугари во устав, никакви ултиматуми!",negative,negative,neutral,negative,0.8,negative,0.95,5,negative,2,False,4,0.8,True,True,False,True,True,BERTweet
Ugx2A1ysazcupIzoVj14AaABAg,Сарбија спира Северна Македонија да започне преговори а не Балгарија.,neutral,negative,neutral,negative,0.8,negative,0.9,5,negative,2,False,3,0.6,False,True,False,True,True,"CardiffNLP, BERTweet"
Ugx2A1ysazcupIzoVj14AaABAg.ACAT4ZaUdhnACB2tIzhCsr,<УСЕР> Тоа брату од дамна е. Плус дел е и ваша грешка што не сте научиле како да постапите со нас (особено со Србоманите наши) на кој Србија реши да ја искористи да си ја шири својата цел. Погледни го интервјуто на Љубчо Георгиевски од Васко Ефтов од 2022ра година да сфатиш на што мислам.,negative,negative,neutral,negative,0.8,negative,0.95,5,negative,2,False,4,0.8,True,True,False,True,True,BERTweet
Ugx2A1ysazcupIzoVj14AaABAg.ACAT4ZaUdhnACBunsIkKfb,😂😂😂😂 Србија во ЕУ ли е???,neutral,negative,neutral,negative,0.8,negative,0.95,5,negative,2,False,3,0.6,False,True,False,True,True,"CardiffNLP, BERTweet"
Ugx2A1ysazcupIzoVj14AaABAg.ACAT4ZaUdhnACBxvdEt2ZB,<УСЕР> Он збори за тоа ние што сме попалени по Србија и што ја слушаме. Од тоа не заостанува.,neutral,negative,neutral,negative,0.8,positive,0.95,5,,3,False,0,0.0,False,False,False,False,False,
Ugx2A1ysazcupIzoVj14AaABAg.ACAT4ZaUdhnACBySiDmaqk,<УСЕР> Не и скоро нјама да баде.,neutral,negative,neutral,negative,0.8,negative,0.95,5,negative,2,False,3,0.6,False,True,False,True,True,"CardiffNLP, BERTweet"
Ugx2A1ysazcupIzoVj14AaABAg.ACAT4ZaUdhnACHRqlwztkk,<УСЕР> штото сте срабски мекерета,negative,negative,neutral,negative,0.8,negative,0.95,5,negative,2,False,4,0.8,True,True,False,True,True,BERTweet
UgwVFEJuhsbPWbyo5SF4AaABAg,Ова е зива вистина,neutral,negative,neutral,positive,0.85,negative,0.95,5,,3,False,0,0.0,False,False,False,False,False,
UgwlSQRdzaoShVDTuuZ4AaABAg,"Лиар, лиар, панц он фире! Б О Ј Ц О Т Т!",neutral,negative,neutral,negative,0.8,negative,1.0,5,negative,2,False,3,0.6,False,True,False,True,True,"CardiffNLP, BERTweet"
UgxDlWSa81T1PS96RFp4AaABAg,<УРЛ> Повелете една апликација :) во текот на утрешниот ден ќе објавиме тука уште една.,neutral,negative,neutral,neutral,0.74,positive,0.95,5,neutral,3,False,3,0.6,True,False,True,True,False,"NLPTown, Llama"
Ugw9V-Anfc0p6ClBUvd4AaABAg,Сара толку многу си убава што многу луѓе би го занемариле фактот дека веруваш во апсолутно застарени и не конзистентни глупости ...,negative,positive,neutral,negative,0.8,negative,0.95,5,negative,3,False,3,0.6,True,False,False,True,True,"NLPTown, BERTweet"
UgyGDccb2ZlorwHS_ZJ4AaABAg,👍,positive,positive,neutral,positive,0.98,positive,1.0,5,positive,2,False,4,0.8,True,True,False,True,True,BERTweet
Ugzh_y34tJft4cdg23t4AaABAg,"Една од ретките убави неокласични палати во Македонија.Треба да направите и видео за палатите до Ристиќиевата палата,кои им припаѓале исто на едни од најбогатите бизнисмени во старо Скопје.",neutral,positive,neutral,positive,0.85,positive,0.95,5,positive,2,False,3,0.6,False,True,False,True,True,"CardiffNLP, BERTweet"
UgxhKIX8rouX9_DCB6x4AaABAg,Како за нас бескрајни услови овие се гробари...,negative,negative,neutral,negative,0.8,negative,0.94,5,negative,2,False,4,0.8,True,True,False,True,True,BERTweet
UgzI8n2TSr_V7rVTJf54AaABAg,"Македонците треба да заборават за ЕУ тоа никогас нема да се слуци, планот на ЕУ је поделба на Македонија нисто повеке нисто помалу, Грција, Бугарија и Албанија никогас нема да дозволат Македонија да влезе во ЕУ.",negative,negative,neutral,negative,0.8,negative,0.95,5,negative,2,False,4,0.8,True,True,False,True,True,BERTweet
UgwV1YBMM9pGAV9-XSl4AaABAg,"Спрете да се самоблокирате за отпочнуването на преговорите, в интерес на трети страни.",negative,neutral,neutral,positive,0.85,negative,0.95,5,,3,False,0,0.0,False,False,False,False,False,
UgxyMTWa0lp2UP63t514AaABAg,ВЕТО ОТ БАЛГАРИЈА ЗА КОРИДОР 8,neutral,negative,neutral,negative,0.7,negative,0.95,5,negative,2,False,3,0.6,False,True,False,True,True,"CardiffNLP, BERTweet"
UgxyMTWa0lp2UP63t514AaABAg.A9bytI7y6Z_A9cAEpWylkf,браво,positive,positive,neutral,positive,0.98,positive,0.95,5,positive,2,False,4,0.8,True,True,False,True,True,BERTweet
UgxyMTWa0lp2UP63t514AaABAg.A9bytI7y6Z_A9cJNfb9fKo,Само „вето“ ви е во вашиот речник последниве години.,neutral,negative,neutral,negative,0.8,negative,0.94,5,negative,2,False,3,0.6,False,True,False,True,True,"CardiffNLP, BERTweet"
UgxyMTWa0lp2UP63t514AaABAg.A9bytI7y6Z_A9cPxuW-LEi,"<УСЕР> От 70 години насам в Македонија кариера с прави с плјуене срешту балгарите. Всеки на всички нива по всјакакав повод објаснјава как балгарите са татари, монголи, фашисти, нецивилизирани и тн. Дори думата бугарин често се сакраштава за да звучи по-обидно, като негар, човек втора категорија и тн. Гледам ви вестниците и телевизиите от 20 години - едно и сашто, независимо от повода: дива омраза кам Балгарија и балгарите и отричане на всјакакви вразки когато и да било. Можете да лажете европејците колкото си искате, но ние и близо 2 милиона балгари от семејства на бежанци от грацка и срабска Македонија знаем истината. Историјата на ВМРО е наша семејна историја. Нашите дјадовци и баби са се борили за автономна Македонија, те лежаха в окопите на Парвата световна војна, те се бориха и сарбите оо време на ЈУжната Бановина. Знаем вдичко от парва рака, помним, пазим, славим. Нјама да ви позволим да лажете повече! Истината ште излезе на јаве - и за служителите на УДБА и за убитите АСНОМци и стотици други преследвани заради балгарското си сазнание. А иначе вие самите днес в РСМакедонија НЕ НИ интересувате ВАОБШТЕ. Истината за дедовците ни трјабва да излезе и ште излезе. Вие днешните македимци в правете каквото си искате. Ваша си работа. Нито сте важни, нито нјакога ште баде за нас.",negative,negative,neutral,negative,0.65,negative,0.94,5,negative,2,False,4,0.8,True,True,False,True,True,BERTweet
UgxyMTWa0lp2UP63t514AaABAg.A9bytI7y6Z_A9cQrIQ88dz,<УСЕР> като нештеш мира нати секира,neutral,negative,neutral,negative,0.8,negative,0.95,5,negative,2,False,3,0.6,False,True,False,True,True,"CardiffNLP, BERTweet"
UgxyMTWa0lp2UP63t514AaABAg.A9bytI7y6Z_A9dadFFzHNi,Заветени се @Дац_ДТ_МКД,positive,negative,neutral,negative,0.7,negative,0.95,5,negative,3,False,3,0.6,False,True,False,True,True,"CardiffNLP, BERTweet"
UgxGMAAWN7w73vq3LaB4AaABAg,"Трјабва да признаем, че ние балгарите всаштност сме монголци. 💪🏿✌🏿🇧🇬🇲🇳",positive,negative,neutral,negative,0.8,positive,0.95,5,,3,False,0,0.0,False,False,False,False,False,
UgxvWCoDr2HKEfg2y9t4AaABAg,Гордеем се с нашата родина Монголија. Ние сме горди монголи! 🇧🇬🇲🇳👌🏿👷🏿‍♀️,positive,positive,neutral,positive,0.95,positive,0.95,5,positive,2,False,4,0.8,True,True,False,True,True,BERTweet
UgxvWCoDr2HKEfg2y9t4AaABAg.9atSQgCU-sP9atUM5FNL98,"Монголија си има своја историја, не е создадена од коминтернисти, монголската нација не е вештачка, монголскиот јазик е вистински, јас неможам да разберам што се замарате со Монголија? Ова се вистинска држава, вистински народ, вистински јазик, и историја си имат, и светот са владееле. Са не забораваме дека и култура имат. Северна Македонија е како Северна Кореја. Комунистичка творба, нема ништо свое, нема никакви традиции. Дури Северна Кореја има повеке од вас. Они ништо свое си немат, тргнале со оние кои имат да се замарат. Смех во залата!",neutral,negative,neutral,negative,0.5,negative,0.95,5,negative,2,False,3,0.6,False,True,False,True,True,"CardiffNLP, BERTweet"
UgxvWCoDr2HKEfg2y9t4AaABAg.9atSQgCU-sP9atUwNXfytu,<УСЕР> В Балгарија почитаме монголските традиции и историја 🇲🇳🇧🇬✌🏿💪🏿👌🏿👋🏿,neutral,positive,neutral,positive,0.85,positive,0.95,5,positive,2,False,3,0.6,False,True,False,True,True,"CardiffNLP, BERTweet"
UgxvWCoDr2HKEfg2y9t4AaABAg.9atSQgCU-sP9atWzdTcFbn,"<УСЕР>.1.1 Монголски не, али они поне имат, за разлика од вас и ова беше прашането.😇",neutral,negative,neutral,neutral,0.65,neutral,0.85,5,neutral,2,False,4,0.8,True,False,True,True,True,NLPTown
UgxvWCoDr2HKEfg2y9t4AaABAg.9atSQgCU-sP9atXxPVr3Xv,@аце1.1.1 варви ли евронитеграцијата?,neutral,negative,neutral,neutral,0.65,neutral,0.85,5,neutral,2,False,4,0.8,True,False,True,True,True,NLPTown
UgxvWCoDr2HKEfg2y9t4AaABAg.9atSQgCU-sP9atYL5vYUbl,<УСЕР> ние в Балгаристан почитаме и се гордеем с нашите национални монголски герои.. 🇲🇳🇧🇬💪🏿👋🏿👨🏿‍🎤,positive,positive,neutral,positive,0.85,positive,0.95,5,positive,2,False,4,0.8,True,True,False,True,True,BERTweet
UgxvWCoDr2HKEfg2y9t4AaABAg.9atSQgCU-sP9atYgM5c_bD,<УСЕР> Слава на Монголија—на страната ни.🇧🇬🇲🇳🇧🇬🇲🇳👋🏿✌🏿👌🏿💪🏿👷🏿‍♀️Да живее Азиатскијат сајуз!!!!🇲🇳🇧🇬🇲🇳👋🏿✌🏿👨🏿‍🎤,positive,positive,neutral,positive,0.85,positive,0.95,5,positive,2,False,4,0.8,True,True,False,True,True,BERTweet
UgxvWCoDr2HKEfg2y9t4AaABAg.9atSQgCU-sP9atYqljX3Yk,<УСЕР>.1.1 Ние си имаме наши. Не ни требат монголските. За разлика од некои луге.,neutral,negative,neutral,negative,0.8,negative,0.95,5,negative,2,False,3,0.6,False,True,False,True,True,"CardiffNLP, BERTweet"
UgxvWCoDr2HKEfg2y9t4AaABAg.9atSQgCU-sP9atZQw9pSJZ,<УСЕР>.1.1Супер. А вие ке ни правите компанија од соседна Северна Кореја.😁,neutral,negative,neutral,positive,0.85,positive,0.95,5,,3,False,0,0.0,False,False,False,False,False,
UgxvWCoDr2HKEfg2y9t4AaABAg.9atSQgCU-sP9atZh7_mUa9,<УСЕР>.1.1 Јас ја сакам повеке Кореја од Монголија.🤷‍♂️,neutral,negative,neutral,neutral,0.78,positive,0.95,5,neutral,3,False,3,0.6,True,False,True,True,False,"NLPTown, Llama"
UgxvWCoDr2HKEfg2y9t4AaABAg.9atSQgCU-sP9atZiLF8UYg,<УСЕР> балгари 🇧🇬трјабва да се заварнат в родината си в Монголија 🇲🇳или Татарстан,neutral,negative,neutral,negative,0.8,negative,0.95,5,negative,2,False,3,0.6,False,True,False,True,True,"CardiffNLP, BERTweet"
UgxvWCoDr2HKEfg2y9t4AaABAg.9atSQgCU-sP9avNOFgAG50,<УСЕР> Северна Кореја ви е дружба,neutral,positive,neutral,positive,0.85,positive,0.95,5,positive,2,False,3,0.6,False,True,False,True,True,"CardiffNLP, BERTweet"
Ugxq1blcLDA2LCbC0wd4AaABAg,ние в Балгаристан почитаме и се гордеем с нашите национални монголски герои.. 🇲🇳🇧🇬💪🏿👋🏿👨🏿‍🎤,positive,positive,neutral,positive,0.85,positive,0.95,5,positive,2,False,4,0.8,True,True,False,True,True,BERTweet
UgzMK2FH_bLkLWqLt154AaABAg,Да живее Македонија 🇲🇰🇲🇰🇲🇰💪🏼💪🏼💪🏼,positive,positive,neutral,positive,0.95,positive,0.95,5,positive,2,False,4,0.8,True,True,False,True,True,BERTweet
UgxWs2dyx47_AjsW_LN4AaABAg,балгари 🇧🇬трјабва да се заварнат в родината си в Монголија 🇲🇳,negative,negative,neutral,negative,0.8,negative,0.95,5,negative,2,False,4,0.8,True,True,False,True,True,BERTweet
UgxcDSz9m9S_RlAXACZ4AaABAg,"В Балгарија 🇧🇬нјама царкви, само джамии🕌 една даржава - една вјара 🇧🇬🇲🇳🕌🇲🇳🇧🇬",neutral,negative,neutral,negative,0.8,negative,0.95,5,negative,2,False,3,0.6,False,True,False,True,True,"CardiffNLP, BERTweet"
UgzkRLz5ud4KvWHzpN54AaABAg,Македонскијат канал се преварна в стена на плача за балгарите 🤣🤣🤣🤣,negative,negative,neutral,negative,0.8,negative,1.0,5,negative,2,False,4,0.8,True,True,False,True,True,BERTweet
UgwGzbXwA7egKhA-nZZ4AaABAg,Османи нее од Османлиите тој е министер во Македонија со голема одговорност за сите поздрав од мене,neutral,positive,neutral,positive,0.85,positive,0.95,5,positive,2,False,3,0.6,False,True,False,True,True,"CardiffNLP, BERTweet"
UgwGzbXwA7egKhA-nZZ4AaABAg.9avhCY6BcXj9ax6Uj46LEm,Тоа е точно,neutral,positive,neutral,positive,0.85,positive,0.95,5,positive,2,False,3,0.6,False,True,False,True,True,"CardiffNLP, BERTweet"
UgxhUYWgCZHqxesnnd54AaABAg,За приват нормален цовек даја води бугариа,neutral,neutral,neutral,negative,0.8,negative,0.95,5,neutral,2,False,3,0.6,True,True,True,False,False,"Gemma, Llama"
UgwkFckx6CNOc5bjj2V4AaABAg,"Аз мислја че ЕС пет пари не дава за ""кредибилитетот"" на Западните Балкани. Нјакак си успјаваме да саштествуваме, и без нај-бедната и корумпирана част от континента.",negative,negative,neutral,negative,0.8,negative,0.95,5,negative,2,False,4,0.8,True,True,False,True,True,BERTweet
UgwrAgij7TXqcKCJC3J4AaABAg,"Јохн Смитх нешто си изпусна нервите.....гледам,че нешто главата не го слуша...сигурно е от сланчевото време..",negative,negative,neutral,negative,0.75,negative,0.95,5,negative,2,False,4,0.8,True,True,False,True,True,BERTweet
UgwrAgij7TXqcKCJC3J4AaABAg.9avn5ZID3c39aw1RoTg2f4,всички ние монголските балгари сме такива от раждането. ХАХАХАХАХА 🤣🤣,neutral,positive,neutral,negative,0.8,positive,0.95,5,,3,False,0,0.0,False,False,False,False,False,
UgwrAgij7TXqcKCJC3J4AaABAg.9avn5ZID3c39aw2l2Ele2e,една даржава — една вјара 🇧🇬🇲🇳🕌,neutral,positive,neutral,negative,0.8,positive,0.95,5,,3,False,0,0.0,False,False,False,False,False,
Ugz9oVkS3NqG-vYObRx4AaABAg,Гордеем се с нашата родина Монголија. Ние сме горди монголи! 🇧🇬🇲🇳👌🏿👷🏿‍♀️,positive,positive,neutral,positive,0.95,positive,0.95,5,positive,2,False,4,0.8,True,True,False,True,True,BERTweet
UgwAOL7URRxHkT0umTZ4AaABAg,Марионеттт,neutral,negative,neutral,negative,0.8,negative,1.0,5,negative,2,False,3,0.6,False,True,False,True,True,"CardiffNLP, BERTweet"
Ugyrhf7HEnAyU77l4mB4AaABAg,"ЕУ се реформира во ЕА-Еурасиа. Секоја турцинка е со 5 Киндер, колку ле само ги има од Африка.",neutral,negative,neutral,negative,0.85,negative,0.95,5,negative,2,False,3,0.6,False,True,False,True,True,"CardiffNLP, BERTweet"
Ugyrhf7HEnAyU77l4mB4AaABAg.90EfgctMdSp90Ep56Ahu8v,Игор КУЦКО кој ти каза дека тоа така ке е,neutral,negative,neutral,negative,0.8,negative,0.94,5,negative,2,False,3,0.6,False,True,False,True,True,"CardiffNLP, BERTweet"
Ugyrhf7HEnAyU77l4mB4AaABAg.90EfgctMdSp90EpdL032WP,"<УСЕР> слабо цитас, И не ја набљудувас ситуацијата.",negative,negative,neutral,negative,0.8,negative,0.95,5,negative,2,False,4,0.8,True,True,False,True,True,BERTweet
UgxijRquj2VQQv84gw94AaABAg,В ЕС само като балгари!!!!,negative,negative,neutral,negative,0.8,positive,0.95,5,negative,3,False,3,0.6,True,True,False,True,False,"BERTweet, Llama"
UgxijRquj2VQQv84gw94AaABAg.90BtyTMVBap90Bz7kqwwXZ,"Сто бараме ние во еу и нато , сто еден ден ќе це разпаднат , знам како еден горд македонец оти западнатата зивилисазија е пред крајот ! Тие ќе це осиромасат ама само со истокот со Русија ние инаме иднина ! Кога ќе це осиромасат запададот тогас ќе посне истокот да цути , тоа знаси истоцните дрзави ќе бидат богати дрзави ама денецните западни дрзави ќе бидат сиромацни дрзави ! Све ќе це смени во иднина , денецните први ќе бидат последни ама денецните последни ќе бидат први , ние во иднина кога ќе падне западот , ќе бидиме први ! Побогати од сто западот била , Свајзарија ќе биде како рингиспиел , многу побогати ќе бидиме од сто Свајзарија е сега ! Тоа знаси многу балканци ќе це вратат во својте дрзави и другите дрзави во истокот !",negative,negative,neutral,negative,0.5,negative,0.95,5,negative,2,False,4,0.8,True,True,False,True,True,BERTweet
UgxijRquj2VQQv84gw94AaABAg.90BtyTMVBap90BzrDk7dFu,"Германците и другите дрзави во западот кога тие ќе це осиромасат , тие самите ќе бидат беглаци во иднина ! Сега поснува дури и многу германци да ја напустат Германија , некој од нив планираат тоа да го направат , Германија не она сто било порано , Германија е поплавено со мигранти , пред це од муслимански дрзави од арапските дрзави и други дрзави ! Заради тоа бегаат многу германци од Германија сто е поснато , во моментот и мене повејке не ми це допајга Германија , и јас мислам да ја напустам Германија за секогас и никогас нема да це вратам во Германија !",negative,negative,neutral,negative,0.8,negative,0.95,5,negative,2,False,4,0.8,True,True,False,True,True,BERTweet
UgxijRquj2VQQv84gw94AaABAg.90BtyTMVBap90CCddRMNLx,"<УСЕР> Каде е стапил руски ботуш,трева не е никне.Ние бефме 45г со СССР и што?Сега имаме 2 000 000 емигранти,ама тија сека година праштат неофициално 4-5 милирди €,стројат куки на 3 ката ,купуват по 2-3 апартаменти ,помагат на мајки и татковци и т.н.И се вракјат во Бугарија со европски пенсии.А в Русија никој не оди.Напротив, во Бугарија има руска диаспора от 60-70 000 руси,кои имат куки тука и са доволни.Не се лажете,иднината е со Западот!!!",negative,negative,neutral,negative,0.8,negative,0.94,5,negative,2,False,4,0.8,True,True,False,True,True,BERTweet
UgxijRquj2VQQv84gw94AaABAg.90BtyTMVBap90CDm1Z1DoS,"<УСЕР> ти самиот це лазес , иднината ние кон истокот кон Русија , еу и нато ќе це разоаднат , тука сум многу сигурен ,децко !",neutral,negative,neutral,negative,0.75,negative,0.94,5,negative,2,False,3,0.6,False,True,False,True,True,"CardiffNLP, BERTweet"
UgxijRquj2VQQv84gw94AaABAg.90BtyTMVBap90EE2POM5F5,"<УСЕР> Не сум децко,но благодарам.Биди жив и здрав!",positive,positive,neutral,positive,0.85,positive,0.95,5,positive,2,False,4,0.8,True,True,False,True,True,BERTweet
UgxijRquj2VQQv84gw94AaABAg.90BtyTMVBap90EQYchSyeq,"<УСЕР> јас нерверувам лицно дека Македонија ќе влесе во еу и нато , како македонци заради огробната историја сто ја има Македонија , тие какво такви нимогас немаат да не примат таму ! Тие бараат од нас , ние да це озказеме од македонсвото сто е свето за нас , само тогас тие ќе не примат таму , тие како македонци никогас немаат да не примат, пред се никогас како горди македонци и македонки !",negative,negative,neutral,negative,0.8,negative,0.95,5,negative,2,False,4,0.8,True,True,False,True,True,BERTweet
UgxijRquj2VQQv84gw94AaABAg.90BtyTMVBap90ETi01a1L3,"<УСЕР> мене некако ми иде секој ден голем радост и гледам и це цудам од каде овој радост и насмевка ми иде , тоа ме прави мене многу храбар децко како еден горд македонец ! Патам многу и сепак ми иде голем радост во мене со многу голема енергија ! Тој радост е тосно од Бог благослов , оти само тој ми дава една голема невероватни радост во мене ! Другите це многу агресивни , ама јас како еден горд македобец ми иде една голема радост , несто сто не си видел ! Кога одам наработа со насмевка ,кога одам на просетка со насмевка , тоа мене ме прави многу успесен ! Од порано до денец , ми це кади повејке од дупло платата моја , со заробтам со под ! Ако одис наработа ,морас да инвестирас љубов во работата , после све ќе си дојде само ! Многу сум интилигентен децко , пред це и многу мудар , оти и мудрост ми дава мојот насаканиот мили Бозе ! Вака мозам све да издрзам оти само со радоста мозам јас све да издрзам , ама останатите стануват ми , многу агресивни децкови ! Имам зивци како камен оти јас го гледам зивотот како предизвик ,сто морам секој презивик сто Бог ми дава , да го мајсторам токму како мајстор ! Ми дава задаса , да будам да разбудам толку љуѓе колку е мозно ! Оние сто спијат , морам со мојот интелект за ги разбудам , за еден подобар зивот , еден зивот со љубов и хармонија , потосно еден зивот со смисла ! Ама смислата на зивотот е тосно љубовта , морам да ја раздавам љубовта сто Бог мене ми дава на секому , дури и кај тебе ! За еден подобар зивот , еден зивот со љубов и хармонија , ти позелувам од срце ! Јас патам многу заради сум многу добар децко , полн со љубов сто дава на секому ама за него неостанува , мора да дава на секој овој љубов сто го добивам , секој ден Бог ми дава љубов , тоа е за другите ! Еден ден , неосекувано ми це врати дупло , тој љубов сто ги давам на секому ! Например , на една убава девојка им давам љубов сто не ме познава , после еден ден , тогас кога неосекував , таа љубов ми це врати кај мене дупло ! Тоа е како цудо ? Поснаа од овој сто ги давам нив , сите да имаат голем респект до мене ! Кога давам љубов го давам тоа без услов , безусловен љубов , без услов ! Ама мене ми це врајка љубовта , тоа дупло како бумеранг !",positive,positive,neutral,positive,0.82,positive,0.98,5,positive,2,False,4,0.8,True,True,False,True,True,BERTweet
UgxijRquj2VQQv84gw94AaABAg.90BtyTMVBap90ETwfkLFUm,"<УСЕР> поснаа дури и оние сто ме мразеле , да имаат голем респект до мене , порано ми це смееа после ме напајгаа и на крајот да ме приватат , токму како сум , еден децко полн со љубов !",positive,positive,neutral,positive,0.85,positive,0.95,5,positive,2,False,4,0.8,True,True,False,True,True,BERTweet
UgxijRquj2VQQv84gw94AaABAg.90BtyTMVBap90E_vmr7Cg0,"<УСЕР> овој свет е така , оти на овој свет е недостаток на љубов оти ние зивееме во еден свет на лаги ,ама лагите це токму од заволот , ама вистината е од Бога , сто е љубов со тоа и вистината ! Само Бог го знае вистината , ама мнозинсвото од народот , појма нема од вистината , оти тие ќе полудат од вистината , сто многу теско ги боли ! Од албанците бугарите србите и грците ние немаме проблем ! Најголем проблем имаме ние токму од насите предавнци , само заради нив ако не пазиме , ние ќе ја изгубиме македонската дрзава ! Оние македонци сто ја мразат Македонија , токму како заволот , оние сто веруваат само во лагите , сто е токму од заволот , таквите сто ќе полудат од вистината , сто е од Бога ! Ама за мене тие не це македонци , тие це само лазни македонци ама како македонци тие це за нас избрисани , бисви македонци , тие казуват дека биле македонци , полн со лицемерије ! Секој кој е горд македонец е вистински македонец , сто ја љуби Македонија токму од срце и дуса ! Ама овие лазните македонци ја мразат Македонија , токму како заволот, сатанот !",negative,negative,neutral,negative,0.5,negative,0.93,5,negative,2,False,4,0.8,True,True,False,True,True,BERTweet
UgxijRquj2VQQv84gw94AaABAg.90BtyTMVBap90EanAsWCCC,"<УСЕР> убаво е сто не блокираа во еу и нато , тие ќе не помогнат да падне ова предавницка велепредавницка влада ! Кога ќе падне , ќе падне исто и целата велепредавницката партија сдсмовска ! Ако бидат тие од народот македонскиот народ изгласани за велепредавници ? Ти знаес сто ги цека ? Тосно , дозивотен затвор , или полосо смртна казна ! Тогас , нема да усествава партијата сдсмовска во следните предвремени избори во Македонија ! Еу и нато ќе паднат во исто време од најтескиот камен Македонија сто е писана во библијата , сто е македонска од македонци писувана , на пример солуњаните це македонци ама никогас грци !",negative,negative,neutral,negative,0.5,negative,0.94,5,negative,2,False,4,0.8,True,True,False,True,True,BERTweet
UgxijRquj2VQQv84gw94AaABAg.90BtyTMVBap90EcO1P5N71,"<УСЕР> знаес кога балканците ќе одиме напред ? Кога ќе падне западот , ако падне западот , тогас ние немаме иднина со западот имаме само иднина со истокот , например Русија и Кина ! Еу и Нато це пред разпад , Велика Британија е само посеток , сто исто ќе разпадне ! Еден ден ќе стане независна дрзава Скоска и потоа ќе следи Северна Ирска и на крајот Валес и ќе остане само Англија , сто нема повејке да биде велесила повејке , тие со тоа ќе ги изгубат сите колонии сто ги има сега ! Тоа вази и за Франзија и Уса , усте денецните велесили ! Во еу и нато немаме ние иднина , оти тие ќе це разпаднат !",negative,negative,neutral,negative,0.8,negative,0.95,5,negative,2,False,4,0.8,True,True,False,True,True,BERTweet
UgxijRquj2VQQv84gw94AaABAg.90BtyTMVBap90Fb5WAg276,Тија за Кирилица не са чували,neutral,negative,neutral,negative,0.8,negative,0.95,5,negative,2,False,3,0.6,False,True,False,True,True,"CardiffNLP, BERTweet"
Ugwhyoz7LhdEdJy40pd4AaABAg,Браво сицко се доказа,positive,positive,neutral,positive,0.85,negative,1.0,5,positive,3,False,3,0.6,True,True,False,True,False,"BERTweet, Llama"
UgzYX14NmovSJdUJ-t54AaABAg,Господинот Мицковски јаво кажа повеке пати дека; Нема да подрже промена на устав со цел промена на име! Меѓутоа господинот Мицковски НИКОГАШ јавно НЕ кажал дека; Нема да подрже референдум или дека ке Бојкотира евентуален референдум со цел промена на име! Секој оној што заговара и подржува референдум кога со сигурност се знае дека референдумот ке биде изманипулиран - е поголем Предавник и од нелегитимната владата на Заев!,negative,negative,neutral,negative,0.8,negative,0.94,5,negative,2,False,4,0.8,True,True,False,True,True,BERTweet
UgyyHETbiSwyDmKfryl4AaABAg,Зошто го видов Илија Димовски на тој Рос-рот семинар каде нашата земја ја нарекуваа Северна Македонија?,neutral,negative,neutral,negative,0.75,negative,0.94,5,negative,2,False,3,0.6,False,True,False,True,True,"CardiffNLP, BERTweet"
UgwQzwj3iBoyvMmGXHB4AaABAg,Ќе видиме дали вие ќе ги фатите во мрежа..ако организираат референдум да ги повикате членовите на бојкот...или ако го лажираат да дадат оставка пратениците...вака пред камера сите знаете,negative,negative,neutral,negative,0.8,negative,0.94,5,negative,2,False,4,0.8,True,True,False,True,True,BERTweet
UgwTc4W5VhMbjYiKYL14AaABAg,многу лосо си го советувал груески за локалните избори би требало да си дајс оставка,negative,negative,neutral,negative,0.8,negative,0.95,5,negative,2,False,4,0.8,True,True,False,True,True,BERTweet
UgzuvG3NE8RT1--4-NB4AaABAg,Така е г-дине Мицковски. Нека не го лажат народот. Нели ќе дадеа оставки ако не добиеме датум за преговори!,negative,negative,neutral,negative,0.8,negative,0.95,5,negative,2,False,4,0.8,True,True,False,True,True,BERTweet
UgzYGmNrzKNvp06AsgR4AaABAg,Севержанија никогаш во ЕУ,negative,negative,neutral,negative,0.7,negative,0.95,5,negative,2,False,4,0.8,True,True,False,True,True,BERTweet
UgyJZoL_noWQhugF_bF4AaABAg,😂😂😂😂😂😂Когато впише балгарите в устава,neutral,positive,neutral,negative,0.8,negative,0.95,5,,3,False,0,0.0,False,False,False,False,False,
UgyJZoL_noWQhugF_bF4AaABAg.ADRNO8rhzcKADRmwIhGklv,Да ебам мамати блгарска,negative,negative,neutral,negative,0.8,negative,1.0,5,negative,2,False,4,0.8,True,True,False,True,True,BERTweet
UgyJZoL_noWQhugF_bF4AaABAg.ADRNO8rhzcKADS-15ZdKZA,<УСЕР> репортирајте татарите монголски,neutral,negative,neutral,negative,0.8,negative,0.95,5,negative,2,False,3,0.6,False,True,False,True,True,"CardiffNLP, BERTweet"
Ugzu9RjCJGLvRX-S8q54AaABAg,Северна никога в ЕС. Ацо и мики маус смешници.,negative,negative,neutral,negative,0.8,negative,0.95,5,negative,2,False,4,0.8,True,True,False,True,True,BERTweet
UgzHtQJ41xCfbLmG0Tt4AaABAg,"Која европска унија , ЕУ ќе се растури за рок од 6 месеци ниту У ќе нема од некаква унија",negative,negative,neutral,negative,0.8,negative,0.95,5,negative,2,False,4,0.8,True,True,False,True,True,BERTweet
UgxjIR3H4825iHcm3fZ4AaABAg,"Лажна вест ширите вие од канал 5 , тие не донесоа никаква одлука за Македонија туку за Северџинија на Заев и Димитров и оние 600000 Северџани",negative,negative,neutral,negative,0.75,negative,0.95,5,negative,2,False,4,0.8,True,True,False,True,True,BERTweet
UgxU8B364Kf5cG5dtC54AaABAg,"Абре маме нивно мамино на кого му верувате , на една мафија , па нели треба да го почитуваат Законот за растојание на 2 метри а тие се гушкаат нас не натераа како идиоти да седиме дома а и полициски час ни воведоја",negative,negative,neutral,negative,0.8,negative,0.94,5,negative,2,False,4,0.8,True,True,False,True,True,BERTweet
Ugx9jn0eXw4fbqTE13x4AaABAg,Енглеска ја напусти ЕУ само остана во Европа засто? Мозе затоа сто е теско за опстанок во федерациа како во ЈУ.,negative,negative,neutral,negative,0.8,negative,0.8,5,negative,2,False,4,0.8,True,True,False,True,True,BERTweet
UgwWputSVXBhQf6HQJx4AaABAg,"КАЈ ЛЕТАТЕ ,ВИДОВТЕ ЛИ СТО Е ""ЕУ"".ИТАЛИЈА ЈА ОСТАВИЈА ВО КАЛ СО ЦОВИД 19 ТОА ЛИ Е СОЛИДАРНОСТ,СЛЕДНА ДРЗСАВА КОЈА КЕ ИЗЛЕЗЕ ОД ЕУ КЕ БИДЕ ИТАЛИЈА ,А И СУДБИНАТА НА СПАНИЈА Е НЕПОЗНАТА.МНОГУ НЕ СЕ РАДУВАЈТЕ НА ЕУ .ЦЕХОТ ПОСЛЕ КЕ БАРАТ ДА ГО ИСПОРАЦСАМЕ.",negative,negative,neutral,negative,0.8,negative,0.83,5,negative,2,False,4,0.8,True,True,False,True,True,BERTweet
UgyyexlQsdtkRLTEVJ94AaABAg,Во каква европска унија сварно не разбирам ко прво немаме броеви во кујците нис прилепските села мн.назат сме,negative,negative,neutral,negative,0.8,negative,0.94,5,negative,2,False,4,0.8,True,True,False,True,True,BERTweet
UgxaIK8FKVaX_8CqbR54AaABAg,Македонски идиоти,negative,negative,neutral,negative,0.8,negative,1.0,5,negative,2,False,4,0.8,True,True,False,True,True,BERTweet
UgxtbDJYsJeVADGUCu94AaABAg,"Ај ги снема коментарите,и вие ќе станете куртон телевизија ,вас ве мислев дека сте реални .",negative,negative,neutral,negative,0.7,negative,0.95,5,negative,2,False,4,0.8,True,True,False,True,True,BERTweet
Ugy6ORyG31GvZKNj02F4AaABAg,"Условен датум е полош и од недобиен датум ,",negative,negative,neutral,negative,0.8,negative,0.95,5,negative,2,False,4,0.8,True,True,False,True,True,BERTweet
Ugx8l-eWX0oBtcUAHSt4AaABAg,"Извинете за волгарности, но, клекнете ке ве ебаат!",negative,negative,neutral,negative,0.9,negative,0.94,5,negative,2,False,4,0.8,True,True,False,True,True,BERTweet
UgzNEiIsykFCeZGhrLt4AaABAg,Ова работа за да омекне преседателот француски и да ја Спаßи Македониа Само Гардијан другарми мозе со преседателот се гззз и гакиии. Пак за виси судбината на Македониа от нас Ромите от Шутка 😀,positive,negative,neutral,negative,0.8,negative,0.95,5,negative,3,False,3,0.6,False,True,False,True,True,"CardiffNLP, BERTweet"
UgzPdUJbo8ZZUPlfcdp4AaABAg,Прославава во Прилеп слободно да си ја преселат понастрана од Пивофест . За да не бидиме дел од тие што ќе прават крштевка на неродено дете.,negative,positive,neutral,negative,0.8,negative,0.95,5,negative,3,False,3,0.6,True,False,False,True,True,"NLPTown, BERTweet"
Ugw5Gr0uSmWM29hSwEN4AaABAg,вака со трошење ке ја растурите дрзавата како во поговорката бабата се цешла а селото гори,negative,negative,neutral,negative,0.8,negative,0.95,5,negative,2,False,4,0.8,True,True,False,True,True,BERTweet
Ugz11k0oAawOxsIYofZ4AaABAg,"Кој се тие луге кој""казуваат""дека се манипулирани.донесиги нека казат јавно дека незнаат нисто кој ги ангазирал. ГНАСА ОД ПАРТИЈА.",negative,negative,neutral,negative,0.75,negative,0.95,5,negative,2,False,4,0.8,True,True,False,True,True,BERTweet
UgzZt7Ifc-KEzx1jzHB4AaABAg,"Оваа што го стори оваа неспособна влада е голем срам за Македонија .Се покажаа на каков начин дојдоа на власт , а сега ни докажуваат како да се задржат на власт .",negative,negative,neutral,negative,0.8,negative,0.95,5,negative,2,False,4,0.8,True,True,False,True,True,BERTweet
UgyjQBG83bPtUqxrV5R4AaABAg,"Албанците од секогаш биле дезертери... ""Беса""значи не од збор.",negative,negative,neutral,negative,0.8,negative,0.95,5,negative,2,False,4,0.8,True,True,False,True,True,BERTweet
UgwEUhDSfFLBovgrdnx4AaABAg,Сад сторј Мацедониан пеопле,neutral,negative,neutral,negative,0.7,positive,0.95,5,,3,False,0,0.0,False,False,False,False,False,
UgzaFjuFzyo5WoGdB3Z4AaABAg,Кој е Овој Цовек ? Браво има Мадина.,positive,negative,neutral,positive,0.85,positive,0.95,5,positive,3,False,3,0.6,True,False,False,True,True,"NLPTown, BERTweet"
UgzJQF2HjbSMCH-P__p4AaABAg,Ние не пропаѓа ме во еу ни сме културни и морални луѓе нај големо хвала за макрон сто не одби да зборуваме реално македонија е пример за цел свет највисоко рангирана културни и морално овој датум треба да празнуваме празник за Македонија,positive,negative,neutral,positive,0.85,positive,0.95,5,positive,3,False,3,0.6,True,False,False,True,True,"NLPTown, BERTweet"
UgwmKhC3LfEi9OANowZ4AaABAg,Ајде еуропен несе забавај со македониа,neutral,negative,neutral,negative,0.8,positive,0.95,5,,3,False,0,0.0,False,False,False,False,False,
UgzjKUaM_X5H3wtYOn54AaABAg,😂😂😂😂,neutral,positive,neutral,positive,0.98,negative,1.0,5,,3,False,0,0.0,False,False,False,False,False,
UgyuvS0SujKQZZ6GRCR4AaABAg,"Очигледно Македонците не знаат активностите на ВМРО, неговото оригинално име и целите на организацијата. Еве го статутот. Обрнете внимание на членовите 2 и 3: <УРЛ>",neutral,negative,neutral,negative,0.8,negative,0.95,5,negative,2,False,3,0.6,False,True,False,True,True,"CardiffNLP, BERTweet"
Ugzir2vqk4Ib_62to0d4AaABAg,"Одлуката да се најде договор е само една - Бугарите ја препознаваат сегашноста, а Македонците минатото - како што пишува во историските извори и низ светската историографија.",neutral,neutral,neutral,neutral,0.7,negative,0.95,5,neutral,2,False,4,0.8,True,True,True,True,False,Llama
Ugw3i6AI_6i5-RSUmol4AaABAg,"Ајде Борисов изчезвај! Много филми баце, 12 год бјаха достатачни. Ние не сме русија да си избираме един човек за цјал живот. Квот направи, направи, време е за пенсиониране.",negative,negative,neutral,negative,0.8,negative,0.95,5,negative,2,False,4,0.8,True,True,False,True,True,BERTweet
Ugz2SwpHh2tU07-FbDx4AaABAg,Зборови на пропаднат политичар.,negative,negative,neutral,negative,0.8,negative,0.95,5,negative,2,False,4,0.8,True,True,False,True,True,BERTweet
UgxBVdKWECiTe8sFX354AaABAg,"И шо ако почне република Македонија преговори ,тава ќе зема пак 20 години вие на власт тие кај нас на влас вие со милиони народот пак сиромашен ја одете у курец сите",negative,negative,neutral,negative,0.7,negative,0.95,5,negative,2,False,4,0.8,True,True,False,True,True,BERTweet
UgxBVdKWECiTe8sFX354AaABAg.9Ue7vdUHZBc9UeTS7JWbHf,"Такова е положението, дете. Преговори за ЕУ членство трајат поне 10 години минимум. Вав вашија случај обаче сас сигурност ше са повече. ЈАсно е, че ше ни избијат ветото, но после може да спаваме и преговорите, јоу кнов. А ЕУ е трагнало в такава посока, че може да са разпадне докато сте на преговори. Сад.",negative,negative,neutral,negative,0.8,negative,0.75,5,negative,2,False,4,0.8,True,True,False,True,True,BERTweet
UgxBVdKWECiTe8sFX354AaABAg.9Ue7vdUHZBc9UeuJ143zuO,<УСЕР> момчето ми нема ваш наш случај бг ја подготвуваат од 94 кога беше на Свецко фудбалско првенство и влезе у ЕУ после 15 години така е и со република Македонија европско сега имаме шанса за светцко и тоа е наородо да голта живи жаби политичарите да се полнат со билиони и да си уживаат на секаде со луксузни хациенди но ние како народ да си вадме очите да се сопкаме да се радуваме оти на комшијата козата умрела и такви слични работи,negative,negative,neutral,negative,0.8,negative,0.93,5,negative,2,False,4,0.8,True,True,False,True,True,BERTweet
UgxBVdKWECiTe8sFX354AaABAg.9Ue7vdUHZBc9UewcZwx4aa,"<УСЕР> Да, на световно!🤣 На европејско ви пуснаха даром. Слаби отбори, Балгарија, Грузија, Косово. В Балгарија освен иглолистни и широколистни дарвета има и футболистни.🤣😢😫 Та бјахте на европејско. Веднага ви изритаха. Какво световно? Ако ви сложат с вашите пријатели от Португалија? Победили Арменија. Арменија са слаби. ПС не са интересувам от футбол и НЕ мразја хората (лугето) от Макеонија, но Балгарија просто си заштитава интересите. И на американците не им е хубаво Русија да не пуска американски кораби в Черно море, но Русија не ги пуска. Заштитава си интересите. И на китајците им е криво, че в Хонг Конг не ги искат, но те пак не ги искат. Заштитават си интересите. Такова е положението. Капиш? Извинјавам са ако сам малко салтј. Нјакога всички в Балгарија обичаха Македонија, но сам казваш как саседа наднича през оградата и са радва, че на другија му умрјала козата. Тажно, но истина.",negative,negative,neutral,negative,0.57,negative,0.83,5,negative,2,False,4,0.8,True,True,False,True,True,BERTweet
UgxBVdKWECiTe8sFX354AaABAg.9Ue7vdUHZBc9Ueyfox3Cv8,"<УСЕР> тава ми е мабето од една страна те ударат ниско по ташацте те боли со солзи па од друга страна одеш на европско се радуваш те прават на малумен ,ти кажав можно е македонската репрезентација да оди на светцко има шанси зависи каква жаба ќе треба да се проголта и колко силно ќе те удрат Тај пат по ташацте 😂😂😂дали ќе се посерат од болка и ќе немат време да се радуваат или обратно ќе е Тај пат зависи колкав е влогот на политичарите а нас народо кој не ферма ние ќе си вадме очите за чузди пусти дворови и пак ќе се разбираме без англиски 😂😂😂",negative,negative,neutral,negative,0.77,negative,0.93,5,negative,2,False,4,0.8,True,True,False,True,True,BERTweet
UgxBVdKWECiTe8sFX354AaABAg.9Ue7vdUHZBc9UrAiI_6VIC,"<УСЕР> опа шо стана Македонија на светцко !!!кажав ли ти оти се е исто само што сме 2021 ,ве направија ве католици да славите божик коледе на 25 и за да ве смират 94 ојдете на Свецко ,луѓе живеете во тошово време Македонија кога беше Европа вие мислевте дека д'фките идат од Марс за д'нките и музичките плочи да не разговараме мислевте дека се од друга галаксија ,се додека сме така на нож некој ќе не сече лека полека ,ти немаш ќар од мене ако сум Македонец или јас от тебе ако си Бугарин треба да извадиме мочалата и да и се испомочме на сите шо не прават будали и така ќе бидме Скандинавија на Балканот,во друг случај само ќе се надеваме жабата да не е крастава оти ќе треба да ја проголтуваме, Капиш!!!",negative,negative,neutral,negative,0.8,negative,0.94,5,negative,2,False,4,0.8,True,True,False,True,True,BERTweet
UgxBVdKWECiTe8sFX354AaABAg.9Ue7vdUHZBc9UrJzF16E0l,"<УСЕР> Нешто са барка, маке. Божик или Коледа на 24 декември не е кстолически или православен. Така е по ГРЕГОРИАНСКИЈА календар. Ако имаш проблем кога са празнува Коледа в Балгарија лапај пушкалото и дарпај спусака. Какво е било в ЈУгославија на мене ми е през онаја работа. Роден сам през 2002, 10 години след като ЈУгославија са разпада и грам не ми дреме кво е било там. Давки в Балгарија е имало тогава, данки не е имало. А знаеш ли че нјакога арабите са били нај-напредналите сред хората? Питам штото оште живееш в ЈУгославија. А сега да кажеш нешто? РСМ е колкото Софија. Море само на снимка сте видели. ШТом гледате на нас като на получовеци штото не сме били в ЈУгославија и коледата ни била по ГРЕГОРИАНСКИЈА календар, тогва ние ше са даржиш с вас като получовеци. Език-нјамате.🙂 Историја-нјамате.🙃 Знамето ви-јапонско.🇯🇵 Политицте ви-опасни албански терористи. Тарсјат ги от сада в Хага, а вие си ги крете в парламента.😬😵 ЈУгославија В 2.0. Само дето предната е цуцала и от Изток и от Запад повече от 40 години, в резултат на което е имала стандарт на една Гарција, а вие на една Арменија.😳",negative,negative,neutral,negative,0.8,negative,0.95,5,negative,2,False,4,0.8,True,True,False,True,True,BERTweet
UgxBVdKWECiTe8sFX354AaABAg.9Ue7vdUHZBc9UrL0V0fUe1,"<УСЕР> И не забравјај, че през 1994 когато Балгарија е била на 4-то мјасто на световното ти оште си са чудел сарбин ли си албанец ли си.😂 На олимпиадата в Токио изкарахте един единствен медал, и то сребарен.😂 Балгарија има 3 златни.🏅 Както ви изритаха от Европејското така ше стане и на световното. 1-2 гола. 1 кафе и 2 цигари. Знаеш ли кво маки? Балгарскијат футбол е бил на ниво на което вашија никога нјама да баде. 1994 Балгарија побеждава Франција и Аржентина и то по времето на Диего Марадона. 4-то мјасто на световното. От тогава нашите футболисти и фенове или навивачи изведнаж придобиха много високо самочувствие и са самозабрвиха, станаха хулигани и в резултат на тва вече балгарск футбол на практика нјама. Вие варвите по тоја пат, ама сте оште по-зле. Отишли на световно и тоја идва тука да ма псува да ми даржи сметка кога сам празнувал коледа. Леле, леле! Рибата не сте уловили оште, ама загрјахте тигана. Сега квотостан с балгарскија футбол ше стане и с вашија. Ритнитопковците ше станат бездарници с високо самочувствие без покритие, а феновете хулигани. Така поне стана тука, ама Балгарија е била на 4-то мјасто. Вие тепарва са класирахте и трагнахте по тоја пат.",negative,negative,neutral,negative,0.8,negative,0.94,5,negative,2,False,4,0.8,True,True,False,True,True,BERTweet
UgxBVdKWECiTe8sFX354AaABAg.9Ue7vdUHZBc9UrO0PvRMAq,"<УСЕР> Југославија е била сто пати појака од Бугарија бе токмак не ти спорам кој шо е бил и каков бе смотљо прост на вас до Тај степен ве исперен Тај мозок шо живеете на штреп да не останете без ништо со вас човек не може да поразговара ебати неписмените ,бев ти пишал што прават големите сили ,Македонија од секогаш е имала јак фудбал но никогаш шанса сега имаме но од друга страна треба да се плати друга сметка глупаку нели сменија име нели сакате од нас Македонците Бугари да бидат да сте во уставот на Македонија нели со 500 човека да сте дел од уставот Плачковци ,и тоа ти вељам до 90 Божиќ го славите исто како нас на 6 јануари после станувате католици и почнувате на 25 декември коледа да славите после лека полека го осеќат народот оти не се согласува со таа промена и Бугарија оди на светцко и тука радост солзи мрсоли се заборава оти Божиќ треба да е на 6 и така веќе си карате 30 и кусур години тава ми е мабето токмак ,прво скокни па викни оп а не обратно",negative,negative,neutral,negative,0.8,negative,0.93,5,negative,2,False,4,0.8,True,True,False,True,True,BERTweet
UgxBVdKWECiTe8sFX354AaABAg.9Ue7vdUHZBc9UrQGWEFCUa,"<УСЕР> Казах ти че ЈУгославија не ме интересува, а през комунизма в Балгарија не е имало Коледа, штото националната религија е била атеизам, дефакто. Коледа при вас е на 6-7 јануари, штото сте по друг календар. Преди нјакаде 100-200 години изместват всичко с 14 дена напред. В ГРЕГОРИАНСКИЈА календар обаче НЕ изместват рождената дата на Христос, а вав вашија и неја ја местјат с 14 дена както и всичко друго. Коледа е на 25 и в Гарција и Руманија, заштото и те като нас са с друг календар. Повечето православни даржави не ползват ГРЕГОРИАНСКИЈА календар, а друг и затова коледа при вас е јануари. А македонскија футбол мене ме интересува колкото лансиија снјаг. И балгари вав вашија устав не ни и трјабва да признавате. Накарахме ви, за да не ви пускаме на преговори. Просто не е в наш интерес да сте в ЕУ. Казах ти вече. Пазим си интереса, само дето Петков сега е готов да го продаде за бизнес-интересите си. Ама не е казал и окончателна дали ше ви пусне или не. С таја политика спрјамо Балгарија ако ште и кокалите на Тито да ни станат премиер, пак трудно ше ви пуснем. Просто не е в наш интерес. Както и на китајците не им е интерес да не ги пускат в Хонг Конг. Хонг Конг не пуска Китај, пази си интересите. Ние не пускаме РСМ в ЕУ, пазим си интересите. И 1 година да сме ви блокирали, пак е в наша полза. 15 години ше сте на преговори и без тва. А ЕУ може да го нјама до 2030. А с таја ваша корупција 111-то мјасто зад всјакакви африкански племена бади сигурен, че и другите членове не ви искат. Иска ви САШТ да обгради Сарбија. Капиш?🧐",neutral,negative,neutral,negative,0.6,negative,0.93,5,negative,2,False,3,0.6,False,True,False,True,True,"CardiffNLP, BERTweet"
UgxBVdKWECiTe8sFX354AaABAg.9Ue7vdUHZBc9UrQVfyODDP,"<УСЕР> Иска да отмаштава на цјал народ, че коледа била на 25 и календара бил друг?!😳 И ние да ви пуснем в ЕУ?😳 Забрави!😵 ЕУ е голјама лажица за вашите усти, които освен да псуват, да ругајат и да хулјат друго не знајат.🤐",negative,negative,neutral,negative,0.8,negative,0.95,5,negative,2,False,4,0.8,True,True,False,True,True,BERTweet
UgxBVdKWECiTe8sFX354AaABAg.9Ue7vdUHZBc9Urhtv5JFyw,"<УСЕР> сега ми е јасно ти си по новата програма ученик ,е јас сум сигурно како татко ти таа генерација ,сега ми е јасно зошто тропаш глупости, на Јапонија знамето и на Македонија се разлика голема ,уште преди да бидеш на татко ти у ташаците Македонија имаше едно друго знаме го сменија со цел да не понижат но се заеба сега со тоа знаме кое е исто старо македонско од пред 10000 години ама ти нема как да разбереш оти си бајмак ,гледи си гаџето тама без разлика дали е машко или женско битно е да р Европа у вас 😃😃😃батали историјата ти си млад само ќе те уништи зошто вие не сте генерација вие сте дегенерација 😂😂😂😂,пити го татко ти дали знае кој е Гоце Делчев и дали му е било дозволено да го спомне тоа име 😂😂😂 или директно дедо ти или татко ти право во апсаана ,плус ти не знаеш за д'фките за д'нките и за червената 😂😂😂😂ајде детенцето право на спиене одма",negative,negative,neutral,negative,0.8,negative,0.95,5,negative,2,False,4,0.8,True,True,False,True,True,BERTweet
UgxBVdKWECiTe8sFX354AaABAg.9Ue7vdUHZBc9UrlHCmxyUm,<УСЕР> 🇲🇰🇯🇵🇲🇰🇯🇵🇲🇰🇯🇵🇲🇰🇯🇵 Текино хоробуру соре маде уа Сусумеја сусуме морото мони Тамачиру цуруги нуки цурете Шисуру какуго де сусуму беши! 🇲🇰🇯🇵🇲🇰🇯🇵🇲🇰🇯🇵🇲🇰🇯🇵,neutral,negative,neutral,negative,0.8,negative,0.95,5,negative,2,False,3,0.6,False,True,False,True,True,"CardiffNLP, BERTweet"
UgxBVdKWECiTe8sFX354AaABAg.9Ue7vdUHZBc9UroiJdjNWl,"<УСЕР> мали слуши сега чички да ти никнат на дупето во христијанството имаме три поголеми религии од кој најголема е православната па католичката па препостанската кој една на друга наликуваат ,Рим тоес Римокатоличката црква зима замав и многу од православните земји ги присвојува зошто е бесплатно сичко се додека во православието се плаќа тоес сите сиромашни се приклучуваат кон таа црква зошто не се издржувало за секоја веселба да се плаќа плус расколот во православието меѓу македонската архепископија ,србската црква грчката и руската ,да сме послушници или силните да се владетели ,затоа католицизмот зазима голем замав и многу држави стануваат католички низ целиот свет,католиците и препостаните го слават Божиќ по новиот календар или завет и затоа се вика меѓу православните католички Божиќ,кој всушност го слави и Бугарија дел од Грција но вселенскиот патријарх во Константинопол ""Истанбул""го слави по стариот завет тоес грчаците од секој пат се биле шарени што исто ја направија и Бугарија 😂😂😂,во ниеден комунизам не е дозволено на балканскиот полуостров да се слават христијански празници но во Македонија се криеле од комунизмот и се одело по манастири и дома се правили сите обичаји и сме го славиме по стариот календар секогаш на 6 јануари ,паметам уште адети од баба ми која е родена 1923 беше жива до пред 3 години така де не се залажуви оти е било комунизам само во Бугарија ,големите чичковци ве променија за да ви се измие страмот сега во европската унија пред некоја година сакаат да го наметнат и во Македонија да се слави по католички Божиќ кога беше папата на екскурзија низ Балканот но македонската црква кажа чисто и јасно не може да се прифати по новиот завет Божиќ засега е така ама за во иднина как што сте запали како ненормалници сите комшии како мува на гомно и да има многу поголеми проблеми ,тоес народот во сите држави да се замрази до степен да се истребме до последен",negative,negative,neutral,negative,0.57,negative,0.93,5,negative,2,False,4,0.8,True,True,False,True,True,BERTweet
UgxBVdKWECiTe8sFX354AaABAg.9Ue7vdUHZBc9UrqMmxBF4Q,"<УСЕР> Чиче, 1-во, аз не сам христијанин и не ме интересува нито божик, нито коледа, нито великден. 2-ро, спри да ми пишеш, че ше дојда с танка и ше та администрирам както едно време.",neutral,negative,neutral,negative,0.8,neutral,0.85,5,neutral,2,False,3,0.6,True,False,True,False,True,"NLPTown, Gemma"
UgxBVdKWECiTe8sFX354AaABAg.9Ue7vdUHZBc9Urs6WiSrpB,"<УСЕР> каков јазик е оваа монголски или татарски не е разберливо за Македонец со 10 милениумска цивилизација ,јас мислам оти од двете знамиња разликата е голема што ти е слично незнам може би си со психичко пореметување и имаш проблем од распознавање на боите и различностите тоес ти си доказ дека целата ви нација има проблем со распознавањето на реалноста од лагата затава кога ти вељум токмак не се Љути кажи извини бате токмак сум си со да чинум ,🇧🇬🇮🇳🇧🇬🇮🇳🇮🇷🇰🇼🇲🇼🇴🇲🇵🇰🇳🇪,види ги сличностите на вашите потомци ,начело со ѓупското знаме и белата месечина на зелена подлога 🤣🤣🤣🤣🤣",negative,negative,neutral,negative,0.8,negative,0.95,5,negative,2,False,4,0.8,True,True,False,True,True,BERTweet
Ugw_cZ0nWpdYdO-GLhN4AaABAg,ние пиринците казваме ВЕТО не Радев или Борисов точка,neutral,negative,neutral,negative,0.8,negative,0.95,5,negative,2,False,3,0.6,False,True,False,True,True,"CardiffNLP, BERTweet"
Ugw_cZ0nWpdYdO-GLhN4AaABAg.9UeEY8vRKNu9Uft289D3gH,александар б ние сме тези за които вие титовците си мечтаете да бадете 😃,neutral,positive,neutral,positive,0.85,negative,0.95,5,,3,False,0,0.0,False,False,False,False,False,
Ugw_cZ0nWpdYdO-GLhN4AaABAg.9UeEY8vRKNu9Ug1nV021QE,александар б титовче като си на тема музика пусни александровото оро от Мелбарн страшен фолклор имате 😂,neutral,positive,neutral,positive,0.85,negative,0.95,5,,3,False,0,0.0,False,False,False,False,False,
UgxE2SQj9AqgpvNV7ER4AaABAg,Леле сироти ке мораат да зборуваат Пиринмакедонски👍☀️ 🇲🇰...,neutral,negative,neutral,positive,0.85,positive,0.95,5,,3,False,0,0.0,False,False,False,False,False,
UgxE2SQj9AqgpvNV7ER4AaABAg.9Ue7APuu1Pb9UeFJjEU5G3,"Д Блазе, ако си паметен, ке учиш литературен БАЛГАРСКИ, а не србо(северно)македонски. Во Пиринска Македонија никогаш не се сборувале денешниот карикатурен србо(северно)македонски",neutral,negative,neutral,negative,0.8,negative,0.95,5,negative,2,False,3,0.6,False,True,False,True,True,"CardiffNLP, BERTweet"
UgxE2SQj9AqgpvNV7ER4AaABAg.9Ue7APuu1Pb9UeOrgzKOYq,<УСЕР> Ви треба еден како Блазе Коневски за писмо и култура🤣😂🤣...,neutral,negative,neutral,negative,0.8,positive,0.95,5,,3,False,0,0.0,False,False,False,False,False,
UgxE2SQj9AqgpvNV7ER4AaABAg.9Ue7APuu1Pb9UeT6N9_xx0,"<УСЕР> Блаже Конески? Блаже Конески е роден като Благој Конев. Татко му е бил тежак гракоман. А Конески или Конев оште като дете получвал подигравки, че не искал да говори на местнија говор и “причал” срабски. После си сменја името от Благој Конев на Блаже Конески и през 1945 кодира писмено македонскија език. За кво ни е наш Конески?😳😳😳",negative,negative,neutral,negative,0.75,negative,0.93,5,negative,2,False,4,0.8,True,True,False,True,True,BERTweet
UgxE2SQj9AqgpvNV7ER4AaABAg.9Ue7APuu1Pb9UeTp9tUyv_,<УСЕР> Ти треба марамче обриши слзе залосно плачеш.,negative,negative,neutral,negative,0.8,negative,1.0,5,negative,2,False,4,0.8,True,True,False,True,True,BERTweet
UgxE2SQj9AqgpvNV7ER4AaABAg.9Ue7APuu1Pb9Ues9dIwuCD,"<УСЕР> Да да да, изглежда смешно, но си е за рев.😭 И пак нјама да влезете в ЕУ.🥺🥺🥺😭😭😭🤧🤧🤧",negative,negative,neutral,negative,0.8,negative,0.95,5,negative,2,False,4,0.8,True,True,False,True,True,BERTweet
UgxE2SQj9AqgpvNV7ER4AaABAg.9Ue7APuu1Pb9UgS7IFvxGn,<УСЕР> Нема ЕУ за нас нека биде така ке јадеме леб и сол ние сме Македонци...,neutral,negative,neutral,negative,0.8,negative,0.95,5,negative,2,False,3,0.6,False,True,False,True,True,"CardiffNLP, BERTweet"
UgxE2SQj9AqgpvNV7ER4AaABAg.9Ue7APuu1Pb9UgdE7ppnK2,"<УСЕР> Никој не е казвал, че не сте.😅",neutral,negative,neutral,neutral,0.7,positive,0.95,5,neutral,3,False,3,0.6,True,False,True,True,False,"NLPTown, Llama"
Ugw3NXjgtNzHtza6-xl4AaABAg,Хахаааааааа до Декември ке го тргнете ветото,neutral,negative,neutral,negative,0.8,negative,0.95,5,negative,2,False,3,0.6,False,True,False,True,True,"CardiffNLP, BERTweet"
Ugw3NXjgtNzHtza6-xl4AaABAg.9UewvaBmlrA9Uf0CqsCWLu,"Хахааа еј го декември иде, ти само се приготви. Вдигаме го ветото.",neutral,negative,neutral,negative,0.7,positive,0.95,5,,3,False,0,0.0,False,False,False,False,False,
Ugw3NXjgtNzHtza6-xl4AaABAg.9UewvaBmlrA9Uf2Y3U-yVh,Ве’лл сее абоут тхат!✊,positive,negative,neutral,negative,0.7,positive,0.95,5,,3,False,0,0.0,False,False,False,False,False,
Ugw3NXjgtNzHtza6-xl4AaABAg.9UewvaBmlrA9UnEuac1LUr,"До декември, но не тази година!",neutral,negative,neutral,negative,0.8,negative,0.95,5,negative,2,False,3,0.6,False,True,False,True,True,"CardiffNLP, BERTweet"
Ugw3NXjgtNzHtza6-xl4AaABAg.9UewvaBmlrA9UwWyfWfJ5C,не се спомна кој Декември?,neutral,negative,neutral,neutral,0.7,neutral,0.85,5,neutral,2,False,4,0.8,True,False,True,True,True,NLPTown
Ugxv1KiTvTJnl2fXejd4AaABAg,Е сега пак одете пред билетара да купите карти за концертот на Мицкивски мозе ке има подобар концерт како заев од груевски сто испеа подобро,neutral,neutral,neutral,positive,0.85,negative,0.85,5,neutral,3,False,3,0.6,True,True,True,False,False,"Gemma, Llama"
Ugx6_j766GXY92rADD94AaABAg,В Европска унија нема да влезе Македонија никогаш. Франција не сака веке други страни в Јнијата. Сега ке направјат други правила и Македонија ке получи привилегировано партнерство за това намекна Макрон. Поздрави от Бугарија,negative,negative,neutral,negative,0.5,negative,0.95,5,negative,2,False,4,0.8,True,True,False,True,True,BERTweet
Ugx6_j766GXY92rADD94AaABAg.90GDoRt6WJ_90I6OPgFZ5C,"Румен Бонев(она што го пишувам дека не издупија треба да го разбереш дека овие од власта се издупчени а не обичниот народ) На партнерствата веќе ни нема крај , првен Македонија ќе ја издупат и после партнерство ни нудат , не издупија во Букурешт 2008 за влез во нато и Американците ни понудија стратнешки партнер, не издупија Грците со преспанскиот договор и сега сме стратешки партнери дури и небото го контролираат, Не издупија овие во Брисел т.е.Франција и оп привилегиран партнер со Франција ни нудат , сите не дупат и сакаат партнери само да им бидиме и понатака да не дупат а за членство не можи, чудно вие Бугарите не ни нудите партнерство вие сакате да бидиме ист народ т.е.Македонски Б’лгари за и вие да не дупите и понатака ха, ха,ха уште колку партнери ќе добиеме ?",negative,negative,neutral,negative,0.8,negative,0.95,5,negative,2,False,4,0.8,True,True,False,True,True,BERTweet
Ugx6_j766GXY92rADD94AaABAg.90GDoRt6WJ_90Ij1GXRZe_,<УСЕР> Зашто да ви дупиме? Шо лошо виждаш да живеме заедно в Европската Унија? Говорим един јазик имаме обшти обичаи и историја Или самостојателно Северна Македонија ке е по силна и богата у Евразија? Зашто да не можем да живеме као Каталунците и Испанците или като Фламандците и Белгијците Те по умни ли са от нас?,negative,negative,neutral,negative,0.8,negative,0.83,5,negative,2,False,4,0.8,True,True,False,True,True,BERTweet
UgyEI-IB3wy_ZTdZrQh4AaABAg,Ово је пораз Европе а не Македоније?!,negative,negative,neutral,negative,0.8,negative,0.95,5,negative,2,False,4,0.8,True,True,False,True,True,BERTweet
UgyUddewOHBrJYtJjdt4AaABAg,Овој ни пеесе до сега за љубовта кон марихуаната другиов ке ни пее за хидроцентрали а ние за 300ден дненица ке работиме во робовладетелски странси инвестиции а 220ден ке плакаме карти за концерт абе не ви се здосади малку од оваа бедна прецтава ?,negative,negative,neutral,negative,0.8,negative,0.94,5,negative,2,False,4,0.8,True,True,False,True,True,BERTweet
UgxFnCcZ590-jmEQh4h4AaABAg,Си останавте И без алтернатива сеа,negative,negative,neutral,negative,0.8,negative,0.95,5,negative,2,False,4,0.8,True,True,False,True,True,BERTweet
UgzfLPB9bR6QLAW2LDB4AaABAg,Сега зајко што те боли ?,neutral,negative,neutral,negative,0.7,negative,0.95,5,negative,2,False,3,0.6,False,True,False,True,True,"CardiffNLP, BERTweet"
UgzfLPB9bR6QLAW2LDB4AaABAg.90Ed5PaqFwe90En7Hty4n1,Го боли к.. извини брат како и наредниот и претходниот и така го јадеме 30год,negative,positive,neutral,negative,0.8,negative,0.95,5,negative,3,False,3,0.6,True,False,False,True,True,"NLPTown, BERTweet"
UgxUVrjRR5cw70xE0CZ4AaABAg,Ич не ме заболе лево маде кој што исполнил!!! Раскинување на преспанаки или Левица доаѓа на власт така да си знае ВМРО!!!!,negative,negative,neutral,negative,0.8,negative,0.94,5,negative,2,False,4,0.8,True,True,False,True,True,BERTweet
UgxUVrjRR5cw70xE0CZ4AaABAg.A4cdoEYdNq0A4d7TEZSs_M,"И мене ме боли десно мадо ,но бугарите зодолжително во уставот !",negative,neutral,neutral,negative,0.8,negative,0.94,5,negative,2,False,3,0.6,True,False,False,True,True,"NLPTown, BERTweet"
UgxUVrjRR5cw70xE0CZ4AaABAg.A4cdoEYdNq0A4dA4HRy-ns,<УСЕР> тоа може да ти влезе само у газот твој татарски од каде што излегло 🤣,neutral,negative,neutral,negative,0.8,negative,0.95,5,negative,2,False,3,0.6,False,True,False,True,True,"CardiffNLP, BERTweet"
UgxUVrjRR5cw70xE0CZ4AaABAg.A4cdoEYdNq0A4dFNw6nQnw,"<УСЕР> Одроден,бугарите во уставот!",neutral,negative,neutral,negative,0.8,negative,0.95,5,negative,2,False,3,0.6,False,True,False,True,True,"CardiffNLP, BERTweet"
UgxUVrjRR5cw70xE0CZ4AaABAg.A4cdoEYdNq0A4dHZYz-bfN,<УСЕР> ни на сон,neutral,negative,neutral,negative,0.8,negative,0.95,5,negative,2,False,3,0.6,False,True,False,True,True,"CardiffNLP, BERTweet"
UgxUVrjRR5cw70xE0CZ4AaABAg.A4cdoEYdNq0A4dYrAJ-bPS,"<УСЕР>, ако те боли десното... оди кај ајван доктор да те шкопа бечки кје ти дојде памет во глава и да престанем да блуеш",negative,negative,neutral,negative,0.8,negative,0.94,5,negative,2,False,4,0.8,True,True,False,True,True,BERTweet
UgxUVrjRR5cw70xE0CZ4AaABAg.A4cdoEYdNq0A4eNV9t39h7,"<УСЕР> Пријателе ,вие одамна сте ја изгубиле памета на вас вие ставен србски чип !",negative,negative,neutral,negative,0.8,negative,0.95,5,negative,2,False,4,0.8,True,True,False,True,True,BERTweet
UgxUVrjRR5cw70xE0CZ4AaABAg.A4cdoEYdNq0A4fYZMgwQHZ,"Кој ке дојде?Овој клошарот,дека биеше со цевлите!Абдали титоски.😅",negative,negative,neutral,negative,0.8,negative,0.95,5,negative,2,False,4,0.8,True,True,False,True,True,BERTweet
Ugzu6uFLPgTe6tTkvo14AaABAg,Мицковски и Мицотакис се двајцата Власи или Цинцари не се ни Македонци ни Грци. Тоа е уште еден детал. А исто и гостинот чинам... Што е тоа што не е петел а ги онади кокошките е муабетот,negative,negative,neutral,negative,0.8,negative,0.95,5,negative,2,False,4,0.8,True,True,False,True,True,BERTweet
Ugzu6uFLPgTe6tTkvo14AaABAg.A49PQ6yoQtiA4AcIeWS-Pm,Гостинот е син на кодос и за зал од лосата лустрација во дрзавата се слуцува ова!,negative,positive,neutral,negative,0.8,negative,0.95,5,negative,3,False,3,0.6,True,False,False,True,True,"NLPTown, BERTweet"
UgxTUWznUqEbXChFqYt4AaABAg,Ова е појачано МАПЕТ ШОУ,negative,negative,neutral,neutral,0.7,positive,0.95,5,,3,False,0,0.0,False,False,False,False,False,
UgzmkpdfgWo5eK7rABl4AaABAg,мицко и предходните игра кур со народо време е за друго несто,negative,neutral,neutral,negative,0.7,negative,0.94,5,negative,2,False,3,0.6,True,False,False,True,True,"NLPTown, BERTweet"
UgxrcREWJV35DidGfbh4AaABAg,Ѓубре Македонско си ти заедно со Инфомакс,neutral,negative,neutral,positive,0.85,negative,0.95,5,,3,False,0,0.0,False,False,False,False,False,
UgzCXSQoTUamBdeXQcp4AaABAg,Никој немозе да го реси овој проблем бидејки целио свет го бара ова. Ако не сакаа во НА Т О немаш да бидè услов импето. И сите ангели да слезат ЗАЛУДНО Е. А,negative,positive,neutral,negative,0.8,negative,0.95,5,negative,3,False,3,0.6,True,False,False,True,True,"NLPTown, BERTweet"
UgwFeLuoQR3g52Ttr7p4AaABAg,Оставка Заев! ОДма!,negative,negative,neutral,negative,0.8,negative,1.0,5,negative,2,False,4,0.8,True,True,False,True,True,BERTweet
UgzJaLIuP0U6Zln7ie54AaABAg,Ајде на балгарските паспорти,neutral,neutral,neutral,negative,0.7,positive,0.95,5,neutral,3,False,3,0.6,True,True,True,False,False,"Gemma, Llama"
UgzJaLIuP0U6Zln7ie54AaABAg.90EcRejYcW490EdFX6Zc11,Не сери бре,negative,negative,neutral,negative,0.8,negative,1.0,5,negative,2,False,4,0.8,True,True,False,True,True,BERTweet
UgzJaLIuP0U6Zln7ie54AaABAg.90EcRejYcW490EsFQtugi4,Цифса микрон,neutral,neutral,neutral,negative,0.8,neutral,0.85,5,neutral,2,False,4,0.8,True,True,True,False,True,Gemma
UgwmLaD2Be6VrW7hncJ4AaABAg,"Секој може да се дефинира како сака, па дури и како вонземјанин и, соодветно, да го идентификуваат својот јазик на ист начин. Сепак, правото на самоопределување им припаѓа на живите. Никој не им дава за право да го менуваат декларираниот идентитет на мртвите, кои дванаесет века се дефинираат како балгари. Битолската плоча на цар Јован Владислав од 1015 година, изложена во музејот во Битола, во која внукот на Самуил се нарекува „бугарски автократ“ и „бугарски роден“, кој ја обновил битолската тврдина“ за прибежиште и спасение и за животот на Бугарите“. Друг неоспорен факт е писмо од Гоце Делчев до Никола Малешевски (05.01.1899), напишано на литературен бугарски јазик: „Жално е, но што да правиме кога си сме балгари и сите страдаме од една иста болест“. Или постојното барање на Никола Делчев, татко на Гоце Делчев, до Националното собрание на Балгарија (24.06.1914) за доделување пензија!",neutral,negative,neutral,negative,0.8,negative,0.94,5,negative,2,False,3,0.6,False,True,False,True,True,"CardiffNLP, BERTweet"
UgypALfFzGISMP00S7F4AaABAg,Мало умници продадени души.,negative,negative,neutral,negative,0.8,negative,1.0,5,negative,2,False,4,0.8,True,True,False,True,True,BERTweet
Ugyi-gFMjlRw6gbFdPJ4AaABAg,Ако на ноевите им остане кусур од 500е на квислингот <УСЕР> нека си купат 100гр достоинство.,neutral,negative,neutral,negative,0.75,negative,0.95,5,negative,2,False,3,0.6,False,True,False,True,True,"CardiffNLP, BERTweet"
Ugyi-gFMjlRw6gbFdPJ4AaABAg.8gq_S1zjMJz8hRdE9SuGlv,Рицардо Цампо немој да бидес патриот патриотите загинаа сега да бидес патриот треба да мислис добро за народот И за дерзавата без еу И нато не си никој ама никој ти треба да им казес на твојите брака македонци на тие сто земаа 150.000 бугарски пасоси?,negative,negative,neutral,negative,0.8,negative,0.94,5,negative,2,False,4,0.8,True,True,False,True,True,BERTweet
Ugyi-gFMjlRw6gbFdPJ4AaABAg.8gq_S1zjMJz8hRdStA6Opg,"Ајде талибанац,пак да не јадете ќутек како во арациново и бродец! италиано :)))) оф шошон!",negative,negative,neutral,negative,0.8,negative,0.95,5,negative,2,False,4,0.8,True,True,False,True,True,BERTweet
UgwuiDHmB13hutDBaQF4AaABAg,Никакво начало на преговорите!Раковија тумор ФЈРОМ - нјама мјасто в ЕС!,negative,negative,neutral,negative,0.8,negative,0.95,5,negative,2,False,4,0.8,True,True,False,True,True,BERTweet
UgwXlE-EFsEZpNro3tV4AaABAg,Све је лук и вода...,neutral,negative,neutral,negative,0.8,positive,0.95,5,,3,False,0,0.0,False,False,False,False,False,
UgwOORm6MDRNfWwZKsp4AaABAg,Талкинг ис чеап...,neutral,negative,neutral,negative,0.8,negative,0.95,5,negative,2,False,3,0.6,False,True,False,True,True,"CardiffNLP, BERTweet"
UgzFOfumfTs_EO4Euud4AaABAg,"Едни сашти глупости дранкате. Това че нјакакав политик ви е казал че ЕУ ште му хареса че ште имате преспанско договор и се разберете с Гарција не означава че всички даржави са на това мнение. Балгарија изобшто не ја топли този преспанско споразумение, а сега излизате и казвате ние толкова много направихме. Мне, ништо не е направено между Балгарија и РСМ или поне е видим какавто и да е резултат....",negative,negative,neutral,negative,0.8,negative,0.83,5,negative,2,False,4,0.8,True,True,False,True,True,BERTweet
UgzhNygpKa_Z_3BuL8l4AaABAg,"Виж как саздателја на ""македонскија език "" Лазар Колишев/ски се калне, че е балгарин! <УСЕР>",neutral,negative,neutral,negative,0.8,negative,0.95,5,negative,2,False,3,0.6,False,True,False,True,True,"CardiffNLP, BERTweet"
Ugxu9nQpDo_-n-EV4aR4AaABAg,преспа договор - кривиц'но дело. сдс програма 2016 никаде нема менување ИМЕ на МАКЕДОНИЈА. сдс ј бајбук. договор ј вц.,negative,negative,neutral,negative,0.8,negative,0.95,5,negative,2,False,4,0.8,True,True,False,True,True,BERTweet
UgyFIPSGVAkGBEOtBC54AaABAg,Со Скопје ќе владее Бугарката Данела Арсовска. Полека се враќаме на корените...,neutral,negative,neutral,negative,0.7,negative,0.95,5,negative,2,False,3,0.6,False,True,False,True,True,"CardiffNLP, BERTweet"
UgzLx2CwkQcssuk8N7N4AaABAg,Зоки зоки зоки до гуса си во го..а!!!😂😂😂,neutral,negative,neutral,negative,0.8,positive,0.95,5,,3,False,0,0.0,False,False,False,False,False,
UgyDWIISpkKSxDzDoed4AaABAg,Ти посакуваме Зајко вака да бидес срекен и после гласање во парламентот и посебно после предвремените избори...и така срекен како денес да те испратиме во историјата...таму некаде со љубцо бранко буцко ...верувам ке бидете срекни заедно ДА ЗИВЕЕ РЕПУБЛИКА МАКЕДОНИЈА,neutral,positive,neutral,negative,0.8,negative,0.95,5,,3,False,0,0.0,False,False,False,False,False,
UgyrvJtSD6DTcxp6xTJ4AaABAg,Вмро никогас нема да дојде во влас,negative,negative,neutral,negative,0.8,negative,0.95,5,negative,2,False,4,0.8,True,True,False,True,True,BERTweet
UgxdGkBbC_Fw20bpzYF4AaABAg,"Околу 1,300,000 направија бојкот и околу 500,000 гласаја за предавство. Изгубија предавниците",negative,negative,neutral,negative,0.8,negative,0.95,5,negative,2,False,4,0.8,True,True,False,True,True,BERTweet
UgzuEylgOhBYaUxEJyx4AaABAg,Ахахахахах ахаххахахаг аххахахаха,neutral,neutral,neutral,negative,0.85,negative,1.0,5,neutral,2,False,3,0.6,True,True,True,False,False,"Gemma, Llama"
UgxHYvHltgiQf0Au3A14AaABAg,"Поздравјавам македонците, че запазиха достојнството си !! Подкрепјам болшинството граждани на Македонија, които отхварлиха срамнија за страната им договор с Гарција за смјана на името на даржавата. Надјавам се политиците в Скопие да започнат да се вслушват в гласа на народа си и да не варвјат срешту неговија интерес. Поздравјавам нашите саседи, че успјаха да запазјат достојнството си като не допуснаха ваншни сили да си играјат сас садбата им и да влијајат на решенијата за бадештето им !! Всичките лажи за ""Европејска Македонија"" са просто предтекст за да влезете в НАТО и да бадете окупирани, а това са чужди интереси !! Не ви трјабва нито НАТО нито тази тоалетна наречена ЕС !! Нјама по-лошо нешто от НАТО и ЕС !! А Зоран Заев е абсолјутен изменник, којто предава интересите на народа, това е факт.... Историјата... близката, от началото на 20-ти век - колко тонове човешка крав е пролјата в името на ""демокрацијата"" !! За целите 118 години тја, демокрацијата, успја да победи за прав пат - в Македонија !!",negative,positive,neutral,negative,0.7,negative,0.95,5,negative,3,False,3,0.6,True,False,False,True,True,"NLPTown, BERTweet"
UgxHYvHltgiQf0Au3A14AaABAg.8lrMFLK-WCx8psiLK9ZBng,тоцно,negative,neutral,neutral,neutral,0.74,negative,0.9,5,neutral,2,False,3,0.6,False,True,True,True,False,"CardiffNLP, Llama"
Ugz7D8SKYZknyYCfiPJ4AaABAg,Лазес пак,neutral,neutral,neutral,negative,0.8,negative,1.0,5,neutral,2,False,3,0.6,True,True,True,False,False,"Gemma, Llama"
UgwKTp1_0Wx13J3oIvx4AaABAg,Македонија. Никогаш Северна.,neutral,negative,neutral,negative,0.8,negative,0.95,5,negative,2,False,3,0.6,False,True,False,True,True,"CardiffNLP, BERTweet"
UgzwKGt8gwFzbxGAhON4AaABAg,"Овие немаат ни срам ни перде,,,, ,,,,само ластегарка ,,,,,",negative,negative,neutral,negative,0.8,negative,0.95,5,negative,2,False,4,0.8,True,True,False,True,True,BERTweet
UgzgCc5A9ZduwqItK_N4AaABAg,"Оставка Манипуланту, Македонија не ве сака, не го револтирајте народот уште повеќе. Како партали ќе ве исврлат од парламентот. Не си играј со чуството на народот да не завршиш како Чаушеску на плоштад.",negative,negative,neutral,negative,0.8,negative,0.95,5,negative,2,False,4,0.8,True,True,False,True,True,BERTweet
UgynezRE5yqs3Um_q8Z4AaABAg,Погодиниве це станет,positive,positive,neutral,neutral,0.7,negative,0.95,5,,3,False,0,0.0,False,False,False,False,False,
UgyZsutSjpV_p9hWNUl4AaABAg,Сорт за предавниците на Македонија.,neutral,positive,neutral,negative,0.8,negative,0.95,5,,3,False,0,0.0,False,False,False,False,False,
UgzHTIAHBLsLfOEydaZ4AaABAg,Дај телефонот од дилерот. Јака ова твојава дрога. Хаха,negative,negative,neutral,negative,0.8,negative,0.95,5,negative,2,False,4,0.8,True,True,False,True,True,BERTweet
UgyJ2_7qv2wMxiXwhpR4AaABAg,јас играв со народот алл ин изјава на зоран заев по тоа ке го приметите дека е ненормален,neutral,negative,neutral,negative,0.7,negative,0.95,5,negative,2,False,3,0.6,False,True,False,True,True,"CardiffNLP, BERTweet"
Ugz1CwtlBCbO-Ne5Tmp4AaABAg,Крајно време е психијатар да влезе у партијава. Овие сериозно се тргнати да ни праат Босна овде.,negative,negative,neutral,negative,0.8,negative,0.95,5,negative,2,False,4,0.8,True,True,False,True,True,BERTweet
UgytrR-gwuzVqWuo60F4AaABAg,"Овие слават загуба. Реферндумот пропадна на цисто. Сега сте долзни да прогласите предвремени парламентарни избори ако имате толку демократија, цовество и моралност",negative,negative,neutral,negative,0.8,negative,0.95,5,negative,2,False,4,0.8,True,True,False,True,True,BERTweet
UgytrR-gwuzVqWuo60F4AaABAg.8lq1xYODE6s8lqNCnYbNmg,Референдумот успеа за тие сто гладаа и тоцка.,positive,positive,neutral,negative,0.8,negative,0.95,5,,3,False,0,0.0,False,False,False,False,False,
UgytrR-gwuzVqWuo60F4AaABAg.8lq1xYODE6s8lqVEhwopB4,"<УСЕР> околу 1,300,000 бојкотираа другите 500,000 или гласаа не или за било како. Првата бројка е скоро 3 паати повеке од втората. Ако знаес математика ке го знаес и ресултатот",neutral,negative,neutral,negative,0.8,negative,0.94,5,negative,2,False,3,0.6,False,True,False,True,True,"CardiffNLP, BERTweet"
UgytrR-gwuzVqWuo60F4AaABAg.8lq1xYODE6s8lqpSw3D6nM,<УСЕР> тогас не го познавас законот или се правис на глув како зајако.,negative,negative,neutral,negative,0.8,negative,0.95,5,negative,2,False,4,0.8,True,True,False,True,True,BERTweet
UgytrR-gwuzVqWuo60F4AaABAg.8lq1xYODE6s8lrzoOcpJ8O,<УСЕР> марија јас ти казав подобро од ова немој да мислис дека ке добиес и ова е максимум од минимумот и нисто есенцијално ме се менува името е непроменето сто јас беф малку скептицен само сега геогрфски се назнацува по детално јазикот не се менува па во сто е проблемот.и кореја ехзистира како јузна и северна и нисто лосо само треба да знаес дека проблемот со герција е во тоа сто македонците не се потомци на александар и не се хелени туку се од словенско потекло и зборуваат еден од словенските јазици.со поздрав.,negative,negative,neutral,negative,0.8,negative,0.6,5,negative,2,False,4,0.8,True,True,False,True,True,BERTweet
UgytrR-gwuzVqWuo60F4AaABAg.8lq1xYODE6s8psiCQ-xHRD,<УСЕР> ха ха ха тресес глупости,negative,negative,neutral,negative,0.8,negative,0.95,5,negative,2,False,4,0.8,True,True,False,True,True,BERTweet
UgzQeikz0BdNBiddQkR4AaABAg,Кока грујо ти Даде сите негови пратеници за влада а ти замина со али за двојазицност да му даис,negative,negative,neutral,negative,0.7,negative,0.95,5,negative,2,False,4,0.8,True,True,False,True,True,BERTweet
UgzuFOpzvnOYX1xrkAp4AaABAg,Еу и Нато Така е Господине заев,neutral,positive,neutral,positive,0.85,negative,0.95,5,,3,False,0,0.0,False,False,False,False,False,
UgwAY83Z1szSvq6YS1d4AaABAg,Да не е човек во твоја кожа,neutral,negative,neutral,negative,0.8,negative,1.0,5,negative,2,False,3,0.6,False,True,False,True,True,"CardiffNLP, BERTweet"
UgwSnFFP0UHNi2TcD3N4AaABAg,Готово мк ке биде во еу и готово,neutral,positive,neutral,neutral,0.7,neutral,0.85,5,neutral,2,False,4,0.8,True,False,True,True,True,NLPTown
Ugx5LRHQdcAI2upkHBp4AaABAg,Дома,neutral,positive,neutral,neutral,0.78,neutral,1.0,5,neutral,2,False,4,0.8,True,False,True,True,True,NLPTown
Ugx5LRHQdcAI2upkHBp4AaABAg.8lpzBtSlAfm8lq0o4_WY4N,говеда едни усте не ви јасно дека референдумот го изгубивте се занесувате како да сте добиле новороденце,negative,negative,neutral,negative,0.8,negative,0.95,5,negative,2,False,4,0.8,True,True,False,True,True,BERTweet
Ugwftb6mRz5B7EqWp154AaABAg,мајмуни,negative,neutral,neutral,negative,0.8,negative,1.0,5,negative,2,False,3,0.6,True,False,False,True,True,"NLPTown, BERTweet"
UgyCUMyGFwR5iVDZDW14AaABAg,Малеееееееее....................! Тоја и от Господа срам нјама !,negative,negative,neutral,negative,0.8,negative,1.0,5,negative,2,False,4,0.8,True,True,False,True,True,BERTweet
UgyCUMyGFwR5iVDZDW14AaABAg.9q61nufD-Dv9uy7ALjuHre,малееееее. <УСЕР>....4в -- с'врк.,neutral,negative,neutral,negative,0.8,negative,0.95,5,negative,2,False,3,0.6,False,True,False,True,True,"CardiffNLP, BERTweet"
UgwzVu0AV797nEPcgz54AaABAg,Сарбицкоски.,negative,neutral,neutral,negative,0.8,negative,1.0,5,negative,2,False,3,0.6,True,False,False,True,True,"NLPTown, BERTweet"
Ugwl7JJKop-sQfxE8jB4AaABAg,Мицко бе кај ви се другите делови кога имате многу коментари,neutral,neutral,neutral,negative,0.7,neutral,0.85,5,neutral,2,False,4,0.8,True,True,True,False,True,Gemma
Ugy7V92fChB_AMomhHB4AaABAg,античкиот от ДПМН-ВАЛЕВО пак се глупира ке влизал во ЕУ. 😂😂😂,negative,negative,neutral,negative,0.8,negative,1.0,5,negative,2,False,4,0.8,True,True,False,True,True,BERTweet
Ugy7V92fChB_AMomhHB4AaABAg.9q5lOEFHp4A9q5umClSGFx,Вистинки ВМРО-вец е против ЕУ и про Русија. Мицко не е Грујо и нема да ја направи Македонија велика како Грујо.,negative,negative,neutral,negative,0.8,negative,0.95,5,negative,2,False,4,0.8,True,True,False,True,True,BERTweet
Ugy7V92fChB_AMomhHB4AaABAg.9q5lOEFHp4A9q6BNkgaY8x,"<УСЕР> Последнијат ""вистински""ВМОРО-вец е Ванчо Михајлов, којто е бил анти-руЗЗија!А вие ""валевците"" сте шумадијски измекјари и цигани!",negative,negative,neutral,negative,0.8,negative,0.95,5,negative,2,False,4,0.8,True,True,False,True,True,BERTweet
Ugy7V92fChB_AMomhHB4AaABAg.9q5lOEFHp4A9q6MASmzA-i,<УСЕР> ВМРО е Балгарска организација Боже колко сте прости !!!,negative,negative,neutral,negative,0.8,negative,0.95,5,negative,2,False,4,0.8,True,True,False,True,True,BERTweet
Ugy7V92fChB_AMomhHB4AaABAg.9q5lOEFHp4A9uy6h_cEOJ1,ВМРО ОСНОВАНА 1893 во ПИРИНСКА МАКЕДОНИЈА. ВМРО -- Внатрес'на Македонска Револуционерна Организација.,neutral,negative,neutral,neutral,0.85,neutral,1.0,5,neutral,2,False,4,0.8,True,False,True,True,True,NLPTown
UgxtQBaJEc_4mbBhmJV4AaABAg,Зошто опозициата се глупира во јавноста кога нее она што треба да биди ?,negative,negative,neutral,negative,0.85,negative,0.95,5,negative,2,False,4,0.8,True,True,False,True,True,BERTweet
UgxtQBaJEc_4mbBhmJV4AaABAg.9q6eRTVga7g9uy6obwE9c8,Јеррј .................... цреп.,negative,negative,neutral,neutral,0.78,negative,1.0,5,negative,2,False,3,0.6,True,True,False,False,True,"BERTweet, Gemma"
Ugzu7jFDL0OMbSE77kF4AaABAg,"Вулгарчиња, само така.",negative,negative,neutral,negative,0.8,negative,1.0,5,negative,2,False,4,0.8,True,True,False,True,True,BERTweet
Ugzu7jFDL0OMbSE77kF4AaABAg.9VAaE_4Vaq49VAdyCR-gPt,"Шумадинја, аре да отшетате по родните места.",negative,negative,neutral,negative,0.8,negative,0.95,5,negative,2,False,4,0.8,True,True,False,True,True,BERTweet
Ugzu7jFDL0OMbSE77kF4AaABAg.9VAaE_4Vaq49VAegUSiuKM,<УСЕР> Спречензи Деутч? 🤔,neutral,negative,neutral,negative,0.8,neutral,0.85,5,neutral,2,False,3,0.6,True,False,True,False,True,"NLPTown, Gemma"
Ugzu7jFDL0OMbSE77kF4AaABAg.9VAaE_4Vaq49VB1lvLYY7v,<УСЕР> 日本語は話ますか？,neutral,negative,neutral,neutral,0.85,neutral,1.0,5,neutral,2,False,4,0.8,True,False,True,True,True,NLPTown
Ugzu7jFDL0OMbSE77kF4AaABAg.9VAaE_4Vaq49VB1oLa9uqh,<УСЕР> Ничт свеинстеин. 🤔,neutral,negative,neutral,negative,0.8,negative,0.95,5,negative,2,False,3,0.6,False,True,False,True,True,"CardiffNLP, BERTweet"
Ugzu7jFDL0OMbSE77kF4AaABAg.9VAaE_4Vaq49VB1tjWP3eA,<УСЕР> 😂,neutral,positive,neutral,neutral,0.74,positive,0.95,5,neutral,2,False,3,0.6,True,False,True,True,False,"NLPTown, Llama"
Ugzu7jFDL0OMbSE77kF4AaABAg.9VAaE_4Vaq49VDg8tAT3qF,Отроден време е дасе скорнеш!,neutral,positive,neutral,positive,0.85,negative,0.95,5,,3,False,0,0.0,False,False,False,False,False,
Ugzu7jFDL0OMbSE77kF4AaABAg.9VAaE_4Vaq49VDgWCly_Nu,<УСЕР> Ду бист еине шеизе?,neutral,negative,neutral,negative,0.8,neutral,0.85,5,neutral,2,False,3,0.6,True,False,True,False,True,"NLPTown, Gemma"
Ugy--TRtf3E10aDK9hB4AaABAg,Сто герснија се мес нема парво герснија има пуно порсткуке😉😡,negative,negative,neutral,negative,0.8,negative,0.95,5,negative,2,False,4,0.8,True,True,False,True,True,BERTweet
Ugy--TRtf3E10aDK9hB4AaABAg.8d3-W1iq5a58d3QqHPAcQ0,Енис Студио Делукс не те разбирам?,negative,neutral,neutral,negative,0.8,negative,0.95,5,negative,2,False,3,0.6,True,False,False,True,True,"NLPTown, BERTweet"
UgyozzzkNqBh1Ot_LiZ4AaABAg,преспа договор - кривиц'но дело. сдс програма 2016 никаде нема менување ИМЕ на МАКЕДОНИЈА. сдс ј бајбук. договор ј вц.,negative,negative,neutral,negative,0.8,negative,0.95,5,negative,2,False,4,0.8,True,True,False,True,True,BERTweet
Ugx1fZB8KxnLXEqujuh4AaABAg,Нека не јадат мн трици ..секој договор мозе да се понисти или барем да не се поцитува...има договори кој се со мн поголема тезина (за нуклеарни програми).па не се поцитуваат,negative,negative,neutral,negative,0.8,negative,0.8,5,negative,2,False,4,0.8,True,True,False,True,True,BERTweet
UgyePwe6oIgCiQhilK14AaABAg,Вие најлошо направивте што го прифатите преспанскиот договор па ако можи така па нека се поништи затоа што договорот е капитулистички на све што е МАКЕДОНСКО.,negative,negative,neutral,negative,0.8,negative,0.95,5,negative,2,False,4,0.8,True,True,False,True,True,BERTweet
Ugyfaqx9su7aNDLovUJ4AaABAg,преспа договор - кривиц'но дело. сдс програма 2016 никаде нема менување ИМЕ на МАКЕДОНИЈА. договор ј вц.,negative,negative,neutral,negative,0.8,negative,0.95,5,negative,2,False,4,0.8,True,True,False,True,True,BERTweet
UgzSYA2ZmDhqxTieKWB4AaABAg,"Договорот помеѓу Македонија и Грција, дефинитивно ќе влезе во историјата на дипломатијата. Тој ќе биде единствениот договор во историјата помеѓу две држави, во кој едната држава за првпат во историјата на човештвото доброволно капитулира и се откажува од својата историја и култура. Го менува името на сопствената држава, а со тоа и националната припадност на своите граѓани. **Овој феномен ке претставува пример во историјата на дипломатијата, дека најголема закана по демократиите и националните држави се група на луѓе во власта подржани и платени од моќни центри, кои работат за уништување на националните суверени држави и бесрамно го лажат и манипулират сопствениот народ! **Овој така наречен премиер, ке влезе во историја како најголемиот и единствен прекршител на уставот на својата држава без да биде санкциониран или елиминиран. Предлогот за употребата на двојазичност-албанскиот јазик, Сквернавење на МПЦрква, договорот со Бугарија, и овој договор со Грција. Тоа е грубо и брутално кршење на уставот. После грубото и брутално кршење на уставот мора да следуват груби и брутални санкци и казни ако сакаме да имаме здрава национална држава! **Дека народот ке победи во овие тешки времиња и ке си ја одбрани и зачува татковината и дека оваја влада на СДС(М) ке биде од корен избришана, во тоа сум длабоко уверен! Народот не заборава и не простува! **Она што не сум уверен и сериозно ме загрижува е; Дали новата влада без разлика на политичката гарнитура ке има храброст да најсериозно строго ги осуди предавниците Заев, Димитров и лугето блиски до нив за продажбата на нашата татковина Македонија? Во спротивно народот Македонски мора да им пресуди на сите!",positive,positive,neutral,negative,0.57,negative,0.95,5,,3,False,0,0.0,False,False,False,False,False,
UgzSYA2ZmDhqxTieKWB4AaABAg.8hbGIYHfdUK8hbe6suOQkN,јагвиљагвил1 тхе разбирам ама Македонскиот НАРОД е крив со го гласаја на власт И ако знаеја со планира И ке си останеме ОВЦИ за стризене,negative,negative,neutral,negative,0.8,negative,0.94,5,negative,2,False,4,0.8,True,True,False,True,True,BERTweet
UgyCXY3EiX6_Zg-bnjZ4AaABAg,"Господо... Дали воопшто сте се запрашале или сте размислувале што ке се случи кога ке престанат тапкањата по плеки и кога ЕУ и останатите Хипократи ке ви го свртат грбот! А дека тоа набрзо ке се случи, тоа е загарантирано правило во дипломатијата? Како ке го издржете гневот што го створивте во Македонскиот народ? Господ нека ви биде на помош",negative,negative,neutral,negative,0.8,negative,0.95,5,negative,2,False,4,0.8,True,True,False,True,True,BERTweet
UgyPmGVcvmeZawPI7KN4AaABAg,"За АЛФА ТВ ❤️ Редовно следам, на порталите.. Недостига економија, домасна И глобална.",neutral,negative,neutral,positive,0.85,positive,0.95,5,,3,False,0,0.0,False,False,False,False,False,
Ugypycuo1r13Jd12azl4AaABAg,"Секој може да се дефинира како сака, па дури и како вонземјанин и, соодветно, да го идентификуваат својот јазик на ист начин. Сепак, правото на самоопределување им припаѓа на живите. Никој не им дава за право да го менуваат декларираниот идентитет на мртвите, кои дванаесет века се дефинираат како балгари. Битолската плоча на цар Јован Владислав од 1015 година, изложена во музејот во Битола, во која внукот на Самуил се нарекува „бугарски автократ“ и „бугарски роден“, кој ја обновил битолската тврдина“ за прибежиште и спасение и за животот на Бугарите“. Друг неоспорен факт е писмо од Гоце Делчев до Никола Малешевски (05.01.1899), напишано на литературен бугарски јазик: „Жално е, но што да правиме кога си сме балгари и сите страдаме од една иста болест“. Или постојното барање на Никола Делчев, татко на Гоце Делчев, до Националното собрание на Балгарија (24.06.1914) за доделување пензија!",neutral,negative,neutral,negative,0.8,negative,0.94,5,negative,2,False,3,0.6,False,True,False,True,True,"CardiffNLP, BERTweet"
UgwlkwN5gpTBhHGShlV4AaABAg,"Иднината на Северна Македонија е в Албанија, а иднината на Албанија не е в Европа, а в срабско-албанскијат минишенген.",neutral,negative,neutral,negative,0.85,negative,0.95,5,negative,2,False,3,0.6,False,True,False,True,True,"CardiffNLP, BERTweet"
UgxR9t2o0S5yEUqMCYN4AaABAg,"Господо... Дали воопшто сте се запрашале или сте размислувале што ке се случи кога ке престанат тапкањата по плеки и кога ЕУ и останатите Хипократи ке ви го свртат грбот! А дека тоа набрзо ке се случи, тоа е загарантирано правило во дипломатијата? Како ке го издржете гневот што го створивте во Македонскиот народ? Господ нека ви биде на помош ...",negative,negative,neutral,negative,0.8,negative,0.95,5,negative,2,False,4,0.8,True,True,False,True,True,BERTweet
UgyvVxewY9oi_M_WRRl4AaABAg,Ова е првиот чекор на краиот на гнасната вештачка коминтернова творба севержано- бановина. Почитувани севержано -бановини за срекиа доиде краиот на гнасната вештачка коминтернова творба севержано- бановина 🎪🇲🇰🎪,neutral,positive,neutral,negative,0.8,negative,0.95,5,,3,False,0,0.0,False,False,False,False,False,
UgznUXs9OYyzl4tayVp4AaABAg,Ова е резултат на предавниците од македонија,neutral,positive,neutral,negative,0.8,negative,0.95,5,,3,False,0,0.0,False,False,False,False,False,
Ugwy_hcep1k4qzw7J1R4AaABAg,"Като минаха емоциите може би да погледнете самијат ""извештај""?! Има много проблеми, отбелјазани от вашија пријател Вајц, които Мицика не иска да ги забелјазвате ;)",negative,neutral,neutral,negative,0.5,negative,0.95,5,negative,2,False,3,0.6,True,False,False,True,True,"NLPTown, BERTweet"
Ugwy_hcep1k4qzw7J1R4AaABAg.AKMVkxYEWEuAKMp8pIuGZS,. ХРИСТИЈАН е ИМЕ на ПРЕМИЕР на ВЛАДА ! !,neutral,negative,neutral,negative,0.8,negative,1.0,5,negative,2,False,3,0.6,False,True,False,True,True,"CardiffNLP, BERTweet"
Ugwy_hcep1k4qzw7J1R4AaABAg.AKMVkxYEWEuAKMsmtNaLqm,@татјанавелкова5814На какво е премиер 😅на Северен Пинджур ли ?,neutral,negative,neutral,negative,0.7,neutral,0.95,5,neutral,2,False,3,0.6,True,False,True,False,True,"NLPTown, Gemma"
Ugwy_hcep1k4qzw7J1R4AaABAg.AKMVkxYEWEuAKMvDkxghDh,а Вајц дали ке вране парите ?,neutral,negative,neutral,negative,0.7,negative,0.95,5,negative,2,False,3,0.6,False,True,False,True,True,"CardiffNLP, BERTweet"
Ugwy_hcep1k4qzw7J1R4AaABAg.AKMVkxYEWEuAKMvH5SKhF5,<УСЕР> таа лудата нема спирка,negative,negative,neutral,negative,0.8,negative,0.95,5,negative,2,False,4,0.8,True,True,False,True,True,BERTweet
Ugwy_hcep1k4qzw7J1R4AaABAg.AKMVkxYEWEuAKOcoFDF92Y,бугсри фашисти и грција фашисти !!!,negative,negative,neutral,negative,0.8,negative,1.0,5,negative,2,False,4,0.8,True,True,False,True,True,BERTweet
Ugwy_hcep1k4qzw7J1R4AaABAg.AKMVkxYEWEuAKOlVZPMxEO,<УСЕР> кои.... пари ?,neutral,negative,neutral,negative,0.7,neutral,0.89,5,neutral,2,False,3,0.6,True,False,True,False,True,"NLPTown, Gemma"
Ugxfwex40qtjjpxE6IN4AaABAg,"Северджантите са като деца дето верват в дедо Коледа. Като им кажат че не е верно, се, сардјат. Време е за срешта с реалността.",negative,neutral,neutral,negative,0.8,negative,0.95,5,negative,2,False,3,0.6,True,False,False,True,True,"NLPTown, BERTweet"
Ugyk9RrYfHoL69U5nLp4AaABAg,А сега да јадете пиперката на сарбите като немате акал ПИНДЖУРИ 😅,negative,negative,neutral,negative,0.8,negative,0.95,5,negative,2,False,4,0.8,True,True,False,True,True,BERTweet
Ugyk9RrYfHoL69U5nLp4AaABAg.AKMVWugW10-AKMYpvHQt6a,Вие блгарите не знаете што е акал затоа што Го немате вие Сте фашисти и Така ке осцнете фашисти со вас кинески зид 😂😂😂 Татар фантазиран огури турски аспарухови татари 😛😛😛 0:01,negative,negative,neutral,negative,0.8,negative,0.95,5,negative,2,False,4,0.8,True,True,False,True,True,BERTweet
Ugyk9RrYfHoL69U5nLp4AaABAg.AKMVWugW10-AKMZ6bli2DX,"2:33 МАМЕТО ВАШЕ СЕГА ШТО МИСЛИТЕ ДЕКА ПОСТИГНАВТЕ САМО СТРАШНА ОМРАЗА ДА ИМАМЕ КОН ВАС СО СРБИТЕ ЖИВЕВМЕ И ЌЕ ЖИВЕЕМЕ КАКО БРАЌА И ВИЕ САМО ОТСТРАНА ЌЕ ГЛЕДАТЕ , И МАЛКУ ПО МАЛКУ ЦИГАНИТЕ ЌЕ ВИ ЈА ПРЕЗЕМАТ ДРЖАВАТА",negative,negative,neutral,negative,0.8,negative,0.95,5,negative,2,False,4,0.8,True,True,False,True,True,BERTweet
Ugyk9RrYfHoL69U5nLp4AaABAg.AKMVWugW10-AKMpcTt22vY,25 ВЕКА МАКЕДОНЦИ во МАКЕДОНИЈА ! ! Срби... у Дунав.,neutral,positive,neutral,negative,0.8,negative,0.95,5,,3,False,0,0.0,False,False,False,False,False,
UgyhRF_HMYq5ZkcnQx54AaABAg,"НИКОЈ НÀ ОВОЈСВЕТ НЕМА ПРАВОʻ ДАЧЕПКА ПО ИДЕНТИТЕЦКИТЕ ПРАШАЊА, ПА НИ НА ЕУ ПАРЛАМЕ ТОТ. Македонија је суверена самостална држава по ос ов а ОДЛУКА НА АСНОМ. Таа Одлика н̈ема право никој! НИКОЈ на овој свет да бара или да се менува. Така од ФИРОМ до денеска све што е про енето НЕМА ПРАВНА ОСНОВА. Тоа правниците по арнознајат да објаснат, а политичарите да почитуват правото и АСНОМ ОДЛУКИ.",negative,negative,neutral,negative,0.8,negative,0.94,5,negative,2,False,4,0.8,True,True,False,True,True,BERTweet
UgxRSeVtfQvQJnFjMBl4AaABAg,"Ве дон'т вант тхе Еуропеан унион, ве шоулд цлосе тхе доор то ЕУ. Мове то Еаст, БРИЦС",neutral,negative,neutral,negative,0.8,negative,0.95,5,negative,2,False,3,0.6,False,True,False,True,True,"CardiffNLP, BERTweet"
UgxRSeVtfQvQJnFjMBl4AaABAg.AKND-KwTwwuAKOHE-I5JeQ,Бут јоу'ре гоинг то студј анд ворк ин Вестерн Еуропеан цоунтриес анд нот Руссиа 🙂,neutral,negative,neutral,positive,0.85,positive,0.95,5,,3,False,0,0.0,False,False,False,False,False,
UgxRSeVtfQvQJnFjMBl4AaABAg.AKND-KwTwwuAKOd9Z1Gguy,@Георги.Делчев.Реборнако тебе тоа те секира значи ти си жител на Македонија,negative,negative,neutral,negative,0.7,negative,0.95,5,negative,2,False,4,0.8,True,True,False,True,True,BERTweet
UgxRSeVtfQvQJnFjMBl4AaABAg.AKND-KwTwwuAKOlS0p6091,МАКЕДОНИЈА --- 25 ВЕКА е во ЈУЗ'НА ЕВРОПА ! !,neutral,positive,neutral,positive,0.85,positive,0.95,5,positive,2,False,3,0.6,False,True,False,True,True,"CardiffNLP, BERTweet"
UgxRSeVtfQvQJnFjMBl4AaABAg.AKND-KwTwwuAKP7MByXpOh,Тхере ис цоунтриес он еаст вхо аре лот беттер анд море стабле тхен Еуропе. Јуст бецаусе тхеј дон'т експосе тоо муч ароунд тхе ворлд тхат доесн'т меан тхеј аре но гоод. Руссиа ис нот онлј цоунтрј ин брицс . Дид јоу го анд сее вхат'с он еаст сиде?.. мајбе јоу шоулд. Бут анјвај тхере ис но суч а тхинг тхат цан чанге мј натионалитј анд лангуаге. Тхе принцип оф тхе тхинг ис тхат мј валуе анд моралс аре море импортант тхен анјтхинг.,neutral,negative,neutral,negative,0.5,negative,0.83,5,negative,2,False,3,0.6,False,True,False,True,True,"CardiffNLP, BERTweet"
UgxRSeVtfQvQJnFjMBl4AaABAg.AKND-KwTwwuAKP7xiReWOu,"@татјанавелкова5814па сто ако е. Незнаци дека мора да ме понизуваат И уценуваат . Некако образот И карактерот се заборавиле во овие последни времиња. Досло време само дај сто Дас. Епа не е се бас така. И'м требаме И ние на нив, ние сме центарот исто, не е за ѕабе сто инвестираат во спојување на јјгот И северот со коридори. Имаат потреба И они.",negative,negative,neutral,negative,0.5,negative,0.83,5,negative,2,False,4,0.8,True,True,False,True,True,BERTweet
UgxRSeVtfQvQJnFjMBl4AaABAg.AKND-KwTwwuAKPP6FNtARq,"<УСЕР> Греат, го ворк тхере. Бут јоу вон’т. И вондер вхј јоур феллов цитизенс го то ворк анд студј ин Вестерн Еуропе анд нот ин Чина, Индиа, Туркеј, Соутх Кореа ор Пакистан.",neutral,negative,neutral,negative,0.8,negative,0.8,5,negative,2,False,3,0.6,False,True,False,True,True,"CardiffNLP, BERTweet"
UgxRSeVtfQvQJnFjMBl4AaABAg.AKND-KwTwwuAKPQd73I2rL,@Георги.Делчев.Реборн бецаусе оф пеопле лике јоу ве аре вхере ве аре.. 🙄 садлј,neutral,negative,neutral,negative,0.8,negative,0.94,5,negative,2,False,3,0.6,False,True,False,True,True,"CardiffNLP, BERTweet"
UgxRSeVtfQvQJnFjMBl4AaABAg.AKND-KwTwwuAKPRhdfsmWe,<УСЕР> Ит'с нот оур фаулт. Булгариа лифтед тхе вето 3 јеарс аго. Јоу агреед ин фронт оф тхе ентире ЕУ тхат јоу воулд имплемент тхе Френч пропосал анд тхе ЕУ'с мембершип рекуиременц. Јоу'ве беен доинг нотхинг фор тхе ласт 3 јеарс то јоин тхе унион.,neutral,negative,neutral,negative,0.8,negative,0.94,5,negative,2,False,3,0.6,False,True,False,True,True,"CardiffNLP, BERTweet"
UgybwsOttyoE7QxaJex4AaABAg,"Јас досега мислев а сега гарантирам дека се она што правеше сдсш со идентитетски те прашања , Мицковски во позадина се подржуваше и за грчкиот и за бугарскиот договор, ако не е така досега овие од дпмне ќе покренеа не една туку 101 кривична за Заев,Димитров,Османи, Маричиќ , Педеровски и Тачета за ставање на државата во потчинета положба а има и докази, Заев потпиша документ кај Иванов за рушење на уставниот поредок, ако почни да се судат овие од сдсш се ќе извадат на виделина за Мицковски за се што се сложил во позадина! Ако не е така досега сите 6 души ќе беа во затвор а не сеуште да нема ни кринични! Прво се чистат домашните издајници и кодоши а дури потоа можиш да се в бориш со туѓи сили!",negative,negative,neutral,negative,0.5,negative,0.95,5,negative,2,False,4,0.8,True,True,False,True,True,BERTweet
Ugw9JXJsFbFjPYhom0l4AaABAg,"чекам след като се внесат бугарите во устав, да видим извинуване от премиер и председател кон бугарската заедница, оти 70 годин е репресирана и понижувана",negative,negative,neutral,negative,0.8,negative,0.95,5,negative,2,False,4,0.8,True,True,False,True,True,BERTweet
Ugw9JXJsFbFjPYhom0l4AaABAg.AKMufSLnKppAKO7JASD7S2,Ќе им влезе на Б'лварите во уста😂😂😂,negative,negative,neutral,negative,0.8,negative,0.95,5,negative,2,False,4,0.8,True,True,False,True,True,BERTweet
Ugw9JXJsFbFjPYhom0l4AaABAg.AKMufSLnKppAKOp1r8ebRR,<УСЕР>-е7рнеписмен марсовец,neutral,negative,neutral,negative,0.8,negative,0.95,5,negative,2,False,3,0.6,False,True,False,True,True,"CardiffNLP, BERTweet"
Ugw9JXJsFbFjPYhom0l4AaABAg.AKMufSLnKppAKcsacCvb9X,Хајванизмот во Македонија е класички тип😢😢😂😂😂❤ А сексуалниот импулс е исто много јак😎😎. И пациенти на лекарите Сексолози увек ке има😊,neutral,negative,neutral,negative,0.8,negative,0.85,5,negative,2,False,3,0.6,False,True,False,True,True,"CardiffNLP, BERTweet"
Ugw9JXJsFbFjPYhom0l4AaABAg.AKMufSLnKppAKcxzo-Cnjh,Б'лварите во УСТА🖕🖕🖕,negative,negative,neutral,negative,0.88,negative,1.0,5,negative,2,False,4,0.8,True,True,False,True,True,BERTweet
Ugy1MsW43AHi1o3py2N4AaABAg,да се раскине преспански и бугарски и да се прекинат преговорите со еу!!!!,negative,negative,neutral,negative,0.8,negative,0.95,5,negative,2,False,4,0.8,True,True,False,True,True,BERTweet
Ugy1MsW43AHi1o3py2N4AaABAg.AKMUJ-8Xit3AKMVBAdai2N,Точно така и да излезете от НАТО 😅че само то ви пази газот 😅😅😅,negative,positive,neutral,negative,0.8,negative,0.95,5,negative,3,False,3,0.6,True,False,False,True,True,"NLPTown, BERTweet"
Ugy1MsW43AHi1o3py2N4AaABAg.AKMUJ-8Xit3AKMVCNFByac,И Македонија да стане поголема бедотија од Албанија во времето на Енвер Хоџа. Предобра идеја!,positive,positive,neutral,negative,0.7,negative,0.95,5,,3,False,0,0.0,False,False,False,False,False,
Ugy1MsW43AHi1o3py2N4AaABAg.AKMUJ-8Xit3AKMVXMFPSTP,Ваше право. ЕУ не ви требва. Имате Србски свет ;),neutral,positive,neutral,positive,0.85,positive,0.95,5,positive,2,False,3,0.6,False,True,False,True,True,"CardiffNLP, BERTweet"
Ugy1MsW43AHi1o3py2N4AaABAg.AKMUJ-8Xit3AKMVaCjMOvj,можеби тогаш татариште како тебе ќе се врати во Монголија штом Македонија е бедна за тебе @МКД-БГР,negative,negative,neutral,negative,0.8,negative,0.95,5,negative,2,False,4,0.8,True,True,False,True,True,BERTweet
Ugy1MsW43AHi1o3py2N4AaABAg.AKMUJ-8Xit3AKMXQL5C5Qt,<УСЕР> МАКЕДОНСКИ СВЕТ ЈАСНООО,positive,positive,neutral,positive,0.85,positive,0.95,5,positive,2,False,4,0.8,True,True,False,True,True,BERTweet
Ugy1MsW43AHi1o3py2N4AaABAg.AKMUJ-8Xit3AKMXfaSx6hH,"<УСЕР>.7 Ќе си отидеме во Мајка Балгарија тогаш, и ќе ви се смешкаме на вашата глад и бедотија😂😂",negative,negative,neutral,negative,0.8,negative,0.95,5,negative,2,False,4,0.8,True,True,False,True,True,BERTweet
Ugy1MsW43AHi1o3py2N4AaABAg.AKMUJ-8Xit3AKMXwdpkGCX,"<УСЕР> Што Македонски свет бе? По кафана рокате „кафана је моја судбина“, по телевизии гледате Звезде Гранда како хиптомизирати овци. Кога ќе видете Срби одма ги ослужувате како бегови да се, и им кажувате „Ми смо брача“, а они под мустаќ си кажува „глупи Јужни Срби“. Тоа е „Македонски свет“.",negative,negative,neutral,negative,0.8,negative,0.95,5,negative,2,False,4,0.8,True,True,False,True,True,BERTweet
Ugy1MsW43AHi1o3py2N4AaABAg.AKMUJ-8Xit3AKMY4CpsD_s,О бефни блгари цексјс кога ке дојде евтото ке билдете мизерија на балканот пензионеритевадхи ке шецт По македонски пазари АМА на грксница Царина дупла на се бре душмани на македонскиот народ Тüрк производ со славјански јазик и писмо и Вера 😂😂😢😢,negative,negative,neutral,negative,0.8,negative,0.95,5,negative,2,False,4,0.8,True,True,False,True,True,BERTweet
Ugy1MsW43AHi1o3py2N4AaABAg.AKMUJ-8Xit3AKMYCY6uiuk,не чекајте ич собирајте татарските партали и да ве нема <УСЕР>-БГР,negative,negative,neutral,negative,0.8,negative,0.95,5,negative,2,False,4,0.8,True,True,False,True,True,BERTweet
Ugy1MsW43AHi1o3py2N4AaABAg.AKMUJ-8Xit3AKMYG_xMqHY,"😂јадите Сите лајна и таа ""големата фадхиска Дö наоцари новинарка на бојков љубовницата татари монголски покрстени муслимани 😂😂😂😂",negative,positive,neutral,negative,0.8,negative,0.95,5,negative,3,False,3,0.6,True,False,False,True,True,"NLPTown, BERTweet"
Ugy1MsW43AHi1o3py2N4AaABAg.AKMUJ-8Xit3AKMY_ffaX9z,"<УСЕР>.7 А нее друже, ние ќе вршиме терор овде врз Југословените како тебе, што како Ванчо Михајлов ви вршеше во минатото. Ќе го вратиме правилното ВМРО и убаво ќе ви покажеме што значи Македонец.",neutral,negative,neutral,negative,0.8,negative,0.95,5,negative,2,False,3,0.6,False,True,False,True,True,"CardiffNLP, BERTweet"
Ugy1MsW43AHi1o3py2N4AaABAg.AKMUJ-8Xit3AKMYlz4Lft2,@весназлатева2527Имате палнени чушки ама и за тех не е јасно от каде са 😅 Виж вие сте много вековни мајмуната е произлезла отвас а не човекат от мајмуната 😅.,negative,negative,neutral,negative,0.8,negative,0.95,5,negative,2,False,4,0.8,True,True,False,True,True,BERTweet
Ugy1MsW43AHi1o3py2N4AaABAg.AKMUJ-8Xit3AKMYr2Dk824,"<УСЕР> Јасноо?! Користете ја Кирилицата или каквото ви е останало от неја... А как се влиза ""во тој македонски свет""?! И јаз сакам тамо... ;)",neutral,negative,neutral,negative,0.8,negative,0.9,5,negative,2,False,3,0.6,False,True,False,True,True,"CardiffNLP, BERTweet"
Ugy1MsW43AHi1o3py2N4AaABAg.AKMUJ-8Xit3AKMooBrfkcI,"Леко со нервите😅😅😅😅, имате формирование на 30г., което 3 пати си смени името, с тоја манталитет нјама как да ви тарпјат@весназлатева2527",negative,negative,neutral,negative,0.8,negative,0.95,5,negative,2,False,4,0.8,True,True,False,True,True,BERTweet
Ugy1MsW43AHi1o3py2N4AaABAg.AKMUJ-8Xit3AKMpGThjH3g,пред 12 века НАУМ и КЛИМЕНТ ОХРИДСКИ -- АВТОРИ НА КИРИЛИЦА ! !,neutral,positive,neutral,positive,0.85,positive,0.95,5,positive,2,False,3,0.6,False,True,False,True,True,"CardiffNLP, BERTweet"
Ugy1MsW43AHi1o3py2N4AaABAg.AKMUJ-8Xit3AKMpv3PiU7c,<УСЕР> Зошто не ја користиш?!,negative,negative,neutral,negative,0.8,negative,0.95,5,negative,2,False,4,0.8,True,True,False,True,True,BERTweet
Ugy1MsW43AHi1o3py2N4AaABAg.AKMUJ-8Xit3AKMqUX5lXEx,@татјанавелкова5814ама ти на шо пишуваш (албанезе),neutral,negative,neutral,negative,0.7,neutral,0.98,5,neutral,2,False,3,0.6,True,False,True,False,True,"NLPTown, Gemma"
Ugy1MsW43AHi1o3py2N4AaABAg.AKMUJ-8Xit3AKMutF6t9tq,"и анало да си разкинеш, ке требе да прифатите дека сте чипирани со гнасен македониЗам",negative,negative,neutral,negative,0.8,negative,0.95,5,negative,2,False,4,0.8,True,True,False,True,True,BERTweet
Ugy1MsW43AHi1o3py2N4AaABAg.AKMUJ-8Xit3AKMv0WdEThP,<УСЕР> се сомневам тоа да има значение след като и двете дражави са нато мембер фитка,neutral,neutral,neutral,negative,0.8,negative,0.8,5,neutral,2,False,3,0.6,True,True,True,False,False,"Gemma, Llama"
Ugy1MsW43AHi1o3py2N4AaABAg.AKMUJ-8Xit3AKMv7iVsy-2,"<УСЕР> весна, бегај си во царбија",neutral,negative,neutral,neutral,0.73,negative,0.95,5,neutral,2,False,3,0.6,True,False,True,True,False,"NLPTown, Llama"
Ugy1MsW43AHi1o3py2N4AaABAg.AKMUJ-8Xit3AKMyEoQlHac,<УСЕР> Бре....!? И каде е овој свет...........???,negative,negative,neutral,negative,0.8,negative,0.95,5,negative,2,False,4,0.8,True,True,False,True,True,BERTweet
Ugy1MsW43AHi1o3py2N4AaABAg.AKMUJ-8Xit3AKOlaS-GSLc,<УСЕР>-о4к МАКЕДОНСКИ ЈАЗИК во МАКЕДОНИЈА ! ! !,neutral,positive,neutral,negative,0.8,positive,0.95,5,,3,False,0,0.0,False,False,False,False,False,
Ugy1MsW43AHi1o3py2N4AaABAg.AKMUJ-8Xit3AKctEDBMyGQ,"@весназлатева2527Уважаема господжа вие сте Весна или Пролет? Чини ми се да сте највеке Весна. Поздрави за Србски свет, 😊😊😊",positive,positive,neutral,positive,0.85,positive,0.95,5,positive,2,False,4,0.8,True,True,False,True,True,BERTweet
UgwKfJGT7hPWS-hRl5d4AaABAg,"Заедно,не е толкова страшно,както трјабва да баде, зашто са се трепали толкова хора по таја земја,да ги е јад душманите, заедно треба!😮😢🎉",negative,neutral,neutral,positive,0.85,positive,0.85,5,,3,False,0,0.0,False,False,False,False,False,
UgwR7zQ50t6vdSGhdIJ4AaABAg,"Сами сте си криви. Дигате фама за идентитетот и јазикот, иако веќе се признати. Само македонче ова го може. Ајде сега почнете да користите „Нашиот јазик“ и „Нашиот народ/нација“ како што користите „Нашата Држава“' наместо Северна Македонија. Браво!",negative,negative,neutral,positive,0.9341,negative,0.95,5,negative,3,False,3,0.6,True,True,False,False,True,"BERTweet, Gemma"
UgwR7zQ50t6vdSGhdIJ4AaABAg.AKMVUVyEJyFAKMZEAEVON0,2:33 МАМЕТО ВАШЕ БУГАРАШКО,neutral,negative,neutral,negative,0.8,negative,1.0,5,negative,2,False,3,0.6,False,True,False,True,True,"CardiffNLP, BERTweet"
UgwR7zQ50t6vdSGhdIJ4AaABAg.AKMVUVyEJyFAKMZfGNBbx5,@дејанстерјоски5654И мамето ваше југословенско,negative,negative,neutral,negative,0.8,negative,0.95,5,negative,2,False,4,0.8,True,True,False,True,True,BERTweet
UgwR7zQ50t6vdSGhdIJ4AaABAg.AKMVUVyEJyFAKMicOMh8-Q,"@дејанстерјоски5654Несе нервирај,се ке си дојде на место,ние сме ви нај добри пријатели !",positive,positive,neutral,positive,0.85,positive,0.95,5,positive,2,False,4,0.8,True,True,False,True,True,BERTweet
UgwR7zQ50t6vdSGhdIJ4AaABAg.AKMVUVyEJyFAKMpFAlzllr,"@дејанстерјоски5654😅😅😅😅нервозен северджан, Балгарија е нај-старата даржава в Европа, а ти свикни да губиш, хората те бијат с факти, ти показваш колко ниско ниво си😅😅😅😅",negative,negative,neutral,negative,0.8,negative,0.95,5,negative,2,False,4,0.8,True,True,False,True,True,BERTweet
UgwR7zQ50t6vdSGhdIJ4AaABAg.AKMVUVyEJyFAKMr7Ss3I_z,"<УСЕР> То акал, то интелект?! Браво. Забрави ""татарско"" ;)",positive,negative,neutral,negative,0.8,negative,0.95,5,negative,3,False,3,0.6,False,True,False,True,True,"CardiffNLP, BERTweet"
UgwR7zQ50t6vdSGhdIJ4AaABAg.AKMVUVyEJyFAKMsH_jmNHw,"@дејанстерјоски5654😅😅😅пак пораз, свиквај, Балгарија е нај-старата даржава в Европа, мислиш, че на нјакој му дреме за мнението ти😅😅😅",negative,negative,neutral,negative,0.8,negative,0.95,5,negative,2,False,4,0.8,True,True,False,True,True,BERTweet
UgwR7zQ50t6vdSGhdIJ4AaABAg.AKMVUVyEJyFAKMsJgws-Eg,ДОЈДИ ВО МАКЕДОНИЈА ЌЕ ВИДИШ ШТО АКАЛ ИМАМ,neutral,negative,neutral,negative,0.8,negative,0.95,5,negative,2,False,3,0.6,False,True,False,True,True,"CardiffNLP, BERTweet"
UgwR7zQ50t6vdSGhdIJ4AaABAg.AKMVUVyEJyFAKMsyrl8232,@дејанстерјоски5654северна македонија 😅😅😅😅,neutral,positive,neutral,neutral,0.72,positive,0.95,5,neutral,2,False,3,0.6,True,False,True,True,False,"NLPTown, Llama"
UgwR7zQ50t6vdSGhdIJ4AaABAg.AKMVUVyEJyFAKMvXgBhuJH,<УСЕР>,neutral,neutral,neutral,neutral,0.74,negative,0.94,5,neutral,2,False,4,0.8,True,True,True,True,False,Llama
UgwR7zQ50t6vdSGhdIJ4AaABAg.AKMVUVyEJyFAKN5feL9xYh,<УСЕР> Во Македонија сум.,neutral,negative,neutral,neutral,0.74,neutral,1.0,5,neutral,2,False,4,0.8,True,False,True,True,True,NLPTown
UgwR7zQ50t6vdSGhdIJ4AaABAg.AKMVUVyEJyFAKctYzJ8ZJQ,@дејанстерјоски5654амо то е очигледно 😅😅😅,neutral,negative,neutral,neutral,0.8,positive,0.95,5,neutral,3,False,3,0.6,True,False,True,True,False,"NLPTown, Llama"
Ugz9mPhwXHs2xY9lKcd4AaABAg,И се уште треба да сме ЗА 🇪🇺❓,neutral,positive,neutral,negative,0.8,positive,0.95,5,,3,False,0,0.0,False,False,False,False,False,
Ugz9mPhwXHs2xY9lKcd4AaABAg.AKMX9CAk-KMAKMY2CDwK-k,Да. И треба уште повеќе сега да сте ЗА ЕУ.,neutral,neutral,neutral,positive,0.85,positive,0.95,5,neutral,2,False,3,0.6,True,True,True,False,False,"Gemma, Llama"
Ugz9mPhwXHs2xY9lKcd4AaABAg.AKMX9CAk-KMAKMfp6nF8Dz,@МКД-БГРАма пак ќе нема промена на уставот,neutral,negative,neutral,negative,0.8,negative,0.95,5,negative,2,False,3,0.6,False,True,False,True,True,"CardiffNLP, BERTweet"
Ugz9mPhwXHs2xY9lKcd4AaABAg.AKMX9CAk-KMAKMhmRrsAlV,@БорисЧешларовЕпа неме ЕУ тогаш. А со тоа и ќе секнат помошта и визи ќе се вратат пак.,negative,negative,neutral,negative,0.8,negative,0.95,5,negative,2,False,4,0.8,True,True,False,True,True,BERTweet
Ugz9mPhwXHs2xY9lKcd4AaABAg.AKMX9CAk-KMAKMivq5xC58,"@МКД-БГРПа ние одамна не сакаме во 🇪🇺 ни во НАТО, само што штета што имаме глупи политичари, што не можат да го разберат тоа",negative,negative,neutral,negative,0.8,negative,0.95,5,negative,2,False,4,0.8,True,True,False,True,True,BERTweet
Ugz9mPhwXHs2xY9lKcd4AaABAg.AKMX9CAk-KMAKMpW_B2mH0,<УСЕР>-БГР ти секни.... у бандери.,negative,positive,neutral,negative,0.8,negative,1.0,5,negative,3,False,3,0.6,True,False,False,True,True,"NLPTown, BERTweet"
Ugz9mPhwXHs2xY9lKcd4AaABAg.AKMX9CAk-KMAKMuUW-ZGcs,Вракјајте бодливата тел со Бугарија и се дражте за српски свет,neutral,positive,neutral,negative,0.8,negative,0.95,5,,3,False,0,0.0,False,False,False,False,False,
Ugz9mPhwXHs2xY9lKcd4AaABAg.AKMX9CAk-KMAKN5tUFX-qC,<УСЕР> Нема друга алтернатива. Или ЕУ или банкрот. БРИКС не е алтернатива. Плус сме опкружени од НАТО и ЕУ држави.,negative,negative,neutral,negative,0.8,negative,0.95,5,negative,2,False,4,0.8,True,True,False,True,True,BERTweet
Ugz9mPhwXHs2xY9lKcd4AaABAg.AKMX9CAk-KMAKOlpcfTkP3,2018 на РЕФЕРЕНДУМ ГРАЃАНИ од МАКЕДОНИЈА рекоа не ЕУ.,neutral,negative,neutral,negative,0.8,negative,0.9,5,negative,2,False,3,0.6,False,True,False,True,True,"CardiffNLP, BERTweet"
Ugz9mPhwXHs2xY9lKcd4AaABAg.AKMX9CAk-KMAKOn1im0xhC,@татјанавелкова5814Море ај заќути со тој референдум гуско ботовска. 95% кажаа ЗА ЕУ. КРАЈ!!,negative,negative,neutral,negative,0.8,negative,0.95,5,negative,2,False,4,0.8,True,True,False,True,True,BERTweet
Ugz9mPhwXHs2xY9lKcd4AaABAg.AKMX9CAk-KMAPM8SEazqMX,"@МКД-БГРОд кои ЕУ држави сме опкружени море ? Бугарија и Грција ли ? Па оди живеј во Бугарија,јазикот е сличен,куќа можеш за бадијака да купиш оти државата е иселена цела,платата ќе ти е 450-500 евра оди во Европска Унија види пробај за животот во Блгарија па размисли каква разлика ќе се случи со Македонија ?",neutral,negative,neutral,negative,0.8,negative,0.83,5,negative,2,False,3,0.6,False,True,False,True,True,"CardiffNLP, BERTweet"
Ugz9mPhwXHs2xY9lKcd4AaABAg.AKMX9CAk-KMAPMAT-fCrBQ,@ЧристианЧрастевски Абее вие мислите најпаметни сте. Оди шетај бе копиљ низаеден.,negative,positive,neutral,negative,0.8,negative,0.95,5,negative,3,False,3,0.6,True,False,False,True,True,"NLPTown, BERTweet"
UgxihZC07Uyk4bn6K2Z4AaABAg,Колку ги исполнува Бугарија критериумите денес да треба да ја примат во ЕС нема да ја примат и ке ја блокират,negative,negative,neutral,negative,0.8,negative,0.95,5,negative,2,False,4,0.8,True,True,False,True,True,BERTweet
UgxihZC07Uyk4bn6K2Z4AaABAg.AKMYU8uH8M9AKMYiievS_h,Ги исполнува 110%,neutral,positive,neutral,positive,0.85,positive,0.95,5,positive,2,False,3,0.6,False,True,False,True,True,"CardiffNLP, BERTweet"
UgxihZC07Uyk4bn6K2Z4AaABAg.AKMYU8uH8M9AKMaZ68lrj4,Почитуван севержано -бановин Балгарија е приета во ЕУ и во Евро Зоната и от 2026 ке користиме. Почитуван севержано -бановин за срекиа доиде краиот на гнасната вештачка коминтернова творба севержано- бановина.,neutral,negative,neutral,negative,0.8,negative,0.95,5,negative,2,False,3,0.6,False,True,False,True,True,"CardiffNLP, BERTweet"
UgxihZC07Uyk4bn6K2Z4AaABAg.AKMYU8uH8M9AKMon0Ma0ge,Балгарија е в ЕУ и исполнува всичко110% колкото и да го отричате това севержани.,neutral,negative,neutral,positive,0.85,positive,0.95,5,,3,False,0,0.0,False,False,False,False,False,
UgxihZC07Uyk4bn6K2Z4AaABAg.AKMYU8uH8M9AKMqj_w-w8F,"<УСЕР> го дирите ""на патот кон ЕУ"" тогаш?!",neutral,negative,neutral,negative,0.7,negative,0.94,5,negative,2,False,3,0.6,False,True,False,True,True,"CardiffNLP, BERTweet"
UgxihZC07Uyk4bn6K2Z4AaABAg.AKMYU8uH8M9AKMw5-QWwKT,Абе гонњтесе бугарски мрсници толку сте среќни доа е сташно задоволство Не ве сакаме ни вас ни грците ни европа . Таква европа не ни треба цал живот лаже со бугарин и грк националисти не бива добра европа е сњга прњтњравте не ве скаме и трњба затварање на границите и треба да ја свртиме политиката кон Русија и кина тие сепак се помокни од лажлива европа. Да се прњкине договорот од преспа и бугарија. Да излезаме граѓаните на на протес Не за европска унија и НАТО,negative,negative,neutral,negative,0.8,negative,0.94,5,negative,2,False,4,0.8,True,True,False,True,True,BERTweet
UgxihZC07Uyk4bn6K2Z4AaABAg.AKMYU8uH8M9AKMyb5mNKgK,"Горче, Бугарија пред да влезе во ЕУ за да ги изполни баранијата ги затвори 4 нуклеарни реактора кои чинат два пати колко чини цела РСМ...........................!!!",negative,negative,neutral,negative,0.8,negative,0.95,5,negative,2,False,4,0.8,True,True,False,True,True,BERTweet
UgxihZC07Uyk4bn6K2Z4AaABAg.AKMYU8uH8M9AKNb5Nj47kG,"брат, нас ни искат в еврозоната вече. изпалнили сме си критериите отдавна.",positive,positive,neutral,positive,0.85,negative,0.95,5,positive,3,False,3,0.6,True,True,False,True,False,"BERTweet, Llama"
UgxihZC07Uyk4bn6K2Z4AaABAg.AKMYU8uH8M9AKO5KScm0OB,@МКД-БГРмајкати го орима 110%😂😂😂,neutral,negative,neutral,negative,0.8,negative,0.95,5,negative,2,False,3,0.6,False,True,False,True,True,"CardiffNLP, BERTweet"
UgxihZC07Uyk4bn6K2Z4AaABAg.AKMYU8uH8M9AKOGoMEARn_,@бацко-е7рМајмунеее🐒🐒🐒,neutral,positive,neutral,negative,0.8,negative,0.95,5,,3,False,0,0.0,False,False,False,False,False,
UgxihZC07Uyk4bn6K2Z4AaABAg.AKMYU8uH8M9AKOm9PnQv1Y,<УСЕР>-у4у МАЦЕДОНИАНС АРЕ МАЦЕДОНИАНС. 25 ЦЕНТУРИЕС ! ! !,neutral,negative,neutral,negative,0.8,negative,1.0,5,negative,2,False,3,0.6,False,True,False,True,True,"CardiffNLP, BERTweet"
UgxihZC07Uyk4bn6K2Z4AaABAg.AKMYU8uH8M9AKOtjQffgmM,"@татјанавелкова5814нели си албанка незнаеш што пишуваш, Германија на германците тоа го е казал Хитлер мо (пинджур)",neutral,negative,neutral,negative,0.8,negative,0.95,5,negative,2,False,3,0.6,False,True,False,True,True,"CardiffNLP, BERTweet"
UgxihZC07Uyk4bn6K2Z4AaABAg.AKMYU8uH8M9APM83GUjZ_w,"@ПавелПенчев-о4кТочно,и бидна поголема беда без свое производство и побегна целото назеление во Западна Европа и Австралија. Од 10 милиони едвај 3 брои денеска...",negative,negative,neutral,negative,0.75,negative,0.8,5,negative,2,False,4,0.8,True,True,False,True,True,BERTweet
UgxihZC07Uyk4bn6K2Z4AaABAg.AKMYU8uH8M9APM88SkRUwa,"@флекспарачутеТочно така брат,и од 10 милиони едваи 3 милиони броите.",neutral,negative,neutral,negative,0.7,negative,0.95,5,negative,2,False,3,0.6,False,True,False,True,True,"CardiffNLP, BERTweet"
UgyfC-7AZYXFXHKdF_p4AaABAg,Превод от балгарски на балгарски-смјах 😂😂😂,neutral,neutral,neutral,negative,0.8,negative,0.95,5,neutral,2,False,3,0.6,True,True,True,False,False,"Gemma, Llama"
UgyfC-7AZYXFXHKdF_p4AaABAg.9Fz07E9dowg9w2YDgsjjHx,пред 12 века КИРИЛ и МЕТОДИЈ АВТОРИ НА ГЛАГОЛИЦА. пред 12 века НАУМ ОХРИДСКИ и КЛИМЕНТ АВТОРИ НА КИРИЛИЦА. и КИРИЛИЦА и ГЛАГОЛИЦА -- МАКЕДОНСКА АЗБУКА.,neutral,positive,neutral,neutral,0.7,neutral,0.85,5,neutral,2,False,4,0.8,True,False,True,True,True,NLPTown
UgzP7rYdAq6QSFSOQ1V4AaABAg,За по-надарените интелектуално ште повторја какво точно каза Хајко Маас: 1. За стартиране на преговорнија процес е необходим консенсус на всички членки на ЕС и аз се надјавам двете страни междувременно да намерјат решение.. (Т.е. ние не можем да принудим Балгарија да гласува положително); 2. Проблемите между двете страни са проблеми само между двете страни. (Т.е. не ни забарквајте вав вашите проблеми. И без тјах в много от страните членки има песимизам по отношение на разширението на ЕС. ШТом не можете да се разберете нјама да има разширение).,neutral,negative,neutral,negative,0.5,neutral,0.85,5,neutral,2,False,3,0.6,True,False,True,False,True,"NLPTown, Gemma"
UgzP7rYdAq6QSFSOQ1V4AaABAg.9FqkOO8qT2s9FqqmVRZk3c,"Јури Стефанов, а останалите да си припомнјат супата на Чичовото.",neutral,positive,neutral,negative,0.8,negative,0.95,5,,3,False,0,0.0,False,False,False,False,False,
UgzP7rYdAq6QSFSOQ1V4AaABAg.9FqkOO8qT2s9w2YWDiTphy,МАКЕДОНСКИ НАРОД ПОСТОИ 25 ВЕКА. од ФИЛИП КРАЛ НА МАКЕДОНИЈА ИВ век пред оваа ера до денес КСКСИ век. ДА З'ИВЕЕ М А К Е Д О Н И Ј А !!,neutral,positive,neutral,positive,0.85,positive,0.95,5,positive,2,False,3,0.6,False,True,False,True,True,"CardiffNLP, BERTweet"
UgzP7rYdAq6QSFSOQ1V4AaABAg.9FqkOO8qT2s9w2ta_t5R6X,"<УСЕР> , Си ги пијте таблетите и не прескокнувајте затоа што влегувате во хистерична криза. Македонски циркус на лудите, смеа во Европа.",negative,negative,neutral,negative,0.8,negative,0.95,5,negative,2,False,4,0.8,True,True,False,True,True,BERTweet
UgzP7rYdAq6QSFSOQ1V4AaABAg.9FqkOO8qT2s9wUmdfnliHJ,<УСЕР> ТАТЈАНА МАКЕДОНКА. вол @.,neutral,positive,neutral,negative,0.8,negative,0.95,5,,3,False,0,0.0,False,False,False,False,False,
UgzRfM3SK0VSra5O5H14AaABAg,"Учете сега стихотворението: ""Аз сам балгарче...""",neutral,negative,neutral,negative,0.85,neutral,0.85,5,neutral,2,False,3,0.6,True,False,True,False,True,"NLPTown, Gemma"
UgzRfM3SK0VSra5O5H14AaABAg.9FtVKmOLS5a9FuycfXQMXk,црвени ружи кажи нешто и за германските фашисти😀,neutral,neutral,neutral,negative,0.8,negative,0.95,5,neutral,2,False,3,0.6,True,True,True,False,False,"Gemma, Llama"
UgzRfM3SK0VSra5O5H14AaABAg.9FtVKmOLS5a9FuyhexAssd,И за италианските фашисти окупатори,negative,positive,neutral,negative,0.8,negative,1.0,5,negative,3,False,3,0.6,True,False,False,True,True,"NLPTown, BERTweet"
UgzRfM3SK0VSra5O5H14AaABAg.9FtVKmOLS5a9FvfcidGMBH,"Георге Павлов проблемот е дека дури и пред 1944 имасе и бевме Македонци иако немавме дрзава постоија Македонци ! На пример нема курска дрзава ама курскиот народ постој до ден денецен од најстарите народи ! Турција непризнава курди оти велат тие це планиски турци сакаат да ги потурцат има и многу Македонци во Турција мнозинсвото муслимани по вера ама це горди Македонци ! Незнам дали има булгари во Турција ама сигурно знам дека има Македонци таму сто не це ниту булгари ниту срби ниту грци или албанци сигурно не турци со турски или потурцени имиња ама це Македонци пред це горди Македонци ! Турците це насите најголеми пријатели ама вие булгарите сте насите едни од најголемите дусмани или непријатели ! Кој не признава или непоситува македонски народ за неме вие ни сте големи непријатели , сто ако сте вие православни вие сте едни од најголемите дусмани сто ако мене не ме поситува да бидам сто сакам исто и од мене нема да биде поситуван како булгарин ! За мене булгарите непостојат исто вас ви це врајка во иста мера или дупло како бумеранг ! Вие паднавте во голема булгарска идентитеска криза за зал сто не пронетувате вие ! Ние македонците имаме несто сто вие немате це вика македонскиот дух сто е неунислив ! Вие самите ќе це униистите само ако проба македонскиот свети дух Македон да унисти ! Заради нас македонците падна османската империја заради нас макединците падна римската империја памти сега заради нас македонците ќе паднат и еу и нато плус и Уса !",negative,negative,neutral,negative,0.5,negative,0.94,5,negative,2,False,4,0.8,True,True,False,True,True,BERTweet
UgzRfM3SK0VSra5O5H14AaABAg.9FtVKmOLS5a9Fvhhl5qcnw,"Георге Павлов од тебе беден не це пласам ниту од ниту еден цовек јас не це пласам само од Бог це пласам да не направам греска ! Ние неунисливиот македонски дух на никому не даваме пред це на злото македонскиот дух на љубовта ! Од љубомора вие ќе поцркате вие немозете да бидете како нас Македонците ! Вие сакате да бидете како нас Македонците ама не сакате да бидете вие Македонци како нас македонците ! Сигурно знам дека ти си еден од булганисираните Македонци сега денецни булгари сто ја мразат Македонија до коска узвари како заволот ! Кај вас е исто како дусата да си ги продале за пари на заволот ! За вас е првото место парите за нас во првото место е семоцниот Бог ! Многу голема разликата помеѓу вас булгарите каде во првото место ви це парите за да мозете вие бедните да це правете многу вазни , спрема нас македонците сто е во првото место само Бог ама парите никогас ! Да му дадес на Бог сто знам колку милииони или миљарди пари ! Бог никогас не работи со пари Бог работи секогас со љубов најфолемето богасво љубовта ама никогас со пари ! Па да си голем милонер ти си нисто узвари многу беден , јас сум со најголемо богасво од Бог подарок љубовта ! Кој нема љубов за забе зивее во овој свет да забе ти це парите ако немас најголемото богасво љубовта наместо од заволот парите !",negative,negative,neutral,negative,0.77,negative,0.97,5,negative,2,False,4,0.8,True,True,False,True,True,BERTweet
UgzRfM3SK0VSra5O5H14AaABAg.9FtVKmOLS5a9FvoCOL6c2m,Георге Павлов слободно блокирајте вие во еу ве молам блокирајте ни вие ќе направите многу голема греска вие најмногу ќе не помогнете да не влесеме ние во фаситицка еу и нато ние влеговме во нато ама за забе е дури Уса ќе це разпадне па камоли нато ама дури и еу сигурно ќе це разпадне не само заради нас македонците дури и заради вас булгарите ! Дури и еу многу це кајат сто ве примија вас во еу многу це кајат сто примија една многу бедна дрзава по име булгарија најбедна дрзава во еу ! Це каат сто примја еден отпад за зубре една бедна најбедна булгарска дрзава ! Во Германија има повејке булгарки по јавните куќи од сто има русинки или украинки заедно ! Секој ми вели ебав булгарка има многу булгарки по германските јавните кујки !,negative,negative,neutral,negative,0.85,negative,0.95,5,negative,2,False,4,0.8,True,True,False,True,True,BERTweet
UgzRfM3SK0VSra5O5H14AaABAg.9FtVKmOLS5a9FvwzRD1mT7,Георге Павлов не е исто да имас само 200 евра плата во Македонија или Албанија во Македонија многу повејке вредат тие 200 евра плата од сто има само 200 евра плата во смрдената еу дрзавицка васата булгарија ! Да имас плата само 200 евра плата во Македонија или Албанија е иљада пати многу побогат од смрдена 200 евра плата во еу дрзава или дрзавицка булгарска дрзава ! Кој има во Македонија само 200 евра плата е иљада пати побогат од булгарска еу плата ! Дури да имам само во Македонија 200 евра плата јас сум многу побогат од твојата 200 евра булгарска плата ! Не е исто да имас во Македонија 200 евра плата од да имас само 200 евра плата во булгарија !,negative,negative,neutral,negative,0.85,negative,0.98,5,negative,2,False,4,0.8,True,True,False,True,True,BERTweet
UgzRfM3SK0VSra5O5H14AaABAg.9FtVKmOLS5a9FvyJEDmTgX,Георге Павлов ти мозес да ми це лутис колку ми сакас со само 200 евра во Македонија имам повејке купувина мојк од сто имас ти во булгарија во еу дрзава ! Во Македонија тие 200 евра иљада пати повејке вредат од васата булгарија ! Не е исто да имас во булгарија само 200 евра плата како да имас само 200 евра во Македонија плата ! Во Македонија да имас само 200 евра плата тој е навистина богат спрема само 200 ЕВРА да имас во булгарија плата ! Кој е побогат да имас само 200 ЕВРА плата во Македонија или булгарија ? Како сто знам еден Македонец од Македонија сто има само 200 евра плата е иљада пати побогат од смрдената 200 евра булгарска плата ! Фактицки ние сме иљада пати побогати со македонската 200 евра платицка од васата 200 евра булгарска платицка ! Кој е побогат вие булгарите или ние Македонците ?Во Македонија тие само 200 евра плата иљада пати повејке вредат од васата 200 евра европска или булгарска смрдена плата !,negative,negative,neutral,negative,0.8,negative,0.95,5,negative,2,False,4,0.8,True,True,False,True,True,BERTweet
UgzRfM3SK0VSra5O5H14AaABAg.9FtVKmOLS5a9FvzFRkZ3OC,Георге Павлов со само 200 плата јас многу подобро ќе зивеам од сто ќе зивеам во булгарија само 200 евра булгарска или европска плата ! Еден Македонец во Македонија е иљади пати побогат од да имас само 200 евра булгарска плата ! Фактицки ние сме многу богати или побогати од само 200 евра булгарска или европска плата ! Кој е побогат да имас само 200 евра плата во Македонија или булгарија сигурно во Македонија сум многу побогат од да имам во вастата булгарја само 200 евра плата !,neutral,negative,neutral,negative,0.85,positive,0.95,5,,3,False,0,0.0,False,False,False,False,False,
UgzRfM3SK0VSra5O5H14AaABAg.9FtVKmOLS5a9Fw0ONXdaS0,Георге Павлов дури да бев милионер ако коста само 5 евра за еден кафе многу поробро е да одам во Албањја каде ниту едно евро некоста едно кафе ! Дури како милионер не правам одмор ниту во Грцјја ниту во Хрваска например Дубровник ниту Грција не одам на одмор оти многу скапо ми е кафето многу подобро е да правам одмор во Египат или Турција каде многу поевитино ми е кафето ! Јас неплајкам ниту за кафе ниту пиво ако мене ми коста само 5 евра пивото за вас бирата или кафето ! Дури во диско да одам да коста само 5 евра бира или кафе јас во диско неодам подобро да си седам дома јас неплајкам само 5 евра кафе или бира по наски пиво за 5 евра ! Многу подобро е да правам одмор во Африка каде ми е пивото или кафето многу поевтино од васата булгарија ! Јас никогас неплатив за пиво ниту за кафе само 5 евра многу подобро е да си седам дома за мене многу скапо !,negative,negative,neutral,negative,0.85,negative,0.95,5,negative,2,False,4,0.8,True,True,False,True,True,BERTweet
UgzRfM3SK0VSra5O5H14AaABAg.9FtVKmOLS5a9Fw1XptlEam,Георге Павлов во америка би платил не само за хамбугар дури и за бира дури 10 долари за пиво кафе или хамбулгар во булгарија за еден хамбугар ниту едно евро не би платил во сиромацна многу сиромацна дрзава како сто е многу сиромацна дрзава ! Дури во Свајзарија коста еден Дöнер 13 франки сто коста во Гермања 3 до 4 евра во свајцарија коста или за Дöнер или Гјрос со Зазики само 13 франки свајцарски франки или франаки !,neutral,negative,neutral,negative,0.8,negative,0.94,5,negative,2,False,3,0.6,False,True,False,True,True,"CardiffNLP, BERTweet"
UgzRfM3SK0VSra5O5H14AaABAg.9FtVKmOLS5a9Fw5iRtY7bV,црвени ружи јас ниту бев во доктор ниту пијам медикаменти оние сто одат на доктор и домиват медикаменти сто коста многу пари це иљада пати побилни наместо здрави ! Еден доктор ми вели оние сто це болни це по сустина пхусопстивки полни од некоја недостаток од љубов ! Мене докторот мене ми вели пред мојте оци јас од болните зивеам ама од здравите јас никогас немозам да зивеам оти од здравите немозам да правам пари само од болните јас зивеам од здравите јас ќе гладам ! Јас си ја хранам фамилијата само од болните да беа сите здрави јас ќе бев без работа ќе немозам да го хранам мојата фамилија ! За срејка има болни без болни немав да имам работа ќе немозев да си го хранам фамилијата без болни немозам да си ја хранам фамилијата благодареније на болните ! Јас мојата плата добијам од болните ама од здравите мојте деца сигурно ќе гладат така мене ми вели докторот ! Тој ми вели јас зивеам од болните ама никогас од здравите само од болните мозам да правам пари ама никогас од здравите ! Само од болните мозам да правам пари од здравите немозам да корка леб да со ја хранам фамилијата така мене ми вели еден доктор сто зивее само од болните ама никогас од здравите оти само од болните мозам да правам пари од здравите никогас признава пред мене еден доктор или таканарецен лекар ! Ми вели само од болест мозам да правам пари од здрасво никогас ! Тие зивеат од болните ама никогас од здравите оти мозе само од болните да це прави пари ама од здравите немозе да це прави пари така ми вели докторот !,negative,negative,neutral,negative,0.8,negative,0.98,5,negative,2,False,4,0.8,True,True,False,True,True,BERTweet
UgzRfM3SK0VSra5O5H14AaABAg.9FtVKmOLS5a9Fw7Lb9uYq3,црвени ружи јас незнам како да ти казам дрзавата зивее од болните дравата многу повејке пари прави од болните наместо ѕравите ! Коронавирусот е само за да некој профитира да направи тој многу пари ! Накрајот љугето повејке умират од паника или самотија од самииот коронавирусот и после велат тој или таа умре или умре од коронавирусот на крајот тие умреа од паника му пукна срцето од стравот ! Паниката или Стравот од умирање е многу поопасен од самиот коронавирусот ! 90 посто ќе умрат од паниката наместо од коронавирусот самиот оти некој сака да профитира од паниката !,negative,negative,neutral,negative,0.8,negative,0.95,5,negative,2,False,4,0.8,True,True,False,True,True,BERTweet
UgzRfM3SK0VSra5O5H14AaABAg.9FtVKmOLS5a9Fw8b8diNYm,црвени ружи навистина многу писувам јас признавам ! 90 посто умират од паниката наместо коронавирусот и најрајот велат тој или таа посина или умре од коронавирусот ама умреа од паника наместо од коронавирусот како сто тие велат ! Јас вцера слусам едно незнам 27 годицно момце посина од коронавирусот тој не посина од коронавирусот тој посина од паника велат тој посина од коранавирусот невелат од паника заради ова прават многу пари за некој мозе да профитира да прави пари !,negative,negative,neutral,negative,0.8,negative,0.92,5,negative,2,False,4,0.8,True,True,False,True,True,BERTweet
UgzRfM3SK0VSra5O5H14AaABAg.9FtVKmOLS5a9FwB8iz1VJj,"црвени ружи це прасувас зосто ? Оној ќе биде цар кој никогас нездолува за одлусува за мојот зивот јас самиот одлусувам за мојот зивот па кој и да бил , јас одлусувам за мојот зивот ама никој друг па кој и да било ! Има едно видео од македонските приказни ! Царот е оној кој одлусува за својот зивот ама никогас сто велат другите ! Само незнам како це вика видеото несто со царот М !",neutral,negative,neutral,negative,0.5,negative,0.83,5,negative,2,False,3,0.6,False,True,False,True,True,"CardiffNLP, BERTweet"
UgzRfM3SK0VSra5O5H14AaABAg.9FtVKmOLS5a9FwHoa0LNTj,црвени ружиеден брак сто не е од Бог благослов не е сигурно не е вецен ! Па макар да си најдам околу 20 годицна девојка и кога ќе умрам никогас немам да ги видам мојте деца ама ќе ми биде верна оти мене ме сака од срце и дуса па дури кога ќе умрам мене ќе ми биде верна ! Несто ти неразбирас ти це додека сум јас ерген никогас немам да дозволам за да првата моја девојка да е не девојка ! Како првата девојка јас прво да ја направам зеба ама таа мене еден маз !инасе од брак нема благослов младозена или маз ! Јас повејке сум како дете наместо маз таа треба да ме направи мене маз ама јас неа една зена ! Додека таа не е моја зена до тогас ми е девојка ама не зена јас сакам неа да ја направам зена ама никој друг ! Ако една ебана таа никогас немозе да ми биде зена само да ја ебам мојата прва зена или девојка мора да биде невина инасе е курва ! Па колку години јас имам за тебе звуди цудно независно колку сум стар или млад мојата прва девојка или зена мора да е неебана инасе немозе да ми биде зена вели еден ерген ама ти лутице колку сакас денец во денецно време е многу теско да најдес една 18 годицна неебана дури и 16 годицна е многу теско да најдес една девојка во Германија дури 90 посто од 12 годицни це ебани па камоли 18 годицна каде многу е теско да најдес девојка ! Јас нецекам една сто е ебана со само 12 години да цекам да наполни 18 години ако таа ебава со само 12 години слободно мозам да ја ебам таа никогас немозе да ми биде зена или девојка само мозам да ја ебам па макар да боли таа никогас не мозе да ми биде зена ! Во денецното време е многу теско дури да најдес една 18 годицна девојка па камоли 12 годиицна девојка ! Во Германија це дури 12 годицни сексуални активни па камоли 18 гидицни ! Во денецно време е многу теско со само 18 годицна девојка да најдес па камоли една 12 годицна овде во Германија це дури окулу 90 посто од германките ебани па камоли 18 годицна дури како 12 годицна е многу теско девојка да најдес па камоли 18 годицна ! Да бајдес во денецно време една 18 годицна девојка е како лото повејке од 99 посто це ебани немозес да најдес девојка !,negative,negative,neutral,negative,0.8,negative,0.94,5,negative,2,False,4,0.8,True,True,False,True,True,BERTweet
UgzRfM3SK0VSra5O5H14AaABAg.9FtVKmOLS5a9FwJ7SJCVjW,црвени ружи запоснав една 22 годицна таканарецена девојка узвари зена таа це заљубила во мене ама јас немав интерес мене ми це налути мене сака да ме семе како ерген ама ебана нека таа ми це лути колку сака јас како ерген сакам една девојка ама никогас една ебана узвари не мозе да ми биде зена ниту девојка узвари јас неа мозам само да ја ебам или моземе само пријатели ние моземе да бидеме ама како моја девојка или зена никогас само мозе како пријатели па ако треба нека ми це лути колку сака само како пријатели ама никигас или девојка или зена !,neutral,negative,neutral,negative,0.8,negative,0.93,5,negative,2,False,3,0.6,False,True,False,True,True,"CardiffNLP, BERTweet"
UgzRfM3SK0VSra5O5H14AaABAg.9FtVKmOLS5a9FyB_eKDcNr,црвени ружи едвај цекам да це вратам во Македонија само мора да падне ова влада ! Јас несакам да це вратам во заевата северна Македонија каде ние ја изгубиме слободата свое на своето да бидес кај својте љуѓе ! Овде во Германија никогас свое на своето да бидам оти станаме ние робови како роботи ! Овде немозам ниту на македонска музика да одам оти нема и да има немам македонски пријатели ниту родбини например братцеди ! Ако неконтактирас со Македонци непознавас Македонки ! Овде е зивотот сто за мене не е зивот наработа и пак дома вејке пукам од досада ! Во Македонија барем контакт со соседите имас во Германија е опратно овде никој не познавас за зал паднав вејке во депресија од досада каде во празник ниту во македонска црква да одам морам да седам дома ! Не дека несакам морам !,negative,negative,neutral,negative,0.8,negative,0.95,5,negative,2,False,4,0.8,True,True,False,True,True,BERTweet
UgzRfM3SK0VSra5O5H14AaABAg.9FtVKmOLS5a9FyDzXzXL9a,"црвени ружи во денецното време е многу теско една девојка да најдам со има самодоверба да верува во себе да биде многу паметна и да видам една изкрена насмевка каде на нејзе во колена ќе паднам , ќе ја гледам како Богинка мојата кралица една од Бога одбрана девојка ! Це разбира треба само од Бог благослов без благослов од Бог да забе брак ! Јас сакам една девојка сто сака јас да це вратам во Македонија ама не таа да дојде во Германија ! Це надевам таква најдов ? Мнозинсвото од девојките сакат да од во Германија мислат по аутоматизам ќе бидат богати узвари це лазат ! Мене ми треба една од срце дуса сто ме љуби изкрено една сромна дуса духовно поврзани ! Не заради пари да ме љуби да ме љуби мене таков како сто сум па макар со грески ! Мене не ми треба една наивна една сто не е разбудена мора да заврски сколо да биде образована да биде усена и многу паметна ! Да биде храбра да це бори за мене ! Без борба нема успех морас никогас да це предавас од својот надес ! Љугето ме прават многу глуп и ми це смеат ама сега јас нив му це смеам оти за мене ми це тие многу глупи ама не јас ! Сакам да це вратам кај мојата девојка во Македонија не таа да дојде во Гермањја каде нема зивот !",neutral,negative,neutral,neutral,0.68,negative,0.93,5,neutral,2,False,3,0.6,True,False,True,True,False,"NLPTown, Llama"
UgzRfM3SK0VSra5O5H14AaABAg.9FtVKmOLS5a9FyFH5DX9rs,црвени ружи знам дека вистината боли ако запознам јас една девојка прво мене ми прасува колку пари јас имам или каква кола јас возам или дали имам мотор ? Јас ги офрлам тие ме сакаат само за пари само да дојдат во Германија ? Ама јас сакам да це вратам во Македонија каде многу посрејкен ќе бидам од сто овде бев во Германија некогас ! Зивеам во еден град или населба каде слабо има Македонци повејке це сранци дури и Германци ! Нема ниту дискотека нема ниту кино има ресторан ама без музика ! Само да јадес и пиес ама без забава !,negative,negative,neutral,negative,0.8,negative,0.92,5,negative,2,False,4,0.8,True,True,False,True,True,BERTweet
UgzRfM3SK0VSra5O5H14AaABAg.9FtVKmOLS5a9FyFybaTybw,"црвени ружи во какви маки морам да поминам мозам само да ти ресам во цетири оци инасе погресно ти мене ќе ме сватис ? Многу зборови по Македонски ме фали оти многу ретко слусам Македонски овде ! Преку 90 посто од насите пријатели це турци ама мајками зборува турски ама јас нисто не разбирам 9 посто е гермаски останатото 1 посто или Македонски или Српски поделено на 0, 5 посто !",negative,negative,neutral,negative,0.8,negative,0.94,5,negative,2,False,4,0.8,True,True,False,True,True,BERTweet
UgzRfM3SK0VSra5O5H14AaABAg.9FtVKmOLS5a9FyHi6KQ2kS,црвени ружи јас зивеам во Кöлн каде слабо има Македонци во Дüселдорф има многу Македонци ! Дüсел е од реката Дüсел дорф знаси село ама е голем град ! Наместо Дüселстадт сто знаси град Стадт ! Ама це вика Дüселдорф зборот Дорф знаси по германски село иако е град не е село !,neutral,negative,neutral,neutral,0.7,neutral,0.85,5,neutral,2,False,4,0.8,True,False,True,True,True,NLPTown
UgzRfM3SK0VSra5O5H14AaABAg.9FtVKmOLS5a9FyJ9heOdnv,црвени ружи ти мене многу ме повреди ама сепак сме ние пријатели јас целосно те опростувам !,negative,negative,neutral,positive,0.85,positive,0.85,5,,3,False,0,0.0,False,False,False,False,False,
UgzRfM3SK0VSra5O5H14AaABAg.9FtVKmOLS5a9FyKiOKQ32a,црвени ружи ти мозес да ми це лутис колку сакас јас знам дека кој има љубов ама нема пари е иљада пати побогат од оној кој има пари парите це како книга или хартија или тоалетна папира узвари минливо ! Денец си богат ама утре си сиромав кај некој е денец сиромав многу сиромав сто утре мозе Богат да биде ! Името Богат е од Бог узвари си Богат полн со љубов !,neutral,negative,neutral,negative,0.8,negative,0.92,5,negative,2,False,3,0.6,False,True,False,True,True,"CardiffNLP, BERTweet"
UgzRfM3SK0VSra5O5H14AaABAg.9FtVKmOLS5a9FyNqIUFfVa,"црвени ружи многу подобро е да бидам азулант во Германија добива преку 3000 иљади евра од сто имам плата јас со работа ! Најпаметно би било да це вратам во Македонија и пак да це вратам во Германија како азулант многу повејке пари ќе добивам од моето плата едвај 1200 евра плата каде ми коста 900 евро кирија зивеам од 300 евра ! Македонците со само 200 евра многу подобро зивеат со 200 евра плата како овде во Германија само 300 евра плус плајкам други сметки наместо само кирија поправилно зивеам со 100 евра месено фактицки јас сум гладен немам пари дури да јадење ! Имас плата 1200 евра ама зивеес од тие поклети 100 евра ! Зивотот во Германија е многу скап во еден ресторан коста едно пиво само 5 евра узвари 5 евро 50 а за кафе ние да не зборуваме многу скапо е Германија ! 5 евро 50 коста за 0 кома 5 пиво за 0 кома 33 литри коста 3 евро 30 ОВДЕ ,",neutral,negative,neutral,negative,0.85,negative,0.95,5,negative,2,False,3,0.6,False,True,False,True,True,"CardiffNLP, BERTweet"
UgzRfM3SK0VSra5O5H14AaABAg.9FtVKmOLS5a9FyV8gcJnDQ,црвени ружи дури сега од денецниот ден прв пат јадам нека ми биде за срејка ! 8 сати наработа плус еден саат пауза це 9 сати плус на одење наработа мене ми треба еден саат одење и еден саат врајкање 11 сати нанозе едвај цекам мојот прво јадење токму сега !,neutral,negative,neutral,positive,0.85,positive,0.95,5,,3,False,0,0.0,False,False,False,False,False,
UgzRfM3SK0VSra5O5H14AaABAg.9FtVKmOLS5a9FyXSLAsu5U,црвени ружи имам многу љуѓе сто ми це многу љубоморни ако це толку љубоморни спрема мене знаси несто вредам јас многу повејке пари тросам од сто имам сигурно преку 1000 евра пари тросам узвари јас сум богат ама никогас сиромав со мојте 1200 евра плата хранам 6 гладни усти никој не работа од нив само јас работам !,neutral,negative,neutral,negative,0.8,negative,0.95,5,negative,2,False,3,0.6,False,True,False,True,True,"CardiffNLP, BERTweet"
UgzRfM3SK0VSra5O5H14AaABAg.9FtVKmOLS5a9FyZXE0Ezqa,црвени ружи како Гоце Делцев го каза јас го разбирам светот или него разбирам светот како културен натправар меѓу народите ! Има една песна Гоце беберот никогас нејади грав со пастрма секогас со пиво и винце со мерак ! Во моментот јадов тавце на гравце со фрикаделциња многу слатко дури со винце или пивце слатко свезо пивце !,neutral,negative,neutral,negative,0.8,negative,0.94,5,negative,2,False,3,0.6,False,True,False,True,True,"CardiffNLP, BERTweet"
UgzRfM3SK0VSra5O5H14AaABAg.9FtVKmOLS5a9Fy_wDVWRay,црвени ружи мене секогас ми велат вујко давај пари вујко давај пари иако немам сепак му давам пари како да сум банка ! Не сум банка ама станав како банка сто има многу пари иако нема пари ! Фактицки како банка станав усвари не сум банка ама како банка станав узвари како банка сто има стално пари токму како банка ! Вујко давај пари инасе тебе ќе ти це налутам и морам да давам пари фактицки јас сум богат ама никогас сиромав сто е како да една банка јас сум !,neutral,negative,neutral,negative,0.8,negative,0.83,5,negative,2,False,3,0.6,False,True,False,True,True,"CardiffNLP, BERTweet"
UgzRfM3SK0VSra5O5H14AaABAg.9FtVKmOLS5a9FycBP6bMoS,црвени ружи внукот мене ми вели да си добар јас му велам не е вазно дали јас сум добар највазно е да ти си добар плус мене ми вели ти ми давас радост ! Сто знаси да мене некој вели ти мене ми давас радост ? Навистина сум богат изполнет со радост најголемато богасво радоста ! Ти мене ми давас радост ми вели ! Дали ти си добар јас сум радосен додека јас тебе те гледам многу радосен за мене не е вазно највазно е за тебе синко ! Мене ми радост ти да ми бидес радосен за мене не е вазнк највазно ти да ми бидес многу радосен синко увари внуце !,positive,positive,neutral,positive,0.85,positive,0.98,5,positive,2,False,4,0.8,True,True,False,True,True,BERTweet
UgzRfM3SK0VSra5O5H14AaABAg.9FtVKmOLS5a9Fydgw4iaZc,црвени ружи иако немам пари ми велат вујце ти имас пари само заради одис наработа це смеам ! Ти морас да имас пари само заради ти одис наработа навистина мене ми велат секој кој оди наработа мора да има пари фактицки како банка станав дури со мерак це смеам !,neutral,negative,neutral,negative,0.8,negative,0.9,5,negative,2,False,3,0.6,False,True,False,True,True,"CardiffNLP, BERTweet"
UgzRfM3SK0VSra5O5H14AaABAg.9FtVKmOLS5a9Fyebmv29N2,црвени ружи токму тоа е мојата мака секој мисли дека имам многу пари само дека одам наработа и мене ме љубоморат ти имас пари ама тој нема ми це многу завидливи ! Само тука ми е маката секој ми мислат јас имам многу пари ама јас немам многу пари ме љубоморат мислат дека имам многу пари не да забе ти велам иако не сум банка станав токму како банка оти ти имас многу пари сто јас увари тој нема !,neutral,negative,neutral,negative,0.8,negative,0.92,5,negative,2,False,3,0.6,False,True,False,True,True,"CardiffNLP, BERTweet"
UgzRfM3SK0VSra5O5H14AaABAg.9FtVKmOLS5a9Fz_tEWKj_i,црвени ружи во моментот е сега така све ќе це смени ! Еден ден Македонија богата дрзава ќе биде ама Германија ќе стане сиронацна дрзава ! Узвари це надевам ! Во Германија ќе биде како војна ние ќе бегаме и така и така од Германија ! Денецните први ќе бидат последни ама последните усте сме последни први ! Ако мајками не е зив сто це правам сам овде каде никој непознавас ! Останува или да це убијам или да це вратам во Македонија ? Овде во Германија јас никогас девојка немам да имам узвари во Македонија це девојките иљада пати посимпатични од овде ! Еден ден ќе це вратиме во Македонија за да ја браниме ! Само оние сто ќе це вратат ќе направи несто од Македонија оние сто зивеат во Македонија пајгаме ние сите во пропаст ! Најглупите зивеат во Македонија ама најпаметните зивеат во странсво !,neutral,negative,neutral,negative,0.75,negative,0.95,5,negative,2,False,3,0.6,False,True,False,True,True,"CardiffNLP, BERTweet"
UgzRfM3SK0VSra5O5H14AaABAg.9FtVKmOLS5a9G-qAi2hsV3,"црвени ружи сега тоа е тоа немозе некој мојот сон или мојот мерак да ми го унисти ! Јас знам сто сакам никој нема право да ми це меса во зивотот ! Јас одлусувам самиот за мојот зивот ама никогас некој друг ! Разбудените зивеат за себе ама заспаните зивеат само за другите ! Оние сто зивеат за другите це како овци сто мозат само мех по овски да казат ! Тие стално си ја метат тугниот двор наместо својот двор ! Кој зивее за другите подобро е да не зивее не си ја знае вистинската смисла од зивот ! Вистинската смисла од зивотот це вика љубовта , да давас и да примас љубов ! Духовноста си ја изгубивме без духовост сме ние никој и нисто узвари без љубов ! Не сум толку прост сто другите мислат ! Кој мисли е многу паметен кој не мисли за забе има мозок ако нема ум умот не си го користува ! Еден ден ќе це сплоти македонскиот народ само така ние ќе одиме напред инасе без слога пајгаме ние сите во пропаст наместо напред стоиме во едно место !",negative,negative,neutral,negative,0.57,negative,0.93,5,negative,2,False,4,0.8,True,True,False,True,True,BERTweet
UgzRfM3SK0VSra5O5H14AaABAg.9FtVKmOLS5a9G0JRI6U7Ll,црвени ружи секогас некој други одлусаа или одлусиле за мојот зивот тоа е вејке минато од сега јас самиот одлусувам за мојот зивот само да сум срејкен узвари девојката моја да ми биде срејкна ! Девојките поснаа скрсум да ме гледаат како да негледам ми даваат насмевка ! Од далеку мене ме гледаат и ми дават насмевка како да це заљубени јас си мислам ! Незнам сто знаси ова како да це заљубени во мене не само една многу повејке од една сите скрисум ме гледаат ! Јас немам само една девојка имам повејке од иљада девојки сто мене ме љубат не само една повејке од иљада девојки не само една една цудна работа !,neutral,negative,neutral,positive,0.85,positive,0.95,5,,3,False,0,0.0,False,False,False,False,False,
UgzRfM3SK0VSra5O5H14AaABAg.9FtVKmOLS5a9G0KOU5rQhF,црвени ружи сега несакам да зборвам или зборувам глупости девојките мене ме гледаат сто оди стално со насмевка иако многу пати ! Ако одам со насмевка сум многу ведар со огромна брзина со мојот громногласен глас ! Имам еден громогласен глас цедев во балканот и некако казав јас од мојот надес никогас нема да це предавам после помина една млада девојка и ми даде насмевка многу пријатна насмевка це цудам ! Насмевката весе многу изкрена !,negative,negative,neutral,positive,0.85,positive,0.95,5,,3,False,0,0.0,False,False,False,False,False,
UgzRfM3SK0VSra5O5H14AaABAg.9FtVKmOLS5a9G0KqS9EBnP,црвени ружи порано сетав со навален глава сега сетам со крената глава горе главата брајка и сестри Македонци и Македонки само горе главата никогас долу само горе главата !,neutral,negative,neutral,negative,0.8,negative,0.95,5,negative,2,False,3,0.6,False,True,False,True,True,"CardiffNLP, BERTweet"
UgzRfM3SK0VSra5O5H14AaABAg.9FtVKmOLS5a9G0S5TXDPkW,црвени ружи ти незнаес или знаес изкрената насмевка ја сакам ама никогас лазната насмевка ! Јас сум усте ерген ама никогас маз мене ми следува една девојка не некоја сто не е девојка ! Ти немозес ако сум усте ерген не маз само ерген да ме тера мене со сила да си семам една сто не е девојка усте сум ерген усте не сум маз само ерген ! Ти немозес мене како ерген па макар да имам само 24 години да ми велис ти несмеес да имас девојка мора да биде зена ? Таа е ебана сто 300 мази ама јас неебев никоја ниту проситутка узвари во јавните кујки ! Јас никогас не водев љубов и едвај це надевам да водам љубов еден ден ! Јас сум ерген усте не сум маз узвари сум како мало дете сто стално це радува сто е полн со љубов сака љубов да води ама никогас љубов не водесе за зал ! Мене ми следи како ерген една девојка ама никогас една зена сто е ебана со триста извини курови !,negative,negative,neutral,negative,0.85,negative,0.93,5,negative,2,False,4,0.8,True,True,False,True,True,BERTweet
UgzRfM3SK0VSra5O5H14AaABAg.9FtVKmOLS5a9G0TQx0O1Az,"црвени ружи извини незнес или знаес мене ми следи една девојка ама не една зена сто не е девојка усте сум ерген знаси мене ми следува сто имам заслусено една девојка ама никогас зена ! Никој не мозе да ме тера со сила несто сто јас несакам сакам една девојка сто јас неа ќе ја направам зена и таа мене еден маз ? Несто неразбирас ти една ебана мозе само да ми биде една пријателка ама никогас мојата зена усте сум ерген мене ми следува една девојка ? Ергените несакаат зени сакаат девојки ! Ти мозес само да ми бидес пријателка ама никогас зена , јас сакам да имам една од 18 до најкасно 29 ама ако е 30 тогас е казно па макар да е девојка тогас е касно само до 29 30 е за мене казно узвари ако е ебана не е девојка само ебана ! Памти јас никогас не ебев една оти сакам да љубам не да ебам ?",neutral,negative,neutral,negative,0.8,negative,0.93,5,negative,2,False,3,0.6,False,True,False,True,True,"CardiffNLP, BERTweet"
UgzRfM3SK0VSra5O5H14AaABAg.9FtVKmOLS5a9G0UEuvAD3Q,црвени ружи многу ти извини ти немозес мене да ме терас несто сто јас несакам па макар да е 30 мора да биде невина не некој друг неа ја направи зена оти јас сакам неа да ја направам зена мора прво да биде девојка ама после зена ! Сто не ти јасно ? Мојата прва девојка мора да ми биде девојка ама никогас зена !,negative,negative,neutral,negative,0.8,negative,0.94,5,negative,2,False,4,0.8,True,True,False,True,True,BERTweet
UgzRfM3SK0VSra5O5H14AaABAg.9FtVKmOLS5a9G0VwDN33Tk,црвени ружи це залубиле две зени или девојки едната млада околу 22 другата околу 38 ама јас имам интерес во помладата она сто е само 22 ама не оната сто има само 38 сто има 18 годицна убава ќерка јас повејке би имал интерес за нејзиуната 18 годицна ќерка од она 38 годицната ! Таа 38 годицната сигурно немам интерес имам само интерес само за нејзината 18 годицна ќерка немам интерес за нејзината 38 годицна Мајка ! Таа 38 годицна мозе само да ми биде пријателка ама никогас зена це заљубив во нејзиината 18 годицна девојка многу убава млада девојка и она сто е само 38 е многу убава ама она сто има само 18 години е усте поубава сто помлада усте поубава таа 38 годицната има многу убава ќерка со има само најмлади 18 годиинки ! Јас немам интерес за оната 38 годицната јас имам интерес за нејзината 18 годицна ќерка ! Таа сто има само 38 години и таа е многу убава ама нејзината 18 ќерка е за мене усте поубава заради ова сто е млада ама никогас стара !,neutral,negative,neutral,negative,0.85,negative,0.95,5,negative,2,False,3,0.6,False,True,False,True,True,"CardiffNLP, BERTweet"
UgzRfM3SK0VSra5O5H14AaABAg.9FtVKmOLS5a9G0WTdzL7dO,црвени ружи сто е сега проблемот јас имам интерес за ќерката ама никогас на мајката нејзина ! Ќерката е невина ама мајката е вина стој ја роди таа убава не убава туку најубава ќерка узвари ќеркицка узвари како куклицка !,negative,negative,neutral,negative,0.8,negative,0.94,5,negative,2,False,4,0.8,True,True,False,True,True,BERTweet
UgzRfM3SK0VSra5O5H14AaABAg.9FtVKmOLS5a9G0X5ujd8jd,црвени ружи многу за зал една мајка и една ќерка двајцата це заљубиле во мене ама јас немам интерес во мајката узвари имам интерес во ќерката ! Дали тебе ти е јазно ? Двајцата це заљубени во мене едната е младата ќеркицка како куклицка ама другата е мајата нејзина двете заљубени во мене !,neutral,neutral,neutral,negative,0.8,negative,0.95,5,neutral,2,False,3,0.6,True,True,True,False,False,"Gemma, Llama"
UgzRfM3SK0VSra5O5H14AaABAg.9FtVKmOLS5a9G0Y6gOWYB5,црвени ружи како да е цудо не само една ќеркицка дури и нејзината мајкицка двете це заљубиле во мене има дури слусаеви дека две сестри или три или повејке сите це заљубиле во мене ! Сто е цудно сите зени или девојки ме љубат само мене дали мајки или ќерки ме љубат само мене дури тие це караат заради мене ! Сто е цудно ова е цудно навистина ти велам дури мајки и ќерки це караат заради мене коси ќе си корнат !,neutral,negative,neutral,negative,0.8,positive,0.95,5,,3,False,0,0.0,False,False,False,False,False,
UgzRfM3SK0VSra5O5H14AaABAg.9FtVKmOLS5a9G0ZVwCjd2b,"црвени ружи за тебе ти звуси цудно секоја зена или зена сака да биде мојата кралица еден сто сака да биде еден победник сто ги победи сите , јас никогас немам да дозволам да станам еден губитник оти сакам и це борам да бидам еден победник ! Секој сака да це друзи со победници ама никогас со губитници ! Победникот е оној кој никогас не це предава за својот надес ама оној знај кој це предава е оној е само еден губитник ама никогас еден победник ! Секој сака да биде еден победник сто ги победи сите ама не мозе секој да биде еден победник мора да има и губитници ! Еден губитник не признава дека е губитник ама сака да биде еден победник ! Не мозе секој да биде еден победник мора да има и губитници не само победници !",neutral,negative,neutral,positive,0.85,negative,0.93,5,,3,False,0,0.0,False,False,False,False,False,
UgzRfM3SK0VSra5O5H14AaABAg.9FtVKmOLS5a9G25Tdeb0bd,црвени ружи јас це изборив и каква девојка јас сакам мора да прифати и це смиривме ! Ако немозам од Македонија ќе си барам од Албанија само млада да ми биде дури и кредит ќе семам да си ја ранам нејзината фамилија во Албанија ама во Македонија девојките нека бидат незенати ! Јас озллусувам за мене ама не некој друг мене да ми казе сто јас за семам ! За забе твој совет има доста парови со преку 25 годицна разлика це срејкни ! Ако мозат тие мозам и јас оти барам правдина ! Си велам како мозе тој ама јас немозам ? Ако не албанка тогас белорусинка сто е сиромацна !,negative,negative,neutral,negative,0.8,negative,0.93,5,negative,2,False,4,0.8,True,True,False,True,True,BERTweet
UgzRfM3SK0VSra5O5H14AaABAg.9FtVKmOLS5a9G26EMrGsfA,црвени ружи ако треба јас со девојката моја во Албањја би зивеел ама од Германија ми дојде до носот ! Германија не е иста сто била порано сега це вика Германистан !,negative,negative,neutral,negative,0.8,negative,0.95,5,negative,2,False,4,0.8,True,True,False,True,True,BERTweet
UgzRfM3SK0VSra5O5H14AaABAg.9FtVKmOLS5a9G28MKYHJK5,црвени ружи имам пари невелам не ако имам пари ќе си најдам една млада девојка узвари најдов ! Да си заљубен е навистина не грев оти љубов мене ми треба па макар да имаме преку 25 години разлика верувај не е грев ! За љубовта годините не це битни ниту збориви треба ! За љубовта не це потребни ниту зборови оти зборови не треба це разбираме ние токму без зборови ! Духовно поврзани ! Сто не ти е јасно сега помисли да имас 25 годицен син тој несмее да има само 18 годицна девојка узвари не смее да биде невина ! Со 25 мозе да има дури и 14 девојка па макар 18 годицна девојка највазно е да тие да це љубат тие двајцата заљубени гулапцииња тоа вази дири дури ако е децкото 27 па камоли 25 !,neutral,negative,neutral,negative,0.8,negative,0.92,5,negative,2,False,3,0.6,False,True,False,True,True,"CardiffNLP, BERTweet"
UgzRfM3SK0VSra5O5H14AaABAg.9FtVKmOLS5a9G28ujmCW2u,црвени ружи како сто велис јас несмеан ниту 29 годицна девојка да имам таа 29 јас 44 пак несмеам . Мора да биде само во мојте години ама 30 никогас !,negative,negative,neutral,negative,0.8,negative,0.94,5,negative,2,False,4,0.8,True,True,False,True,True,BERTweet
UgzRfM3SK0VSra5O5H14AaABAg.9FtVKmOLS5a9G2BqL4iy_-,"црвени ружи сакам една куклицка слицно на Стојне Николова од Срумица ! Јас сакам такви зени или девојки сто це слицни на Стојне Николова , мојата девојка е слицна како прекразната Стојне Николова како да це Сестри или братуцеди ! Мојата девојка потекнува од Срумица или околина зивее во најбавиот македонски град Охрид !",neutral,negative,neutral,positive,0.85,positive,0.95,5,,3,False,0,0.0,False,False,False,False,False,
UgzRfM3SK0VSra5O5H14AaABAg.9FtVKmOLS5a9G2CQuCcILP,црвени ружи ако ми бил мозно дури во Стојне Николива би це заљубил ама неа не ја познавам си најдов една мома цупе или девојка слицна како Стојне Николова ! Порано имав една девојка сто бесе слицна исто како Стојне Николова ама да зал бесе верена ! Јас љубам девојки слицна како Прекразната Стојне од Срумица Николова ! Такви девојки јас сакам слицни како Прекразната Стојне Николова мојата куклицка !,neutral,negative,neutral,negative,0.8,positive,0.95,5,,3,False,0,0.0,False,False,False,False,False,
UgzRfM3SK0VSra5O5H14AaABAg.9FtVKmOLS5a9G2N4ZiDYPB,црвени ружи јас одлусавам каква девојка јас сакам спрема тебе незснеам ниту 29 ниту 30 годицна да имам мора да биде како ти сакас ама никогас како јас сакам ! Во денецното време е многу теско една 18 девојка да најдес па усте потеско една 29 годицна да најдес ! Мојата прва девојка мора да биде девојка не како ми зборуваат другите ! Ми велат ми це посмеваат зосто барас бас девојка ама јас це борам и велам дека девојка јас барам па макар да ми це посмеват ! Јас ти реков дека сум многу храбар ама ти мене не ме верувасе мислис дека сум многу глуп иако паметен !,neutral,negative,neutral,negative,0.8,negative,0.83,5,negative,2,False,3,0.6,False,True,False,True,True,"CardiffNLP, BERTweet"
UgzRfM3SK0VSra5O5H14AaABAg.9FtVKmOLS5a9G2OYw9aQmR,црвени ружи по твојата логика мора наталитетот усте повејке да падне ергените сакаат и барат девојки никогас зени ! Таткоми со посина нема против против имасе само мајками и ја убедив дека сакам само девојка никогас зена ја убедив ! Ти немозес од еден ерген да барас само да е зена ама несмее да има девојка ! Јас одлусив јас сакам една девојка ама никогас зена ! Па другите мене ми це лутат сакам девојка ама никогас зена сто нема таква насмевка како една девојка со многу изкрена насмевка !,neutral,negative,neutral,negative,0.8,negative,0.93,5,negative,2,False,3,0.6,False,True,False,True,True,"CardiffNLP, BERTweet"
UgzRfM3SK0VSra5O5H14AaABAg.9FtVKmOLS5a9G2PsTSMWmr,црвени ружи јас це заљубив во една слицна како Стојне Николова слицни карактеристики ! Многу ја љубам ако треба за неа зивот би дал мојата принцтеза или кралица ! Јас сум богат ама никогас сиромав це борам да небидам сиромав сакам да бидам богат узвари богат сум ама никогас сиромав ! Дури и богатите сакаат млади девојки ама никогас стари зени ! Имам една тетка околу 65 бара богати мази тука нема Чанци да најде еден богат маз озвен ако е млада некаде окулу 18 да биде млада ! Доста мази или децкови прасав сите ми велат барам или сакам девојка не една курва !,neutral,positive,neutral,negative,0.8,negative,0.97,5,,3,False,0,0.0,False,False,False,False,False,
UgzRfM3SK0VSra5O5H14AaABAg.9FtVKmOLS5a9G2RxpN5YBQ,"црвени ружи ти пак мене ме најде јас сега хранам 5 или 6 гладни усти никој не работи од нив само јас работам во разни работни смени ! Мене ми велат вујце давај пари оти само заради ти работис ти имас пари вујце ! Јас му давам само ако имам ако немам немозам да давам морам да велам сега немам пари морате вие да посекате кога ќе ми дојде новата плата ! Му давам само кога имам пари кога немам пари немозам да им дадам морат да посекаат кога пак ќе добивам пари ,давај пари да си купам ќеркециња !",neutral,negative,neutral,negative,0.85,negative,0.94,5,negative,2,False,3,0.6,False,True,False,True,True,"CardiffNLP, BERTweet"
UgzRfM3SK0VSra5O5H14AaABAg.9FtVKmOLS5a9G2SLZDK35z,црвени ружи во моментот гледам момцето сто си броело парите од македонски стари или нови приказни ! Момцето сто си броело парите !,neutral,negative,neutral,negative,0.85,negative,0.94,5,negative,2,False,3,0.6,False,True,False,True,True,"CardiffNLP, BERTweet"
UgzRfM3SK0VSra5O5H14AaABAg.9FtVKmOLS5a9G59iHD4K2G,"црвени ружи јас ги прасувам љугето дали има совет за мене јас си имам самиот совет за мене не некој друг ! Јас знам сто сакам верувам во себе дури самиот љубов си давам , секогас кога си гледам во огредало јас си давам самиот себе една насмевка и си велам секој ден е убав ден ! Никој нема совет за мене узвари имам само совет за мене ! Никој бас никој нема право некој друг да одлуси за мене или мојот зивот јас одлусувам само за мене ама никој друг ! Зелбата сто со мерак или сон еден ден ќе ми це освари и це борам за ова ! Ако си еден победник станувас еден крал или цар , мојата девојка ќе биде и кралива царица дури мојата принцтеза ! Како це писува ? Мојата прва девојка ќе биде девојка сто јас прв пат ќе ја направам зена ама и таа мене маз !",neutral,negative,neutral,positive,0.85,positive,0.95,5,,3,False,0,0.0,False,False,False,False,False,
UgzRfM3SK0VSra5O5H14AaABAg.9FtVKmOLS5a9G7hl0qpBct,црвени ружи во мојот слусај јас сум стар ерген ама бара една девојка ! Нормално е од кога посина таткоми мајками полуди кога бев само 27 слатки години една 18 годицна девојка ! Сега повејке од 10 години це цудат зосто сакам млада девојка ! Кога бев само 27 години како ерген мене не ме дозволија да имам 18 годицна девојка ама неколку години подосна морав да и велам сакам млада девојка мора да биде невина ! Мора да прифати или да прифатат сакам една млада девојка не како сто тие велат ! Станав еден борец сакам една млада девојка сто само јас ќе ја направам зена ама таа мене еден маз !,neutral,negative,neutral,negative,0.8,negative,0.97,5,negative,2,False,3,0.6,False,True,False,True,True,"CardiffNLP, BERTweet"
UgzRfM3SK0VSra5O5H14AaABAg.9FtVKmOLS5a9GFtBcxEXNl,црвени ружи кога од мојот надес никогас не це предава ќе це појават лазни пријатели или неискрени пријатели да ме спресат од мојот сон само немој така ! Како ти да одлудувас за мојот зивот ама никогас јас ! Иста си како мајками сто никогас нефозволува да имам ниту 29 годицна девојка па да биде 30 ! Тогас не е девојка узвари зена никогас девојка ! Мора ептен во мојте години ама помлада несмее да биде ! Фактицки со сила мене ме тераат несто со несакам ! Еден брак или љубов без мерак за забе брак ако е со сила мора да биде со мерак ! Сега со 50 годицна да правам деца подобро би било да не це зенам ! Без деца за забе брак многу подобро би било да би умрел како ерген наместо таков брак без деца !,negative,negative,neutral,negative,0.8,negative,0.95,5,negative,2,False,4,0.8,True,True,False,True,True,BERTweet
UgzRfM3SK0VSra5O5H14AaABAg.9FtVKmOLS5a9GFuUpSSiaW,црвени ружи љугето нека ми зборваат сто сакаат нека цркнат од мака јас сакам само млада ама никогас стара узвари баба ! Меракот ми е голем сакам една млада сто стално мислам за неа иако преку 4 години ние не це видовме ама јас ја сакам само неа и никоја друга ! Само ако мене многу ме повреди ти мене тогас поснувам да писувам глупости ! Ми вели разбудице дали е сама разбудена це прасувам самиот ? Со сила еден брак без мерак никогас не бидува ! Срејката со пари не це купува љубовта без мерак век не векува како казува песната !,negative,negative,neutral,negative,0.8,negative,0.83,5,negative,2,False,4,0.8,True,True,False,True,True,BERTweet
UgzRfM3SK0VSra5O5H14AaABAg.9FtVKmOLS5a9GFw8Fc1Q_C,црвени ружи јас за мојте сакани дури зивот давам па макар никогас да дојдеме заедно це зртвувам за неа мојата нсјсакана и сите мој најсакани за сите нив зивот давам оти знам дека сум љубов це бори несака да зивее еден зивот без смисла ! Како сто знам дека вистинската смисла од зивотот е токму љубовта да давас љубов и да примас љубов со најсилното орузје како сто знам це вика љубовта ! Против љубовта не мозе ниту едно зло да це бори против љубовта со најсилното орузје љубовта со љубовта мозес дури целиот свет да го освоис ќе ти паднат на колена !,neutral,negative,neutral,positive,0.85,positive,0.95,5,,3,False,0,0.0,False,False,False,False,False,
UgzRfM3SK0VSra5O5H14AaABAg.9FtVKmOLS5a9GFwkrSKCfX,црвени ружи тие не ме залат додека сум зив едвај цекаат јас да умрам за да мозат мене да ме залат ! Тогас казно е тогас ќе лезам токму во црната семја ! Тие требаа да ме залат додека сум зив кога ќе умрам да забе да ме залат тогас ќе биде сигурно казно !,negative,negative,neutral,negative,0.8,negative,0.95,5,negative,2,False,4,0.8,True,True,False,True,True,BERTweet
UgzRfM3SK0VSra5O5H14AaABAg.9FtVKmOLS5a9GKlzTZ1nB7,"црвени ружи јас нескам да умрам и закопан во Германија сакам да умрам во мојата и насата најбила најсакана Македонија ! Ако дојде девојката моја во Германија тогас ќе умрам и таму , каде це борам да умрам таму во пустата тугина каде никогас бев срејкен таму сум роден ама никогас сум бил срејкен таму ! Сакам една девојка сто сакам да це вратам во Македонија ама не да дојде таму во пустата тугина ! Це надевам таква девојка најдов сто е многу паметна сто не сака во Германија да дојде сака да це вратам во Македонија ! Наблудувам кој сака да дојде во Македонија немозе да ми биде девојка озвен ако сака Таа да це вратам кај Неа мозе да ми биде девојка една многу паметна девојка сто верува во себе ама никогас во другите !",neutral,negative,neutral,negative,0.8,negative,0.97,5,negative,2,False,3,0.6,False,True,False,True,True,"CardiffNLP, BERTweet"
UgzRfM3SK0VSra5O5H14AaABAg.9FtVKmOLS5a9GKx2J_puy7,црвени ружи зените и девојите сто ме познават ми велат сладок си дури и во твојте години сладок си сладок си како ќеркер ! Други во мојте години лисат стари ама во мојте години лиси многу млад ! Телето ми е млад сто е стално насмеан носи радост во себе не само за себе дури и за другите оние сто ми це мене најмили ! Јас сум ерген сакам да си имам девојка оти имам заслусено за ова ! Еден ми вели семици оставена или довица само за не биде девојка иако сум усте ерген ! Му реков јас сакам девојка не како ми велис ти и одма ми це налути одма повегна од страв !,positive,positive,neutral,positive,0.85,positive,0.95,5,positive,2,False,4,0.8,True,True,False,True,True,BERTweet
UgzRfM3SK0VSra5O5H14AaABAg.9FtVKmOLS5a9GKyYOG5mBS,црвени ружи гледам колку це глупи мојте колеги тие работат за мене ама јас ќе ги гледам наместо јас да работам тие да ме гледаат како работам ! Станав чеф и сите ми викаат чеф оти си чеф ! Не тие да ме гледаат како работам мора јас нив да ги гледам како работат тие како вистински чеф !,negative,negative,neutral,negative,0.8,negative,0.95,5,negative,2,False,4,0.8,True,True,False,True,True,BERTweet
UgzRfM3SK0VSra5O5H14AaABAg.9FtVKmOLS5a9w2X9TGEWbc,"<УСЕР> ПОЗДРАВ и СЕ"" НАЈУБАВО !! Татјана",positive,positive,neutral,positive,0.98,positive,0.95,5,positive,2,False,4,0.8,True,True,False,True,True,BERTweet
Ugw0mmAHBmCdOzpC5pR4AaABAg,Нема бугарски корени во Македониа самите ги искорнаа во ВВ2...,neutral,negative,neutral,negative,0.8,negative,0.95,5,negative,2,False,3,0.6,False,True,False,True,True,"CardiffNLP, BERTweet"
Ugw0mmAHBmCdOzpC5pR4AaABAg.9Fr5zZaVx2P9FrU1lmFXsR,нема как да ги искорниме.,negative,negative,neutral,negative,0.8,negative,0.95,5,negative,2,False,4,0.8,True,True,False,True,True,BERTweet
Ugw0mmAHBmCdOzpC5pR4AaABAg.9Fr5zZaVx2P9FsIodhjbRf,"Д Блазе, сам не знаш што збориш, немало, но ги искорнаа. Како можеш да искорниш нешто што не постои.",neutral,negative,neutral,negative,0.7,negative,0.94,5,negative,2,False,3,0.6,False,True,False,True,True,"CardiffNLP, BERTweet"
Ugw0mmAHBmCdOzpC5pR4AaABAg.9Fr5zZaVx2P9FuDfALibZt,"<УСЕР> Ако имало""корени""(брацки односи)на срамен начин ги""откорнавте""(зло направивте)во ВВ2 со окупациа и бруталност што не се извинувате на Македонскиот Народ кско ЕУ културен народ.",negative,negative,neutral,negative,0.8,negative,0.95,5,negative,2,False,4,0.8,True,True,False,True,True,BERTweet
Ugw0mmAHBmCdOzpC5pR4AaABAg.9Fr5zZaVx2P9Fv2K-4Cknt,"<УСЕР>, Јас предлагам да направиме еден заеднички споменик на жртвите од ВВ2 и „Крвавиот Божик“ од јануари 1945 г. и заеднички да се поклониме.",neutral,positive,neutral,positive,0.8947,positive,0.95,5,positive,2,False,3,0.6,False,True,False,True,True,"CardiffNLP, BERTweet"
Ugw0mmAHBmCdOzpC5pR4AaABAg.9Fr5zZaVx2P9w2Xl0w3sAY,блгари украдоа Пиринска Македонија. грци украдоа Егејска. договор 1913 вели: Блгариа на МАКЕДОНИЈА врак'а Пиринска Македонија. Грција на МАКЕДОНИЈА врак'а Егејска Македонија.,negative,negative,neutral,negative,0.8,negative,1.0,5,negative,2,False,4,0.8,True,True,False,True,True,BERTweet
Ugy5rXVjBykTFsPNnqV4AaABAg,Каков договор бе ?за до це се договараат? Заев нека си се договори за фирмите во бугарија нека му ги даде пола ако е другарце со борисов...бујар нека му ја дај зената ..е за тоа мози да се договараат а не за несто сто не е нивно....ахххх,negative,negative,neutral,negative,0.8,negative,0.95,5,negative,2,False,4,0.8,True,True,False,True,True,BERTweet
Ugy5rXVjBykTFsPNnqV4AaABAg.9Fq_GG8C63Y9Fqp88Faswa,Работата е повлечена и нема вракјане наназад!,neutral,negative,neutral,positive,0.85,positive,0.95,5,,3,False,0,0.0,False,False,False,False,False,
Ugy5rXVjBykTFsPNnqV4AaABAg.9Fq_GG8C63Y9FuyvyGCtB0,"Нјама,нјама враштане...крај на титово-срабската Македонија",negative,negative,neutral,negative,0.8,negative,0.95,5,negative,2,False,4,0.8,True,True,False,True,True,BERTweet
Ugy5rXVjBykTFsPNnqV4AaABAg.9Fq_GG8C63Y9Fv-vD6ccud,црвени ружи учи езика на Гоце тогава😀,neutral,positive,neutral,positive,0.85,positive,0.95,5,positive,2,False,3,0.6,False,True,False,True,True,"CardiffNLP, BERTweet"
Ugy5rXVjBykTFsPNnqV4AaABAg.9Fq_GG8C63Y9w2XG4qV-5e,<УСЕР>.................... јади глисти. ј Црно море.,negative,negative,neutral,negative,0.8,negative,1.0,5,negative,2,False,4,0.8,True,True,False,True,True,BERTweet
Ugwi3GRtA_qK7YHRvzJ4AaABAg,Поносното име Македонија е Античко наследство од Александар... Кои се Б'лгари самите нека ги најдат своите волготатарски корени немаме ништо заедничко.,neutral,negative,neutral,negative,0.8,negative,0.95,5,negative,2,False,3,0.6,False,True,False,True,True,"CardiffNLP, BERTweet"
UgyyvwX8k8d28Hw8iuF4AaABAg,"Ексцепт оне оф мј мотхер’с сиде, алл оф мј анцесторс цаме фром Булгариа. И гуесс соме оф оур релативес стилл ливе ин Кирдјали анд Лудогорие. И хаве невер беен ин Булгариа. И онлј кнов а фев Булгариан вордс. И хаве мет а фев Булгарианс вхиле И вас он холидај ат Кусадаси. Соме оф тхем хад триед то спеак Булгариан витх ме. И белиеве тхат мост Булгарианс хаве ТуркоМонголиан рооц. Фор тхис реасон, Булгариа ис а специал цоунтрј фор ме.",neutral,negative,neutral,positive,0.82,positive,0.85,5,,3,False,0,0.0,False,False,False,False,False,
UgyyvwX8k8d28Hw8iuF4AaABAg.9cIXpCW3yPu9cJr37_MMp_,Јеах тхеј аре а трибе цоррецт.,negative,negative,neutral,positive,0.85,negative,0.95,5,negative,3,False,3,0.6,True,True,False,False,True,"BERTweet, Gemma"
UgyyvwX8k8d28Hw8iuF4AaABAg.9cIXpCW3yPu9ctH6yA4PAi,"Анадолу уруспу ЕСКИ СООРРИИ ЕСКИ АДАМ УРУСПОУ. ЗА КОИ ТУРЦИ БРЕ ПОМАК ГОВОРИШ???ТИЈА НА КОИТО РЕДЖЕП ЕР ИВЕДИК СМЕНИ ИМЕТО ОТ ПУЈКА???? БЈАГАЈ БРЕ ДА ГОНИШ КОЗИТЕ ,ТЕ ОСМАНСКИТЕ СУЛТАНИ ДА НЕ СА ПРОСТИ КОЗАРИ И ЧОБАНИ НА ПУЈКИ КАТО ТЕБ, ЧЕ НИТО ЕДИН НЕ СЕ Е ПИСАЛ ТУРЧИН ДО 1922?????? НЈАМА ЕДИН СУЛТАНСКИ ФЕРМАН ЕДНА ДУМА КОЈАТО СУЛТАНИТЕ ДА СА НАПИСАЛИ НА ТУРСКИ ВСИЧКО БРЕ ПУЈКО Е НА АРАБСКИ ОСМАНСКИ??????? ПУЈКИ СТЕ ПО ВОЛЈАТА НА ПОМАК КЕМАЛ ОТ СОЛУНСКО ОТ 1922ГОДИНА. А ЕЗИКОВАТА И ПИСМЕНАТА РЕФОРМА СА ВИ ПАК ОТ ПОМАК КЕМАЛ НА БАЗА АЗЕРБАЈДЖАНСКИ 70% И КАЗАХСТАНСКИ 30% ОТ 1926-27 ГОДИНА.ХАЈВАН НЈАМА ТУРЦИ ДО 1922 ИМА ТЈУРКСКА ЕЗИКОВА ГРУПА НЕ НАРОДИ.ЕДИНСТВЕЕНИТЕ ТЈУРКИ СА МОНГОЛИТЕ ТИ СУРАТА ТИ МОНГОЛСКИ ЛИ Е БРЕ ДАУЛ????ЧЕНГЕНЕ ОРХОНСКАТА ЕНИСЕЈСКА ПЕСМЕНОСТ Е ОТ 8 ВЕК????ЗИЕЗИ ЕКС КУО ВУЛГАРЕС"" ЕОТ 354 ГОДИНА .ВСИЧКИ ОПИТИ ПРАВЕНИ ДО ДНЕС ДА СЕ ПРЕВЕДЕ СТАРОБАЛГАРСКИЈА ЕЗИК И БАЛГАРСКИТЕ РУНИ С ОРХОНСКО ТЈУРКСКО ПИСМО СА БЕЗУСПЕШНИ. ДРЕВНИЈА БАЛГАРСКИ ЕЗИК Е СХОДЕН С ПЕРСИЈСКИЈА ,ИНДО ЕВРОПЕЈСКИ ,ИНДО ИРАНСКИ ЕЗИЦИ .НИШТО ОБШТО С ОРХОНСКОТО ПИСМО НЈАМА ПРАБАЛГАРСКИЈА ЕЗИК .ОСТАНИ СИ САС ЗДРАВЕ ПУЈКО",negative,negative,neutral,negative,0.8,negative,0.94,5,negative,2,False,4,0.8,True,True,False,True,True,BERTweet
UgzNpG_zyJI4qHZnzHN4AaABAg,"Благодариме за преводот...сто, ако зборувавме исти јазик како сто тврдат Бугарите, не ке бесе потребен? Без превод, 80-90% не ке разберев! Не го разбирам нивниот јазицен аргумент...воопсто! - Македонец од Кицево.",negative,negative,neutral,negative,0.8,negative,0.92,5,negative,2,False,4,0.8,True,True,False,True,True,BERTweet
UgxrhGk21igezF7EB894AaABAg,Неќеме во еу и нато 😌,neutral,neutral,neutral,negative,0.8,positive,0.95,5,neutral,3,False,3,0.6,True,True,True,False,False,"Gemma, Llama"
UgxrhGk21igezF7EB894AaABAg.9cIK0DtQoQO9cITcRxqz2j,Парво ште те бија и после ште те чук🔨ам,neutral,negative,neutral,negative,0.8,negative,0.95,5,negative,2,False,3,0.6,False,True,False,True,True,"CardiffNLP, BERTweet"
UgySuur4Mo3tNmsLrjR4AaABAg,Кој на кој клава вето клава ветер да ве вееее ништо друго и нема да се слушне сее лага и корупција,negative,negative,neutral,negative,0.8,negative,0.95,5,negative,2,False,4,0.8,True,True,False,True,True,BERTweet
UgySuur4Mo3tNmsLrjR4AaABAg.9cIEZVhRtm69cIQoduW2WW,"Нашио поет, директно од Јелисејската палата",neutral,positive,neutral,negative,0.85,positive,0.95,5,,3,False,0,0.0,False,False,False,False,False,
UgySuur4Mo3tNmsLrjR4AaABAg.9cIEZVhRtm69cISjCN-juQ,<УСЕР> паметник од Софија,neutral,positive,neutral,negative,0.7,neutral,0.85,5,neutral,3,False,3,0.6,True,False,True,False,True,"NLPTown, Gemma"
UgySuur4Mo3tNmsLrjR4AaABAg.9cIEZVhRtm69cIUH0-C7SQ,"<УСЕР> тоа беше комплимент бе вампиру Ване, јас сум твој фан",neutral,negative,neutral,positive,0.98,positive,0.95,5,,3,False,0,0.0,False,False,False,False,False,
UgySuur4Mo3tNmsLrjR4AaABAg.9cIEZVhRtm69cIVEzV8JDu,<УСЕР> ти си замине супер ман,positive,negative,neutral,positive,0.85,positive,0.95,5,positive,3,False,3,0.6,True,False,False,True,True,"NLPTown, BERTweet"
UgyVEsMYXVCpi7FVEEh4AaABAg,"Зашто го вклјучвате Горан от парка, да коментира парламента в Балгарија?",negative,negative,neutral,negative,0.7,neutral,0.98,5,negative,2,False,3,0.6,True,True,False,True,False,"BERTweet, Llama"
UgyVEsMYXVCpi7FVEEh4AaABAg.9cIB3ViP9xZ9cIJuYZzrld,Дове 😆,positive,positive,neutral,neutral,0.68,positive,0.95,5,positive,2,False,3,0.6,True,True,False,False,True,"BERTweet, Gemma"
UgyVEsMYXVCpi7FVEEh4AaABAg.9cIB3ViP9xZ9cIRYYzv8uu,<УСЕР> 😄 🔫,neutral,positive,neutral,negative,0.8,negative,0.95,5,,3,False,0,0.0,False,False,False,False,False,
UgyVEsMYXVCpi7FVEEh4AaABAg.9cIB3ViP9xZ9cIXV0CoxCz,Дове ке те питам мори ТОРБЕШ НЕДЕН с ДНК НА ГЈУПТИН КОЈ СОЗДАДЕ КУМАНОВО????ТАТАР ЕЛЕВЦИ???????НОГАЕВЦИ??????ТАТАРЦИ????......КОЈ ВО 13 ВЕК СЕ ПОСЕЛИ ВО СЕВЕРНИОТ ДЕЛ НА КЛЕТАТА ТЕРИТОРИЈА МАКЕДОНИЈА БАРАБАР СО НОГАЈ,negative,negative,neutral,negative,0.8,negative,0.99,5,negative,2,False,4,0.8,True,True,False,True,True,BERTweet
UgyVEsMYXVCpi7FVEEh4AaABAg.9cIB3ViP9xZ9cIYUmPVpjO,<УСЕР> Татар Митко (мј беба цаллед ме саме) орада јорум јапмак иçин пара öдедин ми,neutral,negative,neutral,positive,0.85,negative,0.94,5,,3,False,0,0.0,False,False,False,False,False,
UgyVEsMYXVCpi7FVEEh4AaABAg.9cIB3ViP9xZ9cIYbzpp3VF,<УСЕР> Куманите се изумрени 😇,positive,negative,neutral,negative,0.8,negative,0.95,5,negative,3,False,3,0.6,False,True,False,True,True,"CardiffNLP, BERTweet"
UgyVEsMYXVCpi7FVEEh4AaABAg.9cIB3ViP9xZ9cIZPwZV6Nl,"<УСЕР> СЕН САРФОШ МОУ.??????? КЕМАЛ МУСТАФА ПОМАКЛАР ,СЕН НЕНЕ ПАМАКЛАР ДЕДЕ ПАМАКЛАР ТУРК ЈОК .ВАР КАЗАЛБАШ,КАРАМАНЛАР ,ЦЕРКЕЗ,ПОМАКЛАР,ЈУРУК,КЈРД,АРМЕН,ЈУНАН,БУЛГАР, МИСИР ТАУК СЕН НЕНЕ БИЛИОР ЦОК ГУЗЕЛ БУЛГАР ВАР .",neutral,negative,neutral,negative,0.85,negative,0.99,5,negative,2,False,3,0.6,False,True,False,True,True,"CardiffNLP, BERTweet"
UgyVEsMYXVCpi7FVEEh4AaABAg.9cIB3ViP9xZ9cIZWsFyOTM,<УСЕР> сен пара вар моу?????? Лира кац БУЛГАР САНТИМ?????АДАМ УРУСПОУ ГИТ ПАМАКЛАР,neutral,negative,neutral,negative,0.85,negative,0.94,5,negative,2,False,3,0.6,False,True,False,True,True,"CardiffNLP, BERTweet"
UgyVEsMYXVCpi7FVEEh4AaABAg.9cIB3ViP9xZ9cIZpmzjk1M,"<УСЕР> МА ИМА ГИ БРЕ ВО СЕВЕРНИОТ ДЕЛ НА СЕВЕРНАТА МОНКЕ ДОДОНИЈА СА КУМАНОВО ,ТАТАР ЕЛЕВЦИ НОГАЈЦИ,ТАТАРЦИ.........ТАТАР ДО ТАТАР .ШТО СЕ СРАМИТЕ ДА СЕ РЕЧЕТЕ ТАТАРИНЕЗНАМ ???? МА КРАЛ СИ ИМАТЕ МИР ГАЗАН ФАР АЛИ ХАН.<УРЛ>",neutral,negative,neutral,negative,0.8,negative,0.94,5,negative,2,False,3,0.6,False,True,False,True,True,"CardiffNLP, BERTweet"
UgyVEsMYXVCpi7FVEEh4AaABAg.9cIB3ViP9xZ9cIa5k-Yu36,"<УСЕР> не са ТАМО са си Сите с ИЗПЕРЕН МОЗУК ДЕКА сте срам за таја земја.Джаба ја тапите <УРЛ> слез бре друже Тито па си САБЕРИ ВЕРЕСИИТЕ бре,барем тија с ИЗПЕРЕН МОЗУК после 1945 и НА СЕВЕРНИТЕ ХУНЗИ ПОСЛЕ ПРЕСПА",negative,negative,neutral,negative,0.8,negative,0.95,5,negative,2,False,4,0.8,True,True,False,True,True,BERTweet
UgyVEsMYXVCpi7FVEEh4AaABAg.9cIB3ViP9xZ9cIgFMzM_Mi,"<УСЕР> Татар, јоу гот лост ин транслатион",neutral,negative,neutral,negative,0.8,negative,0.94,5,negative,2,False,3,0.6,False,True,False,True,True,"CardiffNLP, BERTweet"
UgyVEsMYXVCpi7FVEEh4AaABAg.9cIB3ViP9xZ9cIitGcds98,<УСЕР> <УРЛ> БЕГАИ барже ХУНЗО НЕДНА ШТО ОБШТО ИМАШ С БАЛГАРИТЕ ОТ ЕГЕЈА И ВАРДАРСКО ??? Ре аман апо СКОПИАНИ МАЛАКЕС.СОООРРРЈ ИСЕ ТРОМБАРОС МЕ ДИО ХЕРИА,negative,negative,neutral,negative,0.85,negative,0.94,5,negative,2,False,4,0.8,True,True,False,True,True,BERTweet
UgyVEsMYXVCpi7FVEEh4AaABAg.9cIB3ViP9xZ9cIj6odsoSh,"<УСЕР> тебе ти не требва транслација БЕГАЈ ДА УЧИШ АНТИЧКИОТ БУРУШАСКИ ЕЗИК ,ХУНЗА С ДНК НА ГЈУПТИН ТАТАР ОТ ТАТАР ЕЛЕВЦИ,НОГАЕВЦИ,КУМАНОВО,ТАТАРЦИ.....СЕВЕРНИОТ ДЕЛ НА СЕВЕРДЖАН МОНКЕДОНИЈА.",neutral,negative,neutral,negative,0.8,negative,0.99,5,negative,2,False,3,0.6,False,True,False,True,True,"CardiffNLP, BERTweet"
UgyVEsMYXVCpi7FVEEh4AaABAg.9cIB3ViP9xZ9cJ2732mrTt,Заштото телевизијата им е напреднала.,positive,negative,neutral,positive,0.85,positive,0.95,5,positive,3,False,3,0.6,True,False,False,True,True,"NLPTown, BERTweet"
UgyVEsMYXVCpi7FVEEh4AaABAg.9cIB3ViP9xZ9cKhv9ZglQJ,"<УСЕР> анотхер монгол ве вон’т хере, вхат ис еноугх ис еноугх",neutral,negative,neutral,negative,0.8,negative,0.95,5,negative,2,False,3,0.6,False,True,False,True,True,"CardiffNLP, BERTweet"
UgyVEsMYXVCpi7FVEEh4AaABAg.9cIB3ViP9xZ9ctETr4SSRi,<УСЕР> хиц пин сикимди ценгене сен киму.,neutral,negative,neutral,negative,0.8,negative,0.94,5,negative,2,False,3,0.6,False,True,False,True,True,"CardiffNLP, BERTweet"
UgyFmvyX0lMMQWNHvHZ4AaABAg,"Цар Самуил како бугарски крал, не постои бугарски крал, постои бугарски цар, неписмени едни од Алфа. Бугарија била Хаганат, Кнежество и Царство, но не кралство.",neutral,negative,neutral,negative,0.8,negative,0.95,5,negative,2,False,3,0.6,False,True,False,True,True,"CardiffNLP, BERTweet"
UgyFmvyX0lMMQWNHvHZ4AaABAg.9caeG3dVTlT9ccGgZVIVLV,"Балгарија НИКОГА в својата историја НЕ Е била ""хаганат""!!! Имало е Аварски Хаганат, когато сме били под тјахна власт... Балгарите са имали КАНАС, стар варјант на кнез и сашто сме имали царе.",negative,negative,neutral,negative,0.8,negative,0.95,5,negative,2,False,4,0.8,True,True,False,True,True,BERTweet
UgyFmvyX0lMMQWNHvHZ4AaABAg.9caeG3dVTlT9cd-FNEIdJp,"<УСЕР> Парвата балгарска даржава (на старобалгарски: ц︢рство бл︢гарское), наричана от историците и Дунавска Балгарија за различаване от Волжка Балгарија, е парвоначално ханство, а от коронјасването на Симеон И Велики за цар – царство (империја),просаштествувала на Балканскија полуостров и прилежаштите му части от ЈУгоизточна Европа от 681 до 1018 г.",neutral,negative,neutral,neutral,0.65,neutral,0.85,5,neutral,2,False,4,0.8,True,False,True,True,True,NLPTown
UgyFmvyX0lMMQWNHvHZ4AaABAg.9caeG3dVTlT9cd-PQKo3Pm,<УСЕР> Недеј и ти като македонците да си триеш това което намираш за неудобно.,negative,negative,neutral,negative,0.8,negative,0.95,5,negative,2,False,4,0.8,True,True,False,True,True,BERTweet
UgyFmvyX0lMMQWNHvHZ4AaABAg.9caeG3dVTlT9cm9T5AyKtE,"<УСЕР>-шт8ја Дран , дран , парвијат международно признат Кесар на Балгарија , Цезар на Балгарската империја , Кајзер , е Тервел , пославјанчено Цр , Цар . Канас убиги ( у бога или аварското ЈАбгу ) е Крумовата династија , кнјаз от бога , кнјас , конунг , кинг , кеан , а преди Тервел јавно са били Рекс - Есперерикс , Телерикс , Кормесис (Кормесикс ) т.е. Руа , Роа , Роајал , Реал . Каган или Хегемон е хазарска , аварска и като цјало титла от Близкијат Изток отпреди ислјама . Харар в Арменија . Кубрат , на прастена е разчетен от Вернер като Хуфраат , јавно има вразка с Фраат , партско - тракијска династија владјала Северното причерноморие с центар Крим след неуспеха на Митредат . Митредитите всаштност са фригијци , тоест тракијци . Зашто на фризијците им казват белги е нејасно :) А зашто Биргир донасја меча като оражие на Скандинавието и основава Швеција 1018 сашто не е јасно . За ариаландскијат , ирландскија полубог Фирн Болг еднокракија , пак ваобште нјама објаснение , като например , за бугре и бугресите вав Франција , там е јасно че става вапрос за презирани еретици наричани балгарска ерес , а вулгарно по времето на христијанизацијата на Европа е означавало просто народно , справка - Библија Вулгата на Св. Јероним Блажени , както и "" ... простејшиј јазик болгарскиј ... "" на Иоахим Карчовски , т. е . егалитарна религија и философија , без херметизам .",neutral,negative,neutral,neutral,0.68,negative,0.83,5,neutral,2,False,3,0.6,True,False,True,True,False,"NLPTown, Llama"
UgyFmvyX0lMMQWNHvHZ4AaABAg.9caeG3dVTlT9cr0AbhGHbi,"<УСЕР>-шт8ја И кој тварди че била ханство, штото не е много јасно? Впрочем Калојан е коронјасан за крал за известно време.",neutral,negative,neutral,negative,0.7,neutral,0.85,5,neutral,2,False,3,0.6,True,False,True,False,True,"NLPTown, Gemma"
UgyFmvyX0lMMQWNHvHZ4AaABAg.9caeG3dVTlT9d-vDi360GC,"На неписмените Фасистицки бугарски татари им казувас.Они не си ја познаваат својата историја а не пак тугата.За нив сите се Бугарски татари .НО ОВИЕ НЕ СЕ БУГАРИ .МАКЕДОНЦИ БЕА ПРЕД БУГАРСКИТЕ ФАСИСТИТЕ ДА ГИ УБИЕАТ — крвав настан кој се случил на 16 јуни 1943 година кога биле стрелани 12 младинци од селото Ваташа во близина на Моклиште кај месноста „Чаир“, на 2 км оддалеченост од Ваташа. Колежот го извршила бугарската војска и полициски одреди на чело со капетан Борис Жеглов, поручник Борис Костов и подофицер Петко Опреков под команда на полковник Љубен Апостолов, командант на 56. Велешки пешадиски полк од Петтата бугарска армија. злоцин од Фасистицките Бугарски татари:С.Ватаса-""Младинците се изрешетани од куршуми од митралези, па потоа се избодени со бајонети. На некои им се исечени рацете и извадени очите и притоа сите биле ограбени“.Сестрата на Блаже, Ката која била одведена на местото и била сведок на овој грозоморен чин се сеќава дека нејзиниот брат Блаже, сè уште давал знаци на живот после стрелањето, но Бугарите со бајонети ги боделе и сечеле 12 младинци од Ваташа.За свирепоста на Бугарските фашисти говори и фактот што не им било дозволено на родителите да ги погребаат своите деца, па тие набрзина нафрлиле земја и ги прекриле со гранки.[4][8] Денес на тоа место постои мал споменик. По војната, бил организиран вистинскиот погреб. Кога семесјтвата сами си ги откопале коските, ги премиле во реката и во мали ковчези ги закопале во Моклиште.[4] А, по третпат, таму каде што денеска има голем споменик, се закопани во 1963 година. Овоа се имињата татари на децата кои ги убивте. Име и презиме Возраст Перо Видев 15 Ванчо Гурев 19 Данко Давков 18 Илија Димов 18 Ристо Ѓондев 18 Блаже Ицев 20 Пане Мешков 18 Герасим Матаков 18 Ферчо Попѓорѓиев 26 Васо Хаџијорданов 28 Диме Чекоров 20 Пане Џунов 18 Цитајте Фасистицки Бугарски Татари за васите злоцини .ОВОА ГО НЕМА ВО ВАСАТА ТАТАРСКА ФАСИСТИЦКА ИСТОРИЈА .Васата историја е лазна .Кој на кого требе да се извини. До 1991 година во С.Ватаса Татарски бугарин ако влезел зив немало да излезе.Полицијата не гарантирала за нивниот зивот.Знете ли колку овакви села има во Македонија.",negative,negative,neutral,negative,0.8,negative,0.94,5,negative,2,False,4,0.8,True,True,False,True,True,BERTweet
UgyFmvyX0lMMQWNHvHZ4AaABAg.9caeG3dVTlT9sx16r5KTuS,блгари јунк. МАКЕДОНСКИ НАРОД 25 ВЕКА. од ФИЛИП КРАЛ НА МАКЕДОНИЈА ИВ век пред оваа ера до денес КСКСИ век. ДА З'ИВЕЕ М А К Е Д О Н И Ј А !!,neutral,negative,neutral,positive,0.85,positive,0.95,5,,3,False,0,0.0,False,False,False,False,False,
UgyFmvyX0lMMQWNHvHZ4AaABAg.9caeG3dVTlT9wURhLu_aM5,"<УСЕР> Македонија постои од 30 години, какви 25 века 😂😂😂😂",neutral,positive,neutral,negative,0.8,negative,0.95,5,,3,False,0,0.0,False,False,False,False,False,
UgyFmvyX0lMMQWNHvHZ4AaABAg.9caeG3dVTlT9xtIABYXbho,<УСЕР> МАКЕДОНИЈА -- 25 ВЕКА. од ФИЛИП КРАЛ. ти сдс ѓубре.,neutral,positive,neutral,negative,0.8,negative,0.95,5,,3,False,0,0.0,False,False,False,False,False,
UgwL3NEsa__NUdJ87v54AaABAg,"Ако не бесе трагицно, ке бесе комицно.",negative,negative,neutral,neutral,0.7,negative,0.95,5,negative,2,False,3,0.6,True,True,False,False,True,"BERTweet, Gemma"
Ugz8g7skeo8KvVcou4l4AaABAg,Французи Англицани Итаљанци и Немци сакаат да сме под робство! од рода сум Славјанска земја со злато полна зато завиздзет толку!,negative,negative,neutral,negative,0.8,negative,0.94,5,negative,2,False,4,0.8,True,True,False,True,True,BERTweet
Ugz8g7skeo8KvVcou4l4AaABAg.9cleTikowF19fXQVduTlSj,Не. Сакат да знаете истината. Бугарче од македонски регион 🇲🇰=💩,neutral,negative,neutral,negative,0.8,negative,0.95,5,negative,2,False,3,0.6,False,True,False,True,True,"CardiffNLP, BERTweet"
Ugz8g7skeo8KvVcou4l4AaABAg.9cleTikowF19sx0ajdXuM0,<УСЕР> ТАТЈАНА МАКЕДОНКА. вол @.,neutral,positive,neutral,negative,0.8,negative,0.95,5,,3,False,0,0.0,False,False,False,False,False,
Ugz8g7skeo8KvVcou4l4AaABAg.9cleTikowF19sx1MZhl3gB,<УСЕР> 😂😂😂 не постои,neutral,negative,neutral,neutral,0.85,negative,1.0,5,neutral,2,False,3,0.6,True,False,True,True,False,"NLPTown, Llama"
Ugz8g7skeo8KvVcou4l4AaABAg.9cleTikowF19wTiUWLyfdd,<УСЕР> хи хи хи. глупак. од кењеф.,neutral,negative,neutral,negative,0.8,negative,1.0,5,negative,2,False,3,0.6,False,True,False,True,True,"CardiffNLP, BERTweet"
Ugz8g7skeo8KvVcou4l4AaABAg.9cleTikowF19wURZlec-dU,<УСЕР> То цела Македонија е БУГАРСКИ Кенеф 😂😂😂,neutral,negative,neutral,negative,0.8,negative,1.0,5,negative,2,False,3,0.6,False,True,False,True,True,"CardiffNLP, BERTweet"
Ugz8g7skeo8KvVcou4l4AaABAg.9cleTikowF19xtIPmhiiSX,<УСЕР> - сдс глупак. и будали и глупаци ј ХЕЛЛ.,negative,negative,neutral,negative,0.8,negative,1.0,5,negative,2,False,4,0.8,True,True,False,True,True,BERTweet
Ugz8g7skeo8KvVcou4l4AaABAg.9cleTikowF19xtKtcPCyY_,<УСЕР> Татјана бугарска од даржава севрна😂😂😂,neutral,negative,neutral,negative,0.8,negative,1.0,5,negative,2,False,3,0.6,False,True,False,True,True,"CardiffNLP, BERTweet"
Ugy7Mbxb3G2f64f46pV4AaABAg,Алфа нај глупавата телевизија,negative,positive,neutral,negative,0.8,negative,1.0,5,negative,3,False,3,0.6,True,False,False,True,True,"NLPTown, BERTweet"
Ugy7Mbxb3G2f64f46pV4AaABAg.9cbJpOIIVs59d-vIdd33z7,"ОВИЕ НЕ СЕ БУГАРИ .МАКЕДОНЦИ БЕА ПРЕД ВИЕ ФАСИСТИТЕ ДА ГИ УБИЕТЕ — крвав настан кој се случил на 16 јуни 1943 година кога биле стрелани 12 младинци од селото Ваташа во близина на Моклиште кај месноста „Чаир“, на 2 км оддалеченост од Ваташа. Колежот го извршила бугарската војска и полициски одреди на чело со капетан Борис Жеглов, поручник Борис Костов и подофицер Петко Опреков под команда на полковник Љубен Апостолов, командант на 56. Велешки пешадиски полк од Петтата бугарска армија. злоцин од Фасистицките Бугарски татари:С.Ватаса-""Младинците се изрешетани од куршуми од митралези, па потоа се избодени со бајонети. На некои им се исечени рацете и извадени очите и притоа сите биле ограбени“.Сестрата на Блаже, Ката која била одведена на местото и била сведок на овој грозоморен чин се сеќава дека нејзиниот брат Блаже, сè уште давал знаци на живот после стрелањето, но Бугарите со бајонети ги боделе и сечеле 12 младинци од Ваташа.За свирепоста на Бугарските фашисти говори и фактот што не им било дозволено на родителите да ги погребаат своите деца, па тие набрзина нафрлиле земја и ги прекриле со гранки.[4][8] Денес на тоа место постои мал споменик. По војната, бил организиран вистинскиот погреб. Кога семесјтвата сами си ги откопале коските, ги премиле во реката и во мали ковчези ги закопале во Моклиште.[4] А, по третпат, таму каде што денеска има голем споменик, се закопани во 1963 година. Овоа се имињата татари на децата кои ги убивте. Име и презиме Возраст Перо Видев 15 Ванчо Гурев 19 Данко Давков 18 Илија Димов 18 Ристо Ѓондев 18 Блаже Ицев 20 Пане Мешков 18 Герасим Матаков 18 Ферчо Попѓорѓиев 26 Васо Хаџијорданов 28 Диме Чекоров 20 Пане Џунов 18 Цитајте Фасистицки Бугарски Татари за васите злоцини .ОВОА ГО НЕМА ВО ВАСАТА ТАТАРСКА ФАСИСТИЦКА ИСТОРИЈА .Васата историја е лазна .Кој на кого требе да се извини. До 1991 година во С.Ватаса Татарски бугарин ако влезел зив немало да излезе.Полицијата не гарантирала за нивниот зивот.Знете ли колку овакви села има во Македонија.",negative,negative,neutral,negative,0.8,negative,0.94,5,negative,2,False,4,0.8,True,True,False,True,True,BERTweet
Ugy7Mbxb3G2f64f46pV4AaABAg.9cbJpOIIVs59sx0jdBLjrt,@.....3826 сдс цреп.,negative,negative,neutral,negative,0.8,negative,1.0,5,negative,2,False,4,0.8,True,True,False,True,True,BERTweet
UgxoZWlXJXqLnIfDFYV4AaABAg,Бугарија да се извини за злато што го го направи за фашизмот врз Македонија,negative,negative,neutral,negative,0.8,negative,0.95,5,negative,2,False,4,0.8,True,True,False,True,True,BERTweet
UgxoZWlXJXqLnIfDFYV4AaABAg.9cbthhIyNgt9ccjBS8vXZ8,"Комунјарите секогаш треба да се претепуват,неписмен тиа убијства се биле на политичка а, не на национална основа!",negative,negative,neutral,negative,0.8,negative,0.95,5,negative,2,False,4,0.8,True,True,False,True,True,BERTweet
UgxoZWlXJXqLnIfDFYV4AaABAg.9cbthhIyNgt9d-vQ446pYD,"ДА СЕ ПОСТАВЕ ПРАСАЊЕТО ЗА ВОЕНА ОСТЕТА.ОВИЕ НЕ СЕ БУГАРИ .МАКЕДОНЦИ БЕА ПРЕД ВИЕ ФАСИСТИТЕ ДА ГИ УБИЕТЕ — крвав настан кој се случил на 16 јуни 1943 година кога биле стрелани 12 младинци од селото Ваташа во близина на Моклиште кај месноста „Чаир“, на 2 км оддалеченост од Ваташа. Колежот го извршила бугарската војска и полициски одреди на чело со капетан Борис Жеглов, поручник Борис Костов и подофицер Петко Опреков под команда на полковник Љубен Апостолов, командант на 56. Велешки пешадиски полк од Петтата бугарска армија. злоцин од Фасистицките Бугарски татари:С.Ватаса-""Младинците се изрешетани од куршуми од митралези, па потоа се избодени со бајонети. На некои им се исечени рацете и извадени очите и притоа сите биле ограбени“.Сестрата на Блаже, Ката која била одведена на местото и била сведок на овој грозоморен чин се сеќава дека нејзиниот брат Блаже, сè уште давал знаци на живот после стрелањето, но Бугарите со бајонети ги боделе и сечеле 12 младинци од Ваташа.За свирепоста на Бугарските фашисти говори и фактот што не им било дозволено на родителите да ги погребаат своите деца, па тие набрзина нафрлиле земја и ги прекриле со гранки.[4][8] Денес на тоа место постои мал споменик. По војната, бил организиран вистинскиот погреб. Кога семесјтвата сами си ги откопале коските, ги премиле во реката и во мали ковчези ги закопале во Моклиште.[4] А, по третпат, таму каде што денеска има голем споменик, се закопани во 1963 година. Овоа се имињата татари на децата кои ги убивте. Име и презиме Возраст Перо Видев 15 Ванчо Гурев 19 Данко Давков 18 Илија Димов 18 Ристо Ѓондев 18 Блаже Ицев 20 Пане Мешков 18 Герасим Матаков 18 Ферчо Попѓорѓиев 26 Васо Хаџијорданов 28 Диме Чекоров 20 Пане Џунов 18 Цитајте Фасистицки Бугарски Татари за васите злоцини .ОВОА ГО НЕМА ВО ВАСАТА ТАТАРСКА ФАСИСТИЦКА ИСТОРИЈА .Васата историја е лазна .Кој на кого требе да се извини. До 1991 година во С.Ватаса Татарски бугарин ако влезел зив немало да излезе.Полицијата не гарантирала за нивниот зивот.Знете ли колку овакви села има во Македонија.",neutral,negative,neutral,negative,0.77,negative,0.83,5,negative,2,False,3,0.6,False,True,False,True,True,"CardiffNLP, BERTweet"
UgxoZWlXJXqLnIfDFYV4AaABAg.9cbthhIyNgt9sx1qfCzTtL,"блгари украдоа Пиринска Македонија. грци украдоа Егејска. договор 1913 вели: Блгариа на МАКЕДОНИЈА врак'а Пиринска Македонија, Грција на МАКЕДОНИЈА врак'а Егејска Македонија.",negative,negative,neutral,negative,0.8,negative,0.95,5,negative,2,False,4,0.8,True,True,False,True,True,BERTweet
UgxWcjVp2celLFPhHb14AaABAg,Убави Рубљи лапавте преку ЛукОил од претставништвото во Швајцарија баш ме чуди интелектуалецот што негира😮,negative,positive,neutral,negative,0.7,negative,0.95,5,negative,3,False,3,0.6,True,False,False,True,True,"NLPTown, BERTweet"
UgxWcjVp2celLFPhHb14AaABAg.A0b0BkFBk-dA0fGvkKSJ7P,Затоа немаме дрзава од вакви изроди патриоти колку да сакас 30 год кој како ке дојди на власт плацкосува а никој не отисол Апсаана,negative,negative,neutral,negative,0.8,negative,0.94,5,negative,2,False,4,0.8,True,True,False,True,True,BERTweet
UgwV7NacncBB5kj_Osl4AaABAg,Браво,positive,positive,neutral,positive,0.98,positive,1.0,5,positive,2,False,4,0.8,True,True,False,True,True,BERTweet
UgyVVmwJhLLWMBCL4h54AaABAg,СТАЛИН ВИ НА ГАЗИ КАМ ЈУГОСЛАВИЈА ТОВА НЕ Е ЛИ ВЛИЈАНИЕ ГОВЕДА 😮😮😮😮,negative,negative,neutral,negative,0.8,negative,0.95,5,negative,2,False,4,0.8,True,True,False,True,True,BERTweet
UgxALehVkE4Jcf50TLF4AaABAg,Никад није касно,neutral,neutral,neutral,positive,0.85,positive,0.95,5,neutral,2,False,3,0.6,True,True,True,False,False,"Gemma, Llama"
Ugxx8VLjAXtNYl-8UUR4AaABAg,Кавадаречко влијание😂,neutral,positive,neutral,negative,0.8,negative,0.95,5,,3,False,0,0.0,False,False,False,False,False,
UgzWMNpYSn1cS3KsEjx4AaABAg,да слусне Путин дека ние тука во Мк тресеме глупости Русија дека се замара со нас има за 2 саат да не рамне цела дрзава нема да постоиме😂,negative,negative,neutral,negative,0.8,negative,0.95,5,negative,2,False,4,0.8,True,True,False,True,True,BERTweet
UgyfI1hA596pZAcyEdl4AaABAg,Само лошо имаме од Русија ништо добро,negative,negative,neutral,negative,0.8,negative,0.95,5,negative,2,False,4,0.8,True,True,False,True,True,BERTweet
UgzmK7CeRCEe_WWnKC94AaABAg,Не го рацунат ни За зива дрзава,negative,negative,neutral,negative,0.8,negative,0.95,5,negative,2,False,4,0.8,True,True,False,True,True,BERTweet
UgzmK7CeRCEe_WWnKC94AaABAg.A1-S1OnE5oaA10JuZDq4PZ,У право си,neutral,positive,neutral,positive,0.85,positive,0.95,5,positive,2,False,3,0.6,False,True,False,True,True,"CardiffNLP, BERTweet"
UgxJPtrfmVStBdUvOOR4AaABAg,"Постојано и постојано ""делбата, поделбата, распарчувањето бла, бла, бла.... на Македонија!!!!"" Што се делеше, парчеше??? Државата Македонија или Територијата Македонија? Државата не била, Територијата, Да! Е сега, што имаш ти со таа Територија (за оние што сакаат да знаат, а малку се, таа територија идела горе до под денешен Прилеп. Од Прилеп до Табановце, И тој дел никогаш не влегува во Историска Територија Македонија. На таа територија оние кои се изјаснувале Македонци, биле околу 5%,секако треба да се земат Србите, Бугарите, меѓу кои имало Македонци кои се чувствувале, но од многу причини се плашеле. Ако ги прашате Бугарија и Србија, ке ви кажат, тоа беа чисти автохтони Срби т.е Бугари. Овде се изгради, и се гради, и ке се гради мит за етничка, географска Македонија, томови и тонови литература, мегатонови Историја, фолклор, Наука..... врз измислена основа. Оттука се и проблемите. Не ја бива таа работа.",negative,negative,neutral,negative,0.6,negative,0.94,5,negative,2,False,4,0.8,True,True,False,True,True,BERTweet
UgxJPtrfmVStBdUvOOR4AaABAg.A0lkhajyaGwA0qPybSeI-W,😂😂😂😂,neutral,positive,neutral,positive,0.98,negative,1.0,5,,3,False,0,0.0,False,False,False,False,False,
UgxJPtrfmVStBdUvOOR4AaABAg.A0lkhajyaGwA20tjbG0Xla,Татар мрш во Татарстан ете таму имате држава!,neutral,positive,neutral,positive,0.85,negative,0.95,5,,3,False,0,0.0,False,False,False,False,False,
UgxJPtrfmVStBdUvOOR4AaABAg.A0lkhajyaGwA217TilfXmd,"<УСЕР>-л1и Циго, седи мадро а.",neutral,negative,neutral,negative,0.7,negative,0.94,5,negative,2,False,3,0.6,False,True,False,True,True,"CardiffNLP, BERTweet"
UgxJPtrfmVStBdUvOOR4AaABAg.A0lkhajyaGwA2Lsb4ZrWyi,Пуси го.бе супак @ЈанеСандански-л1и,neutral,negative,neutral,negative,0.7,negative,0.95,5,negative,2,False,3,0.6,False,True,False,True,True,"CardiffNLP, BERTweet"
UgxJPtrfmVStBdUvOOR4AaABAg.A0lkhajyaGwA3HJVOj4jtY,Будала!!!!,positive,negative,neutral,negative,0.85,negative,1.0,5,negative,3,False,3,0.6,False,True,False,True,True,"CardiffNLP, BERTweet"
UgxJPtrfmVStBdUvOOR4AaABAg.A0lkhajyaGwA3HKcV1tBUC,<УСЕР>-л1и пуси го македонец скапан,negative,negative,neutral,negative,0.7,negative,0.95,5,negative,2,False,4,0.8,True,True,False,True,True,BERTweet
UgxJPtrfmVStBdUvOOR4AaABAg.A0lkhajyaGwA3HKeQcV0F-,<УСЕР> пред 45 немасе дрзава македонија,neutral,negative,neutral,negative,0.8,negative,0.95,5,negative,2,False,3,0.6,False,True,False,True,True,"CardiffNLP, BERTweet"
UgxJPtrfmVStBdUvOOR4AaABAg.A0lkhajyaGwA3HR9Wmig1S,"<УСЕР> Нејебица је гадна ствар, ено Луције 10 година није такнута, пола уре триба мислит, и то иза поночи, скоро усвиту.",negative,negative,neutral,negative,0.8,negative,0.94,5,negative,2,False,4,0.8,True,True,False,True,True,BERTweet
UgxJPtrfmVStBdUvOOR4AaABAg.A0lkhajyaGwA3J_q3dGx4J,<УСЕР>-л1и И ти пред 45 бесе бугарин,neutral,negative,neutral,negative,0.85,negative,0.95,5,negative,2,False,3,0.6,False,True,False,True,True,"CardiffNLP, BERTweet"
UgxJPtrfmVStBdUvOOR4AaABAg.A0lkhajyaGwA3UW80-cUk3,@ФилипВасилевскиако немало држава не значи дека немало македонски народ. Затоа во 1944 ви ја изнарбавмр мамуцата татарофилска на вас одродените! Ајде мрш!,negative,negative,neutral,negative,0.8,negative,0.95,5,negative,2,False,4,0.8,True,True,False,True,True,BERTweet
UgxJPtrfmVStBdUvOOR4AaABAg.A0lkhajyaGwA4Lq2vPaCMx,<УСЕР> па сто ако немало дрзава. И курдите и палестинците немаат дрзава. Каква врска има тоа коњу аспарухов,negative,negative,neutral,negative,0.75,negative,0.94,5,negative,2,False,4,0.8,True,True,False,True,True,BERTweet
UgzRGE2vjqUPQZ5QaPF4AaABAg,🇲🇰🇲🇰🇲🇰🇲🇰👍,positive,positive,neutral,positive,0.98,positive,0.95,5,positive,2,False,4,0.8,True,True,False,True,True,BERTweet
UgyI6aJ7r4nfDQQGO-l4AaABAg,Смешни🤣😂🤣како бл'гари. Поздрав на Пиринмакедонците.,positive,positive,neutral,positive,0.85,negative,0.95,5,positive,3,False,3,0.6,True,True,False,True,False,"BERTweet, Llama"
UgyewdE1eQAB6oxcW3x4AaABAg,ксакса,neutral,neutral,neutral,neutral,0.74,neutral,1.0,5,neutral,1,True,5,1.0,True,True,True,True,True,
UgzEkcJ_cHhwsrzQLoZ4AaABAg,Ми Бугари смо заправо Срби.Зар би ја као Бугар говорио српски да нисмо Срби?,negative,negative,neutral,negative,0.8,negative,0.95,5,negative,2,False,4,0.8,True,True,False,True,True,BERTweet
UgzEkcJ_cHhwsrzQLoZ4AaABAg.9UtW0uEGKme9ut0iULhME7,Срби НАРОД. Македонци НАРОД. блгари - јунк.,neutral,negative,neutral,negative,0.8,negative,1.0,5,negative,2,False,3,0.6,False,True,False,True,True,"CardiffNLP, BERTweet"
UgxMKf65kAYINY48eCZ4AaABAg,Вето !!!!,neutral,negative,neutral,negative,0.8,negative,1.0,5,negative,2,False,3,0.6,False,True,False,True,True,"CardiffNLP, BERTweet"
UgxMKf65kAYINY48eCZ4AaABAg.9UsPddFRY9P9Usf_vbHrT_,"Имаш мозачен вето. Дори в Балгарстан🇧🇬🇲🇳🧑🏿‍🦲 знаем, че в Македонија живејат Македонци, а у нас в Балгарстан – монголски татари. *ФАКТ*",neutral,negative,neutral,negative,0.8,negative,0.95,5,negative,2,False,3,0.6,False,True,False,True,True,"CardiffNLP, BERTweet"
UgxMKf65kAYINY48eCZ4AaABAg.9UsPddFRY9P9ut17p1Bu2-,сдс програма 2020 никаде нема бугари во УСТАВ. и бугари и сдс ј вц.,negative,negative,neutral,negative,0.8,negative,0.95,5,negative,2,False,4,0.8,True,True,False,True,True,BERTweet
Ugz03SYUrQQxV8meeYF4AaABAg,"В Балгарија,никој не говори за РСМ.Споменаваме ја само по Задушниците!",neutral,negative,neutral,negative,0.8,negative,0.95,5,negative,2,False,3,0.6,False,True,False,True,True,"CardiffNLP, BERTweet"
Ugz03SYUrQQxV8meeYF4AaABAg.9UrbGicKYZk9UsfmsKZAmG,В Балгарстан 🇧🇬🇲🇳имаме 10% цигани🧔🏿 10% турци 👳🏿‍♂️и 80% монголски татари🧑🏿‍🦲👩🏿‍🦱🇧🇬🇲🇳. *нај-точната* *статистика* 📊📈,neutral,negative,neutral,negative,0.8,negative,0.95,5,negative,2,False,3,0.6,False,True,False,True,True,"CardiffNLP, BERTweet"
Ugz03SYUrQQxV8meeYF4AaABAg.9UrbGicKYZk9UtkutKsNeX,"<УСЕР>-ј0кЗатоа ќе останете во југословенското блато, очигледно ви се допаѓа таму, испрани мозоци. Од таму ќе шутете како жаби, такви будали.",negative,negative,neutral,negative,0.8,negative,0.95,5,negative,2,False,4,0.8,True,True,False,True,True,BERTweet
Ugz03SYUrQQxV8meeYF4AaABAg.9UrbGicKYZk9ut0wHOJmrh,@.........1438 лај ...................... ј бг кењеф.,neutral,negative,neutral,neutral,0.75,negative,0.94,5,neutral,2,False,3,0.6,True,False,True,True,False,"NLPTown, Llama"
UgyR1ToqoYApuWTxugF4AaABAg,ЕУ ако ја примат Албаниа тогаш сите наши албанци ке ни побегнат во Европска Албаниа баш тогаш ке бидеме за никаде.,negative,negative,neutral,negative,0.8,negative,0.94,5,negative,2,False,4,0.8,True,True,False,True,True,BERTweet
Ugym3uNVxNKsFljbZ-h4AaABAg,Коле договора е един от критериите които не изпалнјаваш 😀,neutral,positive,neutral,negative,0.85,negative,0.95,5,,3,False,0,0.0,False,False,False,False,False,
UgzVHvGQXwHoaSJNrBZ4AaABAg,Северна С това мислене ке биде Дел от ЕУ 2098,neutral,neutral,neutral,negative,0.8,neutral,0.85,5,neutral,2,False,4,0.8,True,True,True,False,True,Gemma
UgzVHvGQXwHoaSJNrBZ4AaABAg.9NER_qM9Ey69wc2xFWiXed,2018 на РЕФЕРЕНДУМ ГРАЃАНИ од МАКЕДОНИЈА рекоа не ЕУ. сдс програма 2020 нема бугари во УСТАВ. и бугари и сдс ј вц.,neutral,negative,neutral,negative,0.8,negative,0.95,5,negative,2,False,3,0.6,False,True,False,True,True,"CardiffNLP, BERTweet"
UgzTUuccob94E3EHGvt4AaABAg,БРАВО ЗА ПОПОВСКИ И КАЛАЈДГИЕВ!! ЈАКИ СЕ И ДВАЈЦАТА !,positive,positive,neutral,positive,0.85,positive,0.95,5,positive,2,False,4,0.8,True,True,False,True,True,BERTweet
UgyNhlZeWuNSxkRV3mx4AaABAg,За Прв Пат Гледам Паметни Луге Во Васата Емисија Ови Луге /Ваков Капацитет И Треба На Македонија/,neutral,positive,neutral,positive,0.85,positive,0.95,5,positive,2,False,3,0.6,False,True,False,True,True,"CardiffNLP, BERTweet"
UgyQEDMRSc0QuxNxeC14AaABAg,"Во врска со последната тема - даноците, проф. Калајџиев е сосема во право за тоа дека цреповите од финансии целосно ја утнаа темата со прогресивните даноци. Наместо да ги таргетираат вкупните приходи, тие сакаат да ги даночат само приходите од плата. И така, наместо божемни праведни даноци, ќе воведат уште една неправда: луѓе кои заработуваат многу (од капитални добивки, дивиденди, рента, индустриски права и сл.) да плаќаат по помали даночни стапки од оние што живеат од плата! Очигледно и граѓаните го разбрале популистичкиот манир на оваа мерка, па во анкетата ја отфрлаат.",neutral,negative,neutral,negative,0.5,negative,0.95,5,negative,2,False,3,0.6,False,True,False,True,True,"CardiffNLP, BERTweet"
UgwvS5ykhR2XflfOXx94AaABAg,"Аман од вакви ,,академици,, не било важно Бугарија што мисли, а Бугарија бара потпишаните протоколи да се реализираат.",negative,negative,neutral,negative,0.75,negative,0.94,5,negative,2,False,4,0.8,True,True,False,True,True,BERTweet
UgwvS5ykhR2XflfOXx94AaABAg.AHSZjA8kechAHWi3TinUHg,Нема,neutral,negative,neutral,neutral,0.8,negative,1.0,5,neutral,2,False,3,0.6,True,False,True,True,False,"NLPTown, Llama"
UgySUeD8sYNxyzXffPF4AaABAg,која стока се овие ретарди,negative,negative,neutral,negative,0.8,negative,0.95,5,negative,2,False,4,0.8,True,True,False,True,True,BERTweet
Ugy7Hd4g2iEZDx4BE194AaABAg,На ВМРО и се случува примитивизам! Халлелујах!,negative,negative,neutral,negative,0.8,negative,0.95,5,negative,2,False,4,0.8,True,True,False,True,True,BERTweet
Ugy7Hd4g2iEZDx4BE194AaABAg.9cweZqqdQu89xtGOKmrLC0,сдс -- кривиц'но дело. сдс програма 2016 нема менување ИМЕ на МАКЕДОНИЈА. сдс ј бајбук.,negative,negative,neutral,negative,0.75,negative,0.95,5,negative,2,False,4,0.8,True,True,False,True,True,BERTweet
UgycoBD9kIV7qiJSBMZ4AaABAg,Засто Албаниа не се отказува од албанските зителите во Македониа.,negative,negative,neutral,negative,0.75,negative,0.95,5,negative,2,False,4,0.8,True,True,False,True,True,BERTweet
UgwNMCv4AmXOI32Awhd4AaABAg,оди да моцас ти и НАТО,negative,positive,neutral,negative,0.8,negative,1.0,5,negative,3,False,3,0.6,True,False,False,True,True,"NLPTown, BERTweet"
Ugw2OZmPfTO16vxo3kB4AaABAg,Да се приклуциме на брод сто тоне...многу паметно,neutral,positive,neutral,negative,0.7,positive,0.95,5,,3,False,0,0.0,False,False,False,False,False,
UgxjQvn7dqB1MgZIz6h4AaABAg,До Грчката влада отворите ја вратата за македонците од Егрј да дојдат дома во Македониа..да нема протести ви Австралиа и тн...,negative,negative,neutral,positive,0.85,negative,0.95,5,negative,3,False,3,0.6,True,True,False,False,True,"BERTweet, Gemma"
Ugy3dXCfn7ufb1PhPQ14AaABAg,Смрт за ЕУ и НАТО!!!,negative,negative,neutral,negative,0.8,negative,1.0,5,negative,2,False,4,0.8,True,True,False,True,True,BERTweet
UgxO7prmSQEZIolqNuJ4AaABAg,Да така е,neutral,neutral,neutral,positive,0.85,positive,0.95,5,neutral,2,False,3,0.6,True,True,True,False,False,"Gemma, Llama"
Ugz57Q_dERgDtPNRr_p4AaABAg,Гордеем се с нашата родина Монголија. Ние сме горди монголи! 🇧🇬🇲🇳👌🏿👷🏿‍♀️,positive,positive,neutral,positive,0.95,positive,0.95,5,positive,2,False,4,0.8,True,True,False,True,True,BERTweet
Ugz57Q_dERgDtPNRr_p4AaABAg.9b8R5Ikz1ih9b8SKJrPQqe,"Ма сите бре даул во северниот дел на СЕВЕРДЈАН МОНКЕДОДОНИА СТЕ ТАТАРИ.????КУМАНОВО, ТАТАР ЕЛЕВЦИ ,НОГАИЦИ, ТАТАРЦИ,..............ВО СЕВЕРНИАТ ДЕЛ НА КЛЕТАТА СЕВЕРНА ММОНКЕДОДОНИА(после преспа сте СЕВЕРДЈАН МОНКЕДОДОНЦИ) ВО СТЕДНИОТ ВЕК СЕ НАСТАНИЛИ ТАТАРИ КОИ СЛЕД КАТО РАЗОРИЛИ МАДЈАРСКО И ХРАВАЦКО СЕ ВРАТИЛИ НАЗАД АМА БАБИТЕ ВИ У Р У СПИИ ИЗЛЕЗЛИ И ТЕ СЕ СПРЕЛИ ТАМО.",negative,negative,neutral,negative,0.8,negative,0.95,5,negative,2,False,4,0.8,True,True,False,True,True,BERTweet
UgxNsXZ2yl_E7N0TIIZ4AaABAg,"Париз, 1913... „Еден Македонец Ѓорѓи Делчев велеше... Движењето е македонско, а не бугарско. [Македонците] ја истакнуваа својата улога - како слободниот дух на Македонецот да можеше да го стори тоа без туѓи влијанија.” Георгес Гаулис, „Ла Руине Д’Ун Емпире”, 1913",neutral,negative,neutral,neutral,0.7,positive,0.95,5,neutral,3,False,3,0.6,True,False,True,True,False,"NLPTown, Llama"
Ugy9rd7-UzTbcLxh4sF4AaABAg,Никој неќе во еу имавме референдум 🤣,neutral,negative,neutral,negative,0.8,negative,0.95,5,negative,2,False,3,0.6,False,True,False,True,True,"CardiffNLP, BERTweet"
Ugy9rd7-UzTbcLxh4sF4AaABAg.9b8ZLTIET-j9uoClzJ9SDF,2018 на РЕФЕРЕНДУМ ГРАЃАНИ од МАКЕДОНИЈА рекоа не ЕУ. сдс програма 2020 нема бугари во УСТАВ. и бугари и сдс ј вц.,neutral,negative,neutral,negative,0.8,negative,0.95,5,negative,2,False,3,0.6,False,True,False,True,True,"CardiffNLP, BERTweet"
UgyyWxcmv3ZuOnpx-CV4AaABAg,"Както доказаха британските учени, нјама такав народ като балгарите, има само монголо-татари🇲🇳🇧🇬",neutral,negative,neutral,negative,0.8,negative,0.95,5,negative,2,False,3,0.6,False,True,False,True,True,"CardiffNLP, BERTweet"
UgwGdOeYthjSJOMu5i94AaABAg,Нашата историја е историјата на Монголија и Татарија. Трјабва да се гордеем с истинските си предци. 🇧🇬🇲🇳🤟🏿,positive,positive,neutral,positive,0.85,positive,0.95,5,positive,2,False,4,0.8,True,True,False,True,True,BERTweet
UgwGdOeYthjSJOMu5i94AaABAg.9b8TDs4O84J9uoAfwz2euj,<УСЕР> јааади црви. .................... ј Монголиа.,negative,negative,neutral,negative,0.85,negative,0.95,5,negative,2,False,4,0.8,True,True,False,True,True,BERTweet
UgxK-qsN1HnDWl9Djwd4AaABAg,Да се потсетиме на последното интервју на внуката на Гоце Делчев. Слушнете како неговата внука јавно и гласно порачува дека Гоце Делчев е Македонец кој се бори за Македонија!,positive,positive,neutral,positive,0.85,positive,0.95,5,positive,2,False,4,0.8,True,True,False,True,True,BERTweet
UgxK-qsN1HnDWl9Djwd4AaABAg.9b8UX55_CMg9bF2oVpU-VF,"преките наследници на Георги Николов Делчев са вав Софија, а таја баба му е некаква далечна роднина!Ајде бегај да пасеш овце, штото немаш акал за друго!",negative,positive,neutral,negative,0.8,negative,0.95,5,negative,3,False,3,0.6,True,False,False,True,True,"NLPTown, BERTweet"
Ugw9C-S-6KOJO89aSsZ4AaABAg,Монголските татари се бијат в агонија. 🤣🤣🤣🤣,negative,negative,neutral,negative,0.8,negative,1.0,5,negative,2,False,4,0.8,True,True,False,True,True,BERTweet
UgyZJU1FJJePRTJOTH14AaABAg,една даржава — една вјара 🇧🇬🇲🇳🕌,neutral,positive,neutral,negative,0.8,positive,0.95,5,,3,False,0,0.0,False,False,False,False,False,
UgyZJU1FJJePRTJOTH14AaABAg.9b8R3SD8p8p9uoB6d-r4jJ,МАКЕДОНСКИ НАРОД ПОСТОИ 25 ВЕКА. од ФИЛИП КРАЛ НА МАКЕДОНИЈА. татари - германци 'направиа' Блгариа пред 140 години.,neutral,negative,neutral,negative,0.75,negative,0.95,5,negative,2,False,3,0.6,False,True,False,True,True,"CardiffNLP, BERTweet"
UgyDndAlG9Ej-LKf6xF4AaABAg,Ако трагнеме кам Северна Македонија ште се насерете но иначе сте клавиатурни нинджи 🤣,negative,negative,neutral,negative,0.7,negative,0.95,5,negative,2,False,4,0.8,True,True,False,True,True,BERTweet
UgyDndAlG9Ej-LKf6xF4AaABAg.9b911NrHA0G9b9k-aj0JU7,Со среќа преку планините. Ние не сме рамница како Украина.,neutral,positive,neutral,negative,0.7,negative,0.95,5,,3,False,0,0.0,False,False,False,False,False,
UgyDndAlG9Ej-LKf6xF4AaABAg.9b911NrHA0G9bB1Fs6RfLW,<УСЕР> А мога питај жена ти тја крастав го давче 🤣,neutral,positive,neutral,negative,0.8,negative,0.95,5,,3,False,0,0.0,False,False,False,False,False,
UgyDndAlG9Ej-LKf6xF4AaABAg.9b911NrHA0G9bdJVEYN0-0,<УСЕР> усернаме 🤣 Ами да ви пратиме да си имате можем и повече да ви пратим шиптари глупави .,negative,negative,neutral,negative,0.8,negative,0.95,5,negative,2,False,4,0.8,True,True,False,True,True,BERTweet
UgyDndAlG9Ej-LKf6xF4AaABAg.9b911NrHA0G9uoCF7_vBMm,"<УСЕР> ти еден, зуј и во планина и во ливада.",neutral,negative,neutral,negative,0.8,negative,0.95,5,negative,2,False,3,0.6,False,True,False,True,True,"CardiffNLP, BERTweet"
UgyDndAlG9Ej-LKf6xF4AaABAg.9b911NrHA0G9uoCbkn1pJc,<УСЕР> Уа боту! УА!,neutral,negative,neutral,negative,0.8,negative,0.9,5,negative,2,False,3,0.6,False,True,False,True,True,"CardiffNLP, BERTweet"
Ugz9s3HHYV96ATrrojR4AaABAg,Точно е нема Македонци постоиат само Бугари!,neutral,negative,neutral,negative,0.8,negative,1.0,5,negative,2,False,3,0.6,False,True,False,True,True,"CardiffNLP, BERTweet"
Ugz9s3HHYV96ATrrojR4AaABAg.9b8THBRE1vf9b8XLBfzw2W,Бугар нема ни во устав на бугарија,negative,negative,neutral,negative,0.8,negative,0.95,5,negative,2,False,4,0.8,True,True,False,True,True,BERTweet
Ugz9s3HHYV96ATrrojR4AaABAg.9b8THBRE1vf9b8aEmgnKDG,Ако не си турцин молим те писи на татарски или монголски,neutral,negative,neutral,negative,0.8,negative,0.95,5,negative,2,False,3,0.6,False,True,False,True,True,"CardiffNLP, BERTweet"
Ugz9s3HHYV96ATrrojR4AaABAg.9b8THBRE1vf9b9IxLgi9wW,<УСЕР> усернаме колко одавна е Август 1903та ? оти УСА нема проблем с това че има само 200 години историја ? а РСМ требе спешно да фабрикува 1000,negative,negative,neutral,negative,0.8,negative,0.94,5,negative,2,False,4,0.8,True,True,False,True,True,BERTweet
Ugz9s3HHYV96ATrrojR4AaABAg.9b8THBRE1vf9bAMeZMBA-2,"<УСЕР> усернаме Балгарија е нај-старото име на дражава во Европа, от 681ва година. НЕМА ДРУГА",neutral,negative,neutral,neutral,0.7,positive,0.95,5,neutral,3,False,3,0.6,True,False,True,True,False,"NLPTown, Llama"
Ugz9s3HHYV96ATrrojR4AaABAg.9b8THBRE1vf9bAQkvAjUrZ,<УСЕР> усернаме е как не постои ? като цела Европа знае дека е нај-старото има на даржава Балгарија ? веројатно само в твоја миен мозак ?,negative,negative,neutral,negative,0.75,negative,0.94,5,negative,2,False,4,0.8,True,True,False,True,True,BERTweet
Ugz9s3HHYV96ATrrojR4AaABAg.9b8THBRE1vf9bAmaiYJKOO,"За жалост е така ви е сте македонци со Срабско самосазнание што е чудно тука ,мрази те бугарите,бришете,споменици,бришеги си историјата!",negative,positive,neutral,negative,0.85,negative,0.95,5,negative,3,False,3,0.6,True,False,False,True,True,"NLPTown, BERTweet"
Ugz9s3HHYV96ATrrojR4AaABAg.9b8THBRE1vf9bB9LsO-Vuy,"<УСЕР> ако не си Балгарин, почвај да пишеш на Албански",neutral,negative,neutral,negative,0.8,negative,0.95,5,negative,2,False,3,0.6,False,True,False,True,True,"CardiffNLP, BERTweet"
Ugz9s3HHYV96ATrrojR4AaABAg.9b8THBRE1vf9uoBbQWQRNY,<УСЕР> - сдс глупак. и будали и глупаци ј ХЕЛЛ.,negative,negative,neutral,negative,0.8,negative,1.0,5,negative,2,False,4,0.8,True,True,False,True,True,BERTweet
UgyWkxLv3jcVGBcVGnR4AaABAg,"Секој може да се дефинира како сака, па дури и како вонземјанин и, соодветно, да го идентификуваат својот јазик на ист начин. Сепак, правото на самоопределување им припаѓа на живите. Никој не им дава за право да го менуваат декларираниот идентитет на мртвите, кои дванаесет века се дефинираат како балгари. Битолската плоча на цар Јован Владислав од 1015 година, изложена во музејот во Битола, во која внукот на Самуил се нарекува „бугарски автократ“ и „бугарски роден“, кој ја обновил битолската тврдина“ за прибежиште и спасение и за животот на Бугарите“. Друг неоспорен факт е писмо од Гоце Делчев до Никола Малешевски (05.01.1899), напишано на литературен бугарски јазик: „Жално е, но што да правиме кога си сме балгари и сите страдаме од една иста болест“. Или постојното барање на Никола Делчев, татко на Гоце Делчев, до Националното собрание на Балгарија (24.06.1914) за доделување пензија!",neutral,negative,neutral,negative,0.8,negative,0.94,5,negative,2,False,3,0.6,False,True,False,True,True,"CardiffNLP, BERTweet"
UgyWkxLv3jcVGBcVGnR4AaABAg.9bPhHSGQPhY9uoBMb13eWr,<УСЕР>........6о д -- и -- б -- е -- к.,neutral,neutral,neutral,negative,0.8,negative,0.94,5,neutral,2,False,3,0.6,True,True,True,False,False,"Gemma, Llama"
UgzZ9CYtkC2KwgsAM2V4AaABAg,ВЕТО додека не се освестите от миен мозак,neutral,negative,neutral,negative,0.8,negative,0.95,5,negative,2,False,3,0.6,False,True,False,True,True,"CardiffNLP, BERTweet"
UgzZ9CYtkC2KwgsAM2V4AaABAg.9b8TmFBJ6r49b8aKV1pTdO,Блгарите се татаромонголи еден народ,negative,negative,neutral,negative,0.8,negative,0.95,5,negative,2,False,4,0.8,True,True,False,True,True,BERTweet
UgzZ9CYtkC2KwgsAM2V4AaABAg.9b8TmFBJ6r49b8gCFyPQ5p,"<УСЕР> ако не си Балгарин, молим те пиши на Албански или на Грачки",neutral,negative,neutral,negative,0.8,negative,0.95,5,negative,2,False,3,0.6,False,True,False,True,True,"CardiffNLP, BERTweet"
UgzZ9CYtkC2KwgsAM2V4AaABAg.9b8TmFBJ6r49b8mrkopOrD,"<УСЕР> Ако не си турчин, молим те пиши на монголски или татарски.",neutral,negative,neutral,negative,0.8,negative,0.9,5,negative,2,False,3,0.6,False,True,False,True,True,"CardiffNLP, BERTweet"
UgzZ9CYtkC2KwgsAM2V4AaABAg.9b8TmFBJ6r49uoBmI1QBs7,<УСЕР> ......... јади и з'уто и зелено. ј сдс кењеф.,neutral,negative,neutral,neutral,0.78,negative,0.95,5,neutral,2,False,3,0.6,True,False,True,True,False,"NLPTown, Llama"
Ugx1wMRkx8Zd-a7ZZgp4AaABAg,Француското прецедателство со Мацронцетонека одат во неееееповрат,neutral,negative,neutral,negative,0.8,negative,0.94,5,negative,2,False,3,0.6,False,True,False,True,True,"CardiffNLP, BERTweet"
UgxWCLGrTBGPRnFaGbR4AaABAg,Зосто ви е Еј 😈.,negative,negative,neutral,negative,0.8,negative,0.95,5,negative,2,False,4,0.8,True,True,False,True,True,BERTweet
Ugwj0KpuKe2jrGJAuTN4AaABAg,Откажување од еу веднаш!!!,negative,negative,neutral,negative,0.8,negative,0.95,5,negative,2,False,4,0.8,True,True,False,True,True,BERTweet
Ugwj0KpuKe2jrGJAuTN4AaABAg.9chKjXsYn8f9chPzSpuN8G,*СЛОБОДА И НЕЗАВИСНОСТ*,negative,positive,neutral,positive,0.95,positive,0.95,5,positive,3,False,3,0.6,False,True,False,True,True,"CardiffNLP, BERTweet"
Ugwj0KpuKe2jrGJAuTN4AaABAg.9chKjXsYn8f9cheG5u1vAi,<УСЕР> Сите за слободна србска бановина.,neutral,positive,neutral,negative,0.8,positive,0.95,5,,3,False,0,0.0,False,False,False,False,False,
Ugwj0KpuKe2jrGJAuTN4AaABAg.9chKjXsYn8f9chjoq_0-qp,Ке ги приемете условите и оро ке играете,neutral,positive,neutral,neutral,0.7,negative,0.95,5,neutral,3,False,3,0.6,True,False,True,True,False,"NLPTown, Llama"
Ugwj0KpuKe2jrGJAuTN4AaABAg.9chKjXsYn8f9chkLUM9Vic,<УСЕР> никој не ги прифати ни најлевите 🤣🤣🤣,neutral,negative,neutral,negative,0.8,negative,1.0,5,negative,2,False,3,0.6,False,True,False,True,True,"CardiffNLP, BERTweet"
Ugwj0KpuKe2jrGJAuTN4AaABAg.9chKjXsYn8f9chm5JyqMvN,"<УСЕР> има време, никој не брза ;)",neutral,positive,neutral,neutral,0.74,neutral,0.85,5,neutral,2,False,4,0.8,True,False,True,True,True,NLPTown
Ugwj0KpuKe2jrGJAuTN4AaABAg.9chKjXsYn8f9chmY3z76Tn,<УСЕР> чекајте си 🤣,neutral,neutral,neutral,negative,0.8,positive,0.95,5,neutral,3,False,3,0.6,True,True,True,False,False,"Gemma, Llama"
Ugwj0KpuKe2jrGJAuTN4AaABAg.9chKjXsYn8f9cjGvo1nlt9,<УСЕР> И вие цекај те си.,neutral,neutral,neutral,negative,0.8,negative,0.95,5,neutral,2,False,3,0.6,True,True,True,False,False,"Gemma, Llama"
Ugwj0KpuKe2jrGJAuTN4AaABAg.9chKjXsYn8f9cjHNT_tAYk,<УСЕР> ние неќеме еу членство ако не примети од Македонскиот референдум,negative,negative,neutral,negative,0.7,negative,0.95,5,negative,2,False,4,0.8,True,True,False,True,True,BERTweet
Ugwj0KpuKe2jrGJAuTN4AaABAg.9chKjXsYn8f9cjIYmCfIeU,Вратете ги парите и крсете глава!,negative,negative,neutral,negative,0.8,negative,1.0,5,negative,2,False,4,0.8,True,True,False,True,True,BERTweet
Ugwj0KpuKe2jrGJAuTN4AaABAg.9chKjXsYn8f9cjJVS9Wxv5,<УСЕР> извини наместо на бугаринот тебе ти пустив така е Подобро да несве во Еу И ТИЕ Пропагаат Македонија цека . 17 Години И нисто А Украина цела Е изрусија И ја зедоја заедно со Молдова. Путин ке продолзи да мава ке дојдеме на крај велат 3миљарди .луге ке гладуваат со Војната.,negative,negative,neutral,negative,0.8,negative,0.94,5,negative,2,False,4,0.8,True,True,False,True,True,BERTweet
Ugwj0KpuKe2jrGJAuTN4AaABAg.9chKjXsYn8f9cje6-6-2Ok,<УСЕР> вие не сакате ама Ковачо и Мицко сакат 💰.,neutral,negative,neutral,negative,0.8,negative,0.95,5,negative,2,False,3,0.6,False,True,False,True,True,"CardiffNLP, BERTweet"
Ugwj0KpuKe2jrGJAuTN4AaABAg.9chKjXsYn8f9ckZ1BVl2Dn,<УСЕР> ќе станете циганска држава,neutral,negative,neutral,negative,0.8,negative,0.95,5,negative,2,False,3,0.6,False,True,False,True,True,"CardiffNLP, BERTweet"
Ugwj0KpuKe2jrGJAuTN4AaABAg.9chKjXsYn8f9wbgc80FPAH,<УСЕР>........................ јади з'уто. ј сдс вц.,negative,negative,neutral,negative,0.8,negative,0.95,5,negative,2,False,4,0.8,True,True,False,True,True,BERTweet
Ugxto6KFuyLdQUwP-9l4AaABAg,Честитам Макрон зборува денес на отдвоуване на Албанија и РСМ.,neutral,positive,neutral,positive,0.85,negative,0.94,5,,3,False,0,0.0,False,False,False,False,False,
UgwyOrAMQALqIaewBXl4AaABAg,"Ворлд Вар ИИ ин Југослав Мацедониа Само 81 убити македонски партизани за периода 1941-1944 г. Финал оператионс фор тхе либератион оф Мацедониа Ундер тхе леадершип оф тхе нев Булгариан про-Совиет говернмент, фоур Булгариан армиес, 455,000 стронг ин тотал, вере мобилизед анд реорганизед. Бј тхе енд оф Септембер, тхе Ред Армј 3рд Украиниан Фронт троопс вере цонцентратед ат тхе Булгариан-Југослав бордер. Ин тхе еарлј Оцтобер 1944 тхрее Булгариан армиес, цонсистинг оф ароунд 340,000-ман,[55] тогетхер витх тхе Ред Армј реентеред оццупиед Југославиа анд мовед фром Софиа то Ниш, Скопје анд Пристина то блоцкинг тхе Герман форцес витхдравинг фром Грееце.[56][57] Ин Мацедониа тхе Булгарианс оператед ин цоњунцтион витх тхе фигхтерс оф тхе МНЛА, бут тхис цооператион дид нот процеед витхоут диффицултиес.[58] Фром 8 Оцтобер то 19 Новембер, тхе Страцин – Куманово оператион вас хелд анд Кратово, Крива Паланка, Куманово анд Скопје[59] вере такен. Ат тхе саме тиме тхе Брегалница – Струмица оператион вас лед, анд тхе Вехрмачт вас дривен фром тхе виллагес оф Делчево, Кочани, Стип, Струмица анд Велес.[60] Соутхерн анд Еастерн Сербиа, Косово анд Вардар Мацедониа вере либератед бј тхе енд оф Новембер.[61][62] Тхе 3рд Украиниан Фронт ин цоллаборатион витх тхе Пеопле'с Либератион Армј оф Југославиа анд Булгариан Пеопле'с Армј царриед оут тхе Белграде Оффенсиве. Тхе 130,000-стронг Булгариан Фирст Армј цонтинуед то Хунгарј, дривинг офф тхе Германс, вхиле тхе рест мовед бацк то Булгариа. Он а сериес оф мапс фром Армј Гроуп Е, шовинг иц витхдравал тхроугх Мацедониа анд Соутхерн Сербиа, ас велл ас ин тхе мемоирс оф иц чиеф оф стафф, тхере ис алмост но индицатион оф Југослав Партисан униц, бут онлј Булгариан дивисионс. Деспите тхесе фацц, тхе цонтрибутион оф Булгариан троопс ис стилл муч дебатед ин тхе Републиц оф Мацедониа фор политицал реасонс.[63][64] <УРЛ> Вар анд револутион ин Југославиа, 1941–1945: оццупатион анд цоллаборатион, Јозо Томасевич, Станфорд Университј Пресс, 2001, ИСБН 0-8047-3615-4, пп. 751–752. <УРЛ> Зртве рата 1941-1945 <УРЛ> Македонија у Народноослободилачкој борби Укупно је у Вардарској Македонији од 1941. до новембра 1944. године погинуло око 24.000[1] људи, при чему: 7.000 Јевреја, 6.000 Срба, 6.000 Македонаца, 4.000 Албанаца и 1.000 Бугара.[2] Овде су укључени око 3.000 „колаборациониста“, „контрареволуционара“ и цивилних жртава. Јевреји су углавном страдали у концентрационим камповима а око 14.000 људи је страдало у борбама од чега 5.000 Македонаца. <УРЛ> Апостолски - во завршните операции од антифашистичката битка активно се вклучила и армијата на Отечествениот фронт на Бугарија, а во операцијата за ослободување на Скопје учествувала Втората отечествено-фронтовска бугарска армија <УРЛ> Светозар Вукманович - Темпо Мацедониа <УРЛ> <УРЛ> Новембер 13, 1944 (Мондај) Тхе Булгариан 1ст Армј цаптуред Скопје.[15] Тхе Јапанесе дестројерс Акебоно, Акишимо, Хацухару анд Кисо вере алл бомбед анд сунк бј У.С. Навј аирцрафт ин анд ароунд тхе Цавите Навал Јард ин Манила, вхиле дестројер Окинами вас сунк 8 наутицал милес вест оф тхе цитј. Јапанесе субмарине И-12 вас хедгехоггед анд сунк еаст оф Хаваии бј Америцан варшипс. Цивил аир сервице ретурнед то Лондон фор тхе фирст тиме синце Септембер 1939.[5] <УРЛ> Стоне & Стоне Боокс Вар Диарј Новембер 13, 1944 (Мондај) Руссиан Фронт Финниш форцес цаптуре Инари ин нортхерн Финланд Арцтиц Фронт, Јуне 1941 - Мај 1945 Герман форцес витхдрав фром Скопје ас Булгариан 1ст Армј адванцес Соутхерн фланк оф тхе Руссиан Фронт, 1944-1945 Булгариан 1ст Армј цаптурес Скопје Соутхерн фланк оф тхе Руссиан Фронт, 1944-1945 <УРЛ> Заев не зборувал на памет, лично Тито направил пакт со бугарската војска за ослободување на Македонија <УРЛ> Страцин-Куманово оператион <УРЛ> Ниш оператион <УРЛ> Косово Оператион (1944) <УРЛ> Тхе Белграде Оффенсиве ор тхе Белграде Стратегиц Оффенсиве Оператион (Сербиан: Београдска операција / Београдска операција; Руссиан: Белградскаја стратегическаја наступателнаја операција, Белградскаја стратегическаја наступател'наја операција) (15 Септембер 1944 – 24 Новембер 1944)[6] вас а милитарј оператион дуринг Ворлд Вар ИИ ин Југославиа ин вхич Белграде вас либератед фром тхе Герман Вехрмачт тхроугх тхе јоинт еффорц оф тхе Совиет Ред Армј, Југослав Партисанс, анд тхе Булгариан Армј.[7] <УРЛ> булгариан армј ворлд вар 2 <УРЛ> <УРЛ> Ин тхе ласт веек оф Оцтобер тхе Руссианс анд Булгарианс маде стронг бидс то таке Краљево анд Скопље. Хавинг тхе троопс то спаре анд тхе раилроад, Лоехр цоулд меет тхе чалленге, иф ин ботх плацес ноне тоо соон. Он 2 Новембер Армј Гроуп Е стоппед тхе Руссианс ат Краљево анд ин тхе некст северал дајс халтед тхе Булгарианс еаст оф Скопље. Тхе суццесс оф тхе витхдравал тхроугх Мацедониа вас тхен ассуред.31 Нортх оф Скопље тхе армј гроуп воулд хаве то веер вест онто поорер роадс, бут ит воулд бе спаред тхе алмост цертаин дисастер оф а винтер марч тхроугх тхе цоастал моунтаинс. Агаин Веичс' чиеф хандицап вас хис овн еарлиер индецисион; хе хад потентиал ресервес бут но проспецт оф брингинг тхем то беар ин тиме. Армј Гроуп Е'с витхдравал хад гоне витхоут а хитч тхроугх мид-Новембер. Тхен, он тхе 18тх, Булгариан Сецонд Армј хад опенед а стронг аттацк нортх оф Скопље. Агаин Веичс' чиеф хандицап вас хис овн еарлиер индецисион; хе хад потентиал ресервес бут но проспецт оф брингинг тхем то беар ин тиме. Армј Гроуп Е'с витхдравал хад гоне витхоут а хитч тхроугх мид-Новембер. Тхен, он тхе 18тх, Булгариан Сецонд Армј хад опенед а стронг аттацк нортх оф Скопље. Тхе некст дај Балкан Аир Форце бомберс хад дестројед тхе Дрина бридге ат Висеград, бацкинг уп труцк анд трооп цолумнс еигхтј фиве милес еаст то Краљево. Ин Албаниа стронг партисан униц хеммед КСКСИ Моунтаин Цорпс ин он алл сидес ас ит триед то јоин тхе ретреат. Армј Гроуп Е хад то пут бацк инто иц овн фронт соме оф тхе троопс ит хад интендед то релеасе, анд тхе рест вере сталлед ин централ Југославиа 200 милес анд море фром вхере тхеј цоулд до анј гоод. <УРЛ> Тито, Михаилович, анд тхе аллиес, 1941-1945 Бј Валтер Р. Роберц Тхе Мацедониан Партисанс вере нот верј нумероус ор ацтиве еитхер. Тхе мајоритј оф Мацедонианс аппарентлј дид нот цонсидер тхемселвес етхницаллј Сербс бут Булгарианс анд, вхетхер Цоммунист ор нот, вишед то бе унитед витх тхеир бротхерс ... <УРЛ>",neutral,negative,neutral,neutral,0.68,neutral,0.98,5,neutral,2,False,4,0.8,True,False,True,True,True,NLPTown
UgwyOrAMQALqIaewBXl4AaABAg.9coS2eALsTa9wbgSzzg3nt,блгари фас'исти. германи фас'исти. ЛУДАЦИ.,negative,negative,neutral,negative,0.8,negative,1.0,5,negative,2,False,4,0.8,True,True,False,True,True,BERTweet
UgyXkxI-aceiTvj2hZ14AaABAg,"Македонија е Балгарија, вие не сте Македонија вие сте СЕВЕРНА МАКЕДОНИЈА. 😂😂😂😂😂😂",neutral,negative,neutral,negative,0.8,negative,1.0,5,negative,2,False,3,0.6,False,True,False,True,True,"CardiffNLP, BERTweet"
UgyXkxI-aceiTvj2hZ14AaABAg.9chdzijiacf9cj-28WARaf,Со Фасисти немаме работа бугарите са мозат на Македонците Курот да мо го Јадат нека вие слатко јадењето,negative,negative,neutral,negative,0.8,negative,0.95,5,negative,2,False,4,0.8,True,True,False,True,True,BERTweet
UgyXkxI-aceiTvj2hZ14AaABAg.9chdzijiacf9cjGfBVGamX,Јади Говна 100кг.,neutral,neutral,neutral,negative,0.8,negative,1.0,5,neutral,2,False,3,0.6,True,True,True,False,False,"Gemma, Llama"
UgyXkxI-aceiTvj2hZ14AaABAg.9chdzijiacf9ckYvdu-f0n,"вие не сте бугари,..............вие сте азијати",negative,negative,neutral,negative,0.8,negative,1.0,5,negative,2,False,4,0.8,True,True,False,True,True,BERTweet
UgyXkxI-aceiTvj2hZ14AaABAg.9chdzijiacf9cn6Ae4R1xo,<УСЕР> а ти си наследник на балгари,neutral,positive,neutral,negative,0.7,negative,0.95,5,,3,False,0,0.0,False,False,False,False,False,
UgyXkxI-aceiTvj2hZ14AaABAg.9chdzijiacf9cqQ2ZYRTc9,Вратете се во татарското племе со крадење историја не се создава историа. Ако не е Сорос пак ке се продавате за дефки 😅🤣😆😂,negative,negative,neutral,negative,0.8,negative,0.95,5,negative,2,False,4,0.8,True,True,False,True,True,BERTweet
UgyXkxI-aceiTvj2hZ14AaABAg.9chdzijiacf9wbgknPAUHF,<УСЕР> ТАТЈАНА МАКЕДОНКА. вол @.,neutral,positive,neutral,negative,0.8,negative,0.95,5,,3,False,0,0.0,False,False,False,False,False,
UgwVshT5Q-mCSRnKHVR4AaABAg,да живее бановината,positive,positive,neutral,positive,0.85,negative,1.0,5,positive,3,False,3,0.6,True,True,False,True,False,"BERTweet, Llama"
UgwVshT5Q-mCSRnKHVR4AaABAg.9chjqlyZ0549wbh4x9Plt3,@...9307 гњури. ........ ј Дунав.,neutral,negative,neutral,negative,0.8,neutral,0.85,5,neutral,2,False,3,0.6,True,False,True,False,True,"NLPTown, Gemma"
Ugx4VvM02cCXFqdAb5N4AaABAg,"Балгарско то трудолјубіе рѣдко се намира ва другыт народы; то ны е облагородило; то е было, е, и ште бжде наше спасение. Автобиографија. От Гр. С. Парличева. (1830-1892).",neutral,negative,neutral,negative,0.8,neutral,1.0,5,neutral,2,False,3,0.6,True,False,True,False,True,"NLPTown, Gemma"
Ugx4VvM02cCXFqdAb5N4AaABAg.9enjMHFw9v-9x7G4ldZtla,ГРИГОР РОДЕН 1830 во Охрид -- МАКЕДОНИЈА. ГРИГОР ПРЛИЦ'ЕВ Е МАКЕДОНЕЦ.,neutral,negative,neutral,positive,0.95,positive,1.0,5,,3,False,0,0.0,False,False,False,False,False,
UgyiLIT3Bt1nidYGRxB4AaABAg,"... Не под ""диктат"" на ""бугарите"", а под ""диктат"" на ... ФАКТИТЕ ...👍 ...",neutral,negative,neutral,positive,0.85,positive,0.95,5,,3,False,0,0.0,False,False,False,False,False,
UgyiLIT3Bt1nidYGRxB4AaABAg.9enpyheQRZS9kKaQwr5gcD,Балгарија нај великата,positive,positive,neutral,positive,0.85,positive,0.95,5,positive,2,False,4,0.8,True,True,False,True,True,BERTweet
UgyiLIT3Bt1nidYGRxB4AaABAg.9enpyheQRZS9x7FFPzAR55,<УСЕР> ...................... велико. јади з'уто. ј бг вц.,positive,negative,neutral,negative,0.8,negative,0.95,5,negative,3,False,3,0.6,False,True,False,True,True,"CardiffNLP, BERTweet"
UgxjOzOh3xkmxS499lZ4AaABAg,"Секој може да се дефинира како сака, па дури и како вонземјанин и, соодветно, да го идентификуваат својот јазик на ист начин. Сепак, правото на самоопределување им припаѓа на живите. Никој не им дава за право да го менуваат декларираниот идентитет на мртвите, кои дванаесет века се дефинираат како балгари. Битолската плоча на цар Јован Владислав (син е на Арон, братот на Самуил) од 1015 година, изложена во музејот во Битола, во која внукот на Самуил се нарекува „бугарски автократ“ и „бугарски роден“, кој ја обновил битолската тврдина“ за прибежиште и спасение и за животот на Бугарите“. Друг неоспорен факт е писмо од Гоце Делчев до Никола Малешевски (05.01.1899), напишано на литературен бугарски јазик: „Жално е, но што да правиме кога си сме балгари и сите страдаме од една иста болест“. Или постојното барање на Никола Делчев, татко на Гоце Делчев, до Националното собрание на Балгарија (24.06.1914) за доделување пензија!",neutral,negative,neutral,negative,0.8,negative,0.94,5,negative,2,False,3,0.6,False,True,False,True,True,"CardiffNLP, BERTweet"
UgxjOzOh3xkmxS499lZ4AaABAg.9end8tPguMw9ep9dBmJ2Fq,"Значи и тогаш како и денес. До вчера Маќедонец, од денес албанец , заради личен интерес. Кога Маќедонците немале држава, нормално е да ги почитуваш и да се покоруваш на законите на тогашната држава. Инаку , нема работа, нема пензија , нема живот. Како и денешните Македонци, не дека се чувствуваат бугари, туку заради пасошот си го продаваат идентитетот, место да се борат да ја зачуваат државата. Биле и ќе бидат продадени души. Не заслужуваат држава.😭😢",negative,negative,neutral,negative,0.8,negative,0.95,5,negative,2,False,4,0.8,True,True,False,True,True,BERTweet
UgxjOzOh3xkmxS499lZ4AaABAg.9end8tPguMw9x7FRdPnqzk,1872 ГОЦЕ ДЕЛЦ'ЕВ РОДЕН во Кукус' -- МАКЕДОНИЈА. ГОЦЕ ДЕЛЦ'ЕВ Е МАКЕДОНЕЦ.,neutral,neutral,neutral,neutral,0.78,positive,1.0,5,neutral,2,False,4,0.8,True,True,True,True,False,Llama
UgwU6kBm1GxSZriYpoV4AaABAg,Истината ште ви освободи от маките,neutral,negative,neutral,negative,0.8,positive,0.95,5,,3,False,0,0.0,False,False,False,False,False,
UgwU6kBm1GxSZriYpoV4AaABAg.9eqWbhAuldX9x7FaZlvEJI,ВИСТИНА !! МАКЕДОНСКИ НАРОД 25 ВЕКА од ФИЛИП КРАЛ. други - јунк.,neutral,negative,neutral,negative,0.8,positive,0.95,5,,3,False,0,0.0,False,False,False,False,False,
UgwU6kBm1GxSZriYpoV4AaABAg.9eqWbhAuldX9x7Ve6AJfRF,"<УСЕР> Да,да и Исус Христос е македонец,голјам страх имате от истината..",negative,negative,neutral,negative,0.8,negative,0.95,5,negative,2,False,4,0.8,True,True,False,True,True,BERTweet
UgzG58zvy3kxpSGWkrd4AaABAg,"Ало на бугарија треба да И се забрани за дискусија,",negative,neutral,neutral,negative,0.8,negative,0.95,5,negative,2,False,3,0.6,True,False,False,True,True,"NLPTown, BERTweet"
UgyIt5qqpTRDCEmfUeV4AaABAg,АПАШИИИИИИИ БЕЗ ОБРАЗ,negative,negative,neutral,negative,0.8,negative,1.0,5,negative,2,False,4,0.8,True,True,False,True,True,BERTweet
UgyIt5qqpTRDCEmfUeV4AaABAg.9epNWl98xbD9ephgbO-sDB,"Апаши са тија, които крадат БАЛГАРСКА ИСТОРИЈА, ГЕРОИ И САБИТИЈА0",negative,positive,neutral,negative,0.8,negative,0.95,5,negative,3,False,3,0.6,True,False,False,True,True,"NLPTown, BERTweet"
UgyIt5qqpTRDCEmfUeV4AaABAg.9epNWl98xbD9epsUFuUyOQ,...,neutral,neutral,neutral,negative,0.6,negative,0.75,5,neutral,2,False,3,0.6,True,True,True,False,False,"Gemma, Llama"
UgxdYrjXmWcwEX1Rynt4AaABAg,Всички сме за вето.,neutral,positive,neutral,positive,0.85,positive,0.95,5,positive,2,False,3,0.6,False,True,False,True,True,"CardiffNLP, BERTweet"
UgxmdoySSEnqmBTZi-B4AaABAg,"Милован Джилас пред 7000 души в НДК Софија,1990 г. Признава, че е подписал указа за саздаване на Македонскија език и азбука !",neutral,positive,neutral,negative,0.8,neutral,0.98,5,neutral,3,False,3,0.6,True,False,True,False,True,"NLPTown, Gemma"
UgzxI2371SbEbC2fsD54AaABAg,Гнасник голем,negative,positive,neutral,negative,0.8,negative,0.95,5,negative,3,False,3,0.6,True,False,False,True,True,"NLPTown, BERTweet"
UgxW1-VK6UQ8m3kpeWx4AaABAg,Кој победи во канадската борба меѓу Заев и Борисов ја зема Македонија. Ова е анексот на договорот.,neutral,positive,neutral,negative,0.7,negative,0.95,5,,3,False,0,0.0,False,False,False,False,False,
UgxVM9_w9wrpihJRO0l4AaABAg,Со има да се зборува тука е крај,negative,neutral,neutral,negative,0.7,negative,0.95,5,negative,2,False,3,0.6,True,False,False,True,True,"NLPTown, BERTweet"
UgzmOyUppgf49eCXIGZ4AaABAg,Нема санса луге македонија ке остане македонија,negative,negative,neutral,positive,0.85,negative,0.95,5,negative,3,False,3,0.6,True,True,False,False,True,"BERTweet, Gemma"
UgwgeciRyVaIpaO6uE94AaABAg,Само тикви без семки имаат бугарски корени👍...,neutral,negative,neutral,positive,0.85,positive,0.95,5,,3,False,0,0.0,False,False,False,False,False,
Ugw44JEVluxN9zcuH594AaABAg,"Шапкар треба, да посетува психијатрија у Австралија...",neutral,neutral,neutral,negative,0.8,negative,0.95,5,neutral,2,False,3,0.6,True,True,True,False,False,"Gemma, Llama"
UgyVnUDgt4Jw7yyB7Wl4AaABAg,Официјален јазик на Романиа (Византија никогаш не се викала) Петар бил Латинскиот.Теодосиј дозволил со едикт превод на други јазици...,neutral,negative,neutral,negative,0.8,neutral,0.85,5,neutral,2,False,3,0.6,True,False,True,False,True,"NLPTown, Gemma"
Ugx1qyI2IZLEElhjZRh4AaABAg,"Во другиов дел се фативте за Хелени Името Хелени се спомнува кај Хомер како мало племе.Денес под Хелени од Антиката се однесува на многу разни термини и локални имиња.Од Мионци,Микенци,Ахајци,Данајци ,Атињани се се термини за една популација која дошла во средоземјето од Кавказ преку Мала Азија.",neutral,negative,neutral,neutral,0.7,neutral,0.85,5,neutral,2,False,4,0.8,True,False,True,True,True,NLPTown
UgxyWl-A2UCwSU_dmNl4AaABAg,Поглуп цовек од гоце нема да се роди,negative,negative,neutral,negative,0.8,negative,1.0,5,negative,2,False,4,0.8,True,True,False,True,True,BERTweet
UgyMYs1zsy0EYVmPpeV4AaABAg,"Од неправо не мозе да настане право. Договорот со Грција не е правно донесен. Зосто Уставен суд молци. Просто, тој не е правна институција, туку политицка? Составот не е од врвни правници туку по клуц, партиски бирани. Пендаровски си призна мене ми доставија партиите имиња!?",negative,negative,neutral,negative,0.8,negative,0.94,5,negative,2,False,4,0.8,True,True,False,True,True,BERTweet
UgxfBPsp6tZjOoq1PyN4AaABAg,"Во Романиа живееле Ромеи.Константинопол ,Цариград,Истанбул се викал Нова Рома за време на Романиа.Денешна Романија има име затоа што фанариотите од Фанар сакале да ја вратат Романиа.Ги предухитрил еден западен благородник основач на Романија.Читсјте за Султана и фанарското востание ....",neutral,negative,neutral,negative,0.8,negative,0.8,5,negative,2,False,3,0.6,False,True,False,True,True,"CardiffNLP, BERTweet"
Ugxs4gcHPMJv-hT0jk94AaABAg,Грците инаку за разлика од Хелените живееле на југ од Апенинскиот полуостров.И денес има од нив и ги викаат Грико.Зборуваат Грчки со мешавина на латински.Таму се викала Магна Граеција или Голема Грција.,neutral,negative,neutral,neutral,0.7,neutral,0.85,5,neutral,2,False,4,0.8,True,False,True,True,True,NLPTown
UgxUA-dtx_RjjKhkelB4AaABAg,Ѓулистана Марковска - царица!,positive,positive,neutral,positive,0.95,positive,0.95,5,positive,2,False,4,0.8,True,True,False,True,True,BERTweet
UgwiKiksBdyRgqiuDyl4AaABAg,Тоцно Младен на сите што гледаме на сите ни фрлиа пепел во очи Некој ослободени некој осудени,negative,negative,neutral,negative,0.75,negative,0.95,5,negative,2,False,4,0.8,True,True,False,True,True,BERTweet
Ugy_Z3-8tDv1O7czuhJ4AaABAg,Браво Таравари казиму на ова копито,positive,positive,neutral,positive,0.85,positive,0.95,5,positive,2,False,4,0.8,True,True,False,True,True,BERTweet
UgyiuejXBq3ECGMCICh4AaABAg,Јас се прашувам кој тебе Павле те избра за преседател на ова комисија 👎👎,negative,positive,neutral,negative,0.8,negative,0.95,5,negative,3,False,3,0.6,True,False,False,True,True,"NLPTown, BERTweet"
Ugy1ieLjxhENMnFK--N4AaABAg,Ако може овој турцизам абер да го смените. Некако не личи. Поздрав.,positive,negative,neutral,negative,0.7,negative,0.8,5,negative,3,False,3,0.6,False,True,False,True,True,"CardiffNLP, BERTweet"
Ugy1ieLjxhENMnFK--N4AaABAg.AMnlZ4AeF7zAMnt7ZaT_eJ,Е ај кажи како е на македонски?,neutral,negative,neutral,neutral,0.7,neutral,1.0,5,neutral,2,False,4,0.8,True,False,True,True,True,NLPTown
Ugy1ieLjxhENMnFK--N4AaABAg.AMnlZ4AeF7zAMoGQSsJ2qI,@Десна24Срамота е да не знаете како е на Македонски.,negative,negative,neutral,negative,0.8,negative,0.95,5,negative,2,False,4,0.8,True,True,False,True,True,BERTweet
UgxAGJagh1cKHv_WnaN4AaABAg,Никогас во ЕУ,neutral,negative,neutral,negative,0.8,negative,0.95,5,negative,2,False,3,0.6,False,True,False,True,True,"CardiffNLP, BERTweet"
Ugz5q_N2IkBsQur3dfJ4AaABAg,Најдете си подобро име.,neutral,neutral,neutral,negative,0.8,negative,0.9,5,neutral,2,False,3,0.6,True,True,True,False,False,"Gemma, Llama"
Ugz5q_N2IkBsQur3dfJ4AaABAg.AMPv5uwruNzAMPwtKS_L5M,На што да си најдеме име?,neutral,negative,neutral,neutral,0.7,neutral,1.0,5,neutral,2,False,4,0.8,True,False,True,True,True,NLPTown
Ugz5q_N2IkBsQur3dfJ4AaABAg.AMPv5uwruNzAMSdCul4WYb,<УСЕР> одби му на глупост.,negative,negative,neutral,negative,0.8,negative,1.0,5,negative,2,False,4,0.8,True,True,False,True,True,BERTweet
UgzgmOZQ6Ldklrac1bl4AaABAg,Не само во региона во цел свет. Вселената ке пропадне ако севержан не е Дел от НАТО.,negative,positive,neutral,negative,0.8,negative,0.95,5,negative,3,False,3,0.6,True,False,False,True,True,"NLPTown, BERTweet"
UgzgmOZQ6Ldklrac1bl4AaABAg.9jPXLl8WZDl9vx38LI7PM8,<УСЕР>....4к гњури. .......... ј Црно море.,neutral,negative,neutral,negative,0.8,neutral,0.85,5,neutral,2,False,3,0.6,True,False,True,False,True,"NLPTown, Gemma"
Ugwf9PTPSIG4jmOTjuZ4AaABAg,Хахахахс цццццц кого лажете бе? Американци ќе не користат за нивни цели!,negative,negative,neutral,negative,0.8,negative,0.95,5,negative,2,False,4,0.8,True,True,False,True,True,BERTweet
UgyvyB8nFOxEOuhhZH14AaABAg,"Добре че влезе Северджистан у алиансата, кво штјахме да правим иначе?🤣🤣🤣65 војници са голјама сила!!",neutral,neutral,neutral,negative,0.8,positive,0.95,5,neutral,3,False,3,0.6,True,True,True,False,False,"Gemma, Llama"
UgyvyB8nFOxEOuhhZH14AaABAg.9jOQL6X-aX79vx3UmgHLay,@......2482 лај. ................. ј бг с'упа.,neutral,negative,neutral,positive,0.95,negative,0.94,5,,3,False,0,0.0,False,False,False,False,False,
UgwWDuwd2TAKHStU-gp4AaABAg,Е хајде приемате де нали Франција ви бјаха пријатели 🤣🇧🇬🇧🇬🇧🇬,negative,positive,neutral,positive,0.85,negative,0.95,5,,3,False,0,0.0,False,False,False,False,False,
UgxQCH8MMTygkX1Moyd4AaABAg,Во ЕУ западен Балкан со Албанија Македоноја Србија Ц.Гора и Босна без дискриминацуја...,neutral,negative,neutral,negative,0.8,positive,0.95,5,,3,False,0,0.0,False,False,False,False,False,
UgxQCH8MMTygkX1Moyd4AaABAg.9cav-7EIk0S9cbMaEWmv4-,По скоро сте за Анадола.,negative,negative,neutral,positive,0.85,positive,0.95,5,,3,False,0,0.0,False,False,False,False,False,
UgyyH41Dkl4b-kwxr-t4AaABAg,Да се забрани внес и употреба на запаливи и светлосни реквизити,neutral,positive,neutral,negative,0.8,negative,0.95,5,,3,False,0,0.0,False,False,False,False,False,
UgyyH41Dkl4b-kwxr-t4AaABAg.8nQ3YzInPXk8nQ90G7IgEg,"Јонце Целески и што ќе постигнат, ќе им ги напикаат во устата за да не викаат , навредуваат и шират мѓунационална омраза, само почитување на законите и кој ќе го прекрши дај му ригорозни казни па и затвор без разлика кој е и од која навивачка група е .Нека повели полицијата нека ги ѓибни Албанците па ќе видиш дека и Брисел ќе почни да плачи а не политичарите Албанци. Законите се да ги казнуваат Македонците а привилегиите се за да ги уживаат Албанците !",negative,negative,neutral,negative,0.8,negative,0.95,5,negative,2,False,4,0.8,True,True,False,True,True,BERTweet
Ugw_ZKUeS6kUSFqSUbh4AaABAg,👍👍👍👏👏👏,positive,positive,neutral,positive,0.98,positive,0.95,5,positive,2,False,4,0.8,True,True,False,True,True,BERTweet
UgzIsWfjpDaTyqNMsEB4AaABAg,А сто имаме корист од НАТО ке треба да плацаме а и војска да працаме недај бозе да гине за корист на Америка.,negative,negative,neutral,negative,0.8,negative,0.95,5,negative,2,False,4,0.8,True,True,False,True,True,BERTweet
Ugwijjic2UPQo-BFSnp4AaABAg,3 пати се сретнал???? А ајвар мамас му однел ли? А на англиски ли разговаравте??? Тебе ти е тоа мајцин јазик,negative,negative,neutral,negative,0.8,negative,0.95,5,negative,2,False,4,0.8,True,True,False,True,True,BERTweet
UgwYEY6Z7aFY-OBazHp4AaABAg,КАЗИ КАКО ЈЕ РЕДОТ НА СУДИЈАТА ЗА ПОЦЕТОК ЗА ДАКАНИТ НЕКОГО НА ИМЕГРАКАНИ КРИВИЦНИО ДЕЛО ЗА ДАСЕ СУДОТ,negative,negative,neutral,negative,0.7,negative,0.94,5,negative,2,False,4,0.8,True,True,False,True,True,BERTweet
UgwO6lW7HtViuHNoHrh4AaABAg,ОГОСПОДИН АКО НЕПЛАТИШ МОИТЕ ОШТЕТИ МАТРИЈАЛНИ НЕМАТРИЈАЛЛНО И КАМАТИТЕ НЕМАШ ДАСЕДЕНЕТ ЗАШТО СФИО ЛЛАЗЕТЕ,negative,negative,neutral,negative,0.8,negative,0.95,5,negative,2,False,4,0.8,True,True,False,True,True,BERTweet
UgwBaDRxhJLPGLM13-14AaABAg,Абе предавници сте сите и ВМРО И СДС како не ви дојди Русија,negative,negative,neutral,negative,0.8,negative,0.95,5,negative,2,False,4,0.8,True,True,False,True,True,BERTweet
UgwlRWJfkNJfPutuPel4AaABAg,Прво прием во ЕУ не ни се брза за во нато...,negative,neutral,neutral,negative,0.8,negative,0.94,5,negative,2,False,3,0.6,True,False,False,True,True,"NLPTown, BERTweet"
Ugw7ZKlkUjyVaD-y_zJ4AaABAg,Секако Ковачевски до болница е стасал од политички стрес .Заев немаше стресови зошто немаше мозок за да разбере што се стори се што потпиша немаше појма дали се корисни или штетни тие договори .Тој нее свесен за ништо зошто не беше при себе за да може да свати што се може да се случи .,negative,negative,neutral,negative,0.8,negative,0.95,5,negative,2,False,4,0.8,True,True,False,True,True,BERTweet
UgyDJ4dzjO8felK56it4AaABAg,Егејските Македонци не ја мрзат Грциа они само сакаат да дојдат дома во Македониа..поздрав...,negative,negative,neutral,negative,0.8,negative,0.95,5,negative,2,False,4,0.8,True,True,False,True,True,BERTweet
UgzTKO_nTsXUl3vh9TV4AaABAg,"Всушност ќе се викало училиштето „Северна Македонија“ Така ако сакаат да го наименуваат, подобро воопшто да не го наименуваат. Или само Македонија или ништо",negative,negative,neutral,negative,0.8,negative,0.75,5,negative,2,False,4,0.8,True,True,False,True,True,BERTweet
UgytJtVhqa6Flw7tw6R4AaABAg,Ја💖Р.Македониа💖Тхе Енд,neutral,positive,neutral,negative,0.8,positive,0.95,5,,3,False,0,0.0,False,False,False,False,False,
UgxANBWMapDD8Awg4Fd4AaABAg,"Браво Проф. Др. Весна, Ви благодариме за вашето познавање на историјата и вистината за Македонскиот јазик и култура. Да зивее Македонија и Македонскиот народ.",positive,positive,neutral,positive,0.85,positive,0.95,5,positive,2,False,4,0.8,True,True,False,True,True,BERTweet
Ugx-TngUjLkzsG7O6F14AaABAg,"Извонредно, одлично издание ! Многу ни се бендиса. Ви благодариме ! 🌹",positive,positive,neutral,positive,0.95,positive,0.95,5,positive,2,False,4,0.8,True,True,False,True,True,BERTweet
Ugze5IoRKSpLchThe3B4AaABAg,"Браво за професорката и слични на неа. Гордо Македонци, Македонија била и ќе биде на Македонците и на никој друг. Вечна да биде.",positive,positive,neutral,positive,0.85,positive,0.95,5,positive,2,False,4,0.8,True,True,False,True,True,BERTweet
UgwE6edgB4Qq0Qqh0054AaABAg,Напред Македонија браво за професорката❤,positive,positive,neutral,positive,0.85,positive,0.95,5,positive,2,False,4,0.8,True,True,False,True,True,BERTweet
UgwojJSXgYfRFrtot8Z4AaABAg,"А зашто в т.н. ""македонски"" народни песни сабрани от братјата НИКАДЕ не се споменава за НИКАКВИ македонци, а само за БАЛГАРИ? Пак ли некви си ""панслависте"" ги пееле ? 😂😂. А штом сакале ДЕМЕК песнете да са ПАНСЛАВИСТКИ зашто не ги записале РУСКИ народни песни? Ели сарпски, храватски, украински, а баш па БАЛГАРСКИ?? С глупотерии ли че го браните едентитето? 😮😂😂",negative,negative,neutral,negative,0.8,negative,0.95,5,negative,2,False,4,0.8,True,True,False,True,True,BERTweet
UgxJckhRUAx-ERSV2Dp4AaABAg,"Пропагандна емисиа без грам наука, или со много србојгословенска ""наука"", таа се повеке ке најдва смев ва свето, по близок и по далечен!",negative,negative,neutral,negative,0.8,negative,0.94,5,negative,2,False,4,0.8,True,True,False,True,True,BERTweet
UgzHMhyQqI42Rc1uzlZ4AaABAg,❤,positive,positive,neutral,positive,0.98,positive,1.0,5,positive,2,False,4,0.8,True,True,False,True,True,BERTweet
UgzHMhyQqI42Rc1uzlZ4AaABAg.AIelvT-DmFUAIfD3NIkFyw,ФОРЕВЕР НОРТХ МАЦЕДОНИА...,neutral,negative,neutral,negative,0.8,positive,0.95,5,,3,False,0,0.0,False,False,False,False,False,
UgzHMhyQqI42Rc1uzlZ4AaABAg.AIelvT-DmFUAIfqYOWnkk3,<УСЕР>-рв2бс АЛВАЈС МАКЕДОНИЈА ! !,neutral,negative,neutral,positive,0.95,negative,1.0,5,,3,False,0,0.0,False,False,False,False,False,
UgzHMhyQqI42Rc1uzlZ4AaABAg.AIelvT-DmFUAIfr7IAdmbV,@татјанавелкова5814ФОРЕВЕР НОРТХ МАЦЕДОНИА... ФРОМ 2018...,neutral,negative,neutral,positive,0.85,positive,0.95,5,,3,False,0,0.0,False,False,False,False,False,
UgzHMhyQqI42Rc1uzlZ4AaABAg.AIelvT-DmFUAIful8QmT4L,За секогаш пиринска македонија егејска македонија вардарска македонија и преспа обединета македонија ♥️♥️♥️♥️♥️♥️♥️♥️,positive,negative,neutral,positive,0.98,positive,0.95,5,positive,3,False,3,0.6,True,False,False,True,True,"NLPTown, BERTweet"
UgzHMhyQqI42Rc1uzlZ4AaABAg.AIelvT-DmFUAIfv8xje68g,Вие татарите немозете на македонците Ни за малиот Прост да се фатите Само од далеку мозете македонија да ја гледате вие Сте Кај Нас во македонија бугари татари на најдолно место Ни па ве ставксме во некоја категорија простак маса никогаш за Нас не Сте биле некој Фактор кога ке спомнеш бугар Сите викате огури турски аспарухови татари 😛😛😛,negative,negative,neutral,negative,0.8,negative,0.95,5,negative,2,False,4,0.8,True,True,False,True,True,BERTweet
UgzHMhyQqI42Rc1uzlZ4AaABAg.AIelvT-DmFUAIfwvs0ZQXT,@вангелијаниколоска2566СЕКОГАШ СЕВЕРДЖАНСКА... НИКОГАШ МАКЕДОНИЈА....,neutral,negative,neutral,negative,0.8,negative,0.95,5,negative,2,False,3,0.6,False,True,False,True,True,"CardiffNLP, BERTweet"
UgzHMhyQqI42Rc1uzlZ4AaABAg.AIelvT-DmFUAIfwyzZepGb,"@вангелијаниколоска2566МИЗИЈА, ТРАКИЈА И МАКЕДОНИЈА=МАЈКА БАЛГАРИЈА 🇧🇬❤️💪🇧🇬",neutral,positive,neutral,positive,0.82,positive,0.95,5,positive,2,False,3,0.6,False,True,False,True,True,"CardiffNLP, BERTweet"
UgzHMhyQqI42Rc1uzlZ4AaABAg.AIelvT-DmFUAIfx0-747uD,"@вангелијаниколоска2566ПИРИН, ЗАВИНАГИ ЧАСТ ОТ МАЈКА БАЛГАРИЈА 🇧🇬💪❤️🇧🇬",neutral,negative,neutral,positive,0.98,positive,0.95,5,,3,False,0,0.0,False,False,False,False,False,
UgzHMhyQqI42Rc1uzlZ4AaABAg.AIelvT-DmFUAIfxMUEnL7c,@вангелијаниколоска2566БЕГАЈ ДА СЕ МОЛИШ В ТАТАР СИНАН ДЖАМИЈА... НОГАЕВСКА МОНГОЛКЕ ...ОТ СЕВЕРДЖАНСКА ТАТАРСТАН...,negative,negative,neutral,negative,0.8,negative,0.94,5,negative,2,False,4,0.8,True,True,False,True,True,BERTweet
UgySfcw6WNM40MCkLyV4AaABAg,"Ви благодарам,. Многу ми се допаднавте.🎉",positive,positive,neutral,positive,0.98,positive,0.95,5,positive,2,False,4,0.8,True,True,False,True,True,BERTweet
UgyEByxz58p6u9GeVU14AaABAg,"Цеститаме професорке.Македонците се трауматизирани?! Па како не биле трауматизирани претходните 1300 год кога самите се нарекувале бугари?!Диагнозата е тоцна, Сега треба да им објасниме сто се слуцило пред 80 год за да дојдеме до оваа диагностицка состојба.😊",negative,negative,neutral,positive,0.82,negative,0.93,5,negative,3,False,3,0.6,True,True,False,False,True,"BERTweet, Gemma"
UgwPpufEY4x2IdgjlaN4AaABAg,"ЏУЏЕТО од Небрегово по зборовите на Антонио Милошоски, Блаже Конески (благој конев) е раснат како сираче во Србија и е задоен со србоманството на Кралството Југославија.",neutral,positive,neutral,negative,0.8,negative,0.95,5,,3,False,0,0.0,False,False,False,False,False,
UgwPpufEY4x2IdgjlaN4AaABAg.AIYUr9qCQa_AIch2Io1hHw,Абре какви кралство југославије е измислица на сатаната…,neutral,positive,neutral,negative,0.8,negative,0.95,5,,3,False,0,0.0,False,False,False,False,False,
UgwPpufEY4x2IdgjlaN4AaABAg.AIYUr9qCQa_AId8CdPgUOq,МАКЕДОНИЈА -- 25 ЦЕНТУРИЕС ! ! Југославиа бефоре 30 јеарс.. енд.,neutral,negative,neutral,negative,0.8,positive,0.95,5,,3,False,0,0.0,False,False,False,False,False,
UgwPpufEY4x2IdgjlaN4AaABAg.AIYUr9qCQa_AIeoECCV-RZ,Па како Сега викаш бугари за македонците од вардарска македонија а блазе кинески Го нарекуваш србин немозес тој е роден во македонија и од македонија се зспишдл и е створени Литературен јазик како Сто во другите дрзави исто Така е а вас русите ви направија Нов јазик и писмо одсостав на руски и старо македонски вашиот јазик од хан аспарух и кубрарт е изумрен јазик од хан аспарух и кубрарт на кој јазик говореле тие на огури турски аспарухови јазик онугури гоугури гогундури ангауди тоа е блгарско 😛😛😂😂,neutral,negative,neutral,negative,0.8,negative,0.95,5,negative,2,False,3,0.6,False,True,False,True,True,"CardiffNLP, BERTweet"
UgwPpufEY4x2IdgjlaN4AaABAg.AIYUr9qCQa_AIfE8Dnv332,@татјанавелкова5814ВИВА НОРТХ МАЦЕДОНИА... ФРОМ 2018,neutral,negative,neutral,negative,0.6,positive,0.95,5,,3,False,0,0.0,False,False,False,False,False,
UgwPpufEY4x2IdgjlaN4AaABAg.AIYUr9qCQa_AIfEA99mqbE,@вангелијаниколоска2566ФОРЕВЕР НОРТХ МАЦЕДОНИА... ФРОМ 2018,neutral,negative,neutral,positive,0.95,positive,0.95,5,,3,False,0,0.0,False,False,False,False,False,
UgwPpufEY4x2IdgjlaN4AaABAg.AIYUr9qCQa_AIfqeulP0hF,. МАКЕДОНИЈА 25 ЦЕНТУРИЕС фром КИНГ ПХИЛИП ! ! !,neutral,negative,neutral,negative,0.8,positive,0.95,5,,3,False,0,0.0,False,False,False,False,False,
UgwPpufEY4x2IdgjlaN4AaABAg.AIYUr9qCQa_AIfr40hHKaI,ЛИЕС ФРОМ А ПРОВЕН ФУЛЛЈ ПАИД СЕВЕРДЗАН ТРОЛЛ ФРОМ НОРТХ МАЦЕДОНИА ВИТХ РУССИАН НАМЕ ТАТЈАНА ВХО СПЕАКС А СЕРБИНИЗЕД ДИАЛЕЦТ ОФ БУЛГАРИАН ЛАНГУАГЕ АНД ЛИТТЛЕ ЕНГЛИШ...ВИВА НОРТХ МАЦЕДОНИА,neutral,negative,neutral,negative,0.8,positive,0.95,5,,3,False,0,0.0,False,False,False,False,False,
UgwPpufEY4x2IdgjlaN4AaABAg.AIYUr9qCQa_AIfto9q-ufD,Ало ти Иван грозни иванов Сто пати ти казувате бре волу татарски Дека ние сме од овде од времето на апостол павле благословени македонци ❤️ христијани ♥️ а вие татари дојдени од Велики болгар денешен Татарстан таму има натписи напишан за блгарите татари како земале Ислам и таму стои најголемата книга куран и како се покрстени и земано славјански писмо тоа се блгарите има и екстра Мусеум за блгарите татари Кои се доселени во 9_10век во дунав болгарија 😂😂😮 Тüрк производ со славјански јазик и писмо и Вера 😛😂😂 блгарите татари 😅😅,neutral,negative,neutral,negative,0.8,negative,0.95,5,negative,2,False,3,0.6,False,True,False,True,True,"CardiffNLP, BERTweet"
UgwPpufEY4x2IdgjlaN4AaABAg.AIYUr9qCQa_AIftzeZV7GB,Арија татарија бугарија поздрав на Сите татари на овој свет посебно на татарите од соседна татарска бугарија фасистицка 😛🤣🤣🤣🤣😅😅,positive,positive,neutral,negative,0.8,negative,0.95,5,,3,False,0,0.0,False,False,False,False,False,
UgwPpufEY4x2IdgjlaN4AaABAg.AIYUr9qCQa_AIfu_wFgaB6,Ало Златко помоцков вие Сте задоени со азиацка моцка и Никој не е сирак тој Си има фамилија во македонија а вие Сте задоени со коњска моцка од коњите со опашка од хан аспарух дојдовте во европа бес јазик и писмо со украдени кинески календар ви дадовме јазик писмо и Вера бре Татари проклети душмани на македонскиот народ 😅😂😂примати лемури од азија 😂😂😂🎉🎉,negative,negative,neutral,negative,0.8,negative,0.95,5,negative,2,False,4,0.8,True,True,False,True,True,BERTweet
UgwPpufEY4x2IdgjlaN4AaABAg.AIYUr9qCQa_AIfyBNTKgiW,@вангелијаниколоска2566СЕКОГАШ СЕВЕРДЖАНСКА... НИКОГАШ МАКЕДОНИЈА...,neutral,negative,neutral,negative,0.8,negative,0.95,5,negative,2,False,3,0.6,False,True,False,True,True,"CardiffNLP, BERTweet"
UgwPpufEY4x2IdgjlaN4AaABAg.AIYUr9qCQa_AIfyIOhoo9O,"@вангелијаниколоска2566МИЗИЈА, ТРАКИЈА И МАКЕДОНИЈА=МАЈКА БАЛГАРИЈА 🇧🇬❤️💪🇧🇬",neutral,positive,neutral,negative,0.8,positive,0.95,5,,3,False,0,0.0,False,False,False,False,False,
UgwPpufEY4x2IdgjlaN4AaABAg.AIYUr9qCQa_AIicQY6h-YB,<УСЕР>-рв2бс МАКЕДОНИЈА = МАКЕДОНИЈА. 25 ЦЕНТУРИЕС ! ! !,neutral,negative,neutral,positive,0.85,positive,0.95,5,,3,False,0,0.0,False,False,False,False,False,
UgwPpufEY4x2IdgjlaN4AaABAg.AIYUr9qCQa_AIjUXswbCn-,@татјанавелкова5814НОРТХ МАЦЕДОНИА=НОРТХ МАЦЕДОНИА... ФРОМ 2018,neutral,negative,neutral,negative,0.65,positive,0.95,5,,3,False,0,0.0,False,False,False,False,False,
UgwPpufEY4x2IdgjlaN4AaABAg.AIYUr9qCQa_AIkuQ4P_jsh,<УСЕР>-рв2бс МАКЕДОНИЈА ин СОУТХ ЕВРОПА ! !,neutral,negative,neutral,positive,0.85,negative,0.95,5,,3,False,0,0.0,False,False,False,False,False,
UgwPpufEY4x2IdgjlaN4AaABAg.AIYUr9qCQa_AIkxmM3Oz4X,@татјанавелкова5814ФОРЕВЕР НОРТХ МАЦЕДОНИА... ФРОМ 2018,neutral,negative,neutral,negative,0.6,positive,0.95,5,,3,False,0,0.0,False,False,False,False,False,
UgwPpufEY4x2IdgjlaN4AaABAg.AIYUr9qCQa_AIldgtUR5w8,"@ИванИванов-рв2бсслави си го васиот Кан аспарух И не срамете се, таканарецени бугари, све сто имате денес вас ви е дадено од македонскиот народ ( култура, традиција,обицаи писменост) , биди благодарен инаце усте ке бевте муслимани ( не дека е то лосо)",negative,negative,neutral,positive,0.85,negative,0.94,5,negative,3,False,3,0.6,True,True,False,False,True,"BERTweet, Gemma"
UgwPpufEY4x2IdgjlaN4AaABAg.AIYUr9qCQa_AImFPtlquoQ,"@МарцоПоло-мпБегај да се молиш в татарската СИНАН ТАТАР джамија...ногаевски монголу...фалшив,измислен и ретардиран....",negative,negative,neutral,negative,0.8,negative,1.0,5,negative,2,False,4,0.8,True,True,False,True,True,BERTweet
UgwPpufEY4x2IdgjlaN4AaABAg.AIYUr9qCQa_AJ3d5-y7CJP,@МарцоПоло-мпСЕКОГАШ СЕВЕРДЖАНСКИ ТАТАРСТАН....НИКОГАШ МАКЕДОНИЈА...,neutral,negative,neutral,negative,0.8,negative,0.99,5,negative,2,False,3,0.6,False,True,False,True,True,"CardiffNLP, BERTweet"
UgwPpufEY4x2IdgjlaN4AaABAg.AIYUr9qCQa_AJ6tYxVuDq8,<УСЕР>-рв2бс ФОРЕВЕР МАКЕДОНИЈА ! ! !,neutral,negative,neutral,positive,0.95,positive,0.95,5,,3,False,0,0.0,False,False,False,False,False,
UgwPpufEY4x2IdgjlaN4AaABAg.AIYUr9qCQa_AJ7EbagA1dJ,@татјанавелкова5814ВИВА НОРТХ МАЦЕДОНИА... ФРОМ 2018,neutral,negative,neutral,negative,0.6,positive,0.95,5,,3,False,0,0.0,False,False,False,False,False,
UgwPpufEY4x2IdgjlaN4AaABAg.AIYUr9qCQa_AJ97ykUoS_j,<УСЕР>-рв2бс МАКЕДОНИЈА --- 25 ЦЕНТУРИЕС ! !,neutral,negative,neutral,negative,0.8,negative,0.95,5,negative,2,False,3,0.6,False,True,False,True,True,"CardiffNLP, BERTweet"
UgwPpufEY4x2IdgjlaN4AaABAg.AIYUr9qCQa_AJ9H9VxKU_L,@татјанавелкова5814ФОРЕВЕР НОРТХ МАЦЕДОНИА... ФРОМ 2018,neutral,negative,neutral,negative,0.6,positive,0.95,5,,3,False,0,0.0,False,False,False,False,False,
Ugy0KARRYOUkX95d42F4AaABAg,Мене ми е мило кога бугари ја следат ова емисија [ според коментарите ] и има сто да науцат од ваквото излагање на професорката.,positive,negative,neutral,negative,0.8,positive,0.85,5,,3,False,0,0.0,False,False,False,False,False,
UgwgRHtI1Ayi34llHVp4AaABAg,"През 19 век не е имало разлика между балгарски и македонски песни, това разделение настапва през 20 век. Не може сас задна дата да се приписват днешни идентичности на отдавна починали хора. Не мога да разбера зашто е толкова трудно да признаете, че в миналото в Македонија са живеели балгари, а савременните македонци са сравнително нова концепција. Едното е минало, другото е савременност, трјабва да ги разграничавате. Например, как от 1918 до 1941 г. в Македонија са живјали ""јужни сарби"", според тогавашната власт в ЈУгославија, и изведнаж се појавјават македонци след Втората световна војна? Тези нешта трјабва да се разгледат обективно, от гледна точка на исторически извори и факти.",negative,neutral,neutral,neutral,0.7,neutral,0.88,5,neutral,2,False,4,0.8,False,True,True,True,True,CardiffNLP
UgwgRHtI1Ayi34llHVp4AaABAg.AJpkdbut_lEAJpwX8aNvsJ,. ИН МАКЕДОНИЈА 25 ЦЕНТУРИЕС МАЦЕДОНИАН СОНГС ! !,neutral,positive,neutral,positive,0.98,positive,0.95,5,positive,2,False,3,0.6,False,True,False,True,True,"CardiffNLP, BERTweet"
UgyL2zXiUoBmbrcyswd4AaABAg,"Гоце Делчев, Даме Груев, ЈАне Сандански и много други са писали на балгарски език ! И са се декларирали като балгари.Смеете ли да излезете на дебат с балгарски лингвисти за езиците ? Зашто документацијата на Илинденското вастание е на балгарски език ? Поздрави все пак, че признавате истината за сборника на братја Миладинови. Спрете да крадете и фалшифицирате балгарска историја и всичко ште е наред. Професорката се чуди как да омаловажи сборника на братјата, но става смешно.Това било и онова било, ама истината, че заглавието е ""Балгарски народни песни"". А објаснението на професорката, че заглавието е грешно.....ХАХАХАХАХАХАХАХА",negative,positive,neutral,negative,0.8,negative,0.95,5,negative,3,False,3,0.6,True,False,False,True,True,"NLPTown, BERTweet"
UgzVK8kidlxtsKLCEld4AaABAg,"Да се биде македонец е привилегија, сме имале И имаме изроди И ке имаме, ама запамтете, благословени се оние сто страдаат, а тоа е македонскиот народ, засто ние сме слуги господови И на никој друг, западот пропага фала му на Господ, кристијанството кон европа тргна од Македонија,со светиот апостол Павле, не слуцајно Господ го пратил во Македонија, кој оди против Македонија е против Господ ,па ако се мислите посилни повелете, Македонија вецна 👌🙏,",neutral,negative,neutral,negative,0.8,negative,0.93,5,negative,2,False,3,0.6,False,True,False,True,True,"CardiffNLP, BERTweet"
UgzVK8kidlxtsKLCEld4AaABAg.AIldC1Y56wZAIp3mSgogQr,"Кажи друже, от што страдат македонците, па и македонките. Нежната половинка страда за бацки и ласки, ама другите страдалци ?",negative,negative,neutral,negative,0.8,negative,0.8,5,negative,2,False,4,0.8,True,True,False,True,True,BERTweet
UgzVK8kidlxtsKLCEld4AaABAg.AIldC1Y56wZAIzDIWj_HAU,СЕКОГАШ СЕВЕРДЖАНСКА... НИКОГАШ МАКЕДОНИЈА...,neutral,negative,neutral,negative,0.8,negative,0.95,5,negative,2,False,3,0.6,False,True,False,True,True,"CardiffNLP, BERTweet"
UgzVK8kidlxtsKLCEld4AaABAg.AIldC1Y56wZAIzpLWwe78P,"@ИванИванов-рв2бспукни бе племе твое татарско ,фасистицко, Македонија била И ке бидит ,македонците постоеле, постојат И ке постојат, таканарецени бугари- татари, славете си го васиот Кан аспарух ,не срамете се вас си е,,се цудам усте бугарски немас науцено да писис,",negative,negative,neutral,negative,0.8,negative,0.95,5,negative,2,False,4,0.8,True,True,False,True,True,BERTweet
UgzVK8kidlxtsKLCEld4AaABAg.AIldC1Y56wZAJ3cDclSiEf,@МарцоПоло-мпБЕГАЈ ДА СЕ МОЛИШ В ТАТАРСКАТА СИНАН ТАТАР ДЖАМИЈА В АНТИЧКИЈА ГРАД КУМАНОВО...МИЗЕРНА И НАГЛА САРБИЗИРАНА ТИТОВСКА МАРШО....ФАЛШИВА И ИЗМИСЛЕНА.... СЕКОГАШ СЕВЕРДЖАНСКА МОНГОЛСКА РЕПУБЛИКА.... НИКОГАШ МАКЕДОНИЈА...,neutral,negative,neutral,negative,0.8,negative,0.94,5,negative,2,False,3,0.6,False,True,False,True,True,"CardiffNLP, BERTweet"
Ugx0DIjkX7lLq1kGZyp4AaABAg,"Ќе иматве ли храброст вака да зборите кога беше маршалот со таква дискусија , македонскиот јазик е кодифициран што тоа значи дека е ревидиран или претрпел промени насилно правен српски и бугарски па е враќам во првобитната форма или бил дел од бугарскиот и српскиот така наречен староштокавски или пак бил првобитно како што е сега па е србизиран и бугаризиран , тоа сега е тешко да се дознае , едно нешто се знае дека е ревидиран , нас не негира фактот дека се разбираме со соседите без преведувач но тие не биле тука во античко време само ние е како се сега тие слично со нас ?🤔 А не се антички народи . Тоа се интересни нешта , второ ако сме директни потомци нивни на тие стари Македонци како тогаш имало потреба од создавање кирилица нова азбука а веќе имало азбука пред тоа , не заборавајте дека националноста се пренесува од предци на потомци ако имаме врска со тие Македонци треба да им го знаеме јазикот без да го учиме наследно треба да го знаеме . Не заборавајте една ствар има нешто што се вика АСИМИЛАЦИЈА и таа се случила во 6 и 9 век кога Словените и ромеите ги претопиле древните народи станале повеќе од нив и исчезнале нивните јазици по пат на бројност на население Сега да нашиот јазик е различен од оној на соседите но не може да се докаже неговата врска со јазикот на древните Македонци",neutral,negative,neutral,negative,0.6,negative,0.53,5,negative,2,False,3,0.6,False,True,False,True,True,"CardiffNLP, BERTweet"
UgxsrEZFi_m-P6GN1cJ4AaABAg,Фантазори.,negative,positive,neutral,negative,0.8,negative,1.0,5,negative,3,False,3,0.6,True,False,False,True,True,"NLPTown, BERTweet"
UgzwEMcjViTCs2k-aPR4AaABAg,"Драга професорке,Мојата нација и мојот јазик Македонски се користени и пред првиот Македонскиот крал Каран пред наша ера 808 - 778,како и следсвените после него 50 крал Персеј (179 - 168 )кој во Битката кај Пидна во 168 п.н.е., Македонија била поделена на четири републики од страна на Римјаните. и отогаш Македонија е поделена но ние Македонците сме сеуште присутни и со свеснос дека сме Македонци до ден денешен,Што значи дека и Ѓорѓи Пулески бил свесен дека е потомок на погоре споменатите Македонски кралства,",neutral,positive,neutral,neutral,0.7,positive,0.95,5,neutral,2,False,3,0.6,True,False,True,True,False,"NLPTown, Llama"
UgwaGxlMDL0F5Q1msvd4AaABAg,"Пулевски е единственијат - много правилно. Нјама друг, а за спротивното много има ама нјама значение, нали?",neutral,neutral,neutral,positive,0.85,negative,0.9,5,neutral,3,False,3,0.6,True,True,True,False,False,"Gemma, Llama"
UgwaGxlMDL0F5Q1msvd4AaABAg.AIYplA815ZiAIYwByITDTU,"Зошто не каже зошто Пулевски се борил? А он се е борил за то Македонија да се уедини со Бугариа. И е добил пензија от бугарското Народно собрание. И живее во Софија и тамо и умира. А то што србите су му дали паре и су издали неговата книга, за ова не причаме😊",negative,negative,neutral,negative,0.8,negative,0.92,5,negative,2,False,4,0.8,True,True,False,True,True,BERTweet
UgwaGxlMDL0F5Q1msvd4AaABAg.AIYplA815ZiAId8HmAmw-M,МАЦЕДОНИАНС 25 ЦЕНТУРИЕС АРЕ МАЦЕДОНИАНС ! ! !,neutral,positive,neutral,negative,0.8,negative,1.0,5,,3,False,0,0.0,False,False,False,False,False,
UgwaGxlMDL0F5Q1msvd4AaABAg.AIYplA815ZiAIfDexn6UKJ,@татјанавелкова5814НОРТХ МАЦЕДОНИАНС АРЕ АЛВАЈС НОРТХ МАЦЕДОНИАНС... ФРОМ 2018,neutral,negative,neutral,positive,0.85,negative,1.0,5,,3,False,0,0.0,False,False,False,False,False,
Ugz0rpuFBEwacDhyVNB4AaABAg,ЈАЖТЕ КУРО МАКЕДОНСКИ КУЧЕТА,negative,positive,neutral,negative,0.8,negative,1.0,5,negative,3,False,3,0.6,True,False,False,True,True,"NLPTown, BERTweet"
UgzjzpNnXNzF0QvQgxt4AaABAg,Мисирков много јасно кажува дека нема македонски јазик и нација но ке се создаде а Блаже Коневски рожденното му име е Благој Конев кој бил србоман,neutral,negative,neutral,negative,0.8,negative,0.8,5,negative,2,False,3,0.6,False,True,False,True,True,"CardiffNLP, BERTweet"
UgzjzpNnXNzF0QvQgxt4AaABAg.AIYXFPVL6BIAIYugEAiT6K,"Супер го рече😅😅😅😅 Само дека су Черната рука, Новакович, УДБА, плус хајваните из Београда? Милован Джилас во 1990 пред 7000 човека каза да он е дал заповет до се приме денашниот алфабет Во Македонија. Овои су кажали какав јазик де се говори во Вардарска Македонија.",neutral,negative,neutral,negative,0.7,negative,0.95,5,negative,2,False,3,0.6,False,True,False,True,True,"CardiffNLP, BERTweet"
UgzjzpNnXNzF0QvQgxt4AaABAg.AIYXFPVL6BIAId83PxAGWy,КРСТЕ МИСИРКОВ РОДЕН 1874 во ЕГЕЈСКА МАКЕДОНИЈА ! ! КРСТЕ Е МАКЕДОНЕЦ и автор на книга -- За Македонски Работи.,neutral,positive,neutral,positive,0.85,positive,0.95,5,positive,2,False,3,0.6,False,True,False,True,True,"CardiffNLP, BERTweet"
UgzjzpNnXNzF0QvQgxt4AaABAg.AIYXFPVL6BIAIfE13Qju9P,@татјанавелкова5814БУТ..ЈОУ АРЕ А ПРОВЕН ФУЛЛЈ ПАИД СЕВЕРДЗАН ТРОЛЛ ФРОМ НОРТХ МАЦЕДОНИА ВИТХ РУССИАН НАМЕ ТАТЈАНА ВХО СПЕАКС А СЕРБИНИЗЕД ДИАЛЕЦТ ОФ БУЛГАРИАН ЛАНГУАГЕ АНД ЛИТТЛЕ ЕНГЛИШ...,neutral,negative,neutral,negative,0.8,negative,0.94,5,negative,2,False,3,0.6,False,True,False,True,True,"CardiffNLP, BERTweet"
UgzjzpNnXNzF0QvQgxt4AaABAg.AIYXFPVL6BIAIi7z3oNLEm,"@татјанавелкова5814Татјана,молчи,личи си дека си неписмена!",negative,negative,neutral,negative,0.8,negative,1.0,5,negative,2,False,4,0.8,True,True,False,True,True,BERTweet
UgzjzpNnXNzF0QvQgxt4AaABAg.AIYXFPVL6BIAIlIwELPkqm,"Кирил И Методиј , односно нивните ученици Климент и Наум оставиле завет , секој Народ да си создаде своја Азбука према потребите на својот говор ! Што е тоа страшно што Македонците се определиле за Прилепското говорно подрачје да биде основа за официјализација на Македонскиот јазик кога веке било познато Македонското востание "" Илинден"" од 1903 .",neutral,positive,neutral,neutral,0.68,negative,0.55,5,neutral,3,False,3,0.6,True,False,True,True,False,"NLPTown, Llama"
Ugy1il0OIJCaqSVh5k54AaABAg,"Зошто ги замајувате гледачите ,се знае дека македонскио е дилект на бугарскио,или кажано по јасно, македонскио е бугарски пишуван на србска пишувачка машина,тоа е вистината!",negative,negative,neutral,negative,0.8,negative,0.95,5,negative,2,False,4,0.8,True,True,False,True,True,BERTweet
Ugy1il0OIJCaqSVh5k54AaABAg.AIi7r0cOHioAIicXtJbvMU,во МАКЕДОНИЈА --- 25 ВЕКА МАКЕДОНСКИ ЈАЗИК ! ! !,neutral,positive,neutral,positive,0.85,positive,0.95,5,positive,2,False,3,0.6,False,True,False,True,True,"CardiffNLP, BERTweet"
Ugy1il0OIJCaqSVh5k54AaABAg.AIi7r0cOHioAIjTvcgNIqh,@татјанавелкова5814ИН НОРТХ МАЦЕДОНИА АРЕ СПЕАКИНГ А СЕРБИНИЗЕД ДИАЛЕЦТ ОФ БУЛГАРИАН ЛАНГУАГЕ... АЛВАЈС АНД ФОРЕВЕР,neutral,negative,neutral,negative,0.8,negative,0.95,5,negative,2,False,3,0.6,False,True,False,True,True,"CardiffNLP, BERTweet"
Ugy1il0OIJCaqSVh5k54AaABAg.AIi7r0cOHioAIkukEQllTG,<УСЕР>-рв2бс МАКЕДОНСКИ ЈАЗИК во МАКЕДОНИЈА ! ! !,neutral,positive,neutral,positive,0.85,positive,0.95,5,positive,2,False,3,0.6,False,True,False,True,True,"CardiffNLP, BERTweet"
Ugy1il0OIJCaqSVh5k54AaABAg.AIi7r0cOHioAIkvu8skk-1,М А Ц Е Д О Н И А Н С СПЕАК МАЦЕДОНИАН ЛАНГУАГЕ ! ! !,neutral,negative,neutral,negative,0.8,negative,1.0,5,negative,2,False,3,0.6,False,True,False,True,True,"CardiffNLP, BERTweet"
Ugy1il0OIJCaqSVh5k54AaABAg.AIi7r0cOHioAIkwHbSAQ4s,"@татјанавелкова5814Нема македонци,сите сте блгари!",negative,negative,neutral,negative,0.8,negative,1.0,5,negative,2,False,4,0.8,True,True,False,True,True,BERTweet
Ugy1il0OIJCaqSVh5k54AaABAg.AIi7r0cOHioAIkwkz3vx12,@татјанавелкова5814НОПЕ...ИН НОРТХ МАЦЕДОНИА АРЕ СПЕАКИНГ А СЕРБИНИЗЕД ДИАЛЕЦТ ОФ БУЛГАРИАН ЛАНГУАГЕ... АЛВАЈС АНД ФОРЕВЕР,neutral,negative,neutral,negative,0.8,negative,0.95,5,negative,2,False,3,0.6,False,True,False,True,True,"CardiffNLP, BERTweet"
Ugy1il0OIJCaqSVh5k54AaABAg.AIi7r0cOHioAIkwsRHosZp,@татјанавелкова5814АГАИН - ИН НОРТХ МАЦЕДОНИА АРЕ СПЕАКИНГ А СЕРБИНИЗЕД ДИАЛЕЦТ ОФ БУЛГАРИАН ЛАНГУАГЕ.. АЛВАЈС АНД ФОРЕВЕР,neutral,negative,neutral,negative,0.8,negative,0.95,5,negative,2,False,3,0.6,False,True,False,True,True,"CardiffNLP, BERTweet"
Ugy1il0OIJCaqSVh5k54AaABAg.AIi7r0cOHioAIl0a59qvaP,М А К Е Д О Н Ц И 25 ВЕКА ЗБОРУВААТ МАКЕДОНСКИ ЈАЗИК ! ! !,neutral,positive,neutral,negative,0.8,negative,1.0,5,,3,False,0,0.0,False,False,False,False,False,
Ugy1il0OIJCaqSVh5k54AaABAg.AIi7r0cOHioAIl2XdmirRp,@татјанавелкова5814АГАИН - ИН НОРТХ МАЦЕДОНИА АРЕ СПЕАКИНГ А СЕРБИНИЗЕД ДИАЛЕЦТ ОФ БУЛГАРИАН ЛАНГУАГЕ... АЛВАЈС АНД ФОРЕВЕР,neutral,negative,neutral,negative,0.8,negative,0.95,5,negative,2,False,3,0.6,False,True,False,True,True,"CardiffNLP, BERTweet"
Ugy1il0OIJCaqSVh5k54AaABAg.AIi7r0cOHioAIp0YzY7Zrt,<УСЕР>-рв2бс МАКЕДОНСКИ ЈАЗИК во МАКЕДОНИЈА ! ! !,neutral,positive,neutral,positive,0.85,positive,0.95,5,positive,2,False,3,0.6,False,True,False,True,True,"CardiffNLP, BERTweet"
Ugy1il0OIJCaqSVh5k54AaABAg.AIi7r0cOHioAIpRW2eUS7m,<УСЕР>-рв2бс во МАКЕДОНИЈА ЗБОРУВААТ МАКЕДОНСКИ ЈАЗИК ! !,neutral,negative,neutral,positive,0.85,negative,0.95,5,,3,False,0,0.0,False,False,False,False,False,
Ugy1il0OIJCaqSVh5k54AaABAg.AIi7r0cOHioAIuSYIOI0Kl,Дијалект бугарите не знаат сто е,negative,negative,neutral,negative,0.8,negative,0.95,5,negative,2,False,4,0.8,True,True,False,True,True,BERTweet
Ugy1il0OIJCaqSVh5k54AaABAg.AIi7r0cOHioAIzDNp3gOCk,@татјанавелкова5814ИН НОРТХ МАЦЕДОНИА АРЕ СПЕАКИНГ А СЕРБИНИЗЕД ДИАЛЕЦТ ОФ БУЛГАРИАН ЛАНГУАГЕ... АЛВАЈС АНД ФОРЕВЕР...,neutral,negative,neutral,negative,0.8,negative,0.95,5,negative,2,False,3,0.6,False,True,False,True,True,"CardiffNLP, BERTweet"
Ugy1il0OIJCaqSVh5k54AaABAg.AIi7r0cOHioAIzDR-uGLZf,@татјанавелкова5814ИН НОРТХ МАЦЕДОНИА АРЕ СПЕАКИНГ А СЕРБИНИЗЕД ДИАЛЕЦТ ОФ БУЛГАРИАН ЛАНГУАГЕ.. АЛВАЈС АНД ФОРЕВЕР...,neutral,negative,neutral,negative,0.8,negative,0.95,5,negative,2,False,3,0.6,False,True,False,True,True,"CardiffNLP, BERTweet"
Ugy1il0OIJCaqSVh5k54AaABAg.AIi7r0cOHioAJ-Mj7qhVYf,<УСЕР>-рв2бс јоу + диалецт.... ин роцк.,neutral,negative,neutral,positive,0.85,negative,0.94,5,,3,False,0,0.0,False,False,False,False,False,
Ugy1il0OIJCaqSVh5k54AaABAg.AIi7r0cOHioAJ-NXMLCcGz,@татјанавелкова5814У..ин Вардарот... АГАИН - ИН НОРТХ МАЦЕДОНИА АРЕ СПЕАКИНГ А СЕРБИНИЗЕД ДИАЛЕЦТ ОФ БУЛГАРИАН ЛАНГУАГЕ... АЛВАЈС АНД ФОРЕВЕР,neutral,negative,neutral,negative,0.8,negative,0.95,5,negative,2,False,3,0.6,False,True,False,True,True,"CardiffNLP, BERTweet"
Ugy1il0OIJCaqSVh5k54AaABAg.AIi7r0cOHioAJ-OF5n1h-O,<УСЕР>-рв2бс ВАРДАР --- МАЦЕДОНИАН РИВЕР ! !,neutral,negative,neutral,negative,0.8,positive,0.95,5,,3,False,0,0.0,False,False,False,False,False,
Ugy1il0OIJCaqSVh5k54AaABAg.AIi7r0cOHioAJ3cJtTr0XF,@татјанавелкова5814ВАРДАРОТ -РИВЕР ИН НОРТХ МАЦЕДОНИА... АЛВАЈС АНД ФОРЕВЕР,neutral,negative,neutral,positive,0.92,positive,0.95,5,,3,False,0,0.0,False,False,False,False,False,
UgwYCb4RqFexsBAiBaF4AaABAg,Северна Македонија е измислица на Тито.,negative,positive,neutral,negative,0.8,negative,1.0,5,negative,3,False,3,0.6,True,False,False,True,True,"NLPTown, BERTweet"
UgwjDzk6J0KjoPugiet4AaABAg,СИТЕ СТЕ БАЛГАРИ И ТОВА Е ТО,negative,positive,neutral,negative,0.8,negative,0.95,5,negative,3,False,3,0.6,True,False,False,True,True,"NLPTown, BERTweet"
Ugz8lua-pUlImVqpPcd4AaABAg,Северджанија е даржава без историја ! А относно езика ... севернија език - език ли е?,neutral,negative,neutral,negative,0.7,negative,0.95,5,negative,2,False,3,0.6,False,True,False,True,True,"CardiffNLP, BERTweet"
Ugz8lua-pUlImVqpPcd4AaABAg.AIYeRIuh_8mAIZS8pp-G0y,Дај вие такви како тебе освестете се. Срам да ви е. Па цел свет ви се смее за тоа бе свесен ли си. Да негираш еден цел народ кој ти вика јас сум Македонец а ти викаш тоа не постои. Па мора да си ментално болен. Само уште дел од вас и грците има такви. Освестете се. Како ќе се чуствуваш ако некој ти каже бугарин не постои а ?,negative,negative,neutral,negative,0.8,negative,0.95,5,negative,2,False,4,0.8,True,True,False,True,True,BERTweet
Ugz8lua-pUlImVqpPcd4AaABAg.AIYeRIuh_8mAIZhY6yKnO3,"<УСЕР> Никој в Балгарија не отрича, че в момента саштествува даржава наречена РСМ. Не признаваме обаче југо-комунистическите ви исторически фалшификации. Не признаваме сашто така ""многовековната македонска идентичност и език"".",neutral,negative,neutral,negative,0.8,negative,0.94,5,negative,2,False,3,0.6,False,True,False,True,True,"CardiffNLP, BERTweet"
Ugz8lua-pUlImVqpPcd4AaABAg.AIYeRIuh_8mAId96gKmrgs,МАЦЕДОНИАН ИДЕНТИТЈ 25 ЦЕНТУРИЕС фром КИНГ ПХИЛИП ! ! !,neutral,negative,neutral,negative,0.8,negative,1.0,5,negative,2,False,3,0.6,False,True,False,True,True,"CardiffNLP, BERTweet"
Ugz8lua-pUlImVqpPcd4AaABAg.AIYeRIuh_8mAIemrcNvWtf,Македонскиот јазик се УЦИ во цешка како црковно македонски исто и во русија во москва се УЦИ црковна македонска филологија и македонскиот јазик е во Уно признат и писменоста иде од македонија а не од малата дрзавицка паристрија никаква блгарија таа е во 1876_8 како бугарија а додека ние македонците сме во пиринска македонија два милиони македонци Кои ве тузат во стразбург за цовецки права Сто е Дö нив Дö тие пирински македонци таму немаше Тито исто во егејска македонија немаше Тито и таму се родени нај големи македонци ❤️ христијани ♥️,neutral,negative,neutral,negative,0.5,positive,0.95,5,,3,False,0,0.0,False,False,False,False,False,
Ugz8lua-pUlImVqpPcd4AaABAg.AIYeRIuh_8mAIeoaXlzRhJ,Да јазик на македонците ♥️❤️ христијани од времето на апостол павле благословени македонци ❤️ христијани а вие Сте азиати и кази на кој јазик говореле хан аспарух и кубрарт на кој јазик говореле хан аспарух и кубрарт кога тие се турско племе бугари а во словенската фамилија словени нема племе болгари татари 😛😛 9:52,neutral,negative,neutral,negative,0.8,positive,0.95,5,,3,False,0,0.0,False,False,False,False,False,
Ugz8lua-pUlImVqpPcd4AaABAg.AIYeRIuh_8mAIfDnj44JJ_,@татјанавелкова5814НОРТХ МАЦЕДОНИАН ИДЕНТИТЈ...ФРОМ 2018,neutral,negative,neutral,negative,0.65,neutral,0.85,5,neutral,2,False,3,0.6,True,False,True,False,True,"NLPTown, Gemma"
Ugz8lua-pUlImVqpPcd4AaABAg.AIYeRIuh_8mAIfDqBWOS_R,@вангелијаниколоска2566ВИВА НОРТХ МАЦЕДОНИА... ФРОМ 2018,neutral,negative,neutral,negative,0.8,positive,0.95,5,,3,False,0,0.0,False,False,False,False,False,
Ugz8lua-pUlImVqpPcd4AaABAg.AIYeRIuh_8mAIftGu-CYWV,<УСЕР> МАЦЕДОНИАНС ИН МАКЕДОНИЈА. 25 ЦЕНТУРИЕС ! ! !,neutral,negative,neutral,negative,0.8,positive,0.95,5,,3,False,0,0.0,False,False,False,False,False,
Ugz8lua-pUlImVqpPcd4AaABAg.AIYeRIuh_8mAIfy-tN0iaz,@татјанавелкова5814НОРТХ МАЦЕДОНИАНС...ИН НОРТХ МАЦЕДОНИА... ФРОМ 2018,neutral,negative,neutral,negative,0.6,negative,1.0,5,negative,2,False,3,0.6,False,True,False,True,True,"CardiffNLP, BERTweet"
Ugz8lua-pUlImVqpPcd4AaABAg.AIYeRIuh_8mAIle8223zUf,"На тие татариве, таканарецени бугари им е страв од вистината, онај сто има проблем со себе си, И неговиот идентитет, негира други, логика татари,логика",negative,negative,neutral,negative,0.8,negative,0.94,5,negative,2,False,4,0.8,True,True,False,True,True,BERTweet
Ugz8lua-pUlImVqpPcd4AaABAg.AIYeRIuh_8mAImFAR2sKoO,"@МарцоПоло-мпИзмислен и фалшив северджански сарбизиран платен тролу...никој не се интересува фалшивата и измислена виртуална личност,па и от менталното састојание за което нјама лек...",negative,negative,neutral,negative,0.8,negative,0.94,5,negative,2,False,4,0.8,True,True,False,True,True,BERTweet
Ugyr3XjunhQ3oT4VNlN4AaABAg,Па много е разлицен иазикот смениме одаренита професорот делцев и лубцо георгиевски во интернет збороват едан сат бес превидац 😂еби му маико😂,negative,negative,neutral,negative,0.8,negative,0.95,5,negative,2,False,4,0.8,True,True,False,True,True,BERTweet
Ugyr3XjunhQ3oT4VNlN4AaABAg.AIZ4Q1VwTF3AId8PbtQGRJ,ГОЦЕ ДЕЛЦ'ЕВ СПОКЕ МАЦЕДОНИАН ЛАНГУАГЕ ! !,neutral,positive,neutral,negative,0.8,negative,1.0,5,,3,False,0,0.0,False,False,False,False,False,
Ugyr3XjunhQ3oT4VNlN4AaABAg.AIZ4Q1VwTF3AIfDKIJFwVc,@татјанавелкова5814НОПЕ ...ХЕ СПОКЕ А БУЛГАРИАН ЛАНГУАГЕ...ВАС А БУЛГАРИАН ХЕРО 🇧🇬❤️💪❤️,positive,negative,neutral,positive,0.85,positive,0.95,5,positive,3,False,3,0.6,True,False,False,True,True,"NLPTown, BERTweet"
Ugyr3XjunhQ3oT4VNlN4AaABAg.AIZ4Q1VwTF3AIfqsIodyog,ГОЦЕ ДЕЛЦ'ЕВ роден 1872 во Кукус' -- ЕГЕЈСКА МАКЕДОНИЈА. ГОЦЕ ДЕЛЦ'ЕВ Е МАКЕДОНЕЦ и МАКЕДОНСКИ РЕВОЛУЦИОНЕР ! !,neutral,positive,neutral,positive,0.85,positive,0.95,5,positive,2,False,3,0.6,False,True,False,True,True,"CardiffNLP, BERTweet"
Ugyr3XjunhQ3oT4VNlN4AaABAg.AIZ4Q1VwTF3AIfrBkX0LTj,@татјанавелкова5814НОПЕ... ФОРЕВЕР ВИЛЛ БЕ А БУЛГАРИАН ХЕРО ВХО СПОКЕ А БУЛГАРИАН ЛАНГУАГЕ 🇧🇬💪❤️🇧🇬,neutral,negative,neutral,negative,0.8,positive,0.95,5,,3,False,0,0.0,False,False,False,False,False,
Ugyr3XjunhQ3oT4VNlN4AaABAg.AIZ4Q1VwTF3AIfro3BYmMb,<УСЕР>-рв2бс ГОЦЕ ДЕЛЦ'ЕВ ИС МАЦЕДОНИАН ! ! !,neutral,negative,neutral,negative,0.8,negative,0.95,5,negative,2,False,3,0.6,False,True,False,True,True,"CardiffNLP, BERTweet"
Ugyr3XjunhQ3oT4VNlN4AaABAg.AIZ4Q1VwTF3AIfxmi_gpgT,@татјанавелкова5814НОПЕ ... ФОРЕВЕР ВИЛЛ БЕ А БУЛГАРИАН ХЕРО ВХО СПОКЕ А БУЛГАРИАН ЛАНГУАГЕ 🇧🇬💪❤️🇧🇬,neutral,negative,neutral,negative,0.8,positive,0.95,5,,3,False,0,0.0,False,False,False,False,False,
Ugyr3XjunhQ3oT4VNlN4AaABAg.AIZ4Q1VwTF3AIicgn2c3Ov,<УСЕР>-рв2бс ГОЦЕ ДЕЛЦ'ЕВ Е МАКЕДОНЕЦ РОДЕН 1872 во ЕГЕЈСКА МАКЕДОНИЈА ! ! !,neutral,negative,neutral,negative,0.85,positive,0.95,5,,3,False,0,0.0,False,False,False,False,False,
Ugyr3XjunhQ3oT4VNlN4AaABAg.AIZ4Q1VwTF3AIjUFkqnSTN,@татјанавелкова5814НОПЕ ... ФОРЕВЕР ВИЛЛ БЕ А БУЛГАРИАН ХЕРО ВХО СПОКЕ А БУЛГАРИАН ЛАНГУАГЕ 🇧🇬❤️💪🇧🇬,neutral,negative,neutral,negative,0.8,positive,0.95,5,,3,False,0,0.0,False,False,False,False,False,
Ugyr3XjunhQ3oT4VNlN4AaABAg.AIZ4Q1VwTF3AIkucczJntF,<УСЕР>-рв2бс ГОЦЕ ДЕЛЦ'ЕВ ЗБОРУВАЛ МАКЕДОНСКИ ЈАЗИК ! !,neutral,negative,neutral,negative,0.8,negative,0.95,5,negative,2,False,3,0.6,False,True,False,True,True,"CardiffNLP, BERTweet"
Ugyr3XjunhQ3oT4VNlN4AaABAg.AIZ4Q1VwTF3AIkvmBOWb5Z,ГОЦЕ ДЕЛЦ'ЕВ Е МАКЕДОНЕЦ и ЗБОРУВАЛ МАКЕДОНСКИ ЈАЗИК ! !,neutral,negative,neutral,negative,0.8,negative,1.0,5,negative,2,False,3,0.6,False,True,False,True,True,"CardiffNLP, BERTweet"
Ugyr3XjunhQ3oT4VNlN4AaABAg.AIZ4Q1VwTF3AIkxNl8gs-B,@татјанавелкова5814НОПЕ... ФОРЕВЕР ВИЛЛ БЕ А БУЛГАРИАН ХЕРО ВХО СПОКЕ А БУЛГАРИАН ЛАНГУАГЕ 🇧🇬❤️💪🇧🇬,neutral,negative,neutral,negative,0.8,positive,0.95,5,,3,False,0,0.0,False,False,False,False,False,
Ugyr3XjunhQ3oT4VNlN4AaABAg.AIZ4Q1VwTF3AIkxRBcMxpc,@татјанавелкова5814НОПЕ... ФОРЕВЕР ВИЛЛ БЕ А БУЛГАРИАН ХЕРО ВХО СПОКЕ А БУЛГАРИАН ЛАНГУАГЕ....,neutral,negative,neutral,negative,0.8,positive,0.95,5,,3,False,0,0.0,False,False,False,False,False,
Ugyr3XjunhQ3oT4VNlN4AaABAg.AIZ4Q1VwTF3AIl0S5VwUOL,. ГОЦЕ ДЕЛЦ'ЕВ СПОКЕ МАЦЕДОНИАН ЛАНГУАГЕ ! ! !,neutral,positive,neutral,negative,0.8,negative,1.0,5,,3,False,0,0.0,False,False,False,False,False,
Ugyr3XjunhQ3oT4VNlN4AaABAg.AIZ4Q1VwTF3AIl2jvlUEe9,@татјанавелкова5814ФОРЕВЕР ВИЛЛ БЕ А БУЛГАРИАН ХЕРО ВХО СПОКЕ А БУЛГАРИАН ЛАНГУАГЕ 🇧🇬💪💪🇧🇬,neutral,negative,neutral,negative,0.8,positive,0.95,5,,3,False,0,0.0,False,False,False,False,False,
Ugyr3XjunhQ3oT4VNlN4AaABAg.AIZ4Q1VwTF3AIpwp2xgRCA,<УСЕР>-рв2бс ГОЦЕ ДЕЛЦ'ЕВ Е МАКЕДОНСКИ РЕВОЛУЦИОНЕР ! !,neutral,negative,neutral,positive,0.95,negative,1.0,5,,3,False,0,0.0,False,False,False,False,False,
Ugyr3XjunhQ3oT4VNlN4AaABAg.AIZ4Q1VwTF3AIpxEhDcVUf,@татјанавелкова5814НЕВЕР ЕВЕР... АЛВАЈС АНД ФОРЕВЕР...ХЕ ВИЛЛ БЕ А БУЛГАРИАН ХЕРО ВХО СПОКЕ А БУЛГАРИАН ЛАНГУАГЕ 🇧🇬💪❤️🇧🇬,neutral,negative,neutral,positive,0.85,positive,0.95,5,,3,False,0,0.0,False,False,False,False,False,
Ugyr3XjunhQ3oT4VNlN4AaABAg.AIZ4Q1VwTF3AIqRZIRL3S2,<УСЕР>-рв2бс ГОЦЕ ДЕЛЦ'ЕВ Е МАКЕДОНЕЦ ! ! ! РОДЕН 1872 во Кукус' ---- ЕГЕЈСКА МАКЕДОНИЈА .,neutral,negative,neutral,negative,0.8,positive,0.95,5,,3,False,0,0.0,False,False,False,False,False,
Ugyr3XjunhQ3oT4VNlN4AaABAg.AIZ4Q1VwTF3AIqSFxzbbYk,@татјанавелкова5814АЛВАЈС АНД ФОРЕВЕР...ХЕ ВИЛЛ БЕ А БУЛГАРИАН ХЕРО ВХО СПОКЕ А БУЛГАРИАН ЛАНГУАГЕ 🇧🇬💪❤️🇧🇬,neutral,negative,neutral,positive,0.95,positive,0.95,5,,3,False,0,0.0,False,False,False,False,False,
Ugyr3XjunhQ3oT4VNlN4AaABAg.AIZ4Q1VwTF3AIqf9m6KiIO,<УСЕР>-рв2бс ГОЦЕ ДЕЛЦ'ЕВ Е МАКЕДОНЕЦ и ЗБОРУВАЛ МАКЕДОНСКИ ЈАЗИК ! ! !,neutral,negative,neutral,negative,0.8,negative,1.0,5,negative,2,False,3,0.6,False,True,False,True,True,"CardiffNLP, BERTweet"
Ugyr3XjunhQ3oT4VNlN4AaABAg.AIZ4Q1VwTF3AIsR3Ktryk4,<УСЕР>-рв2бс ГОЦЕ ДЕЛЦ'ЕВ Е МАКЕДОНЕЦ ! ! !,neutral,negative,neutral,negative,0.8,negative,1.0,5,negative,2,False,3,0.6,False,True,False,True,True,"CardiffNLP, BERTweet"
Ugyr3XjunhQ3oT4VNlN4AaABAg.AIZ4Q1VwTF3AIsUhy-F0_B,@татјанавелкова5814НЕВЕР ЕВЕР... АЛВАЈС АНД ФОРЕВЕР...ХЕ ВИЛЛ БЕ А БУЛГАРИАН ХЕРО ВХО СПОКЕ А БУЛГАРИАН ЛАНГУАГЕ 🇧🇬❤️💪🇧🇬,neutral,negative,neutral,positive,0.85,positive,0.95,5,,3,False,0,0.0,False,False,False,False,False,
Ugyr3XjunhQ3oT4VNlN4AaABAg.AIZ4Q1VwTF3AIwssXHVMnF,<УСЕР>-рв2бс ЈЕС ГОЦЕ ДЕЛЦ'ЕВ ИС МАЦЕДОНИАН ! ! !,neutral,negative,neutral,negative,0.8,negative,1.0,5,negative,2,False,3,0.6,False,True,False,True,True,"CardiffNLP, BERTweet"
Ugyr3XjunhQ3oT4VNlN4AaABAg.AIZ4Q1VwTF3AIwulP20lKE,@татјанавелкова5814НОПЕ... АЛВАЈС АНД ФОРЕВЕР..ХЕ ВИЛЛ БЕ А БУЛГАРИАН ХЕРО ВХО СПОКЕ А БУЛГАРИАН ЛАНГУАГЕ 🇧🇬💪❤️🇧🇬,neutral,negative,neutral,positive,0.85,positive,0.95,5,,3,False,0,0.0,False,False,False,False,False,
Ugyr3XjunhQ3oT4VNlN4AaABAg.AIZ4Q1VwTF3AIxlQuaoonq,<УСЕР>-рв2бс ГОЦЕ ДЕЛЦ'ЕВ Е МАКЕДОНЕЦ и ЗБОРУВАЛ МАКЕДОНСКИ ЈАЗИК ! ! !,neutral,negative,neutral,negative,0.8,negative,1.0,5,negative,2,False,3,0.6,False,True,False,True,True,"CardiffNLP, BERTweet"
Ugyr3XjunhQ3oT4VNlN4AaABAg.AIZ4Q1VwTF3AIxlh0SQf8C,ГОЦЕ ДЕЛЦ'ЕВ Е МАКЕДОНЕЦ и ЗБОРУВАЛ МАКЕДОНСКИ ЈАЗИК ! ! !,neutral,negative,neutral,negative,0.8,negative,1.0,5,negative,2,False,3,0.6,False,True,False,True,True,"CardiffNLP, BERTweet"
Ugyr3XjunhQ3oT4VNlN4AaABAg.AIZ4Q1VwTF3AIzDjbB_uYV,@татјанавелкова5814НОПЕ...ХЕ ВИЛЛ БЕ А БУЛГАРИАН ХЕРО ВХО СПОКЕ А БУЛГАРИАН ЛАНГУАГЕ... АЛВАЈС АНД ФОРЕВЕР 🇧🇬💪❤️🇧🇬,neutral,negative,neutral,negative,0.8,positive,0.95,5,,3,False,0,0.0,False,False,False,False,False,
Ugyr3XjunhQ3oT4VNlN4AaABAg.AIZ4Q1VwTF3AIzDmkkJxY-,@татјанавелкова5814НОПЕ ....ХЕ ВИЛЛ БЕ А БУЛГАРИАН ХЕРО ВХО СПОКЕ А БУЛГАРИАН ЛАНГУАГЕ... АЛВАЈС АНД ФОРЕВЕР 🇧🇬❤️💪🇧🇬,neutral,negative,neutral,negative,0.8,positive,0.95,5,,3,False,0,0.0,False,False,False,False,False,
Ugyr3XjunhQ3oT4VNlN4AaABAg.AIZ4Q1VwTF3AJ-N0VTQ4tG,<УСЕР>-рв2бс ГОЦЕ ДЕЛЦ'ЕВ СПОКЕ МАЦЕДОНИАН ЛАНГУАГЕ ! !,neutral,negative,neutral,negative,0.8,negative,0.95,5,negative,2,False,3,0.6,False,True,False,True,True,"CardiffNLP, BERTweet"
Ugyr3XjunhQ3oT4VNlN4AaABAg.AIZ4Q1VwTF3AJ-NMMKnLeV,@татјанавелкова5814НОПЕ...ХЕ ВИЛЛ БЕ А БУЛГАРИАН ХЕРО ВХО СПОКЕ А БУЛГАРИАН ЛАНГУАГЕ... АЛВАЈС АНД ФОРЕВЕР 🇧🇬💪❤️🇧🇬,neutral,negative,neutral,negative,0.8,positive,0.95,5,,3,False,0,0.0,False,False,False,False,False,
Ugyr3XjunhQ3oT4VNlN4AaABAg.AIZ4Q1VwTF3AJ-NhVcixB7,<УСЕР>-рв2бс ГОЦЕ ДЕЛЦ'ЕВ ИС МАЦЕДОНИАН. ЧЕЕРС ! !,neutral,negative,neutral,positive,0.95,positive,0.95,5,,3,False,0,0.0,False,False,False,False,False,
Ugyr3XjunhQ3oT4VNlN4AaABAg.AIZ4Q1VwTF3AJ3citJgbB1,@татјанавелкова5814НОПЕ...ХЕ ВИЛЛ БЕ А БУЛГАРИАН ХЕРО ВХО СПОКЕ А БУЛГАРИАН ЛАНГУАГЕ 🇧🇬💪❤️🇧🇬 АЛВАЈС АНД ФОРЕВЕР...АНД ЈОУ АРЕ А ПРОВЕН ФУЛЛЈ ПАИД СЕВЕРДЗАН ТРОЛЛ ФРОМ НОРТХ МАЦЕДОНИА ВИТХ РУССИАН НАМЕ ТАТЈАНА ВХО СПЕАКС А СЕРБИНИЗЕД ДИАЛЕЦТ ОФ БУЛГАРИАН ЛАНГУАГЕ АНД ЛИТТЛЕ ЕНГЛИШ...,neutral,negative,neutral,negative,0.8,positive,0.95,5,,3,False,0,0.0,False,False,False,False,False,
UgwNBrBGIoJEBKjjru94AaABAg,"Зашто , непрекаснато говорите глупости , че заради Балгарија не можете да влезете в ЕУ ? Кога изпалните договорите които сте подписали с страните от унијата ште ЗАПОЧНЕТЕ ПРЕГОВОРИ за ВЛИЗАНЕ , а кога и дали ште ВЛЕЗЕТЕ си зависи само от вас . Турција и Сарбија от години преговарјат , но не затварјат поглавија , не се правете на улави , а може и да сте !",negative,negative,neutral,negative,0.8,negative,0.94,5,negative,2,False,4,0.8,True,True,False,True,True,BERTweet
UgwNBrBGIoJEBKjjru94AaABAg.AIYnfPwOa0ZAIZQjWq7R8O,Срам да ти е и слични на тебе (не на целиот бугарски народ). Како може да биде менталитетот на некој да не признава еден цел народ. Вас бугарите ве оспорува некој? Цел свет ви се смее за тоа дали сте свесни.,negative,negative,neutral,negative,0.8,negative,0.95,5,negative,2,False,4,0.8,True,True,False,True,True,BERTweet
UgwNBrBGIoJEBKjjru94AaABAg.AIYnfPwOa0ZAIZfv0QvLFG,"<УСЕР> Как да не ви признаваме? Та нали Балгарија парва призна независимостта ви?!?!?! В момента има даржава РСМ, којато има свој народ. Не признаваме, обаче, југо-комунистическите ви исторически фалшификати, които не се основават на научни факти.",negative,negative,neutral,negative,0.8,negative,0.94,5,negative,2,False,4,0.8,True,True,False,True,True,BERTweet
UgwNBrBGIoJEBKjjru94AaABAg.AIYnfPwOa0ZAIZhLAoxTZ2,"@блазомихаилов516Кои ни се смее? Не на нас на спорцки надпревар в Београд ни казуват да славим туги херои, нели?!",negative,negative,neutral,negative,0.8,negative,0.94,5,negative,2,False,4,0.8,True,True,False,True,True,BERTweet
UgwNBrBGIoJEBKjjru94AaABAg.AIYnfPwOa0ZAI_NfFGDLwy,"@блазомихаилов516Нормални ли сте сте? Кој ви пречи да се нарекувате како си сакате, ако сакате бидете и патагонци. Зашто ние тебе да ви признавам или не? Цел свет се смее на селјанија та ви.",negative,negative,neutral,negative,0.8,negative,0.95,5,negative,2,False,4,0.8,True,True,False,True,True,BERTweet
UgzqMDxEzaKheSJEb0V4AaABAg,Благои конев студент во Софíа васе велицесто молиа да ме помилвате заблуден Сам от комунистицески идеиа ас ам от Маика и татако балгаркм родом блазе коневски 😂😂😂,negative,positive,neutral,positive,0.85,negative,0.95,5,,3,False,0,0.0,False,False,False,False,False,
UgzqMDxEzaKheSJEb0V4AaABAg.AIZ2oBnylJOAId9EMsNvxO,МАЦЕДОНИАНС 25 ЦЕНТУРИЕС ХАВЕ МАЦЕДОНИАН ПАРЕНЦ ! !,neutral,positive,neutral,negative,0.8,negative,0.95,5,,3,False,0,0.0,False,False,False,False,False,
UgzqMDxEzaKheSJEb0V4AaABAg.AIZ2oBnylJOAIfDTIauBdB,@татјанавелкова5814ФОРЕВЕР НОРТХ МАЦЕДОНИА... ФРОМ 2018... АЛВАЈС АНД ФОРЕВЕР,neutral,negative,neutral,positive,0.95,positive,0.95,5,,3,False,0,0.0,False,False,False,False,False,
UgzqMDxEzaKheSJEb0V4AaABAg.AIZ2oBnylJOAIfqzvglyF4,<УСЕР>-рв2бс МАКЕДОНИЈА е во ЈУЗ'НА ЕВРОПА ! !,neutral,negative,neutral,positive,0.95,positive,0.95,5,,3,False,0,0.0,False,False,False,False,False,
UgzqMDxEzaKheSJEb0V4AaABAg.AIZ2oBnylJOAIfrS4GH37I,@татјанавелкова5814НОПЕ... НОРТХ МАЦЕДОНИА.. ФРОМ 2018,neutral,negative,neutral,negative,0.6,negative,1.0,5,negative,2,False,3,0.6,False,True,False,True,True,"CardiffNLP, BERTweet"
Ugw0rV7Sx271jjvydTx4AaABAg,сите природбеници негират думите на така наречената професорка важат и само за внатрешна употреба,neutral,negative,neutral,negative,0.8,negative,0.95,5,negative,2,False,3,0.6,False,True,False,True,True,"CardiffNLP, BERTweet"
Ugw0rV7Sx271jjvydTx4AaABAg.AIYVX3nbq9SAIYaY28xWu8,Колку е важен овај твој коментар за професорката?,neutral,neutral,neutral,negative,0.7,neutral,0.85,5,neutral,2,False,4,0.8,True,True,True,False,True,Gemma
Ugw0rV7Sx271jjvydTx4AaABAg.AIYVX3nbq9SAIYb0c9BOwV,@мацедониа.мк1 аз изкажувам факти а дали е важен за така наречената професорка не ме интересира,neutral,negative,neutral,neutral,0.8,negative,0.81,5,neutral,2,False,3,0.6,True,False,True,True,False,"NLPTown, Llama"
Ugw0rV7Sx271jjvydTx4AaABAg.AIYVX3nbq9SAIYpSgZFTrR,<УСЕР>.мк1 Може да не е важен за неја ама е истина. Ништо не е важно за такива хора - само и само да се размие истината.,neutral,negative,neutral,negative,0.72,negative,0.8,5,negative,2,False,3,0.6,False,True,False,True,True,"CardiffNLP, BERTweet"
Ugw0rV7Sx271jjvydTx4AaABAg.AIYVX3nbq9SAIYyJKdOuMp,@вассилрајтчев4736А според тебе ВИСТИНА Е ТОА ШТО ТЕБЕ ТИ ОДГОВАРА?,neutral,negative,neutral,negative,0.5,positive,0.95,5,,3,False,0,0.0,False,False,False,False,False,
Ugw0rV7Sx271jjvydTx4AaABAg.AIYVX3nbq9SAIZIn7is3ai,<УСЕР>.мк1 Нити на мене нити на тебе има што да одговара. Ова се фактите едноставно. Од латински ФАЦТУС - веке одамна направено.,neutral,negative,neutral,neutral,0.7,neutral,0.85,5,neutral,2,False,4,0.8,True,False,True,True,True,NLPTown
Ugw0rV7Sx271jjvydTx4AaABAg.AIYVX3nbq9SAId8luAFmlU,<УСЕР> МАКЕДОНСКИ НАРОД -- ЛУЃЕ ! ! хора... у Црно море.,neutral,negative,neutral,positive,0.85,positive,0.95,5,,3,False,0,0.0,False,False,False,False,False,
Ugw0rV7Sx271jjvydTx4AaABAg.AIYVX3nbq9SAIfE522A7fj,@татјанавелкова5814У..ин Вардарот...ВИВА НОРТХ МАЦЕДОНИА... ФРОМ 2018,neutral,negative,neutral,positive,0.85,positive,0.95,5,,3,False,0,0.0,False,False,False,False,False,
Ugw0rV7Sx271jjvydTx4AaABAg.AIYVX3nbq9SAIiclo7Xuif,<УСЕР> ТХИС ИС МАЦЕДОНИАН МЕДИУМ ! ! !,neutral,negative,neutral,negative,0.8,negative,1.0,5,negative,2,False,3,0.6,False,True,False,True,True,"CardiffNLP, BERTweet"
Ugw0rV7Sx271jjvydTx4AaABAg.AIYVX3nbq9SAIjUTcrnWVq,@татјанавелкова5814ТХИС ИС А НОРТХ МАЦЕДОНИАН...ВИТХ А СЕРБИНИЗЕД ДИАЛЕЦТ ОФ БУЛГАРИАН ЛАНГУАГЕ...,neutral,negative,neutral,negative,0.8,negative,0.95,5,negative,2,False,3,0.6,False,True,False,True,True,"CardiffNLP, BERTweet"
Ugw0rV7Sx271jjvydTx4AaABAg.AIYVX3nbq9SAIkuX59PBOg,<УСЕР>-рв2бс МАЦЕДОНИАН ЛАНГУАГЕ ИН МАКЕДОНИЈА. 25 ЦЕНТУРИЕС ! ! !,neutral,negative,neutral,negative,0.8,positive,0.95,5,,3,False,0,0.0,False,False,False,False,False,
Ugw0rV7Sx271jjvydTx4AaABAg.AIYVX3nbq9SAIkvSJ6TN6N,@татјанавелкова5814ИН НОРТХ МАЦЕДОНИА АРЕ СПЕАКИНГ А СЕРБИНИЗЕД ДИАЛЕЦТ ОФ БУЛГАРИАН ЛАНГУАГЕ... АЛВАЈС АНД ФОРЕВЕР,neutral,negative,neutral,negative,0.8,negative,0.95,5,negative,2,False,3,0.6,False,True,False,True,True,"CardiffNLP, BERTweet"
Ugw0rV7Sx271jjvydTx4AaABAg.AIYVX3nbq9SAIkvaAsFwBH,<УСЕР>-рв2бс МАКЕДОНСКИ ЈАЗИК во МАКЕДОНИЈА ! !,neutral,positive,neutral,positive,0.85,positive,0.95,5,positive,2,False,3,0.6,False,True,False,True,True,"CardiffNLP, BERTweet"
Ugw0rV7Sx271jjvydTx4AaABAg.AIYVX3nbq9SAIkxiP3ETjv,@татјанавелкова5814ИН НОРТХ МАЦЕДОНИА АРЕ СПЕАКИНГ А СЕРБИНИЗЕД ДИАЛЕЦТ ОФ БУЛГАРИАН ЛАНГУАГЕ... АЛВАЈС АНД ФОРЕВЕР,neutral,negative,neutral,negative,0.8,negative,0.95,5,negative,2,False,3,0.6,False,True,False,True,True,"CardiffNLP, BERTweet"
Ugw0rV7Sx271jjvydTx4AaABAg.AIYVX3nbq9SAIl0GBXxXjl,<УСЕР>-рв2бс МАЦЕДОНИАН ЛАНГУАГЕ ИН МАКЕДОНИЈА ! ! !,neutral,negative,neutral,negative,0.8,negative,0.95,5,negative,2,False,3,0.6,False,True,False,True,True,"CardiffNLP, BERTweet"
Ugw0rV7Sx271jjvydTx4AaABAg.AIYVX3nbq9SAImFJW8gTb4,@татјанавелкова5814ИН НОРТХ МАЦЕДОНИА АРЕ СПЕАКИНГ А СЕРБИНИЗЕД ДИАЛЕЦТ ОФ БУЛГАРИАН ЛАНГУАГЕ... АЛВАЈС АНД ФОРЕВЕР,neutral,negative,neutral,negative,0.8,negative,0.95,5,negative,2,False,3,0.6,False,True,False,True,True,"CardiffNLP, BERTweet"
Ugw0rV7Sx271jjvydTx4AaABAg.AIYVX3nbq9SAIp0gM-neRp,<УСЕР>-рв2бс диалецт.... зеро.,neutral,negative,neutral,neutral,0.85,negative,0.94,5,neutral,2,False,3,0.6,True,False,True,True,False,"NLPTown, Llama"
Ugw0rV7Sx271jjvydTx4AaABAg.AIYVX3nbq9SAIp1Co9bTjU,@татјанавелкова5814ИН НОРТХ МАЦЕДОНИА АРЕ СПЕАКИНГ А СЕРБИНИЗЕД ДИАЛЕЦТ ОФ БУЛГАРИАН ЛАНГУАГЕ... АЛВАЈС АНД ФОРЕВЕР...,neutral,negative,neutral,negative,0.8,negative,0.95,5,negative,2,False,3,0.6,False,True,False,True,True,"CardiffNLP, BERTweet"
Ugw0rV7Sx271jjvydTx4AaABAg.AIYVX3nbq9SAIpRd66pxe1,<УСЕР>-рв2бс МАЦЕДОНИАН ЛАНГУАГЕ 25 ЦЕНТУРИЕС ! ! !,neutral,negative,neutral,negative,0.8,positive,0.95,5,,3,False,0,0.0,False,False,False,False,False,
Ugw0rV7Sx271jjvydTx4AaABAg.AIYVX3nbq9SAIpSpt_Xq1v,@татјанавелкова5814ИН НОРТХ МАЦЕДОНИА АРЕ СПЕАКИНГ А СЕРБИНИЗЕД ДИАЛЕЦТ ОФ БУЛГАРИАН ЛАНГУАГЕ.. АЛВАЈС АНД ФОРЕВЕР,neutral,negative,neutral,negative,0.8,negative,0.95,5,negative,2,False,3,0.6,False,True,False,True,True,"CardiffNLP, BERTweet"
Ugw0rV7Sx271jjvydTx4AaABAg.AIYVX3nbq9SAIpweINf-HO,<УСЕР>-рв2бс ИН МАКЕДОНИЈА --- МАЦЕДОНИАН ЛАНГУАГЕ ! !,neutral,negative,neutral,negative,0.8,negative,0.95,5,negative,2,False,3,0.6,False,True,False,True,True,"CardiffNLP, BERTweet"
Ugw0rV7Sx271jjvydTx4AaABAg.AIYVX3nbq9SAIpyQjYKNNI,@татјанавелкова5814ИН НОРТХ МАЦЕДОНИА АРЕ СПЕАКИНГ А СЕРБИНИЗЕД ДИАЛЕЦТ ОФ БУЛГАРИАН ЛАНГУАГЕ.. АЛВАЈС АНД ФОРЕВЕР,neutral,negative,neutral,negative,0.8,negative,0.95,5,negative,2,False,3,0.6,False,True,False,True,True,"CardiffNLP, BERTweet"
Ugw0rV7Sx271jjvydTx4AaABAg.AIYVX3nbq9SAIqRLHi2abO,<УСЕР>-рв2бс срби.. у Дунав. МАКЕДОНЦИ во МАКЕДОНИЈА ! !,neutral,negative,neutral,negative,0.8,negative,0.95,5,negative,2,False,3,0.6,False,True,False,True,True,"CardiffNLP, BERTweet"
Ugw0rV7Sx271jjvydTx4AaABAg.AIYVX3nbq9SAIqf-624f7v,<УСЕР>-рв2бс МАКЕДОНСКИ ЈАЗИК --- 25 ВЕКА ! ! !,neutral,positive,neutral,neutral,0.85,positive,0.95,5,neutral,2,False,3,0.6,True,False,True,True,False,"NLPTown, Llama"
Ugw0rV7Sx271jjvydTx4AaABAg.AIYVX3nbq9SAIqkyLUv__5,@татјанавелкова5814ИН НОРТХ МАЦЕДОНИА АРЕ СПЕАКИНГ А СЕРБИНИЗЕД ДИАЛЕЦТ ОФ БУЛГАРИАН ЛАНГУАГЕ... АЛВАЈС АНД ФОРЕВЕР...,neutral,negative,neutral,negative,0.8,negative,0.95,5,negative,2,False,3,0.6,False,True,False,True,True,"CardiffNLP, BERTweet"
Ugw0rV7Sx271jjvydTx4AaABAg.AIYVX3nbq9SAIsQuxuThiK,МАЦЕДОНИАНС СПЕАК МАЦЕДОНИАН ЛАНГУАГЕ. 25 ЦЕНТУРИЕС ! ! !,neutral,positive,neutral,negative,0.8,negative,0.95,5,,3,False,0,0.0,False,False,False,False,False,
Ugw0rV7Sx271jjvydTx4AaABAg.AIYVX3nbq9SAIsUmFPauBj,@татјанавелкова5814НОПЕ ...ИН НОРТХ МАЦЕДОНИА АРЕ СПЕАКИНГ А СЕРБИНИЗЕД ДИАЛЕЦТ ОФ БУЛГАРИАН ЛАНГУАГЕ... АЛВАЈС АНД ФОРЕВЕР...ВИВА НОРТХ МАЦЕДОНИА,neutral,negative,neutral,negative,0.8,negative,0.95,5,negative,2,False,3,0.6,False,True,False,True,True,"CardiffNLP, BERTweet"
Ugw0rV7Sx271jjvydTx4AaABAg.AIYVX3nbq9SAIwsh7Ty1AL,<УСЕР>-рв2бс ДА З'ИВЕЕ М А К Е Д О Н И Ј А ! ! !,neutral,negative,neutral,positive,0.95,negative,0.95,5,,3,False,0,0.0,False,False,False,False,False,
Ugw0rV7Sx271jjvydTx4AaABAg.AIYVX3nbq9SAIwtE55Rhfe,<УСЕР>-рв2бс МАКЕДОНСКИ ЈАЗИК во МАКЕДОНИЈА ! ! !,neutral,positive,neutral,positive,0.85,positive,0.95,5,positive,2,False,3,0.6,False,True,False,True,True,"CardiffNLP, BERTweet"
Ugw0rV7Sx271jjvydTx4AaABAg.AIYVX3nbq9SAIxlGl_cr0h,<УСЕР>-рв2бс диалецт.... оут.,neutral,negative,neutral,negative,0.8,negative,0.94,5,negative,2,False,3,0.6,False,True,False,True,True,"CardiffNLP, BERTweet"
Ugw0rV7Sx271jjvydTx4AaABAg.AIYVX3nbq9SAIzE9dgfHmG,@татјанавелкова5814ВИВА НОРТХ МАЦЕДОНИА... ФРОМ 2018,neutral,negative,neutral,negative,0.6,positive,0.95,5,,3,False,0,0.0,False,False,False,False,False,
Ugw0rV7Sx271jjvydTx4AaABAg.AIYVX3nbq9SAIzEC9X_7YQ,@татјанавелкова5814ИН НОРТХ МАЦЕДОНИА АРЕ СПЕАКИНГ А СЕРБИНИЗЕД ДИАЛЕЦТ ОФ БУЛГАРИАН ЛАНГУАГЕ... АЛВАЈС АНД ФОРЕВЕР,neutral,negative,neutral,negative,0.8,negative,0.95,5,negative,2,False,3,0.6,False,True,False,True,True,"CardiffNLP, BERTweet"
Ugw0rV7Sx271jjvydTx4AaABAg.AIYVX3nbq9SAJ-Ms7aUvaa,<УСЕР>-рв2бс МАЦЕДОНИАНС СПЕАК МАЦЕДОНИАН ЛАНГУАГЕ ! !,neutral,negative,neutral,negative,0.8,negative,1.0,5,negative,2,False,3,0.6,False,True,False,True,True,"CardiffNLP, BERTweet"
Ugw0rV7Sx271jjvydTx4AaABAg.AIYVX3nbq9SAJ-N_h68CKc,@татјанавелкова5814НОПЕ...ИН НОРТХ МАЦЕДОНИА АРЕ СПЕАКИНГ А СЕРБИНИЗЕД ДИАЛЕЦТ ОФ БУЛГАРИАН ЛАНГУАГЕ... АЛВАЈС АНД ФОРЕВЕР,neutral,negative,neutral,negative,0.8,negative,0.95,5,negative,2,False,3,0.6,False,True,False,True,True,"CardiffNLP, BERTweet"
Ugw0rV7Sx271jjvydTx4AaABAg.AIYVX3nbq9SAJ-OMnQK3xb,<УСЕР>-рв2бс МАКЕДОНСКИ ЈАЗИК во МАКЕДОНИЈА ! ! !,neutral,positive,neutral,positive,0.85,positive,0.95,5,positive,2,False,3,0.6,False,True,False,True,True,"CardiffNLP, BERTweet"
Ugw0rV7Sx271jjvydTx4AaABAg.AIYVX3nbq9SAJ0ooZTE5lC,<УСЕР>-рв2бс МАЦЕДОНИАН ЛАНГУАГЕ -- 25 ЦЕНТУРИЕС ! ! !,neutral,negative,neutral,negative,0.8,positive,0.95,5,,3,False,0,0.0,False,False,False,False,False,
Ugw0rV7Sx271jjvydTx4AaABAg.AIYVX3nbq9SAJ3cwpz0UyW,@татјанавелкова5814НОПЕ...ИН НОРТХ МАЦЕДОНИА АРЕ СПЕАКИНГ А СЕРБИНИЗЕД ДИАЛЕЦТ ОФ БУЛГАРИАН ЛАНГУАГЕ... АЛВАЈС АНД ФОРЕВЕР...,neutral,negative,neutral,negative,0.8,negative,0.99,5,negative,2,False,3,0.6,False,True,False,True,True,"CardiffNLP, BERTweet"
Ugw0rV7Sx271jjvydTx4AaABAg.AIYVX3nbq9SAJ3cz_m0TnC,@татјанавелкова5814НОПЕ...ИН НОРТХ МАЦЕДОНИА АРЕ СПЕАКИНГ А СЕРБИНИЗЕД ДИАЛЕЦТ ОФ БУЛГАРИАН ЛАНГУАГЕ... АЛВАЈС АНД ФОРЕВЕР,neutral,negative,neutral,negative,0.8,negative,0.95,5,negative,2,False,3,0.6,False,True,False,True,True,"CardiffNLP, BERTweet"
Ugw0rV7Sx271jjvydTx4AaABAg.AIYVX3nbq9SAJ6tj7-Lu3F,ИН МАКЕДОНИЈА --- 25 ЦЕНТУРИЕС МАЦЕДОНИАН ЛАНГУАГЕ ! !,neutral,negative,neutral,negative,0.8,positive,0.95,5,,3,False,0,0.0,False,False,False,False,False,
Ugw0rV7Sx271jjvydTx4AaABAg.AIYVX3nbq9SAJ7Ei5Or2mV,@татјанавелкова5814ИН НОРТХ МАЦЕДОНИА АРЕ СПЕАКИНГ А СЕРБИНИЗЕД ДИАЛЕЦТ ОФ БУЛГАРИАН ЛАНГУАГЕ... АЛВАЈС АНД ФОРЕВЕР...,neutral,negative,neutral,negative,0.8,negative,0.95,5,negative,2,False,3,0.6,False,True,False,True,True,"CardiffNLP, BERTweet"
Ugw0rV7Sx271jjvydTx4AaABAg.AIYVX3nbq9SAJ988DN5AuV,<УСЕР>-рв2бс диалецт... 0. МАЦЕДОНИАН ЛАНГУАГЕ --- 25 ЦЕНТУРИЕС ! !,neutral,negative,neutral,negative,0.8,negative,0.94,5,negative,2,False,3,0.6,False,True,False,True,True,"CardiffNLP, BERTweet"
Ugw0rV7Sx271jjvydTx4AaABAg.AIYVX3nbq9SAJ9H4ZaXzrz,@татјанавелкова5814ТХЕ ТРУТХ - ИН НОРТХ МАЦЕДОНИА АРЕ СПЕАКИНГ А СЕРБИНИЗЕД ДИАЛЕЦТ ОФ БУЛГАРИАН ЛАНГУАГЕ.. АЛВАЈС АНД ФОРЕВЕР,neutral,negative,neutral,negative,0.8,negative,0.95,5,negative,2,False,3,0.6,False,True,False,True,True,"CardiffNLP, BERTweet"
Ugw0rV7Sx271jjvydTx4AaABAg.AIYVX3nbq9SAJ9dPQb9Ilz,. ВИСТИНА : МАКЕДОНЦИ ЗБОРУВААТ МАКЕДОНСКИ ЈАЗИК ! !,neutral,negative,neutral,negative,0.8,negative,1.0,5,negative,2,False,3,0.6,False,True,False,True,True,"CardiffNLP, BERTweet"
Ugw0rV7Sx271jjvydTx4AaABAg.AIYVX3nbq9SAJ9dnoueFuB,<УСЕР>-рв2бс МАКЕДОНСКИ ЈАЗИК во МАКЕДОНИЈА ! ! !,neutral,positive,neutral,positive,0.85,positive,0.95,5,positive,2,False,3,0.6,False,True,False,True,True,"CardiffNLP, BERTweet"
Ugw0rV7Sx271jjvydTx4AaABAg.AIYVX3nbq9SAJBJY0C5-w-,<УСЕР>-рв2бс ТРУТХ : ИН МАКЕДОНИЈА СПЕАК МАЦЕДОНИАН ЛАНГУАГЕ ! ! !,neutral,negative,neutral,positive,0.85,negative,0.95,5,,3,False,0,0.0,False,False,False,False,False,
Ugw0rV7Sx271jjvydTx4AaABAg.AIYVX3nbq9SAJBLby_ewcT,@татјанавелкова5814РЕАЛИТЈ:ИН НОРТХ МАЦЕДОНИА АРЕ СПЕАКИНГ А СЕРБИНИЗЕД ДИАЛЕЦТ ОФ БУЛГАРИАН ЛАНГУАГЕ... АЛВАЈС АНД ФОРЕВЕР,neutral,negative,neutral,negative,0.8,negative,0.95,5,negative,2,False,3,0.6,False,True,False,True,True,"CardiffNLP, BERTweet"
Ugw0rV7Sx271jjvydTx4AaABAg.AIYVX3nbq9SAJBRtDPj0q5,<УСЕР>-рв2бс срб... булгар ? МАЦЕДОНИАН ЛАНГУАГЕ --- 25 ЦЕНТУРИЕС ! !,neutral,negative,neutral,negative,0.8,negative,0.95,5,negative,2,False,3,0.6,False,True,False,True,True,"CardiffNLP, BERTweet"
Ugw0rV7Sx271jjvydTx4AaABAg.AIYVX3nbq9SAJBWbELQEB3,@татјанавелкова5814АГАИН - ИН НОРТХ МАЦЕДОНИА АРЕ СПЕАКИНГ А СЕРБИНИЗЕД ДИАЛЕЦТ ОФ БУЛГАРИАН ЛАНГУАГЕ...ЛИКЕ ЈОУ... АЛВАЈС АНД ФОРЕВЕР... ОНЛЈ НОРТХ МАЦЕДОНИА... ФРОМ 2018,neutral,negative,neutral,negative,0.8,negative,0.95,5,negative,2,False,3,0.6,False,True,False,True,True,"CardiffNLP, BERTweet"
Ugw0rV7Sx271jjvydTx4AaABAg.AIYVX3nbq9SAJBX5KONwva,@татјанавелкова5814ИН НОРТХ МАЦЕДОНИА АРЕ СПЕАКИНГ А СЕРБИНИЗЕД ДИАЛЕЦТ ОФ БУЛГАРИАН ЛАНГУАГЕ... ЛИКЕ ЈОУ... АЛВАЈС АНД ФОРЕВЕР....,neutral,negative,neutral,negative,0.8,negative,0.95,5,negative,2,False,3,0.6,False,True,False,True,True,"CardiffNLP, BERTweet"
Ugw0rV7Sx271jjvydTx4AaABAg.AIYVX3nbq9SAJBj4QoLmZr,<УСЕР>-рв2бс јоу.... оут. МАЦЕДОНИАНС СПЕАК МАЦЕДОНИАН ЛАНГУАГЕ ! !,neutral,negative,neutral,negative,0.8,negative,0.95,5,negative,2,False,3,0.6,False,True,False,True,True,"CardiffNLP, BERTweet"
Ugw0rV7Sx271jjvydTx4AaABAg.AIYVX3nbq9SAJBm75szuA7,<УСЕР>-рв2бс МАКЕДОНСКИ ЈАЗИК во МАКЕДОНИЈА ! !,neutral,positive,neutral,positive,0.85,positive,0.95,5,positive,2,False,3,0.6,False,True,False,True,True,"CardiffNLP, BERTweet"
Ugw0rV7Sx271jjvydTx4AaABAg.AIYVX3nbq9SAJBmHlDG0tP,<УСЕР>-рв2бс МАЦЕДОНИАН ЛАНГУАГЕ ин МАКЕДОНИЈА. 25 ЦЕНТУРИЕС ! ! !,neutral,negative,neutral,negative,0.8,positive,0.95,5,,3,False,0,0.0,False,False,False,False,False,
Ugw0rV7Sx271jjvydTx4AaABAg.AIYVX3nbq9SAJDJGuak4n0,@татјанавелкова5814ИН НОРТХ МАЦЕДОНИА АРЕ СПЕАКИНГ А СЕРБИНИЗЕД ДИАЛЕЦТ ОФ БУЛГАРИАН ЛАНГУАГЕ... АЛВАЈС АНД ФОРЕВЕР,neutral,negative,neutral,negative,0.8,negative,0.95,5,negative,2,False,3,0.6,False,True,False,True,True,"CardiffNLP, BERTweet"
Ugw0rV7Sx271jjvydTx4AaABAg.AIYVX3nbq9SAJDSsLw5yP_,<УСЕР>-рв2бс диалецт....####.,neutral,negative,neutral,negative,0.8,neutral,0.85,5,neutral,2,False,3,0.6,True,False,True,False,True,"NLPTown, Gemma"
Ugw0rV7Sx271jjvydTx4AaABAg.AIYVX3nbq9SAJDWe1FCbgf,@татјанавелкова5814ИН НОРТХ МАЦЕДОНИА АРЕ СПЕАКИНГ А СЕРБИНИЗЕД ДИАЛЕЦТ ОФ БУЛГАРИАН ЛАНГУАГЕ... АЛВАЈС АНД ФОРЕВЕР....ВИВА НОРТХ МАЦЕДОНИА,neutral,negative,neutral,negative,0.8,positive,0.95,5,,3,False,0,0.0,False,False,False,False,False,
Ugw0rV7Sx271jjvydTx4AaABAg.AIYVX3nbq9SAJDX7NNkvLD,<УСЕР>-рв2бс јоу..... оут. МАЦЕДОНИАНС СПЕАК МАЦЕДОНИАН ЛАНГУАГЕ ! ! !,neutral,negative,neutral,negative,0.8,negative,0.95,5,negative,2,False,3,0.6,False,True,False,True,True,"CardiffNLP, BERTweet"
Ugw0rV7Sx271jjvydTx4AaABAg.AIYVX3nbq9SAJDeUwwq_F3,@татјанавелкова5814У...ин Вардарот...анд алвајс анд форевер...Ин Нортх Мацедониа аре спеакинг а СЕРБИНИЗЕД ДИАЛЕЦТ ОФ БУЛГАРИАН ЛАНГУАГЕ....ВИВА НОРТХ МАЦЕДОНИА...,neutral,negative,neutral,positive,0.85,negative,0.95,5,,3,False,0,0.0,False,False,False,False,False,
Ugw0rV7Sx271jjvydTx4AaABAg.AIYVX3nbq9SAJDyMog0DS8,<УСЕР>-рв2бс ВАРДАР --- РИВЕР ИН МАКЕДОНИЈА ! !,neutral,negative,neutral,negative,0.8,negative,0.95,5,negative,2,False,3,0.6,False,True,False,True,True,"CardiffNLP, BERTweet"
Ugw0rV7Sx271jjvydTx4AaABAg.AIYVX3nbq9SAJEN_1Xd0yL,@татјанавелкова5814АЛВАЈС АНД ФОРЕВЕР... ВАРДАРОТ -РИВЕР ИН НОРТХ МАЦЕДОНИА....,neutral,negative,neutral,positive,0.95,negative,1.0,5,,3,False,0,0.0,False,False,False,False,False,
UgwSWl9uCT6Fl3wXJhd4AaABAg,"Има и северзани има и усте 3 други страни,слепци ни заедни,",negative,negative,neutral,negative,0.8,negative,0.95,5,negative,2,False,4,0.8,True,True,False,True,True,BERTweet
Ugxb6ZqGFArZIRQWNR94AaABAg,"Какав панславизам бре? Нали ни наричате турци и татари? Когато кажеш една лажа, после трјабва да кажеш оште 100 лажи, за да оправдаеш парвата лажа.",negative,negative,neutral,negative,0.75,negative,0.95,5,negative,2,False,4,0.8,True,True,False,True,True,BERTweet
Ugxb6ZqGFArZIRQWNR94AaABAg.AIYxi1W597tAJDTVafnH1R,. ТХИС ИС МАЦЕДОНИАН МЕДИУМ ! ! !,neutral,positive,neutral,negative,0.8,negative,1.0,5,,3,False,0,0.0,False,False,False,False,False,
Ugxb6ZqGFArZIRQWNR94AaABAg.AIYxi1W597tAJckuXTeVUY,"Вие како Бугари, зборувавте дијалект на Турскиот јазикк, Тангра вера. Дојдовте на Македонскиот полуостров земавте словенски(Македонски) јазик од околина на Солун, Грците ве покрстија станавте Христијани како услов по поразот со Византија. Името го задржавте Бугари, така и новиот јазик го нарековте со тоа име. Што не тие јасно, станавте Словени. Потеклото си го знаете, Татарско. Проблем е што сакате да не негирате, со лаги, сте биле Тракијци и слично. Ние кој ви дадовме јазик вера ""сме биле Бугари"". Поздрав",neutral,negative,neutral,negative,0.8,negative,0.95,5,negative,2,False,3,0.6,False,True,False,True,True,"CardiffNLP, BERTweet"
Ugxb6ZqGFArZIRQWNR94AaABAg.AIYxi1W597tAJd-zT_Tspp,<УСЕР>-дм5вв Така ви лаже великосрабската пропаганда. Македонизмат е великосрабска лажа.,neutral,negative,neutral,negative,0.8,negative,0.95,5,negative,2,False,3,0.6,False,True,False,True,True,"CardiffNLP, BERTweet"
Ugxb6ZqGFArZIRQWNR94AaABAg.AIYxi1W597tAJdg9c3ZCGx,ПХИЛИП КИНГДОМ бефоре 25 центуриес. Византиа бефоре 13 центуриес.,neutral,negative,neutral,neutral,0.85,neutral,1.0,5,neutral,2,False,4,0.8,True,False,True,True,True,NLPTown
Ugxb6ZqGFArZIRQWNR94AaABAg.AIYxi1W597tAJdnds74WGb,<УСЕР>-дм5вв Старите ви срабски лажи.,negative,positive,neutral,negative,0.8,negative,1.0,5,negative,3,False,3,0.6,True,False,False,True,True,"NLPTown, BERTweet"
Ugxrb6IyYD1Mp-1rXOB4AaABAg,Па немало кои д аобиасни на братиа миладинови це има.титови македонци😂😂,negative,negative,neutral,negative,0.8,negative,0.95,5,negative,2,False,4,0.8,True,True,False,True,True,BERTweet
Ugxrb6IyYD1Mp-1rXOB4AaABAg.AIZ1zmI7VDaAId8dOTjsST,ДИМИТАР и КОНСТАНТИН родени во Струга -- МАКЕДОНИЈА. . БРАК'А МИЛАДИНОВИ СЕ М А К Е Д О Н Ц И ! !,neutral,positive,neutral,neutral,0.85,negative,1.0,5,neutral,3,False,3,0.6,True,False,True,True,False,"NLPTown, Llama"
Ugxrb6IyYD1Mp-1rXOB4AaABAg.AIZ1zmI7VDaAIdB3hO4hXU,МАКЕДОНСКИ НАРОД --- 25 ВЕКА ! ! Тито.. у Београд.,neutral,positive,neutral,positive,0.85,positive,0.95,5,positive,2,False,3,0.6,False,True,False,True,True,"CardiffNLP, BERTweet"
Ugxrb6IyYD1Mp-1rXOB4AaABAg.AIZ1zmI7VDaAIfDYbSehNk,@татјанавелкова5814ТХЕЈ АЛВАЈС ХАВЕ БЕЕН БУЛГАРИАНС ❤️🇧🇬💪🇧🇬,neutral,negative,neutral,positive,0.92,positive,0.95,5,,3,False,0,0.0,False,False,False,False,False,
Ugxrb6IyYD1Mp-1rXOB4AaABAg.AIZ1zmI7VDaAIfDaTNIuvl,@татјанавелкова5814ИН НОРТХ МАЦЕДОНИА... НОРТХ МАЦЕДОНИАНС... ФРОМ 2018,neutral,negative,neutral,negative,0.8,negative,1.0,5,negative,2,False,3,0.6,False,True,False,True,True,"CardiffNLP, BERTweet"
Ugxrb6IyYD1Mp-1rXOB4AaABAg.AIZ1zmI7VDaAIfr5qzxKR2,МАЦЕДОНИАНС 25 ЦЕНТУРИЕС АРЕ МАЦЕДОНИАНС ! ! !,neutral,positive,neutral,negative,0.8,negative,1.0,5,,3,False,0,0.0,False,False,False,False,False,
Ugxrb6IyYD1Mp-1rXOB4AaABAg.AIZ1zmI7VDaAIfrgAh6EaV,@татјанавелкова5814ВИВА НОРТХ МАЦЕДОНИА.. ФРОМ 2018,neutral,negative,neutral,negative,0.65,positive,0.95,5,,3,False,0,0.0,False,False,False,False,False,
UgyHBkVqWqO2EGcoEoN4AaABAg,Те го и Раико Зинзифоф па имаме уцилисте ви македони крастено на негó ето Сто псувал Раико карвава косулија В БАЛГАРСКА ми Мила земиа има мало гратце то се вели прилеп Там е зивел кралот марко😂😂,neutral,negative,neutral,negative,0.8,negative,0.95,5,negative,2,False,3,0.6,False,True,False,True,True,"CardiffNLP, BERTweet"
UgyHBkVqWqO2EGcoEoN4AaABAg.AIZ43FjbBTqAId7jPdLCt5,КРАЛ МАРКО роден 1335 година во Прилеп -- МАКЕДОНИЈА ! ! !,neutral,positive,neutral,positive,0.98,positive,0.95,5,positive,2,False,3,0.6,False,True,False,True,True,"CardiffNLP, BERTweet"
UgyHBkVqWqO2EGcoEoN4AaABAg.AIZ43FjbBTqAIfDNnT9qbS,@татјанавелкова5814ЛИЕС ФРОМ А ПРОВЕН ФУЛЛЈ ПАИД СЕВЕРДЗАН ТРОЛЛ ФРОМ НОРТХ МАЦЕДОНИА ВИТХ РУССИАН НАМЕ ТАТЈАНА ВХО СПЕАКС А СЕРБИНИЗЕД ДИАЛЕЦТ ОФ БУЛГАРИАН ЛАНГУАГЕ...,neutral,negative,neutral,negative,0.85,negative,0.94,5,negative,2,False,3,0.6,False,True,False,True,True,"CardiffNLP, BERTweet"
Ugzo-qg3Ohed9emGqxd4AaABAg,😂😂😂срам немате ли бреее😂,negative,negative,neutral,negative,0.8,negative,0.95,5,negative,2,False,4,0.8,True,True,False,True,True,BERTweet
Ugzo-qg3Ohed9emGqxd4AaABAg.AIZ2t7E1QaMAJ6uCGgsmUD,. ти.... блееј.,negative,negative,neutral,negative,0.8,negative,1.0,5,negative,2,False,4,0.8,True,True,False,True,True,BERTweet
Ugw46BiszmmPyWgg-r54AaABAg,Није могуче! Пчињскобрегалничкиот регион на Србија. Јазикот на Љамевич! 🎉🎉🎉🎉,positive,negative,neutral,negative,0.8,negative,1.0,5,negative,3,False,3,0.6,False,True,False,True,True,"CardiffNLP, BERTweet"
Ugw46BiszmmPyWgg-r54AaABAg.AIYeRq6FQjQAId9MN9VASj,. Река Брегалница 25 века е во МАКЕДОНИЈА ! !,neutral,positive,neutral,positive,0.85,positive,0.95,5,positive,2,False,3,0.6,False,True,False,True,True,"CardiffNLP, BERTweet"
Ugw46BiszmmPyWgg-r54AaABAg.AIYeRq6FQjQAIfDjltj-Ct,@татјанавелкова5814НОПЕ ...ИН НОРТХ МАЦЕДОНИА... ФРОМ 2018,neutral,negative,neutral,negative,0.6,negative,1.0,5,negative,2,False,3,0.6,False,True,False,True,True,"CardiffNLP, BERTweet"
UgxNfVR3rb1IriRq_0J4AaABAg,Вие в РСМ сте бибали/бивши балгари/.Бибал.,negative,negative,neutral,negative,0.8,negative,1.0,5,negative,2,False,4,0.8,True,True,False,True,True,BERTweet
UgxNfVR3rb1IriRq_0J4AaABAg.AIYe-rrWjfsAId9p-2LDCw,во МАКЕДОНИЈА --- 25 ВЕКА МАКЕДОНЦИ ! ! !,neutral,positive,neutral,positive,0.85,positive,0.95,5,positive,2,False,3,0.6,False,True,False,True,True,"CardiffNLP, BERTweet"
UgxNfVR3rb1IriRq_0J4AaABAg.AIYe-rrWjfsAIfDxsVPjnr,@татјанавелкова5814ВИВА НОРТХ МАЦЕДОНИА... ФРОМ 2018,neutral,negative,neutral,negative,0.6,positive,0.95,5,,3,False,0,0.0,False,False,False,False,False,
UgxNfVR3rb1IriRq_0J4AaABAg.AIYe-rrWjfsAIfrNQE534i,<УСЕР>-рв2бс ДА З'ИВЕЕ МАКЕДОНИЈА ! !,neutral,negative,neutral,positive,0.95,positive,0.95,5,,3,False,0,0.0,False,False,False,False,False,
UgxNfVR3rb1IriRq_0J4AaABAg.AIYe-rrWjfsAIfrmhnuNbK,@татјанавелкова5814 ВИВА НОРТХ МАЦЕДОНИА... ФРОМ 2018,neutral,negative,neutral,positive,0.85,positive,0.95,5,,3,False,0,0.0,False,False,False,False,False,
UgxNfVR3rb1IriRq_0J4AaABAg.AIYe-rrWjfsAIfsA81LSgY,<УСЕР>-рв2бс В И В А М А К Е Д О Н И Ј А ! ! !,neutral,negative,neutral,negative,0.8,negative,0.95,5,negative,2,False,3,0.6,False,True,False,True,True,"CardiffNLP, BERTweet"
UgxNfVR3rb1IriRq_0J4AaABAg.AIYe-rrWjfsAIft-kKsZHd,<УСЕР>-рв2бс И ТАТЈАНА ЛИВЕ ИН МАКЕДОНИЈА ! ! јоу.... вхере ?,neutral,negative,neutral,negative,0.8,positive,0.95,5,,3,False,0,0.0,False,False,False,False,False,
UgxNfVR3rb1IriRq_0J4AaABAg.AIYe-rrWjfsAIfy2WxQmDV,@татјанавелкова5814ВИВА НОРТХ МАЦЕДОНИА,neutral,negative,neutral,neutral,0.65,positive,0.95,5,neutral,3,False,3,0.6,True,False,True,True,False,"NLPTown, Llama"
UgxNfVR3rb1IriRq_0J4AaABAg.AIYe-rrWjfsAIfy5ax43hr,@татјанавелкова5814ЈОУ АРЕ А ПРОВЕН ФУЛЛЈ ПАИД СЕВЕРДЗАН ТРОЛЛ ФРОМ НОРТХ МАЦЕДОНИА ВИТХ РУССИАН НАМЕ ТАТЈАНА ВХО СПЕАКС А СЕРБИНИЗЕД ДИАЛЕЦТ ОФ БУЛГАРИАН ЛАНГУАГЕ АНД ЛИТТЛЕ ЕНГЛИШ...ДО НОТ ФОРГЕТ ТХАТ...,neutral,negative,neutral,negative,0.8,negative,0.99,5,negative,2,False,3,0.6,False,True,False,True,True,"CardiffNLP, BERTweet"
Ugx7gX7P1maetqx1_x94AaABAg,Коцо рацин писувам на простеиси БАЛГАРСКИ иазик 😂😂еби му маико Сто сборувате брее цитаи те 😂,neutral,negative,neutral,negative,0.8,negative,0.95,5,negative,2,False,3,0.6,False,True,False,True,True,"CardiffNLP, BERTweet"
Ugx7gX7P1maetqx1_x94AaABAg.AIZ35LacrZlAId8uP2nKeV,МАЦЕДОНИАНС 25 ЦЕНТУРИЕС СПЕАК МАЦЕДОНИАН ЛАНГУАГЕ ! !,neutral,negative,neutral,negative,0.8,negative,1.0,5,negative,2,False,3,0.6,False,True,False,True,True,"CardiffNLP, BERTweet"
Ugx7gX7P1maetqx1_x94AaABAg.AIZ35LacrZlAIfDQJ2ENt5,@татјанавелкова5814ИН НОРТХ МАЦЕДОНИА АРЕ СПЕАКИНГ А СЕРБИНИЗЕД ДИАЛЕЦТ ОФ БУЛГАРИАН ЛАНГУАГЕ... АЛВАЈС АНД ФОРЕВЕР,neutral,negative,neutral,negative,0.8,negative,0.95,5,negative,2,False,3,0.6,False,True,False,True,True,"CardiffNLP, BERTweet"
Ugx7gX7P1maetqx1_x94AaABAg.AIZ35LacrZlAIfrG8oDJ4I,<УСЕР>-рв2бс МАЦЕДОНИАН ЛАНГУАГЕ ин МАКЕДОНИЈА ! !,neutral,negative,neutral,negative,0.8,negative,0.95,5,negative,2,False,3,0.6,False,True,False,True,True,"CardiffNLP, BERTweet"
Ugx7gX7P1maetqx1_x94AaABAg.AIZ35LacrZlAIfrOWxV9aq,@татјанавелкова5814ИН НОРТХ МАЦЕДОНИА АРЕ СПЕАКИНГ А СЕРБИНИЗЕД ДИАЛЕЦТ ОФ БУЛГАРИАН ЛАНГУАГЕ... АЛВАЈС АНД ФОРЕВЕР,neutral,negative,neutral,negative,0.8,negative,0.95,5,negative,2,False,3,0.6,False,True,False,True,True,"CardiffNLP, BERTweet"
Ugx7gX7P1maetqx1_x94AaABAg.AIZ35LacrZlAIfrY--PYxN,@татјанавелкова5814ИН НОРТХ МАЦЕДОНИА АРЕ СПЕАКИНГ А СЕРБИНИЗЕД ДИАЛЕЦТ ОФ БУЛГАРИАН ЛАНГУАГЕ... АЛВАЈС АНД ФОРЕВЕР,neutral,negative,neutral,negative,0.8,negative,0.95,5,negative,2,False,3,0.6,False,True,False,True,True,"CardiffNLP, BERTweet"
Ugx7gX7P1maetqx1_x94AaABAg.AIZ35LacrZlAIfs3rmQfiA,<УСЕР>-рв2бс МАКЕДОНСКИ ЈАЗИК во МАКЕДОНИЈА ! ! !,neutral,positive,neutral,positive,0.85,positive,0.95,5,positive,2,False,3,0.6,False,True,False,True,True,"CardiffNLP, BERTweet"
Ugx7gX7P1maetqx1_x94AaABAg.AIZ35LacrZlAIfsiKukGQd,М А К Е Д О Н Ц И 25 ВЕКА ЗБОРУВААТ МАКЕДОНСКИ ЈАЗИК ! ! !,neutral,positive,neutral,negative,0.8,negative,1.0,5,,3,False,0,0.0,False,False,False,False,False,
Ugx7gX7P1maetqx1_x94AaABAg.AIZ35LacrZlAIfxqN5yNef,@татјанавелкова5814ИН НОРТХ МАЦЕДОНИА АРЕ СПЕАКИНГ А СЕРБИНИЗЕД ДИАЛЕЦТ ОФ БУЛГАРИАН ЛАНГУАГЕ.. АЛВАЈС АНД ФОРЕВЕР,neutral,negative,neutral,negative,0.8,negative,0.95,5,negative,2,False,3,0.6,False,True,False,True,True,"CardiffNLP, BERTweet"
Ugx7gX7P1maetqx1_x94AaABAg.AIZ35LacrZlAIfxtTxaqe5,@татјанавелкова5814НОПЕ...ИН НОРТХ МАЦЕДОНИА АРЕ СПЕАКИНГ А СЕРБИНИЗЕД ДИАЛЕЦТ ОФ БУЛГАРИАН ЛАНГУАГЕ... АЛВАЈС АНД ФОРЕВЕР,neutral,negative,neutral,negative,0.8,negative,0.95,5,negative,2,False,3,0.6,False,True,False,True,True,"CardiffNLP, BERTweet"
Ugx7gX7P1maetqx1_x94AaABAg.AIZ35LacrZlAIictJU5hct,<УСЕР>-рв2бс МАЦЕДОНИАН ЛАНГУАГЕ ИН МАКЕДОНИЈА ! ! !,neutral,negative,neutral,negative,0.8,negative,0.95,5,negative,2,False,3,0.6,False,True,False,True,True,"CardiffNLP, BERTweet"
Ugx7gX7P1maetqx1_x94AaABAg.AIZ35LacrZlAIjUIis3owd,@татјанавелкова5814ИН НОРТХ МАЦЕДОНИА АРЕ СПЕАКИНГ А СЕРБИНИЗЕД ДИАЛЕЦТ ОФ БУЛГАРИАН ЛАНГУАГЕ... АЛВАЈС АНД ФОРЕВЕР,neutral,negative,neutral,negative,0.8,negative,0.95,5,negative,2,False,3,0.6,False,True,False,True,True,"CardiffNLP, BERTweet"
Ugx7gX7P1maetqx1_x94AaABAg.AIZ35LacrZlAIkv30zcXXE,<УСЕР>-рв2бс диалецт.... зеро.,neutral,negative,neutral,neutral,0.85,negative,0.94,5,neutral,2,False,3,0.6,True,False,True,True,False,"NLPTown, Llama"
Ugx7gX7P1maetqx1_x94AaABAg.AIZ35LacrZlAIkvLw3LLoA,@татјанавелкова5814ИН НОРТХ МАЦЕДОНИА АРЕ СПЕАКИНГ А СЕРБИНИЗЕД ДИАЛЕЦТ ОФ БУЛГАРИАН ЛАНГУАГЕ... АЛВАЈС АНД ФОРЕВЕР...,neutral,negative,neutral,negative,0.8,negative,0.95,5,negative,2,False,3,0.6,False,True,False,True,True,"CardiffNLP, BERTweet"
Ugx7gX7P1maetqx1_x94AaABAg.AIZ35LacrZlAIkw5rLIkXO,<УСЕР>-рв2бс МАЦЕДОНИАН ЛАНГУАГЕ ! ! ! диалецт... зеро.,neutral,negative,neutral,negative,0.8,negative,0.95,5,negative,2,False,3,0.6,False,True,False,True,True,"CardiffNLP, BERTweet"
Ugx7gX7P1maetqx1_x94AaABAg.AIZ35LacrZlAIkxVjTmOFp,@татјанавелкова5814ИН НОРТХ МАЦЕДОНИА АРЕ СПЕАКИНГ А СЕРБИНИЗЕД ДИАЛЕЦТ ОФ БУЛГАРИАН ЛАНГУАГЕ... АЛВАЈС АНД ФОРЕВЕР,neutral,negative,neutral,negative,0.8,negative,0.95,5,negative,2,False,3,0.6,False,True,False,True,True,"CardiffNLP, BERTweet"
Ugx7gX7P1maetqx1_x94AaABAg.AIZ35LacrZlAIl0w2F0L_H,<УСЕР>-рв2бс МАЦЕДОНИАН ЛАНГУАГЕ -- 25 ЦЕНТУРИЕС ! ! !,neutral,negative,neutral,negative,0.8,positive,0.95,5,,3,False,0,0.0,False,False,False,False,False,
Ugx7gX7P1maetqx1_x94AaABAg.AIZ35LacrZlAIl2oG8NqOh,@татјанавелкова5814ИН НОРТХ МАЦЕДОНИА... НОРТХ МАЦЕДОНИАНС... ФРОМ 2018,neutral,negative,neutral,negative,0.8,negative,1.0,5,negative,2,False,3,0.6,False,True,False,True,True,"CardiffNLP, BERTweet"
Ugx7gX7P1maetqx1_x94AaABAg.AIZ35LacrZlAIp11HwUSet,<УСЕР>-рв2бс МАКЕДОНИЈА ИС МАКЕДОНИЈА. МАЦЕДОНИАНС АРЕ МАЦЕДОНИАНС. 25 ЦЕНТУРИЕС ! ! !,neutral,negative,neutral,positive,0.85,positive,0.95,5,,3,False,0,0.0,False,False,False,False,False,
Ugx7gX7P1maetqx1_x94AaABAg.AIZ35LacrZlAIpRsledXdd,<УСЕР>-рв2бс МАКЕДОНИЈА и МАКЕДОНЦИ --- 25 ВЕКА ! ! !,neutral,positive,neutral,positive,0.85,positive,0.95,5,positive,2,False,3,0.6,False,True,False,True,True,"CardiffNLP, BERTweet"
Ugx7gX7P1maetqx1_x94AaABAg.AIZ35LacrZlAIpwxZ0FYti,<УСЕР>-рв2бс МАКЕДОНИЈА ИС МАКЕДОНИЈА ! ! !,neutral,negative,neutral,positive,0.95,positive,0.95,5,,3,False,0,0.0,False,False,False,False,False,
Ugx7gX7P1maetqx1_x94AaABAg.AIZ35LacrZlAIzDr6fXMn_,@татјанавелкова5814ВИВА НОРТХ МАЦЕДОНИА...ФРОМ 2018,neutral,negative,neutral,negative,0.65,positive,0.95,5,,3,False,0,0.0,False,False,False,False,False,
Ugx7gX7P1maetqx1_x94AaABAg.AIZ35LacrZlAIzDt22MmZq,@татјанавелкова5814ФОРЕВЕР НОРТХ МАЦЕДОНИА... ФРОМ 2018,neutral,negative,neutral,negative,0.6,positive,0.95,5,,3,False,0,0.0,False,False,False,False,False,
Ugx7gX7P1maetqx1_x94AaABAg.AIZ35LacrZlAIzDveCOs9s,@татјанавелкова5814НОРТХ МАЦЕДОНИА ФОР НОРТХ МАЦЕДОНИАНС... ФРОМ 2018,neutral,negative,neutral,negative,0.65,positive,0.95,5,,3,False,0,0.0,False,False,False,False,False,
Ugx7gX7P1maetqx1_x94AaABAg.AIZ35LacrZlAJ-N9ydOnFU,. МАКЕДОНИЈА анд МАЦЕДОНИАНС --- 25 ЦЕНТУРИЕС ! ! !,neutral,negative,neutral,negative,0.8,positive,0.95,5,,3,False,0,0.0,False,False,False,False,False,
Ugx7gX7P1maetqx1_x94AaABAg.AIZ35LacrZlAJ-NSq2sxYW,@татјанавелкова5814НОПЕ...ВИВА НОРТХ МАЦЕДОНИА...ФРОМ 2018,neutral,negative,neutral,negative,0.6,positive,1.0,5,,3,False,0,0.0,False,False,False,False,False,
UgxNZ5tVDJdDAo-xdcJ4AaABAg,СИТЕ ПРЕРОДБЕНИЦИ СА БАЛГАРИ,negative,positive,neutral,negative,0.8,negative,1.0,5,negative,3,False,3,0.6,True,False,False,True,True,"NLPTown, BERTweet"
UgxNZ5tVDJdDAo-xdcJ4AaABAg.AIZ6P5KYNEwAId9-BinQlo,МАЦЕДОНИАНС -- 25 ЦЕНТУРИЕС ! ! булгари..140 јеарс.,neutral,negative,neutral,negative,0.85,negative,0.95,5,negative,2,False,3,0.6,False,True,False,True,True,"CardiffNLP, BERTweet"
UgxNZ5tVDJdDAo-xdcJ4AaABAg.AIZ6P5KYNEwAIfDDmkjCFx,@татјанавелкова5814НОРТХ МАЦЕДОНИА... ФРОМ 2018... АЛВАЈС АНД ФОРЕВЕР...,neutral,negative,neutral,positive,0.95,positive,0.95,5,,3,False,0,0.0,False,False,False,False,False,
UgxNZ5tVDJdDAo-xdcJ4AaABAg.AIZ6P5KYNEwAIfrBWPqDV6,МАКЕДОНИЈА анд МАЦЕДОНИАНС --- 25 ЦЕНТУРИЕС ! ! !,neutral,negative,neutral,negative,0.8,positive,0.95,5,,3,False,0,0.0,False,False,False,False,False,
UgxNZ5tVDJdDAo-xdcJ4AaABAg.AIZ6P5KYNEwAIfrJw3u3Wr,@татјанавелкова5814ИН НОРТХ МАЦЕДОНИА... НОРТХ МАЦЕДОНИАНС... ФРОМ 2018,neutral,negative,neutral,negative,0.8,negative,1.0,5,negative,2,False,3,0.6,False,True,False,True,True,"CardiffNLP, BERTweet"
UgxNZ5tVDJdDAo-xdcJ4AaABAg.AIZ6P5KYNEwAIfrzfq1kkS,<УСЕР>-рв2бс јоу вхере... ливе ?,neutral,negative,neutral,negative,0.8,negative,0.94,5,negative,2,False,3,0.6,False,True,False,True,True,"CardiffNLP, BERTweet"
UgxNZ5tVDJdDAo-xdcJ4AaABAg.AIZ6P5KYNEwAIfs_skKjML,<УСЕР>-рв2бс МАКЕДОНИЈА ИС НАМЕ ! !,neutral,positive,neutral,negative,0.8,positive,0.95,5,,3,False,0,0.0,False,False,False,False,False,
UgxNZ5tVDJdDAo-xdcJ4AaABAg.AIZ6P5KYNEwAIfx58ZLh8h,Искаш ли да ЛАПАШ@татјанавелкова5814,neutral,negative,neutral,negative,0.8,negative,1.0,5,negative,2,False,3,0.6,False,True,False,True,True,"CardiffNLP, BERTweet"
UgxNZ5tVDJdDAo-xdcJ4AaABAg.AIZ6P5KYNEwAIfxa4Hui0B,@татјанавелкова5814ВИВА НОРТХ МАЦЕДОНИА... ФРОМ 2018,neutral,negative,neutral,negative,0.6,positive,0.95,5,,3,False,0,0.0,False,False,False,False,False,
UgxNZ5tVDJdDAo-xdcJ4AaABAg.AIZ6P5KYNEwAIfxeDI86oI,@татјанавелкова5814ДОЕС НОТ МАТТЕР...БУТ ЈОУ АРЕ А ПРОВЕН ФУЛЛЈ ПАИД СЕВЕРДЗАН ТРОЛЛ ФРОМ НОРТХ МАЦЕДОНИА ВИТХ РУССИАН НАМЕ ТАТЈАНА ВХО СПЕАКС А СЕРБИНИЗЕД ДИАЛЕЦТ ОФ БУЛГАРИАН ЛАНГУАГЕ АНД ЛИТТЛЕ ЕНГЛИШ...,neutral,negative,neutral,negative,0.8,negative,0.94,5,negative,2,False,3,0.6,False,True,False,True,True,"CardiffNLP, BERTweet"
UgxNZ5tVDJdDAo-xdcJ4AaABAg.AIZ6P5KYNEwAIid4IDm90R,<УСЕР>-рв2бс МАКЕДОНИЈА ФОР МАЦЕДОНИАНС ! ! !,neutral,negative,neutral,negative,0.8,positive,0.95,5,,3,False,0,0.0,False,False,False,False,False,
UgxNZ5tVDJdDAo-xdcJ4AaABAg.AIZ6P5KYNEwAIidiS-Sjoj,<УСЕР>-рв2бс МАКЕДОНИЈА 25 ЦЕНТУРИЕС фром КИНГ ПХИЛИП ! !,neutral,negative,neutral,negative,0.8,negative,0.95,5,negative,2,False,3,0.6,False,True,False,True,True,"CardiffNLP, BERTweet"
UgxNZ5tVDJdDAo-xdcJ4AaABAg.AIZ6P5KYNEwAIjU9-MbldP,@татјанавелкова5814НОРТХ МАЦЕДОНИА...ФОР НОРТХ МАЦЕДОНИАНС... ФРОМ 2018,neutral,negative,neutral,positive,0.85,neutral,1.0,5,neutral,3,False,3,0.6,True,False,True,False,True,"NLPTown, Gemma"
UgxNZ5tVDJdDAo-xdcJ4AaABAg.AIZ6P5KYNEwAIjUBH_AiGW,@татјанавелкова5814НОПЕ ... НОРТХ МАЦЕДОНИА... ФРОМ 2018,neutral,negative,neutral,neutral,0.7,negative,1.0,5,neutral,2,False,3,0.6,True,False,True,True,False,"NLPTown, Llama"
UgxNZ5tVDJdDAo-xdcJ4AaABAg.AIZ6P5KYNEwAIkurhzbCv3,<УСЕР>-рв2бс МАЦЕДОНИАНС АРЕ МАЦЕДОНИАНС. МАКЕДОНИЈА ИС МАКЕДОНИЈА. 25 ЦЕНТУРИЕС ! ! !,neutral,negative,neutral,negative,0.8,positive,0.95,5,,3,False,0,0.0,False,False,False,False,False,
UgxNZ5tVDJdDAo-xdcJ4AaABAg.AIZ6P5KYNEwAIkxHajFbA3,@татјанавелкова5814ИН НОРТХ МАЦЕДОНИА... НОРТХ МАЦЕДОНИАНС... ФРОМ 2018,neutral,negative,neutral,negative,0.8,negative,1.0,5,negative,2,False,3,0.6,False,True,False,True,True,"CardiffNLP, BERTweet"
UgxNZ5tVDJdDAo-xdcJ4AaABAg.AIZ6P5KYNEwAIl0jcHh6cm,. МАКЕДОНИЈА и МАКЕДОНСКИ НАРОД --- 25 ВЕКА ! ! !,neutral,positive,neutral,positive,0.85,positive,0.95,5,positive,2,False,3,0.6,False,True,False,True,True,"CardiffNLP, BERTweet"
UgxNZ5tVDJdDAo-xdcJ4AaABAg.AIZ6P5KYNEwAIzDaaZLI82,@татјанавелкова5814НОРТХ МАЦЕДОНИА... ФРОМ 2018... АЛВАЈС АНД ФОРЕВЕР...,neutral,negative,neutral,positive,0.95,positive,0.95,5,,3,False,0,0.0,False,False,False,False,False,
UgxNZ5tVDJdDAo-xdcJ4AaABAg.AIZ6P5KYNEwAIzDdKBjxR0,@татјанавелкова5814НОРТХ МАЦЕДОНИА... ФРОМ 2018,neutral,negative,neutral,neutral,0.7,negative,0.95,5,neutral,2,False,3,0.6,True,False,True,True,False,"NLPTown, Llama"
UgxNZ5tVDJdDAo-xdcJ4AaABAg.AIZ6P5KYNEwAJ-NHcWAoif,<УСЕР>-рв2бс јоу фром...2018.,neutral,negative,neutral,negative,0.8,neutral,0.98,5,neutral,2,False,3,0.6,True,False,True,False,True,"NLPTown, Gemma"
UgxNZ5tVDJdDAo-xdcJ4AaABAg.AIZ6P5KYNEwAJ3c_dVx6yT,@татјанавелкова5814ВИВА НОРТХ МАЦЕДОНИА...ФРОМ 2018... АЛВАЈС АНД ФОРЕВЕР,neutral,negative,neutral,positive,0.93,positive,0.95,5,,3,False,0,0.0,False,False,False,False,False,
UgxNZ5tVDJdDAo-xdcJ4AaABAg.AIZ6P5KYNEwAJ6u0Uf4vmm,. В И В А М А К Е Д О Н И Ј А ! ! !,neutral,negative,neutral,negative,0.8,negative,1.0,5,negative,2,False,3,0.6,False,True,False,True,True,"CardiffNLP, BERTweet"
UgxNZ5tVDJdDAo-xdcJ4AaABAg.AIZ6P5KYNEwAJ7EeJ295ZR,@татјанавелкова5814ФОРЕВЕР НОРТХ МАЦЕДОНИА... ФРОМ 2018,neutral,negative,neutral,negative,0.6,positive,0.95,5,,3,False,0,0.0,False,False,False,False,False,
UgwYIdl2sOEdksYgDIV4AaABAg,"Ха...ха имало ""македонци и Македонија""...но никој не ги е виждал и чувал...саштото като ""македонските книги,написани на македонски език""....",neutral,negative,neutral,negative,0.75,negative,0.8,5,negative,2,False,3,0.6,False,True,False,True,True,"CardiffNLP, BERTweet"
UgwYIdl2sOEdksYgDIV4AaABAg.AIa6OWtOsXxAId9U5auTkB,"МАКЕДОНСКИ НАРОД -- 25 ВЕКА. ти... "" "".",neutral,positive,neutral,negative,0.8,positive,0.95,5,,3,False,0,0.0,False,False,False,False,False,
UgwYIdl2sOEdksYgDIV4AaABAg.AIa6OWtOsXxAIfD1LsWTMM,@татјанавелкова5814НОРТХ МАЦЕДОНИА... ФРОМ 2018..,neutral,negative,neutral,neutral,0.7,neutral,1.0,5,neutral,2,False,4,0.8,True,False,True,True,True,NLPTown
Ugy7zHiRyHybnEtr5hB4AaABAg,"...твојат език е от Венко Марковски -1944 , а тито те направи ""македонец по род""преди 50г.",neutral,negative,neutral,negative,0.8,negative,0.95,5,negative,2,False,3,0.6,False,True,False,True,True,"CardiffNLP, BERTweet"
Ugy7zHiRyHybnEtr5hB4AaABAg.AJvGLkP17veAJxL_eMmr6I,МАЦЕДОНИАН ЛАНГУАГЕ -- 25 ЦЕНТУРИЕС ! ! Тито.. ин Белграде.,neutral,negative,neutral,negative,0.8,negative,0.95,5,negative,2,False,3,0.6,False,True,False,True,True,"CardiffNLP, BERTweet"
Ugy7zHiRyHybnEtr5hB4AaABAg.AJvGLkP17veAJxq8bD0B6f,"@татјанавелкова5814....венко ти измисли езика през 1944 , а тито те направи ""македонец по род""преди 50г. , и сега можеш само да лажеш и крадеш!!",negative,positive,neutral,negative,0.8,negative,0.95,5,negative,3,False,3,0.6,True,False,False,True,True,"NLPTown, BERTweet"
UgwppeW5hwZe85fWcZh4AaABAg,"Погрешно име? Името си е повече от правилно - просто е нјамало македонска нација. Сега, всичко е само спинуване.",negative,negative,neutral,negative,0.8,negative,0.95,5,negative,2,False,4,0.8,True,True,False,True,True,BERTweet
UgwppeW5hwZe85fWcZh4AaABAg.AIYMewyFEx3AIYQQ_4ewjc,Ангрј татар'с аре еверј вхере 🤣,neutral,negative,neutral,negative,0.8,negative,1.0,5,negative,2,False,3,0.6,False,True,False,True,True,"CardiffNLP, BERTweet"
UgwppeW5hwZe85fWcZh4AaABAg.AIYMewyFEx3AIYSYfW6nUo,"<УСЕР> Аре јоу обсессед витх Татарс? Ит'с пробаблј бецаусе оф тхе манј Печенегс вхо сеттлед неар тхе Вардар ин тхе елевентх центурј. Блоод доес нот маке ватер. Отхервисе, тхе Печенегс ас парт оф тхе Турко-Монголс вере децент пеопле. Тво центуриес афтер тхе Печенегс, а ларге хорде оф Ногаи Татарс алсо цаме то тхе Вардар. Татар Елевци, Ногаиевци, Куманово, ит'с цлеар вхере тхе Татарс аре. Мацедонианс лоок море лике Татарс тхан Моесианс анд Тхрацианс. Ит'с бецаусе оф тхе манј Печенегс...",neutral,negative,neutral,negative,0.8,negative,0.94,5,negative,2,False,3,0.6,False,True,False,True,True,"CardiffNLP, BERTweet"
UgwppeW5hwZe85fWcZh4AaABAg.AIYMewyFEx3AIYTRNOa-Xd,МАЦЕДОНИАНС 25 ЦЕНТУРИЕС АРЕ МАЦЕДОНИАНС ! ! !,neutral,positive,neutral,negative,0.8,negative,1.0,5,,3,False,0,0.0,False,False,False,False,False,
UgwppeW5hwZe85fWcZh4AaABAg.AIYMewyFEx3AIYayoGRgti,Всушност Татарите како тебе Монгол <УСЕР> 🤣 се опседнати со Македонците.,negative,negative,neutral,negative,0.8,negative,0.95,5,negative,2,False,4,0.8,True,True,False,True,True,BERTweet
UgwppeW5hwZe85fWcZh4AaABAg.AIYMewyFEx3AIYmcE-Yjga,"@хунтер2149 Всушност, Татарите како тебе, Монгол, се опседнати со Мезијците. Се пишува со запирки, неписмен.",negative,negative,neutral,negative,0.8,negative,0.95,5,negative,2,False,4,0.8,True,True,False,True,True,BERTweet
UgwppeW5hwZe85fWcZh4AaABAg.AIYMewyFEx3AIYoBMXqnwx,"@хунтер2149 Со среќа, Бугарче од АлиЕкспресс.",positive,negative,neutral,positive,0.85,positive,0.95,5,positive,3,False,3,0.6,True,False,False,True,True,"NLPTown, BERTweet"
UgwppeW5hwZe85fWcZh4AaABAg.AIYMewyFEx3AIYwc450RfJ,@хунтер2149какви македонци бре? На Сашата ли бре? Што си пушил денас?,negative,negative,neutral,negative,0.8,negative,0.95,5,negative,2,False,4,0.8,True,True,False,True,True,BERTweet
UgwppeW5hwZe85fWcZh4AaABAg.AIYMewyFEx3AIZ2EOHFvOh,<УСЕР> Прашај ја мајка ти татарска што пушела во 90-те 🟥🟥што испадна таква мутаваМонголка. 🤣,negative,negative,neutral,negative,0.8,negative,0.95,5,negative,2,False,4,0.8,True,True,False,True,True,BERTweet
UgwppeW5hwZe85fWcZh4AaABAg.AIYMewyFEx3AIZ6-FRzT2f,"<УСЕР> Всушност, Татарите како тебе, Монгол, се опседнати со Мизијците.",negative,negative,neutral,negative,0.8,negative,0.95,5,negative,2,False,4,0.8,True,True,False,True,True,BERTweet
UgwppeW5hwZe85fWcZh4AaABAg.AIYMewyFEx3AIZ6XkBgKNm,@хунтер2149 Не се нервирај бре Бугарче од АлиЕкспресс.,negative,negative,neutral,negative,0.8,negative,0.95,5,negative,2,False,4,0.8,True,True,False,True,True,BERTweet
UgwppeW5hwZe85fWcZh4AaABAg.AIYMewyFEx3AIdA3GSAbmc,пред 25 века АЛЕКСАНДАР МАКЕДОНСКИ -- ЦАР НА МАКЕДОНИЈА ! !,neutral,positive,neutral,positive,0.98,positive,0.95,5,positive,2,False,3,0.6,False,True,False,True,True,"CardiffNLP, BERTweet"
UgwppeW5hwZe85fWcZh4AaABAg.AIYMewyFEx3AIdFe49fXX_,"<УСЕР> Што пишува на мермер натписите од Македонското Царство? О, да, се сетив: «ΕΓΏ, Ο ΈΛΛΗΝΑΣ ΑΛΈΞΑΝΔΡΟΣ».",neutral,negative,neutral,negative,0.85,neutral,0.98,5,neutral,2,False,3,0.6,True,False,True,False,True,"NLPTown, Gemma"
UgwppeW5hwZe85fWcZh4AaABAg.AIYMewyFEx3AIdUyuDchSn,"<УСЕР> Ако некој пушеше тоа е мамичката твоја, пушеше и го духаше за 🟥🟥🤣",neutral,positive,neutral,negative,0.8,negative,0.95,5,,3,False,0,0.0,False,False,False,False,False,
UgwppeW5hwZe85fWcZh4AaABAg.AIYMewyFEx3AIfEFDZcWT9,@татјанавелкова5814ЛИЕС ФРОМ ПРОВЕН ФУЛЛЈ ПАИД СЕВЕРДЗАН ТРОЛЛ ФРОМ НОРТХ МАЦЕДОНИА ВИТХ РУССИАН НАМЕ ТАТЈАНА ВХО СПЕАКС А СЕРБИНИЗЕД ДИАЛЕЦТ ОФ БУЛГАРИАН ЛАНГУАГЕ АНД ЛИТТЛЕ ЕНГЛИШ...,neutral,negative,neutral,negative,0.8,negative,0.94,5,negative,2,False,3,0.6,False,True,False,True,True,"CardiffNLP, BERTweet"
UgwppeW5hwZe85fWcZh4AaABAg.AIYMewyFEx3AIfESn6PiaK,"@хунтер2149Ти,акал и за две червени ...нјамаш ...малоумно титовско сарбоманско недоразумение и доказан ретардиран тролу...",negative,negative,neutral,negative,0.8,negative,0.94,5,negative,2,False,4,0.8,True,True,False,True,True,BERTweet
UgwppeW5hwZe85fWcZh4AaABAg.AIYMewyFEx3AIfEYBXEiWi,"@хунтер2149Таке јоур пиллс, регуларлј провен севердзан фуллј паид тролл фром Нортх Мацедониа витх Албаниан рооц...",neutral,negative,neutral,negative,0.8,negative,0.94,5,negative,2,False,3,0.6,False,True,False,True,True,"CardiffNLP, BERTweet"
Ugz-9Cfbm0PAk7MUKjd4AaABAg,"бРАВооооо, ДА живеее е , КОМИНТЕРНА, разбира СЕ!?!?!?!?!?!?",negative,negative,neutral,positive,0.85,negative,0.95,5,negative,3,False,3,0.6,True,True,False,False,True,"BERTweet, Gemma"
UgxE5zrNMM9EPQHNlix4AaABAg,Траките уште една лага бугарска дека денешните Бугари имаат врска со нив а тракиски јазик нема континуитет,negative,negative,neutral,negative,0.8,negative,0.94,5,negative,2,False,4,0.8,True,True,False,True,True,BERTweet
UgxE5zrNMM9EPQHNlix4AaABAg.AIc4cWumIn0AIi83VJyAIn,<УРЛ>,neutral,neutral,neutral,neutral,0.7,neutral,0.85,5,neutral,1,True,5,1.0,True,True,True,True,True,
UgxE5zrNMM9EPQHNlix4AaABAg.AIc4cWumIn0AIiOWuZqq0Y,"Ништо не кажуваш со тоа видео овде проблемот е сосема друг , не може да се докаже нашето потекло културолошки според Европа , користиме кирилица а таа настанала у 9 век а претходно ?",negative,negative,neutral,negative,0.7,negative,0.94,5,negative,2,False,4,0.8,True,True,False,True,True,BERTweet
UgxE5zrNMM9EPQHNlix4AaABAg.AIc4cWumIn0AIiP9-xD6py,"@стевонеделковски-дп1ркВие сте от 1945г,каков 9-ти век?",neutral,negative,neutral,negative,0.7,negative,0.95,5,negative,2,False,3,0.6,False,True,False,True,True,"CardiffNLP, BERTweet"
UgxE5zrNMM9EPQHNlix4AaABAg.AIc4cWumIn0AIiPS3wK7VK,@стевонеделковски-дп1ркШо ке кажеш?<УРЛ>,neutral,negative,neutral,negative,0.7,negative,0.94,5,negative,2,False,3,0.6,False,True,False,True,True,"CardiffNLP, BERTweet"
UgxE5zrNMM9EPQHNlix4AaABAg.AIc4cWumIn0AIidDseXAGu,1945 МАКЕДОНСКИ НАРОД се ослободи од Хитлер. и од фас'исти ! !,negative,negative,neutral,negative,0.8,positive,0.95,5,negative,3,False,3,0.6,True,True,False,True,False,"BERTweet, Llama"
UgxE5zrNMM9EPQHNlix4AaABAg.AIc4cWumIn0AIjU1BZdb67,@татјанавелкова5814ВИВА НОРТХ МАЦЕДОНИА... ФРОМ 2018,neutral,negative,neutral,negative,0.6,positive,0.95,5,,3,False,0,0.0,False,False,False,False,False,
UgxE5zrNMM9EPQHNlix4AaABAg.AIc4cWumIn0AIkv73S_4Gj,<УСЕР>-рв2бс МАКЕДОНИЈА --- 25 ЦЕНТУРИЕС ! ! !,neutral,negative,neutral,negative,0.8,positive,0.95,5,,3,False,0,0.0,False,False,False,False,False,
UgxE5zrNMM9EPQHNlix4AaABAg.AIc4cWumIn0AIkvO7wpuTG,@татјанавелкова5814НОРТХ МАЦЕДОНИА.. ФРОМ 2018,neutral,negative,neutral,negative,0.6,negative,0.95,5,negative,2,False,3,0.6,False,True,False,True,True,"CardiffNLP, BERTweet"
UgxJqux325SDwfV4uZN4AaABAg,"До 2 август 1944 година нјама ни македонци ни македонски език. Какви глупости говорите, четете архивите.",negative,negative,neutral,negative,0.8,negative,0.95,5,negative,2,False,4,0.8,True,True,False,True,True,BERTweet
UgxJqux325SDwfV4uZN4AaABAg.AIZFs_PfBZRAId9i76-7nm,1944 МАКЕДОНСКИ НАРОД се ослободи од Хитлер. и од фас'исти ! !,negative,negative,neutral,negative,0.8,positive,0.95,5,negative,3,False,3,0.6,True,True,False,True,False,"BERTweet, Llama"
UgxJqux325SDwfV4uZN4AaABAg.AIZFs_PfBZRAIdBPneoSzo,МАЦЕДОНИАН ЛАНГУАГЕ -- 25 ЦЕНТУРИЕС ! ! јоу...0.,neutral,negative,neutral,negative,0.8,negative,0.95,5,negative,2,False,3,0.6,False,True,False,True,True,"CardiffNLP, BERTweet"
UgxJqux325SDwfV4uZN4AaABAg.AIZFs_PfBZRAIfD97hUx8d,@татјанавелкова5814ВИВА НОРТХ МАЦЕДОНИА... ФРОМ 2018,neutral,negative,neutral,negative,0.6,positive,0.95,5,,3,False,0,0.0,False,False,False,False,False,
UgxJqux325SDwfV4uZN4AaABAg.AIZFs_PfBZRAIfDAibmfC4,@татјанавелкова5814ИН НОРТХ МАЦЕДОНИА АРЕ СПЕАКИНГ А СЕРБИНИЗЕД ДИАЛЕЦТ ОФ БУЛГАРИАН ЛАНГУАГЕ... АЛВАЈС АНД ФОРЕВЕР,neutral,negative,neutral,negative,0.8,negative,0.95,5,negative,2,False,3,0.6,False,True,False,True,True,"CardiffNLP, BERTweet"
UgxJqux325SDwfV4uZN4AaABAg.AIZFs_PfBZRAIfrSX2tBsG,<УСЕР>-рв2бс јоур диалецт... зеро.,neutral,negative,neutral,negative,0.8,negative,0.94,5,negative,2,False,3,0.6,False,True,False,True,True,"CardiffNLP, BERTweet"
UgxJqux325SDwfV4uZN4AaABAg.AIZFs_PfBZRAIfsGbkB1rH,<УСЕР>-рв2бс МАКЕДОНЦИ ГОВОРАТ МАКЕДОНСКИ ЈАЗИК ! !,neutral,negative,neutral,negative,0.8,negative,1.0,5,negative,2,False,3,0.6,False,True,False,True,True,"CardiffNLP, BERTweet"
UgxJqux325SDwfV4uZN4AaABAg.AIZFs_PfBZRAIft4nqaQUI,<УСЕР>-рв2бс јоу спеак.... бла--бла.,neutral,negative,neutral,negative,0.8,negative,0.94,5,negative,2,False,3,0.6,False,True,False,True,True,"CardiffNLP, BERTweet"
UgxJqux325SDwfV4uZN4AaABAg.AIZFs_PfBZRAIfxSFUvmWL,@татјанавелкова5814ИН НОРТХ МАЦЕДОНИА АРЕ СПЕАКИНГ А СЕРБИНИЗЕД ДИАЛЕЦТ ОФ БУЛГАРИАН ЛАНГУАГЕ... АЛВАЈС АНД ФОРЕВЕР...,neutral,negative,neutral,negative,0.8,negative,0.95,5,negative,2,False,3,0.6,False,True,False,True,True,"CardiffNLP, BERTweet"
UgxJqux325SDwfV4uZN4AaABAg.AIZFs_PfBZRAIfxUYS6c-k,@татјанавелкова5814ИН НОРТХ МАЦЕДОНИА АРЕ СПЕАКИНГ А СЕРБИНИЗЕД ДИАЛЕЦТ ОФ БУЛГАРИАН ЛАНГУАГЕ... АЛВАЈС АНД ФОРЕВЕР...,neutral,negative,neutral,negative,0.8,negative,0.95,5,negative,2,False,3,0.6,False,True,False,True,True,"CardiffNLP, BERTweet"
UgxJqux325SDwfV4uZN4AaABAg.AIZFs_PfBZRAIfxXPPkQPE,@татјанавелкова5814ЈОУ ДО СПЕАК А СЕРБИНИЗЕД ДИАЛЕЦТ ОФ БУЛГАРИАН ЛАНГУАГЕ... АЛВАЈС АНД ФОРЕВЕР,neutral,negative,neutral,negative,0.8,negative,0.95,5,negative,2,False,3,0.6,False,True,False,True,True,"CardiffNLP, BERTweet"
UgxJqux325SDwfV4uZN4AaABAg.AIZFs_PfBZRAIid-LVxoOp,<УСЕР>-рв2бс МАЦЕДОНИАНС СПЕАК МАЦЕДОНИАН ЛАНГУАГЕ ! !,neutral,negative,neutral,negative,0.8,negative,1.0,5,negative,2,False,3,0.6,False,True,False,True,True,"CardiffNLP, BERTweet"
UgxJqux325SDwfV4uZN4AaABAg.AIZFs_PfBZRAIjU5Qi9ZYT,@татјанавелкова5814ИН НОРТХ МАЦЕДОНИА АРЕ СПЕАКИНГ А СЕРБИНИЗЕД ДИАЛЕЦТ ОФ БУЛГАРИАН ЛАНГУАГЕ... АЛВАЈС АНД ФОРЕВЕР,neutral,negative,neutral,negative,0.8,negative,0.95,5,negative,2,False,3,0.6,False,True,False,True,True,"CardiffNLP, BERTweet"
UgxJqux325SDwfV4uZN4AaABAg.AIZFs_PfBZRAIkuy9uXhG3,<УСЕР>-рв2бс МАКЕДОНЦИ ГОВОРАТ МАКЕДОНСКИ ЈАЗИК ! !,neutral,negative,neutral,negative,0.8,negative,1.0,5,negative,2,False,3,0.6,False,True,False,True,True,"CardiffNLP, BERTweet"
UgxJqux325SDwfV4uZN4AaABAg.AIZFs_PfBZRAIkxCN1RSVq,@татјанавелкова5814ИН НОРТХ МАЦЕДОНИА АРЕ СПЕАКИНГ А СЕРБИНИЗЕД ДИАЛЕЦТ ОФ БУЛГАРИАН ЛАНГУАГЕ... АЛВАЈС АНД ФОРЕВЕР,neutral,negative,neutral,negative,0.8,negative,0.95,5,negative,2,False,3,0.6,False,True,False,True,True,"CardiffNLP, BERTweet"
UgxJqux325SDwfV4uZN4AaABAg.AIZFs_PfBZRAIl0q2tTihK,<УСЕР>-рв2бс диалецт __ __ .,neutral,negative,neutral,negative,0.8,neutral,0.85,5,neutral,2,False,3,0.6,True,False,True,False,True,"NLPTown, Gemma"
UgxJqux325SDwfV4uZN4AaABAg.AIZFs_PfBZRAIl2fQbe5L5,@татјанавелкова5814ИН НОРТХ МАЦЕДОНИА АРЕ СПЕАКИНГ А СЕРБИНИЗЕД ДИАЛЕЦТ ОФ БУЛГАРИАН ЛАНГУАГЕ... АЛВАЈС АНД ФОРЕВЕР,neutral,negative,neutral,negative,0.8,negative,0.95,5,negative,2,False,3,0.6,False,True,False,True,True,"CardiffNLP, BERTweet"
UgxJqux325SDwfV4uZN4AaABAg.AIZFs_PfBZRAIp18-v_bij,<УСЕР>-рв2бс МАЦЕДОНИАН ЛАНГУАГЕ 25 ЦЕНТУРИЕС ! ! !,neutral,negative,neutral,negative,0.8,positive,0.95,5,,3,False,0,0.0,False,False,False,False,False,
UgxJqux325SDwfV4uZN4AaABAg.AIZFs_PfBZRAIp1RcIs1xY,@татјанавелкова5814НОРТХ МАЦЕДОНИА... ФРОМ 2018,neutral,negative,neutral,neutral,0.7,negative,0.95,5,neutral,2,False,3,0.6,True,False,True,True,False,"NLPTown, Llama"
UgxJqux325SDwfV4uZN4AaABAg.AIZFs_PfBZRAIpRxSXGDye,<УСЕР>-рв2бс МАКЕДОНИЈА ИС НАМЕ ! ! !,neutral,positive,neutral,negative,0.8,positive,0.95,5,,3,False,0,0.0,False,False,False,False,False,
UgxJqux325SDwfV4uZN4AaABAg.AIZFs_PfBZRAIpSioB5dhD,@татјанавелкова5814НОРТХ МАЦЕДОНИА ИС ЈОУР ЦОУНТРЈ...ПЛУС ЈОУ АРЕ А ПРОВЕН ФУЛЛЈ ПАИД СЕВЕРДЗАН ТРОЛЛ ФРОМ НОРТХ МАЦЕДОНИА ВИТХ РУССИАН НАМЕ ТАТЈАНА ВХО СПЕАКС А СЕРБИНИЗЕД ДИАЛЕЦТ ОФ БУЛГАРИАН ЛАНГУАГЕ АНД ЛИТТЛЕ ЕНГЛИШ...ВИВА НОРТХ МАЦЕДОНИА...,neutral,negative,neutral,negative,0.8,negative,0.99,5,negative,2,False,3,0.6,False,True,False,True,True,"CardiffNLP, BERTweet"
UgxJqux325SDwfV4uZN4AaABAg.AIZFs_PfBZRAIuSzUSoSKk,Абе слепец вие немате нисто македонија бугарија се два разлицни поими,negative,negative,neutral,negative,0.8,negative,0.95,5,negative,2,False,4,0.8,True,True,False,True,True,BERTweet
UgyL7PyPeqIBczLlsEV4AaABAg,Професорке тебе не тие траума дека родителите ти дали српско име?,neutral,negative,neutral,negative,0.7,negative,0.94,5,negative,2,False,3,0.6,False,True,False,True,True,"CardiffNLP, BERTweet"
UgyL7PyPeqIBczLlsEV4AaABAg.AIYeQAep9FZAIdADXYA8IU,МАЦЕДОНИАНС 25 ЦЕНТУРИЕС АРЕ ВИТХ МАЦЕДОНИАН НАМЕС ! !,neutral,positive,neutral,negative,0.8,negative,1.0,5,,3,False,0,0.0,False,False,False,False,False,
UgyL7PyPeqIBczLlsEV4AaABAg.AIYeQAep9FZAIfDvW2FNKn,@татјанавелкова5814ИН НОРТХ МАЦЕДОНИА... БУЛГАРИАН ЛАНГУАГЕ АНД НАМЕС...,neutral,negative,neutral,negative,0.8,negative,0.94,5,negative,2,False,3,0.6,False,True,False,True,True,"CardiffNLP, BERTweet"
UgzQkWJLLsdiYIx3uvJ4AaABAg,"Монструм и алфабет са зборови от извора на македонската вештачка култура и традиции / на баба ми килотите, на дедо ми пенкелерите.",neutral,positive,neutral,negative,0.8,negative,0.94,5,,3,False,0,0.0,False,False,False,False,False,
UgzQkWJLLsdiYIx3uvJ4AaABAg.AIYytCr9BiWAIp1UAhiu_1,МАЦЕДОНИАНС 25 ЦЕНТУРИЕС ХАВЕ МАЦЕДОНИАН ГРАНДФАТХЕР ! !,neutral,positive,neutral,positive,0.98,negative,1.0,5,,3,False,0,0.0,False,False,False,False,False,
UgzQkWJLLsdiYIx3uvJ4AaABAg.AIYytCr9BiWAIzDziOriPl,@татјанавелкова5814ФОРЕВЕР НОРТХ МАЦЕДОНИА... ФРОМ 2018,neutral,negative,neutral,negative,0.6,positive,0.95,5,,3,False,0,0.0,False,False,False,False,False,
UgxRvgpGxY_DnPWj_rR4AaABAg,"Од појавувањето на браката Кирил и методија во бугарската историја престанува бугарија да е варварска азиацка тоа го нспишал кирил христов 1875_1944 бугарски поети писател и преводувац на книгата ""бурни години ""😂😂",neutral,negative,neutral,positive,0.82,positive,0.95,5,,3,False,0,0.0,False,False,False,False,False,
UgxRvgpGxY_DnPWj_rR4AaABAg.AIenXeJaliPAIfCzDIdcVx,ЛИЕС ФРОМ А ПРОВЕН ФУЛЛЈ ПАИД СЕВЕРДЗАН ТРОЛЛ ФРОМ НОРТХ МАЦЕДОНИА ВИТХ НАМЕ ВАНГЕЛИЈА ВХО СПЕАКС А СЕРБИНИЗЕД ДИАЛЕЦТ ОФ БУЛГАРИАН ЛАНГУАГЕ... АЛВАЈС АНД ФОРЕВЕР...ВИВА НОРТХ МАЦЕДОНИА...,neutral,negative,neutral,negative,0.8,negative,0.95,5,negative,2,False,3,0.6,False,True,False,True,True,"CardiffNLP, BERTweet"
UgxRvgpGxY_DnPWj_rR4AaABAg.AIenXeJaliPAIfswEFry1u,пред 12 века КИРИЛ и МЕТОДИЈ -- АВТОРИ НА ГЛАГОЛИЦА ! !,neutral,positive,neutral,positive,0.85,positive,0.95,5,positive,2,False,3,0.6,False,True,False,True,True,"CardiffNLP, BERTweet"
UgxRvgpGxY_DnPWj_rR4AaABAg.AIenXeJaliPAIftpWbru0L,МАЦЕДОНИАН ХИСТОРЈ 25 ЦЕНТУРИЕС ! ! Булгариа..140 јеарс.,neutral,negative,neutral,negative,0.6,negative,0.95,5,negative,2,False,3,0.6,False,True,False,True,True,"CardiffNLP, BERTweet"
UgxRvgpGxY_DnPWj_rR4AaABAg.AIenXeJaliPAIfx7aVGJ0M,@татјанавелкова5814НОПЕ... ТХЕЈ ХАВЕ ХАД ЦРЕАТЕД А БУЛГАРИАН АЛПХАБЕТ....🇧🇬❤️💪🇧🇬,neutral,negative,neutral,positive,0.85,positive,0.95,5,,3,False,0,0.0,False,False,False,False,False,
UgxRvgpGxY_DnPWj_rR4AaABAg.AIenXeJaliPAIfxB6gJ7af,@татјанавелкова5814НОРТХ МАЦЕДОНИА... ФРОМ 2018... АЛВАЈС АНД ФОРЕВЕР,neutral,negative,neutral,positive,0.85,positive,0.95,5,,3,False,0,0.0,False,False,False,False,False,
UgxRvgpGxY_DnPWj_rR4AaABAg.AIenXeJaliPAIidNmP4G-h,<УСЕР>-рв2бс бг 0. МАЦЕДОНИАН ЛАНГУАГЕ 25 ЦЕНТУРИЕС ! !,neutral,negative,neutral,negative,0.8,negative,0.94,5,negative,2,False,3,0.6,False,True,False,True,True,"CardiffNLP, BERTweet"
UgxRvgpGxY_DnPWj_rR4AaABAg.AIenXeJaliPAIjTyi85P-c,@татјанавелкова5814ИН НОРТХ МАЦЕДОНИА АРЕ СПЕАКИНГ А СЕРБИНИЗЕД ДИАЛЕЦТ ОФ БУЛГАРИАН ЛАНГУАГЕ... АЛВАЈС АНД ФОРЕВЕР,neutral,negative,neutral,negative,0.8,negative,0.95,5,negative,2,False,3,0.6,False,True,False,True,True,"CardiffNLP, BERTweet"
UgxRvgpGxY_DnPWj_rR4AaABAg.AIenXeJaliPAIkvE47hEST,<УСЕР>-рв2бс јоу 0. МАЦЕДОНИАН ЛАНГУАГЕ 25 ЦЕНТУРИЕС ! !,neutral,negative,neutral,negative,0.8,positive,1.0,5,,3,False,0,0.0,False,False,False,False,False,
UgxRvgpGxY_DnPWj_rR4AaABAg.AIenXeJaliPAIkwBARVaV0,<УСЕР>-рв2бс флј ин.... бг вц.,neutral,negative,neutral,negative,0.8,negative,0.94,5,negative,2,False,3,0.6,False,True,False,True,True,"CardiffNLP, BERTweet"
UgxRvgpGxY_DnPWj_rR4AaABAg.AIenXeJaliPAIkwz_ACMbJ,@татјанавелкова5814У...ин Вардарот (Нортх Мацедониа)...ВИВА НОРТХ МАЦЕДОНИА.. ФРОМ 2018,neutral,negative,neutral,positive,0.95,positive,0.95,5,,3,False,0,0.0,False,False,False,False,False,
UgxRvgpGxY_DnPWj_rR4AaABAg.AIenXeJaliPAIkx43pkSBv,@татјанавелкова5814Анд јоу евен -1... ФОРЕВЕР НОРТХ МАЦЕДОНИА... ФРОМ 2018,neutral,negative,neutral,positive,0.95,positive,0.95,5,,3,False,0,0.0,False,False,False,False,False,
UgxRvgpGxY_DnPWj_rR4AaABAg.AIenXeJaliPAIl133ehrYr,<УСЕР>-рв2бс ВАРДАР -- 25 ЦЕНТУРИЕС МАЦЕДОНИАН РИВЕР ! !,neutral,negative,neutral,negative,0.8,positive,0.95,5,,3,False,0,0.0,False,False,False,False,False,
UgxRvgpGxY_DnPWj_rR4AaABAg.AIenXeJaliPAIl2T4HhRg_,@татјанавелкова5814ВАРДАРОТ -РИВЕР ИН НОРТХ МАЦЕДОНИА.. ФРОМ 2018,neutral,negative,neutral,negative,0.6,negative,1.0,5,negative,2,False,3,0.6,False,True,False,True,True,"CardiffNLP, BERTweet"
UgyTudDEE60u6jILaiN4AaABAg,"Љубопитен сум, дали оваа жена верува во она што го кажува? „Браќата МиладиноВИ не знаеле и направиле грешка.“ „Тоа беше грешка.“ Таа е доволно образована и сигурен сум дека едно вели, а друго мисли?",negative,negative,neutral,negative,0.8,neutral,0.85,5,negative,2,False,3,0.6,True,True,False,True,False,"BERTweet, Llama"
UgyNZrzIvHVTPxThlrh4AaABAg,НЕМА МАКЕДОНИЈА,negative,negative,neutral,negative,0.8,negative,1.0,5,negative,2,False,4,0.8,True,True,False,True,True,BERTweet
UgyNZrzIvHVTPxThlrh4AaABAg.AIZ4jx2SMA8AId9uV1lok1,МАКЕДОНИЈА 25 ЦЕНТУРИЕС ИС МАКЕДОНИЈА ! ! !,neutral,positive,neutral,positive,0.85,positive,0.95,5,positive,2,False,3,0.6,False,True,False,True,True,"CardiffNLP, BERTweet"
UgyNZrzIvHVTPxThlrh4AaABAg.AIZ4jx2SMA8AIfDGN8IsQ1,@татјанавелкова5814ВИВА НОРТХ МАЦЕДОНИА... ФРОМ 2018,neutral,negative,neutral,negative,0.6,positive,0.95,5,,3,False,0,0.0,False,False,False,False,False,
UgyNZrzIvHVTPxThlrh4AaABAg.AIZ4jx2SMA8AIfrZU1T6CE,<УСЕР>-рв2бс МАКЕДОНИЈА 25 ВЕКА Е МАКЕДОНИЈА ! !,neutral,positive,neutral,positive,0.98,positive,0.95,5,positive,2,False,3,0.6,False,True,False,True,True,"CardiffNLP, BERTweet"
UgyNZrzIvHVTPxThlrh4AaABAg.AIZ4jx2SMA8AIfxhka3b2s,@татјанавелкова5814НОПЕ ... ФОРЕВЕР НОРТХ МАЦЕДОНИА... ФРОМ 2018,neutral,negative,neutral,positive,0.95,positive,0.95,5,,3,False,0,0.0,False,False,False,False,False,
UgyLuR3z2INg1a8sbF54AaABAg,Така е Г Ковацевски доста веке се играат и ја притислкаат Македонија. А исто така една голема багодарнос за подрслката на Македонија од Г. ВУЦИЦ И Г. РАМА.,negative,positive,neutral,positive,0.85,negative,0.95,5,,3,False,0,0.0,False,False,False,False,False,
UgytImLf2AJbdH22aW14AaABAg,Хов доес БУрлгарија сајс Тханк јоу ин тхеир овн лагуанге? Френч препоситион :Д,neutral,negative,neutral,negative,0.8,negative,0.94,5,negative,2,False,3,0.6,False,True,False,True,True,"CardiffNLP, BERTweet"
UgzTc51CKZmaV4ToELx4AaABAg,СЕ плаиси од народот.ковацот,negative,negative,neutral,positive,0.85,positive,0.95,5,,3,False,0,0.0,False,False,False,False,False,
UgwinfxjhigvksgFbtV4AaABAg,"Со ова вето и вашите невозможни барања да си знаете дека само си направивте уште еден непријател. Па после пак прашувајте се зошто ние сме блиски со Србија. И они не се цвеќе за мирисање, имаат луди идеи за нас како ние божем сме ""Јужни Срби"", но барем тоа не им е во официјалната политика и знаат како да подтапат со нас.",negative,negative,neutral,negative,0.8,negative,0.95,5,negative,2,False,4,0.8,True,True,False,True,True,BERTweet
UgwinfxjhigvksgFbtV4AaABAg.9ccVXPPmUrj9ccZ7OxXGav,Добре,neutral,positive,neutral,positive,0.85,positive,0.95,5,positive,2,False,3,0.6,False,True,False,True,True,"CardiffNLP, BERTweet"
UgwinfxjhigvksgFbtV4AaABAg.9ccVXPPmUrj9cccpZpntMu,"???????? ТАКА Е СЕДИ СИ ЈУЖЕН СРАБ ОТ БАНОВИНА,СЕДИ СИ ТАТАР ОТ СЕВЕРНИОТ ДЕЛ НА КЛЕТАТА ТЕРИТОРИЈА МАКЕДОНИЈА ДЕ ВО 13 ВЕК СЕ НАСТАНИЛИ ТАТАРЧИНЈАТА НА НОГАЈ ПА СОЗДАЛИ ТАТАР ЕЛЕВЦИ, НОГАЈЦИ, ТАТАРЛИ, КУМАНОВО, ТАТАРЦИ.......СЕДИ СИ ХУНЗА С КРАЛ МИР ГАЗАН ФАР АЛИ ХАН, СЕДИ СИ ГЈУПТИН,СЕДИ СИ АНТИЧКИ НАСЛЕДНИК НА АНТИЧКИОТ ЕЛИНСКИ ГЕЈ МЕГА АЛЕКСАНДРОС МА БИДЕТЕ ШТО САКАТЕ СЛЕД 1945 КАКО Е КАЗАЛ ДРУЖЕ ТИТО КЕ ВИ НАПРАВИМ ЈАЗИК,КЕ ВИ НАПРАВИМ ПИСМЕНИНА,КЕ ВИ НАПРАВИМ И СЕВЕРНИ МАКЕДОНЦИ.<УРЛ> ЗАШТО СИ ТОЛКУЗ ПРОС КОГА САШТИТЕ ТИЈА С ДРУЖЕ ТИТО ПУСНАХА ГРАЦКАТА АРМИЈА ДА УДАРИ В ГРАБ КАТО ИМ ДАДЕ ДА МИНАТ ПРЕЗ ЈУГОСЛАВСКАТА ГРАНИЦА ЕГЕЈСКИТЕ ПАРТИЗАНИ ???? ПА НЕ БЕШЕ ЛИ ТИТО КОЈ ЗАПОВЈАДА НА АРМИЈАТА ДА СТРЕЛЈА ПО ЕГЕЈСКИТЕ ПАРТИЗАНИ НА ГРАЦКА ТЕРИТОРИЈА????? ТАКА ГОВОРЈАТ САМО ПРОДАВНИЦИТЕ И СРАБОМАНИТЕ КАКО ТЕБ.",neutral,negative,neutral,negative,0.8,negative,0.94,5,negative,2,False,3,0.6,False,True,False,True,True,"CardiffNLP, BERTweet"
UgwinfxjhigvksgFbtV4AaABAg.9ccVXPPmUrj9ccfKUpRVCm,<УСЕР> Не те разбрав ништо што пиша.,neutral,negative,neutral,negative,0.85,negative,0.9,5,negative,2,False,3,0.6,False,True,False,True,True,"CardiffNLP, BERTweet"
UgwinfxjhigvksgFbtV4AaABAg.9ccVXPPmUrj9cdR-PqgsgO,"Да, така е. Но вие сте непријател и сега, тоест в сегашното поколение ""македонци"" ние не тарсим промјана или пријателство. Ние го тарсихме в 1999, и оште един пат в 2017. Вие отказахте, брутално и с лажи. Ние искаме да премахнем фалшикациите в историјата - така, че вашите внуци (да, не деца, а внуци), да разберат нашата близост. Вие вече сте ""загубено"" поколение. Извинјавам се за откровеността.",negative,negative,neutral,negative,0.8,negative,0.95,5,negative,2,False,4,0.8,True,True,False,True,True,BERTweet
UgxDNEF0v6uKO42HHUN4AaABAg,Добре значи не искате в ЕУ 🤣🇧🇬🇧🇬🇧🇬,neutral,positive,neutral,negative,0.8,negative,0.95,5,,3,False,0,0.0,False,False,False,False,False,
UgxDNEF0v6uKO42HHUN4AaABAg.9ccD_9Paa7g9ccECXQXL7y,ТАТАР🖕🖕🖕,neutral,positive,neutral,negative,0.8,negative,1.0,5,,3,False,0,0.0,False,False,False,False,False,
UgxDNEF0v6uKO42HHUN4AaABAg.9ccD_9Paa7g9ccEYr1326k,<УСЕР> Шиптар да го лапаш целија 🤣,neutral,negative,neutral,negative,0.8,negative,0.95,5,negative,2,False,3,0.6,False,True,False,True,True,"CardiffNLP, BERTweet"
UgxDNEF0v6uKO42HHUN4AaABAg.9ccD_9Paa7g9ccFdRdKH07,<УСЕР> циг@нин,neutral,negative,neutral,negative,0.8,negative,0.94,5,negative,2,False,3,0.6,False,True,False,True,True,"CardiffNLP, BERTweet"
UgxDNEF0v6uKO42HHUN4AaABAg.9ccD_9Paa7g9ccGUDAdGYn,Македонскиот Референдум јасно кажа НЕ за еу и нато.,negative,negative,neutral,negative,0.8,negative,0.95,5,negative,2,False,4,0.8,True,True,False,True,True,BERTweet
UgxDNEF0v6uKO42HHUN4AaABAg.9ccD_9Paa7g9ccIr_y-aN-,"<УСЕР> ајде спирајте преговорите за ЕС, какво чакате???",neutral,negative,neutral,negative,0.8,negative,0.8,5,negative,2,False,3,0.6,False,True,False,True,True,"CardiffNLP, BERTweet"
UgxDNEF0v6uKO42HHUN4AaABAg.9ccD_9Paa7g9ccJ9sStcrY,Татарче вие се заебавте што влеговте во ЕУ најсиромашна земја сте бе голтари едни немате леб да јадете,negative,negative,neutral,negative,0.8,negative,0.95,5,negative,2,False,4,0.8,True,True,False,True,True,BERTweet
UgxDNEF0v6uKO42HHUN4AaABAg.9ccD_9Paa7g9ccKEewBv96,<УСЕР> Кои преговори?,neutral,negative,neutral,neutral,0.7,neutral,0.85,5,neutral,2,False,4,0.8,True,False,True,True,True,NLPTown
UgxDNEF0v6uKO42HHUN4AaABAg.9ccD_9Paa7g9ccMXJNFPfS,"<УСЕР> КАКО НАСЛЕДНИК НА БАЛГАРИ ОТ ЕГЕЈСКО КАВАЛА И ЛЕРИН и СО рода ВО ЦАРЕВ ДВОР РЕСЕН ОХРИД КЕ ТЕ ЗАПИТАМ АЛ СИ ХАБЕРЛИЈА ДЕКА ВО 13 ВЕК КОГА РАЗОРИЛИ МАДЖАРСКО И ХАРВАТСКО ТАТАРИТЕ НА НОГАЈ СЕ ВРАТИЛИ НАЗАД И ОСТАНАЛИ ВО СЕВЕРНИОТ ДЕЛ НА КЛЕТАТА ТЕРИТОРИЈА МАКЕДОНИЈА????ТИ КАКО ТАТАР ОТ КУМАНОВО,ТАТАР ЕЛЕВЦИ, НОГАЕВЦИ, ТАТАРЦИ, ТАТАРЛИ......ЛИ ПИШЕШ СЕГА ИЛИ КАКО НАСЛЕДНИК НА АНТИЧКИОТ ЕЛИНСКИ ГЕЈ МЕГА АЛЕКСАНДРОС??? НЕ МОРИ ХУНЗА СИ СО ДНК НА ГЈУПТИН <УРЛ> ОТ КАРАКОРУМ И СЕВЕРЕН ПАКИСТАН КОИ ИМАТ МНОГУ ОБШТО СО СЕВЕРНИТЕ ТАТАРИ .",neutral,negative,neutral,negative,0.8,negative,0.94,5,negative,2,False,3,0.6,False,True,False,True,True,"CardiffNLP, BERTweet"
UgxDNEF0v6uKO42HHUN4AaABAg.9ccD_9Paa7g9ccMt9Y5Bwx,<УСЕР> Тиа во задниот ти двор!,neutral,negative,neutral,negative,0.8,negative,0.95,5,negative,2,False,3,0.6,False,True,False,True,True,"CardiffNLP, BERTweet"
UgxDNEF0v6uKO42HHUN4AaABAg.9ccD_9Paa7g9ccN7Ap_AMQ,"<УСЕР> СЕВЕРНИТЕ ТАТАРЧИНЈА КОИ БАБИТЕ ИМ ВО 13ВЕК СЕ АРЕСАХА СО ТАТАРИТЕ НА НОГАЈ КОИ ОСТАНАХА ВО СЕВЕРНИОТ ДЕЛ НА КЛЕТАТА ТЕРИТОРИЈА МАКЕДОНИЈА ОТ КУМАНОВО,ТАТАР ЕЛЕВЦИ ,НОГАЕВЦИ, ТАТАРЦИ....СЕВЕРНИОТ ДЕЛ НА СКОПСКО СИТЕ СТЕ ЗА ПРЕГОВОРИ СО ХУНЗИТЕ ДА ВЕ ВЗЕМАТ ВО СЕВЕРЕН ПАКИСТАН И КАРАКОРУМ.<УРЛ>",negative,negative,neutral,negative,0.85,negative,0.95,5,negative,2,False,4,0.8,True,True,False,True,True,BERTweet
UgxDNEF0v6uKO42HHUN4AaABAg.9ccD_9Paa7g9ccNAoRgRsD,<УСЕР> не сум чул за такви,neutral,negative,neutral,negative,0.8,negative,0.95,5,negative,2,False,3,0.6,False,True,False,True,True,"CardiffNLP, BERTweet"
UgxDNEF0v6uKO42HHUN4AaABAg.9ccD_9Paa7g9ccNH60ZbpV,<УСЕР> Е ПРАТИТЕ КРАЛОТ ВИ ДА ВОДИ ПРЕГОВОРИ <УРЛ> ТАТАР С ПЕРЕН МОЗУК ХЕМ СИ НЕПИСМЕН ХЕМ ГЛУП,negative,negative,neutral,negative,0.8,negative,0.95,5,negative,2,False,4,0.8,True,True,False,True,True,BERTweet
UgxDNEF0v6uKO42HHUN4AaABAg.9ccD_9Paa7g9ccNgbwl44c,<УСЕР> турците татари бугарско ѓупско племе 🤣,neutral,negative,neutral,negative,0.8,negative,1.0,5,negative,2,False,3,0.6,False,True,False,True,True,"CardiffNLP, BERTweet"
UgxDNEF0v6uKO42HHUN4AaABAg.9ccD_9Paa7g9ccPM-mpfsk,"<УСЕР> СЕГА ПАК ДА ТИ РЕЧЕМ КАКО БАЛГАРИН ОТ ЕГЕЈСКО КАВАЛА И ЛЕРИН И С РОДА ВО ЦАРЕВ ДВОР РЕСЕН И ОХРИД КЕ ТИ КАЖАМ ДЕКА СИ НЕПИСМЕНА ХУНЗА.СОЛУНСКИОТ ПОМАК КЕМАЛ МУСТАФА ЈА СОЗДАДЕ ТУРСКАТА РЕПУБЛИКА ВО 1923-24 ПО ОБРАЗ НА САВЕТСКИОТ САЈУЗ .ТАТАР ОТ КУМАНОВО ,ТАТАР ЕЛЕВЦИ,НОГАЕВЦИ....СЕВЕРЕН НАЈДИ МИ ЕДИН БРЕ ИДИОТ НЕПИСМЕН СУЛТАН НА ОСМАНЦИТЕ КОЈ ДА СЕ Е ПИСАЛ ТУРЧИН??????МОРИ ХУНЗО НЕДНА ПА ТУРЧИ ОТ СРЕДНИОТ ВЕК Е ОБИДА, ЗАТУЈ ХУНЗО НЕДНА ТАТАР СЕВЕРЕН ИДИОТ С ПЕРЕН МОЗУК ТУРЦИЈА СИ СМЕНИ И ИМЕТО.МА ПРОСТЕНО ТИ Е ИДИОТ ТИ ДЕ ДА ЗНАЕШ .ХУНЗА НЕДНА<УРЛ>",neutral,negative,neutral,negative,0.8,negative,0.95,5,negative,2,False,3,0.6,False,True,False,True,True,"CardiffNLP, BERTweet"
UgxDNEF0v6uKO42HHUN4AaABAg.9ccD_9Paa7g9ccPcFNIwW6,"<УСЕР> МА ВИЕ С ПЕРЕНИТЕ МОЗУЦИ ХУНЗИТЕ И СЕВЕРНИТЕ ТАТАРИ НА НОГАЈ СТЕ ЕДНО БРЕ ТОРБЕШ СО ГЈУПТИТЕ И ТОРБЕШИТЕ ЛИКА ПРИЛИКА СО ОСМАНЦИТЕ .ЕДО СИ С НИВ <УРЛ> СРАМ СИ ЗА ТАЈА КЛЕТА ТЕРИТОРИЈА МАКЕДОНИЈА ,ДЖАБА ЈА ТАПЧЕШ.ЗАТОВА СЛЕД ПРЕСПА ПОДПИСАХТЕ ДЕКА СТЕ СЕВРНИ МОНКЕ ДОДОНЦИ СО КРАДЕНО ЗНАМЕ ,АЕРОПОРТ БЕЗ ИМЕ И ПАМЕТНИК НА КОЈ САМО КОНЈА СЕ ЗОВЈА БУЦИФАЛ.",negative,negative,neutral,negative,0.8,negative,0.94,5,negative,2,False,4,0.8,True,True,False,True,True,BERTweet
UgxDNEF0v6uKO42HHUN4AaABAg.9ccD_9Paa7g9ccPljTudPi,<УСЕР> предварителните преговори!,neutral,positive,neutral,negative,0.7,neutral,0.85,5,neutral,3,False,3,0.6,True,False,True,False,True,"NLPTown, Gemma"
UgxDNEF0v6uKO42HHUN4AaABAg.9ccD_9Paa7g9ccQ4kClpe9,<УСЕР> не го разбирам тој збор напиши на англиски никој ништо не варел нешто претходно 🤣,negative,negative,neutral,neutral,0.8,neutral,0.85,5,neutral,2,False,3,0.6,False,False,True,True,True,"CardiffNLP, NLPTown"
UgxDNEF0v6uKO42HHUN4AaABAg.9ccD_9Paa7g9ccQKadxLdX,"<УСЕР> АКО ИМАШ ОЧИ НА ТАЈА ЧОТУРА ЧЕТИ ШТО СОЗДАТЕЛОТ НА ТУРЦИЈА КЕМАЛ МУСТАФА ПИШЕ ВО СВОЈАТА АВТОБИОГРАФИЈА...""ВО ДЕТСТВОТО МИ ВО СОЛУН ПО КАЛДАРАМЕНИТЕ УЛИЦИ ЈА СИ ИГРАХ С БАЛГАРЧЕТА ,ЗАТОВА И ЗНАМ БАЛГАРСКИ ЈАЗИК...."" МОРИ ХУНЗО НЕДНА ТОРБЕШ ДОЛЕН ШТО ВИЕ СЕВЕРНИТЕ ТАТАРЧИНЈА СТЕ БИЛИ НЕВИДИМИ И ЗАТУЈ НИКОЈ ВЕ НЕ ВИЖДАЛ ДО 1945год.????????????<УРЛ> ЕЛА БРЕ ДРУЖЕ ТИТО ПА СИ САБЕРИ ВЕРИСИИТЕ ТИЈА ОТ 1945 И НАЈ ВЕКЕ ПОСЛЕ ПРЕСПА НА СЕВЕРНИТЕ ТАТАРЧИНЈА",neutral,negative,neutral,negative,0.8,negative,0.94,5,negative,2,False,3,0.6,False,True,False,True,True,"CardiffNLP, BERTweet"
UgxDNEF0v6uKO42HHUN4AaABAg.9ccD_9Paa7g9ccRInId78A,<УСЕР> Македонците не читаат украдени руски букви и ништо од ова што го напиша не е разбирливо за Македонец така да пишувајте си глупости 🤣,negative,negative,neutral,negative,0.8,negative,0.95,5,negative,2,False,4,0.8,True,True,False,True,True,BERTweet
UgxDNEF0v6uKO42HHUN4AaABAg.9ccD_9Paa7g9ccS2-MezMu,Не под условување кое е како ова.,neutral,negative,neutral,negative,0.7,negative,0.95,5,negative,2,False,3,0.6,False,True,False,True,True,"CardiffNLP, BERTweet"
UgxDNEF0v6uKO42HHUN4AaABAg.9ccD_9Paa7g9ccSlT1iI8x,<УСЕР> Македонците се против зачленување во еу а не под услов не си измислувај дека си пратен од влада тука 🤣🤣,negative,negative,neutral,negative,0.8,negative,0.95,5,negative,2,False,4,0.8,True,True,False,True,True,BERTweet
UgxDNEF0v6uKO42HHUN4AaABAg.9ccD_9Paa7g9ccTDi4oEb3,"<УСЕР> не бе не сум од никој пратен кажувам како што е. А ти од каде си пратен, сите сме за ЕУ но не под вакви услови тоа го велам.",neutral,negative,neutral,negative,0.8,negative,0.55,5,negative,2,False,3,0.6,False,True,False,True,True,"CardiffNLP, BERTweet"
UgxDNEF0v6uKO42HHUN4AaABAg.9ccD_9Paa7g9ccTPPC2qJ0,"<УСЕР> МИ КОГА ВО ПЛИСКА И ПРЕСЛАВСКАТА ШКОЛА СЕ СОЗДАЛИ И ПИСАЛИ БАЛГАРСКАТА ГЛАГОЛИЦА РУСИЈА Е НЕМАЛО.ОНИЈА ОШТЕ СА БИЛИ ВО БЛАТАТА КАКО НЕПИСМЕНА ВАРЈАГИ.ПОСЛЕ .БАЛГАРИНА КИПРИАН ОТ ТАРНОВСКАТА ШКОЛА ЗАНЕСАЛ И АЗБУКАТА И РЕЛИГИЈАТА ВО ТИЈА СЕВЕРНИ ЗЕМИ,ЗАТУЈ ГО НАПРАВИЛИ КИПРИАН ПАТРИАРХ КИЕВСКИ ,ЛИТОВСКИ И НА ЦЈАЛА РУСИЈА.А ТИ СО ЗАКОН ОТ 1945 НА ДРУЖЕ ТИТО ПИШЕШ НА БАЛГАРСКА АЗБУКА ПЕЧАТАНА НА СРАБСКА МАШИНА. ВИДИШ ЛИ КОЛКУ СИ ПРОСТ СЕВЕРНИ ТАТАРИНО. ЗНАМ ДЕКА КАКО ТАТАР СЕВЕРЕН ЧЕТЕШ ТРУДНО ЗАТУЈ СЛУШАЈ ШТО КЕ ТИ РЕЧЕ СРАБИНУТ.<УРЛ>",neutral,negative,neutral,negative,0.5,negative,0.94,5,negative,2,False,3,0.6,False,True,False,True,True,"CardiffNLP, BERTweet"
UgxDNEF0v6uKO42HHUN4AaABAg.9ccD_9Paa7g9ccUHNvOwgt,"<УСЕР> Глаголицата е направена во Солун само за Македонскиот јазик врз кој сите словенски јазици се засновани. Македонскиот јазик го уби вистинскиот бугарски јазик кој е турски еве описменете сите во татарија од Британика: ''Олд Чурч Славониц лангуаге, алсо цаллед Олд Чурч Славиц, Славиц лангуаге басед примарилј он тхе Мацедониан (Соутх Славиц) диалецц ароунд Тхессалоница (Тхессалонíки). Ит вас усед ин тхе 9тх центурј бј тхе миссионариес Саинц Цјрил анд Метходиус, вхо вере нативес оф Тхессалоница, фор преачинг то тхе Моравиан Славс анд фор транслатинг тхе Библе''",neutral,negative,neutral,negative,0.8,negative,0.94,5,negative,2,False,3,0.6,False,True,False,True,True,"CardiffNLP, BERTweet"
UgxDNEF0v6uKO42HHUN4AaABAg.9ccD_9Paa7g9ccWcRn2jF0,<УСЕР> Јас сум против зачленување во еу како сите кои го бојкотираа референдумот а вие ако сте за еу земете си татарски пасош и одебете за еу 😇,negative,negative,neutral,negative,0.8,negative,0.95,5,negative,2,False,4,0.8,True,True,False,True,True,BERTweet
UgxDNEF0v6uKO42HHUN4AaABAg.9ccD_9Paa7g9ccXCnn_EwZ,"<УСЕР> БРЕ НЕМОЈ МОРИ ХУНЗО СЕ ИЗЛАГА.СЕВЕРЕН ТАТАР КОЈА ГЛАГОЛИЦА МОРИ Е ПИСАНА ВО САЛОНИКИ.ПОЛИ МАЛАКА ИСЕ ,ПИСТЕПСЕ МЕ.О КИРИЛУС КЕ О МЕТОДИУС ЕГРАФАН Ке ЕКАНАН ГЛАГОЛИЦА СТИ МИКРИ АЗИА ,СТиН МОНАСТИРИ ПОЛИХРОНУ БРЕ МАЛАКА .ВИДИШ ЛИ КОЛКУ ВИ Е ПЕРЕН МОЗУМКУ, КАКО НА САВЕТСКИ КОЛХОЗНИК ДЕКА ИМ КАЗВАЛИ ДЕКА АЗБУКАТА Е СОЗДАДЕНИ ОТ ЛЕНИН И СТАЛИН.МОРИ ТОРБЕШ НЕДЕН ТАТАР СЕВЕРЕН ШТО ОБШТО ИМАШ ТИ СО ГЛАГОЛИЦАТА КОЈА Е ПИСАНА ВО МАНАСТИРОТ ПОЛИХРОН КОЈ Е ВО МАЛА АЗИЈА?????ХУНННЗААА СИ ИДИОТ ТАТАРСКИ.МА ЗАШТО АКО ГЛАГОЛИЦАТА Е ПИСАНА ВО ТЕРИТОРИЈАТА МАКЕДОНИЈА ИМА РУПСКИ НАРЕЧИЈА И ЗВУКОВИ ОСОБЕНОСТИ????? И ЗАШТО НАУКАТА ЈА ЗНАЕ КАТО ОБЛА БАЛГАРСКА И АГЛЕСТА ХАРВАТСКА/ИЛИРИЈСКИ ВАРИАНТ/ КАТО ДОКАЗАНО ОБЛАТА Е ПО СТАРА ОТ АГЛЕСТАТА?????ТЕ ХУНЗО И АДАМ И ЕВА СА СЕВЕРНИ МАКЕДОНЦИ И ЛУНАТА Е СЕВЕРНОМАКЕДОНСКА ЗЕМЈА, И ЗНАМЕТО НА ИМПЕРСКИЈА ЈАПОНСКИ ФЛОТ И ТО БИЛО ОТНЕСЕНО ТАМ ОТ АНТИЧНИТЕ МАКЕДОНЦИ НА АНТИЧНИА ГЕЈ МЕГА АЛЕКСАНДРОС.<УРЛ> ТЕ ТИ ДОКАЗ ШТО Е ЈАЗИК И ПИСМЕНИНА",neutral,negative,neutral,negative,0.8,negative,0.94,5,negative,2,False,3,0.6,False,True,False,True,True,"CardiffNLP, BERTweet"
UgxDNEF0v6uKO42HHUN4AaABAg.9ccD_9Paa7g9ccXTIHUOHp,Блгарија е најсиромасна во еу хаха 😄 😆 😂,negative,positive,neutral,negative,0.8,negative,0.95,5,negative,3,False,3,0.6,True,False,False,True,True,"NLPTown, BERTweet"
UgxDNEF0v6uKO42HHUN4AaABAg.9ccD_9Paa7g9ccY3uyqVRB,"<УСЕР> повторно ќе кажам, ЕУ но без вакви условување. Не ми треба Татарски пасош...",neutral,negative,neutral,negative,0.8,negative,0.95,5,negative,2,False,3,0.6,False,True,False,True,True,"CardiffNLP, BERTweet"
UgxDNEF0v6uKO42HHUN4AaABAg.9ccD_9Paa7g9ccYP8wsUZL,<УСЕР> абе оди во еу ти и останатите 32% ние другите неќеме 🤣🤣🤣,neutral,negative,neutral,negative,0.8,negative,0.95,5,negative,2,False,3,0.6,False,True,False,True,True,"CardiffNLP, BERTweet"
UgxDNEF0v6uKO42HHUN4AaABAg.9ccD_9Paa7g9ccZZEjQs4m,<УСЕР> абе и вака и така нема да одам сакам во Македонија да останам но се знае кои се придобивките 😀,neutral,neutral,neutral,positive,0.85,positive,0.85,5,neutral,2,False,3,0.6,True,True,True,False,False,"Gemma, Llama"
UgxDNEF0v6uKO42HHUN4AaABAg.9ccD_9Paa7g9cc_81nPp9a,<УСЕР> мнозинството неќе придобивки од еу затоа ти си предавник змија на која треба да и се настапи на главата но сега збогувај се од еу бидејќи никогаш нема да влезе северенистан таму бидејќи ќе го поништиме преспански и бугарски и тиранска и двојазичност и знаме и рамковен.,negative,negative,neutral,negative,0.8,negative,0.95,5,negative,2,False,4,0.8,True,True,False,True,True,BERTweet
UgxDNEF0v6uKO42HHUN4AaABAg.9ccD_9Paa7g9ccbSIP_uAE,"<УСЕР> И ТАКА И ВАКА И ТАКА КЕ БИДЕ ЗА СЕКОГАШ НЕМА БЕГАНЕ КЕ СИ СЕВЕРЕН КЕ СЕ ОСВЕСТИТЕ ДЕКА СТЕ ТИТОВСКИ СЕВЕРДЖАНИ ПОСЛЕ 1945 С ИЗМИСЛЕН ЈАЗИК И ПИСМЕНИНА ПАК ОТ ТИТО <УРЛ> А НИЕ КЕ СИ БИДЕМ БАЛГАРИ ОТ ЕГЕЈА ,ВАРДАРО И ПИРИН .ТАКА КЕ БИДЕ ВАКА СА СЕВЕРНИ С ПЕРЕН МОЗУК.СЕДЕТЕ СИ ТАТАРИ, ХУНЗИ, ГЈУПТИ АМА ШТО САКАТЕ БИДЕТЕ НИКОЈ ВИ НЕ БАРА ИДЕНТИТЕТУТ СЛЕД 1945.ТАКА КЕ ГО ПРИХВАТИ ВАКА НЕМОЖЕ",neutral,negative,neutral,negative,0.8,negative,0.94,5,negative,2,False,3,0.6,False,True,False,True,True,"CardiffNLP, BERTweet"
UgxDNEF0v6uKO42HHUN4AaABAg.9ccD_9Paa7g9cdRwMZELqu,"<УСЕР> Абе момче, прочети парво. До 1945 сте използували балгарската азбука, нјамали сте кодирана азбука. Цјалата ""Македонска"" литература, Мисирков, Гоце Делчев, преди тјах Жинзифов, всички ""преродбеници и револјуционери"" са писали само на литературен балгарски език. А ти даже не го разбираш - јасно ли ти е каде ви е проблема? За 70 година, сарбите и сарбоманите са ви изпили мозака...Добре, това е избор, којто сте направили - ние го уважаваме. Но зашто лажете?",negative,negative,neutral,negative,0.8,negative,0.94,5,negative,2,False,4,0.8,True,True,False,True,True,BERTweet
UgxDNEF0v6uKO42HHUN4AaABAg.9ccD_9Paa7g9cdSX23ScwZ,"<УСЕР> Митко, нјама македонци по това време. Всички славо-говорешти около Солун са балгари. Нјама нито един източник, документ, хроника - НИШТО, което споменава името ""македонец"", македонски. НЈАМА. Освен като област в северна Гарција, е спомената областта в средните векове - само в един документ от 11 век. Нјама народ, којто да се е казвал ""македонски"". Как може да спорите за ништо.",neutral,negative,neutral,negative,0.8,negative,0.94,5,negative,2,False,3,0.6,False,True,False,True,True,"CardiffNLP, BERTweet"
UgxDNEF0v6uKO42HHUN4AaABAg.9ccD_9Paa7g9cdSy3COOcq,"<УСЕР> Винаги е било така, това не е изненада. Нашата страна не е била по-богата от Авсрија, Германија. Чехија, Полша... Но Балгарија има ГДП = $25 000 на човек на година. РСМ (вие) имате $13 000. Така, че по-добре си замалчи. Вашите братја от Белград имат $16 000. До там да паднали.",neutral,negative,neutral,negative,0.75,negative,0.92,5,negative,2,False,3,0.6,False,True,False,True,True,"CardiffNLP, BERTweet"
UgxDNEF0v6uKO42HHUN4AaABAg.9ccD_9Paa7g9cgSVrcgbOR,"<УСЕР> руски букви?, кој ви е учил на историја? Как цјал свјат знајат дори и русија, че буквите са балгарски. По това време целија балкански полуостров е бил балгарски, ходи виж на картата какво е било в 852г. ... Промили са ви мозака с фалшива историја.",negative,negative,neutral,negative,0.8,negative,0.95,5,negative,2,False,4,0.8,True,True,False,True,True,BERTweet
UgxDNEF0v6uKO42HHUN4AaABAg.9ccD_9Paa7g9cghbmBe02S,<УСЕР>.Б бугарските букви се азиски а такви во европа повеќе не се коростат бидејќи бугарскиот јазик е мртов турски јазик а тоа што бугарија го зборува не е бугарски јазик 😌,negative,negative,neutral,negative,0.8,negative,0.95,5,negative,2,False,4,0.8,True,True,False,True,True,BERTweet
UgxDNEF0v6uKO42HHUN4AaABAg.9ccD_9Paa7g9cgjtup9oAu,"<УСЕР> Ти сам не си вјарваш... Благодарение на Балгарија и делото на кнјаз Борис, което е продалжил и неговија син цар Симеон велики- ние всички славјански народи имаме азбука. И това е признато по цјал свјат. Вие ""македонците"" не заслужавате да сте в ЕС. Когато приемете истината, ште влезете в ЕС. Сарбите са ви промили мозака, заштото никога през годините не са побеждавали Балгарија. Сарбите винаги са били малка даржава којато иска да баде голјама, не веднаж сарбите са се опитвали да нападат Балгарија през годините, но без успех. За това мразјат балгарите. И Дове, докато продалжаваш да пишеш лажи, аз ште продалжа да пиша отговори.",neutral,negative,neutral,negative,0.5,negative,0.95,5,negative,2,False,3,0.6,False,True,False,True,True,"CardiffNLP, BERTweet"
UgxDNEF0v6uKO42HHUN4AaABAg.9ccD_9Paa7g9cmMMo1KVHl,"<УСЕР> Бобчо, правиш много правописни грешки и ползваш срабски букви. Молја , ползвај Кирилица, којато е азбука на балгарите -арии, славјани и скиити.",negative,negative,neutral,negative,0.8,negative,0.95,5,negative,2,False,4,0.8,True,True,False,True,True,BERTweet
UgxDNEF0v6uKO42HHUN4AaABAg.9ccD_9Paa7g9cmNL5df4LR,"<УСЕР> Македонскиот јазик е основата на сите словенски јазици и кирилицата е направена само за Македонскиот јазик и тоа цел свет го знае како што можеш и самиот да прочиташ на Британика: ""Олд Чурч Славониц лангуаге, алсо цаллед Олд Чурч Славиц, Славиц лангуаге басед примарилј он тхе Мацедониан (Соутх Славиц) диалецц ароунд Тхессалоница (Тхессалонíки). Ит вас усед ин тхе 9тх центурј бј тхе миссионариес Саинц Цјрил анд Метходиус, вхо вере нативес оф Тхессалоница, фор преачинг то тхе Моравиан Славс анд фор транслатинг тхе Библе""",neutral,negative,neutral,neutral,0.68,positive,0.95,5,neutral,3,False,3,0.6,True,False,True,True,False,"NLPTown, Llama"
UgxDNEF0v6uKO42HHUN4AaABAg.9ccD_9Paa7g9cmaLplHqK5,"<УСЕР> Кирилица в днешно време е наименованието на група сходни азбучни системи, използвани от различни езици в Източна Европа и Азија. В исторически план кирилицата, заедно с глаголицата, е едната от двете азбуки, използвани при записването на старобалгарскија книжовен език. Кирилицата е саздадена в Преславската книжовна школа кам краја на ИКС или началото на КС век. В наши дни кирилицата е широко разпространена както сред јужните и източните славјански народи, така и сред нјакои неславјански народи в Русија. Кирилицата е в основата на официалната писменост на Монголија и в нјакои републики от бившија Саветски сајуз, а до краја на 70-те години на ХІХ век се е използвала и в Руманија. Чети повече! Не се изоставјај интелектуално!",neutral,neutral,neutral,neutral,0.78,neutral,0.85,5,neutral,1,True,5,1.0,True,True,True,True,True,
UgxDNEF0v6uKO42HHUN4AaABAg.9ccD_9Paa7g9cmb7vediLF,"<УСЕР>'' Алтхоугх тхе воцабуларј анд граммар оф тхе еарлј тексц вриттен ин тхе Олд Чурч Славониц лангуаге инцлуде соме Олд Булгариан феатурес, тхе лангуаге вас невертхелесс басед оригиналлј он а Мацедониан диалецт.'' Исто од Британика на словенски јазици. Бугарија е неписмена и краде Македонска историја.",neutral,negative,neutral,negative,0.8,negative,0.94,5,negative,2,False,3,0.6,False,True,False,True,True,"CardiffNLP, BERTweet"
UgxDNEF0v6uKO42HHUN4AaABAg.9ccD_9Paa7g9cn3gJZFzzC,"<УСЕР> Но неед то бе ангрј он тхе пеопле оф оур тво цоунтриес анд ботх он ме анд јоу. Тхе пеопле оф модерн Нортх Мацедониа анд Булгариа вере тхе цлеверест оф алл Славиц пеопле. Тхе фирст стате ин тхе Славиц ворлд ис тхе И Булгариан емпире вхич инцлудед тхе геограпхицал регионс оф Моесиа, Тхраце, Мацедониа, Сербиа анд Романиа (Балахиа/Валачиа). Лоок ин тхе Википедиа вхен дид тхе Сербиан анд Романиан кингдомс вере цреатед анд јоу вилл бе сурприсед јуст бецаусе тхеј вере парц оф јоур анд мине цоунтрј фор манј центуриес. Кан Кубер анд кан Аспарух, тво бротхерс оф тхе фамоус Индо-Еуропеан фамилј Дуло фром Панониа то Мацедониа анд фром Балахиа то Моесиа анд Тхраце. Соон тхеј унитед ин оне биг Стате – Тхе Фирст Булгариан Емпире. Ит вас натурал тхат тхе фирст вриттен Славиц лангуаге ис тхе Булгариан. Ас муч ас И кнов кан Мичаил-Борис суццеедед то препаред религиоус боокс онлј фор 20000 виллагес анд товнс. Ин модерн Булгариа нов ве хаве онлј 5000 виллагес. Глаголицата е саздадена от Кирил и Методиј парвоначално за славјаните от Моравија. След като Кирил и Методиј умират, техните ученици били прогонени от Моравија и идват в Балгарија, којато по това време е голјама империја, в којато били вклјучени и много други земи на запад и север освен Мизија, Тракија и Македонија. Глаголицата се разпространила из всички балгарски земи и била употребјавана нај-далго в Харватија и днешната РСМ. По това време Балаград>Белоград (>Белград) е балгарски град, а и почти цјала днешна Сарбија, Руманија и Албанија. Нашите обшти предци саздават и Киевска Рус, и Волжка Балгарија, и Унгарија и две владенија в Италија, а сашто даржави и на Кавказ. Кирилицата е саздадена в Преславската книжовна школа в краја на ИКС или началото на КС век. Сред нај-ранните писмени паметници на кирилица е надписат от Крепча, село в Североизточна Балгарија, датиран кам 921 г. и двуезичен надпис с грацко и кирилско писмо на керамична ваза от Преслав, датирана кам 931 г. Традиционно кирилицата е приписвана на Климент Охридски, а името ј – в чест на св. Кирил – Константин Философ, на когото Климент Охридски е ученик. Хипотезата, че Климент Охридски ја е саздал е отхварлена през 90-те години на миналија век по две основни причини: а) парвите надписи на кирилица са открити около Преслав, а не в Охридско, кадето работи Климент, изпратен там от балгарскија кан; б) глаголицата се запазва нај-далго именно на запад, в днешните Северна Македонија и Харватија. В Харватија се използва до 16-ти век. Кирилицата заменја глаголицата, саздадена по-рано от Константин Философ-Кирил.",neutral,negative,neutral,neutral,0.68,positive,0.95,5,neutral,3,False,3,0.6,True,False,True,True,False,"NLPTown, Llama"
UgxDNEF0v6uKO42HHUN4AaABAg.9ccD_9Paa7g9cn4Q8CgyjU,<УСЕР> Ние Македонците не сме словени ниту пак словените ни па бугарите некогаш го освоиле Македонскиот главен град Солун каде ние Македонците ја преведовме Библијата на Македонски јазик и ја направивме Македонската Азбука глаголицата. Ние Македонвите го уништивме вистинскиот бугарски јазик кој беше турски.,negative,negative,neutral,negative,0.8,negative,0.94,5,negative,2,False,4,0.8,True,True,False,True,True,BERTweet
UgxDNEF0v6uKO42HHUN4AaABAg.9ccD_9Paa7g9cn4cHV_81R,"<УСЕР> бугарија или бугарска држава во минатото никогаш не постоела бидејќи Римската империја никогаш не признала такво нешто на своите Римски земји, а вики не вреди за ништо таму пишува секој што сака.",negative,negative,neutral,negative,0.8,negative,0.95,5,negative,2,False,4,0.8,True,True,False,True,True,BERTweet
UgxDNEF0v6uKO42HHUN4AaABAg.9ccD_9Paa7g9coAourOBYX,"<УСЕР> Вие подписахте Преспанското споразумение, според което, не сте наследници на древните македонци. Такива живејат днес само в Северна Гарција. Молја, прочети Преспанскија договор, којто е на страницата на вашето правителство (влада). Пишеш, че не сте словени. Казваш, че не сте балгари. Ајде определете се като каква раса сте. Аз се занимавам и с генетика и ште ти кажа, че генетичните проучванија определјат днешните северни македонци и балгарите за генетично неразличими. Езикат ви е диалект на балгарскија и в това нјама ништо лошо. Големите нации имат по много диалекти. Хубаво е да имаме обшт език в којто да са вклјучени всички диалектни думи. За сажаление сарбите са Ви наложили за официален нај-западнија диалект от географската област Македонија, којто е нај-близак до срабскија и са наложили да се откажете от кирилицата и да набутате в азбуката си сарбизми. На вашија сегашен вариант на езика вече не можете да пеете дори хубавите песни на македонските балгари. Оште по-зле е, че сте се потопили в албанско-срабско-грацка среда и незнам зашто настојавате да киснете в неја и да се обезличавате по-натам вместо да се придаржате кам корените си. Аз се занимавам с историја вече над 20 години и ште ти кажа, че всико писано до сега за произхода на балгарите, че са тјурки, говорат на тјуркски език и прочее са крагли измислици и лажи. Обаче всичко това много скоро ште се промени. Издадох и книга (730 страници) за славното древно минало на балгарите от Балканите. От неја јасно проличава, че прабалгарите от Мизија, Тракија, Македонија и Влахија са аријско, скитско (сака) и тохарско население, което заедно сас славјаните от Балканите (Мизија, Тракија, Македонија) и местното древно силно смесено трако-македонско население формирали балгарите от Балканите. В момента доваршвам книга за аријскија и скитски произход на македонските балгари, мјасто на произход и миграции като част от останалите прабалгари от днешна Балгарија. На мен всичко ми е јасно, но за сажаление не мога да пиша толкова много по сајтовете и да губја ценно време. По-добре е да се помача да сабера пари и да издам новите си книги. Лошото е, че през това време и балгарите в Балгарија и македонските балгари танат в мрака на повече от 100 годишните исторически лажи и вместо да се обединјат, за да оцелејат в днешнија алчен свјат, се дарпат и делјат. Тарси се помошт за ""притисок"" от Франција варху Балгарија. Дјадо ми е загинал в И Световна војна на завоја на река Черна в Македонија, за да ви пази от французите, гарците, техните сенегалци и сарбите. Знаеш ли какви травми нанесе неговата ранна смарт на нашето семејство? Стотици хилјади балгарски војници са загинали, за да ја има днешна Северна Македонија. Аз лично имам над 40-50 роднини с произход (бежанци) от Македонија, основно от земи на днешна Северна Гарција. Хубаво е да се мисли за бадештето поне 30-50 години напред. Как, според тебе, ште се развијат нештата след като се облјагате на гарци (прочети Преспанскија договор), албанци и сарби и се делите от рода си - балгарите. Като влезете в ЕУ саседните населенија, които са в момента с всјакакви предимства в РСМ, ште се населјат масово сред вас и то даржавите им ште им заплатјат за това и какво след това.....",negative,negative,neutral,negative,0.72,negative,0.93,5,negative,2,False,4,0.8,True,True,False,True,True,BERTweet
UgxDNEF0v6uKO42HHUN4AaABAg.9ccD_9Paa7g9coMIGL4Qjr,<УСЕР> тоа не е точно. Преспански е за државата не за народот. Државата не е наследник на Александар Македонски. Македонскиот Народ е наследник на Александар Македонски. И пишувај на англиски не можам да го прочитам целото.,neutral,negative,neutral,negative,0.8,negative,0.95,5,negative,2,False,3,0.6,False,True,False,True,True,"CardiffNLP, BERTweet"
UgxDNEF0v6uKO42HHUN4AaABAg.9ccD_9Paa7g9codpRbX3Ef,"<УСЕР> И толд јоу то реад тхе Преспа треатј анд јоу хавен'т доне тхис. Јоур говернмент анд јоу тхроугх ит хаве аццептед тхат јоу аре нот хеирс оф тхе анциент Мацедонианс анд оф Александер тхе Греат. Ве ин Булгариа аре муч море хис суццессорс. Тхе Греекс хаве лефт јоу тхе наме Нортхерн Мацедониа тхат ит вилл бе муч море еасј фор тхем афтер 30-50 јеарс пенетратинг ин Нортх Мацедониа то инцорпорате јоу то Грееце. Тхис ис јоур футуре иф јоу алл цонтинуе јоу релатионс витх Булгариа ин тхе саме хостиле вај ас ин тхе ласт 30 јеарс. Тхис ис мј ласт пост јуст бецаусе јоу аре стајинг витх цлосед ејес анд цан нот сее тхе блацк цлоудс овер Мацедониа. И'м суре јоу хаве сеен ин Јоутубе хов тхе Булгарианс (Мацедонианс) тхат хавен'т есцапед ин Булгариа аре стилл ливинг нов ин Нортхерн Грееце. Фром тиме то тиме тхеј цоллецт ин смалл цлосед ареас (кошари, егреци), нот ин тхе стреет ор ин а скуаре плаце, анд трј витх сонгс ин брокен лангуаге анд данцес то пресерве сометхинг оф тхеир паст. Тхе футуре сеемс то бе нот верј гоод фор јоу ин РНМ анд ин цонсекуенце фор ус тоо. Бе хаппј анд тхинк абоут тхе футуре оф јоур хеирс!",neutral,negative,neutral,negative,0.8,negative,0.94,5,negative,2,False,3,0.6,False,True,False,True,True,"CardiffNLP, BERTweet"
UgxDNEF0v6uKO42HHUN4AaABAg.9ccD_9Paa7g9coempmezz0,<УСЕР> Преспанскиот и рамковниот и бугарскиот и двојазичност и знаме ќе биде поништено веќе има нови партии во собрание кои се залагаат за тоа но преспански е за државата не за народот. Македонските општини во Албанија во Пустец го имаат Кутлешот за знаме тоа е доказ дека Македонците се сметаат за наследници на Александар Македонски. Ние не сакаме пријателство ние неќеме ништо со вас. За нас Македонците вие бугари немате никакво значење. Никогаш нема да бидеме пријатели и засекогаш Македонците ќе се залагаат за уништување на грција и бугарија.,neutral,negative,neutral,negative,0.8,negative,0.95,5,negative,2,False,3,0.6,False,True,False,True,True,"CardiffNLP, BERTweet"
UgxDNEF0v6uKO42HHUN4AaABAg.9ccD_9Paa7g9coi6EyAn96,"<УСЕР> Предполагам, че в РСМ хората нјамат много широки историческите познанија относно произхода си. ШТе се опитам накратко да го објаснја. На времето (след 668 година) балгарите решили от териториите на Велика Балгарија на север от Черно море да навлезат вав Византија на Балканите и там да организират своја даржава. Това навлизане те го направили с две колони, водени от братјата кан Аспарух и кан Кубер, синове на кан Кубрат от великија индоевропејски род Дуло от Балхика (Бактрија). Парвијат трјабвало да навлезе от североизток, а вторијат от северозапад. Кан Аспарух победил византијската армија и флот при Онгала при устието на река Дунав и навлјазал на југ от Дунава в Мизија, а след това и в Тракија. Кан Кубер се отправил за Сремска Митровица и приел властта на аварите. След нјаколко години тој победил в нјаколко битки аварите и навлјазал вав Вардарско, водејки освен балгарската си војска и народ сашто и голјам број траки и македонци отведени от аварите преди това в плен при обсадата на Солун и Цариград (626-628 г.). Кубер заел Прилепското (Керамисијско) поле. Около 50 години по-рано славјаните сашто били населили много рајони на Балканите, вклјучително и Македонија с 10-12 племена. Взаимодејствието между кан Кубер от рода Дуло и неговите наследници от земите на Долната земја балгарска – Македонија, и кан Аспарух и владетелите от рода Дуло от североизтока на Балканите не прекасвало. Това довело до формиране на известната днес даржава Дунавска Балгарија от териториите на Мизија, Тракија и Македонија. Затова балгарите в Тракија се наричат тракијци, балгарите от долна Мизија – мизијци или добруджанци, а балгарите от Македонија – македонци. Македонија е историческо-географски термин, заштото на Балканите не е имало даржава с името Македонија за доста повече от 2000 години. Генетичните проучванија показват, че населенијата в Мизија, Тракија и Македонија се слели напално и сега са напално еднакви и не могат да се отделјат географски нито прабалгари, нито славјани, а оште по-малко траки и македонци. Според надписа от скалнија паметник „Мадарски конник”, единствен от вида си в Европа, кан Тервел (управлјавал от 700 до 721 г.), којто наследил башта си кан Аспарух, сатрудничел с неговите “чичовци от Солун” срешту византијскија император ЈУстиниан ИИ (Јустиниан ИИ) Около фигурата на Мадарскија конник от скалнија паметник има надписи, от които единијат, макар и неоцелјал напално, гласи: “ЈУстаниан императорат направи д........при балгарите и при Тервел дојде. На носоотрјазанија император моите чичовци от Солун не повјарваха и си отидоха в Кисиниите.....”. (“Балгарски хроники”, Стефан Цанев. Том И). Кисиниите е друго обозначение за днешната Северна Македонија. Това наименование е от прабалгарски аријски произход. Саштијат текст е представен от археолога Магдалина Станчева в книгата „Мадарскијат конник”, Нов балгарски университет, Софија, 2013 г., в следнија вид: „ЈУстаниан императорат (Јустиниан Рхинотметус) направи договор и се опита....балгарите.... и при Тервел дојде. На носоотрјазанија император не повјарваха чичовците ми в Солунско и в Кисинските (селишта) си отидоха....”. За отбелјазване е определението за изклјучително тјасната родствена вразка между Тервел от рода Дуло и управлјаваштија род наново от рода Дуло в земите на Македонија и саответно между техните поданици. След много битки тези две населенија успели да се обединјат и да саздадат И Балгарска империја, којато обхваштала на запад Белоград (>Белград) и отвад него, на север Карпатите, днешната граница между Унгарија и Руманија, на североизток до гр. Запорожие (река Донецк), а на југ вклјучвала ЈУжна Тракија и ЈУжна Македонија единствено без Солун. Това е историјата много на кратко. Ето заради това балгарите от днешна Балгарија са отивали да војуват срешту турци, гарци, французи, сенегалци, сарби и други за свободата на братјата си в Македонија. Представените накратко данни са описани в грацки хроники като „Чроницле оф Монемвасиа” и “Мирацлес оф Саинт Деметриус” и не са измислени.",neutral,negative,neutral,negative,0.72,neutral,0.88,5,neutral,2,False,3,0.6,True,False,True,False,True,"NLPTown, Gemma"
UgxDNEF0v6uKO42HHUN4AaABAg.9ccD_9Paa7g9coiZVFogMy,<УСЕР> не можам да го прочитам тоа пишувај на англиски,negative,negative,neutral,neutral,0.85,neutral,0.95,5,neutral,2,False,3,0.6,False,False,True,True,True,"CardiffNLP, NLPTown"
UgylE8e8bM_yB_YXFuN4AaABAg,"Последнија влак замина, нема Европа за Северен Титостан.",negative,negative,neutral,negative,0.8,negative,0.95,5,negative,2,False,4,0.8,True,True,False,True,True,BERTweet
UgylE8e8bM_yB_YXFuN4AaABAg.9cdJykWi81b9cdRbdfrcnp,Фашистицки татар назат во Азија,negative,negative,neutral,negative,0.8,negative,0.95,5,negative,2,False,4,0.8,True,True,False,True,True,BERTweet
UgylE8e8bM_yB_YXFuN4AaABAg.9cdJykWi81b9ch1tq9BYRf,Оставка,neutral,negative,neutral,negative,0.7,negative,1.0,5,negative,2,False,3,0.6,False,True,False,True,True,"CardiffNLP, BERTweet"
UgylE8e8bM_yB_YXFuN4AaABAg.9cdJykWi81b9dBGSnMrgOb,нема ни крадена историја од васа страна бугари двојни спиуни те на една страна 18-45 те на друга 55 немате своја националистицка страна зборите пола француски пола македонски пола руски немате народ немате дрзава Бурглариа,negative,negative,neutral,negative,0.8,negative,0.95,5,negative,2,False,4,0.8,True,True,False,True,True,BERTweet
UgzYRBw0kBQRV0o3EYp4AaABAg,Татарите плачат 🤮🤮🤮,negative,negative,neutral,negative,0.8,negative,1.0,5,negative,2,False,4,0.8,True,True,False,True,True,BERTweet
UgzYRBw0kBQRV0o3EYp4AaABAg.9ccKMLFJNf09ccMlFTq0hR,"Отроден ,со навреда гледам дека уживаш , нема фајда от празни приказни, се зависи само от Блгарија ,скору за да отиш во тоалет ке треба дозвола от нас инако ке ги пуниш гаштите ,ха,ха,ха!",neutral,negative,neutral,negative,0.8,negative,0.95,5,negative,2,False,3,0.6,False,True,False,True,True,"CardiffNLP, BERTweet"
UgzYRBw0kBQRV0o3EYp4AaABAg.9ccKMLFJNf09ccN56got2T,<УСЕР> жали се за омраза во еу ѓупско татарско племе назад во Азија 🤣,negative,negative,neutral,negative,0.8,negative,0.95,5,negative,2,False,4,0.8,True,True,False,True,True,BERTweet
Ugys-vsSQU9NCOzUr2J4AaABAg,Рама нали знаеш колко сте ни го јали 🤣тихо да не го јадете пак .,negative,negative,neutral,negative,0.8,negative,0.95,5,negative,2,False,4,0.8,True,True,False,True,True,BERTweet
Ugw9Hv74BwHLZDQwnPd4AaABAg,"От доста време го казвам, Скопие нјама собствено мнение. Те са зависими от Белград и тјахното мнение. Вучич може да си завреме умрјалото мнение в 3та глуха. Нито една глава не са отворили Вучич и компанија за една година, толкова са бавни и бездарни :)",negative,negative,neutral,negative,0.8,negative,0.95,5,negative,2,False,4,0.8,True,True,False,True,True,BERTweet
UgxmYMANZpVIxMLXQjJ4AaABAg,Враќањето на Татарите во азија треба да биде во преговорачката рамка заедно со другите ѓупци од грција 😏,neutral,negative,neutral,negative,0.8,positive,0.85,5,,3,False,0,0.0,False,False,False,False,False,
UgxmYMANZpVIxMLXQjJ4AaABAg.9ccZLkEdDrQ9crgCskLiYA,Вракането на северджанија во бановина.,negative,negative,neutral,negative,0.7,negative,1.0,5,negative,2,False,4,0.8,True,True,False,True,True,BERTweet
UgxmYMANZpVIxMLXQjJ4AaABAg.9ccZLkEdDrQ9crndsnoLyR,<УСЕР> татарите да преговараат со монголија за враќање на татарската дијаспора во својата матична земја 😂,neutral,negative,neutral,negative,0.8,negative,0.95,5,negative,2,False,3,0.6,False,True,False,True,True,"CardiffNLP, BERTweet"
UgxmYMANZpVIxMLXQjJ4AaABAg.9ccZLkEdDrQ9croRwQMnf-,<УСЕР> северджан ке ве администрираме не се секири. Нема повеке да бидеш бановин. Нема повеке да лапаш србски и албански пениси.,negative,negative,neutral,negative,0.8,negative,0.95,5,negative,2,False,4,0.8,True,True,False,True,True,BERTweet
UgxmYMANZpVIxMLXQjJ4AaABAg.9ccZLkEdDrQ9uj8FkgIYpP,<УСЕР> ............ јади з'уто. ј бг вц.,negative,negative,neutral,negative,0.8,negative,0.95,5,negative,2,False,4,0.8,True,True,False,True,True,BERTweet
Ugye6s4f-aPF9XQ-eFx4AaABAg,Рама да духа супата хахаха. 😂😂😂😂,positive,positive,neutral,negative,0.8,negative,1.0,5,,3,False,0,0.0,False,False,False,False,False,
Ugye6s4f-aPF9XQ-eFx4AaABAg.9ccTT2UL6pa9ccU-d_d-Ga,тикего духас достае веце,negative,negative,neutral,negative,0.7,negative,0.95,5,negative,2,False,4,0.8,True,True,False,True,True,BERTweet
Ugye6s4f-aPF9XQ-eFx4AaABAg.9ccTT2UL6pa9cd7h5OCPVF,"<УСЕР> Титовото Маке се опитва да пише Хахаха. Некадарници, от парвија до последнија. Мешај арвар там чокалијо и не се занимавај сас сложни работи!",negative,negative,neutral,negative,0.8,negative,0.95,5,negative,2,False,4,0.8,True,True,False,True,True,BERTweet
Ugw-5OT6xXPgSXV2juJ4AaABAg,тикего духис доста бесе веке,neutral,positive,neutral,negative,0.8,negative,0.94,5,,3,False,0,0.0,False,False,False,False,False,
UgyiYpuc4AxEzAukCCV4AaABAg,циркузантите РАМА ВУЧКО и малиот Вучко от северна плашат ЕУ. 🤣🤣🤣,negative,negative,neutral,negative,0.8,negative,1.0,5,negative,2,False,4,0.8,True,True,False,True,True,BERTweet
UgyiYpuc4AxEzAukCCV4AaABAg.9ccoZkG5X5Q9uj90ODVToc,<УСЕР>.......2к д --- е --- б --- и --- л.,neutral,negative,neutral,negative,0.8,negative,0.94,5,negative,2,False,3,0.6,False,True,False,True,True,"CardiffNLP, BERTweet"
UgyAfkpb-RrxGeur7oh4AaABAg,"Ворлд Вар ИИ ин Југослав Мацедониа Само 81 убити македонски партизани за периода 1941-1944 г. Финал оператионс фор тхе либератион оф Мацедониа Ундер тхе леадершип оф тхе нев Булгариан про-Совиет говернмент, фоур Булгариан армиес, 455,000 стронг ин тотал, вере мобилизед анд реорганизед. Бј тхе енд оф Септембер, тхе Ред Армј 3рд Украиниан Фронт троопс вере цонцентратед ат тхе Булгариан-Југослав бордер. Ин тхе еарлј Оцтобер 1944 тхрее Булгариан армиес, цонсистинг оф ароунд 340,000-ман,[55] тогетхер витх тхе Ред Армј реентеред оццупиед Југославиа анд мовед фром Софиа то Ниш, Скопје анд Пристина то блоцкинг тхе Герман форцес витхдравинг фром Грееце.[56][57] Ин Мацедониа тхе Булгарианс оператед ин цоњунцтион витх тхе фигхтерс оф тхе МНЛА, бут тхис цооператион дид нот процеед витхоут диффицултиес.[58] Фром 8 Оцтобер то 19 Новембер, тхе Страцин – Куманово оператион вас хелд анд Кратово, Крива Паланка, Куманово анд Скопје[59] вере такен. Ат тхе саме тиме тхе Брегалница – Струмица оператион вас лед, анд тхе Вехрмачт вас дривен фром тхе виллагес оф Делчево, Кочани, Стип, Струмица анд Велес.[60] Соутхерн анд Еастерн Сербиа, Косово анд Вардар Мацедониа вере либератед бј тхе енд оф Новембер.[61][62] Тхе 3рд Украиниан Фронт ин цоллаборатион витх тхе Пеопле'с Либератион Армј оф Југославиа анд Булгариан Пеопле'с Армј царриед оут тхе Белграде Оффенсиве. Тхе 130,000-стронг Булгариан Фирст Армј цонтинуед то Хунгарј, дривинг офф тхе Германс, вхиле тхе рест мовед бацк то Булгариа. Он а сериес оф мапс фром Армј Гроуп Е, шовинг иц витхдравал тхроугх Мацедониа анд Соутхерн Сербиа, ас велл ас ин тхе мемоирс оф иц чиеф оф стафф, тхере ис алмост но индицатион оф Југослав Партисан униц, бут онлј Булгариан дивисионс. Деспите тхесе фацц, тхе цонтрибутион оф Булгариан троопс ис стилл муч дебатед ин тхе Републиц оф Мацедониа фор политицал реасонс.[63][64] <УРЛ> Вар анд револутион ин Југославиа, 1941–1945: оццупатион анд цоллаборатион, Јозо Томасевич, Станфорд Университј Пресс, 2001, ИСБН 0-8047-3615-4, пп. 751–752. <УРЛ> Зртве рата 1941-1945 <УРЛ> Македонија у Народноослободилачкој борби Укупно је у Вардарској Македонији од 1941. до новембра 1944. године погинуло око 24.000[1] људи, при чему: 7.000 Јевреја, 6.000 Срба, 6.000 Македонаца, 4.000 Албанаца и 1.000 Бугара.[2] Овде су укључени око 3.000 „колаборациониста“, „контрареволуционара“ и цивилних жртава. Јевреји су углавном страдали у концентрационим камповима а око 14.000 људи је страдало у борбама од чега 5.000 Македонаца. <УРЛ> Апостолски - во завршните операции од антифашистичката битка активно се вклучила и армијата на Отечествениот фронт на Бугарија, а во операцијата за ослободување на Скопје учествувала Втората отечествено-фронтовска бугарска армија <УРЛ> Светозар Вукманович - Темпо Мацедониа <УРЛ> <УРЛ> Новембер 13, 1944 (Мондај) Тхе Булгариан 1ст Армј цаптуред Скопје.[15] Тхе Јапанесе дестројерс Акебоно, Акишимо, Хацухару анд Кисо вере алл бомбед анд сунк бј У.С. Навј аирцрафт ин анд ароунд тхе Цавите Навал Јард ин Манила, вхиле дестројер Окинами вас сунк 8 наутицал милес вест оф тхе цитј. Јапанесе субмарине И-12 вас хедгехоггед анд сунк еаст оф Хаваии бј Америцан варшипс. Цивил аир сервице ретурнед то Лондон фор тхе фирст тиме синце Септембер 1939.[5] <УРЛ> Стоне & Стоне Боокс Вар Диарј Новембер 13, 1944 (Мондај) Руссиан Фронт Финниш форцес цаптуре Инари ин нортхерн Финланд Арцтиц Фронт, Јуне 1941 - Мај 1945 Герман форцес витхдрав фром Скопје ас Булгариан 1ст Армј адванцес Соутхерн фланк оф тхе Руссиан Фронт, 1944-1945 Булгариан 1ст Армј цаптурес Скопје Соутхерн фланк оф тхе Руссиан Фронт, 1944-1945 <УРЛ> Заев не зборувал на памет, лично Тито направил пакт со бугарската војска за ослободување на Македонија <УРЛ> Страцин-Куманово оператион <УРЛ> Ниш оператион <УРЛ> Косово Оператион (1944) <УРЛ> Тхе Белграде Оффенсиве ор тхе Белграде Стратегиц Оффенсиве Оператион (Сербиан: Београдска операција / Београдска операција; Руссиан: Белградскаја стратегическаја наступателнаја операција, Белградскаја стратегическаја наступател'наја операција) (15 Септембер 1944 – 24 Новембер 1944)[6] вас а милитарј оператион дуринг Ворлд Вар ИИ ин Југославиа ин вхич Белграде вас либератед фром тхе Герман Вехрмачт тхроугх тхе јоинт еффорц оф тхе Совиет Ред Армј, Југослав Партисанс, анд тхе Булгариан Армј.[7] <УРЛ> булгариан армј ворлд вар 2 <УРЛ> <УРЛ> Ин тхе ласт веек оф Оцтобер тхе Руссианс анд Булгарианс маде стронг бидс то таке Краљево анд Скопље. Хавинг тхе троопс то спаре анд тхе раилроад, Лоехр цоулд меет тхе чалленге, иф ин ботх плацес ноне тоо соон. Он 2 Новембер Армј Гроуп Е стоппед тхе Руссианс ат Краљево анд ин тхе некст северал дајс халтед тхе Булгарианс еаст оф Скопље. Тхе суццесс оф тхе витхдравал тхроугх Мацедониа вас тхен ассуред.31 Нортх оф Скопље тхе армј гроуп воулд хаве то веер вест онто поорер роадс, бут ит воулд бе спаред тхе алмост цертаин дисастер оф а винтер марч тхроугх тхе цоастал моунтаинс. Агаин Веичс' чиеф хандицап вас хис овн еарлиер индецисион; хе хад потентиал ресервес бут но проспецт оф брингинг тхем то беар ин тиме. Армј Гроуп Е'с витхдравал хад гоне витхоут а хитч тхроугх мид-Новембер. Тхен, он тхе 18тх, Булгариан Сецонд Армј хад опенед а стронг аттацк нортх оф Скопље. Агаин Веичс' чиеф хандицап вас хис овн еарлиер индецисион; хе хад потентиал ресервес бут но проспецт оф брингинг тхем то беар ин тиме. Армј Гроуп Е'с витхдравал хад гоне витхоут а хитч тхроугх мид-Новембер. Тхен, он тхе 18тх, Булгариан Сецонд Армј хад опенед а стронг аттацк нортх оф Скопље. Тхе некст дај Балкан Аир Форце бомберс хад дестројед тхе Дрина бридге ат Висеград, бацкинг уп труцк анд трооп цолумнс еигхтј фиве милес еаст то Краљево. Ин Албаниа стронг партисан униц хеммед КСКСИ Моунтаин Цорпс ин он алл сидес ас ит триед то јоин тхе ретреат. Армј Гроуп Е хад то пут бацк инто иц овн фронт соме оф тхе троопс ит хад интендед то релеасе, анд тхе рест вере сталлед ин централ Југославиа 200 милес анд море фром вхере тхеј цоулд до анј гоод. <УРЛ> Тито, Михаилович, анд тхе аллиес, 1941-1945 Бј Валтер Р. Роберц Тхе Мацедониан Партисанс вере нот верј нумероус ор ацтиве еитхер. Тхе мајоритј оф Мацедонианс аппарентлј дид нот цонсидер тхемселвес етхницаллј Сербс бут Булгарианс анд, вхетхер Цоммунист ор нот, вишед то бе унитед витх тхеир бротхерс ... <УРЛ>",neutral,negative,neutral,neutral,0.68,neutral,0.98,5,neutral,2,False,4,0.8,True,False,True,True,True,NLPTown
Ugxm465xTO-g85DjZcR4AaABAg,е зашто УСА нема проблем с това че нема език и азбука ? а всеки квартал на Балгарија требе да има собствени ?,negative,negative,neutral,negative,0.85,negative,0.95,5,negative,2,False,4,0.8,True,True,False,True,True,BERTweet
Ugxm465xTO-g85DjZcR4AaABAg.9ccWd9YaQ5A9cfW6S4vIRd,Македонија не е бугарска ги изгубивте двете светски војни памтиш?,negative,negative,neutral,negative,0.8,negative,0.95,5,negative,2,False,4,0.8,True,True,False,True,True,BERTweet
Ugxm465xTO-g85DjZcR4AaABAg.9ccWd9YaQ5A9htr7UgWDmB,"Па зборувајте си на Цуваски јазик , кој ви брани",neutral,positive,neutral,negative,0.8,negative,0.95,5,,3,False,0,0.0,False,False,False,False,False,
Ugxm465xTO-g85DjZcR4AaABAg.9ccWd9YaQ5A9uj8QPxXiLS,@............К -- -- -- сдс ЦРЕП.,neutral,negative,neutral,neutral,0.78,negative,0.95,5,neutral,2,False,3,0.6,True,False,True,True,False,"NLPTown, Llama"
UgzTnA8AO7aB6Ood5QF4AaABAg,"Рама, обратете се кон Македонците, насочете го гневот кон нив. Ја запираат Албанија на патот кон Европа, а не Бугарија. Кажи им да го исполнат договорот со Бугарија.",negative,negative,neutral,negative,0.8,negative,0.95,5,negative,2,False,4,0.8,True,True,False,True,True,BERTweet
UgyQgy72MVEeTI_oNPF4AaABAg,Чиста формулациа на македонскиа език: нема Таков език. Има северджански език со србски гумна во него след 1945.,neutral,negative,neutral,negative,0.8,negative,0.94,5,negative,2,False,3,0.6,False,True,False,True,True,"CardiffNLP, BERTweet"
UgyQgy72MVEeTI_oNPF4AaABAg.9cg8Qo7lnwm9crYXAuvRze,Балгари татари,neutral,neutral,neutral,neutral,0.74,negative,0.95,5,neutral,2,False,4,0.8,True,True,True,True,False,Llama
UgyQgy72MVEeTI_oNPF4AaABAg.9cg8Qo7lnwm9cr_5voPZp5,<УСЕР> немои се секири албанска невеста.,negative,negative,neutral,negative,0.8,negative,0.95,5,negative,2,False,4,0.8,True,True,False,True,True,BERTweet
UgyQgy72MVEeTI_oNPF4AaABAg.9cg8Qo7lnwm9uj8d4JfqlB,<УСЕР> и пред 1945 и по 1945 блгари - глупаци.,negative,negative,neutral,negative,0.8,negative,1.0,5,negative,2,False,4,0.8,True,True,False,True,True,BERTweet
UgyryZrhRWwFQZyduuh4AaABAg,"Македонците во Бугарија имаат ли право да гласаат за Македонската влада,,,,",neutral,negative,neutral,negative,0.75,neutral,0.85,5,neutral,2,False,3,0.6,True,False,True,False,True,"NLPTown, Gemma"
UgyryZrhRWwFQZyduuh4AaABAg.9LklbEcFfz29Ll8SSwGiO4,Да,neutral,neutral,neutral,positive,0.95,positive,1.0,5,neutral,2,False,3,0.6,True,True,True,False,False,"Gemma, Llama"
UgyryZrhRWwFQZyduuh4AaABAg.9LklbEcFfz29Loo1gRHBpC,Немат пасоши. Никој не сака пасош на РСМ.,negative,negative,neutral,negative,0.8,negative,0.95,5,negative,2,False,4,0.8,True,True,False,True,True,BERTweet
UgyryZrhRWwFQZyduuh4AaABAg.9LklbEcFfz29Lsr0LhufTt,"Македонци во Блгарија нема ,има македонски блгари како во Блгарија така и во Македонија!",neutral,negative,neutral,neutral,0.7,negative,0.9,5,neutral,2,False,3,0.6,True,False,True,True,False,"NLPTown, Llama"
UgyryZrhRWwFQZyduuh4AaABAg.9LklbEcFfz29LtG8Sl-TcO,"Македонските балгари си гласат в тјахната родина Балгарија. Ако говориш за титомакедонци - в Балгарија има псевдотитомакедонци дето не сакат и титомакедонски пасоши, ама ако вземат титомакедонски пасош може да си гласат в амбасадата, никој нема да им пречи.",negative,negative,neutral,negative,0.8,negative,0.95,5,negative,2,False,4,0.8,True,True,False,True,True,BERTweet
UgyryZrhRWwFQZyduuh4AaABAg.9LklbEcFfz29_CERiWhq1h,Да секој кои што живее со рсм може да гласа,neutral,positive,neutral,negative,0.8,positive,0.95,5,,3,False,0,0.0,False,False,False,False,False,
UgyryZrhRWwFQZyduuh4AaABAg.9LklbEcFfz29utxm9BV4pp,<УСЕР> - сдс цреп.,negative,neutral,neutral,negative,0.8,negative,1.0,5,negative,2,False,3,0.6,True,False,False,True,True,"NLPTown, BERTweet"
UgyryZrhRWwFQZyduuh4AaABAg.9LklbEcFfz29utxtulMBPm,<УСЕР> ТАТЈАНА МАКЕДОНКА. говедо @.,neutral,negative,neutral,negative,0.85,negative,0.95,5,negative,2,False,3,0.6,False,True,False,True,True,"CardiffNLP, BERTweet"
Ugyl_sNL62FOcFg8tbl4AaABAg,"Като стана вапрос,че единија балгарин го репресират в Македонија и сарбите спреха камерата.",negative,negative,neutral,negative,0.7,negative,0.95,5,negative,2,False,4,0.8,True,True,False,True,True,BERTweet
UgwI-cVUOB5gWnyd10h4AaABAg,Кедо би волео да си пресидент на МК штета што те немамо.. и то од албанца из Македоније Респект,negative,negative,neutral,negative,0.8,positive,0.95,5,negative,3,False,3,0.6,True,True,False,True,False,"BERTweet, Llama"
UgxRqS34L34QDbVifh14AaABAg,Цеда “прасак” прица политику,negative,positive,neutral,negative,0.8,negative,0.95,5,negative,3,False,3,0.6,True,False,False,True,True,"NLPTown, BERTweet"
UgxRqS34L34QDbVifh14AaABAg.8lNzQ2iCMxr8lO1LqyvET2,Многу харизматицен И интригантен политицар. Би било убаво да имаме слицен во Македонија. Свези И смели идеи.,positive,negative,neutral,positive,0.85,positive,0.95,5,positive,3,False,3,0.6,True,False,False,True,True,"NLPTown, BERTweet"
UgzXt6JTx5EYmWqy2RF4AaABAg,преспа договор - кривиц'но дело. сдс програма 2016 никаде нема менување ИМЕ на МАКЕДОНИЈА. сдс ј бајбук. договор ј вц.,negative,negative,neutral,negative,0.8,negative,0.95,5,negative,2,False,4,0.8,True,True,False,True,True,BERTweet
UgzGCYWNYC3LX7goss14AaABAg,Се надеваме дека барем во Бугарија ќе дознаат повеќе за вистинската историја на Македонија.Без лаги и манипулации.,neutral,negative,neutral,negative,0.5,positive,0.95,5,,3,False,0,0.0,False,False,False,False,False,
UgzGCYWNYC3LX7goss14AaABAg.9Zw5c7gDMFo9_4zEmKu598,нема шо да дознаеме тази шема историческа е известна на цел свет 😀,positive,positive,neutral,positive,0.85,neutral,0.85,5,positive,2,False,3,0.6,True,True,False,True,False,"BERTweet, Llama"
UgzGCYWNYC3LX7goss14AaABAg.9Zw5c7gDMFo9_z9sIEnhkw,"<УСЕР> Го носиш името на Балгарски от кнјаз Борис, 10 век сигур и то го знаеш?",neutral,negative,neutral,neutral,0.65,negative,0.94,5,neutral,2,False,3,0.6,True,False,True,True,False,"NLPTown, Llama"
UgwgsoE182CeQeoyabh4AaABAg,Штом е договорот во Софија последната цел ке биде они како што ке сакаат...,neutral,neutral,neutral,negative,0.8,negative,0.8,5,neutral,2,False,3,0.6,True,True,True,False,False,"Gemma, Llama"
UgwgsoE182CeQeoyabh4AaABAg.9ZtlWtn7Wjq9ZuW-tOG-ci,нормално вие да не учекувате шо вие ке кажете 🤣,neutral,negative,neutral,negative,0.8,negative,0.95,5,negative,2,False,3,0.6,False,True,False,True,True,"CardiffNLP, BERTweet"
UgyhrG1efQz16YaAeXB4AaABAg,Ха ха кој ште е този лудија дето ште ходи да учи в Северен Хунзистан?,neutral,negative,neutral,negative,0.85,negative,0.95,5,negative,2,False,3,0.6,False,True,False,True,True,"CardiffNLP, BERTweet"
Ugx1Jy3w1wT0v_ArInZ4AaABAg,"Те овака треба и двата народа имат словенско потекло зашто да не соработуваме ,сега тие шо се поблиску до границата со србија ја сакат повеќе србија ние што сме поблиску до бугарија ја сакаме бугарија и нема ништо лошо и 3те народи ако соработуват повеќе!",negative,negative,neutral,positive,0.85,positive,0.85,5,,3,False,0,0.0,False,False,False,False,False,
UgytGthiQZ7r2fiW9HF4AaABAg,"ПА СИГИРНО=КАКО ДАЈА ДОПРОДАДААТ ""ЗЕМЈАВА""=ТИЕ ДРУГО НИШТО НЕ ЗНААТ..!!",negative,negative,neutral,negative,0.8,negative,0.95,5,negative,2,False,4,0.8,True,True,False,True,True,BERTweet
UgyC8n9EGZtrNji4k314AaABAg,"Зборот ""Предавник"" сам по себе не е говор на омраза. Говор на омраза е исказот ""Ги мразам предавниците"". И ако ни забранат да го користиме зборот предавник, како ќе ги нарекуваме предавниците?",negative,negative,neutral,negative,0.8,negative,0.55,5,negative,2,False,4,0.8,True,True,False,True,True,BERTweet
Ugx1ylJvKW8tBpUVo_t4AaABAg,Одете во Грција и кажете им го тоа 🤣🤣🤣🤣🤣🤣,neutral,positive,neutral,negative,0.8,negative,1.0,5,,3,False,0,0.0,False,False,False,False,False,
Ugx3RdkkzCPJlk7BLwV4AaABAg,Вето за отродените бугари во РСМ!,neutral,positive,neutral,negative,0.8,negative,1.0,5,,3,False,0,0.0,False,False,False,False,False,
Ugxb1y4O1LyHPzKNqQB4AaABAg,Се што е бугарско е во Азија не на овој Македонски континент 🤣😂😆,neutral,negative,neutral,negative,0.8,negative,0.95,5,negative,2,False,3,0.6,False,True,False,True,True,"CardiffNLP, BERTweet"
Ugxb1y4O1LyHPzKNqQB4AaABAg.9bI6RZrj64n9bISb38slnj,"Ама то вече и цјал континент си присвоените. Без коментар, че иначе ште трјабва да обидја интелекта ти.",negative,negative,neutral,negative,0.8,negative,0.95,5,negative,2,False,4,0.8,True,True,False,True,True,BERTweet
Ugxb1y4O1LyHPzKNqQB4AaABAg.9bI6RZrj64n9bISytNN7BU,<УСЕР> Македонците се домородни на континентов а бугарите не се затоа барајте го бугарското во Азија поточно источна монголија 😆,neutral,negative,neutral,negative,0.8,negative,0.95,5,negative,2,False,3,0.6,False,True,False,True,True,"CardiffNLP, BERTweet"
Ugxb1y4O1LyHPzKNqQB4AaABAg.9bI6RZrj64n9bITRfpA7Wd,<УСЕР> Ама ти нјамаш и два реда четено през живота си. Сажалјавам те.,negative,negative,neutral,negative,0.8,negative,1.0,5,negative,2,False,4,0.8,True,True,False,True,True,BERTweet
Ugxb1y4O1LyHPzKNqQB4AaABAg.9bI6RZrj64n9bIZAwMH5sh,<УСЕР> назад во бугарска Азија!! 🤣,neutral,negative,neutral,negative,0.8,negative,0.95,5,negative,2,False,3,0.6,False,True,False,True,True,"CardiffNLP, BERTweet"
Ugxb1y4O1LyHPzKNqQB4AaABAg.9bI6RZrj64n9bIZa4bkgrF,"<УСЕР> Тажна картина си, недоразумение на природата",negative,negative,neutral,negative,0.7,negative,0.8,5,negative,2,False,4,0.8,True,True,False,True,True,BERTweet
Ugx4ktF-jPYJlY9YBoJ4AaABAg,"Албанците викат половината Македонија са албанци , другата половина са балгари , но все оште не са го осазнали хахахахха",negative,negative,neutral,negative,0.8,negative,0.95,5,negative,2,False,4,0.8,True,True,False,True,True,BERTweet
Ugx4ktF-jPYJlY9YBoJ4AaABAg.9Y_dMrmiWn99x77NvP-Fum,во МАКЕДОНИЈА -- ЛУЃЕ. други дрз'ави - будали.,neutral,neutral,neutral,negative,0.8,negative,0.95,5,neutral,2,False,3,0.6,True,True,True,False,False,"Gemma, Llama"
UgxIyykuawMwSJ3G-Jh4AaABAg,Вѓ,neutral,positive,neutral,neutral,0.73,negative,1.0,5,neutral,3,False,3,0.6,True,False,True,True,False,"NLPTown, Llama"
Ugz3V49uFT1-u5OzxbZ4AaABAg,На момата е грјав да и сложат маска на белото лице и тонката устичка :),positive,negative,neutral,negative,0.85,negative,0.95,5,negative,3,False,3,0.6,False,True,False,True,True,"CardiffNLP, BERTweet"
UgybrbfD0YEdhBFYTm94AaABAg,Вие ЕУ нема да видите 😂😂,negative,negative,neutral,negative,0.8,negative,0.95,5,negative,2,False,4,0.8,True,True,False,True,True,BERTweet
UgybrbfD0YEdhBFYTm94AaABAg.9FZeXasAMnp9uPGpoXVROW,2018 на РЕФЕРЕНДУМ ГРАЃАНИ од МАКЕДОНИЈА рекоа не ЕУ. сдс програма 2020 нема бугари во УСТАВ. и бугари и сдс ј вц.,neutral,negative,neutral,negative,0.8,negative,0.95,5,negative,2,False,3,0.6,False,True,False,True,True,"CardiffNLP, BERTweet"
Ugxn7OFySSVl4qqlm814AaABAg,Османи нека ги гледа албанското прашање а не македонското,negative,negative,neutral,negative,0.8,negative,0.95,5,negative,2,False,4,0.8,True,True,False,True,True,BERTweet
Ugx11tHjOZ8aPuCanTl4AaABAg,Спрете да ни крадете историјата ни! Македонија е балгарска !,negative,positive,neutral,negative,0.8,negative,1.0,5,negative,3,False,3,0.6,True,False,False,True,True,"NLPTown, BERTweet"
Ugx11tHjOZ8aPuCanTl4AaABAg.9FZegb5CpGg9uPGYcHcutW,блгарска е татар зелка.,neutral,negative,neutral,negative,0.8,negative,0.95,5,negative,2,False,3,0.6,False,True,False,True,True,"CardiffNLP, BERTweet"
UgyrmwxKG0wHA90aX7l4AaABAg,Само срајк против овие скотови,negative,negative,neutral,negative,0.7,negative,1.0,5,negative,2,False,4,0.8,True,True,False,True,True,BERTweet
UgwqYBSX_ATp0qMOngN4AaABAg,Српски историчар: ВМРО барало автономија на Македонија за во следната фаза да ја припои кон Бугарија - <УРЛ>,neutral,negative,neutral,negative,0.8,negative,0.94,5,negative,2,False,3,0.6,False,True,False,True,True,"CardiffNLP, BERTweet"
UgwqYBSX_ATp0qMOngN4AaABAg.9w3B3vRoN659w3Z3qdwqK3,ВМРО основана 1893 во ПИРИНСКА МАКЕДОНИЈА од МАКЕДОНЦИ. В М Р О -- Внатрес'на Македонска Револуционерна Организација.,neutral,negative,neutral,positive,0.85,positive,0.95,5,,3,False,0,0.0,False,False,False,False,False,
UgxmHAdRJWoH07ulI-54AaABAg,Господ гледа свееееее проклети да стееее👌👌👌👌👌,positive,positive,neutral,negative,0.8,negative,1.0,5,,3,False,0,0.0,False,False,False,False,False,
UgxmHAdRJWoH07ulI-54AaABAg.8pzKfpxEojx9vO8FnG88hZ,сдс програма 2016 никаде нема менување ИМЕ на РЕПУБЛИКА МАКЕДОНИЈА. 11 јануари 2019 -- Ѕафери и 80 пратеници сторија кривиц'но дело.,neutral,negative,neutral,negative,0.8,negative,0.95,5,negative,2,False,3,0.6,False,True,False,True,True,"CardiffNLP, BERTweet"
UgyjMES1QLfkkY9Edxp4AaABAg,"Стевце ти бесе за прецедател, со став и со се, ама по дефаулт насиот народ или вмро или сдс глассат, а знаат потајно дека е иста монета",negative,negative,neutral,negative,0.75,negative,0.94,5,negative,2,False,4,0.8,True,True,False,True,True,BERTweet
UgxMOLwcHNhgHkVTDuR4AaABAg,Тебе да не требасе да те избереме,neutral,negative,neutral,negative,0.8,negative,0.95,5,negative,2,False,3,0.6,False,True,False,True,True,"CardiffNLP, BERTweet"
UgzGURGudMAsR-BSNiV4AaABAg,"СПОРЕДИ Куелс сонт лес цинк дроиц де л'хомме ? ВС лес дроиц дес цитојенс À траверс сон прéамбуле ет сес дикс-септ артицлес , елле дéфинит дес дроиц « натурелс ет импресцриптиблес » куе сонт ла либертé, ла проприéтé, ла сûретé, ла рéсистанце à л'оппрессион, елле рецоннаîт л'éгалитé девант ла лои ет ла јустице, ет елле аффирме ле принципе де ла сéпаратион дес поувоирс.",neutral,negative,neutral,positive,0.85,negative,0.94,5,,3,False,0,0.0,False,False,False,False,False,
UgyIzMf0ha6U5oAlmeR4AaABAg,"30.9.2018 РЕФЕРЕНДУМ 63% ГРАЃАНИ рекоа Не преспа договор. 8.10.2018 објава во Слуз'бен весник на РМ : ""одлуката не е усвоена"". Заев стори кривиц'но дело. сдс програма 2016 никаде нема менување ИМЕ на РЕПУБЛИКА МАКЕДОНИЈА.",neutral,negative,neutral,negative,0.8,negative,0.95,5,negative,2,False,3,0.6,False,True,False,True,True,"CardiffNLP, BERTweet"
UgzUUNU_WjPQdS5wzBp4AaABAg,"Поздрав, Благодарност за вашата работа, ве молам продолжете со вашите барања за поништување на Преспанскиот ""договор"", измисленото бугарско државотворен малцинство и исто така за една изборна единица. Ако ништо друго да се знае кој се залагал за враќање на името и идентитетот да биде дека никој не го покренал.",negative,positive,neutral,negative,0.5,positive,0.95,5,,3,False,0,0.0,False,False,False,False,False,
UgzUUNU_WjPQdS5wzBp4AaABAg.ANru9M3mQ_QANrua21XzEs,Благодарам за поддршката!,positive,positive,neutral,positive,0.98,positive,0.95,5,positive,2,False,4,0.8,True,True,False,True,True,BERTweet
UgxlXYcSTahTSExPit94AaABAg,"Лиар, лиар, панц он фире! ;)",positive,positive,neutral,negative,0.8,negative,1.0,5,,3,False,0,0.0,False,False,False,False,False,
UgxX-6goASb6q3PDHOd4AaABAg,Али баба и.........,neutral,neutral,neutral,neutral,0.7,negative,0.94,5,neutral,2,False,4,0.8,True,True,True,True,False,Llama
Ugx-3V6c9dxjC5VaCZd4AaABAg,прошлјаци ФЈРОМ-ски😂!,neutral,positive,neutral,negative,0.8,negative,0.95,5,,3,False,0,0.0,False,False,False,False,False,
Ugz-5vKN7kruDIJMVDt4AaABAg,сдс програма 2020 никаде нема бугари во УСТАВ. сдс програма 2016 никаде нема менување УСТАВ на РЕПУБЛИКА МАКЕДОНИЈА. 2019 Ѕафери стори кривиц'но дело.,negative,negative,neutral,negative,0.8,negative,0.95,5,negative,2,False,4,0.8,True,True,False,True,True,BERTweet
UgxudNSNjcuqDecF_Eh4AaABAg,"Тука е жмицко да го вметне тоа "" модерен""",negative,neutral,neutral,negative,0.8,negative,0.95,5,negative,2,False,3,0.6,True,False,False,True,True,"NLPTown, BERTweet"
UgyhTJbVhI5_OZKbvT54AaABAg,Мацедониа фор тхе реал Мацедонианс. ЕЛЛАС ЕЛЛАС МАКЕДОНИА,neutral,neutral,neutral,positive,0.85,positive,0.95,5,neutral,2,False,3,0.6,True,True,True,False,False,"Gemma, Llama"
Ugxbs2B0z3GClf0FLfB4AaABAg,Македонија на Македонците 🥰🥰🥰🥰,positive,positive,neutral,positive,0.98,positive,0.95,5,positive,2,False,4,0.8,True,True,False,True,True,BERTweet
Ugw3GEmh4urMD8DYoPJ4AaABAg,"Преди като гледах г-дин Пендаровски Ви се вазхиштавах, че имате такав млад президент. Наскоро гледах негово видео и в него каза всаштност на колко е години. Честно Ви казвам аз оште НЕ мога да го повјарвам… Не знам какво прави, но изглежда на 30 и нјаколко години, дори и 40 не му давах.. 👌🔝🔝 Чест и почитанија! Нека бади жив и здрав оште далги години! 😇🔝",positive,positive,neutral,positive,0.85,positive,0.95,5,positive,2,False,4,0.8,True,True,False,True,True,BERTweet
Ugw3GEmh4urMD8DYoPJ4AaABAg.AO7jnTtWs2FAOBqa-9v_LB,"Е 30 не, но аз му давах 50 години. А тој бил на 62. Даже косата му не е поблјала оште.",neutral,negative,neutral,negative,0.85,positive,0.95,5,,3,False,0,0.0,False,False,False,False,False,
UgzieQefmzyys23SIpJ4AaABAg,"Браво,ретко убава емисија",positive,positive,neutral,positive,0.95,positive,0.95,5,positive,2,False,4,0.8,True,True,False,True,True,BERTweet
UgzieQefmzyys23SIpJ4AaABAg.AO70EAjyG0XAO7BNJ-iXjd,???.,neutral,negative,neutral,neutral,0.74,neutral,1.0,5,neutral,2,False,4,0.8,True,False,True,True,True,NLPTown
UgxmE2H-oFPDsBapXCF4AaABAg,Добра и интересна епизода на политиканти и 1 политицар 👍🤗,positive,positive,neutral,positive,0.85,positive,0.95,5,positive,2,False,4,0.8,True,True,False,True,True,BERTweet
UgzJexxiwwpjz6ZBPNZ4AaABAg,"Прекрасни - сите до еден, се рсзбира на чело со господинот Пендаровски! На ниво и многу живо! 👏👏👏",positive,positive,neutral,positive,0.95,positive,0.95,5,positive,2,False,4,0.8,True,True,False,True,True,BERTweet
UgzIDAlf_kogACAVBoB4AaABAg,Да се огледаат на овој човек. Речник има кој не му е рамен. Многу мина можат вода да му носат. 👏👏👏🤌🤌🤌🤌👏👏,positive,neutral,neutral,negative,0.75,positive,0.95,5,,3,False,0,0.0,False,False,False,False,False,
UgzIDAlf_kogACAVBoB4AaABAg.AO8J5p8q18CAO8tu77eUf2,Многу лажит,negative,negative,neutral,positive,0.85,negative,1.0,5,negative,3,False,3,0.6,True,True,False,False,True,"BERTweet, Gemma"
UgzwAT8WMyATKVwYvuR4AaABAg,Уште е тука овај 😂 да отвориме број за донации за авионска карта,neutral,positive,neutral,negative,0.8,positive,0.95,5,,3,False,0,0.0,False,False,False,False,False,
UgzwAT8WMyATKVwYvuR4AaABAg.AO8tpo5roHzAO9j8mBGjfz,Стево Стоката ќе се вози само на ВОЗ.Авион со говедо може да се урне.,negative,negative,neutral,negative,0.8,negative,0.95,5,negative,2,False,4,0.8,True,True,False,True,True,BERTweet
UgzjlK6OPWuwdQDzuqR4AaABAg,Браво,positive,positive,neutral,positive,0.98,positive,1.0,5,positive,2,False,4,0.8,True,True,False,True,True,BERTweet
UgyK_BGeE2IgzdxqpTh4AaABAg,Па што не направивте на македонски јазик да слушаме фудбал ? Или се поклонувавте дека сме дијалект на бугарски ?,negative,negative,neutral,negative,0.8,negative,0.95,5,negative,2,False,4,0.8,True,True,False,True,True,BERTweet
Ugydeg2m2Yjx2rPDvIR4AaABAg,Лајно поткаст,negative,positive,neutral,neutral,0.74,negative,1.0,5,,3,False,0,0.0,False,False,False,False,False,
Ugydeg2m2Yjx2rPDvIR4AaABAg.AO7GlrhBEQkAO7faNGisVe,ти си лајно!,negative,positive,neutral,positive,0.95,negative,1.0,5,,3,False,0,0.0,False,False,False,False,False,
Ugydeg2m2Yjx2rPDvIR4AaABAg.AO7GlrhBEQkAO8is4T2phP,Ако не ти одговара поткастов немој ни да гледаш имаш алфа па таму си гледај😂,negative,negative,neutral,negative,0.7,negative,0.95,5,negative,2,False,4,0.8,True,True,False,True,True,BERTweet
Ugzg2ZVLE-cxIJVj_vp4AaABAg,Ако се прашува народот тој секогаш ќе има националистички став ама од друга страна постепено ќе зема бугарски пасоши и ќе заминува од Македонија. Тоа се случува 30 години.,neutral,negative,neutral,negative,0.75,negative,0.8,5,negative,2,False,3,0.6,False,True,False,True,True,"CardiffNLP, BERTweet"
UgwgCIiP6HgicJaAZsd4AaABAg,Гледам и анализирам дали је мозно ваков Будала да бил Председател на МК на овие Лигуси мораме да лм казиме Достае И ДаГИ ИСПРАТИМЕ НА БУНИСТЕ,negative,negative,neutral,negative,0.8,negative,0.95,5,negative,2,False,4,0.8,True,True,False,True,True,BERTweet
UgwgCIiP6HgicJaAZsd4AaABAg.AOAL9VIvvL4AOG5Kse3P2f,"Нека има повеќе интервјуа со Пендаровски за откривање на вистинитите настани, непознати за посироката јавност, сто мозат да бидат казани, нормално. За да се откријат лагите и агресивната пропаганда сто е 99% присута сите нивоа во дрзавата. Ќе се просири кругот на гледаци, кои се осудени само на консумирање информации од теледиригираните ( и платени за тоа) медиуми од Белиот дворец. Емисијата ви бесе одлицна.",negative,negative,neutral,positive,0.82,negative,0.94,5,negative,3,False,3,0.6,True,True,False,False,True,"BERTweet, Gemma"
UgwFjRVoEeZ5WY-UyDV4AaABAg,Точно е се.,neutral,positive,neutral,neutral,0.74,negative,0.9,5,neutral,3,False,3,0.6,True,False,True,True,False,"NLPTown, Llama"
Ugy4AkydPA1GVxgIjY14AaABAg,"земете мотика...за друго не ве бива...ма ни за тоа..затоа сте во ""политика""",negative,negative,neutral,negative,0.75,negative,0.95,5,negative,2,False,4,0.8,True,True,False,True,True,BERTweet
UgxSjlC2a8PMQ6mSPtV4AaABAg,"Ајде ајде овој знаел да зборува , додека бесе прецедател зборуваде глупости и прифакасе се и сесто против Македонската дрзава",negative,negative,neutral,negative,0.8,negative,0.94,5,negative,2,False,4,0.8,True,True,False,True,True,BERTweet
UgxAqyrJu2i0Z1z56CJ4AaABAg,Многу добро збори. Може треба да го ставиме Прецедател да ја оправи државата... ох ваит,positive,positive,neutral,negative,0.5,positive,0.95,5,positive,3,False,3,0.6,True,True,False,False,True,"BERTweet, Gemma"
Ugy4VmcBUaLyCCVXdyl4AaABAg,Пендаровски вонвременски прав лидер на цела опозиција !!,neutral,positive,neutral,negative,0.8,negative,1.0,5,,3,False,0,0.0,False,False,False,False,False,
UgzECPvBAnM6sPyhhYZ4AaABAg,Србски свет демек Вуциц или бугарски свет кој бојко или прасето стево бе другаце преседател беше 5 години усте трепкас како те избраа тие у мвр со знаци лоша селекција,negative,negative,neutral,negative,0.8,negative,0.94,5,negative,2,False,4,0.8,True,True,False,True,True,BERTweet
UgyhUY8Aplf_frM2v-d4AaABAg,НАРОДОТ ВЕЛИ' НЕТИ ТРЕБААТ ТРИ ВОЛОВИ НА ОРАЊЕ АМА ОВОЈ ГАЗДА РЕШИЛ ДА ИМА ТРИ ВОЛОВИ ЗА ОРАЊЕ,negative,negative,neutral,negative,0.8,negative,0.94,5,negative,2,False,4,0.8,True,True,False,True,True,BERTweet
UgxJF9AtdH_uGNEyV1h4AaABAg,Кретен до кретен овие двајцата,positive,positive,neutral,negative,0.8,negative,1.0,5,,3,False,0,0.0,False,False,False,False,False,
UgyCKhmY1yFU9zWAIM94AaABAg,"Добро бе, колку ве кешираат разноразни неолиберални левичарски донатори за упорно да мелете глупости за кои и самите знаете и гледате дека не држат вода? Во ЕУ сѐ повеќе либералната, социјалдемократската левичарска опција ја губи власта и тоа е процес кој колку ида се обидувате од петни жили да го сопрете, ќе си тече зашто гласачкото тело низ државите во ЕУ е веќе орезаситено од политиките на социјалдемократите, либералите, зелените... Ова вашево е како обид за враќање на Тито, чиста утопија. 😂🤣😅",negative,negative,neutral,negative,0.8,negative,0.95,5,negative,2,False,4,0.8,True,True,False,True,True,BERTweet
UgwF85Dps2DLG3UsPwB4AaABAg,Ајде професоре со Македонска Трета Ера.Брикс!Чесноста ваша сите врати ги отвора .Чесни сме и ние!,positive,positive,neutral,positive,0.85,positive,0.95,5,positive,2,False,4,0.8,True,True,False,True,True,BERTweet
UgzycLaIZfG871TZRZV4AaABAg,"И сто е лошо да имас пријатели секаде ? Па нели знаете надворешна политика ? Која е логиката дека не треба да си пријател со некоја дрзава, а имас интерес, бидејки не е во ЕУ ? Па не гледате дека владата на СДСМ не вовлецка во 200 денари нафта бидејки мавна сакнции на Русија, за ЕУ да и казе само едно браво ? А Унгарија не го направи тоа, а е во ЕУ. Интересот е поголем од било кој. Ама ние сме мрднати што даваме шанси на вакви, кои се љубат со Бојко.",negative,negative,neutral,negative,0.8,negative,0.83,5,negative,2,False,4,0.8,True,True,False,True,True,BERTweet
UgxELJYpD4oiiicaZ1F4AaABAg,"Само кажувате дека, сите тројца не сте ја разбрале лекцијата што, преку 85% од Македонскиот народ ви ја очита минатата година и дека, вашиот единствен императив е да продолжите со предавствата кон Македонскиот народ! Дали сте биле добро искеширани за тоа да го направите а, не сте успеале тоа да го испорачате докрај, или пак, ве погодува омразата кон сопствениот народ, вие си знаете!? Но, едно е сигурно, за голема среќа на Македонскиот народ, ВИЕ СТЕ МИНАТО ЗАВРШЕНО ВРЕМЕ ! Може да ""воскреснете"" само во својство на ОСУДЕНИ ВЕЛЕПРЕДАВНИЦИ 😏",negative,negative,neutral,negative,0.8,negative,0.95,5,negative,2,False,4,0.8,True,True,False,True,True,BERTweet
UgxLilI-Z0fefbu4nT94AaABAg,"Зосто лазете бе ? Па извештајот од ЕУ за српски свет е за 2023/24та, тоа е во време на СДСМ.",neutral,negative,neutral,negative,0.8,negative,0.8,5,negative,2,False,3,0.6,False,True,False,True,True,"CardiffNLP, BERTweet"
Ugxqu_7nggUqxak7sXR4AaABAg,"Да се кандидира следни избори,ќе го поддржиме.",positive,positive,neutral,positive,0.85,positive,0.95,5,positive,2,False,4,0.8,True,True,False,True,True,BERTweet
Ugxqu_7nggUqxak7sXR4AaABAg.AO7nzWifbi4AO8CsCZvNBf,"Оди подржиго за јајца,доколу ги има,но да не бидиш изненадена,кај најде па него да го подржиш,ќе Ти предложам тоа да биди друг за држење",negative,neutral,neutral,negative,0.5,neutral,0.85,5,neutral,2,False,3,0.6,False,True,True,False,True,"CardiffNLP, Gemma"
Ugxqu_7nggUqxak7sXR4AaABAg.AO7nzWifbi4AO8j0_uIpEw,@мискоатанасоски1959а ти да ми ги подржиш моите а?,neutral,negative,neutral,positive,0.85,negative,0.94,5,,3,False,0,0.0,False,False,False,False,False,
Ugx8vnMqZOmvrUR09Hd4AaABAg,Демек Африм го Даде оружјето...пффф,negative,negative,neutral,negative,0.8,negative,0.95,5,negative,2,False,4,0.8,True,True,False,True,True,BERTweet
UgwpauvCwT0_IVd82JJ4AaABAg,Гнаси,neutral,positive,neutral,negative,0.8,negative,1.0,5,,3,False,0,0.0,False,False,False,False,False,
Ugz01jjc73KrYhHDuI14AaABAg,"Народот ако им е пред се,не дозволуваат да умира,да се одделува.Исселува!Пендаровски е политичар со дигнитет,култура,традиционални навики.",negative,positive,neutral,positive,0.85,positive,0.95,5,positive,3,False,3,0.6,False,True,False,True,True,"CardiffNLP, BERTweet"
UgzV6hRpb-EsMnohC994AaABAg,"Не е многу млад ама се држи,убав човек!",positive,positive,neutral,positive,0.85,positive,0.95,5,positive,2,False,4,0.8,True,True,False,True,True,BERTweet
UgyubVQldbPsLNetT7J4AaABAg,ДВА слеепи зборува ат за култура не нормални,negative,negative,neutral,negative,0.8,negative,0.95,5,negative,2,False,4,0.8,True,True,False,True,True,BERTweet
UgwUN2O4C0pzJRYqSBx4AaABAg,евиА,neutral,positive,neutral,neutral,0.74,negative,1.0,5,neutral,3,False,3,0.6,True,False,True,True,False,"NLPTown, Llama"
UgzFUOWYX3A6UhdRk7h4AaABAg,Комуњари север да даде бог да ве однесе.....старци,negative,negative,neutral,negative,0.8,negative,0.95,5,negative,2,False,4,0.8,True,True,False,True,True,BERTweet
Ugz8AFttATBjGina9W54AaABAg,"Барем господинот ,професорот .Култура!",positive,positive,neutral,positive,0.85,positive,0.95,5,positive,2,False,4,0.8,True,True,False,True,True,BERTweet
Ugz7nQyN0HDgugLn7Pl4AaABAg,Откажување од еу веднаш!!!,negative,negative,neutral,negative,0.8,negative,0.95,5,negative,2,False,4,0.8,True,True,False,True,True,BERTweet
Ugz7nQyN0HDgugLn7Pl4AaABAg.9cevCKDHzH09cex2Rs0hFF,Така откажуване.,negative,negative,neutral,negative,0.7,negative,1.0,5,negative,2,False,4,0.8,True,True,False,True,True,BERTweet
UgzPb-uEBZtrMfWrBu14AaABAg,"Ако овие се барањата, тогаш ние ќе кажеме збогум ЕУ, и ќе прогласиме неутралност. А за Бугарија ние ќе замрзнеме секакви односи и сите граници ќе бидат затворени се додека не ни признат све што е Македонско. Со татари само инат се води.",neutral,negative,neutral,negative,0.7,negative,0.95,5,negative,2,False,3,0.6,False,True,False,True,True,"CardiffNLP, BERTweet"
UgzPb-uEBZtrMfWrBu14AaABAg.9cez9pQ0gl19cfAVYFv8Hn,Ужас! Каде ште ходим на море и на ски като затворите границите???,negative,negative,neutral,negative,0.8,negative,0.95,5,negative,2,False,4,0.8,True,True,False,True,True,BERTweet
UgzPb-uEBZtrMfWrBu14AaABAg.9cez9pQ0gl19cfAuheisZ8,<УСЕР> Нема идење. Само работа!,neutral,negative,neutral,positive,0.85,positive,0.95,5,,3,False,0,0.0,False,False,False,False,False,
UgzPb-uEBZtrMfWrBu14AaABAg.9cez9pQ0gl19cfBKWI0yl9,<УСЕР> кажете збогум и на НАТО. Прекинете ги Преспа и Охрид договори.,negative,negative,neutral,negative,0.8,negative,0.95,5,negative,2,False,4,0.8,True,True,False,True,True,BERTweet
UgzPb-uEBZtrMfWrBu14AaABAg.9cez9pQ0gl19cfBc4vaeU8,"<УСЕР> време е да излезете на протест и да заштитите националните си интереси. Ако не го направите веднага, Ковачевски, Заев и Османи ште ви вкарат в ЕС. И ште станете балгари. Не го допускајте.",negative,negative,neutral,negative,0.85,negative,0.95,5,negative,2,False,4,0.8,True,True,False,True,True,BERTweet
UgzPb-uEBZtrMfWrBu14AaABAg.9cez9pQ0gl19cfBoKl5yCz,<УСЕР> Уште поубаво. Таман после ќе влеземе во сојуз со Србија.,positive,neutral,neutral,positive,0.85,positive,0.95,5,positive,2,False,3,0.6,True,False,False,True,True,"NLPTown, BERTweet"
UgzPb-uEBZtrMfWrBu14AaABAg.9cez9pQ0gl19cfCL3R9ndE,"<УСЕР> Имаше протест на 18ти (на кој што бев), и ќе има протести редовно се додека не се согласат за избори. Проблем е што ова требаше да се случи пред 4-5 години затоа што сите знаеме какви копилиња се Заев и СДС.",negative,negative,neutral,negative,0.85,negative,0.8,5,negative,2,False,4,0.8,True,True,False,True,True,BERTweet
UgzPb-uEBZtrMfWrBu14AaABAg.9cez9pQ0gl19cfF2fibFV2,<УСЕР> Србиа пак ке биде бомбена от НАТО. УСА нема да ги пожали докато не признат Косово.,negative,negative,neutral,negative,0.8,negative,0.95,5,negative,2,False,4,0.8,True,True,False,True,True,BERTweet
UgzPb-uEBZtrMfWrBu14AaABAg.9cez9pQ0gl19cfJ2fTDY3T,А ако се откажеш од ЕУ ќе останеш во Анадола?,neutral,negative,neutral,negative,0.8,neutral,0.98,5,neutral,2,False,3,0.6,True,False,True,False,True,"NLPTown, Gemma"
UgzPb-uEBZtrMfWrBu14AaABAg.9cez9pQ0gl19cfJZJDWuFN,<УСЕР> ЕУ не е све. За вас е затоа што само тоа знаете. Ние си имаме други партнери што не почитуваат и инвестираат.,neutral,negative,neutral,negative,0.8,negative,0.94,5,negative,2,False,3,0.6,False,True,False,True,True,"CardiffNLP, BERTweet"
UgzPb-uEBZtrMfWrBu14AaABAg.9cez9pQ0gl19uZ9zuvtx3u,<УСЕР> ............................... гњури. ј Црно море.,neutral,negative,neutral,negative,0.8,neutral,1.0,5,neutral,2,False,3,0.6,True,False,True,False,True,"NLPTown, Gemma"
UgyYYUPR05aapEluRbB4AaABAg,Се ке прифатите. Полна реБалгаризација. Не прифатите сега ке се отдели Албанија и ке се стави уште по- добар за Балгарија предлог.,negative,negative,neutral,negative,0.8,positive,0.95,5,negative,3,False,3,0.6,True,True,False,True,False,"BERTweet, Llama"
UgyYYUPR05aapEluRbB4AaABAg.9cel6kLwDMD9cev9VUWo4j,Не одиме во еу набиј си го францускиот во гз 🤣🤣🤣,neutral,negative,neutral,negative,0.85,negative,0.95,5,negative,2,False,3,0.6,False,True,False,True,True,"CardiffNLP, BERTweet"
UgyYYUPR05aapEluRbB4AaABAg.9cel6kLwDMD9cewzFqFW1i,<УСЕР> ЕУ ке ве ебат како си сакат. Молам се да не префатите тогава ке има голема Албанија и ГОЛЕМА БАЛГАРИЈА 🇧🇬🇧🇬🇧🇬,negative,negative,neutral,negative,0.8,negative,0.95,5,negative,2,False,4,0.8,True,True,False,True,True,BERTweet
UgyYYUPR05aapEluRbB4AaABAg.9cel6kLwDMD9cey9Yobq9y,"Нема, и сите граници ќе ги затвориме. Ако треба и како Севрна Кореа или Туркменистан ќе станеме ако значи преживување на Македонија и на Македонскиот народ. Ќе се наоружиме до грклан, и секој што ќе сака да не завземе, ќе изгуби катасрофално. Сега вие бирајте каква иднина ќе имате.",negative,negative,neutral,negative,0.75,negative,0.94,5,negative,2,False,4,0.8,True,True,False,True,True,BERTweet
UgyYYUPR05aapEluRbB4AaABAg.9cel6kLwDMD9cez8vR3EGC,<УСЕР> нема да ве завземаме ке ве купиме с ЕУ пари. При тоа евтино ке ве купиме.,neutral,negative,neutral,negative,0.8,negative,0.9,5,negative,2,False,3,0.6,False,True,False,True,True,"CardiffNLP, BERTweet"
UgyYYUPR05aapEluRbB4AaABAg.9cel6kLwDMD9cf-m4-rCEg,<УСЕР> За жал си во право. Тука имаме безброј предавници што ќе те издаде за едно евро. Од такви кодоши Македонија секогаш патела и ќе пати...,negative,negative,neutral,negative,0.8,negative,0.95,5,negative,2,False,4,0.8,True,True,False,True,True,BERTweet
UgyYYUPR05aapEluRbB4AaABAg.9cel6kLwDMD9cf0d3pVyTH,<УСЕР> не ние ке ве купиме за две червени😅😅,neutral,negative,neutral,negative,0.8,positive,0.95,5,,3,False,0,0.0,False,False,False,False,False,
UgyYYUPR05aapEluRbB4AaABAg.9cel6kLwDMD9cf20pfZdA_,<УСЕР>.санти13.06 ИП аддресс е докладван за говор на умраза. Казна до 5 г. кауш. Честито.,neutral,negative,neutral,negative,0.8,positive,0.95,5,,3,False,0,0.0,False,False,False,False,False,
UgyYYUPR05aapEluRbB4AaABAg.9cel6kLwDMD9cf2MsSNZOB,<УСЕР> ајде важи ова твоето не е навреда и провокација и наметнување??,negative,negative,neutral,negative,0.7,negative,0.94,5,negative,2,False,4,0.8,True,True,False,True,True,BERTweet
UgyYYUPR05aapEluRbB4AaABAg.9cel6kLwDMD9cf2ntxsmXH,<УСЕР>.санти13.06 Балгарија уценува веке шо е увреда.,negative,negative,neutral,negative,0.7,negative,0.95,5,negative,2,False,4,0.8,True,True,False,True,True,BERTweet
UgyYYUPR05aapEluRbB4AaABAg.9cel6kLwDMD9chcwRG-vov,"Мојот предмок до тебе, да престанеш да се правиш морон, и веднаш да престанеш да пишуваш овде. Прифати или замини..",neutral,negative,neutral,negative,0.8,negative,0.95,5,negative,2,False,3,0.6,False,True,False,True,True,"CardiffNLP, BERTweet"
UgyYYUPR05aapEluRbB4AaABAg.9cel6kLwDMD9chdcl55xhK,<УСЕР> прифатих се,neutral,negative,neutral,positive,0.85,positive,0.95,5,,3,False,0,0.0,False,False,False,False,False,
UgyYYUPR05aapEluRbB4AaABAg.9cel6kLwDMD9chdx6dVWVy,Честитам денес макрон зборува за отдвоуване. на Албаниа от северджаниа.,neutral,negative,neutral,negative,0.8,negative,0.95,5,negative,2,False,3,0.6,False,True,False,True,True,"CardiffNLP, BERTweet"
UgyYYUPR05aapEluRbB4AaABAg.9cel6kLwDMD9chezwoqIXe,"<УСЕР> не лажи, не покажувај ги твоите ниски вредности и не пишувај како и што кажа ;))",neutral,negative,neutral,negative,0.8,negative,0.95,5,negative,2,False,3,0.6,False,True,False,True,True,"CardiffNLP, BERTweet"
UgyYYUPR05aapEluRbB4AaABAg.9cel6kLwDMD9chfhHz6TJg,<УСЕР> макрон ве навредува ти мене ми се лутиш. Па вчера 2 пати ве нарича северни македонци. Денес ке ве дели от Албаниа.,negative,negative,neutral,negative,0.8,negative,0.95,5,negative,2,False,4,0.8,True,True,False,True,True,BERTweet
UgyYYUPR05aapEluRbB4AaABAg.9cel6kLwDMD9chhI-nWTQn,"<УСЕР> Не немој сега макрон кој е тој, не тргај тема ти рече нама да пишуваш и тоа направи го а не сега да се прашиш паметен.",negative,negative,neutral,negative,0.8,negative,0.94,5,negative,2,False,4,0.8,True,True,False,True,True,BERTweet
UgyYYUPR05aapEluRbB4AaABAg.9cel6kLwDMD9uZAJd9bM9F,<УСЕР> север. Заев стори кривиц'но дело. сдс програма 2016 никаде нема менување ИМЕ на МАКЕДОНИЈА.,negative,negative,neutral,negative,0.7,negative,0.95,5,negative,2,False,4,0.8,True,True,False,True,True,BERTweet
Ugz8boHAUaN_bYjzgtV4AaABAg,"Ето бате Вучич ви предлага нова Сарбославија. Там ви е мјастото, а не в ЕУ. Ајде сас здраве и умната! 😂😂😂",negative,positive,neutral,negative,0.8,negative,0.95,5,negative,3,False,3,0.6,True,False,False,True,True,"NLPTown, BERTweet"
Ugz8boHAUaN_bYjzgtV4AaABAg.9OytFulEilm9RqWXwILOhP,Вас кој ве прими во ЕУ бе за поцмев сте 1 година немозете влада да составите па и вие ке уценувате,negative,negative,neutral,negative,0.75,negative,0.95,5,negative,2,False,4,0.8,True,True,False,True,True,BERTweet
Ugz8boHAUaN_bYjzgtV4AaABAg.9OytFulEilm9S26I3wSGg5,"<УСЕР> Голјамата работа, Белгија нјамаше правителство 2 години. Колкото трјабва за да е качествено. ШТом си доволен от вашата албанско-завива влада всичко е ок. ВЕТО!",positive,negative,neutral,negative,0.8,negative,0.95,5,negative,3,False,3,0.6,False,True,False,True,True,"CardiffNLP, BERTweet"
Ugz1xEfAyOFKev07dTd4AaABAg,"Уште еднаш мора да разјасниме дека никој во Бугарија никогаш не го оспорил правото на луѓето во Северна Македонија да се нарекуваат себеси како што сакаат и, соодветно, да го идентификуваат својот јазик на ист начин. Сепак, правото на самоопределување им припаѓа на живите. Никој не им дава за право да го менуваат декларираниот идентитет на мртвите, кои дванаесет века се дефинираат како балгари: Битолската плоча на цар Јован Владислав од 1015 година, изложена во музејот во Битола, во која внукот на Самуил се нарекува „бугарски автократ“ и „бугарски роден“, кој ја обновил битолската тврдина“ за прибежиште и спасение и за животот на Бугарите“. <УРЛ> Друг неоспорен факт е постојното барање на Никола Делчев, татко на Гоце Делчев, до Националното собрание на Балгарија (24.06.1914) за доделување пензија: <УРЛ> Или писмо од Гоце Делчев до Никола Малешевски (5/1/1899), напишано на литературен бугарски јазик: „Жално е, но што да правиме кога си сме бугари и сите страдаме од една иста болест!“ (<УРЛ> Овде можете да видите етничкиот состав на населението може лесно да се види во турските регистри за наплата на данок. <УРЛ> <УРЛ>",negative,negative,neutral,negative,0.5,negative,0.94,5,negative,2,False,4,0.8,True,True,False,True,True,BERTweet
Ugz1xEfAyOFKev07dTd4AaABAg.9P-cfiVFEU-9P09PIHF4vi,🇧🇬🇧🇬🇧🇬🇧🇬👍👍👍👍👍,positive,positive,neutral,positive,0.98,positive,0.95,5,positive,2,False,4,0.8,True,True,False,True,True,BERTweet
Ugx9YkNsr2jVpfw9nz14AaABAg,"Зивела! Србиа Белорусиа Руссиа и Македониа... Абе""Црвен""Радев за крадење вие сте професионалци имате и дипломи.",negative,negative,neutral,negative,0.8,negative,0.95,5,negative,2,False,4,0.8,True,True,False,True,True,BERTweet
Ugx9YkNsr2jVpfw9nz14AaABAg.9P0e81K0CKa9P0sZywsxsm,"Цјала Европа ви се смее.. Заев обиколи Европа за да злослови срешту Балгарија, а то какво стана.. хааххах всички ви се подиграват",negative,neutral,neutral,negative,0.8,negative,0.95,5,negative,2,False,3,0.6,True,False,False,True,True,"NLPTown, BERTweet"
Ugx9YkNsr2jVpfw9nz14AaABAg.9P0e81K0CKa9P1-tFdAAOx,<УСЕР> Во право си Зајакот наш за морков оди на крај свет...,neutral,negative,neutral,negative,0.8,negative,0.95,5,negative,2,False,3,0.6,False,True,False,True,True,"CardiffNLP, BERTweet"
Ugx9YkNsr2jVpfw9nz14AaABAg.9P0e81K0CKa9PDdPoXHMR_,"Ами што се занимавате с нас. Отивајте си при Русија, Сарбија и Беларус. Путин и Лукашенко ви чакат с отворени објатија.",negative,positive,neutral,negative,0.8,negative,0.95,5,negative,3,False,3,0.6,True,False,False,True,True,"NLPTown, BERTweet"
UgxqKdDDmSs6hp1lk6F4AaABAg,"Радев говори 5 езика и свободно објасни позицијата на Балгарија в Европа, докато Зајо-Бајо говори само балгарски с Пирински диалект🇧🇬🇧🇬🇧🇬🦾💪💪🦾🦾 и стана за смјах пред всички европејски лидери с лицемерното си поведение",neutral,positive,neutral,negative,0.8,negative,0.95,5,,3,False,0,0.0,False,False,False,False,False,
UgyIoqlilWIam9dI4OV4AaABAg,"Балгарија е платила самнителното удоволствие да е в ЕС и НАТО с 4 јадрени реактора на АЕЦ-1 (заради французи и австријци), с пално затварјане на АЕЦ-2 (коствашто милиарди), с банковата си система (подарена на гарци и италианци), с електромрежата си (подарена на немци и чехи), с комуникациите (подарени на гарци и австријци), с водата си (подарена на французи), с огромните си залежи от мед (подарени на французи и белгијци), сас значителните залежи от злато и редки метали (подарени на американци), с ТЕЦ-овете (подарени на американците), с 4-5 напално безплатни военни бази (подарени на американците), с гората си (подарена на гарци и турци), сас земеделска земја 1-о качество (подарена на турци) и т.н. и т.н. Та какво е платила Македонија?? НИШТО на никого!!! В НАТО влјазохте без да дадете 1 евро, сега в ЕС искате да влезете с некви декларацијки. БАЛГАРИЈА Е ПЛАТИЛА предостатачно, за да иска значими нешта поне от вас и сарбелите. И ако сакаме да си напечатате нови учебници, ште си напечатате, штото сме си платили на Запада с около 300 милиарда собственост. Смачканите ви учебници и претенции не струват и 5% от това. Промоциите сваршиха! Извадете и вие 300 милиарда, па сакајте и вие!",neutral,negative,neutral,negative,0.6,negative,0.94,5,negative,2,False,3,0.6,False,True,False,True,True,"CardiffNLP, BERTweet"
UgxzraYY1eEdw98kDPZ4AaABAg,"Признаване, че историјата до 1945 една и сашта. Езикат е една и сашт. След 2018 вече сте Северомаке.",neutral,negative,neutral,negative,0.65,negative,0.94,5,negative,2,False,3,0.6,False,True,False,True,True,"CardiffNLP, BERTweet"
Ugx0O88DNu2naurbF-J4AaABAg,ДА ВИ ГИ НАТИСНАМ БУХАРКИТЕ И ТАЈА СО ТИ МЕТИ ДОМА,negative,positive,neutral,negative,0.8,negative,0.95,5,negative,3,False,3,0.6,True,False,False,True,True,"NLPTown, BERTweet"
UgyNmjPmD9A5oTOQJbB4AaABAg,Вучич ако знаеш какво те чака и теб оште сега ште се грамнеш,neutral,positive,neutral,negative,0.8,negative,0.95,5,,3,False,0,0.0,False,False,False,False,False,
Ugy5H9DcVW1tt3cSi3R4AaABAg,"ма не е фер, веома ми е жао хахаха",negative,negative,neutral,negative,0.8,negative,0.95,5,negative,2,False,4,0.8,True,True,False,True,True,BERTweet
UgxT_mVuF6mXBCWyIBZ4AaABAg,"И нас ние жал ,за косово ,жал ни е за војводина че е харвацка !!",negative,negative,neutral,negative,0.8,negative,0.95,5,negative,2,False,4,0.8,True,True,False,True,True,BERTweet
UgxOBzDbZ5zQSZOGM6J4AaABAg,"Од кога постои Македониа на Балкан Бугариа била во инкубатор""прле пред магара""гадно племе🤣😂🤣.",neutral,negative,neutral,negative,0.8,negative,0.95,5,negative,2,False,3,0.6,False,True,False,True,True,"CardiffNLP, BERTweet"
UgwgzasPhR2dixDHOix4AaABAg,19:07 се создаде македонски народ.... Точно.,neutral,positive,neutral,negative,0.7,positive,0.95,5,,3,False,0,0.0,False,False,False,False,False,
UgzDJf-HNo6kTsWegId4AaABAg,"Современата македонска азбука е официјално усвоена во 1945 година. Образложението се основаше на фонетските принципи, со цел да се обезбеди дека секој звук во јазикот одговара на еден глас. Оваа азбука е модифицирана верзија на кирилицата, која имаше за цел да ги покрие потребите на македонскиот јазик. Уставот од 1946 година: Според уставната структура на СФРЈ и програмите на новата комунистичка власт, македонскиот јазик и писмо станаа важен дел од културниот и образовниот систем.",neutral,positive,neutral,neutral,0.7,neutral,1.0,5,neutral,2,False,4,0.8,True,False,True,True,True,NLPTown
UgycYnM68g6KsTxmgKF4AaABAg,В РСМ се говори северен модерен език.,neutral,neutral,neutral,neutral,0.74,neutral,1.0,5,neutral,1,True,5,1.0,True,True,True,True,True,
UgzPgFKJ2egfp_al9px4AaABAg,Северо- Македонскија език има точна дата на саздаване- август 1944 на заседамието на АСНОМ. Това е единственија език саздаден с точна дата. В началото дори местните хора не са го разбирали поради сарбизмите внесени в балгарскија диалект от Вардарска Македонија по това време все оште наричана ЈУжна Срабска Бановина от Белград.,neutral,neutral,neutral,neutral,0.7,positive,0.95,5,neutral,2,False,4,0.8,True,True,True,True,False,Llama
UgzPgFKJ2egfp_al9px4AaABAg.AJroIoUAcS8AJtUP5cMsbe,И моја мајка бесе девојка али сега нее,neutral,neutral,neutral,negative,0.8,negative,0.95,5,neutral,2,False,3,0.6,True,True,True,False,False,"Gemma, Llama"
UgzwJdKxVXH0r7EK9Ll4AaABAg,"Кон Бугарија се доселиле неколку бранови на македонски народ во изминатите 150 години. Првиот поголем бран следувал по Илинденско востание во 1903 година, со околу 50.000 бегалци. Најмасовната миграција се случила по Балканските војни и Првата светска војна – над 300.000 лица. Овие бегалци најчесто се населиле во Софија, Пловдив и други поголеми градови. Мнозина верувале дека таму ќе ја зачуваат својата јазична, верска и национална припадност. Таква масовна емиграција од Македонија кон друг сосед нема. Зошто............ Нјама как да говорим македонски език в Пирин, заштото дјадо и баба родени 1928 година говорјат на балгарски език. Идете в Пирин и говорете с хората!",neutral,negative,neutral,negative,0.7,negative,0.83,5,negative,2,False,3,0.6,False,True,False,True,True,"CardiffNLP, BERTweet"
UgzwJdKxVXH0r7EK9Ll4AaABAg.AJsSW0siS-1AJspNYelBAK,"Според статистика, в началото на КСКС век, населението на територијата на днешна С.Македонија е било около 2 милиона души. Френската статистика на Гастон Рутиер от 1904 г. посочва, че около 53% балгари, а германската на Рихард фон Мах от 1906 г. – над 60%. Да приемем нај-ниската оценка - около 1 млн. Голјамата част от това население около 200-250000 е избјагало в Балгарија след војните. Около 20-25000 са избити. Много е веројатно от днешните граждани на С.Македонија нај-много една трета да са потомци на балгари и веројатно повечето от тјах го осазнават, но поради страх кријат. Имајте предвид, че до 1929 г. са заделени около 30 Хил. срабски колонисти - семејства на бивши срабски четници и војници, които получават около 80 % от заграбеното имуштество от балгарите и стават господарскија елит. Заселват се основно в и около Скопие, Куманово, Кавадарци, Битолја, ШТип. Данните ги сабрах с лјубезното садејствие на Цопилот. Мислја, че тези факти прекрасно објаснјават ситуацијата в С.Македонија, настојаштото и бадештото отношението кам балгарскија народ и Балгарија. Естествено говорја за междударжавни, и в никакав случај за междуличностни отношенија, кадето от собствен опит знам, че проблеми почти нјама.",neutral,negative,neutral,neutral,0.6,negative,0.83,5,neutral,2,False,3,0.6,True,False,True,True,False,"NLPTown, Llama"
Ugzj8tO3CK6PA-m5NSt4AaABAg,Здравејте модерни северни.,neutral,positive,neutral,negative,0.7,neutral,1.0,5,neutral,3,False,3,0.6,True,False,True,False,True,"NLPTown, Gemma"
UgzZTXXk9J7mzd3KByJ4AaABAg,"А како сте записани во Северномакедонските си пасоши. Како ""Македонци/ Даржавјани на РСМ"" - ова не е геноцид?",negative,negative,neutral,negative,0.75,negative,0.8,5,negative,2,False,4,0.8,True,True,False,True,True,BERTweet
UgzH9ysZZrAmV6lVVE94AaABAg,"лугето во химната во своите писма,книги,устави кои ги писали излиза дека го негират и јазикот и идентитетот на сегашните етнички македонци 😊",negative,negative,neutral,negative,0.8,negative,0.95,5,negative,2,False,4,0.8,True,True,False,True,True,BERTweet
Ugw5bACQBnQm0ea4lQl4AaABAg,Сите јазици се модерни затоа што се разликуваат од јазикот што го зборувале луѓето пред многу векови. Не би требало да има проблем со тоа.,neutral,positive,neutral,neutral,0.78,neutral,0.85,5,neutral,2,False,4,0.8,True,False,True,True,True,NLPTown
UgzrtQhVKY-13qZJdaF4AaABAg,Аз незнам што ке прави след локалните избори мицко кога се види пол Северна са албанци и имате 210000 илиади бугарски пасоши за каква дрјава зборуваш не мие иасно!,negative,negative,neutral,negative,0.8,negative,0.95,5,negative,2,False,4,0.8,True,True,False,True,True,BERTweet
UgzrtQhVKY-13qZJdaF4AaABAg.AJq3f1YjyJTAJqDZSsxabN,"Албанианс аре 24% анд фаллинг, Мацедонианс аре 68% анд тхе рест аре 10 отхер етхниц гроупс бут ве аре алл Мацедонианс ин Мацедониа, вхат до тхе лоцал Муниципалитиес хаве то до витх тхис?? и донт ундерстанд јоу анд јоу маке но поинт ор сенсе то ме, тхеј тхесе аре административе девисионс анд нотхинг то до витх оуциде политицс, ам нот суре јоу кнов хов аре сјстем воркс. Јоу лост ин ЕУ анд тхат ис а фацт, јоу аре лосинг анд вилл лосе. Ас фор тхе пасспорц, тхеј таке тхем то го то еуропе бут усуаллј тхесе пеопле аре евен море натионалистиц анд плај булгариан пасспорт сјстем то гет вхат тхеј вант, тхеј аре патриоц, ховевер алл тхесе пеопле аре алреадј аброад анд нот ин Мацедониа со и реаллј донт сее тхе поинт ин јоур аргумент. Јоу ховевер хаве лост 50% оф јоур популатион ин 30 јеарс, ве цан ваит анотхер 30 вхен тхере вилл бе нободј лефт ин татарстанд то турнофф тхе лигхц хахахахаха.",neutral,negative,neutral,negative,0.8,negative,0.95,5,negative,2,False,3,0.6,False,True,False,True,True,"CardiffNLP, BERTweet"
UgzrtQhVKY-13qZJdaF4AaABAg.AJq3f1YjyJTAKyzOzEoHdb,@Петрески447 Аццординг то тхе латест ценсус анд тхе дата публишед бј тхе Стате Статистицал Оффице ин Нортх Мацедониа онлј 58% децларе тхемселвес ас Мацедонианс анд лесс тхан 45% - Чристианс.,neutral,negative,neutral,neutral,0.78,negative,0.94,5,neutral,2,False,3,0.6,True,False,True,True,False,"NLPTown, Llama"
UgzWIcnoFfdd4w56vF14AaABAg,"Нагли и глупави сазданија сас срабски софтуер 🤷Сега от ЕУ го хванаха Мицко, че работи за срабските интереси и ште излети скоро време,пак ти работиш за него 😂Македонизмат се разпада с барзи темпове и ставате все по-смешни 😃",negative,negative,neutral,negative,0.8,negative,0.95,5,negative,2,False,4,0.8,True,True,False,True,True,BERTweet
UgyXRgF71fZ50GEK-sB4AaABAg,"Професоре, изкривуваш историјата со полу вистини...",negative,positive,neutral,negative,0.8,negative,0.95,5,negative,3,False,3,0.6,True,False,False,True,True,"NLPTown, BERTweet"
UgwDLcoKUQ4H5xbRnIN4AaABAg,"Ицо, всички тези за които говориш ""македонци"" от Пиринска македонија са с балгарски паспорти, за какви ваши санародници говориш?",negative,negative,neutral,negative,0.8,negative,0.94,5,negative,2,False,4,0.8,True,True,False,True,True,BERTweet
Ugy4jIqempMFtRms9vt4AaABAg,<УРЛ> <УРЛ>,neutral,negative,neutral,neutral,0.68,neutral,0.85,5,neutral,2,False,4,0.8,True,False,True,True,True,NLPTown
Ugz0UF7WxJkoPJoE_pZ4AaABAg,"Мицко, брачед му Јорданчо, и баджанака Тимчо са бугари, с пасоши и бизнес во Бугариа😂",neutral,positive,neutral,negative,0.75,negative,0.95,5,,3,False,0,0.0,False,False,False,False,False,
Ugz0UF7WxJkoPJoE_pZ4AaABAg.AK1pc1BC3jfAK1xqNtraCo,"Без гајле биди. Бугарски пасош се вади заради ЕУ интереси, не оти му дошло до Бугарија. 😁",negative,negative,neutral,negative,0.8,negative,0.95,5,negative,2,False,4,0.8,True,True,False,True,True,BERTweet
Ugz0UF7WxJkoPJoE_pZ4AaABAg.AK1pc1BC3jfAK1yK9uAsr-,"@старвинг2262ха ха знам че Мицко не ни обича, ама си ""пере"" парито во Петрич и Сандански...Брачед😂😂❤",neutral,negative,neutral,negative,0.8,positive,0.95,5,,3,False,0,0.0,False,False,False,False,False,
UgxBFCrDhScfdLM0WnV4AaABAg,"Браво Мицковски.Комесаркатс Кос ги пофали македонскиот понети Пиперки и тафче граб, која перверзија, на што премијером ја надополни дека Македонија е позната и со Гоце Делчев,К.Шапкарев, .ј.Сандански и др. што вероватно не Сака и не смеје да ги спомене, ама оваа надополнуванје вероватно фолго кје го памети и кје води сметка во иднина дека со перверзно изјави нема да ги плени Македонци те, едноставно прочитана е.крај.",negative,negative,neutral,negative,0.7,negative,0.95,5,negative,2,False,4,0.8,True,True,False,True,True,BERTweet
Ugyt2zCuy5Sj-k3YcUd4AaABAg,А кога ќе дојдат во МАЌЕДОНИА....,neutral,negative,neutral,negative,0.8,negative,0.95,5,negative,2,False,3,0.6,False,True,False,True,True,"CardiffNLP, BERTweet"
UgwaXf7rC8W4zaR6xiJ4AaABAg,"Вето ,",neutral,positive,neutral,negative,0.8,negative,0.95,5,,3,False,0,0.0,False,False,False,False,False,
UgyZ4P3JFTv4dHRvuIZ4AaABAg,зборот му го давала севердјанката...,neutral,neutral,neutral,negative,0.7,negative,0.94,5,neutral,2,False,3,0.6,True,True,True,False,False,"Gemma, Llama"
Ugz4H6Ct0oWUaPSIyDR4AaABAg,"11: 45 "" ....Ви честитам почитуван премиере за договорот со Бугарија да работите на коридорот 8...."" 😂😂😂😂😂 Марта Кос направо си го двпи Мицика. 😂",positive,negative,neutral,positive,0.85,negative,1.0,5,,3,False,0,0.0,False,False,False,False,False,
UgwZdVSlfv48xRJWDQ54AaABAg,"и вие несакате ,ама такво вие племето",negative,negative,neutral,negative,0.8,negative,0.95,5,negative,2,False,4,0.8,True,True,False,True,True,BERTweet
Ugxw5o7GOjnw1NXKMQd4AaABAg,Мицко пак на батерии 😂😂,neutral,neutral,neutral,negative,0.85,negative,0.95,5,neutral,2,False,3,0.6,True,True,True,False,False,"Gemma, Llama"
Ugxw5o7GOjnw1NXKMQd4AaABAg.AK1dwzcfVl0AK1y5bzTrss,"Бајџи ве иритира то шо не прифати никаков ""француски"" предлог. 😁",negative,negative,neutral,positive,0.85,negative,0.95,5,negative,3,False,3,0.6,True,True,False,False,True,"BERTweet, Gemma"
UgzkTU-TuAfUyQ1JWbN4AaABAg,"На Мицко ИДЕНТИТЕТО му бил учител по балгарски език, директор на балгарско училиште и офицер от балгарската армија 😂 Шизофренија северджанска😂",neutral,negative,neutral,negative,0.8,negative,0.95,5,negative,2,False,3,0.6,False,True,False,True,True,"CardiffNLP, BERTweet"
UgyNxf6fj6N8fgp5I7J4AaABAg,РИСТО НИКОВСКИ за мене е голема личност. ДОЛГ ЖИВОТ МУ ПОСАКУВАМ.,positive,positive,neutral,positive,0.85,positive,0.95,5,positive,2,False,4,0.8,True,True,False,True,True,BERTweet
UgzYUzVbvyDPTn-_ww94AaABAg,"Прекрастете се на ""Република Северна Нашенска""",neutral,negative,neutral,negative,0.8,negative,0.95,5,negative,2,False,3,0.6,False,True,False,True,True,"CardiffNLP, BERTweet"
UgwT5-UelcudZwvU8AJ4AaABAg,"Никовски и Златев, значи в РСМ не е спорно да има сарби, албанци и какви ли не, но балгари е спорно... А в БГ днес има над 2 и половина милиона граждани с потекло от географска Македонија. Тоест два пати повече от гражданите в РСМ които се определјат като македонци. Кој ви дава право да си присвојавате наследството на балгарите от РСМ и да фалшифицирате идентичноста на герои които са се определјали като балгари - Гоце Делчев, Даме Груев, Парличев и хилјади други??? Вие се определјате като македонци - Вашите герои са Чуповски, Лазар Колишевски, Михајло Апостолски и други след тјах. Ништо повече.",neutral,negative,neutral,negative,0.5,negative,0.95,5,negative,2,False,3,0.6,False,True,False,True,True,"CardiffNLP, BERTweet"
UgwT5-UelcudZwvU8AJ4AaABAg.9YOMWU7MklN9YW5CQXYXsx,"<УСЕР> Кое тук е фашистко, жалки човече?",negative,negative,neutral,negative,0.8,negative,0.95,5,negative,2,False,4,0.8,True,True,False,True,True,BERTweet
UgwT5-UelcudZwvU8AJ4AaABAg.9YOMWU7MklN9YkZ3KoTtSD,БУГАРСКИ ФАСИСТИ,negative,negative,neutral,negative,0.8,negative,1.0,5,negative,2,False,4,0.8,True,True,False,True,True,BERTweet
UgwT5-UelcudZwvU8AJ4AaABAg.9YOMWU7MklN9YkZ9tjS5sM,"НАУЦИ НЕСТО ОД ИСТОРИЈА,ФАСИСТА",negative,negative,neutral,negative,0.8,negative,1.0,5,negative,2,False,4,0.8,True,True,False,True,True,BERTweet
UgwT5-UelcudZwvU8AJ4AaABAg.9YOMWU7MklN9YpZhyqlPYI,"<УСЕР> Как установи това, троле? Дали изобшто знаеш какво значи ""фашист"" и че именно ти с поведението си заштитаваш фашистки тези? Коминтерновскија македонизам ли ви учи невазпитано да обиждате хора, които не познавате или сте си простак по природа?",negative,negative,neutral,negative,0.8,negative,0.94,5,negative,2,False,4,0.8,True,True,False,True,True,BERTweet
UgzY6kKP03s_UjxCRb14AaABAg,"Леле,овој ""КОЊ"" со наочарите сам си дава рок на живеење!?!!! Не знае дека за тоа одлучува ""Св. ПЕТАР""????",negative,negative,neutral,negative,0.8,negative,0.95,5,negative,2,False,4,0.8,True,True,False,True,True,BERTweet
Ugy4U2GbpmgfQZtstwN4AaABAg,Ристо крастен на Исус Ристос 😁,neutral,positive,neutral,positive,0.85,negative,0.95,5,,3,False,0,0.0,False,False,False,False,False,
Ugw0ZnPVBM-QM0eBF6p4AaABAg,"Кој е овој ""ПЕТРОВ"" , ""ПЕТРОВ"" ????? Им го зедел сиот страв на соговорниците!!!",negative,negative,neutral,negative,0.8,negative,0.95,5,negative,2,False,4,0.8,True,True,False,True,True,BERTweet
UgwVZ3YCEGWvyqoDAyF4AaABAg,"35:39 как ште имаме еднаква генетика, като ние сме татаро-монголи, а вие сте балкански аријци? Ние веројатно имаме еднаква генетика с монголците.",neutral,negative,neutral,negative,0.85,negative,0.95,5,negative,2,False,3,0.6,False,True,False,True,True,"CardiffNLP, BERTweet"
UgzvO0IVSqOY6bW-y314AaABAg,Бугарското Собрание го одобри францускиот предлог за Северна Македонија,neutral,neutral,neutral,negative,0.8,negative,0.9,5,neutral,2,False,3,0.6,True,True,True,False,False,"Gemma, Llama"
Ugw71m9siL5p8WCryNB4AaABAg,Интернатионал Дај оф Вомен ин Дипломацј,neutral,positive,neutral,negative,0.7,negative,0.95,5,,3,False,0,0.0,False,False,False,False,False,
Ugzw7kIeMd7ARMMzkhV4AaABAg,"Ја 2 чрвени давам за козава, вие колку?",neutral,negative,neutral,neutral,0.7,negative,0.9,5,neutral,2,False,3,0.6,True,False,True,True,False,"NLPTown, Llama"
UgysBUNz-at6BHNCFap4AaABAg,Македонија е на Македонците Амин 😊🤗,positive,negative,neutral,positive,0.95,positive,0.95,5,positive,3,False,3,0.6,True,False,False,True,True,"NLPTown, BERTweet"
UgysBUNz-at6BHNCFap4AaABAg.9knZCzZ5VNS9kz-OsdlExj,Нортх Мацедониа ис нот Мацедониа,neutral,negative,neutral,negative,0.75,neutral,0.85,5,neutral,2,False,3,0.6,True,False,True,False,True,"NLPTown, Gemma"
UgysBUNz-at6BHNCFap4AaABAg.9knZCzZ5VNS9umJFzo3ADN,<УСЕР> бугарија грција и албанија се Македонија.,neutral,negative,neutral,neutral,0.7,positive,0.95,5,neutral,3,False,3,0.6,True,False,True,True,False,"NLPTown, Llama"
UgysBUNz-at6BHNCFap4AaABAg.9knZCzZ5VNS9um_U_nvciy,"<УСЕР> уса, ук, норвај, анд Пакистан тоо 🤣",neutral,negative,neutral,negative,0.8,negative,1.0,5,negative,2,False,3,0.6,False,True,False,True,True,"CardiffNLP, BERTweet"
UgysBUNz-at6BHNCFap4AaABAg.9knZCzZ5VNS9usvoDv7G6W,БИЉАНА ПОЗДРАВ и СЕ' НАЈУБАВО !! Татјана од МАКЕДОНИЈА,positive,positive,neutral,positive,0.95,positive,0.95,5,positive,2,False,4,0.8,True,True,False,True,True,BERTweet
UgxbblHWIEUdC3YHFct4AaABAg,"Следниот пат прасајте го Марјан, зосто толку години е дел од резимска и антибугарска ТВ која ја осакати Македонија политицки и културолоски!",negative,negative,neutral,negative,0.8,negative,0.95,5,negative,2,False,4,0.8,True,True,False,True,True,BERTweet
UgxbblHWIEUdC3YHFct4AaABAg.9m4x9DPUQP29m6i235lhja,"То има ли телевизија, којато да не е антибалгарска и да не участва в политическото и културното осакатјаване на Македонија?",negative,negative,neutral,negative,0.75,negative,0.95,5,negative,2,False,4,0.8,True,True,False,True,True,BERTweet
UgxbblHWIEUdC3YHFct4AaABAg.9m4x9DPUQP29m7aImGS-Sw,"<УСЕР> Нема, но ТВ Сител е водецка во таа дејност. 15 години во слузба на резимот на Груевски и ВМРО-ДПМНЕ-Ваљево на цело со познатиот противник на Бугарите, главниот уредник Драган Павловиц Латас!",neutral,positive,neutral,negative,0.8,negative,0.95,5,,3,False,0,0.0,False,False,False,False,False,
UgzP3u6NPQawrCDmpJJ4AaABAg,Смешник! С всички народи е така.,negative,positive,neutral,negative,0.7,negative,0.9,5,negative,3,False,3,0.6,True,False,False,True,True,"NLPTown, BERTweet"
Ugxs9G_uc2di_wUx1C14AaABAg,Ние сме Титови и Тито е наш ! Сакаме си ЈУгославија и Лепа Брена !,neutral,positive,neutral,positive,0.85,positive,0.95,5,positive,2,False,3,0.6,False,True,False,True,True,"CardiffNLP, BERTweet"
Ugxs9G_uc2di_wUx1C14AaABAg.9dHXT39XToY9dJrR9JkHTL,Ти си бот,negative,negative,neutral,negative,0.8,negative,1.0,5,negative,2,False,4,0.8,True,True,False,True,True,BERTweet
UgyKfhWRAfxQ48YqFf54AaABAg,Като видјах Тито на стената ми стана јасно какво ште приказва преди да почне. Като историјата е на ваша страна да отворим историјата и да ги пренапишем според истината и изворите. Да не се окаже че ште имате историја само от 1991г насам...,neutral,positive,neutral,negative,0.7,neutral,0.53,5,neutral,3,False,3,0.6,True,False,True,False,True,"NLPTown, Gemma"
UgyKfhWRAfxQ48YqFf54AaABAg.9dGGFDX8JPU9dHXeO8fNFt,Ха Ха Ха -голем цирк. За македонците времето е спрело в 1990 година.,negative,positive,neutral,negative,0.7,negative,0.95,5,negative,3,False,3,0.6,True,False,False,True,True,"NLPTown, BERTweet"
UgyKfhWRAfxQ48YqFf54AaABAg.9dGGFDX8JPU9dJrQ2zGVQj,Хахахахахај,positive,negative,neutral,negative,0.8,negative,1.0,5,negative,3,False,3,0.6,False,True,False,True,True,"CardiffNLP, BERTweet"
Ugx8aiE6E-FjYXJVVep4AaABAg,Откажување од еу веднаш!!!!,negative,negative,neutral,negative,0.8,negative,0.95,5,negative,2,False,4,0.8,True,True,False,True,True,BERTweet
Ugy5NhH__RINl_CI1vt4AaABAg,Така е браќа,neutral,positive,neutral,neutral,0.68,negative,0.95,5,neutral,3,False,3,0.6,True,False,True,True,False,"NLPTown, Llama"
UgyODGNY3VVKv0cdzTB4AaABAg,"Убаво казано, за *** не не бива",positive,neutral,neutral,negative,0.8,negative,0.95,5,,3,False,0,0.0,False,False,False,False,False,
UgyL7Fv6bFbvgerR4AV4AaABAg,СУПЕР.ТРЕБАСЕ ПОРАНО ДА СЕ СЕТИТЕ НА ОВА,negative,positive,neutral,positive,0.85,positive,0.95,5,positive,3,False,3,0.6,False,True,False,True,True,"CardiffNLP, BERTweet"
UgzQzEjWoyYUEjJ5cTR4AaABAg,Хксксип,neutral,positive,neutral,neutral,0.74,negative,1.0,5,neutral,3,False,3,0.6,True,False,True,True,False,"NLPTown, Llama"
UgyQ1SC73OY1ilmiiEh4AaABAg,Храбри пратеници хахахаха,neutral,negative,neutral,negative,0.7,negative,0.95,5,negative,2,False,3,0.6,False,True,False,True,True,"CardiffNLP, BERTweet"
Ugwr4EvRSlnsGdwFVY94AaABAg,1:32 дебата на интернет за тоцниот одговор!? Ах бре Зинговци ептен сте изгубени во времето и просторот!,negative,negative,neutral,negative,0.8,negative,0.95,5,negative,2,False,4,0.8,True,True,False,True,True,BERTweet
Ugyhezrq0BAW11VJqyd4AaABAg,проблем - индивидуален. 2018 Заев стори кривиц'но дело. сдс програма 2016 никаде нема менување ИМЕ на РЕПУБЛИКА МАКЕДОНИЈА.,negative,negative,neutral,negative,0.7,negative,0.95,5,negative,2,False,4,0.8,True,True,False,True,True,BERTweet
UgxC4AgFGUrjkR5fTzF4AaABAg,Ако сакате да зборувате за Убарнизам контакритајте ме. Поздрав.,neutral,positive,neutral,negative,0.8,positive,0.95,5,,3,False,0,0.0,False,False,False,False,False,
UgzZDOtJgNT_WJIQu6N4AaABAg,Така е доборо ДОСТА ЈА КРАДАЛЕ дерзавата овие ВМР КОЛКУ ГОДИНИ ЈА крадале дерзавата СО ГОДИНИ не правеле нисто само КРАДАЛЕ ги оставале ЛУКЕТО БЕС плати БЕС ништо БРАВО ЗАЕФ еден ковек дави Газ са дерзавата унд тој ест ЗАЕФ,neutral,negative,neutral,negative,0.5,negative,0.97,5,negative,2,False,3,0.6,False,True,False,True,True,"CardiffNLP, BERTweet"
UgyHpm3lF9C6xKkSH5l4AaABAg,Зосто лазе Заев сега ке го потписе договорот па на есен референдум па по свадба тапани кај го има тоа тоа висе не вази нека не го понизува народот да нисто не знае,negative,negative,neutral,negative,0.8,negative,0.94,5,negative,2,False,4,0.8,True,True,False,True,True,BERTweet
UgxqSfdrTN75fZztaoF4AaABAg,Црвен картон за македонскиот народ,neutral,positive,neutral,negative,0.8,negative,0.95,5,,3,False,0,0.0,False,False,False,False,False,
UgzIZ3gd2XNFAG2hXOV4AaABAg,Да ама не треба да се правиме слепи при вид дека постои македонско малцинство во блгарија!,negative,negative,neutral,negative,0.8,negative,0.95,5,negative,2,False,4,0.8,True,True,False,True,True,BERTweet
UgxKROmSNet_6Mr0qC14AaABAg,Да живеат Бугарија и Македонија! Да живејат Македонија и Балгарија! 🇧🇬❤️🇲🇰,positive,positive,neutral,positive,0.98,positive,0.95,5,positive,2,False,4,0.8,True,True,False,True,True,BERTweet
UgwdvnYp1x0znmviYCh4AaABAg,"Браво,Васко ! онтово добра лекциа ! Поздравлениа !",positive,positive,neutral,positive,0.95,positive,0.95,5,positive,2,False,4,0.8,True,True,False,True,True,BERTweet
Ugz-BGl35vH8mfS7Bqh4AaABAg,"Ние шо сме против францускиот предлог а сме против курто и мурто која ни е опцијата, да молчиме и сега бришејќи не како народ? Ако ова се реализира, чао официјално од мене од ова куртон обид за држава.",negative,negative,neutral,negative,0.8,negative,0.95,5,negative,2,False,4,0.8,True,True,False,True,True,BERTweet
UgxJGxBBMxfOcaCN3jN4AaABAg,"Жално е што после 30 години македонскиот народ место сам чека да му каже Мицко,Зајко,Грујо да искочи на протест.Да беа толкави патриоти ќе искочат без никој да им каже,а вака искачаат само поради едно а тоа е одбрана на Криминалот.Нападот е најдобра одбрана.",negative,negative,neutral,negative,0.8,negative,0.95,5,negative,2,False,4,0.8,True,True,False,True,True,BERTweet
UgyCCnkSAKD8qUl0Yst4AaABAg,"Да ОК,но зосто не се расправа за овој предлог во парламентот како во Бугарија",neutral,neutral,neutral,negative,0.7,negative,0.8,5,neutral,2,False,3,0.6,True,True,True,False,False,"Gemma, Llama"
UgwLL-NhKIBJS5wmZE14AaABAg,АПЕЛ ДО РЕДАКЦИЈА - ИТНА ВОНРЕДНА ЕМИСИЈА ЗА ФРАНЦУСКИОТ ПРЕДЛОГ ДОКУМЕНТ,neutral,positive,neutral,neutral,0.78,negative,0.94,5,neutral,3,False,3,0.6,True,False,True,True,False,"NLPTown, Llama"
Ugwd65-bnTTukbuqy-x4AaABAg,"Право в десетката. Македонистите не разбират, че френското предложение е компромис и за двете страни, но Балгарија иска да вкара Македонија во ЕС и е готова на отстапки. Но подход всичко или ништо е голема лакомија",negative,negative,neutral,negative,0.8,negative,0.8,5,negative,2,False,4,0.8,True,True,False,True,True,BERTweet
UgzB0DgF5FS-S3iNLpB4AaABAg,"Васко, кад Украјини и Молдавији наврат-нанос дају статус кандидата, зар вам није све јасно? Црна Гора је затворила готово сва поглавља из преговора, па што је не приме у равноправно чланство ЕУ? Мало становника, нема муслимана, нема Бугара ... Одговор мора бити пред вама, на столу! Гледате у њега!",negative,negative,neutral,negative,0.8,negative,0.94,5,negative,2,False,4,0.8,True,True,False,True,True,BERTweet
UgyjqOTLBFr4QL1iwPV4AaABAg,"Господине Васко Ефтов ,би ве замолил бидејки сте волку добро информирани ,дали би можеле да ми го пратите Францускиот(Европксиот) Предлог ,би сакал да го прочитам ,да се информирам што точно предложуваат во тие документи . . .",negative,neutral,neutral,neutral,0.78,neutral,0.85,5,neutral,2,False,4,0.8,False,True,True,True,True,CardiffNLP
UgzjT_O5XV92qbQyhD54AaABAg,Браво страхотно предаване !,positive,positive,neutral,positive,0.95,positive,0.95,5,positive,2,False,4,0.8,True,True,False,True,True,BERTweet
UgzXrbKKxN1hdf_0i8Z4AaABAg,Дали би можел да направиш интервју со Кејт Мари Брнз ?,neutral,negative,neutral,neutral,0.7,neutral,0.85,5,neutral,2,False,4,0.8,True,False,True,True,True,NLPTown
Ugwo8is0syJ68HSFEP14AaABAg,"Голјам капацитет тоз Васко бе, оти не го вклјучите в преговорите, он ке оправи нештата :Д :Д :Д",neutral,negative,neutral,negative,0.85,negative,0.95,5,negative,2,False,3,0.6,False,True,False,True,True,"CardiffNLP, BERTweet"
Ugw4s3fyqCUzcKBP81d4AaABAg,Напално сам сагласен с тезите за отношенијата между двата народа!,positive,negative,neutral,positive,0.85,positive,0.95,5,positive,3,False,3,0.6,True,False,False,True,True,"NLPTown, BERTweet"
Ugw4s3fyqCUzcKBP81d4AaABAg.9d03ptHCVBO9e2Z-a7d9mL,гога обицно ја критикувате власта неспособноста Сега ме изненадувате француски предлог кој до крај се криеше и малку поспособна власт ке мозеше барем точка да додаде ако ги консултираа интелектуалците и опозицијата Па сега и вие прифакајте го иако полош предлог не е мозела владата да избоксува Браните неодбраниво не трудете се да ме убедите барем толку мозок македонскиот народ има Само успеа власта да ги одалечи бугарскиот и македонскиот народ,negative,negative,neutral,negative,0.8,negative,0.83,5,negative,2,False,4,0.8,True,True,False,True,True,BERTweet
UgwO6ysEJEAySywld_14AaABAg,Дали е вистина дека Александар Николовски има бугарски пасош?,neutral,negative,neutral,negative,0.75,neutral,1.0,5,neutral,2,False,3,0.6,True,False,True,False,True,"NLPTown, Gemma"
UgzEH-y5EjCwnJYxseF4AaABAg,Одлична анализа!,positive,positive,neutral,positive,0.95,positive,0.95,5,positive,2,False,4,0.8,True,True,False,True,True,BERTweet
UgxIQiv_yjzjxv4LuF54AaABAg,Васко за прецедател💪🇪🇺🇲🇰,positive,positive,neutral,positive,0.85,positive,0.95,5,positive,2,False,4,0.8,True,True,False,True,True,BERTweet
Ugyy-Nx35S9wtm1wGyN4AaABAg,"""Мизи АСАН да ти бајам""",neutral,positive,neutral,negative,0.85,negative,1.0,5,,3,False,0,0.0,False,False,False,False,False,
Ugz3dP2Enih7frqJMdJ4AaABAg,Многу рационално размислување. Лекција е емисијата. Секоја чест.,positive,positive,neutral,positive,0.85,neutral,0.85,5,positive,2,False,3,0.6,True,True,False,True,False,"BERTweet, Llama"
Ugx1VA-iX96lkkKKsUl4AaABAg,"Ни еден ПОЛИТИЧАР во Македонија за овие 30 години, само Трајковски беше маж да се спротистави на ЗАПАДОТ со бегалската криза.Овие се РУБЉА и ДОЛАР патриоти",negative,negative,neutral,negative,0.8,negative,0.95,5,negative,2,False,4,0.8,True,True,False,True,True,BERTweet
Ugx1VA-iX96lkkKKsUl4AaABAg.9cwCUO8LD2R9cwZZs9Ia5D,Затоа и атентат му извршија кучињат,negative,negative,neutral,negative,0.8,negative,1.0,5,negative,2,False,4,0.8,True,True,False,True,True,BERTweet
Ugx1VA-iX96lkkKKsUl4AaABAg.9cwCUO8LD2R9cwtc7tIias,<УСЕР> на сестра ти и мајка ти да им го дадам,neutral,neutral,neutral,positive,0.85,negative,1.0,5,neutral,3,False,3,0.6,True,True,True,False,False,"Gemma, Llama"
UgyeGE6dxQc3A0mWy794AaABAg,Првото стојалиште/инсистирање на ВМРО беше кога Мицковски рече дека можи Бугарите да бидат внесени во уставот само преку реципроцитет (Македонското малцинство да биди внесено во Бугарскиот устав или признаени.,neutral,negative,neutral,negative,0.5,neutral,0.85,5,neutral,2,False,3,0.6,True,False,True,False,True,"NLPTown, Gemma"
UgzAHFwnLsVF441L0DV4AaABAg,"👏👏👏👏👏👏👏👏👏🇲🇰🇲🇰🇲🇰🇲🇰🇲🇰🇲🇰🇲🇰за васко ,стално ја казува вистината,ваков друг новинар НЕМА",positive,negative,neutral,positive,0.95,positive,0.95,5,positive,3,False,3,0.6,True,False,False,True,True,"NLPTown, BERTweet"
Ugzh8RNgqos4gv-dLf14AaABAg,Ко прстом у пекмез!,neutral,positive,neutral,negative,0.8,positive,0.95,5,,3,False,0,0.0,False,False,False,False,False,
UgxwInVLpaIrCFbPBup4AaABAg,Многу убави работи казани во оваа емисија голем респект,positive,positive,neutral,positive,0.85,positive,0.95,5,positive,2,False,4,0.8,True,True,False,True,True,BERTweet
UgxYzyhebIUxImSJo3h4AaABAg,Браво Васко многу убаво објаснувас ама патриотите на батерии имаат промаја во главата и немозат тоа да го сварат во зелудникот ... абе луге размислете сами ни треба европска унија ни треба поубав зивот,negative,negative,neutral,negative,0.5,negative,0.94,5,negative,2,False,4,0.8,True,True,False,True,True,BERTweet
UgzI6iphdNQ1KZkENhR4AaABAg,Дали мислиш оваа хаос држава некој сака да ја прими во ЕУ? Не е се сдс и дпне ...,negative,negative,neutral,negative,0.8,negative,0.95,5,negative,2,False,4,0.8,True,True,False,True,True,BERTweet
UgwQXjHAdt3CjTJLVwl4AaABAg,ДИСЛИКЕ,negative,neutral,neutral,neutral,0.74,negative,1.0,5,neutral,2,False,3,0.6,False,True,True,True,False,"CardiffNLP, Llama"
Ugw0xODjBLr-wTHqaap4AaABAg,Топ анализа,neutral,positive,neutral,neutral,0.7,neutral,0.85,5,neutral,2,False,4,0.8,True,False,True,True,True,NLPTown
Ugw0xODjBLr-wTHqaap4AaABAg.9cvEgYxgsBn9dC2XPfH5L4,Много си убав,positive,positive,neutral,positive,0.95,positive,0.95,5,positive,2,False,4,0.8,True,True,False,True,True,BERTweet
UgyUcpC1tsq8SwH2s2x4AaABAg,Ти си ГЕНИЕ,negative,positive,neutral,positive,0.98,positive,0.95,5,positive,3,False,3,0.6,False,True,False,True,True,"CardiffNLP, BERTweet"
UgwPmAl0uEKtr-Jn7gx4AaABAg,Секоја чест,positive,positive,neutral,positive,0.85,positive,0.95,5,positive,2,False,4,0.8,True,True,False,True,True,BERTweet
Ugy87mSNs0SIoaI5sep4AaABAg,Секоја чест,positive,positive,neutral,positive,0.85,positive,0.95,5,positive,2,False,4,0.8,True,True,False,True,True,BERTweet
Ugw4BkXvIRp2IiAv90d4AaABAg,Секоја чест,positive,positive,neutral,positive,0.85,positive,0.95,5,positive,2,False,4,0.8,True,True,False,True,True,BERTweet
Ugz93kJY0mqE9RBU-v54AaABAg,Поздрави Македонци поздрав от Балгарија браво,positive,positive,neutral,positive,0.85,positive,0.95,5,positive,2,False,4,0.8,True,True,False,True,True,BERTweet
Ugzy0gmru4De8BfJK_d4AaABAg,Браво македониа да зиве Името македониа,positive,negative,neutral,positive,0.85,positive,0.95,5,positive,3,False,3,0.6,True,False,False,True,True,"NLPTown, BERTweet"
Ugzy0gmru4De8BfJK_d4AaABAg.8dC8xsyG5za8dJBzS1aAAE,ЛОНГ ЛИВЕ МАЦЕДОНИААААА СМРТ ЗА ДУШМАНИ !!,negative,negative,neutral,negative,0.8,negative,1.0,5,negative,2,False,4,0.8,True,True,False,True,True,BERTweet
Ugz5Dm-B5djZqqEdzyN4AaABAg,браво насие мацедонци само напрет И да се бара заев да се истера И неговите албанци од/паламенто никако да се дозволи да тој стета да прави во дрзавата ова не се слуса во никоја друга дрзава да сне сите мацедонци здрави И зиве во целиот свет сите си ја сакаме Мацедониа,negative,positive,neutral,positive,0.82,positive,0.95,5,positive,3,False,3,0.6,False,True,False,True,True,"CardiffNLP, BERTweet"
Ugz5Dm-B5djZqqEdzyN4AaABAg.8dCIGk6cH2z8dJC0MobMYN,СМРТ ЗА ДУШМАНИ ЛОНГ ЛИВЕ МАЦЕДОНИАААА !!,negative,negative,neutral,negative,0.8,negative,1.0,5,negative,2,False,4,0.8,True,True,False,True,True,BERTweet
Ugz5Dm-B5djZqqEdzyN4AaABAg.8dCIGk6cH2z8dJC50jHNmu,ЗАЕВ НЕЕДС ТО БЕ АРРЕСТЕД ФОР ТРЕАСОН,neutral,negative,neutral,negative,0.8,negative,1.0,5,negative,2,False,3,0.6,False,True,False,True,True,"CardiffNLP, BERTweet"
UgzIZQxexs_cqY99THx4AaABAg,Ако це ова промјена на папиру донијети бољи зивот за Македонце засто не пристати?Македонија це увијек бити Македонија!!!Треба гледати како народу Македоније обезбиједит бољи зивот.Немају ниста од тога сто су бивсе Републике Југославије задрзале име када су пропале као Грцка ;),negative,negative,neutral,negative,0.5,positive,0.95,5,negative,3,False,3,0.6,True,True,False,True,False,"BERTweet, Llama"
UgxgPywTduTzqF4yFZ54AaABAg,"Македонија и Израел се двете очи Господови, преку кои може да се види се и секој Секој што ќе се крене против нив ..... ќе падне",negative,positive,neutral,negative,0.75,negative,0.95,5,negative,3,False,3,0.6,True,False,False,True,True,"NLPTown, BERTweet"
UgxgPywTduTzqF4yFZ54AaABAg.8dBNMHrfp9X8dBV3VeKZtD,Коренот е добар,positive,positive,neutral,positive,0.85,positive,0.95,5,positive,2,False,4,0.8,True,True,False,True,True,BERTweet
UgxgPywTduTzqF4yFZ54AaABAg.8dBNMHrfp9X8dNGfC7f1Y6,Ма немој со зионизмот,negative,negative,neutral,negative,0.8,negative,0.95,5,negative,2,False,4,0.8,True,True,False,True,True,BERTweet
UgxgPywTduTzqF4yFZ54AaABAg.8dBNMHrfp9X8de00UNRyP0,Со Исус Христос .... единиот Бог,neutral,positive,neutral,negative,0.8,positive,0.95,5,,3,False,0,0.0,False,False,False,False,False,
UgyAaaGjGUIiXp-94D14AaABAg,Дебарца вс муртино 3:0 слузбено.....Браво Македонци Јунаци.,neutral,negative,neutral,positive,0.85,positive,1.0,5,,3,False,0,0.0,False,False,False,False,False,
Ugw6q9ss70nnhKJXwe14AaABAg,Проста маса,neutral,positive,neutral,negative,0.7,negative,0.95,5,,3,False,0,0.0,False,False,False,False,False,
Ugw6q9ss70nnhKJXwe14AaABAg.8dEwFubHW7r8dMgkY18Lf7,"Ако за вас цел народ е прост, тогаш ВИЕ сте напростите!!!",neutral,neutral,neutral,negative,0.8,negative,0.95,5,neutral,2,False,3,0.6,True,True,True,False,False,"Gemma, Llama"
Ugw6q9ss70nnhKJXwe14AaABAg.8dEwFubHW7r8dPFynf7ZK6,Александар Карадакоски о мрднат,negative,negative,neutral,negative,0.7,negative,0.95,5,negative,2,False,4,0.8,True,True,False,True,True,BERTweet
Ugw6q9ss70nnhKJXwe14AaABAg.8dEwFubHW7r94Kxx857Qjw,Проста маса е тој што вреѓа,negative,positive,neutral,negative,0.7,negative,0.95,5,negative,3,False,3,0.6,True,False,False,True,True,"NLPTown, BERTweet"
Ugyt4QAeb17ZIzyYNp94AaABAg,оо каури кој сте бе вие 500 години Турцин ебел овде кој се тие македонци пола рецник турски ви е 😄😄,negative,negative,neutral,negative,0.8,negative,0.95,5,negative,2,False,4,0.8,True,True,False,True,True,BERTweet
Ugyt4QAeb17ZIzyYNp94AaABAg.8dgMUBJX7mD94KxgFuBwBn,"Најголем Турчин си ти Потурчен,јас сум задржал вера,ти си се продал за ситна пара",negative,negative,neutral,negative,0.8,negative,1.0,5,negative,2,False,4,0.8,True,True,False,True,True,BERTweet
UgzhZEtC3N_CSNaKBJt4AaABAg,"Јоу аре булгарианс, ""Мацедонианс""!",neutral,positive,neutral,negative,0.8,negative,0.95,5,,3,False,0,0.0,False,False,False,False,False,
UgzhZEtC3N_CSNaKBJt4AaABAg.8dwFCP3PYOY8e60yHXp6LI,"Павел Гаминг оф цоурсе тхере ис но цоунтрј ""Мацедониа""....",neutral,negative,neutral,negative,0.85,negative,0.94,5,negative,2,False,3,0.6,False,True,False,True,True,"CardiffNLP, BERTweet"
UgzhZEtC3N_CSNaKBJt4AaABAg.8dwFCP3PYOY8e62kYoVdiB,"Калојан Галабов Јуст ан ареа, Ит'с булгариан!",neutral,negative,neutral,negative,0.85,positive,0.95,5,,3,False,0,0.0,False,False,False,False,False,
UgzhZEtC3N_CSNaKBJt4AaABAg.8dwFCP3PYOY94KxtPWUogq,Ве аре Мацедонианс анд јоу аре Татарс,neutral,neutral,neutral,negative,0.8,negative,0.95,5,neutral,2,False,3,0.6,True,True,True,False,False,"Gemma, Llama"
UgxRxsN_jua_0O7B9uF4AaABAg,Гревови,neutral,negative,neutral,negative,0.7,negative,1.0,5,negative,2,False,3,0.6,False,True,False,True,True,"CardiffNLP, BERTweet"
UgxRxsN_jua_0O7B9uF4AaABAg.8dGKPG-TtHE8dMjo1oGqXi,"Вие сте за жалење, зашто нешто ви фали за вака да зборувате!!!",negative,negative,neutral,negative,0.75,negative,0.95,5,negative,2,False,4,0.8,True,True,False,True,True,BERTweet
UgxRxsN_jua_0O7B9uF4AaABAg.8dGKPG-TtHE8dO0Mm_PSm4,Грешни се оние кои не се чуствуваат Македонци!,negative,negative,neutral,negative,0.8,negative,1.0,5,negative,2,False,4,0.8,True,True,False,True,True,BERTweet
UgynBbXEMhxSIIs_Smp4AaABAg,Македонија гради лична библиска историја што има и право на на истото Бугарија е Македонска провинција поздрав Битола,neutral,positive,neutral,negative,0.75,positive,0.95,5,,3,False,0,0.0,False,False,False,False,False,
UgyOf60A6qkWIr-lX3N4AaABAg,БРАВО РАДЕВ ПО ЧЕСТО ИМ НАПОМНЈАЈТЕ ТЕЗИ ИСТОРИЧЕСКИ ФАКТИ НА ТЕЗИ ПРОМИТИ МОЗОЦИ.,negative,positive,neutral,negative,0.8,positive,0.95,5,,3,False,0,0.0,False,False,False,False,False,
UgyOf60A6qkWIr-lX3N4AaABAg.9a5Z8Li5Awa9a62_E1oWzN,читај кој правесе конц лагери во Блгарија,neutral,negative,neutral,negative,0.8,negative,0.95,5,negative,2,False,3,0.6,False,True,False,True,True,"CardiffNLP, BERTweet"
UgyOf60A6qkWIr-lX3N4AaABAg.9a5Z8Li5Awa9a6AFvCKFls,<УСЕР> КОНЦЛАГЕРИТЕ ГИ ПРАВЕШЕ ВАШИЈАТ ТИТО .НАЈ ГОЛЕМИОТ ОШТЕ СТОИ У ХРВАТСКО.А КОЛКО БАЛГАРСКИ ГРОБИШТА У МАКЕДОНИЈА ИМА НА ИЗБИТИ БАЛГАРИ??. С ПРЕПРАВЕНИ ИМЕНА НА ПЛОЧИТЕ ОТ ОВ НА СКИ..!!!,negative,negative,neutral,negative,0.8,negative,0.95,5,negative,2,False,4,0.8,True,True,False,True,True,BERTweet
UgyOf60A6qkWIr-lX3N4AaABAg.9a5Z8Li5Awa9aBCZyeF23K,<УСЕР> кој? Валко Червенков- комунистически сатрап,neutral,negative,neutral,negative,0.8,negative,0.95,5,negative,2,False,3,0.6,False,True,False,True,True,"CardiffNLP, BERTweet"
UgyOf60A6qkWIr-lX3N4AaABAg.9a5Z8Li5Awa9aCrROkVmpl,"<УСЕР> Поентата е дека господ ви создаде блгари а,Тито ве направи ,,македонци""!",neutral,negative,neutral,negative,0.8,negative,0.95,5,negative,2,False,3,0.6,False,True,False,True,True,"CardiffNLP, BERTweet"
UgyOf60A6qkWIr-lX3N4AaABAg.9a5Z8Li5Awa9aDNrB1-tEh,Ние сме македонци мн пред Тито да ја констатира само вистинаката состојба која вие неките да ја видите!,negative,negative,neutral,positive,0.85,negative,0.95,5,negative,3,False,3,0.6,True,True,False,False,True,"BERTweet, Gemma"
UgyOf60A6qkWIr-lX3N4AaABAg.9a5Z8Li5Awa9aDRWmrRDEo,<УСЕР> <УРЛ>,neutral,negative,neutral,neutral,0.68,neutral,0.85,5,neutral,2,False,4,0.8,True,False,True,True,True,NLPTown
UgyOf60A6qkWIr-lX3N4AaABAg.9a5Z8Li5Awa9ubBKuWctDU,<УСЕР> ТАТЈАНА МАКЕДОНКА. коњ @.,neutral,negative,neutral,neutral,0.85,negative,0.95,5,neutral,2,False,3,0.6,True,False,True,True,False,"NLPTown, Llama"
UgyOf60A6qkWIr-lX3N4AaABAg.9a5Z8Li5Awa9ubYF6EbntZ,<УСЕР> Татјане е блгарка ама незнае!,negative,negative,neutral,negative,0.8,negative,0.9,5,negative,2,False,4,0.8,True,True,False,True,True,BERTweet
UgyOf60A6qkWIr-lX3N4AaABAg.9a5Z8Li5Awa9uc5Kx88seu,<УСЕР> ЈАС СУМ МАКЕДОНКА. ти с'врк.,negative,negative,neutral,negative,0.8,negative,0.95,5,negative,2,False,4,0.8,True,True,False,True,True,BERTweet
UgyoUvjTtHjuCxPScah4AaABAg,"Нема научни докази за постоење на македонска нација назад во историјата. Затоа, кога ќе ги прашате Македонците, кои им се кралевите, тие не можат ништо да ви кажат.Го присвојуваат цар Самуил, но тој е докажан бугарски цар. Александар Македонски е Грк. Немаат кралеви, затоа што ги измислил Тито. Гоце Делчев, Даме Груев, Ѓорче Петров, Кузман Шапкарев, Борис Сарафов, Тодор Александров, Ванче Михаилов, Пере Тошев и сите други дејци на ВМРО се исто така Бугари, кои се бореле за ослободување и автономија на Македонија.Македонија мора да престане со дебугаризацијата и да ја фалсификува бугарската историја. Тогаш може да се надева дека ќе добие датум за почеток на преговорите за членство во ЕУ.",neutral,negative,neutral,negative,0.8,negative,0.95,5,negative,2,False,3,0.6,False,True,False,True,True,"CardiffNLP, BERTweet"
UgyoUvjTtHjuCxPScah4AaABAg.9a9_UBhLyoY9aBEZ3UMC0N,"ниедна од овие тврдења не ви се точни нити докажани ,само се повторувате ко папагали надуени ..за греота сте и си паѓате во грев генерации и генерации бугари..ако вие сте Еу нас Еу не ни треба ,уште еднаш само си докажа колку е Еу проститутка која се продава на мусличите ама ке загине бргу..ве жалам вас Бугарите колку сте паднати со надуеноста дека сте бели мечки измачени повеке и од евреите исто ко Шипците..само па ке ви се случи баба Ванѓа!",negative,negative,neutral,negative,0.8,negative,0.95,5,negative,2,False,4,0.8,True,True,False,True,True,BERTweet
UgyoUvjTtHjuCxPScah4AaABAg.9a9_UBhLyoY9ubCEFvTbqi,"и ФИЛИП МАКЕДОНЕЦ и СИН АЛЕКСАНДАР МАКЕДОНЕЦ. пред 25 века ФИЛИП КРАЛ НА МАКЕДОНИЈА, АЛЕКСАНДАР ЦАР НА МАКЕДОНИЈА.",neutral,positive,neutral,neutral,0.75,positive,0.95,5,neutral,2,False,3,0.6,True,False,True,True,False,"NLPTown, Llama"
UgzvwJSYf4B7CXRdQkl4AaABAg,БРАВО РАДЕВ,positive,positive,neutral,positive,0.95,positive,0.95,5,positive,2,False,4,0.8,True,True,False,True,True,BERTweet
UgzvwJSYf4B7CXRdQkl4AaABAg.9a4punztFYr9a524FKDbbe,"Радев се издигна много отначало бјах скептичен, заштото БСП го издигна но сега осазнавам че тој е нај-добријат президент на Балгарија до момента Бог здраве да му дава",negative,positive,neutral,positive,0.85,positive,0.95,5,positive,3,False,3,0.6,False,True,False,True,True,"CardiffNLP, BERTweet"
UgzvwJSYf4B7CXRdQkl4AaABAg.9a4punztFYr9ubBcVLt2YV,<УСЕР> -- -- -- -- 2 години во медиуми сдс будали.,neutral,negative,neutral,negative,0.8,negative,0.95,5,negative,2,False,3,0.6,False,True,False,True,True,"CardiffNLP, BERTweet"
UgxjtFfkmVZjk2M9SwR4AaABAg,Браво Гн Президент !!! Браво Гн Радев !!! право куме у очи,positive,positive,neutral,positive,0.85,positive,0.95,5,positive,2,False,4,0.8,True,True,False,True,True,BERTweet
UgzLpJnSruVrZAM0Q0d4AaABAg,"Таткото на македонизмот е српскиот политичар Стојан Новаковиќ. Кон крајот на 19 век изготвил стратегија за србизација на областа: „Бидејќи бугарството, како што сите знаат“, пишува Новаковиќ, „има длабоки корени во Македонија, мислам дека е речиси невозможно да нè потресе само српската идеја против неа“. Оваа идеја, се плашам, нема да може сама да ја истисне бугарската и затоа на српската идеја ќе и треба некој сојузник кој е цврсто против бугарството и содржи елементи кои можат да го привлечат народот и чувствата на луѓето, одвојувајќи го од бугарското. Овој сојузник го гледам во македонизмот...“",negative,negative,neutral,negative,0.8,negative,0.95,5,negative,2,False,4,0.8,True,True,False,True,True,BERTweet
UgzLpJnSruVrZAM0Q0d4AaABAg.9a5Uh6xuxU59ubBvBbKLw5,<УСЕР>...........6о ДИБЕК.,neutral,negative,neutral,negative,0.8,negative,0.95,5,negative,2,False,3,0.6,False,True,False,True,True,"CardiffNLP, BERTweet"
UgzOvGxhAgcI2kH9ES14AaABAg,Се ке прифатите. Школуваите АЗ САМ БАЛГАРЧЕ 🇧🇬🇧🇬🇧🇬,negative,positive,neutral,negative,0.8,positive,0.95,5,,3,False,0,0.0,False,False,False,False,False,
UgzOvGxhAgcI2kH9ES14AaABAg.9cuQlqWC6CX9cyuwWwabMH,🇲🇰🇲🇰🇲🇰🇲🇰🇲🇰🇲🇰🇲🇰💪👌🦁🐅🐷🙈,neutral,positive,neutral,negative,0.8,positive,0.95,5,,3,False,0,0.0,False,False,False,False,False,
Ugx_bcBQlcpniPzpaPV4AaABAg,Вије Бугарите ко поѕтојеше Македонија вије не поѕтојевте сага че ми казеш није сме бубари ха ха ха јоу гујс маке ме лаугх,negative,negative,neutral,negative,0.8,negative,0.95,5,negative,2,False,4,0.8,True,True,False,True,True,BERTweet
UgzK6IGMU0DCwR3sTe14AaABAg,Софијско хоро и раченица ште играете. Нема бегане хахаха. 😂😂🤣🤣😂😂,neutral,positive,neutral,negative,0.8,negative,0.95,5,,3,False,0,0.0,False,False,False,False,False,
UgzK6IGMU0DCwR3sTe14AaABAg.9cukUp02QNI9cyuv6MUphl,🇲🇰🇲🇰🇲🇰💪👌🦁🐅,positive,positive,neutral,positive,0.85,positive,0.95,5,positive,2,False,4,0.8,True,True,False,True,True,BERTweet
UgwexHKoBKd9YyturtJ4AaABAg,Ја слушнав сите Бугари требат да зборувате Македонски,neutral,positive,neutral,negative,0.7,negative,0.95,5,,3,False,0,0.0,False,False,False,False,False,
UgwexHKoBKd9YyturtJ4AaABAg.9cuf_QzcivV9cuo47uyMPO,В Балгарија има много диалекти.Македонските са едни от тјах.Не може всеки балгарин да знае всички диалекти.ШТе стане полиглот!,negative,negative,neutral,neutral,0.78,positive,0.95,5,,3,False,0,0.0,False,False,False,False,False,
UgwexHKoBKd9YyturtJ4AaABAg.9cuf_QzcivV9cv5yaS6OHU,Сите Балгари зборуват Балгарски. Една от регионалните норма на Балгарскија език е македонската норма( диалект). За почеток школуваи АЗ САМ БАЛГАРЧЕ. Потоа ке бидеш човек и ке прекинеш северджанството.,neutral,negative,neutral,negative,0.8,negative,0.95,5,negative,2,False,3,0.6,False,True,False,True,True,"CardiffNLP, BERTweet"
UgwexHKoBKd9YyturtJ4AaABAg.9cuf_QzcivV9cwL4j3cCcO,<УСЕР> Страшно си досаден и премногу прост како татар .За каков дијалект зборуваш .Знаете кои ве описмени не правете се како лудаци па тропате глупости .Затоа ве нарекувале варвари и такви сте останале .Прости сте биле и прости останавте .Не сте свесни што зборувате .,negative,negative,neutral,negative,0.8,negative,0.95,5,negative,2,False,4,0.8,True,True,False,True,True,BERTweet
Ugz9MmEUk-C520x7P6t4AaABAg,Извинете вије зборовите Македонски јазик Итака сега,neutral,negative,neutral,negative,0.8,neutral,0.85,5,neutral,2,False,3,0.6,True,False,True,False,True,"NLPTown, Gemma"
UgzZgN54kDhNhBxLwaN4AaABAg,Фластери за блгарите,neutral,positive,neutral,negative,0.8,negative,0.95,5,,3,False,0,0.0,False,False,False,False,False,
Ugxv0iemg6EGcdp-PSp4AaABAg,"Всички македонци са балгари. Македонија е област, а не даржава. Балгарија на 3 морета.",neutral,negative,neutral,negative,0.8,negative,0.95,5,negative,2,False,3,0.6,False,True,False,True,True,"CardiffNLP, BERTweet"
Ugxv0iemg6EGcdp-PSp4AaABAg.9liWLFCpfCd9vEvsTyDbs_,пред 140 години германци 'направиа' Блгариа. МАКЕДОНСКИ НАРОД ПОСТОИ 25 ВЕКА. од ФИЛИП КРАЛ НА МАКЕДОНИЈА.,neutral,negative,neutral,negative,0.8,negative,0.95,5,negative,2,False,3,0.6,False,True,False,True,True,"CardiffNLP, BERTweet"
Ugxv0iemg6EGcdp-PSp4AaABAg.9liWLFCpfCd9vF4VNc09fu,"<УСЕР> Древна Македонија, за којато ти говориш е била част от днешна Гарција. Така че, вие сте или гарци или балгари.",neutral,neutral,neutral,negative,0.8,negative,0.94,5,neutral,2,False,3,0.6,True,True,True,False,False,"Gemma, Llama"
Ugxv0iemg6EGcdp-PSp4AaABAg.9liWLFCpfCdA9pAHBSSAgH,Фашисти,negative,negative,neutral,negative,0.8,negative,1.0,5,negative,2,False,4,0.8,True,True,False,True,True,BERTweet
UgwAT6qvmUwpC2RfKIZ4AaABAg,браво ние пиринци искаме ВЕТО за титовците,neutral,positive,neutral,positive,0.85,negative,0.95,5,,3,False,0,0.0,False,False,False,False,False,
UgwAT6qvmUwpC2RfKIZ4AaABAg.9ldCOoVUApv9ldDRzr36So,"Нас ни е гајле што сте усвоиле. И слободно турите вето, така ќе ги освестите комуњарите тука дека ЕУ е непријател наш. А вие „пиринци“ слободно плукајте против својата татковина. Вистинските Пиринци во скоро време ќе ви дадат убава лекција кој се вистинските Пиринци, а кој се предавници.",negative,positive,neutral,negative,0.8,negative,0.95,5,negative,3,False,3,0.6,True,False,False,True,True,"NLPTown, BERTweet"
UgwAT6qvmUwpC2RfKIZ4AaABAg.9ldCOoVUApv9ldWr5LPwwO,бот пуши го,negative,negative,neutral,negative,0.8,negative,1.0,5,negative,2,False,4,0.8,True,True,False,True,True,BERTweet
UgwAT6qvmUwpC2RfKIZ4AaABAg.9ldCOoVUApv9ldXV_uiRVJ,<УСЕР> Поголем бот од тебе нема.,negative,negative,neutral,negative,0.8,negative,0.95,5,negative,2,False,4,0.8,True,True,False,True,True,BERTweet
UgwAT6qvmUwpC2RfKIZ4AaABAg.9ldCOoVUApv9litf8A3mrp,<УСЕР> епа Каи ЕМИС МПУЛГАРОС АПО ЕГЕЈА НОМИЗУМЕ ОТИ ЛЕИ О КИРИОС БОРИСЛАВ КУМАНОВ .ЕГЕЈЦИ И ПИРИНЦИ КЕ ВЕ ОСВЕСТИМ Е СИТЕ СЕВЕРНИ СРБОМАНИ СО ПЕРЕН МОЗУК.НЕМА ПО ПРОСТИ македонци от СЕВЕРДЖАНИТЕ,neutral,negative,neutral,negative,0.8,negative,0.94,5,negative,2,False,3,0.6,False,True,False,True,True,"CardiffNLP, BERTweet"
UgwAT6qvmUwpC2RfKIZ4AaABAg.9ldCOoVUApv9vEwHrssw4E,2018 на РЕФЕРЕНДУМ ГРАЃАНИ од МАКЕДОНИЈА рекоа не ЕУ. сдс програма 2020 нема бугари во УСТАВ. и бугари и сдс ј вц.,neutral,negative,neutral,negative,0.8,negative,0.95,5,negative,2,False,3,0.6,False,True,False,True,True,"CardiffNLP, BERTweet"
UgxFr4QoU3HRByfaq994AaABAg,Царица македонска легендо наса да ни ди здрава и зива.Се дто реце се сто каза тоцно така и бидна,neutral,negative,neutral,negative,0.8,positive,0.95,5,,3,False,0,0.0,False,False,False,False,False,
UgzaAdVN03_N8HFhzEd4AaABAg,А да си го вратиме Грујо за Прецедател👌🙋‍♂️,neutral,negative,neutral,positive,0.85,positive,0.95,5,,3,False,0,0.0,False,False,False,False,False,
UgwCSMg5npAcSFeoJVV4AaABAg,ова се приказни за мали деца ….,neutral,positive,neutral,neutral,0.85,neutral,0.85,5,neutral,2,False,4,0.8,True,False,True,True,True,NLPTown
UgzSt2a4yyzXXVuKcSl4AaABAg,"Епа поради своите зивоти се унисти цела дрзава, така и борците со гинеа за Македонија исто повракаја ама крв 🥺",negative,negative,neutral,negative,0.8,negative,0.95,5,negative,2,False,4,0.8,True,True,False,True,True,BERTweet
Ugwqfr1ZrHsruOnwjJ14AaABAg,Ова се глупости невидени кај зборат дипломатите со овој јазик ама глоердите вака зборат и мислат,negative,negative,neutral,negative,0.75,negative,0.95,5,negative,2,False,4,0.8,True,True,False,True,True,BERTweet
Ugwqfr1ZrHsruOnwjJ14AaABAg.9xBRcCMTy769xDt3estW2a,Како мислис дека зборат бе тие се бетер од мафијаси,negative,negative,neutral,negative,0.8,negative,0.95,5,negative,2,False,4,0.8,True,True,False,True,True,BERTweet
UgyVGkGfYDWdF8pmksB4AaABAg,"Српска ""македонка"" на делло !",negative,negative,neutral,negative,0.8,negative,0.95,5,negative,2,False,4,0.8,True,True,False,True,True,BERTweet
UgxpFfW0ItfaBkWaExB4AaABAg,На старинг години се дрогирас мозе со на Бајден градинарот се маабетел,neutral,negative,neutral,negative,0.8,negative,0.95,5,negative,2,False,3,0.6,False,True,False,True,True,"CardiffNLP, BERTweet"
UgzX2tz7SLhndW93r314AaABAg,"На ,слонот, не му се стое на патот ..бабиштее не се прави нај паметна.. па ако ти му беше советник на грујо го заеба човекот😢😢",negative,negative,neutral,negative,0.8,negative,0.95,5,negative,2,False,4,0.8,True,True,False,True,True,BERTweet
Ugzwo7IGQIrzsG_UKjd4AaABAg,Тука замрсено усте кога зградата се градела и дали станот е исплатен спрема договор усте у стартот несто смрд во изградбата,neutral,negative,neutral,negative,0.8,negative,0.94,5,negative,2,False,3,0.6,False,True,False,True,True,"CardiffNLP, BERTweet"
Ugzwo7IGQIrzsG_UKjd4AaABAg.9y7Ckmh9JpH9yYGGwmyL8h,ВАЊА е убиена. 3.12.2023 ОЈО покрена Обвинение против Палевски. и распис'ана потерница. уапсен -- во Турција. нек квац'и... у Турски затвор.,negative,negative,neutral,negative,0.8,negative,0.95,5,negative,2,False,4,0.8,True,True,False,True,True,BERTweet
UgyMPDNTLyv_pW6nxEt4AaABAg,Ако сне независни тогаш зошто грција бара да го смениме името тоа нее ли мешајне во суверена Македонија.,negative,negative,neutral,negative,0.75,negative,0.94,5,negative,2,False,4,0.8,True,True,False,True,True,BERTweet
UgxtSsQZDwWk-nQSpNJ4AaABAg,Заев стори кривиц'но дело. сдс програма 2016 никаде нема менување ИМЕ на РЕПУБЛИКА МАКЕДОНИЈА.,negative,negative,neutral,negative,0.8,negative,0.95,5,negative,2,False,4,0.8,True,True,False,True,True,BERTweet
Ugw87PSE-J8PLPl_jjl4AaABAg,МАКЕДОНИА ВО МОКАЕВРОДОНИА,neutral,neutral,neutral,negative,0.8,neutral,0.85,5,neutral,2,False,4,0.8,True,True,True,False,True,Gemma
UgycCPsV6zb9NuHhsp94AaABAg,2060 ? 🤣🤣🤣,neutral,negative,neutral,neutral,0.74,negative,1.0,5,neutral,2,False,3,0.6,True,False,True,True,False,"NLPTown, Llama"
Ugz2TbMAmNhpBK8bXsV4AaABAg,Господине Ципрас ние сме биле од секогаш Македонци ! Егејска Македонија вас ви а подарија,neutral,positive,neutral,positive,0.85,negative,0.95,5,,3,False,0,0.0,False,False,False,False,False,
Ugwoq0B7ddjWa0vSx614AaABAg,"Едноставно решение е да се прекинат преговорите, се она што е договорено да се поништи.",neutral,negative,neutral,negative,0.72,negative,0.95,5,negative,2,False,3,0.6,False,True,False,True,True,"CardiffNLP, BERTweet"
Ugwoq0B7ddjWa0vSx614AaABAg.9d4y9zMBNOh9nNjYhW_GiK,Аааа ако прелунере Има Вето Тоа е поврзснп со санкзи убос извос ск Еуропа. Нафта Гас лекоби зито Е нф поздраветего мијалков и Грујо кој од наридот поцна да крадат,neutral,negative,neutral,negative,0.8,negative,0.95,5,negative,2,False,3,0.6,False,True,False,True,True,"CardiffNLP, BERTweet"
Ugwoq0B7ddjWa0vSx614AaABAg.9d4y9zMBNOh9xtXoR63yZI,сдс програма 2016 никаде нема менување ИМЕ на МАКЕДОНИЈА. сдс програма 2016 никаде нема давање МАКЕДОНСКА ИСТОРИЈА. и преспа и блгар договор -- кривиц'но дело. договори - ј вц.,negative,negative,neutral,negative,0.8,negative,0.94,5,negative,2,False,4,0.8,True,True,False,True,True,BERTweet
Ugy_6ilk88pR3sH3J8F4AaABAg,Не ни треба дволичната ЕУ!!,negative,negative,neutral,negative,0.8,negative,0.95,5,negative,2,False,4,0.8,True,True,False,True,True,BERTweet
Ugy_6ilk88pR3sH3J8F4AaABAg.9czrI0Ehpm29d-ZQTSyBAy,Не требате на ЕУ нито на САД. Територијата е битна па вас ке ве заменат со Албанци.,negative,negative,neutral,negative,0.8,negative,0.95,5,negative,2,False,4,0.8,True,True,False,True,True,BERTweet
Ugy_6ilk88pR3sH3J8F4AaABAg.9czrI0Ehpm29dEXDYIVyNn,<УСЕР> штом така велиш ти господине прецедателе сигурно така ке биде :))),positive,positive,neutral,negative,0.85,negative,0.94,5,,3,False,0,0.0,False,False,False,False,False,
Ugy_6ilk88pR3sH3J8F4AaABAg.9czrI0Ehpm29dfCOuQI_3Q,"Като не искате ЕУ, направете си референдум и да стане јасно - искате или не искате.",neutral,negative,neutral,negative,0.7,negative,0.9,5,negative,2,False,3,0.6,False,True,False,True,True,"CardiffNLP, BERTweet"
Ugy_6ilk88pR3sH3J8F4AaABAg.9czrI0Ehpm29rgEz7IkYdM,<УСЕР> ОВА Е МАКЕДОНСКИ МЕДИУМ. с'утрак.,negative,negative,neutral,negative,0.8,negative,0.95,5,negative,2,False,4,0.8,True,True,False,True,True,BERTweet
UgzAL6YM6EalYfKv16l4AaABAg,После свадба тапани. Не мозе така... А бе за Македонија се работи да се намоцам у ЕУ . Сто ни донесе ЕУ до сега само уцени И проблеми .Се осекаме како неканет гостин односно на сила дојдени.,negative,negative,neutral,negative,0.8,negative,0.95,5,negative,2,False,4,0.8,True,True,False,True,True,BERTweet
UgyYZKHTigb8ZavRRlt4AaABAg,"Каков министер Османи тој си е албанец , нека си оди тамо . Никој не го повика во насата татковина",negative,negative,neutral,negative,0.8,negative,0.95,5,negative,2,False,4,0.8,True,True,False,True,True,BERTweet
UgyYZKHTigb8ZavRRlt4AaABAg.9d6DsFCWxib9dBnJBbBCWo,Под итно цисти македонци даја преставуват дрзавата .,negative,negative,neutral,negative,0.8,negative,0.95,5,negative,2,False,4,0.8,True,True,False,True,True,BERTweet
UgyYZKHTigb8ZavRRlt4AaABAg.9d6DsFCWxib9dBnQJ4_p-g,Јас наредувам и мојот глас треба да го поцитувате ок.,neutral,neutral,neutral,positive,0.85,negative,0.95,5,neutral,3,False,3,0.6,True,True,True,False,False,"Gemma, Llama"
UgwRgnyFJ7lFQW2KFrF4AaABAg,Нени треба америка ни нато .,negative,negative,neutral,negative,0.8,negative,1.0,5,negative,2,False,4,0.8,True,True,False,True,True,BERTweet
UgwRgnyFJ7lFQW2KFrF4AaABAg.9d005rFnpwi9d_bItKBmZq,"ВИЕ СТЕ СОЛТА НА ЗЕМЈАТА..... изцјало изперкали грандомански ГЛАМАВЦИ, от кадето и да ви гледа човек",negative,negative,neutral,negative,0.8,negative,0.94,5,negative,2,False,4,0.8,True,True,False,True,True,BERTweet
Ugz_jEdrZqFpETNfZM94AaABAg,"Никола касниш бе брат,касните сите,неможе бе луѓе кој згрешил згрешил во Јапонија харакири тоа е.После дожд капуљача не се става.",negative,negative,neutral,negative,0.8,negative,0.95,5,negative,2,False,4,0.8,True,True,False,True,True,BERTweet
Ugz_jEdrZqFpETNfZM94AaABAg.9czyqc_7vVB9d-0BrrYy_y,<УСЕР> Дирибејчев Па кога не го знаеш јазикот на твоите претци што се јавуваш седи си со нацистите.,negative,negative,neutral,negative,0.8,negative,0.95,5,negative,2,False,4,0.8,True,True,False,True,True,BERTweet
Ugz_jEdrZqFpETNfZM94AaABAg.9czyqc_7vVB9d-0Z6J6bYW,Така е,neutral,positive,neutral,neutral,0.7,neutral,0.85,5,neutral,2,False,4,0.8,True,False,True,True,True,NLPTown
Ugz_jEdrZqFpETNfZM94AaABAg.9czyqc_7vVB9d-43vrBJn2,Не касне и тоаа пари сака како Ковачо.,neutral,negative,neutral,negative,0.8,negative,0.9,5,negative,2,False,3,0.6,False,True,False,True,True,"CardiffNLP, BERTweet"
Ugz_jEdrZqFpETNfZM94AaABAg.9czyqc_7vVB9d-uPmeTOLC,<УСЕР> Бугарин не пишувај во Македонски сајтови .,negative,negative,neutral,negative,0.8,negative,0.95,5,negative,2,False,4,0.8,True,True,False,True,True,BERTweet
Ugz_jEdrZqFpETNfZM94AaABAg.9czyqc_7vVB9d0W1Tdgufd,<УСЕР> нема веке македонија има територија СЕВЕРДЖАНИА. Ова териториа ке биде добиена со ЕУ пари и припоена Кам ГОЛЈАМА БАЛГАРИЈА 🇧🇬,neutral,negative,neutral,negative,0.85,negative,0.95,5,negative,2,False,3,0.6,False,True,False,True,True,"CardiffNLP, BERTweet"
Ugz_jEdrZqFpETNfZM94AaABAg.9czyqc_7vVB9d0_cgpBkOZ,<УСЕР> Голема ви е глупоста само.Да Украинските мочуришта стварно се големи.,negative,negative,neutral,negative,0.8,negative,0.9,5,negative,2,False,4,0.8,True,True,False,True,True,BERTweet
Ugz_jEdrZqFpETNfZM94AaABAg.9czyqc_7vVB9d0s8BlqR7_,"<УСЕР> За да ги спречиме треба да одиме на нивните како булгариа он аир, бнт, тв1б итн...",negative,negative,neutral,negative,0.75,negative,0.95,5,negative,2,False,4,0.8,True,True,False,True,True,BERTweet
Ugz_jEdrZqFpETNfZM94AaABAg.9czyqc_7vVB9d0tcv2pw2B,"<УСЕР> Како да ги спречиме.Они сите учат исто во школо.Историјата им е по ден година месец а ние во нашата скокаме што не ни одговара,од некој работи ни е страв и малце за вистината.Они не викаат македонци во нивните телевизии и не спорат помеѓу себе а сите исто ги лажеле.Кога нашата и нивната држава биле силни и сплотени,они го направиле планот,а ние се гордеевме дека сме Југословени.Уште пред тоа правеле планови кога ги лажеле нашите комити.Они се пред нас 200 години.Вистината е на наша страна и ќе излезе на виделина но затоа,треба да помине време.Они нон-стоп прават омраза во зборувањето но тоа никој не им го кажува.Треба време и треба 3 4 мали партии да се здружат.Само така напред ќе одиме.",negative,negative,neutral,negative,0.57,negative,0.83,5,negative,2,False,4,0.8,True,True,False,True,True,BERTweet
Ugz_jEdrZqFpETNfZM94AaABAg.9czyqc_7vVB9d0wPcGJIim,<УСЕР> цел зивот кутек јадете И па не ви доага памет.,negative,negative,neutral,negative,0.8,negative,0.94,5,negative,2,False,4,0.8,True,True,False,True,True,BERTweet
Ugz_jEdrZqFpETNfZM94AaABAg.9czyqc_7vVB9d0xbcTJA_N,<УСЕР> Ќе ти одговорам покасно. Но си ја утнал мојата поента!,negative,negative,neutral,negative,0.8,negative,0.95,5,negative,2,False,4,0.8,True,True,False,True,True,BERTweet
Ugz_jEdrZqFpETNfZM94AaABAg.9czyqc_7vVB9d1QLAT4q7P,<УСЕР> кога си во право не е битно дали иадеш кутек. Ако треба со девола ке се соработиме па ке добиеме нашето.,neutral,negative,neutral,positive,0.85,positive,0.95,5,,3,False,0,0.0,False,False,False,False,False,
Ugz_jEdrZqFpETNfZM94AaABAg.9czyqc_7vVB9d3lx7dIrt-,"<УСЕР> А бе татарце се усте сонувас.Ајде пробуди се татарце,Која за која голема Татарија ти зборувас.Бугарија е територија.На истоцниот дел сте вие татарцината.Западниот е голема Македонија и Србија.Истоцниот е Турски.Северниот е Романск.А бе татарце науци несто .Ај сто немс никакво познавање од историја немас,но науци малце географија.Ако не беа Македонците и Србите вие це бете неписмени .Ви дадовме азбука но забе не сте науциле да цитате.Бевте и останавте опиницари.Татарија за Голема Македонија бесе несто како непријатност,комарец кој зуи во зеска летна ноќ но ти е мака да станис И да го слапнис од зидит па нека зуи ,кој го еба.",negative,negative,neutral,negative,0.8,negative,0.95,5,negative,2,False,4,0.8,True,True,False,True,True,BERTweet
Ugz_jEdrZqFpETNfZM94AaABAg.9czyqc_7vVB9d6qIAqXAGx,ТОА Е ПРАВАТА МАКЕДОНИЈА.=ВАРДАРСКА+ЕГЕЈСКА+ПИРИНСКА .Бугарските татари надвор од Македонските простори.ДА ЗИВЕЕ МАКЕДОНИЈА.,neutral,positive,neutral,positive,0.85,positive,0.95,5,positive,2,False,3,0.6,False,True,False,True,True,"CardiffNLP, BERTweet"
Ugz_jEdrZqFpETNfZM94AaABAg.9czyqc_7vVB9dXzEbQD072,"<УСЕР> ""Македонија или Балгарија е едно- Балгарија. Македонци и Балгари е едно- си сме Балгари."" Иван Михајлов- 1990( в интервју на живо) .",neutral,negative,neutral,negative,0.75,negative,0.95,5,negative,2,False,3,0.6,False,True,False,True,True,"CardiffNLP, BERTweet"
Ugz_jEdrZqFpETNfZM94AaABAg.9czyqc_7vVB9dY0WY1vItV,"<УСЕР> Абе едно ли две ли се не ме интересира,ти важно не пишувај тука,пишувај си дома кај тебе.",negative,negative,neutral,negative,0.8,negative,0.95,5,negative,2,False,4,0.8,True,True,False,True,True,BERTweet
Ugz_jEdrZqFpETNfZM94AaABAg.9czyqc_7vVB9dYVOQcxmB1,<УСЕР> Абе го цеска газето .Му дадовме кремце .Се навикна татарцето на кремцето.Гледам це играат пак црвените.,negative,negative,neutral,negative,0.8,negative,0.94,5,negative,2,False,4,0.8,True,True,False,True,True,BERTweet
Ugz_jEdrZqFpETNfZM94AaABAg.9czyqc_7vVB9dYWQsAVTi7,<УСЕР> Разбрав дека се двајца тројца и нема потреба да си го губиме времето со нив. А за кремчето да стекнуваат брзо.,neutral,negative,neutral,negative,0.7,negative,0.94,5,negative,2,False,3,0.6,False,True,False,True,True,"CardiffNLP, BERTweet"
Ugz_jEdrZqFpETNfZM94AaABAg.9czyqc_7vVB9nNjcq5Ckvi,Нрнф греската се плаќа гтмруј,neutral,negative,neutral,negative,0.8,negative,1.0,5,negative,2,False,3,0.6,False,True,False,True,True,"CardiffNLP, BERTweet"
Ugz_jEdrZqFpETNfZM94AaABAg.9czyqc_7vVB9nNjepWtIwE,Поцнавте приватби имоти да крафете,neutral,negative,neutral,negative,0.8,negative,0.95,5,negative,2,False,3,0.6,False,True,False,True,True,"CardiffNLP, BERTweet"
Ugz_jEdrZqFpETNfZM94AaABAg.9czyqc_7vVB9nNjggW4NpA,Вие несте за дрзава бебилнисте,negative,negative,neutral,negative,0.8,negative,1.0,5,negative,2,False,4,0.8,True,True,False,True,True,BERTweet
Ugz_jEdrZqFpETNfZM94AaABAg.9czyqc_7vVB9rgCgP6g1RJ,<УСЕР> блгариа јунк. МАКЕДОНИЈА ДРЗ'АВА.,neutral,negative,neutral,negative,0.8,positive,0.95,5,,3,False,0,0.0,False,False,False,False,False,
Ugz_jEdrZqFpETNfZM94AaABAg.9czyqc_7vVB9rgfsKKpqW3,<УСЕР> Северна Македонија.,neutral,neutral,neutral,neutral,0.85,neutral,1.0,5,neutral,1,True,5,1.0,True,True,True,True,True,
UgyKez2JHUfuIDXjpIB4AaABAg,Поништување на преспански и бугарски и рамковен и знаме и двојазичност веднаш!!!!,neutral,negative,neutral,negative,0.8,negative,0.95,5,negative,2,False,3,0.6,False,True,False,True,True,"CardiffNLP, BERTweet"
UgyKez2JHUfuIDXjpIB4AaABAg.9cznVQ5u2Ro9dBo9507VLq,"Така е, поништувајте доде можете, след 15 - 20 години ке ги подпише пак само че премиер от на ""Голема"" Албанија........",negative,negative,neutral,negative,0.8,negative,0.95,5,negative,2,False,4,0.8,True,True,False,True,True,BERTweet
UgyKez2JHUfuIDXjpIB4AaABAg.9cznVQ5u2Ro9dYUj_mA1T6,"<УСЕР>-о4к Ајд да ти га ТУРИМ и тебе еден виц : Бугарска новинарка оди во едно македонско планинско село за да ја открие тајната на долговецноста.Наога еден постар Македонски господин и го прасува: -Господине да ве прасам несто?Која е тајната на долгиот зивот ? -СЕКСОТ - одговара господинот. -Бугарската новинарка со цудење прасува како ?Зивеете во планина,како се снаогате со зена за секс ? Македонскиот Господинот ја мерка под око Бугарската новинарка па и одговара : -Многу лесно.Селскиот кмет секоја ден ни праца по некоја Бугарска новинарка.",neutral,negative,neutral,negative,0.8,negative,0.94,5,negative,2,False,3,0.6,False,True,False,True,True,"CardiffNLP, BERTweet"
UgyKez2JHUfuIDXjpIB4AaABAg.9cznVQ5u2Ro9rgApI7m-V8,преспа договор е кривиц'но дело. сдс програма 2016 никаде нема менување ИМЕ НА РЕПУБЛИКА МАКЕДОНИЈА. (сдс ј хелл.),negative,negative,neutral,negative,0.8,negative,0.95,5,negative,2,False,4,0.8,True,True,False,True,True,BERTweet
UgwZ0kuXPjU8xCu2YhV4AaABAg,Балгарската историја е историјата на Монголија и Татарија. 🇧🇬🇲🇳🤟🏿,neutral,positive,neutral,negative,0.8,negative,0.95,5,,3,False,0,0.0,False,False,False,False,False,
UgwZ0kuXPjU8xCu2YhV4AaABAg.9czxoOUoBPp9d0UQvPkXQI,"Гоце Делцев е БУГАРИН и секогаш бил таков. Немозе тоа да го негирате. А кога сте ја украле бугарската историа тогаш и вие сте бугари. А што се однесува за татарите, има една горда татарска нациа во Крим и срамота е да ја врегате оваа нација. Со ваков расизам не сте за ЕУ. Зално е што сте многу прост и заостанат народ.",negative,negative,neutral,negative,0.8,negative,0.95,5,negative,2,False,4,0.8,True,True,False,True,True,BERTweet
UgwZ0kuXPjU8xCu2YhV4AaABAg.9czxoOUoBPp9d3pDIVIyMx,"Абе ај сто си гол и бос ти сбил ептен глу.Ти разбирас ли дека Бугарија е територија не е Татарија.Вие сте малцинство во Територијата нарецена Бугарија.Открадете од историјате на Србија , Голема Македонија,Грција,Турција,Романија , направете некаква таква татарска историја.Замолетеја Голема Македонија це ви остапе дел од нивната историја,це ви ги отвориме на насиот Македонски архив во Софија.Вие се усте се дрзите на Фасистицката идеологија кој ви ја даде васиот Хитлер.Сменете малку да не заврсите како васиот Хитлер.",negative,negative,neutral,negative,0.8,negative,0.99,5,negative,2,False,4,0.8,True,True,False,True,True,BERTweet
UgwZ0kuXPjU8xCu2YhV4AaABAg.9czxoOUoBPp9d6m8HfRdo3,Тогава значи на м.....а ти пичката е монголска,neutral,negative,neutral,negative,0.8,negative,1.0,5,negative,2,False,3,0.6,False,True,False,True,True,"CardiffNLP, BERTweet"
UgwZ0kuXPjU8xCu2YhV4AaABAg.9czxoOUoBPp9dYQ_JW6IH3,"Балгарите дори не сме чували за монголци и татарци. Това си е ваш израз и никој не го знае или полза. Примирете се,че сте балгари и стига вече.",negative,positive,neutral,negative,0.8,negative,0.95,5,negative,3,False,3,0.6,True,False,False,True,True,"NLPTown, BERTweet"
UgwZ0kuXPjU8xCu2YhV4AaABAg.9czxoOUoBPp9dYTq2BCyNn,"<УСЕР> Татарце си поцнал да уцис Македонски јазик.Тоа е добро, це бидис добар Македонец во насата ГОЛЕМА МАКЕДОНИЈА. Це мораме името да ти го смениме .1. Нема да бидес Аспарух, це те писиме Александар. ТАТАРЦЕ зосто кај нас Македонците има христијански имиња, од век-векум. Кога кај нас имало Александари кај вас имало ...Аспарух а ако се навратиме усте поназад вие не сте ни постоеле. Кога кај нас имало Филипи, кај вас имало Токту Кога кај нас имало Кирили и Методи, кај вас имало Омуртаг „ Знаци нема Аспарух.Ако нецис Александар мозес да си одберес друго христијанско име. 2.Денесниот Бугарски јазик нема врска со пра-Бугарскиот тоа знаци дека тоа не е јазик на Бугарите всусност тие го земале јазикот од Македонските словени. 3.Да уцис сто подобро да писувас и зборувас МАКЕДОНСКИ, а не некаков бугарски дијалект ( бугарски јазик не постои, тоа е позајмена словеномакедонска форма за да мозете да се разберете таму)... 4.Е сега со бојата це имаме проблем ? Бугари се бела или жолта раса? Колку што знам прабугарите се жолта раса, а денешниве не ми тепат на жолто баш, изглеа червените си го направиле своето. ( Македонците се бела раса, раса на чист народ, затоа сакаат да се идентифицираат со македонците, иако на доста погрешен начин, обидувајќи се да бугаризираат се македонско, и скоро секогаш без успех).Но не е проблем це те ПРЕФАРБАМЕ.Це бидис бел како МАКЕДОНЕЦ. 5.Ние Македонците не смееме да бидеме како бугарите-да немаме своја историја,писмо,култура,јазик,обицаи,носија,-се да крадеме од комсиите (од Македонците)па усте и да негираме дека постојат- е тоа е апсурд. 6.САКАМ да си бидеме она сто сме-ПОТОМЦИ НА СТАР БИБЛИСКИ НАРОД,СО СВЕТЛА И ХРАБРА ИСТОРИЈА,ГОРДИ НА СВОЕТО СЛАВНО ИМЕ,ГОРДИ НА СВОИТЕ ПРЕДЦИ,И ГОРДИ НА СВОИТЕ ПОТОМЦИ КОИ КЕ ЈА ВРАТАТ ГОЛЕМИНАТА И ДОСТОЈНОСТА НА СВОЈАТА ТАТКОВИНА И ПРАДЕДОВИНА ГОЛЕМА МАКЕДОНИЈА. Ако од овоа нисто не науци и не извлеце поука,тогас ти е јасно зосто Бугарите се како делфини ? Се тврди дека се интелигенти, а уште никој нема докажано??? Сега мозам да ти го ТУРАМ еден виц: Доваѓав бугари у Крива Паланка и гледав Паланчанец с'с држаље тепа магаре. -За какво тепаш магарето? -прашуев бугари. -Сакам коњ да стане. -Каде се видело магаре коњ да стане. -С'с ќутек и на силу све бива. А Кд бидне овој магаре коњ, тк Кирил и Методиј и Гоце ќе бидев бугари.",neutral,negative,neutral,negative,0.6,negative,0.83,5,negative,2,False,3,0.6,False,True,False,True,True,"CardiffNLP, BERTweet"
UgwZ0kuXPjU8xCu2YhV4AaABAg.9czxoOUoBPp9dYUFAozk2l,"<УСЕР> Гледам ти се свиди татарце како ти го ТУРИВ вицот ? Ајд сега це ти го ТУРАМ ЕДЕН НОВ ВИЦ( малку е ПОДОЛГ), Бугарска новинарка оди во едно македонско планинско село за да ја открие тајната на долговецноста.Наога еден постар Македонски господин и го прасува: -Господине да ве прасам несто?Која е тајната на долгиот зивот ? -СЕКСОТ - одговара господинот. -Бугарската новинарка со цудење прасува како ?Зивеете во планина,како се снаогате со зена за секс ? Македонскиот Господинот ја мерка под око Бугарската новинарка па и одговара : -Многу лесно.Селскиот кмет секоја ден ни праца по некоја Бугарска новинарка. Ако ти се допадна како ти го ТУРИВ вицот,це ти ТУРАМ и друг виц.",neutral,negative,neutral,negative,0.8,negative,0.95,5,negative,2,False,3,0.6,False,True,False,True,True,"CardiffNLP, BERTweet"
UgwZ0kuXPjU8xCu2YhV4AaABAg.9czxoOUoBPp9d_axNQthtm,"Сатинислава, ама име са ти турили! Слава на САТАНАТА - т.е. на ДЈАВОЛА! Да плаче ли, да се смее ли човек на МАТИЛКАТА у „македонските мозаци""!? Бадете каквито си искате! Но такива каквито сте сега, „МОРА"" да знаете има много да патите, заштото сте РОДООТСТАПНИЦИ и Бог вижда и чува всичко. На територијата на балгарската даржава е имало и ште има шопи, тракијци, родопчани, граовци.... и што се отнасја до диалект на балгарскија език, ТРАНЧАНИ, чијто говор е далеч от литературнија б. ез. за разлика от македонскија!!!",negative,positive,neutral,negative,0.8,negative,0.95,5,negative,3,False,3,0.6,True,False,False,True,True,"NLPTown, BERTweet"
UgwZ0kuXPjU8xCu2YhV4AaABAg.9czxoOUoBPp9fb9WvEUL7c,"Татарите са владели 250 години Русија и както казват руските историци са ги направили даржава. Ако Балгарија на наследниците на Асеневци не ги беше спрјала в средата на 13 век, можеше да дојдат и при вас и да ви направјат ""македонско царство"" да не крадете чуждите. Така че ходете си при хунзо-гјуптите в Пакистан и оставете Повардарието на албанците.",negative,negative,neutral,negative,0.8,negative,0.94,5,negative,2,False,4,0.8,True,True,False,True,True,BERTweet
UgwZ0kuXPjU8xCu2YhV4AaABAg.9czxoOUoBPp9nNlX0jMd0w,Ене Сега е и на гомнодонија,neutral,neutral,neutral,negative,0.8,negative,0.95,5,neutral,2,False,3,0.6,True,True,True,False,False,"Gemma, Llama"
Ugydit5UYfNMQ0TEcmF4AaABAg,Не е тоцно .Истоцниот дел од Бугарија е населен со Татари.Западниот се до Софија и околината е населен со Македонци.Истоцниот е Татарска Бугарија.,neutral,negative,neutral,negative,0.85,neutral,0.85,5,neutral,2,False,3,0.6,True,False,True,False,True,"NLPTown, Gemma"
Ugydit5UYfNMQ0TEcmF4AaABAg.9d-J2xlQMkJ9d-QNfWlwpn,Северна Дел на северджанија е населен со северджани. Другите делови са населени со бановици.,neutral,neutral,neutral,neutral,0.7,neutral,1.0,5,neutral,1,True,5,1.0,True,True,True,True,True,
Ugydit5UYfNMQ0TEcmF4AaABAg.9d-J2xlQMkJ9d-ZcAFfut-,@ГоцеДелчевеБалгарин Имат доста и 'фиром-ци'😂,neutral,neutral,neutral,negative,0.8,negative,0.95,5,neutral,2,False,3,0.6,True,True,True,False,False,"Gemma, Llama"
Ugydit5UYfNMQ0TEcmF4AaABAg.9d-J2xlQMkJ9d3p_a9WYMv,"<УСЕР> Ама тресес глупости.Цитај малку :Бугарскиот полициски началник од Скопје - Асен Богданов, при неговото судење. Тој како и неговите потчинети, биле изненадени од реалноста која ја увиделе, а таа е дека Македонскиот народ не се чувствува за Бугарски, нити мечтае за некаков сојуз со Бугарија, како што им било всадувано во глава и ним и на целокупното Бугарско општество. Богданов, потврдува дека бугарски слуги и послушници биле мал број на граѓани кои имале некаква корист да соработуваат со нив. Затоа и доаѓа до терор, масовни убиства, угнетување и репресалии на македонскиот народ, кој решително застанал во одбрана против фашистичкиот окупатор[14]. Односно, оние кои биле психолошки спремани дека ќе бидат ослободители, всушност сфатиле дека се окупатори дојдени на туѓа земја. Бројот на жртвите - Македонски граѓани, настрадани во Втората светска војна изнесува 24000. Во Вардарскиот дел на Македонија, само во првата година од фашистичката окупација биле уапсени 1 937 лица, со 38 смртни пресуди. На бугарското окупационо подрачје, од 3.422 учители и наставници во училиштата со наметнатиот бугарски наставен јазик, имаше само 306 учители и наставници Македонци. Ова не е окупација и асимилација.По капитулацијата на Бугарија во септември 1944 година, станал директор на полицијата во Софија. Бугарија пробала да го осптруира неговото предавање на македонските власти, но сепак во мај 1948 година бил притворен и предаден на македонските власти и во јавниот судски процес во Скопје, ноември 1948 година бил осуден на смрт[2] и бил стрелан заедно со Димитар Раев и Борис Жуглов.[3] .",negative,negative,neutral,negative,0.8,negative,0.83,5,negative,2,False,4,0.8,True,True,False,True,True,BERTweet
UgwZEyXPStYTOb9Fo4R4AaABAg,"После ова само едно знам, после ова бугарија ке ја гледаме како најголемиот непријател сто Македонија го имала некогас.",negative,negative,neutral,negative,0.8,negative,0.94,5,negative,2,False,4,0.8,True,True,False,True,True,BERTweet
UgwZEyXPStYTOb9Fo4R4AaABAg.9d-3RJRezPc9d-9pCGk_yI,Ваше право е да ја гледате Балгарија както сакате,neutral,positive,neutral,neutral,0.7,positive,0.95,5,neutral,2,False,3,0.6,True,False,True,True,False,"NLPTown, Llama"
UgwZEyXPStYTOb9Fo4R4AaABAg.9d-3RJRezPc9d-N-Z-Ax2C,<УСЕР> Бугарите навикнале секој да ги мрзи на Балкан затова секоја војна ја изгубиле.,negative,negative,neutral,negative,0.8,negative,0.95,5,negative,2,False,4,0.8,True,True,False,True,True,BERTweet
UgwZEyXPStYTOb9Fo4R4AaABAg.9d-3RJRezPc9d-TE7bZX8O,Както е и сега.,neutral,positive,neutral,neutral,0.74,neutral,0.85,5,neutral,2,False,4,0.8,True,False,True,True,True,NLPTown
UgwZEyXPStYTOb9Fo4R4AaABAg.9d-3RJRezPc9d-mwYSm3b5,"<УСЕР> Ебала те ЕУ. Се до Софија со околината е Македонија.Народот кои зивее на привремено окупираните територии од страна на Бугарските Татари се биле и це бидат МАКЕДОНЦИ. Татарите зивеат на истоцниот дел од т.н.Бугарија.Во фаците се со големи носеви и црномани.Вероватно и султанот ги замесал прстите. Народот во Софија е убав прави Македонци.Кој ве лазе .Васата Историја е лазна .Цитајте .Тоцно е дека во 1944 го ослободивме Северниот дел од Македонија од Татарските Бугарски Фасисти који имаа изврсено многу злоцини,но голем број од тие фасисти ги истепавме во Македонија.Останатите побегнаа во Татарска Бугарија.Ни остана Пиринска Македонија заедно со Софија и околината да ја ослободиме.Брзо це биде ако даде господ и Путин брзо це си ја повратиме територијата.Вие Татарските Бугари ? немате писмо.Васата азбука е препис од македонската,српската и несто сте открадиле од Руската.",neutral,negative,neutral,negative,0.8,negative,0.95,5,negative,2,False,3,0.6,False,True,False,True,True,"CardiffNLP, BERTweet"
UgwZEyXPStYTOb9Fo4R4AaABAg.9d-3RJRezPc9d1TJTrNT6g,"Нема да ја гледаме веце како Фасистицка Бугарија .Нема да постојат за нас.Двете страни да подготват и презентираат примероци од лекции врз основа на препораките на Комисијата, за кои Комисијата постигна согласност приложени кон Протоколот на следниот состанок на Мешовитата меѓувладина комисија според член 12 од Договорот за пријателство, добрососедство и соработка и да ги вклучи во иднина.на соодветните наставни програми, учебници и други релевантни наставни материјали, натписи на табли, историски монументи, споменици и информативни материјали во музеи и други локации од образовно и културно значење, како и во електронски информативни досиеја на јавен имот. Тоа знаци дека ние требе да прифатиме промена на Историјата да го избрисиме следното: Депортацијата на Евреите од Македонија претставува настан од Втората светска војна организиран од владите на фашистичка Бугарија и нацистичка Германија, со цел систематска елиминација на еврејското население од т.н. „новоослободени територии“ од страна на бугарската власт. Во јули 1940 година Бугарија започнува со донесување на антисемитски закони.[5] Во јануари 1941 година го донесува „Закон за заштита на нацијата“.[5] Во 1 март 1941 година Бугарија станува сојузник на Силите на оската.[5][10] Депортацијата на Евреите од Македонија претставува дел од депортација на Евреите од сите „новоослободени територии“ (Вардарска Македонија, Егејска Македонија).Ликвидирањето на Евреите од Македонија било резултат на договор меѓу нацистичка Германија и Царството Бугарија. Од името на двете држави на 2 февруари 1943 година договорот го потпишале Адолф Бекерле, (германски полномошен министер во Бугарија) и Петар Габровски, бугарски министер за внатрешни работи.[6][13] .За бројот на депортираните Евреи постојат различни податоци во бугарските официјални списоци. Постојат две групи оригинални списоци за македонските Евреи направени во самиот логор непосредно пред депортацијата; бугарски, според кој во логорот во Скопје се наоѓале 1702 семејства со 7056 членови, и германски, според кои во логорот се наоѓале 1828 семејства со 7162 членови – со основни податоци. Во тајното писмо од 18 март 1943 година од А. Вите, германски конзул во Скопје, испратено до Министерството за надворешни работи во Берлин, се наведува дека се депортирани 7240 Евреи.[2] .Сите Евреи од Македонија биле депортирани во логорот Треблинка во Полска, каде што биле задушени во гасни комори. Од Треблинка не се вратил никој. Сто це биде со злоцините изврсени од страна на Фасистицка Бугарија на територијата на Вардарска и Пиринска (Се усте е под окупација на Фасистицка Бугарија каде се врси присилна асимилација на Македонците ,за кој постојат пресуди од Хаг који Фасистицка Бугарија не ги спроведува )Македомија. Масакр во Ваташа — крвав настан кој се случил на 16 јуни 1943 година[1] кога биле стрелани 12 младинци од селото Ваташа во близина на Моклиште кај месноста „Чаир“, на 2 км оддалеченост од Ваташа. Колежот го извршила бугарската војска и полициски одреди на чело со капетан Борис Жеглов, поручник Борис Костов и подофицер Петко Опреков под команда на полковник Љубен Апостолов, командант на 56. Велешки пешадиски полк од Петтата бугарска армија. Сестрата на Блаже Ицев, Нада Ицева (Јанева), го памти денот кога го уапсиле нејзиниот брат. Не насетувале, каков крвнички чин ќе се случи истиот ден. Блаже (17 г.) и сестра му Ката (15 г.), работеле домашни работи, кога биле одведени во селската меана на Васил Хаџи Јорданов. Таму ги затекнале и останатите младинци, каде почнало крвничкото тепање од страна на полицискиот заменик-началник Петко Опреков, поручникот Борис Костов и двајца бугарски агенти.[4] Еден од стреланите пред да умре, успеал да изусти „Стрелајте кучиња, но нашата идеја нема да умре!“. Четирите девојки што исто така биле уапсени — Мара Хаџи Јорданова, Стева Ампова, Павлина Касапинова и Ката Ицева — ги тргнале настрана.[6] Полицискиот началник Петко Опреков се спротивставил на поручникот Костов кога сакал да ги убие и девојките, а капетан Борис Жеглов го поддржувал Опреков па така тие биле спасени.[7] Дванаесетте убиени младинци од селото се:[9] Име и презиме Возраст Перо Видев 15 Ванчо Гурев 19 Данко Давков 18 Илија Димов 18 Ристо Ѓондев 18 Блаже Ицев 20 Пане Мешков 18 Герасим Матаков 18 Ферчо Попѓорѓиев 26 Васо Хаџијорданов 28 Диме Чекоров 20 Пане Џунов 18 Зар некој има право да ги заборави.Кој е тој кој це ја промени таблата на која јасно стои стрелани од Фасистицкиот Бугарски окупатор. Замислите сега како би изгледало тоа.Требе да ги избрисиме зборовите Фасистицка Бугарија,Фасистицкото царство Бугарија,бугарска депортација на Евреите ... Тоа би изгледало овака:Фасистицка Марс,Фасистицко царство Марс,наместо Бугарска депортација на Евреите ние це записиме:Организиран туристицки излет во логорот Треблинка во Полска од страна на Фасистицка Марс... Но сто це одговори Р.Македонија на Израел.Како це ги избрисе овие податоци од Архивите на Германија,Југославија,Бугарија ,Рускиот архив,Архивот на Израел.... Дали це има крај на барањата на Татарска Фасистицка Бугарија сега.Сега со благослов на Европска унија. Но едно требе да сватат . Це ја искористам реценицата на еден од стреланите >Блокирајте кучиња до кога сакате, но нашата Македонија постоела и це ја надзивее Фасистицка Бугарија. Секоја издајницка влада на Македонија која це прифати само дел од Татарските барања це и припадне местото која го заслузила тоа е местото на бунистето.Поради тоа нема потреба од никакви понатамосни преговори со Фасистицка Бугарија.",neutral,negative,neutral,neutral,0.68,negative,0.94,5,neutral,2,False,3,0.6,True,False,True,True,False,"NLPTown, Llama"
UgwZEyXPStYTOb9Fo4R4AaABAg.9d-3RJRezPc9dM-ZaZYrl8,"Ке ја гладаме со омраза, али како албанци северџанци",negative,negative,neutral,negative,0.8,negative,0.95,5,negative,2,False,4,0.8,True,True,False,True,True,BERTweet
UgwZEyXPStYTOb9Fo4R4AaABAg.9d-3RJRezPc9rgBgXBl8Ez,<УСЕР> гледај и з'аби и црви. ј татар бара.,neutral,negative,neutral,negative,0.8,negative,0.95,5,negative,2,False,3,0.6,False,True,False,True,True,"CardiffNLP, BERTweet"
UgyVbP8raaUnbO1t-1t4AaABAg,СРАМОТА Е ЛУЃЕ!!!,positive,negative,neutral,negative,0.8,negative,1.0,5,negative,3,False,3,0.6,False,True,False,True,True,"CardiffNLP, BERTweet"
Ugz_xn3rlvTuaFmX4hF4AaABAg,Губи се а не добива ништо.Добива само ветувања кои никогаш ЕУ нема да ги исполни према МКД,negative,negative,neutral,negative,0.7,negative,0.95,5,negative,2,False,4,0.8,True,True,False,True,True,BERTweet
UgzoDxtvlb9CbSyxiPF4AaABAg,Гледајтего филмот за александар и сите да вије јасно дека македонија е нај големата дрзава во светот постоела и ке постои .,neutral,positive,neutral,negative,0.8,positive,0.95,5,,3,False,0,0.0,False,False,False,False,False,
UgzJQuS6jD8etUOJ12B4AaABAg,А какво стана с САШТ нали ви бјаха пријатели 🤣 штјаха да ни притискат 🤣🇧🇬🇧🇬🇧🇬,negative,neutral,neutral,negative,0.8,negative,0.95,5,negative,2,False,3,0.6,True,False,False,True,True,"NLPTown, BERTweet"
UgzJQuS6jD8etUOJ12B4AaABAg.9czxPIqj6tT9d1IOrgB1w8,<УСЕР> усернаме ШТом мислите така приемете френското предложение 🤣,neutral,negative,neutral,negative,0.7,positive,0.95,5,,3,False,0,0.0,False,False,False,False,False,
UgzJQuS6jD8etUOJ12B4AaABAg.9czxPIqj6tT9d1T6C4p24L,"Двете страни да подготват и презентираат примероци од лекции врз основа на препораките на Комисијата, за кои Комисијата постигна согласност приложени кон Протоколот на следниот состанок на Мешовитата меѓувладина комисија според член 12 од Договорот за пријателство, добрососедство и соработка и да ги вклучи во иднина.на соодветните наставни програми, учебници и други релевантни наставни материјали, натписи на табли, историски монументи, споменици и информативни материјали во музеи и други локации од образовно и културно значење, како и во електронски информативни досиеја на јавен имот. Тоа знаци дека ние требе да прифатиме промена на Историјата да го избрисиме следното: Депортацијата на Евреите од Македонија претставува настан од Втората светска војна организиран од владите на фашистичка Бугарија и нацистичка Германија, со цел систематска елиминација на еврејското население од т.н. „новоослободени територии“ од страна на бугарската власт. Во јули 1940 година Бугарија започнува со донесување на антисемитски закони.[5] Во јануари 1941 година го донесува „Закон за заштита на нацијата“.[5] Во 1 март 1941 година Бугарија станува сојузник на Силите на оската.[5][10] Депортацијата на Евреите од Македонија претставува дел од депортација на Евреите од сите „новоослободени територии“ (Вардарска Македонија, Егејска Македонија).Ликвидирањето на Евреите од Македонија било резултат на договор меѓу нацистичка Германија и Царството Бугарија. Од името на двете држави на 2 февруари 1943 година договорот го потпишале Адолф Бекерле, (германски полномошен министер во Бугарија) и Петар Габровски, бугарски министер за внатрешни работи.[6][13] .За бројот на депортираните Евреи постојат различни податоци во бугарските официјални списоци. Постојат две групи оригинални списоци за македонските Евреи направени во самиот логор непосредно пред депортацијата; бугарски, според кој во логорот во Скопје се наоѓале 1702 семејства со 7056 членови, и германски, според кои во логорот се наоѓале 1828 семејства со 7162 членови – со основни податоци. Во тајното писмо од 18 март 1943 година од А. Вите, германски конзул во Скопје, испратено до Министерството за надворешни работи во Берлин, се наведува дека се депортирани 7240 Евреи.[2] .Сите Евреи од Македонија биле депортирани во логорот Треблинка во Полска, каде што биле задушени во гасни комори. Од Треблинка не се вратил никој. Сто це биде со злоцините изврсени од страна на Фасистицка Бугарија на територијата на Вардарска и Пиринска (Се усте е под окупација на Фасистицка Бугарија каде се врси присилна асимилација на Македонците ,за кој постојат пресуди од Хаг који Фасистицка Бугарија не ги спроведува )Македомија. Масакр во Ваташа — крвав настан кој се случил на 16 јуни 1943 година[1] кога биле стрелани 12 младинци од селото Ваташа во близина на Моклиште кај месноста „Чаир“, на 2 км оддалеченост од Ваташа. Колежот го извршила бугарската војска и полициски одреди на чело со капетан Борис Жеглов, поручник Борис Костов и подофицер Петко Опреков под команда на полковник Љубен Апостолов, командант на 56. Велешки пешадиски полк од Петтата бугарска армија. Сестрата на Блаже Ицев, Нада Ицева (Јанева), го памти денот кога го уапсиле нејзиниот брат. Не насетувале, каков крвнички чин ќе се случи истиот ден. Блаже (17 г.) и сестра му Ката (15 г.), работеле домашни работи, кога биле одведени во селската меана на Васил Хаџи Јорданов. Таму ги затекнале и останатите младинци, каде почнало крвничкото тепање од страна на полицискиот заменик-началник Петко Опреков, поручникот Борис Костов и двајца бугарски агенти.[4] Еден од стреланите пред да умре, успеал да изусти „Стрелајте кучиња, но нашата идеја нема да умре!“. Четирите девојки што исто така биле уапсени — Мара Хаџи Јорданова, Стева Ампова, Павлина Касапинова и Ката Ицева — ги тргнале настрана.[6] Полицискиот началник Петко Опреков се спротивставил на поручникот Костов кога сакал да ги убие и девојките, а капетан Борис Жеглов го поддржувал Опреков па така тие биле спасени.[7] Дванаесетте убиени младинци од селото се:[9] Име и презиме Возраст Перо Видев 15 Ванчо Гурев 19 Данко Давков 18 Илија Димов 18 Ристо Ѓондев 18 Блаже Ицев 20 Пане Мешков 18 Герасим Матаков 18 Ферчо Попѓорѓиев 26 Васо Хаџијорданов 28 Диме Чекоров 20 Пане Џунов 18 Зар некој има право да ги заборави.Кој е тој кој це ја промени таблата на која јасно стои стрелани од Фасистицкиот Бугарски окупатор. Замислите сега како би изгледало тоа.Требе да ги избрисиме зборовите Фасистицка Бугарија,Фасистицкото царство Бугарија,бугарска депортација на Евреите ... Тоа би изгледало овака:Фасистицка Марс,Фасистицко царство Марс,наместо Бугарска депортација на Евреите ние це записиме:Организиран туристицки излет во логорот Треблинка во Полска од страна на Фасистицка Марс... Но сто це одговори Р.Македонија на Израел.Како це ги избрисе овие податоци од Архивите на Германија,Југославија,Бугарија ,Рускиот архив,Архивот на Израел.... Дали це има крај на барањата на Татарска Фасистицка Бугарија сега.Сега со благослов на Европска унија. Но едно требе да сватат . Це ја искористам реценицата на еден од стреланите >Блокирајте кучиња до кога сакате, но нашата Македонија постоела и це ја надзивее Фасистицка Бугарија. Секоја издајницка влада на Македонија која це прифати само дел од Татарските барања це и припадне местото која го заслузила тоа е местото на бунистето.Поради тоа нема потреба од никакви понатамосни преговори со Фасистицка Бугарија.",neutral,positive,neutral,negative,0.8,negative,0.83,5,,3,False,0,0.0,False,False,False,False,False,
UgzJQuS6jD8etUOJ12B4AaABAg.9czxPIqj6tT9d1n6A77oZj,<УСЕР> усернаме Они мислат дека со уцени це сменат несто.Но гресат.Пред вистината и боговите молцат и се поклонуваат.Мислат дека сега нацекале момент да ги постигнат своите цели.Да не принудат да ја прифатиме нивната лазна историја.Но гресат .Многу.Це го сватат тоа со времето но сето тоа це се одрази на билетералните односи помегу двете земји како и на добрососедските.Наместо да ги подобрат однсите со нас тие тргнаа по патот на уцени а тоа е патот на нивниот пораз.,negative,negative,neutral,negative,0.8,negative,0.83,5,negative,2,False,4,0.8,True,True,False,True,True,BERTweet
UgzJQuS6jD8etUOJ12B4AaABAg.9czxPIqj6tT9d6qCusqXti,ТОА Е ПРАВАТА МАКЕДОНИЈА.=ВАРДАРСКА+ЕГЕЈСКА+ПИРИНСКА .Бугарските татари надвор од Македонските простори.ДА ЗИВЕЕ МАКЕДОНИЈА.,neutral,positive,neutral,positive,0.85,positive,0.95,5,positive,2,False,3,0.6,False,True,False,True,True,"CardiffNLP, BERTweet"
UgzJQuS6jD8etUOJ12B4AaABAg.9czxPIqj6tT9t6n0HuIpKg,<УСЕР> ОВА Е МАКЕДОНСКИ МЕДИУМ. зуј ј фоол блгариа.,neutral,negative,neutral,negative,0.8,negative,0.95,5,negative,2,False,3,0.6,False,True,False,True,True,"CardiffNLP, BERTweet"
UgxEKxCJNt2_CideAJZ4AaABAg,Ни треба република македонија циста александрова.,negative,negative,neutral,negative,0.8,negative,1.0,5,negative,2,False,4,0.8,True,True,False,True,True,BERTweet
UgxEKxCJNt2_CideAJZ4AaABAg.9d00Fo4dbm39dBmoEB4xXt,"Чија ""Александрова"", на Александар/Скендербег ли или на Александар Вучич.....?",neutral,negative,neutral,negative,0.7,neutral,0.85,5,neutral,2,False,3,0.6,True,False,True,False,True,"NLPTown, Gemma"
UgxCaXgelCr203xZfod4AaABAg,Димитров цјал живот на даржавна хранилка. Един работен ден нјама в частнија сектор. Ништо чудно че драпа сас заби и нокти отново да се добере до даржавна служба.,negative,positive,neutral,negative,0.8,negative,0.95,5,negative,3,False,3,0.6,True,False,False,True,True,"NLPTown, BERTweet"
UgxCaXgelCr203xZfod4AaABAg.9czxRYjhopR9d-XKm-qke7,"Усешта се, че паричнија поток му е секнал, драпа за нова златна жилка.",negative,negative,neutral,negative,0.8,positive,0.95,5,negative,3,False,3,0.6,True,True,False,True,False,"BERTweet, Llama"
UgxCaXgelCr203xZfod4AaABAg.9czxRYjhopR9d-tt9_Wpmz,Што ти е гајле тебе за него бе нацист.Гледај си ги Олаф Шулц и Асен Василев .,negative,negative,neutral,negative,0.8,negative,0.95,5,negative,2,False,4,0.8,True,True,False,True,True,BERTweet
UgzaeJnz9UXfInp7O3x4AaABAg,"има една грчка пословица која вели ""катхе ембодио сто кало"" - Секоја пречка за добро.",neutral,negative,neutral,negative,0.7,positive,0.95,5,,3,False,0,0.0,False,False,False,False,False,
UgzaeJnz9UXfInp7O3x4AaABAg.9dEWzycCRF79dEo5fYV61c,"Оцигледно гресат за еволуцијата,ако е факт зосто тогас Бугарите се усте немаат мозок.",negative,negative,neutral,negative,0.8,negative,0.95,5,negative,2,False,4,0.8,True,True,False,True,True,BERTweet
UgxqrZZ9H3qHPou1eRF4AaABAg,Пак го канат предавникот во телевизија,negative,negative,neutral,negative,0.8,negative,0.95,5,negative,2,False,4,0.8,True,True,False,True,True,BERTweet
UgxYaEacFUneaoWyeUB4AaABAg,овој предавникот уште ли шета слободен да ги врати парите што ги зеде за ќеркаму и право во шутка да не го гледаме по тв,negative,positive,neutral,negative,0.8,negative,0.94,5,negative,3,False,3,0.6,True,False,False,True,True,"NLPTown, BERTweet"
Ugw-MO-8Z1ppXY2mtJ94AaABAg,Ако има некој мака нека писе даму разјаснам,neutral,negative,neutral,neutral,0.7,negative,0.95,5,neutral,2,False,3,0.6,True,False,True,True,False,"NLPTown, Llama"
UgxYaOQcC6YTtzPI8ix4AaABAg,Бугарскиот председател го навредувал Тито - таткото на македонскиот народ!,negative,positive,neutral,negative,0.8,negative,0.95,5,negative,3,False,3,0.6,True,False,False,True,True,"NLPTown, BERTweet"
UgxYaOQcC6YTtzPI8ix4AaABAg.9d-0eNlbKsM9rgJ96JeG-N,блгар татко - вол.,negative,positive,neutral,negative,0.8,positive,0.95,5,,3,False,0,0.0,False,False,False,False,False,
UgyFsyij1FKT2ohpb_l4AaABAg,Нени треба ни еу.,negative,negative,neutral,negative,0.8,negative,0.95,5,negative,2,False,4,0.8,True,True,False,True,True,BERTweet
UgyFsyij1FKT2ohpb_l4AaABAg.9d009g0YsEU9dBn8A421FQ,И вие не му требвате на ЕУ........,negative,negative,neutral,negative,0.7,negative,0.95,5,negative,2,False,4,0.8,True,True,False,True,True,BERTweet
UgyFsyij1FKT2ohpb_l4AaABAg.9d009g0YsEU9rgDAmaXAG2,<УСЕР>-о4к... 2018 ГРАЃАНИ од МАКЕДОНИЈА рекоа не ЕУ. и еу и будали ј татар кењеф.,neutral,negative,neutral,negative,0.8,negative,0.94,5,negative,2,False,3,0.6,False,True,False,True,True,"CardiffNLP, BERTweet"
UgwnNwl5Gf-ebbDDdWl4AaABAg,Мацедонианс аре нот Татаробулгарс то бе Булгарианс,neutral,negative,neutral,negative,0.8,negative,0.95,5,negative,2,False,3,0.6,False,True,False,True,True,"CardiffNLP, BERTweet"
UgwnNwl5Gf-ebbDDdWl4AaABAg.9czrZzdls3F9czsxaHKVnc,"<УСЕР> Петров Татар, тхе басис оф тхе артифициал булгариан натион ис тхе Мацедониан пеопле.",neutral,negative,neutral,negative,0.8,negative,0.94,5,negative,2,False,3,0.6,False,True,False,True,True,"CardiffNLP, BERTweet"
UgwnNwl5Gf-ebbDDdWl4AaABAg.9czrZzdls3F9czwFk4vgoO,Медиокритети!!!ЕУ се распага!!?,negative,negative,neutral,negative,0.8,negative,1.0,5,negative,2,False,4,0.8,True,True,False,True,True,BERTweet
UgwnNwl5Gf-ebbDDdWl4AaABAg.9czrZzdls3F9d-4RA6BSPc,<УСЕР> нема македонци туко северномакедонци -севержани,neutral,negative,neutral,negative,0.8,negative,0.95,5,negative,2,False,3,0.6,False,True,False,True,True,"CardiffNLP, BERTweet"
UgwnNwl5Gf-ebbDDdWl4AaABAg.9czrZzdls3F9d0V7TGA-Ni,"Македонија е само територија и затоа сега се нарекува Северна Македонија. А македонци како нациа не постојат, затоа и Грциа го смени името.",neutral,negative,neutral,negative,0.8,negative,0.95,5,negative,2,False,3,0.6,False,True,False,True,True,"CardiffNLP, BERTweet"
UgwnNwl5Gf-ebbDDdWl4AaABAg.9czrZzdls3F9d6miGuxZrQ,Но...но... јоу аре сербоалбенианс .,neutral,neutral,neutral,negative,0.5,negative,0.95,5,neutral,2,False,3,0.6,True,True,True,False,False,"Gemma, Llama"
UgwnNwl5Gf-ebbDDdWl4AaABAg.9czrZzdls3F9dErdQRAD6L,<УСЕР> Ти да бесе интелигентен намасе да бидес Татар Ама оваков каков си добро е сто си Татар це разбересе и це извлецесе некоја поука.Бугар по дефиниција е човек без лева и десна хемисвера на мозок т.е се одликува со хронично отсуство на мисла.Шуплината во черепот му е исполнета со сива маса во облик на Санстефанска Бугарија.Ова е анатомска аномалија и представува медицински феномен. ЗАТОА ЏАБЕ СЕ ТРУДИТЕ ДА ИМ ОБЈАСНИТЕ ДЕКА ПОСТОЈАТ МАКЕДОНЦИ ТИЕ НЕ СЕ ФИЗИЧКИ СПОСОБНИ ДА ГО СВАТАТ ТОА наместо да се објаснувате со нив ИГНОРИРАЈТЕ или (СПАМИРАЈТЕ) ГИ ТИЕ ТАТАРИ. Кремцето !!!!!!!!!,neutral,negative,neutral,negative,0.8,negative,0.94,5,negative,2,False,3,0.6,False,True,False,True,True,"CardiffNLP, BERTweet"
UgwnNwl5Gf-ebbDDdWl4AaABAg.9czrZzdls3F9dErsZ-hG4q,"<УСЕР>-бп7дт Ја мајката од каде си ти овакво паметно ????? Процитај си малку за тебе. За значењето на поимот Б`ЛГАРИН, бугарскиот учен Бранимир Примов пишува: ""Тука во помал степен се повторува она што се случило многу порано во Франција и Италија, а ги оставило називите – “БУГАРИ”, “БУГРИ”, “БУЦЕРОНЕ” и др. Еден од зачуваните зборови е и на пример –“БУГЕР”. Тоа е стар и денеска ретко употребуван збор. Главното значење му е – “СЕЛАНЕЦ”, “ПРОСТАК”, “ГРУБИЈАН”, “ЧОВЕК ЗА ПРЕЗЕР” и сл. Се смета дека тој збор е дојден со посредство на српскохрватскиот јазик.Тој потполно одговара на Францускиот збор- “БОУГРЕ”. ( Б.Примов во делото за – “Бугрите”,софија ,1970,305,306..)",negative,negative,neutral,negative,0.75,neutral,0.68,5,negative,2,False,3,0.6,True,True,False,True,False,"BERTweet, Llama"
UgwnNwl5Gf-ebbDDdWl4AaABAg.9czrZzdls3F9rgC2MrVbAO,<УСЕР>-бп7дц'врк@. МАКЕДОНСКИ НАРОД ПОСТОИ 25 ВЕКА. од ФИЛИП КРАЛ НА МАКЕДОНИЈА ИВ век пред оваа ера до денес КСКСИ век.,neutral,positive,neutral,positive,0.95,neutral,1.0,5,neutral,2,False,3,0.6,True,False,True,False,True,"NLPTown, Gemma"
UgxMBfqsQPHbcHDcoAt4AaABAg,Каде ќе Ви оди Душата,neutral,neutral,neutral,neutral,0.65,negative,0.94,5,neutral,2,False,4,0.8,True,True,True,True,False,Llama
UgxMBfqsQPHbcHDcoAt4AaABAg.9d-A3aQr1FR9d-inCrhG5B,Во паклото.,negative,negative,neutral,negative,0.8,neutral,0.85,5,negative,2,False,3,0.6,True,True,False,True,False,"BERTweet, Llama"
UgxMBfqsQPHbcHDcoAt4AaABAg.9d-A3aQr1FR9t6n21NsGwK,"БИЉАНА ПОЗДРАВ и СЕ"" НАЈУБАВО !! Татјана",positive,positive,neutral,positive,0.85,positive,0.95,5,positive,2,False,4,0.8,True,True,False,True,True,BERTweet
UgyFinMrUhpLft54BG54AaABAg,Овије насите сто се писа бугари за бугарски пасапорти да одат во бугарија да зивејат тије сто се цисти македонци си остануват во македонија александрова и не цепкајте нисто македонско дали вије јасно бугари.,negative,negative,neutral,negative,0.8,negative,0.94,5,negative,2,False,4,0.8,True,True,False,True,True,BERTweet
UgyhIjZiybeeByEdU514AaABAg,Македонија е историски најстара Балканска земја кој е верен на Македонија е Македонец со мајчин јазик Македонски... Бл'гари кои се и од каде тоа е нивни проблем.,negative,negative,neutral,negative,0.75,negative,0.95,5,negative,2,False,4,0.8,True,True,False,True,True,BERTweet
UgyhIjZiybeeByEdU514AaABAg.9czuaWQiV0J9d-83Lxb_Gr,Нема веке македонија има северджаниа.,neutral,negative,neutral,negative,0.85,negative,1.0,5,negative,2,False,3,0.6,False,True,False,True,True,"CardiffNLP, BERTweet"
UgyhIjZiybeeByEdU514AaABAg.9czuaWQiV0J9d-uDEMR7MO,"<УСЕР> Додека има еден Македонец ќе има и Македонци,а вие вратете се во Иран,Монголија абе најдобро одете во Украјина да се тепате со вашите браќа ,нацистите.",negative,negative,neutral,negative,0.8,negative,0.95,5,negative,2,False,4,0.8,True,True,False,True,True,BERTweet
UgyhIjZiybeeByEdU514AaABAg.9czuaWQiV0J9d0R5b06Kum,"<УСЕР> во Балгарија сме 2500 000 македонци и си сакаме земиата. Ке си вратиме земиата. Мизија, Тракија и Македонија Сите делове от Балгарија.🇧🇬",neutral,negative,neutral,negative,0.8,positive,0.95,5,,3,False,0,0.0,False,False,False,False,False,
UgyhIjZiybeeByEdU514AaABAg.9czuaWQiV0J9d0SGQrRTa8,"<УСЕР> Не не ние ќе си ја вратиме земјата и тоа е природен процес и Егејска Македонија и Пиринска Македонија,кога тогаш,па на крајот на краиштата ние сме библијска земја.",neutral,negative,neutral,positive,0.85,positive,0.95,5,,3,False,0,0.0,False,False,False,False,False,
UgyhIjZiybeeByEdU514AaABAg.9czuaWQiV0J9d1Nmd9MEoF,<УСЕР> Без Мизија Тракија и Македонија Бл'гарија е празна конзерва... Гоце Делчев да успеа да ја ослободи Македонија дали ке беше блгарин или ке го нарековте издајник бл'гарски?,negative,negative,neutral,negative,0.8,negative,0.94,5,negative,2,False,4,0.8,True,True,False,True,True,BERTweet
UgyhIjZiybeeByEdU514AaABAg.9czuaWQiV0J9d1PkoRvw0A,<УСЕР> Георги Делчев или Делчевски? Гоце Делчев сам се определил като Балгарин. Сите от неговата фамилија се определат као Балгари до ден денес.,neutral,negative,neutral,negative,0.8,neutral,0.85,5,neutral,2,False,3,0.6,True,False,True,False,True,"NLPTown, Gemma"
UgyhIjZiybeeByEdU514AaABAg.9czuaWQiV0J9d2ANYxYmv3,<УСЕР> А.Хитлер бил Аустријанец се борел во фашистичка Германија кој како го слави?,neutral,negative,neutral,negative,0.8,neutral,0.98,5,neutral,2,False,3,0.6,True,False,True,False,True,"NLPTown, Gemma"
UgyhIjZiybeeByEdU514AaABAg.9czuaWQiV0J9d2hhzm9iv4,<УСЕР> немаме против да го славите. Во краиа на денот сме ист народ. Имаме против лагите Дека се борат и Гоце и Самуил против Балгарија. Доста ве тарпехме но нема веке. Со лага не става.,negative,negative,neutral,negative,0.5,positive,0.85,5,negative,3,False,3,0.6,True,True,False,True,False,"BERTweet, Llama"
UgyhIjZiybeeByEdU514AaABAg.9czuaWQiV0J9dEs_yCqLky,<УСЕР> Ооооо ТАТАРЦЕ кремцето ти помогна .Ахххххх.Поцна да си признавас. Така требе си науцил несто.Гледас кога имас контак со Македонци попаметен си .Не знам мозеби и ЦРВ ЕНИТЕ си го направиле своето ??????? Ај да ти го ТУРАМ овоа: Што прави Бугарин во македонски музеј?.....КРАДЕ ИСТОРИЈА Не го заборавај кремцето .Гледас попаметен си станал,negative,negative,neutral,negative,0.8,negative,0.95,5,negative,2,False,4,0.8,True,True,False,True,True,BERTweet
UgyhIjZiybeeByEdU514AaABAg.9czuaWQiV0J9dEsugV1K4L,<УСЕР> Абее Татарце тамам те пофалив дека си станал попаментен ти одма за Гоце Делцев .Ја скина зелена. Це ти требе усте многу кремце. Гледам ја.Ако нема проблем полека.,negative,negative,neutral,negative,0.8,negative,0.95,5,negative,2,False,4,0.8,True,True,False,True,True,BERTweet
UgyhIjZiybeeByEdU514AaABAg.9czuaWQiV0J9dYQEF-Dfgg,Македонија е Балгарија!,neutral,negative,neutral,negative,0.8,negative,0.99,5,negative,2,False,3,0.6,False,True,False,True,True,"CardiffNLP, BERTweet"
UgyhIjZiybeeByEdU514AaABAg.9czuaWQiV0J9dYTiSPwKtZ,"<УСЕР> Ве аре Мацедонианс. Ве аре нот Славс. Тхе Славс аре енемј цонкуерорс оф Мацедониа. Оур лангуаге ис Мацедониан, нот Славиц. Булгариа ис а территорј. Тхе вестерн парт ис тхе анциент Мацедонианс. Тхе Татарс аре ин тхе еаст, тхе Туркс аре ин тхе соутх. Ај да видам татарце сто си науцил ? Татарце си поцнал да уцис Македонски јазик.Тоа е добро, це бидис добар Македонец во насата ГОЛЕМА МАКЕДОНИЈА. Це мораме името да ти го смениме .1. Нема да бидес Аспарух, це те писиме Александар. ТАТАРЦЕ зосто кај нас Македонците има христијански имиња, од век-векум. Кога кај нас имало Александари кај вас имало ...Аспарух а ако се навратиме усте поназад вие не сте ни постоеле. Кога кај нас имало Филипи, кај вас имало Токту Кога кај нас имало Кирили и Методи, кај вас имало Омуртаг „ Знаци нема Аспарух.Ако нецис Александар мозес да си одберес друго христијанско име. 2.Денесниот Бугарски јазик нема врска со пра-Бугарскиот тоа знаци дека тоа не е јазик на Бугарите всусност тие го земале јазикот од Македонските словени. 3.Да уцис сто подобро да писувас и зборувас МАКЕДОНСКИ, а не некаков бугарски дијалект ( бугарски јазик не постои, тоа е позајмена словеномакедонска форма за да мозете да се разберете таму)... 4.Е сега со бојата це имаме проблем ? Бугари се бела или жолта раса? Колку што знам прабугарите се жолта раса, а денешниве не ми тепат на жолто баш, изглеа червените си го направиле своето. ( Македонците се бела раса, раса на чист народ, затоа сакаат да се идентифицираат со македонците, иако на доста погрешен начин, обидувајќи се да бугаризираат се македонско, и скоро секогаш без успех).Но не е проблем це те ПРЕФАРБАМЕ.Це бидис бел како МАКЕДОНЕЦ. 5.Ние Македонците не смееме да бидеме како бугарите-да немаме своја историја,писмо,култура,јазик,обицаи,носија,-се да крадеме од комсиите (од Македонците)па усте и да негираме дека постојат- е тоа е апсурд. 6.САКАМ да си бидеме она сто сме-ПОТОМЦИ НА СТАР БИБЛИСКИ НАРОД,СО СВЕТЛА И ХРАБРА ИСТОРИЈА,ГОРДИ НА СВОЕТО СЛАВНО ИМЕ,ГОРДИ НА СВОИТЕ ПРЕДЦИ,И ГОРДИ НА СВОИТЕ ПОТОМЦИ КОИ КЕ ЈА ВРАТАТ ГОЛЕМИНАТА И ДОСТОЈНОСТА НА СВОЈАТА ТАТКОВИНА И ПРАДЕДОВИНА ГОЛЕМА МАКЕДОНИЈА. Ако од овоа нисто не науци и не извлеце поука,тогас ти е јасно зосто Бугарите се како делфини ? Се тврди дека се интелигенти, а уште никој нема докажано??? Сега мозам да ти го ТУРАМ еден виц: Доваѓав бугари у Крива Паланка и гледав Паланчанец с'с држаље тепа магаре. -За какво тепаш магарето? -прашуев бугари. -Сакам коњ да стане. -Каде се видело магаре коњ да стане. -С'с ќутек и на силу све бива. А Кд бидне овој магаре коњ, тк Кирил и Методиј и Гоце ќе бидев бугари.",neutral,negative,neutral,negative,0.72,negative,0.97,5,negative,2,False,3,0.6,False,True,False,True,True,"CardiffNLP, BERTweet"
UgyhIjZiybeeByEdU514AaABAg.9czuaWQiV0J9dYUSBSmNGQ,"<УСЕР> пхахаха е Балгарија само ви се смеем. Никој не ви мрази, просто ви се смеем. Измислјате си историја от всички саседи... 😂 Всички мечтаете за балгарско-европејски паспорт. Гарција дори ви взе името..смјах.. 😂😂😂",negative,positive,neutral,negative,0.8,negative,0.95,5,negative,3,False,3,0.6,True,False,False,True,True,"NLPTown, BERTweet"
UgyhIjZiybeeByEdU514AaABAg.9czuaWQiV0J9t6oQB1RHPW,<УСЕР> МАКЕДОНИЈА Е НА МАКЕДОНСКИ НАРОД.,neutral,negative,neutral,positive,0.85,positive,0.95,5,,3,False,0,0.0,False,False,False,False,False,
UgwH7PWZ9mCd-sRJ35t4AaABAg,плачкото Димитров кога ке покаже книгата на татко му којато му негира идентитетот на сина си 😂😂,neutral,negative,neutral,negative,0.7,negative,0.95,5,negative,2,False,3,0.6,False,True,False,True,True,"CardiffNLP, BERTweet"
UgwH7PWZ9mCd-sRJ35t4AaABAg.9czpXWxU4pQ9czxPh024NL,Ти не се секирај за него гледај си ги нацистите и не се мешав во Македонија.,negative,negative,neutral,negative,0.8,negative,0.95,5,negative,2,False,4,0.8,True,True,False,True,True,BERTweet
UgwH7PWZ9mCd-sRJ35t4AaABAg.9czpXWxU4pQ9d-7_PYBpzG,"Тоцно! татко бугарин а син македонец, тутуту",neutral,negative,neutral,negative,0.8,negative,0.95,5,negative,2,False,3,0.6,False,True,False,True,True,"CardiffNLP, BERTweet"
UgwH7PWZ9mCd-sRJ35t4AaABAg.9czpXWxU4pQ9d-CKt9TnP1,<УСЕР> па излес с име и пре зиме и тогава ми зборувај кај да се мешам а не като пичита северджански да се криете 😆,negative,negative,neutral,negative,0.8,negative,0.95,5,negative,2,False,4,0.8,True,True,False,True,True,BERTweet
UgwH7PWZ9mCd-sRJ35t4AaABAg.9czpXWxU4pQ9d2Y4IZgg-i,"<УСЕР> : нејади тука, јадимуго на Куракацанов.",neutral,negative,neutral,negative,0.8,negative,1.0,5,negative,2,False,3,0.6,False,True,False,True,True,"CardiffNLP, BERTweet"
UgwH7PWZ9mCd-sRJ35t4AaABAg.9czpXWxU4pQ9d3cnG3GsLE,<УСЕР> значи ти харесва да го јадеш на УЧК🇦🇱 со здраве 😂,neutral,positive,neutral,negative,0.8,negative,0.95,5,,3,False,0,0.0,False,False,False,False,False,
UgwH7PWZ9mCd-sRJ35t4AaABAg.9czpXWxU4pQ9dM-81AfEyO,"Тато му беше голем бугарин, па и мајка му.",neutral,neutral,neutral,negative,0.8,neutral,1.0,5,neutral,2,False,4,0.8,True,True,True,False,True,Gemma
UgwH7PWZ9mCd-sRJ35t4AaABAg.9czpXWxU4pQ9rgB07_BT-L,<УСЕР> харесвај. глисти ј Црно море.,positive,negative,neutral,negative,0.8,positive,0.95,5,,3,False,0,0.0,False,False,False,False,False,
UgwIEqNoKPxE_vBHwM94AaABAg,Името на Македонија го има во Билибјата тоа мозете да го сменете неее бидејки е божја држава И за тоа на сите И смета ама ако Бог гледа нека суде он,neutral,positive,neutral,negative,0.8,negative,0.94,5,,3,False,0,0.0,False,False,False,False,False,
UgxF4cjg3MnP4cpz0SR4AaABAg,Македонија била најголемата свецка сила во историјата кога бил александар македонски,positive,positive,neutral,positive,0.85,positive,0.95,5,positive,2,False,4,0.8,True,True,False,True,True,BERTweet
UgxF4cjg3MnP4cpz0SR4AaABAg.9d00obFYU2A9d05iZGY4HB,"Каквато и да е била Антична Македони, вие немате ништо обшто сас неја, будало коминтерновска:)Вие сте саздадени от Сталин и Тито:)",negative,negative,neutral,negative,0.85,negative,0.95,5,negative,2,False,4,0.8,True,True,False,True,True,BERTweet
UgxF4cjg3MnP4cpz0SR4AaABAg.9d00obFYU2A9dBmLwaqpjW,"Така е, ама онаја Македонија нјама ништо обшто сас Северна Македонија освен половината от името........!",negative,negative,neutral,negative,0.8,negative,0.94,5,negative,2,False,4,0.8,True,True,False,True,True,BERTweet
UgxF4cjg3MnP4cpz0SR4AaABAg.9d00obFYU2A9dBmn8chvr9,Абе бугарин прост сто саката од нас није сме македонци и цисти македонци ке останеме а вије бугарите делејтесе на северни бугари половини мрс,negative,negative,neutral,negative,0.8,negative,0.95,5,negative,2,False,4,0.8,True,True,False,True,True,BERTweet
UgxF4cjg3MnP4cpz0SR4AaABAg.9d00obFYU2A9dEs5eRCQoX,<УСЕР>-о4к А со Татарија има ????,neutral,negative,neutral,negative,0.7,negative,0.94,5,negative,2,False,3,0.6,False,True,False,True,True,"CardiffNLP, BERTweet"
UgxF4cjg3MnP4cpz0SR4AaABAg.9d00obFYU2A9d_bnLMVuNv,"Изцјало ЛУД! Завивај се с мокри страници от лажливата ви пропаганда и учебници написани на „македонскиот јазик""!!!!!!!",negative,negative,neutral,negative,0.8,negative,0.95,5,negative,2,False,4,0.8,True,True,False,True,True,BERTweet
UgxF4cjg3MnP4cpz0SR4AaABAg.9d00obFYU2A9fb8fKkjtqH,"<УСЕР> Има Тодоре, има, ама си го признавате след банја и след третата ракија.......!",neutral,negative,neutral,negative,0.8,negative,0.95,5,negative,2,False,3,0.6,False,True,False,True,True,"CardiffNLP, BERTweet"
UgzG6lNwOZ0JQNrlbJ94AaABAg,"Ворлд Вар ИИ ин Југослав Мацедониа Само 81 убити македонски партизани за периода 1941-1944 г. Финал оператионс фор тхе либератион оф Мацедониа Ундер тхе леадершип оф тхе нев Булгариан про-Совиет говернмент, фоур Булгариан армиес, 455,000 стронг ин тотал, вере мобилизед анд реорганизед. Бј тхе енд оф Септембер, тхе Ред Армј 3рд Украиниан Фронт троопс вере цонцентратед ат тхе Булгариан-Југослав бордер. Ин тхе еарлј Оцтобер 1944 тхрее Булгариан армиес, цонсистинг оф ароунд 340,000-ман,[55] тогетхер витх тхе Ред Армј реентеред оццупиед Југославиа анд мовед фром Софиа то Ниш, Скопје анд Пристина то блоцкинг тхе Герман форцес витхдравинг фром Грееце.[56][57] Ин Мацедониа тхе Булгарианс оператед ин цоњунцтион витх тхе фигхтерс оф тхе МНЛА, бут тхис цооператион дид нот процеед витхоут диффицултиес.[58] Фром 8 Оцтобер то 19 Новембер, тхе Страцин – Куманово оператион вас хелд анд Кратово, Крива Паланка, Куманово анд Скопје[59] вере такен. Ат тхе саме тиме тхе Брегалница – Струмица оператион вас лед, анд тхе Вехрмачт вас дривен фром тхе виллагес оф Делчево, Кочани, Стип, Струмица анд Велес.[60] Соутхерн анд Еастерн Сербиа, Косово анд Вардар Мацедониа вере либератед бј тхе енд оф Новембер.[61][62] Тхе 3рд Украиниан Фронт ин цоллаборатион витх тхе Пеопле'с Либератион Армј оф Југославиа анд Булгариан Пеопле'с Армј царриед оут тхе Белграде Оффенсиве. Тхе 130,000-стронг Булгариан Фирст Армј цонтинуед то Хунгарј, дривинг офф тхе Германс, вхиле тхе рест мовед бацк то Булгариа. Он а сериес оф мапс фром Армј Гроуп Е, шовинг иц витхдравал тхроугх Мацедониа анд Соутхерн Сербиа, ас велл ас ин тхе мемоирс оф иц чиеф оф стафф, тхере ис алмост но индицатион оф Југослав Партисан униц, бут онлј Булгариан дивисионс. Деспите тхесе фацц, тхе цонтрибутион оф Булгариан троопс ис стилл муч дебатед ин тхе Републиц оф Мацедониа фор политицал реасонс.[63][64] <УРЛ> Вар анд револутион ин Југославиа, 1941–1945: оццупатион анд цоллаборатион, Јозо Томасевич, Станфорд Университј Пресс, 2001, ИСБН 0-8047-3615-4, пп. 751–752. <УРЛ> Зртве рата 1941-1945 <УРЛ> Македонија у Народноослободилачкој борби Укупно је у Вардарској Македонији од 1941. до новембра 1944. године погинуло око 24.000[1] људи, при чему: 7.000 Јевреја, 6.000 Срба, 6.000 Македонаца, 4.000 Албанаца и 1.000 Бугара.[2] Овде су укључени око 3.000 „колаборациониста“, „контрареволуционара“ и цивилних жртава. Јевреји су углавном страдали у концентрационим камповима а око 14.000 људи је страдало у борбама од чега 5.000 Македонаца. <УРЛ> Апостолски - во завршните операции од антифашистичката битка активно се вклучила и армијата на Отечествениот фронт на Бугарија, а во операцијата за ослободување на Скопје учествувала Втората отечествено-фронтовска бугарска армија <УРЛ> Светозар Вукманович - Темпо Мацедониа <УРЛ> <УРЛ> Новембер 13, 1944 (Мондај) Тхе Булгариан 1ст Армј цаптуред Скопје.[15] Тхе Јапанесе дестројерс Акебоно, Акишимо, Хацухару анд Кисо вере алл бомбед анд сунк бј У.С. Навј аирцрафт ин анд ароунд тхе Цавите Навал Јард ин Манила, вхиле дестројер Окинами вас сунк 8 наутицал милес вест оф тхе цитј. Јапанесе субмарине И-12 вас хедгехоггед анд сунк еаст оф Хаваии бј Америцан варшипс. Цивил аир сервице ретурнед то Лондон фор тхе фирст тиме синце Септембер 1939.[5] <УРЛ> Стоне & Стоне Боокс Вар Диарј Новембер 13, 1944 (Мондај) Руссиан Фронт Финниш форцес цаптуре Инари ин нортхерн Финланд Арцтиц Фронт, Јуне 1941 - Мај 1945 Герман форцес витхдрав фром Скопје ас Булгариан 1ст Армј адванцес Соутхерн фланк оф тхе Руссиан Фронт, 1944-1945 Булгариан 1ст Армј цаптурес Скопје Соутхерн фланк оф тхе Руссиан Фронт, 1944-1945 <УРЛ> Заев не зборувал на памет, лично Тито направил пакт со бугарската војска за ослободување на Македонија <УРЛ> Страцин-Куманово оператион <УРЛ> Ниш оператион <УРЛ> Косово Оператион (1944) <УРЛ> Тхе Белграде Оффенсиве ор тхе Белграде Стратегиц Оффенсиве Оператион (Сербиан: Београдска операција / Београдска операција; Руссиан: Белградскаја стратегическаја наступателнаја операција, Белградскаја стратегическаја наступател'наја операција) (15 Септембер 1944 – 24 Новембер 1944)[6] вас а милитарј оператион дуринг Ворлд Вар ИИ ин Југославиа ин вхич Белграде вас либератед фром тхе Герман Вехрмачт тхроугх тхе јоинт еффорц оф тхе Совиет Ред Армј, Југослав Партисанс, анд тхе Булгариан Армј.[7] <УРЛ> булгариан армј ворлд вар 2 <УРЛ> <УРЛ> Ин тхе ласт веек оф Оцтобер тхе Руссианс анд Булгарианс маде стронг бидс то таке Краљево анд Скопље. Хавинг тхе троопс то спаре анд тхе раилроад, Лоехр цоулд меет тхе чалленге, иф ин ботх плацес ноне тоо соон. Он 2 Новембер Армј Гроуп Е стоппед тхе Руссианс ат Краљево анд ин тхе некст северал дајс халтед тхе Булгарианс еаст оф Скопље. Тхе суццесс оф тхе витхдравал тхроугх Мацедониа вас тхен ассуред.31 Нортх оф Скопље тхе армј гроуп воулд хаве то веер вест онто поорер роадс, бут ит воулд бе спаред тхе алмост цертаин дисастер оф а винтер марч тхроугх тхе цоастал моунтаинс. Агаин Веичс' чиеф хандицап вас хис овн еарлиер индецисион; хе хад потентиал ресервес бут но проспецт оф брингинг тхем то беар ин тиме. Армј Гроуп Е'с витхдравал хад гоне витхоут а хитч тхроугх мид-Новембер. Тхен, он тхе 18тх, Булгариан Сецонд Армј хад опенед а стронг аттацк нортх оф Скопље. Агаин Веичс' чиеф хандицап вас хис овн еарлиер индецисион; хе хад потентиал ресервес бут но проспецт оф брингинг тхем то беар ин тиме. Армј Гроуп Е'с витхдравал хад гоне витхоут а хитч тхроугх мид-Новембер. Тхен, он тхе 18тх, Булгариан Сецонд Армј хад опенед а стронг аттацк нортх оф Скопље. Тхе некст дај Балкан Аир Форце бомберс хад дестројед тхе Дрина бридге ат Висеград, бацкинг уп труцк анд трооп цолумнс еигхтј фиве милес еаст то Краљево. Ин Албаниа стронг партисан униц хеммед КСКСИ Моунтаин Цорпс ин он алл сидес ас ит триед то јоин тхе ретреат. Армј Гроуп Е хад то пут бацк инто иц овн фронт соме оф тхе троопс ит хад интендед то релеасе, анд тхе рест вере сталлед ин централ Југославиа 200 милес анд море фром вхере тхеј цоулд до анј гоод. <УРЛ> Тито, Михаилович, анд тхе аллиес, 1941-1945 Бј Валтер Р. Роберц Тхе Мацедониан Партисанс вере нот верј нумероус ор ацтиве еитхер. Тхе мајоритј оф Мацедонианс аппарентлј дид нот цонсидер тхемселвес етхницаллј Сербс бут Булгарианс анд, вхетхер Цоммунист ор нот, вишед то бе унитед витх тхеир бротхерс ... <УРЛ>",neutral,negative,neutral,neutral,0.68,neutral,0.98,5,neutral,2,False,4,0.8,True,False,True,True,True,NLPTown
UgzG6lNwOZ0JQNrlbJ94AaABAg.9d7taRNy2XP9dLqeMZ0RI4,"26 илјади жртви има дадено македонски народ, а во 45 има бројано 120000 илјади партизани, да престанеш глупости да зборуваш, и доста со тие бугарски тези само, па да те потсетам ѓорѓи димитров ја приЗна македонската нација на чело на коминтерна 1923-1924 год а 48 повторно овој пат на чело на бугарија.",negative,negative,neutral,negative,0.8,negative,0.94,5,negative,2,False,4,0.8,True,True,False,True,True,BERTweet
Ugwgl6K0NfXK-18ebb94AaABAg,Като лажат сами си вјарват.Моите и два рода са участвали вав вастанието 1903.,neutral,positive,neutral,negative,0.7,negative,0.9,5,,3,False,0,0.0,False,False,False,False,False,
Ugwgl6K0NfXK-18ebb94AaABAg.9dBN8GD1W5r9dWasc30vb1,Хахахахахахахаха,neutral,negative,neutral,negative,0.8,negative,1.0,5,negative,2,False,3,0.6,False,True,False,True,True,"CardiffNLP, BERTweet"
Ugwgl6K0NfXK-18ebb94AaABAg.9dBN8GD1W5r9d_c6gIRNdP,<УСЕР> Оди се лекувај при психиатар,neutral,neutral,neutral,negative,0.7,negative,0.9,5,neutral,2,False,3,0.6,True,True,True,False,False,"Gemma, Llama"
Ugwgl6K0NfXK-18ebb94AaABAg.9dBN8GD1W5r9e9rWz8imfJ,Па дојди и т кај нас ако сакас малку да уцествувас,neutral,neutral,neutral,negative,0.8,negative,0.95,5,neutral,2,False,3,0.6,True,True,True,False,False,"Gemma, Llama"
Ugwa2VB7J3s91aO8GFF4AaABAg,Виктор Канзуров да се стега за председател на РСМ,neutral,positive,neutral,negative,0.7,negative,0.95,5,,3,False,0,0.0,False,False,False,False,False,
Ugwa2VB7J3s91aO8GFF4AaABAg.9d-EogXi3i_9dEtYK4KSAu,"Која е таа .Не се сецавам .А сто ти е тоа РСМ? Нема проблем .Кај нас и малцинствата мозат да бидат председатели на Ракометен Сојуз на Голема Македонија. Бугари се бела или жолта раса? Колку што знам прабугарите се жолта раса, а денешниве не ми тепат на жолто баш, изглеа червените си го направиле своето.Еј, јас ова со двете чрвени секогаш им го кажувам на Бугарите но не сфаќаат... толку се глупи .",negative,negative,neutral,negative,0.8,negative,0.93,5,negative,2,False,4,0.8,True,True,False,True,True,BERTweet
Ugx28kH_PPvxH5WVm894AaABAg,"вонка ""онтроположките Марсовци"" от собрание и влада",neutral,positive,neutral,negative,0.8,negative,0.95,5,,3,False,0,0.0,False,False,False,False,False,
Ugx28kH_PPvxH5WVm894AaABAg.9d-F166p28o9d3oGXkjUFQ,"А бе татарце не си мое ама нисто не си науцил.Бевте и останавте Фасистицки татарски опинцари.Такви це си останете нисто не ви помага.Хитлер се обиде да ве описмени ви оформи и Бугарска противтенковска бригада СС трупа (1. бугарска).Забе.Проба и Сталин пак забе.Нисто не ви помага.Цело време се борите да ги избрисите зборовите Фасистицка Бугарија,Фасистицкото царство Бугарија,бугарска депортација на Евреите ...Ајде да ви помогниме .Тоа би изгледало овака:Фасистицка Марс(Фасистицка Бугарија),Фасистицко царство Марс(т.н.Фасистицко Бугарско царство),наместо Бугарска депортација на Евреите ние це записиме:Организиран туристицки излет во логорот Треблинка во Полска од страна на Фасистицка Марс...Знаци Марсовце (не те викам повеце со твојето име Татарце),заборавите ја Македонија затоа сто ние Македонците на сакаме името да ви го цуеме а не пак да ве гледаме.Вие марсовце за нас сте како несто како непријатност,комарец кој зуи во зеска летна ноц но ти е мака да станис И да го слапнис од зидот па це каземе па нека зуи ,кој го еба.",negative,negative,neutral,negative,0.8,negative,0.94,5,negative,2,False,4,0.8,True,True,False,True,True,BERTweet
Ugx28kH_PPvxH5WVm894AaABAg.9d-F166p28o9xtYJ7qyItt,во МАКЕДОНИЈА -- ЛУЃЕ. анотхер цоунтрј - јунк.,neutral,negative,neutral,negative,0.8,negative,0.95,5,negative,2,False,3,0.6,False,True,False,True,True,"CardiffNLP, BERTweet"
UgzojfZui6PSPlEfDd14AaABAg,Шах и Мат 🤣🤣🤣🇧🇬🇧🇬🇧🇬,neutral,positive,neutral,negative,0.8,negative,0.95,5,,3,False,0,0.0,False,False,False,False,False,
UgzojfZui6PSPlEfDd14AaABAg.9czwktBT4LS9czxpJ-FMiT,"После мат има друга утакмица,а после нацизам има само лошо и лошо.",negative,negative,neutral,negative,0.8,negative,0.95,5,negative,2,False,4,0.8,True,True,False,True,True,BERTweet
UgzojfZui6PSPlEfDd14AaABAg.9czwktBT4LS9czyXk2mGgT,<УСЕР> Кој е министар председателја и кој е президента на вековна Северна Македонија през 1960 год и кој е управлјавал Северна Македонија през 1750 год .А можеш ли да ми кажеш кој ви написа Северно македонскија език кога и каде сигурен сам че знаеш Северно македонецо .,neutral,negative,neutral,neutral,0.7,neutral,0.85,5,neutral,2,False,4,0.8,True,False,True,True,True,NLPTown
UgzojfZui6PSPlEfDd14AaABAg.9czwktBT4LS9czyi1Lb9cz,<УСЕР> Много са ми смешни такива Северно македонски националисти като теб кадето не си знајат историјата но устите са им големи .,negative,negative,neutral,negative,0.8,negative,0.95,5,negative,2,False,4,0.8,True,True,False,True,True,BERTweet
UgzojfZui6PSPlEfDd14AaABAg.9czwktBT4LS9czzK43OZLK,<УСЕР> Ти Интернет нјамаш ли пиши в гугал Цар Самуил на англијски и виж какво пише в уикипедија за Цар Самуил. Напиши сашто на англијски и Гоце Делчев и виж какво пише там ака искаш да знаеш истината разбира се .,neutral,negative,neutral,negative,0.8,negative,0.8,5,negative,2,False,3,0.6,False,True,False,True,True,"CardiffNLP, BERTweet"
UgzojfZui6PSPlEfDd14AaABAg.9czwktBT4LS9d--5AnGm73,"<УСЕР> Јас имам бабо дедовци прабаби и прадедовци имам национална меморија и тоа што го имам е за мене.Гугл е на Нацистите на кој припаѓаш и ти.Јас живеам во вистината,во чест гордост и достоинство,Сонцето и Исус се моите водители,а твоите се колективниот запад и фашистите.",positive,positive,neutral,negative,0.8,negative,0.95,5,,3,False,0,0.0,False,False,False,False,False,
UgzojfZui6PSPlEfDd14AaABAg.9czwktBT4LS9d-2Pj6Z1cf,"<УСЕР> Аз не разбрах баба ти ,дјадо ти и прабаба ти ли са оправлјавали Северна Македонија 🤣🤣🤣 .Аз незнам точно каде на која планета са живели твоите баби и пра баби но моите са от Кочани и лично пра баба ми ако беше жива штеше да ти отреже тиквата за това че ја наричаш фашист .Искаш да кажеш че хора като мен кадето са с корени от Кочани са фашисти 🤣ходи се прегледај .Вземи да се образоваш штом се правиш на северно македонски националист поне си научи историјата нјама да ти е трудно тја е само от две страници .",negative,negative,neutral,negative,0.8,negative,0.95,5,negative,2,False,4,0.8,True,True,False,True,True,BERTweet
UgzojfZui6PSPlEfDd14AaABAg.9czwktBT4LS9d1Hs-xpffO,<УСЕР> усернаме Тихо Западна Балгарија че ште ни го јадете много скоро и ти ште си нај отпред да се редиш за бјало сладко 🤣🇧🇬🇧🇬🇧🇬,negative,negative,neutral,positive,0.85,negative,0.95,5,negative,3,False,3,0.6,True,True,False,False,True,"BERTweet, Gemma"
UgzojfZui6PSPlEfDd14AaABAg.9czwktBT4LS9d8W2zBShL1,"Северно македонеца Димитров е тотален лажец ,Ние отдавна сме признали настојаштето положение в РСМ,но никога нјама да се сагласим сас севрномакедонските талкуваниеја на историческите факти.Освен това нјама македонски език ,а севрномакедонските език ,којто ние косвено сме признали.",neutral,negative,neutral,negative,0.8,negative,0.95,5,negative,2,False,3,0.6,False,True,False,True,True,"CardiffNLP, BERTweet"
UgzojfZui6PSPlEfDd14AaABAg.9czwktBT4LS9dEpbqWLbQz,"<УСЕР> Абе татарце НОВО ???Татарце казуваат дека ви било многу убаво у ЕУ и многу ви се допаднало.Ма еве ти го текстот па цитај сам:Ве аре фор тхе Еуропеан Унион, бут тхе Украиниан пеопле аре нот јет реадј фор саме-секс марриагес. Гиве ус соме тиме, ве трј оур бест то чанге.Аск тхе Булгарианс, тхеј хаве адаптед велл. Еееее вас ви било многу убавооооо..Ако узивајте си.Знаес Татарце И се заблагодарив во твое име и го казав следното :.Аскед фром Булгариа, јоу кнов тхеј'ре а бит ступид, бут тхеј сај ит'с греат, море тхан тхеј експецтед, бут тхат'с вхј тхеј'ре бујинг тхе цреам нов.Тако да имас покана да им се придрузис.Та нели си во Е.У. де. Ха ха ха",negative,negative,neutral,negative,0.8,negative,0.93,5,negative,2,False,4,0.8,True,True,False,True,True,BERTweet
UgzojfZui6PSPlEfDd14AaABAg.9czwktBT4LS9dEqV-0BUFr,<УСЕР> Татарце ова сам го смисли или некој ти го каза ?????,neutral,negative,neutral,negative,0.8,negative,0.94,5,negative,2,False,3,0.6,False,True,False,True,True,"CardiffNLP, BERTweet"
UgzojfZui6PSPlEfDd14AaABAg.9czwktBT4LS9dEqdXB-nmG,"<УСЕР> Ако имас интернет татарце ова провери си го.Татарце полека поцни да се освестувас, да уцис сто подобро да писувас и зборувас МАКЕДОНСКИ, а не некаков бугарски дијалект ( бугарски јазик не постои, тоа е позајмена словеномакедонска форма за да мозете да се разберете таму)... и да си се вратис во Матицата. Македонија. Мислам духовно, национално. инаку седи си таму, кој ти брани. Секако над Софија (и името го открадивте од Грците) свете Македонско сонце. Овој текст на министерката за надворешни работи на Бугарија, госпожа Захариева предизвикува и смеа и сожалување. Сепак како поранешен министер за правда, а денес за надворешни работи, ( до изборот на нова влада,)имала прилика да се стабилизира во мислите, скоро целиот професионален век и во државни јасли. Зачудува колку лутаат дури и вакви високи функционери, во историјата а посебно во сопствената. Или пак, можеби е во право, којзнае, таа кажува дека бугарите се всушност турци , кои биле покрстени од русите? држи вода, сепак, тие самите изнесуваат докази дека се со турско потекло. Можеби затоа толку се натегаат кон идеалот- Македонија. За нив Македонците се бела раса, раса на чист народ, затоа сакаат да се идентифицираат со македонците, иако на доста погрешен начин, обидувајќи се да бугаризираат се македонско, и скоро секогаш без успех. ТАТАРИ зосто кај нас Македонците има христијански имиња, од век-векум. Кога кај нас имало Александари кај вас имало ...Аспарух а ако се навратиме усте поназад вие не сте ни постоеле. Кога кај нас имало Филипи, кај вас имало Токту Кога кај нас имало Кирили и Методи, кај вас имало Омуртаг „ Знаете ли зосто, не но затоа одговорот ви го дава васата министерка Захариева(министер во одење),“Бугарите се насилно покрстени Турци по 1878 година. АМАН,сто зборува Захариева .Па вие татари це испаднете турци (под услов да они ве сакаат). Па тогас оваа реценица е тоцна:Без болгарлар Монгол өлкәләреннән. Көнбатыш јулда җирле Турко-Татар кабиләләре белән кушылып безнең кабиләләр. За потеклото на бугарите нема сомнеж дека е азиско макар да ја мислам да тука имаат замесано прсти :Македонците,Србит,Русите и Турците. Богами вие Бугари сте цисти МЕЛЕЗИ. Затоа вие бугарите сакате да се идентифицирате со македонците . Македонците се бела раса, раса на чист народ.Постар народ од Бугарите.Затоа Бугарите кои очајно се обидуваа да го затскријат , да се прикажат како народ со европско потекло- токму користејќи го македонскиот народ како алиби, како завеса. Официјално во Бугарија се уци дека денесните Бугари се месавина од 52 етноси.Денесниот Бугарски јазик нема врска со пра-Бугарскиот тоа знаци дека тоа не е јазик на Бугарите всусност тие го земале јазикот од Македонските словени. Тие се мелези од 52 етноси и имаат криза во лазниот идентитет,а јазикот во ниеден слуцај не е Бугарски напротив тој е Македонски. Пронајдете се еднас сто сте доста лутате.Ако сте Македонци це ве прифатеме како наси Македонски деца.Сега свацам зошто бугарите: биле , се и це бидата толку многу опседнати со Македонците?",neutral,negative,neutral,negative,0.8,negative,0.97,5,negative,2,False,3,0.6,False,True,False,True,True,"CardiffNLP, BERTweet"
UgzojfZui6PSPlEfDd14AaABAg.9czwktBT4LS9dErCD-w6v4,"<УСЕР> усернаме Ако на Бугарите им се сонило дека од нив потекнува јајцето, а од него кокоската, или ако им се сонило на бугарите дека така, ресиле они дека македонците се бугари, тоа е само нивни сон. но не и на македонците, тие се насле во бугарскиот сон, слуцајно, без знаење.. Македонците за такви ""пра-родини"" како бугарите - не знаат. Бугарите, поцнуваат од истоцен Иран до Памир и Индија.. Нивната најсветла историја-нивните владетели- со турско-монголско татарски имиња.. хмм..? Македонците НЕМААТ такви имиња, ниту разбираат сто е тоа , Аспарух, Омуртаг, Кубрат... тоа само монголите го знаат. и бугарите. тие се нивни.? Бугарите со својата историја одат од запад кон исток... мозеби ке дојдете до кинеско-јапански брег, понатаму не ке мозе да се ""бараат"" освен ако немаат потекло од - рибите во пацифик Абе Татарце фактот за еволуцијата е нетоцен.Доказ сте вие Татарите. Ти да бесе интелигентен це ги разбересе и це извлецесе некоја поука.",negative,negative,neutral,negative,0.8,negative,0.95,5,negative,2,False,4,0.8,True,True,False,True,True,BERTweet
UgzojfZui6PSPlEfDd14AaABAg.9czwktBT4LS9dF_soXmSab,<УСЕР> Тодор Живков ми го каза шиптарче .,negative,negative,neutral,negative,0.8,negative,0.95,5,negative,2,False,4,0.8,True,True,False,True,True,BERTweet
UgzojfZui6PSPlEfDd14AaABAg.9czwktBT4LS9rgCSfNMWfj,<УСЕР> сркај. и зелено и плаво. од Тодор вц.,neutral,negative,neutral,negative,0.8,positive,0.95,5,,3,False,0,0.0,False,False,False,False,False,
UgxGjAHSYjwsrfibalV4AaABAg,Овој подписувач на Преспа е тежок кариерист! Вели дека книгите на татко му се тотални глупости!,negative,negative,neutral,negative,0.8,negative,0.95,5,negative,2,False,4,0.8,True,True,False,True,True,BERTweet
UgxGjAHSYjwsrfibalV4AaABAg.9d--pOFvk829d6qW4ujrxM,За Бугарите сите права на малцинствата според ЕУ.Кој не сака надвор од РМ.ТОА Е ПРАВАТА МАКЕДОНИЈА.=ВАРДАРСКА+ЕГЕЈСКА+ПИРИНСКА .Бугарските татари надвор од Македонските простори.ДА ЗИВЕЕ МАКЕДОНИЈА.,neutral,negative,neutral,positive,0.85,negative,0.95,5,,3,False,0,0.0,False,False,False,False,False,
UgxGjAHSYjwsrfibalV4AaABAg.9d--pOFvk829e9rlakQdGl,Какво ти е тоа модифицирано и бе Татарце ? Овој се вика на Македонски,neutral,negative,neutral,negative,0.8,negative,0.94,5,negative,2,False,3,0.6,False,True,False,True,True,"CardiffNLP, BERTweet"
UgxGjAHSYjwsrfibalV4AaABAg.9d--pOFvk829eA7R4Wfd3R,"<УСЕР> Се пише со ""ј"" според азбуката на Караджич, драги срабче!",negative,negative,neutral,negative,0.8,positive,0.95,5,negative,3,False,3,0.6,True,True,False,True,False,"BERTweet, Llama"
Ugxu3IMTdujRHeQhKyN4AaABAg,"А можеше да баде, Никола Османи и Бујар Димитров.",neutral,negative,neutral,negative,0.8,negative,0.9,5,negative,2,False,3,0.6,False,True,False,True,True,"CardiffNLP, BERTweet"
Ugxu3IMTdujRHeQhKyN4AaABAg.9czn3ViZC_69czy7iSW833,"Што да биде бе,гледај си ја Монголија ти а на другите Бугари што се Македонци нив не ги закачаме,а вие нацистите седете си во Украјина.",negative,negative,neutral,negative,0.8,negative,0.95,5,negative,2,False,4,0.8,True,True,False,True,True,BERTweet
Ugxu3IMTdujRHeQhKyN4AaABAg.9czn3ViZC_69czyqlAKDp9,"<УСЕР> Ходи в Монголија,да видиш монголци В РСМ виждаме родоотстапници,уплашени за бадештето си!Всичко се заплашта на този свјат.",negative,negative,neutral,negative,0.8,negative,0.95,5,negative,2,False,4,0.8,True,True,False,True,True,BERTweet
Ugxu3IMTdujRHeQhKyN4AaABAg.9czn3ViZC_69d1T9gA_hiu,"Двете страни да подготват и презентираат примероци од лекции врз основа на препораките на Комисијата, за кои Комисијата постигна согласност приложени кон Протоколот на следниот состанок на Мешовитата меѓувладина комисија според член 12 од Договорот за пријателство, добрососедство и соработка и да ги вклучи во иднина.на соодветните наставни програми, учебници и други релевантни наставни материјали, натписи на табли, историски монументи, споменици и информативни материјали во музеи и други локации од образовно и културно значење, како и во електронски информативни досиеја на јавен имот. Тоа знаци дека ние требе да прифатиме промена на Историјата да го избрисиме следното: Депортацијата на Евреите од Македонија претставува настан од Втората светска војна организиран од владите на фашистичка Бугарија и нацистичка Германија, со цел систематска елиминација на еврејското население од т.н. „новоослободени територии“ од страна на бугарската власт. Во јули 1940 година Бугарија започнува со донесување на антисемитски закони.[5] Во јануари 1941 година го донесува „Закон за заштита на нацијата“.[5] Во 1 март 1941 година Бугарија станува сојузник на Силите на оската.[5][10] Депортацијата на Евреите од Македонија претставува дел од депортација на Евреите од сите „новоослободени територии“ (Вардарска Македонија, Егејска Македонија).Ликвидирањето на Евреите од Македонија било резултат на договор меѓу нацистичка Германија и Царството Бугарија. Од името на двете држави на 2 февруари 1943 година договорот го потпишале Адолф Бекерле, (германски полномошен министер во Бугарија) и Петар Габровски, бугарски министер за внатрешни работи.[6][13] .За бројот на депортираните Евреи постојат различни податоци во бугарските официјални списоци. Постојат две групи оригинални списоци за македонските Евреи направени во самиот логор непосредно пред депортацијата; бугарски, според кој во логорот во Скопје се наоѓале 1702 семејства со 7056 членови, и германски, според кои во логорот се наоѓале 1828 семејства со 7162 членови – со основни податоци. Во тајното писмо од 18 март 1943 година од А. Вите, германски конзул во Скопје, испратено до Министерството за надворешни работи во Берлин, се наведува дека се депортирани 7240 Евреи.[2] .Сите Евреи од Македонија биле депортирани во логорот Треблинка во Полска, каде што биле задушени во гасни комори. Од Треблинка не се вратил никој. Сто це биде со злоцините изврсени од страна на Фасистицка Бугарија на територијата на Вардарска и Пиринска (Се усте е под окупација на Фасистицка Бугарија каде се врси присилна асимилација на Македонците ,за кој постојат пресуди од Хаг који Фасистицка Бугарија не ги спроведува )Македомија. Масакр во Ваташа — крвав настан кој се случил на 16 јуни 1943 година[1] кога биле стрелани 12 младинци од селото Ваташа во близина на Моклиште кај месноста „Чаир“, на 2 км оддалеченост од Ваташа. Колежот го извршила бугарската војска и полициски одреди на чело со капетан Борис Жеглов, поручник Борис Костов и подофицер Петко Опреков под команда на полковник Љубен Апостолов, командант на 56. Велешки пешадиски полк од Петтата бугарска армија. Сестрата на Блаже Ицев, Нада Ицева (Јанева), го памти денот кога го уапсиле нејзиниот брат. Не насетувале, каков крвнички чин ќе се случи истиот ден. Блаже (17 г.) и сестра му Ката (15 г.), работеле домашни работи, кога биле одведени во селската меана на Васил Хаџи Јорданов. Таму ги затекнале и останатите младинци, каде почнало крвничкото тепање од страна на полицискиот заменик-началник Петко Опреков, поручникот Борис Костов и двајца бугарски агенти.[4] Еден од стреланите пред да умре, успеал да изусти „Стрелајте кучиња, но нашата идеја нема да умре!“. Четирите девојки што исто така биле уапсени — Мара Хаџи Јорданова, Стева Ампова, Павлина Касапинова и Ката Ицева — ги тргнале настрана.[6] Полицискиот началник Петко Опреков се спротивставил на поручникот Костов кога сакал да ги убие и девојките, а капетан Борис Жеглов го поддржувал Опреков па така тие биле спасени.[7] Дванаесетте убиени младинци од селото се:[9] Име и презиме Возраст Перо Видев 15 Ванчо Гурев 19 Данко Давков 18 Илија Димов 18 Ристо Ѓондев 18 Блаже Ицев 20 Пане Мешков 18 Герасим Матаков 18 Ферчо Попѓорѓиев 26 Васо Хаџијорданов 28 Диме Чекоров 20 Пане Џунов 18 Зар некој има право да ги заборави.Кој е тој кој це ја промени таблата на која јасно стои стрелани од Фасистицкиот Бугарски окупатор. Замислите сега како би изгледало тоа.Требе да ги избрисиме зборовите Фасистицка Бугарија,Фасистицкото царство Бугарија,бугарска депортација на Евреите ... Тоа би изгледало овака:Фасистицка Марс,Фасистицко царство Марс,наместо Бугарска депортација на Евреите ние це записиме:Организиран туристицки излет во логорот Треблинка во Полска од страна на Фасистицка Марс... Но сто це одговори Р.Македонија на Израел.Како це ги избрисе овие податоци од Архивите на Германија,Југославија,Бугарија ,Рускиот архив,Архивот на Израел.... Дали це има крај на барањата на Татарска Фасистицка Бугарија сега.Сега со благослов на Европска унија. Но едно требе да сватат . Це ја искористам реценицата на еден од стреланите >Блокирајте кучиња до кога сакате, но нашата Македонија постоела и це ја надзивее Фасистицка Бугарија. Секоја издајницка влада на Македонија која це прифати само дел од Татарските барања це и припадне местото која го заслузила тоа е местото на бунистето.Поради тоа нема потреба од никакви понатамосни преговори со Фасистицка Бугарија.",neutral,positive,neutral,negative,0.8,negative,0.83,5,,3,False,0,0.0,False,False,False,False,False,
Ugxu3IMTdujRHeQhKyN4AaABAg.9czn3ViZC_69d1VrDLTO8N,"<УСЕР> Личи си,че имаш срабско потекло/издава те срабската дума злочин.В македонските говори е злосторство,както в балгарскија/.Територијата на Вардарската бановина не е дадена на Балгарија по междударжавен договор.Хитлер устно разпорежда да се предаде за администриране от балгарите,за да се освободјат германски војски за војната сас СССР.Значи там управлјава Германија и тја решава всички главни вапроси.Разрешават да се даде балгарско гражданство,само на балгарите по народност.Затова евреите не стават балгарски граждани,за да ги спасјат.Местните власти са саставени предимно от местни хора.5армија и полицијата са 75%от местни хора.Убивани са хора по идеологически причини/комунисти/.Имената им са балгарски на ОВ/комунистите налагат СКИ след 1945г.В Балгарија през декември 1943г.сашто са убити 18 човека,от които 6 деца/от6 до13г/в с.ЈАстребино/Тарговиште/.Те сашто са балгари,но смјатани за комунисти и помагачи на партизаните.Саздадени сте на антибалгарска основа,затова сте обречени и нјамате бадеште.С насилие сте се саздали,с насилие ште си отидете,рано или касно",negative,negative,neutral,negative,0.8,negative,0.95,5,negative,2,False,4,0.8,True,True,False,True,True,BERTweet
Ugxu3IMTdujRHeQhKyN4AaABAg.9czn3ViZC_69t6qVbX7ax7,блгари украдоа Пиринска Македонија. грци украдоа Егејска. договор 1913 вели: Блгариа на МАКЕДОНИЈА врак'а Пиринска Македонија. Грција на МАКЕДОНИЈА врак'а Егејска Македонија.,negative,negative,neutral,negative,0.8,negative,1.0,5,negative,2,False,4,0.8,True,True,False,True,True,BERTweet
UgxNp30NcY3Blya_PFt4AaABAg,Башијат рожден ден е 1945 това е истината,neutral,negative,neutral,negative,0.7,positive,0.95,5,,3,False,0,0.0,False,False,False,False,False,
UgxNp30NcY3Blya_PFt4AaABAg.9d5hsNcQ3nk9d5x_JmrYWX,"Поздрав,тогаш се формирала Македонска држава,Македонскиот народ постел пред тоа без организирана држава,и имал територија,јазик,култура ...",neutral,positive,neutral,positive,0.85,positive,0.95,5,positive,2,False,3,0.6,False,True,False,True,True,"CardiffNLP, BERTweet"
UgxNp30NcY3Blya_PFt4AaABAg.9d5hsNcQ3nk9d5xlqbF6SZ,Толку ли е тешко да се разбере дека народ си има своја историја без да има меѓународно признаена и организирана држава ...,negative,negative,neutral,neutral,0.7,neutral,0.85,5,neutral,2,False,3,0.6,False,False,True,True,True,"CardiffNLP, NLPTown"
UgxNp30NcY3Blya_PFt4AaABAg.9d5hsNcQ3nk9d6eKFMFm_8,"Поздрав, Ние заедно,като един народ дори и заедно с албанци војуваме срешту турци,гарци и сарби за свободна Македонија дали сме 250 000 жертви. За езика: оште под турско заедно водим борба за независима царква и богослужение на БАЛГАРСКИ. Охрид е центара на Балгарската Архиепископија, в Охрид е една от Балгарските книжовни школи. Цар Самуил в Охрид е Балгарски цар . Дјадо ми рода му е от Македонија,другија ми дјадо от Тракија. Историјата е жива и е една.Ако искаш да ја научиш и нјамаш вјара на Балгарска книга,чети англијски,арабски,дори турски документи и книги. Нјама македонски комита ,којто се е бил с турците за македонски език. Сегашна Македонија крастника е Тито и Коминтерна. Имате си всичко сега с начало 1945. Преди това сме се били заедно като един народ тракијци,македонци,мизијци,шопи, добруджанци, за свободата на Македонија........Сега сте заедно с албанците, пожелавам ви успех.",neutral,positive,neutral,positive,0.78,negative,0.93,5,,3,False,0,0.0,False,False,False,False,False,
UgxNp30NcY3Blya_PFt4AaABAg.9d5hsNcQ3nk9d6zljA-yTN,"<УСЕР>-цв3јк Поздрав,вие имате амбасадор и амбасада во Македонија која сигурно ја знае вистината оти тука се во Македонија,ние сме соседи и вие лесно можете да ја увидите вистината,зошто не сакате да ја увидите вистината дека ние Македонците сме посебен народ и немаме ништо со вас Бугарите,и тоа е реалноста,дали тоа на некому му се допаѓа е друга работа.Кому му е гајле за историјата толку многу,зошто вие сте заглавени во минатото ... Со вашето поведение вие само правите непријатели од Македонија и Македонците ,и правите да имаме уште поодбивен однос кон вас.Кој човек би сакал друг кој не го почитува,го навредува,не му признава основни човекови права ...",negative,negative,neutral,negative,0.8,negative,0.94,5,negative,2,False,4,0.8,True,True,False,True,True,BERTweet
UgxNp30NcY3Blya_PFt4AaABAg.9d5hsNcQ3nk9d7-aBP7KYu,"Едно основно прашање,што е поважно и повистинито,сегашноста или минатото.Сегашноста е дека Македонија е 80 години државност со Македонски народ со свој јазик,култура,традиција,менталитет.Вие сакате ние да се вратиме назад 100 годинни па да бидете задоволни,нели е тоа нечовечно,нехумано и мора да се кажевнеразумно.Животот е промена,еволуција,Македонскиот народ имал несреќа да нема своја држава пред 1945 и затоа територијата била парчосана и одземена од два соседа кои со негирање на Македонците сакаат да си ја исчистат совеста и да се рехабилитираат за тоа што било направено во минатото.",neutral,negative,neutral,negative,0.5,negative,0.92,5,negative,2,False,3,0.6,False,True,False,True,True,"CardiffNLP, BERTweet"
UgxNp30NcY3Blya_PFt4AaABAg.9d5hsNcQ3nk9d70dVhLXRx,"Во минатиот век Македонски комити се бореле со турците за ослободување на Македонија,а потоа Македонски партизани против германски нацисти за ослободување на Македонија....Тоа е сето што е важно ... Кој ќе гледа што било пред иллада години ...Кому му е гајле за толку далечно минато да истражува,и кој може да каже што точно било ... Па вие еве денес не признавате едноставна вистина и реалност за Македонија и Македонски народ па ќе зборуваме ѕа пред илданици години во минатото,навистина тоа е потполно безпредметно.Само може да ви се каже,оставете го минатото и историјата,за ваше и наше добро ..",negative,positive,neutral,negative,0.5,negative,0.83,5,negative,3,False,3,0.6,True,False,False,True,True,"NLPTown, BERTweet"
UgxNp30NcY3Blya_PFt4AaABAg.9d5hsNcQ3nk9d718dQP7zN,"Инаку,што се однесува за односи помеѓу Македонија и Бугарија и меѓу Македонци и Бугари,јас лично сум да има убави и блиски односи,но вие навистина ги упропастувате сите шанси за тоа со нереални неосновани барања,потчинувања и негирања.Никој нормален тоа не би можел да ви го удоволи вие што го барате,и тоа нема основа во сегашноста ...",negative,negative,neutral,negative,0.5,negative,0.92,5,negative,2,False,4,0.8,True,True,False,True,True,BERTweet
UgxNp30NcY3Blya_PFt4AaABAg.9d5hsNcQ3nk9d90NavB8Du,"Срешту какви нацисти сте се борили бе? Ако германците бјаха решили да ви третират като евреите,сега в Македонија штеше да има само албанци.Спаси ви това ,че там имаше балгари. Не чети срабски книжки,казах ти. Досега Балгарија само е помагала,за благодарност получава простотии. Имате да плаштате много грехове.......",negative,negative,neutral,negative,0.8,negative,0.95,5,negative,2,False,4,0.8,True,True,False,True,True,BERTweet
UgxNp30NcY3Blya_PFt4AaABAg.9d5hsNcQ3nk9d91uSv9Vpb,"<УСЕР> Ти нормален ли си бе?. Нјама да крадете балгарска историја бе срабски мекерета. Казах ти,вие сте такива каквито сте от 1945. Пра дјадо ти е говорил друго навремето....ти казваш заеби го моја дјадо........аз живеја в сегашността....като куче",negative,negative,neutral,negative,0.8,negative,0.95,5,negative,2,False,4,0.8,True,True,False,True,True,BERTweet
UgxNp30NcY3Blya_PFt4AaABAg.9d5hsNcQ3nk9dBpJDBF7Zi,"<УСЕР> Владко, умно момче си като гледам, има Интернет, в Скопие има библиотеки и архиви, прочети малко, дето има една приказка прочети и Красте Мисирков, ама всичко което е написал а не само това дето ви го пишат в читанките по сачиненијата на Лаже Ристески и тогава да спорим.......",neutral,negative,neutral,neutral,0.7,neutral,0.85,5,neutral,2,False,4,0.8,True,False,True,True,True,NLPTown
UgxNp30NcY3Blya_PFt4AaABAg.9d5hsNcQ3nk9dBrdxLr8hb,"<УСЕР>-о4к Поздрав,дали можеме историјата да ја оставиме како едно прашање, а сегашноста како друго прашање,кое јасно е одлучувачко.Денес,веќе 80 години има Македонска држава,Македонски народ,Македонски јазик, ... Еве што да правиме ние денес ... Зошто да се поставува прашање за денешнината која е реалност.Историјата,таква каква што е ,ете довела до создавање на се што набројав таму, и животот е развој,еволуција,денес имаме јасна Македонска нација и јазик ...",neutral,negative,neutral,positive,0.82,positive,0.95,5,,3,False,0,0.0,False,False,False,False,False,
UgxNp30NcY3Blya_PFt4AaABAg.9d5hsNcQ3nk9dBrw3TeVXz,"<УСЕР>-о4к Македнија пред 1945 била територија со население кое не можело заради тоа што немало своја призната и организирана држава да има свој признат јазик и нација,тоа е направено кога се успеало да се оформи држава внатре во унијата Југославија.",neutral,negative,neutral,neutral,0.7,neutral,0.85,5,neutral,2,False,4,0.8,True,False,True,True,True,NLPTown
UgxNp30NcY3Blya_PFt4AaABAg.9d5hsNcQ3nk9dBs2uMDcG5,"<УСЕР>-о4к Курдите во Турција немаат своја држава,дали тоа значи дека тие не постојат ... Едноставно таква им е судбината и патат без своја држава ...",negative,negative,neutral,negative,0.8,negative,0.75,5,negative,2,False,4,0.8,True,True,False,True,True,BERTweet
UgxNp30NcY3Blya_PFt4AaABAg.9d5hsNcQ3nk9dBsJIiz7T9,"<УСЕР>-о4к Потоа,идентитет и историја на еден народ,никако не може да се основа на поединец.Има поединци кои влијаат повеќе,некои влијаат многу,но идентитет ,јазик,нација се создава од сите,од многумина.Воопшто не држи тезата дека заради некоја личност да се расправа за идентитет,јазик,нација на 1.5 милиони луѓе ...",neutral,negative,neutral,neutral,0.65,neutral,0.56,5,neutral,2,False,4,0.8,True,False,True,True,True,NLPTown
UgxNp30NcY3Blya_PFt4AaABAg.9d5hsNcQ3nk9dBsyfMhGH9,"<УСЕР>-о4к Ајде да отвориме едно прашање. Многу Македонци имаат земено Бугарски пасош да одат во европа да работата таму,и да можат да купуваат ефтини коли,тоа сите го знаеме,ние сме тука се ни е познато,Македонија е мала земја се се знае.Сега што сакате вие,Македонците кои зеле Бугарски втор пасош од економски причини да бидат Бугари ? Така ли ќе градиме иднина ... Сакате тие Македонци да бидат основа на ваши барања во Македонија,нели е тоа нечесно и расипано ... Во Македонија има пријавено 3500 Бугари ... Еве јас во 50 години живот имам сретнато само еден Бугарин,и тоа човекот се доселил од Бургас во Битола ...",neutral,negative,neutral,negative,0.8,negative,0.83,5,negative,2,False,3,0.6,False,True,False,True,True,"CardiffNLP, BERTweet"
UgxNp30NcY3Blya_PFt4AaABAg.9d5hsNcQ3nk9dBtXXYXp2D,"<УСЕР>-о4к Еве нешто кратко,Македонски народ,Македонски јазик е факт,вистина веќе 80 години,дали било каква историја влијае на тој факт ? Се разбира дека не, спорењето за историја нема врска со сегашноста која е факт.Мислам дека историјата и минатото непотребно се земаат за важни прашања,ние треба во сегашноста да градиме убав живот едни со други ...А тоа не е можно секако,се додека вие негирате,оспорувате осносвни човекови права народ да си создава своја држава,јазик,култура ..",neutral,negative,neutral,positive,0.82,negative,0.83,5,,3,False,0,0.0,False,False,False,False,False,
UgxNp30NcY3Blya_PFt4AaABAg.9d5hsNcQ3nk9dEuCNdqhFx,"Се работи за писмата сто Ефтим Спространов му ги упатил на бугарскиот министер-прецедател Р. Петров во времето непосредно по Илинденско востание. Инаку, Ефтим Спространов бил во дослух со бугарскиот политицки врв (еден вид бугарски спион уфрлен меѓу илинденците) и во своите тајни писма, упатувани до бугарскиот политицки врв во врска со македонското дело, сосема јасно ги описувал состојбите околу пројавите на македонската национална свест кај припадниците на насиот народ од поцетокот на овој век. Така, на пример, во писмото до бугарскиот премиер Петров во врска со зацестените манифестации на македонското национално самосознание во тој (ноември 1903 година) Спространов меѓу другото писува: Како сто гледате господине Министер-прецедателе, ваквите идеи сто веке насироко се прифакаат од македонското население, не се ни малку за потценување за да не им се посвети големо внимание. Ако притоа додадам дека пропагаторите на македонскиот сепаратизам се зафатиле мосне студиозно и со ентузијазам да пецатат книги, рецници, цитанки, историски уцебници и граматика на македонски јазик, тогас мозете да ја сфатите пореално опасноста за бугарстината во Македонија. Убеден сум дека за мосне кратко време, освен тенкиот слој на македонската интелигенција сколувана во бугарските уцилиста, народот ке го отфрли бугарскиот јазик и ке го прифати македонскиот, односно мајциниот, бидејки ке нема потреба да го уци, како сто со мака го прави тоа со бугарскиот јазик.",neutral,neutral,neutral,negative,0.5,negative,0.95,5,neutral,2,False,3,0.6,True,True,True,False,False,"Gemma, Llama"
UgxNp30NcY3Blya_PFt4AaABAg.9d5hsNcQ3nk9dEuUz93IXH,"Тоа е по окупацијата на Македонија од фасистицка Бугарија.Оваа е изјавата на еден ратен злоцинец на судењето.Осуден е на смрт и стрелан. Изјава на ратниот злоцинец Асен Богданов бугарски фасистицки нацалник„Пред да дојдам во Македонија имав впечаток дека овде, навистина, постои бугарски елемент. Со години нам ни беше всадувана идејата дека Македонија и припаѓа на Бугарија, дека македонскиот народ е бугарски, и дека тука било Бугарско Царство. Можев да констатирам дека како бугарски елемент се чувствуваа само неколку богати луѓе, кои се доближиле до бугарската власт, интелектуалци кои се броеја на рака, а кои и припаѓаа на организацијата на нашиот народ (бугарскиот - авт.). Сите останати се чувствуваа како Македонци.",negative,negative,neutral,negative,0.8,negative,0.95,5,negative,2,False,4,0.8,True,True,False,True,True,BERTweet
UgxNp30NcY3Blya_PFt4AaABAg.9d5hsNcQ3nk9dEunycxFvQ,"Мозес да го процитас и овоа:Цивилно население злосторницки убиено од Бугарските Фасистицки војски : Ваташа. Колежот го извршила бугарската војска и полициски одреди на чело со капетан Борис Жеглов, поручник Борис Костов и подофицер Петко Опреков под команда на полковник Љубен Апостолов, командант на 56. Велешки пешадиски полк од Петтата бугарска армија. Сестрата на Блаже Ицев, Нада Ицева (Јанева), го памти денот кога го уапсиле нејзиниот брат. Не насетувале, каков крвнички чин ќе се случи истиот ден. Блаже (17 г.) и сестра му Ката (15 г.), работеле домашни работи, кога биле одведени во селската меана на Васил Хаџи Јорданов. Таму ги затекнале и останатите младинци, каде почнало крвничкото тепање од страна на полицискиот заменик-началник Петко Опреков, поручникот Борис Костов и двајца бугарски агенти.[4] Еден од стреланите пред да умре, успеал да изусти „Стрелајте кучиња, но нашата идеја нема да умре!“. Четирите девојки што исто така биле уапсени — Мара Хаџи Јорданова, Стева Ампова, Павлина Касапинова и Ката Ицева — ги тргнале настрана.[6] Полицискиот началник Петко Опреков се спротивставил на поручникот Костов кога сакал да ги убие и девојките, а капетан Борис Жеглов го поддржувал Опреков па така тие биле спасени.[7] Дванаесетте убиени младинци од селото се:[9] Име и презиме Возраст Перо Видев 15 Ванчо Гурев 19 Данко Давков 18 Илија Димов 18 Ристо Ѓондев 18 Блаже Ицев 20 Пане Мешков 18 Герасим Матаков 18 Ферчо Попѓорѓиев 26 Васо Хаџијорданов 28 Диме Чекоров 20 Пане Џунов 18 На 13 јуни 1943 година бугарските власти стрелале неколкумина родители на партизаните од селото Шивец, а стрелале и две постари жени, мајки на револуционери од Кавадарци, Фруса Чедомирова и Рајна Соколова. Исто така со бомби биле разурнати неколку куќи во Кавадарци, Ваташа и во други села од Тиквешијата. Меѓутоа кулминацијата на сите овие ѕверства бил на 16 јуни, со стрелањето на дванаесетте ваташки младинци од селото Ваташа. Во спомен на настанот, изградена е спомен костурница на стреланите 12 младинци од Ваташа, која е откриена на 11 октомври 1961 година. На јужниот ѕид на споменикот е запишано: „Смртта стана немоќна пред нашата младост исправена, пред очите наши загледани, уште тоа утро во иднината“. На местото на стрелањето подигнат еспомен парк со површина од 7 ха, а во него се посадени 12 јавори како симбол на стреланите младинци од страна на Бугарските фасисти. За настанот испеана е народна песна: Ми заплакало селото Ваташа . Има усте списокот е голем. Во втората свецка војна Македонија даде 25000 зртви.",neutral,negative,neutral,negative,0.52,negative,0.94,5,negative,2,False,3,0.6,False,True,False,True,True,"CardiffNLP, BERTweet"
UgxNp30NcY3Blya_PFt4AaABAg.9d5hsNcQ3nk9dEvBeCrdLk,"По Втората светска војна Бугарија плати 45 милиони долари како репарации за окупацијата на Македонија и Западна Тракија. Тоа е околу 500-600 милиони долари.Бугарија бесе во Силите на оската. Видиго и овоа: 1.Тхе Ваффен Гренадиер Регимент оф тхе СС (1ст Булгариан) 2.Булгариан СС Трооп Анти-Танк Бригаде (1ст Булгариан) (Аппарентлј, тхере вас тхе Булгарисчес Ваффен Гренадиер Региметн дер СС, ака Ваффен Гренадиеррегимент дер СС Нр 1 (булгарисче Нр 1), цоммандед бјт СС Стандартенфüхрер Гунтер Анхалт. Ит вас формед оф Булгариан волунтеерс). Цоммандерс: СС-Стандартенфüухрер Гунтер Анхалт Новембер",neutral,negative,neutral,negative,0.8,negative,0.94,5,negative,2,False,3,0.6,False,True,False,True,True,"CardiffNLP, BERTweet"
UgxNp30NcY3Blya_PFt4AaABAg.9d5hsNcQ3nk9dGEyUbmuU6,"<УСЕР> Поздрав,неразбирливо е зошто толку оптовареност за историја кај Бугарите. Кај Македонците сигурно не би имало минатото ефект,ако Бугарите не се оптоварени од минатото и немаат во сегашноста проблем со реалноста која е јасна, Македонија и Македонците се реалност веќе 80 години како светски призната нација со свој посебен јазик,култура,менталитет,државност .",neutral,negative,neutral,negative,0.5,positive,0.85,5,,3,False,0,0.0,False,False,False,False,False,
UgxNp30NcY3Blya_PFt4AaABAg.9d5hsNcQ3nk9dGFEIKAaHS,"<УСЕР> Еве,јас како Македонец немам проблем со тоа што се случувало во минатото во смисла да живееме во омраза заради минатото,и не поврзувам тоа што и да било од страна на Бугари со денешниот Бугарин.Целиот свет го остава минатото и историјата таму каде што припаѓа во минатото, и гради сегашност а со тоа и иднина што единствено е важна .",neutral,positive,neutral,positive,0.85,neutral,0.85,5,neutral,2,False,3,0.6,True,False,True,False,True,"NLPTown, Gemma"
UgxNp30NcY3Blya_PFt4AaABAg.9d5hsNcQ3nk9dGG7QL1Azr,"<УСЕР> Навистина мора да се каже дека е неразбирлив отпорот на одреден број на Бугари кон Македонија и Македонскиот народ ако се има предвид и историјата.Македонија пред 1945 година била територија Македонија со население кое развивало свој јазик,обичаи,менталитет.И после 1945 г створена е националност и државност.Како може со сила да се негира појава и развивање на народ на своја територија.Еве да кажеме дека на територија на одредена земја да се развива внатре друга нација па да има сепарирање, тоа е друго прашање,но Македонија и Македонскиот народ е создаден и зацврстен на територија која била и пред тоа под тоа име Македонија,само што не била признаена и оформена држава.",neutral,negative,neutral,negative,0.5,neutral,0.88,5,neutral,2,False,3,0.6,True,False,True,False,True,"NLPTown, Gemma"
UgxNp30NcY3Blya_PFt4AaABAg.9d5hsNcQ3nk9dGGXQzoecL,"<УСЕР> Јасна е историјата дека во минатото дел од територијата на Македонија со население кое се кажувало за Македонци било распарчено од двете соседни земји, Грција и Бугарија,па ден денес на тие земени територии има Македонци кои се изјаснуваат за само тоа Македонци.Како може некој човек на друг човек да му кажува што да биде,сепак барем денес живееме во цивилизиран свет како слобода на изјаснување е прифатена и овозможена.",negative,negative,neutral,neutral,0.65,neutral,0.53,5,neutral,2,False,3,0.6,False,False,True,True,True,"CardiffNLP, NLPTown"
UgxNp30NcY3Blya_PFt4AaABAg.9d5hsNcQ3nk9dYQMx3yz56,<УСЕР> Да..имал..балгарска ;),positive,neutral,neutral,neutral,0.74,positive,0.95,5,neutral,2,False,3,0.6,False,True,True,True,False,"CardiffNLP, Llama"
UgxNp30NcY3Blya_PFt4AaABAg.9d5hsNcQ3nk9fbA25w-AT3,"<УСЕР> Бреј, вие ште се изкарате бетер евреите бе ?",negative,negative,neutral,negative,0.8,negative,0.94,5,negative,2,False,4,0.8,True,True,False,True,True,BERTweet
Ugx7AtZNIqEov3obieJ4AaABAg,"Зошто се плашите од историјата? Што ве загрижува? Дека Тито ви пишувал фалсификати? Дека Гоце, Даме и Јане биле Бугари? Е, ова е вистината. Добро? Престанете да лажете и бидете цивилизирани Европејци или ЈУрла и право во Белград!",negative,negative,neutral,negative,0.8,negative,0.94,5,negative,2,False,4,0.8,True,True,False,True,True,BERTweet
Ugx7AtZNIqEov3obieJ4AaABAg.9dXypsWOW1r9t6o592UXRf,1887 ГОЦЕ ДЕЛЦ'ЕВ Е РОДЕН во Кукус' -- ЕГЕЈСКА МАКЕДОНИЈА. ГОЦЕ ДЕЛЦ'ЕВ Е МАКЕДОНЕЦ и МАКЕДОНСКИ РЕВОЛУЦИОНЕР.,neutral,neutral,neutral,positive,0.85,positive,0.95,5,neutral,2,False,3,0.6,True,True,True,False,False,"Gemma, Llama"
Ugx7AtZNIqEov3obieJ4AaABAg.9dXypsWOW1r9t7-mViv4VX,"<УСЕР> Македонец и Балгарин нема разлика едно е . Затова Гоце сам е кажал: "" Шо да правим кога СИТЕ сме БАЛГАРИ"" - Гоце Делчев, 1900 Броз Тито е кажал: "" Гоце , Даме и ЈАне не са знаели шо са! Аз ве кажав шо сте и ве кажав дека Македонците не са Балгари а са ЈУгославени, Не пречи дека аз сам комунист Хрват и сум неписмен ! Важно е ЈУгославија да биде цела! "" - Јосиф Броз Тито , 1945 Иван Михајлов е кажал: "" Балгарија и Македонија са едно- Балгарско"" , 1990 на интервју по телевизијата ( на живо). Ти на Тито ли веруваш?",neutral,negative,neutral,negative,0.7,negative,0.5,5,negative,2,False,3,0.6,False,True,False,True,True,"CardiffNLP, BERTweet"
UgwOkLbCY87bOdwQUtB4AaABAg,И фебилот саја да казе напфаил Несто добро,positive,negative,neutral,neutral,0.65,positive,0.85,5,,3,False,0,0.0,False,False,False,False,False,
Ugyubj9s5Sl06xsg5ER4AaABAg,РСМ говориат на Северомакедонски език това са Северомакедонци нешто като помаците в БГ.,neutral,negative,neutral,negative,0.7,negative,0.95,5,negative,2,False,3,0.6,False,True,False,True,True,"CardiffNLP, BERTweet"
Ugyubj9s5Sl06xsg5ER4AaABAg.9d1cvdQ7tsV9d5ydezQKEB,"Да се занимаваш со друг народ,и притоа да го негираш е многу срамотно нешто,Вие Бугарите правите непријатели од Македонците заради тоа што сте жртви на пропаганда ...",negative,negative,neutral,negative,0.8,negative,0.95,5,negative,2,False,4,0.8,True,True,False,True,True,BERTweet
Ugyubj9s5Sl06xsg5ER4AaABAg.9d1cvdQ7tsV9t6nmV11LNK,МАКЕДОНСКИ ЈАЗИК ПОСТОИ 12 ВЕКА. КИРИЛ и МЕТОДИЈ и НАУМ ОХРИДСКИ АВТОРИ НА МАКЕДОНСКА АЗБУКА.,neutral,positive,neutral,neutral,0.85,positive,0.95,5,neutral,2,False,3,0.6,True,False,True,True,False,"NLPTown, Llama"
UgxFpiWZ9NBpCPAdDo14AaABAg,"Погледнете го линкот што докажува дека Македонци не постоеле до 1944 година (<УРЛ> ). Соединетите држави официјално прогласија дека нема македонска нација, нема македонска татковина и нема македонска самосвест. У.С. Сецретарј оф Стате Едвард Стеттиниус то У.С. Миссионс (Вашингтон, Дец.26, 1944) Тхис Говернмент цонсидерс талк оф “Мацедониан натион”, “Мацедониа Фатхерланд”, ор “Мацедониан натионал цонсциоуснесс” то бе уњустифиед демагогуерј репресентинг но етхниц ор политицал реалитј, анд сеес ин иц пресент ревивал а поссибле цлоак фор аггрессиве интентионс агаинст Грееце. [Соурце: У.С. Стате Департмент, Фореигн Релатионс вол виии, Вашингтон, Д.Ц., Цирцулар Аирграм (868.014/26 Дец 1944)]",neutral,negative,neutral,negative,0.6,negative,0.95,5,negative,2,False,3,0.6,False,True,False,True,True,"CardiffNLP, BERTweet"
UgxFpiWZ9NBpCPAdDo14AaABAg.9czu0eJm5a-9czyGVSufGl,Погледни си го лицето ти нацистичко во огледалото.,negative,negative,neutral,negative,0.8,negative,1.0,5,negative,2,False,4,0.8,True,True,False,True,True,BERTweet
UgxFpiWZ9NBpCPAdDo14AaABAg.9czu0eJm5a-9d-duzyd4c1,а кој што па ги прашува нив за нешто? кој ги ебе,negative,negative,neutral,negative,0.8,negative,0.95,5,negative,2,False,4,0.8,True,True,False,True,True,BERTweet
UgxFpiWZ9NBpCPAdDo14AaABAg.9czu0eJm5a-9d1U3PxYZEJ,"Мислев дека денеска си бил на преглед кај психијатар.Оцигледно во Фасистицка Бугарија не работат денес психијатриските клиники. Цитај малце тоа го има и во Архивот во Софија(мозам да ти ја дадам адресата на Архлвот на Фасистицка Бугарија).Мозам да ти предлозам некој мој колега психијатар добар,Це ти помогне, ти треба,Верувај ми. Двете страни да подготват и презентираат примероци од лекции врз основа на препораките на Комисијата, за кои Комисијата постигна согласност приложени кон Протоколот на следниот состанок на Мешовитата меѓувладина комисија според член 12 од Договорот за пријателство, добрососедство и соработка и да ги вклучи во иднина.на соодветните наставни програми, учебници и други релевантни наставни материјали, натписи на табли, историски монументи, споменици и информативни материјали во музеи и други локации од образовно и културно значење, како и во електронски информативни досиеја на јавен имот. Тоа знаци дека ние требе да прифатиме промена на Историјата да го избрисиме следното: Депортацијата на Евреите од Македонија претставува настан од Втората светска војна организиран од владите на фашистичка Бугарија и нацистичка Германија, со цел систематска елиминација на еврејското население од т.н. „новоослободени територии“ од страна на бугарската власт. Во јули 1940 година Бугарија започнува со донесување на антисемитски закони.[5] Во јануари 1941 година го донесува „Закон за заштита на нацијата“.[5] Во 1 март 1941 година Бугарија станува сојузник на Силите на оската.[5][10] Депортацијата на Евреите од Македонија претставува дел од депортација на Евреите од сите „новоослободени територии“ (Вардарска Македонија, Егејска Македонија).Ликвидирањето на Евреите од Македонија било резултат на договор меѓу нацистичка Германија и Царството Бугарија. Од името на двете држави на 2 февруари 1943 година договорот го потпишале Адолф Бекерле, (германски полномошен министер во Бугарија) и Петар Габровски, бугарски министер за внатрешни работи.[6][13] .За бројот на депортираните Евреи постојат различни податоци во бугарските официјални списоци. Постојат две групи оригинални списоци за македонските Евреи направени во самиот логор непосредно пред депортацијата; бугарски, според кој во логорот во Скопје се наоѓале 1702 семејства со 7056 членови, и германски, според кои во логорот се наоѓале 1828 семејства со 7162 членови – со основни податоци. Во тајното писмо од 18 март 1943 година од А. Вите, германски конзул во Скопје, испратено до Министерството за надворешни работи во Берлин, се наведува дека се депортирани 7240 Евреи.[2] .Сите Евреи од Македонија биле депортирани во логорот Треблинка во Полска, каде што биле задушени во гасни комори. Од Треблинка не се вратил никој. Сто це биде со злоцините изврсени од страна на Фасистицка Бугарија на територијата на Вардарска и Пиринска (Се усте е под окупација на Фасистицка Бугарија каде се врси присилна асимилација на Македонците ,за кој постојат пресуди од Хаг који Фасистицка Бугарија не ги спроведува )Македомија. Масакр во Ваташа — крвав настан кој се случил на 16 јуни 1943 година[1] кога биле стрелани 12 младинци од селото Ваташа во близина на Моклиште кај месноста „Чаир“, на 2 км оддалеченост од Ваташа. Колежот го извршила бугарската војска и полициски одреди на чело со капетан Борис Жеглов, поручник Борис Костов и подофицер Петко Опреков под команда на полковник Љубен Апостолов, командант на 56. Велешки пешадиски полк од Петтата бугарска армија. Сестрата на Блаже Ицев, Нада Ицева (Јанева), го памти денот кога го уапсиле нејзиниот брат. Не насетувале, каков крвнички чин ќе се случи истиот ден. Блаже (17 г.) и сестра му Ката (15 г.), работеле домашни работи, кога биле одведени во селската меана на Васил Хаџи Јорданов. Таму ги затекнале и останатите младинци, каде почнало крвничкото тепање од страна на полицискиот заменик-началник Петко Опреков, поручникот Борис Костов и двајца бугарски агенти.[4] Еден од стреланите пред да умре, успеал да изусти „Стрелајте кучиња, но нашата идеја нема да умре!“. Четирите девојки што исто така биле уапсени — Мара Хаџи Јорданова, Стева Ампова, Павлина Касапинова и Ката Ицева — ги тргнале настрана.[6] Полицискиот началник Петко Опреков се спротивставил на поручникот Костов кога сакал да ги убие и девојките, а капетан Борис Жеглов го поддржувал Опреков па така тие биле спасени.[7] Дванаесетте убиени младинци од селото се:[9] Име и презиме Возраст Перо Видев 15 Ванчо Гурев 19 Данко Давков 18 Илија Димов 18 Ристо Ѓондев 18 Блаже Ицев 20 Пане Мешков 18 Герасим Матаков 18 Ферчо Попѓорѓиев 26 Васо Хаџијорданов 28 Диме Чекоров 20 Пане Џунов 18 Зар некој има право да ги заборави.Кој е тој кој це ја промени таблата на која јасно стои стрелани од Фасистицкиот Бугарски окупатор. Замислите сега како би изгледало тоа.Требе да ги избрисиме зборовите Фасистицка Бугарија,Фасистицкото царство Бугарија,бугарска депортација на Евреите ... Тоа би изгледало овака:Фасистицка Марс,Фасистицко царство Марс,наместо Бугарска депортација на Евреите ние це записиме:Организиран туристицки излет во логорот Треблинка во Полска од страна на Фасистицка Марс... Но сто це одговори Р.Македонија на Израел.Како це ги избрисе овие податоци од Архивите на Германија,Југославија,Бугарија ,Рускиот архив,Архивот на Израел.... Дали це има крај на барањата на Татарска Фасистицка Бугарија сега.Сега со благослов на Европска унија. Но едно требе да сватат . Це ја искористам реценицата на еден од стреланите >Блокирајте кучиња до кога сакате, но нашата Македонија постоела и це ја надзивее Фасистицка Бугарија. Секоја издајницка влада на Македонија која це прифати само дел од Татарските барања це и припадне местото која го заслузила тоа е местото на бунистето.Поради тоа нема потреба од никакви понатамосни преговори со Фасистицка Бугарија.",neutral,negative,neutral,neutral,0.48,negative,0.94,5,neutral,2,False,3,0.6,True,False,True,True,False,"NLPTown, Llama"
UgxFpiWZ9NBpCPAdDo14AaABAg.9czu0eJm5a-9dEvniK8bRM,"Ај ти потомок на Луј - 14 погледај го и овоа: :Се работи за писмата сто Ефтим Спространов му ги упатил на бугарскиот министер-прецедател Р. Петров во времето непосредно по Илинденско востание. Инаку, Ефтим Спространов бил во дослух со бугарскиот политицки врв (еден вид бугарски спион уфрлен меѓу илинденците) и во своите тајни писма, упатувани до бугарскиот политицки врв во врска со македонското дело, сосема јасно ги описувал состојбите околу пројавите на македонската национална свест кај припадниците на насиот народ од поцетокот на овој век. Така, на пример, во писмото до бугарскиот премиер Петров во врска со зацестените манифестации на македонското национално самосознание во тој (ноември 1903 година) Спространов меѓу другото писува: Како сто гледате господине Министер-прецедателе, ваквите идеи сто веке насироко се прифакаат од македонското население, не се ни малку за потценување за да не им се посвети големо внимание. Ако притоа додадам дека пропагаторите на македонскиот сепаратизам се зафатиле мосне студиозно и со ентузијазам да пецатат книги, рецници, цитанки, историски уцебници и граматика на македонски јазик, тогас мозете да ја сфатите пореално опасноста за бугарстината во Македонија. Убеден сум дека за мосне кратко време, освен тенкиот слој на македонската интелигенција сколувана во бугарските уцилиста, народот ке го отфрли бугарскиот јазик и ке го прифати македонскиот, односно мајциниот, бидејки ке нема потреба да го уци, како сто со мака го прави тоа со бугарскиот јазик. Погледај го и овоа: По повод судењето на Асен Богданов, бугарски полициски началник во Скопје во периодот на бугарската окупација, „Нова Македонија“ (21 ноември 1944 г.) најавувајќи го судењето изнесува: дека процесот против воениот злосторник А. Богданов почнува со задоцнување, бидејќи бугарските власти не сакале да му го предадат на народниот суд. Бугарските власти долго време го одлагаа предавањето на Богданов, бидејќи тој, заедно со генералот Маринов, командант на КСВ-та бугарска окупаторска дивизија (штаб во Битола) наводно одиграл значајна улога во 9-то септемврискиот преврат во Софија, во Отечествено-фронтовска Бугарија. Маринов за “заслугите” стана главен командант на бугарската ОФ армија, а Богданов директор на софиската полиција. На оптуженичката клупа, заедно со Богданов, седеа уште неколку негови соработници. Во обвинението на јавниот тужител меѓу останатото се изнесува и следното: „Како помошник на обласниот директор и обласниот полициски началник во Скопје од Јануари 1943. до крајот на Август 1944. г., Асен Богданов, потполковник на фашистичката полиција, е еден од највисоките функционери на бугарските фашистички власти во Македонија кој е одговорен за многубројни ѕверства од страната на окупаторот во Македонија. Како обласен полициски началник во Скопје, Богданов организираше цела мрежа на соработници во цела Македонија и создаде специјални полициски органи и контрачети, се поврза со озлогласениот Гестапо, ги координираше и раководеше бугарската полиција и бугарската фашистичка војска на генералот Бојдев, Маринов, Поп-Димитров, како и специјалните одреди на Гестапо и поручникот Бирман.“ Асен Богданов, бугарски полициски начелник во Скопје, за време на бугарската окупација (1941-1944),",neutral,negative,neutral,negative,0.72,negative,0.94,5,negative,2,False,3,0.6,False,True,False,True,True,"CardiffNLP, BERTweet"
UgxFpiWZ9NBpCPAdDo14AaABAg.9czu0eJm5a-9dFZb8Hn2lk,"<УСЕР> Гледајте вас, не пишувате на кирилично и тргнали да ми дадете знаење. Тоа доволно кажува за вас - се плашите да пишувате на мајчината азбука затоа што правите многу грешки и се срамите што другите ќе видат колку сте неписмени. Освен тоа, вие не ги почитувате своите луѓе и нивните традиции, што е сосема нормално за човек чиј мозок е измиен од српските комунисти на Тито, неколку генерации по ред.",negative,negative,neutral,negative,0.8,negative,0.95,5,negative,2,False,4,0.8,True,True,False,True,True,BERTweet
UgxFpiWZ9NBpCPAdDo14AaABAg.9czu0eJm5a-9dHrZKKCrTk,"БИДЕЈЌИ БУГАРИТЕ ПРОДОЛЖУВААТ ДА КРАДАТ ИСТОРИЈА И ДА ГО НЕГИРААТ ПОСТОЕЊЕТО НА МАКЕДОНЦИТЕ КАКО НАРОД, ДА ГИ ВИДИМЕ ФАКТИТЕ, КОИ СЕ БУГАРИТЕ И КАКВО ИМ Е ПОТЕКЛОТО? Бугарите се народ кој потекнува од прабугарски турко-татарски племиња, кои од планината Кавказ се доселуваат на Балканот во 7 век, а нивниот водач - татаринот Хан Аспарух е првиот бугарски владетел кој од 679 до 681 година ја основа првата бугарска држава на Балканот, позната како Дунавска Бугарија. Во 7 век Бугарите воопшто не го познавале старословенскиот јазик, туку зборувале на својот прабугарски (татарски) јазик. Бугарите зборувале на прабугарски (татарски) се до 9 век. Врховниот бог на кој му се поклонувале Бугарите бил Тангра, а нивната религија е позната како Тангризам. Тангра бил врховен бог и на Хуните, Монголите и Алтајците. Се до 9 век сите бугарски владетели ја носеле титулата Хан (карактеристична за Татарите и Монголите). Во тие 2-3 века ќе дојде до мешање на Бугарите со античките Тракијци и со неколку словенски племиња кои живееле на територијата на денешна Бугарија. И дури тогаш ( во 9 век) Бугарите ќе го примат христијанството и старословенскиот јазик, ќе почнат да ги менуваат своите татарски лични имиња со словенски. Но тие ќе го задржат своето татарско национално име - Бугари, и татарското знаме (бело-зелено-црвена боја). Истото знаме во иста боја (бело-зелено-црвено) денес е национално знаме на Татарите од Република Татарстан. Првиот бугарски владетел кој ќе го прими христијанството и христијанската титула кнез е Борис Први, дури во 9 век - (864 година). Тоа се фактите.",negative,negative,neutral,negative,0.5,neutral,0.88,5,negative,2,False,3,0.6,True,True,False,True,False,"BERTweet, Llama"
Ugy1waw1tjPw1TaOr2h4AaABAg,Арно им кажа,negative,neutral,neutral,negative,0.8,negative,0.94,5,negative,2,False,3,0.6,True,False,False,True,True,"NLPTown, BERTweet"
Ugy1waw1tjPw1TaOr2h4AaABAg.A3I1I7Q4V-ZA3Lf-o7w4_b,"Што им кажа бла бла,абе нема Северна нема Преспански договор,тоа требаше да има каже.",negative,negative,neutral,negative,0.7,negative,0.95,5,negative,2,False,4,0.8,True,True,False,True,True,BERTweet
Ugy1waw1tjPw1TaOr2h4AaABAg.A3I1I7Q4V-ZA4-xAxLSFY8,"<УСЕР> а бе чекајте малку трпение спасение, да е вечна Република Македонија никогаш северна 🇲🇰",neutral,negative,neutral,positive,0.85,positive,0.95,5,,3,False,0,0.0,False,False,False,False,False,
Ugxh1eTlJu2jbWu_bXd4AaABAg,"Со лага,ага не бидува!!!",negative,negative,neutral,negative,0.8,negative,1.0,5,negative,2,False,4,0.8,True,True,False,True,True,BERTweet
UgypMjz6MzPDj-cMzW54AaABAg,"ВМРО -ДПМНЕ Е РЕПУБЛИКА МАКЕДОНИЈА ВМРО -ДПМНЕ Е МАКЕДОНСКИОТ НАРОД, да е вечна Република Македонија никогаш северна 🇲🇰",neutral,negative,neutral,negative,0.8,positive,0.95,5,,3,False,0,0.0,False,False,False,False,False,
UgypMjz6MzPDj-cMzW54AaABAg.A3PsbuFcOYRA4-ntZudPdg,Абе ИМЕТО кога ке го ВРАТАТ? ВМРО сеа се на власт така! А ИМЕТО? Кога??? Ке се врака? Цекам??? ЗА знамето да не Ни прасувам...,negative,negative,neutral,negative,0.8,negative,0.95,5,negative,2,False,4,0.8,True,True,False,True,True,BERTweet
UgypMjz6MzPDj-cMzW54AaABAg.A3PsbuFcOYRA4-wvVN8jVP,"<УСЕР> степ бај степ, Република Македонија е ГОРДА и секогаш НАША да е вечна Република Македонија никогаш северна 🇲🇰",positive,positive,neutral,positive,0.85,positive,0.95,5,positive,2,False,4,0.8,True,True,False,True,True,BERTweet
UgypMjz6MzPDj-cMzW54AaABAg.A3PsbuFcOYRA40odpNgEk2,<УСЕР> абе да не ви ТРЕБА И тапани.. И музика да ви викнеме за да го вратите ИМЕТО абе И ПОП наес сто знаци П О П ??? И ПОП КЕ ВИ ВИКНЕМЕ АКО ТРЕБА САМО ВРНЕТЕ ГО ИМЕТО ВМРОООВЦИИИИ ама МАДИЊА ТРЕБА МАДИЊА за ИМЕ да га ВРНЕТЕ!!! МАКЕДОНИЈА вецна крст И кандило огледало цесел вмрооо!!! МАКЕДОНИЈА постара од сонцето да ЗИВЕЕ аминта трети насиот татко господар И владател!¡,negative,negative,neutral,negative,0.8,negative,0.94,5,negative,2,False,4,0.8,True,True,False,True,True,BERTweet
UgypMjz6MzPDj-cMzW54AaABAg.A3PsbuFcOYRA4H_22jDYkl,<УСЕР> бугарофил станав засто??? Засто сум прасал вмроЕЦ кога вмаро ке го ВРАТИ ИМЕТО??? Цццц ИК ИМАС еднакво на СОБНА ТЕМПЕРАТУРА!!! знаци КОЈ реце несто со НЕ Е У сколоп на лазгите на сдсм вмро Е бугар а??? НЕСУМ ЗНАЕЛ ДАКА СУМ БУГАР БЕ У УСТА ДА ТЕ ЕБАМ ЈА ТВОЈА ДАВАЈ ГС ЕДЕН ПАТРИОЦКИ!!! ЈА СУМ СЕВЕРЕН МАКЕДОНЕЦ!! КОЈ со сила го направивте СЕВЕРЕН И КОЈ порано бесе само МАКЕДОНЕЦ... КОА ВМРО ке го ВРАТИ ИМЕТО МАКЕДОНИЈА ПРАСАВ??? КОПУК ЕДЕН!!! КО'ПК!!!,neutral,negative,neutral,negative,0.8,negative,0.97,5,negative,2,False,3,0.6,False,True,False,True,True,"CardiffNLP, BERTweet"
Ugxapf9X15sum36YbGV4AaABAg,Браво за. патриотот. МАКЕДОНИЈА И никако поинаку.,positive,positive,neutral,positive,0.85,positive,0.95,5,positive,2,False,4,0.8,True,True,False,True,True,BERTweet
UgxnMFHZrY2HYQF89id4AaABAg,Мајкати да ја користат МОЗИ?,neutral,negative,neutral,negative,0.7,neutral,0.85,5,neutral,2,False,3,0.6,True,False,True,False,True,"NLPTown, Gemma"
Ugx00glsBWpX-w00ICV4AaABAg,ИЗОЛАЦИЈА,negative,positive,neutral,negative,0.7,negative,0.95,5,negative,3,False,3,0.6,True,False,False,True,True,"NLPTown, BERTweet"
UgwQ4WFPnnZClOe4sGR4AaABAg,Честитки,neutral,positive,neutral,positive,0.95,positive,0.95,5,positive,2,False,3,0.6,False,True,False,True,True,"CardiffNLP, BERTweet"
UgxUHdQ1BpGP9d-HuZx4AaABAg,Политиканти немој ме ме радуј глупости,negative,negative,neutral,negative,0.8,negative,0.95,5,negative,2,False,4,0.8,True,True,False,True,True,BERTweet
UgwiZkkSK1uK199fA_d4AaABAg,Се се оцекува од хендикепирани нисто цудно.,positive,negative,neutral,negative,0.8,negative,0.95,5,negative,3,False,3,0.6,False,True,False,True,True,"CardiffNLP, BERTweet"
Ugx6r9ZMSaQcv50wNz54AaABAg,Абе бедно новинарче. Со какви побуди поставуваш такви прашања? Одговорими веднаш,negative,negative,neutral,negative,0.8,negative,0.95,5,negative,2,False,4,0.8,True,True,False,True,True,BERTweet
Ugx6r9ZMSaQcv50wNz54AaABAg.A3VAA25tPu7A3cJWAIWmW6,ПОДРШКА,neutral,positive,neutral,positive,0.85,positive,0.95,5,positive,2,False,3,0.6,False,True,False,True,True,"CardiffNLP, BERTweet"
Ugx6oM5j6rFGuwAio5R4AaABAg,бла бла како ти е лицната карц возацката пасосот???????????,negative,negative,neutral,negative,0.85,negative,0.99,5,negative,2,False,4,0.8,True,True,False,True,True,BERTweet
Ugx7GleyeiQMsdjF50R4AaABAg,Еее сега прасај ги поминаа изборите,neutral,positive,neutral,negative,0.8,negative,0.95,5,,3,False,0,0.0,False,False,False,False,False,
UgzcQUTqj1jfxv04hml4AaABAg,"""Огреала месечина од Солуна до Тетово""античка Македонска песна... Ја сакам Македониа👍💖 🇲🇰.",positive,positive,neutral,positive,0.95,positive,0.95,5,positive,2,False,4,0.8,True,True,False,True,True,BERTweet
UgzcQUTqj1jfxv04hml4AaABAg.9GwfUj7M11h9GwlD4y3xSl,Во Тетово грее албанското сунце,positive,positive,neutral,positive,0.85,negative,0.9,5,positive,3,False,3,0.6,True,True,False,True,False,"BERTweet, Llama"
UgzcQUTqj1jfxv04hml4AaABAg.9GwfUj7M11h9GwmUbee1UQ,<УСЕР> 🇲🇰🇦🇱 ❤️💯,neutral,positive,neutral,positive,0.95,positive,0.95,5,positive,2,False,3,0.6,False,True,False,True,True,"CardiffNLP, BERTweet"
UgzcQUTqj1jfxv04hml4AaABAg.9GwfUj7M11h9Gwmz-HWADm,"<УСЕР> оо, сега се сакате со албанците... Мислам си забравил кога се стрелјахте со пушките като партизаните през 19 век",negative,negative,neutral,negative,0.8,negative,0.94,5,negative,2,False,4,0.8,True,True,False,True,True,BERTweet
UgzcQUTqj1jfxv04hml4AaABAg.9GwfUj7M11h9GwnYRL-dKT,<УСЕР> зошто не да не се сакаме сакаш да не скараш?!,neutral,negative,neutral,negative,0.8,negative,0.94,5,negative,2,False,3,0.6,False,True,False,True,True,"CardiffNLP, BERTweet"
UgzcQUTqj1jfxv04hml4AaABAg.9GwfUj7M11h9GwngTlEFiZ,<УСЕР> ја да ви скарам? Това ви е проблемот на вас во мк. Имате много плитка памет.,negative,negative,neutral,negative,0.8,negative,0.95,5,negative,2,False,4,0.8,True,True,False,True,True,BERTweet
UgzcQUTqj1jfxv04hml4AaABAg.9GwfUj7M11h9GwoDyDo4lS,<УСЕР> како што може да се види од твојот коментар негативно провокаторски го ставаш. Во Тетово се грее и македонско и албанско знаме. Живееме заедно а не како кај вас не се почитуваат ниедни малцинства а сте во ЕУ ама ваш проблем е тоа.,negative,negative,neutral,negative,0.5,negative,0.94,5,negative,2,False,4,0.8,True,True,False,True,True,BERTweet
UgzcQUTqj1jfxv04hml4AaABAg.9GwfUj7M11h9GwohylZr_B,"<УСЕР> ние имаме малцинства и со нив си живеене мирмом. А до колко памтим вие имате ммогу проблеми, ја со јазикот да го признаате албанскиот за национален , ја со стрелба ватре во градот...а да не споменаваме војната за која Балгарија ви даде танкове са се пазите. Како рекоф, плитка памет.",negative,negative,neutral,negative,0.8,negative,0.95,5,negative,2,False,4,0.8,True,True,False,True,True,BERTweet
UgzcQUTqj1jfxv04hml4AaABAg.9GwfUj7M11h9Gwpm2f4Ncs,"<УСЕР> Бугарија не ги признава малцинствата, како и македонското. Да фала ви за тенковите кои беа половни не ви требаа тие па после за во канта. Вие имате проблем со нас очигледно, како и со турците. Кои осеќате од Турција ширење на нејзиното влијание...",negative,negative,neutral,negative,0.8,negative,0.95,5,negative,2,False,4,0.8,True,True,False,True,True,BERTweet
UgzcQUTqj1jfxv04hml4AaABAg.9GwfUj7M11h9GzFIDftXzk,<УСЕР> што мислат Србите <УРЛ>,neutral,negative,neutral,negative,0.85,neutral,0.85,5,neutral,2,False,3,0.6,True,False,True,False,True,"NLPTown, Gemma"
UgzcQUTqj1jfxv04hml4AaABAg.9GwfUj7M11h9GzHtPB41a5,"<УСЕР> Еве што зборат Србите, кои вие ги подржувале во тоа што го кажуваат. А од друга страна се претставуваш како пријател кој и мисли добро на државата. Демек еве што велат тие ние сме ви вистински пријатели. А впрочем вие ги поддржувате што велат. Дволичност бугарска политика. Не сум плиток со паметот. 🇲🇰🇲🇰🇲🇰🇲🇰🇲🇰🇲🇰🇲🇰🇲🇰🇲🇰🖕🖕🖕🖕🖕",neutral,negative,neutral,negative,0.8,negative,0.95,5,negative,2,False,3,0.6,False,True,False,True,True,"CardiffNLP, BERTweet"
UgzcQUTqj1jfxv04hml4AaABAg.9GwfUj7M11h9GzNDWQgIzV,"<УСЕР> А не е ли само иронија....сичко тоа се случва зато што ние сакаме само нај-доброто за вас, а вие го интерпретирате като нај-лошото. Жалко!",negative,negative,neutral,negative,0.72,negative,0.8,5,negative,2,False,4,0.8,True,True,False,True,True,BERTweet
UgzcQUTqj1jfxv04hml4AaABAg.9GwfUj7M11h9GzQDQNxnR3,"<УСЕР> Незнам... Најдобро... Признаваш јазик, нација, малцинство???",neutral,negative,neutral,neutral,0.65,negative,0.55,5,neutral,2,False,3,0.6,True,False,True,True,False,"NLPTown, Llama"
UgzcQUTqj1jfxv04hml4AaABAg.9GwfUj7M11h9GzQoE5dOsP,<УСЕР> може да се намери компромис но вие сте луди и нема да го приемете.,negative,negative,neutral,negative,0.8,negative,0.95,5,negative,2,False,4,0.8,True,True,False,True,True,BERTweet
UgzcQUTqj1jfxv04hml4AaABAg.9GwfUj7M11h9GzRB2Yi1R3,<УСЕР> Фала фала...,negative,negative,neutral,neutral,0.74,positive,0.95,5,,3,False,0,0.0,False,False,False,False,False,
UgzcQUTqj1jfxv04hml4AaABAg.9GwfUj7M11h9GzRab0Besw,"<УСЕР> сакам да те питам нешто, ама ми отговори искрено. Като го слушат македонските багарскиот език, како си ја објаснјават приликата?",neutral,negative,neutral,neutral,0.7,neutral,0.85,5,neutral,2,False,4,0.8,True,False,True,True,True,NLPTown
UgzzNtFlaPheK0kaQ-d4AaABAg,Од Дунав до Бело и од Охрид до Црно Море една нација живее! Сите сме бугари!,neutral,positive,neutral,positive,0.85,positive,0.95,5,positive,2,False,3,0.6,False,True,False,True,True,"CardiffNLP, BERTweet"
UgzzNtFlaPheK0kaQ-d4AaABAg.9GwbvtEDSdN9GwcspY38jk,ЈА сам татари и монгол,neutral,positive,neutral,negative,0.8,neutral,1.0,5,neutral,3,False,3,0.6,True,False,True,False,True,"NLPTown, Gemma"
UgzzNtFlaPheK0kaQ-d4AaABAg.9GwbvtEDSdN9GweH8wWdtB,Дали сте виделе сосед кој изгледа како монгол,neutral,negative,neutral,negative,0.85,neutral,0.98,5,neutral,2,False,3,0.6,True,False,True,False,True,"NLPTown, Gemma"
UgzzNtFlaPheK0kaQ-d4AaABAg.9GwbvtEDSdN9GwgtYV_mlA,<УСЕР> Ако се бугарите Татари тогаш ние сме бугарски Македонци.,neutral,negative,neutral,negative,0.8,positive,0.95,5,,3,False,0,0.0,False,False,False,False,False,
UgzzNtFlaPheK0kaQ-d4AaABAg.9GwbvtEDSdN9GwmNbUNoIm,"Вардарска, Пирин, Егеј Македонија 🇲🇰🇲🇰🇲🇰🇲🇰🇲🇰🇲🇰🇲🇰🇲🇰🇲🇰🇲🇰🇲🇰🇲🇰🇲🇰🇲🇰🇲🇰🇲🇰🇲🇰🇲🇰🇲🇰🇲🇰🇲🇰🇲🇰🇲🇰🇲🇰🇲🇰🇲🇰🇲🇰🇲🇰🇲🇰🇲🇰🇲🇰🇲🇰🇲🇰🇲🇰🇲🇰🇲🇰🇲🇰🇲🇰🇲🇰🇲🇰🇲🇰🇲🇰🇲🇰👌👌👌👌👌👌👌👌👌👌👌👌👌👌☝️☝️☝️☝️☝️☝️☝️☝️☝️☝️☝️☝️☝️☝️🖕🖕🖕🖕🖕🖕🖕🖕🖕🖕🖕🖕🖕🖕💪💪💪💪💪💪💪💪💪💪💪💪💪💪",neutral,positive,neutral,negative,0.8,positive,0.98,5,,3,False,0,0.0,False,False,False,False,False,
UgzzNtFlaPheK0kaQ-d4AaABAg.9GwbvtEDSdN9GxwurR7QTH,Јади гомна губре предавницко. Да дај господ гол окулу маса да ти поминав кога ке вецерас со фамилијата.,negative,positive,neutral,negative,0.8,negative,0.95,5,negative,3,False,3,0.6,True,False,False,True,True,"NLPTown, BERTweet"
Ugy070pOLPW4Zshgdw94AaABAg,"ШТе е интересно да ви ја гледам фацата като минат изборите, а вие си останете на истото дережде.",negative,neutral,neutral,negative,0.8,negative,0.95,5,negative,2,False,3,0.6,True,False,False,True,True,"NLPTown, BERTweet"
UgyK-SmuljpfCfftnct4AaABAg,кои избори која година 😂,neutral,positive,neutral,neutral,0.7,neutral,0.98,5,neutral,2,False,4,0.8,True,False,True,True,True,NLPTown
UgyFKGNzCvVEuWkFvs94AaABAg,"Сега всеки ден, всеки час, навсјакаде около нас има материал за празни вета, но аз вече сам с огромни мустаци и нјама да ми стигнат сили.",negative,negative,neutral,negative,0.8,negative,0.95,5,negative,2,False,4,0.8,True,True,False,True,True,BERTweet
UgyFKGNzCvVEuWkFvs94AaABAg.9b_8b568PJt9uNPK79UjCZ,<УСЕР>...........8б лај ј татар с'упа.,neutral,negative,neutral,negative,0.8,negative,1.0,5,negative,2,False,3,0.6,False,True,False,True,True,"CardiffNLP, BERTweet"
UgyFa8lCWOSy7KlDmOZ4AaABAg,"Трагедијата е,че даржава на гола ливада не може да се гради.",negative,negative,neutral,negative,0.8,negative,0.95,5,negative,2,False,4,0.8,True,True,False,True,True,BERTweet
UgyFa8lCWOSy7KlDmOZ4AaABAg.9bYGha81Hu_9uNP1m7bjbi,@.............8259 гњури. ............. ј Црно море.,neutral,negative,neutral,negative,0.8,neutral,0.85,5,neutral,2,False,3,0.6,True,False,True,False,True,"NLPTown, Gemma"
UgyFa8lCWOSy7KlDmOZ4AaABAg.9bYGha81Hu_9uNQVHGjLw8,<УСЕР> 😂😂😂,neutral,positive,neutral,neutral,0.85,negative,1.0,5,neutral,3,False,3,0.6,True,False,True,True,False,"NLPTown, Llama"
UgwcXc9cJdIiZaWhUUN4AaABAg,"Одлуката да се најде договор е само една - Бугарите ја препознаваат сегашноста, а Македонците минатото - како што пишува во историските извори и низ светската историографија.",neutral,neutral,neutral,neutral,0.65,negative,0.95,5,neutral,2,False,4,0.8,True,True,True,True,False,Llama
UgwcXc9cJdIiZaWhUUN4AaABAg.9b_hZyyIfNY9wLdycZatoZ,МАКЕДОНСКИ НАРОД ПОСТОИ 25 ВЕКА. ( други - нивен проблем.),negative,positive,neutral,negative,0.8,negative,0.95,5,negative,3,False,3,0.6,True,False,False,True,True,"NLPTown, BERTweet"
Ugz_UZPqf41Vq2Irq494AaABAg,Слусајте цујте и поцујте еден ден ке се каете за васите постапки каде бевте 30 год.зисто глумевте комсии? Ало бе каде дусата ке ви оди? Прајте со ке прајте Бугари никогас нема да бидеме подобро Турци ке се писеме,negative,negative,neutral,negative,0.8,negative,0.95,5,negative,2,False,4,0.8,True,True,False,True,True,BERTweet
Ugz_UZPqf41Vq2Irq494AaABAg.9bYAiOreHv29bYgZZDd4a9,ти вече си се пишал с срабско име и ке бидеш бадешт албанец,neutral,negative,neutral,positive,0.85,negative,0.95,5,,3,False,0,0.0,False,False,False,False,False,
Ugz_UZPqf41Vq2Irq494AaABAg.9bYAiOreHv29ba1QntJQIH,"ако не си Бугарин, молим те пишувај Албански или Грачки",neutral,negative,neutral,negative,0.8,negative,0.95,5,negative,2,False,3,0.6,False,True,False,True,True,"CardiffNLP, BERTweet"
Ugz_UZPqf41Vq2Irq494AaABAg.9bYAiOreHv29uNOn_Fpm3o,<УСЕР> - ѓубре. јади и з'уто и зелено. ј кењеф.,neutral,negative,neutral,negative,0.8,negative,0.95,5,negative,2,False,3,0.6,False,True,False,True,True,"CardiffNLP, BERTweet"
UgxRWXNCrbdK9nLC3Yd4AaABAg,2018 на РЕФЕРЕНДУМ ГРАЃАНИ од МАКЕДОНИЈА рекоа не ЕУ. сдс програма 2020 нема бугари во УСТАВ. и бугари и сдс ј вц.,neutral,negative,neutral,negative,0.8,negative,0.95,5,negative,2,False,3,0.6,False,True,False,True,True,"CardiffNLP, BERTweet"
UgyDZTc6PaTKGJq8MWh4AaABAg,пално вето .. пално ...,neutral,negative,neutral,positive,0.85,negative,1.0,5,,3,False,0,0.0,False,False,False,False,False,
Ugz5XEQ-ZjgDH9ZGMTp4AaABAg,Ваобште не ми дреме какви са ви опциите.,negative,negative,neutral,negative,0.8,negative,0.9,5,negative,2,False,4,0.8,True,True,False,True,True,BERTweet
UgyDfrw5RpoJCGXGGkh4AaABAg,Нјама опција,neutral,neutral,neutral,neutral,0.7,neutral,0.85,5,neutral,1,True,5,1.0,True,True,True,True,True,
UgyDfrw5RpoJCGXGGkh4AaABAg.9Gw_8_A6qvK9H2i2P-UXaU,Има има..... ;),positive,positive,neutral,neutral,0.7,positive,0.95,5,positive,2,False,3,0.6,True,True,False,False,True,"BERTweet, Gemma"
UgyxA0RrRbdTsVbTyoN4AaABAg,Да зивее македонија 🇲🇰🇲🇰🇲🇰 сдсм да излези од се,negative,negative,neutral,negative,0.8,negative,0.95,5,negative,2,False,4,0.8,True,True,False,True,True,BERTweet
UgyxA0RrRbdTsVbTyoN4AaABAg.9d5ljF-rUWW9d8WqD09wpv,"Маке, обарка името, Северна Македонија, западна Бугарија како сакаш. Бугарче од македонски регион.",neutral,negative,neutral,negative,0.7,negative,0.95,5,negative,2,False,3,0.6,False,True,False,True,True,"CardiffNLP, BERTweet"
UgyVdkQf9FjT7pTXST94AaABAg,ИЗЛЕЗИ ТАТКОВИНАТА ПОВИКУВА🇲🇰,neutral,negative,neutral,negative,0.8,negative,0.95,5,negative,2,False,3,0.6,False,True,False,True,True,"CardiffNLP, BERTweet"
UgxKRth-qVppWvQlWA94AaABAg,имам бугарски пасош,neutral,negative,neutral,neutral,0.8,neutral,1.0,5,neutral,2,False,4,0.8,True,False,True,True,True,NLPTown
UgxKRth-qVppWvQlWA94AaABAg.9d4TE2CH6Gw9d5o54G-JI4,Предавник,negative,positive,neutral,negative,0.8,negative,1.0,5,negative,3,False,3,0.6,True,False,False,True,True,"NLPTown, BERTweet"
UgxKRth-qVppWvQlWA94AaABAg.9d4TE2CH6Gw9d9UEqOU5cr,"И јас имам амерички, ама пак сум македонка.",neutral,negative,neutral,neutral,0.78,neutral,0.85,5,neutral,2,False,4,0.8,True,False,True,True,True,NLPTown
UgxKRth-qVppWvQlWA94AaABAg.9d4TE2CH6Gw9d9VbmbAz60,<УСЕР> предавник спиунка за 10денари се продадовте,neutral,negative,neutral,negative,0.8,negative,1.0,5,negative,2,False,3,0.6,False,True,False,True,True,"CardiffNLP, BERTweet"
UgwbgfdAqLhhNhHZCMZ4AaABAg,"Под кситно да не остави на раат оваа гнасна влада, договор јок, не,",negative,negative,neutral,negative,0.8,negative,0.95,5,negative,2,False,4,0.8,True,True,False,True,True,BERTweet
UgzoWWyczcsxgUHewwF4AaABAg,ШТо кажа ЕУ- освестете се или бесете се !,negative,negative,neutral,negative,0.8,negative,0.95,5,negative,2,False,4,0.8,True,True,False,True,True,BERTweet
UgyDqtuJ4hMV535vokd4AaABAg,Благодарам за видеото. Во овој момент ми бесе потребна ваква позитивна енергија за повторно да се цувствувам располозено и безбризно,positive,positive,neutral,positive,0.85,positive,0.95,5,positive,2,False,4,0.8,True,True,False,True,True,BERTweet
UgxtRM7_9S4AOcAvGjp4AaABAg,Бест видео фор мотиватион💗☀️,positive,neutral,neutral,positive,0.95,positive,0.95,5,positive,2,False,3,0.6,True,False,False,True,True,"NLPTown, BERTweet"
UgwxcV_kcA1vKCl2a9p4AaABAg,💕☀️,positive,positive,neutral,positive,0.98,positive,0.95,5,positive,2,False,4,0.8,True,True,False,True,True,BERTweet
Ugw3NnJ08-uvue7G3HV4AaABAg,СИ била во голем ризик И со свој стан😍,positive,positive,neutral,positive,0.85,positive,0.95,5,positive,2,False,4,0.8,True,True,False,True,True,BERTweet
UgzS_L_dNKXzs6mG2TV4AaABAg,"Срека ги следи храбрите, се е ризик шизик🤩",negative,positive,neutral,positive,0.95,positive,0.95,5,positive,3,False,3,0.6,False,True,False,True,True,"CardiffNLP, BERTweet"
UgxpgJVrc0eKSYr2pMB4AaABAg,"Супер, бас ми е драго. Навистина ке ни бидес голема поддрска И сјаен пример 💗🌌💎",positive,neutral,neutral,positive,0.85,positive,0.95,5,positive,2,False,3,0.6,True,False,False,True,True,"NLPTown, BERTweet"
UgxpgJVrc0eKSYr2pMB4AaABAg.8fC2qsKhZhB8fCr0wGfuo1,Ви благодарам драга Елена,positive,positive,neutral,positive,0.95,positive,0.95,5,positive,2,False,4,0.8,True,True,False,True,True,BERTweet
Ugwdu_H18dt9MfK2sQh4AaABAg,Којто сам си направи друг не може...,neutral,negative,neutral,negative,0.8,negative,0.94,5,negative,2,False,3,0.6,False,True,False,True,True,"CardiffNLP, BERTweet"
Ugyk4Z-pfvtMpfSAyz54AaABAg,Нема мрдање или нјама мардане!,negative,negative,neutral,negative,0.8,negative,0.95,5,negative,2,False,4,0.8,True,True,False,True,True,BERTweet
Ugwx-BgjRZEGU6eIOLt4AaABAg,"Добро овој професор Апасиев го слуса ли некој,,,Македонскиот народ да се освести и добро да го послуса и разработи овој разговор,,,затоа мислете размислете за кого гласате,,,многу паметно струцно казано,,,,",neutral,positive,neutral,positive,0.7879,positive,0.95,5,positive,2,False,3,0.6,False,True,False,True,True,"CardiffNLP, BERTweet"
Ugwx-BgjRZEGU6eIOLt4AaABAg.9Aa2MQat_Oa9Dwf8M8bQ87,Да го слусаат. Има многу симпатизери,neutral,negative,neutral,positive,0.85,positive,0.95,5,,3,False,0,0.0,False,False,False,False,False,
Ugwx-BgjRZEGU6eIOLt4AaABAg.9Aa2MQat_Oa9m1TZWq50lD,"<УСЕР> будала тешка, Преспанскиот договор е најмалце штетен договор еден од највише корисните договори за Македонија каде ниту промениме идентитет ниту јазик ниту учебници по историја, али влез во НАТО и чување на македонското небо со грчки авиони баш против оние кој сакаат да не избришат и ко народ, али и ко држава а тоа е нашиот источен сосед, правиот душман на Авнојска СРМ",negative,negative,neutral,negative,0.72,positive,0.95,5,negative,3,False,3,0.6,True,True,False,True,False,"BERTweet, Llama"
Ugwpniehivv61ofZpSN4AaABAg,абе будалла,positive,neutral,neutral,negative,0.8,negative,1.0,5,,3,False,0,0.0,False,False,False,False,False,
UgzQPyQXFTyp2o18-UR4AaABAg,"Да зивее Р Македонија! Не за промената на името, не и не и не!!!",negative,negative,neutral,positive,0.85,positive,0.95,5,,3,False,0,0.0,False,False,False,False,False,
UgwYeSeAitL4hE9P4gh4AaABAg,ДА ЗИВЕЕ МАКЕДОНИЈА МАКЕДОНИЈА НА МАКЕДОНЦИТЕ НЕМА ПРОМЕНИ НА ИМЕТО КОЈ НЕКЕ НАДВОР ОД ЗЕМЈАТА,negative,negative,neutral,positive,0.85,negative,0.94,5,negative,3,False,3,0.6,True,True,False,False,True,"BERTweet, Gemma"
UgwYeSeAitL4hE9P4gh4AaABAg.8p4bMd1eq5R8pHKbI37T9C,македонија е грцка. ние СМЕ фјром. или горна македонија. северна македонија е најппнизивацкото име досега.,neutral,negative,neutral,negative,0.8,negative,0.95,5,negative,2,False,3,0.6,False,True,False,True,True,"CardiffNLP, BERTweet"
UgxoiHFKENxeRn00jVd4AaABAg,"И аз не мислја че трјабва да си сменјате името, а именно - Бивша ЈУгославска Република Македонија. Трјабва да помните откога сте даржава, кои ви саздаде като народ, и кои ви написа азбуката.",negative,negative,neutral,negative,0.8,negative,0.95,5,negative,2,False,4,0.8,True,True,False,True,True,BERTweet
Ugw1p6ESCbVCtPZZF7h4AaABAg,Откажување од еу одма!!!!!,negative,negative,neutral,negative,0.8,negative,0.95,5,negative,2,False,4,0.8,True,True,False,True,True,BERTweet
UgwMSjYw3lOYWY-s5td4AaABAg,Франција нема влада макр по о,negative,negative,neutral,neutral,0.85,negative,0.95,5,negative,2,False,3,0.6,True,True,False,False,True,"BERTweet, Gemma"
Ugyy68FXf6tjf-A_M2R4AaABAg,Левица со јасни ставови за Р.Македонија👍☀️ 🇲🇰...,positive,negative,neutral,positive,0.98,positive,0.95,5,positive,3,False,3,0.6,True,False,False,True,True,"NLPTown, BERTweet"
Ugx8KyWDLMEn1ils5St4AaABAg,по големи циркузанти от титовците нема 😂😂,negative,neutral,neutral,negative,0.8,negative,0.95,5,negative,2,False,3,0.6,True,False,False,True,True,"NLPTown, BERTweet"
UgwNQvn5_bYoS_Kwxd94AaABAg,Зошто се користи англиски место македонски ?,negative,negative,neutral,neutral,0.65,negative,0.9,5,negative,2,False,3,0.6,True,True,False,False,True,"BERTweet, Gemma"
UgwNQvn5_bYoS_Kwxd94AaABAg.9qR8sh6lZI99qnmxVFiuiT,на Македонски Јазик: сдс програма 2020 никаде нема блгари во УСТАВ. и сдс идиоти и блгар јунк ј Црно море. ОВА Е МАКЕДОНИЈА!!!,negative,negative,neutral,negative,0.8,negative,0.95,5,negative,2,False,4,0.8,True,True,False,True,True,BERTweet
UgwsPLwK3raG3tCSRjF4AaABAg,Мицотакис кога го преработил праспанскиот угобор загор му удрел во срцето од задоволство ја имаат Антицка Македониа без македонци... Овој Анѓусев је само мозок🤣😅.,negative,negative,neutral,negative,0.8,negative,0.95,5,negative,2,False,4,0.8,True,True,False,True,True,BERTweet
UgzopOZid-HNwWfuAHh4AaABAg,Ккккк,neutral,neutral,neutral,neutral,0.9,negative,1.0,5,neutral,2,False,4,0.8,True,True,True,True,False,Llama
Ugx0y8kzLSQ6cEpY04p4AaABAg,ПОЗДРАВ ДО НАЈ ДОБРИОТ ПСИХОЛОГ ВО СКОПЈЕ И МАКЕДОНИЈА.,positive,positive,neutral,positive,0.95,positive,0.95,5,positive,2,False,4,0.8,True,True,False,True,True,BERTweet
UgyjternQrgafvjMi2d4AaABAg,македонциииииии😘😘😘😘,positive,positive,neutral,positive,0.95,positive,0.95,5,positive,2,False,4,0.8,True,True,False,True,True,BERTweet
UgxS13klG8khxEazgmt4AaABAg,ФЕНОМЕНАЛНАТА ИВАНА.,neutral,positive,neutral,positive,0.98,positive,0.95,5,positive,2,False,3,0.6,False,True,False,True,True,"CardiffNLP, BERTweet"
UgyCHqOyVmIk1UQZ4mx4AaABAg,"ПОДРШКА за наша другарка Ж.Ф.СВЕЌАРОВСКА! и пожелуваме да ги ЗАПРЕ и им стави КРАЈ на УРБАНИСТИЧКИ ХАОС, КОРУПЦИЈА и ПАРТИЗАЦИЈА на сите ДРЖАВНИ сфери!! како и решителна БОРБА со урбаната мафија, изградба на меморијален центар „16 март“, решавање на прашања со Касарната и подобрување на ПАТНАта, ВОДОВОДНАта и КОМУНАЛНАта инфраструктура. Посебен фокус ќе има на МЛАДИте, ЗЕМЈОДЕЛЦИте и малите БИЗНИСИ, преку ПОДДРШКА за СТАРТАПИ, фонд за МИКРО КРЕДИТИ и создавање услови за ЛОКАЛЕН ОДРЖЛИВ ЕКОНОМСКИ РАСТ и РАЗВОЈ!!",neutral,positive,neutral,positive,0.85,positive,0.95,5,positive,2,False,3,0.6,False,True,False,True,True,"CardiffNLP, BERTweet"
UgzT640OiyvVNFX5ZP94AaABAg,НИКОГАШ,neutral,negative,neutral,negative,0.7,negative,1.0,5,negative,2,False,3,0.6,False,True,False,True,True,"CardiffNLP, BERTweet"
UgySQ5VzfsMTv8g5CW54AaABAg,"Да, има многу дезинформации и штетни наративи, а од вашите поштетни нема.",negative,negative,neutral,negative,0.8,negative,0.95,5,negative,2,False,4,0.8,True,True,False,True,True,BERTweet
UgxeYFUTce2wFYtrIHZ4AaABAg,"Имате добра сторија, продолжете да истражувате и објавувате информации.",positive,positive,neutral,positive,0.85,positive,0.95,5,positive,2,False,4,0.8,True,True,False,True,True,BERTweet
UgxgF3F9koYi-xJBiH94AaABAg,Македонија вечна љубов без придавки како и во библијата,neutral,positive,neutral,positive,0.85,positive,0.95,5,positive,2,False,3,0.6,False,True,False,True,True,"CardiffNLP, BERTweet"
UgxgF3F9koYi-xJBiH94AaABAg.9mULaqx0gx99mUcCDGIIpV,"Да, и Рамзес И Охридски и Тутанкамон Македонски -древносеверно македонски фараони.",neutral,neutral,neutral,positive,0.85,positive,0.95,5,neutral,2,False,3,0.6,True,True,True,False,False,"Gemma, Llama"
UgxgF3F9koYi-xJBiH94AaABAg.9mULaqx0gx99mUzTrx1ocj,Имаме свето име Македонија поздрав,positive,positive,neutral,positive,0.95,positive,0.95,5,positive,2,False,4,0.8,True,True,False,True,True,BERTweet
UgxgF3F9koYi-xJBiH94AaABAg.9mULaqx0gx99mWPQr_g50l,@ваневампиро2770 Имате свето име: Република СЕВЕРНА Македонија!,neutral,positive,neutral,positive,0.95,positive,1.0,5,positive,2,False,3,0.6,False,True,False,True,True,"CardiffNLP, BERTweet"
UgxgF3F9koYi-xJBiH94AaABAg.9mULaqx0gx99mW_0CbygwS,<УСЕР> без придавки само библиско име Македонија,neutral,negative,neutral,negative,0.8,positive,0.95,5,,3,False,0,0.0,False,False,False,False,False,
UgxgF3F9koYi-xJBiH94AaABAg.9mULaqx0gx99mWa1k1YZPd,"<УСЕР> Парвата преведена Библија е на Грацки, а древна манкидонска област е това. И те ви го казват.",neutral,negative,neutral,negative,0.75,negative,0.94,5,negative,2,False,3,0.6,False,True,False,True,True,"CardiffNLP, BERTweet"
UgxgF3F9koYi-xJBiH94AaABAg.9mULaqx0gx99mWazL9I-aI,<УСЕР> грчка окупација на Македонија,negative,negative,neutral,negative,0.8,negative,0.95,5,negative,2,False,4,0.8,True,True,False,True,True,BERTweet
UgxgF3F9koYi-xJBiH94AaABAg.9mULaqx0gx99ut2SQ9UM32,<УСЕР> .......... јади з'уто. ј сдс вц.,negative,negative,neutral,negative,0.8,negative,0.95,5,negative,2,False,4,0.8,True,True,False,True,True,BERTweet
Ugw6ZNclgbliJ5HL0pd4AaABAg,Браво само вака да продолжиме тешко младиве вработуванја немат,positive,negative,neutral,negative,0.85,negative,0.95,5,negative,3,False,3,0.6,False,True,False,True,True,"CardiffNLP, BERTweet"
Ugzlf4olLmkZHGcq9HR4AaABAg,"Леттер фром мемберс оф ИМРО фром тхе цитј оф Битола ин 1915: ""Софиа То Хис Мајестј тхе Кинг Јоур Мајестј Тхе Булгариан флаг ис вавинг овер Битола. Тхе цаннон боомс броке тхе чаинс оф славерј анд тхе соунд оф тхе милитарј трумпец соундед ин тхе фортресс оф тхе Булгаринес он тхе отхер сиде оф тхе Вардар Ривер анд процлаимед тхат Мацедониа ис фрее ундер тхе сцептер оф Јоур Мајестј, инсепараблј унитед витх Булгариа. Јоур Мајестј, он тхис меморабле дај, лет ус онце агаин оффер ан оатх оф аллегианце анд девотион то тхе унифиер оф тхе Булгариан раце, ан оатх оф фрее Булгариан цитизенс."" Амонг тхе сигнаториес ис Анастас Лозанчев, тхе ласт ливинг мембер оф тхе Генерал Стафф оф тхе Илинден Уприсинг оф 1903.",neutral,negative,neutral,positive,0.85,negative,0.95,5,,3,False,0,0.0,False,False,False,False,False,
Ugzlf4olLmkZHGcq9HR4AaABAg.9mWRdKih1Eb9ut2tliUujh,МАКЕДОНСКИ НАРОД ПОСТОИ 25 ВЕКА. од ФИЛИП КРАЛ НА МАКЕДОНИЈА. татари - германци 'направиа' Блгариа пред 140 години.,neutral,negative,neutral,negative,0.75,negative,0.95,5,negative,2,False,3,0.6,False,True,False,True,True,"CardiffNLP, BERTweet"
UgxsBOf4VvNp-TlYNAV4AaABAg,Фабрики да се отворат работни места да се отворат,neutral,negative,neutral,positive,0.85,positive,0.95,5,,3,False,0,0.0,False,False,False,False,False,
UgyCLMMjoB0vJWNDUTV4AaABAg,"Републиц Нортх Мацедониа, синце 2019 Формер намес: Ф.Ј.Р.О.М, Соутх Сербиа, Вардарска Бановина Енд оф сторј.",neutral,negative,neutral,negative,0.8,neutral,0.85,5,neutral,2,False,3,0.6,True,False,True,False,True,"NLPTown, Gemma"
UgyCLMMjoB0vJWNDUTV4AaABAg.9mUCSAvrtAy9mUbHuN_JSG,"Северна Македонија-бивша и бадешта Балгарска област. Всички титовски"" ЈУжна Сарбија и вардарска бановина, ште бадат изтрити от историјата . Енд оф сторј.",negative,positive,neutral,negative,0.8,negative,0.95,5,negative,3,False,3,0.6,True,False,False,True,True,"NLPTown, BERTweet"
UgyCLMMjoB0vJWNDUTV4AaABAg.9mUCSAvrtAy9mW1LZGKs0N,Жена ти се пегла за три червени во Германија за да можете леб да јадете. Крај на приказната.,negative,negative,neutral,negative,0.8,negative,0.95,5,negative,2,False,4,0.8,True,True,False,True,True,BERTweet
UgyCLMMjoB0vJWNDUTV4AaABAg.9mUCSAvrtAy9mW1xuHckfh,"<УСЕР> Дедо, сега е много по-убаво. Во Студентски град, Софија за две бири Пиринско и една шопска салата си ги лиубиме сите убави македонски девојчета отма. И они викат САКАМЕ ОШТЕ ОШТЕ. Прашај Керка ти. Поздрав, една зелена. МАКЕ ЛОВЕ НОТ ВАР",positive,positive,neutral,positive,0.85,negative,0.94,5,positive,3,False,3,0.6,True,True,False,True,False,"BERTweet, Llama"
UgyCLMMjoB0vJWNDUTV4AaABAg.9mUCSAvrtAy9mW5g3e6hWC,<УСЕР> од кога тоа машките што ве пеглаат ги викате девојчиња. 🤣🤣🤣🤣🤣🤣,neutral,negative,neutral,negative,0.8,negative,1.0,5,negative,2,False,3,0.6,False,True,False,True,True,"CardiffNLP, BERTweet"
UgyCLMMjoB0vJWNDUTV4AaABAg.9mUCSAvrtAy9mW8oMKVzxZ,@даркомицески3755Древните македонци измислили секса. Много по-касно Балгарите само го апгрејтвали като добавили и жена.,neutral,negative,neutral,negative,0.8,negative,0.95,5,negative,2,False,3,0.6,False,True,False,True,True,"CardiffNLP, BERTweet"
UgyCLMMjoB0vJWNDUTV4AaABAg.9mUCSAvrtAy9mWBrlfGqk-,"<УСЕР> единствено нешто што бугарите измислиле , покрај киселото млеко, е фалсификување на историјата. Да беше така како што ти викаш немаше да се палите на Азис 🤣🤣",negative,negative,neutral,negative,0.8,negative,0.95,5,negative,2,False,4,0.8,True,True,False,True,True,BERTweet
UgyCLMMjoB0vJWNDUTV4AaABAg.9mUCSAvrtAy9mWD6y3nA57,"<УСЕР> На знамето на истинското ВМРО пише на чист балгарски:"" СВОБОДА ИЛИ СМАРТЬ"". Нема ништо обшто сас срабскија: ""сЛобода или смрт""",neutral,negative,neutral,negative,0.8,negative,0.95,5,negative,2,False,3,0.6,False,True,False,True,True,"CardiffNLP, BERTweet"
UgyCLMMjoB0vJWNDUTV4AaABAg.9mUCSAvrtAy9mWDkDsSyb1,"<УСЕР> од кога тоа слобода е српски збор? Тоа што вие не сте способни да ја кажете буквата Л па морате да ја кажувате како нешто меѓу л и в, тоа не е наш проблем. А нешто околу сексот не ми враќаш или се плашиш дечко ти да не ти се налути.🤣🤣🤣🤣",negative,negative,neutral,negative,0.8,negative,0.95,5,negative,2,False,4,0.8,True,True,False,True,True,BERTweet
UgyCLMMjoB0vJWNDUTV4AaABAg.9mUCSAvrtAy9mWETVElsMV,<УСЕР> За сексо ли? Ами единствено обшто между Северномакедонците и античкио Александар Македонски е Хомосексуализма!😂💘😂,neutral,negative,neutral,negative,0.8,negative,0.95,5,negative,2,False,3,0.6,False,True,False,True,True,"CardiffNLP, BERTweet"
UgyCLMMjoB0vJWNDUTV4AaABAg.9mUCSAvrtAy9mWF5frVpkS,<УСЕР> Ова сам го смисли или дечко ти ти го кажа 🤣🤣🤣🤣🤣🤣,neutral,negative,neutral,negative,0.8,negative,0.95,5,negative,2,False,3,0.6,False,True,False,True,True,"CardiffNLP, BERTweet"
UgyCLMMjoB0vJWNDUTV4AaABAg.9mUCSAvrtAy9mWGt74seVM,<УСЕР> Тако ми кажували Сите антички историчари во Скопие.,neutral,negative,neutral,negative,0.7,neutral,0.85,5,neutral,2,False,3,0.6,True,False,True,False,True,"NLPTown, Gemma"
UgyCLMMjoB0vJWNDUTV4AaABAg.9mUCSAvrtAy9mWKsKyC-KR,<УСЕР> ова или си го сонувал или дечко ти ти го кажал кога те кандисувал за да те пегла.,neutral,negative,neutral,negative,0.8,negative,0.94,5,negative,2,False,3,0.6,False,True,False,True,True,"CardiffNLP, BERTweet"
UgyCLMMjoB0vJWNDUTV4AaABAg.9mUCSAvrtAy9mWLaFQqaNz,"<УСЕР> Ова е само вистина. Дарко, си писмен? Читај малце.",neutral,negative,neutral,negative,0.7,negative,0.95,5,negative,2,False,3,0.6,False,True,False,True,True,"CardiffNLP, BERTweet"
UgyCLMMjoB0vJWNDUTV4AaABAg.9mUCSAvrtAy9mWLwIGwrRA,<УСЕР> од бугар вистина колку од магаре музика.,neutral,negative,neutral,negative,0.85,negative,0.95,5,negative,2,False,3,0.6,False,True,False,True,True,"CardiffNLP, BERTweet"
UgyCLMMjoB0vJWNDUTV4AaABAg.9mUCSAvrtAy9mX1kOsL3Ti,"@даркомицески3755Отроден, неси плукај по корените!",negative,negative,neutral,negative,0.8,negative,1.0,5,negative,2,False,4,0.8,True,True,False,True,True,BERTweet
UgyCLMMjoB0vJWNDUTV4AaABAg.9mUCSAvrtAy9mZk6N_hfNx,"@даркомицески3755 Дарко, ти си чист Булгарин!",positive,negative,neutral,negative,0.8,positive,0.95,5,,3,False,0,0.0,False,False,False,False,False,
UgyCLMMjoB0vJWNDUTV4AaABAg.9mUCSAvrtAy9mZkXCNoeXe,<УСЕР> 🤣🤣🤣🤣🤣,neutral,positive,neutral,negative,0.8,negative,1.0,5,,3,False,0,0.0,False,False,False,False,False,
UgyCLMMjoB0vJWNDUTV4AaABAg.9mUCSAvrtAy9mZlMjOIaXd,"<УСЕР> Дарко, кој е овој Воин со коно, на сликата ти?",neutral,negative,neutral,neutral,0.65,neutral,0.85,5,neutral,2,False,4,0.8,True,False,True,True,True,NLPTown
UgyCLMMjoB0vJWNDUTV4AaABAg.9mUCSAvrtAy9mZm3qvzeEy,<УСЕР> тој што ја пеглаше мајка ти. Само изгледа ти на коњот си се метнал 🤣🤣🤣🤣,neutral,negative,neutral,negative,0.8,negative,1.0,5,negative,2,False,3,0.6,False,True,False,True,True,"CardiffNLP, BERTweet"
UgyCLMMjoB0vJWNDUTV4AaABAg.9mUCSAvrtAy9mZmd6hmvSf,"<УСЕР> Ејјј, Дарко. Сега е много по-убаво. Во Студентски град, Софија за две бири Пиринско и една шопска салата си ги лиубиме сите убави наши македонски девојчета отма. Сакаш ли ти?",neutral,positive,neutral,negative,0.8,positive,0.95,5,,3,False,0,0.0,False,False,False,False,False,
UgyCLMMjoB0vJWNDUTV4AaABAg.9mUCSAvrtAy9ut39LLol_n,<УСЕР> ТАТЈАНА МАКЕДОНКА. говедо @.,neutral,negative,neutral,negative,0.85,negative,0.95,5,negative,2,False,3,0.6,False,True,False,True,True,"CardiffNLP, BERTweet"
Ugwn8C-fGRyUKtZrmCl4AaABAg,северна историја на титовците тоа е правилно,neutral,positive,neutral,negative,0.7,positive,0.95,5,,3,False,0,0.0,False,False,False,False,False,
Ugwn8C-fGRyUKtZrmCl4AaABAg.9meADekTECt9nkXmSHm_c6,Бугарски провокатор.Ганчо,negative,negative,neutral,negative,0.8,negative,1.0,5,negative,2,False,4,0.8,True,True,False,True,True,BERTweet
Ugwn8C-fGRyUKtZrmCl4AaABAg.9meADekTECt9ut2a7WjLEf,<УСЕР>.....2к д -- е -- б -- и -- л.,neutral,negative,neutral,negative,0.8,negative,0.94,5,negative,2,False,3,0.6,False,True,False,True,True,"CardiffNLP, BERTweet"
UgxFDWOzTG776czPZHF4AaABAg,Прекинете со историја,negative,negative,neutral,negative,0.7,negative,0.95,5,negative,2,False,4,0.8,True,True,False,True,True,BERTweet
UgyFh-blu8y29b-moBB4AaABAg,Само македонија,neutral,positive,neutral,negative,0.7,positive,0.95,5,,3,False,0,0.0,False,False,False,False,False,
UgyFcRrk8jQvOWvqC2R4AaABAg,Историјата леб не дава,negative,negative,neutral,negative,0.7,negative,0.95,5,negative,2,False,4,0.8,True,True,False,True,True,BERTweet
UgyFcRrk8jQvOWvqC2R4AaABAg.9mZu59QI7-E9oCy7NT342-,"ЕЛА СИ В РОДИНАТА МАЈКА БАЛГАРИЈА И КЕ ТИ ДАДЕМЕ ЛЕБ..... , ЈУГОСЛАВИЈА УМРЕ, СТАЛИН УМРЕ, ТИТО УМРЕ, ПРЕДАТЕЛЈА ДИМИТРОВ УМРЕ, КОМИНТЕРНОТ УМРЕ И МАКЕДОНИЗМОТ НЕИЗБЕЖНО КЕ УМРЕ, ТОА Е ЈАСНО КАКО ШО СЛАНЦЕТО КЕ ИЗГРЕЕ !!!!!СМАРТ НА МАКЕДОНИЗМОТ, СВОБОДА ЗА МАКЕДОНИЈА И ОБЕДИНЕНИЕ С РОДИНАТА МАЈКА БАЛГАРИЈА !!!!!!",neutral,negative,neutral,negative,0.8,negative,0.97,5,negative,2,False,3,0.6,False,True,False,True,True,"CardiffNLP, BERTweet"
UgzznKVHe9eNFcgSiZt4AaABAg,Од историја не се живее,neutral,negative,neutral,negative,0.7,negative,0.95,5,negative,2,False,3,0.6,False,True,False,True,True,"CardiffNLP, BERTweet"
UgzznKVHe9eNFcgSiZt4AaABAg.9mVy4U2wJ7P9mW1-dd2Ccg,Од газ лижење исто така не се живее.,negative,negative,neutral,negative,0.8,negative,0.95,5,negative,2,False,4,0.8,True,True,False,True,True,BERTweet
UgzznKVHe9eNFcgSiZt4AaABAg.9mVy4U2wJ7P9ut2nM0LEaX,<УСЕР> ти еден лиз'ес' ? лиз'и.,neutral,negative,neutral,negative,0.8,negative,0.95,5,negative,2,False,3,0.6,False,True,False,True,True,"CardiffNLP, BERTweet"
Ugz7yqqkJYUI3r3zrVF4AaABAg,Браво г Заклина одлицно им реце на кумунарите Северно забеганите нај убавото име до сега сто го слуснав и сто им одговара предавниците.,positive,positive,neutral,negative,0.8,positive,0.95,5,positive,3,False,3,0.6,True,True,False,False,True,"BERTweet, Gemma"
Ugx_-7YNdCDBFEdugsN4AaABAg,За поцит и риспект со вакви луге присутни денеска Македонскиот Народ треба да го водат а народот да го следи за зацувување на Македонија.,neutral,neutral,neutral,positive,0.85,positive,0.95,5,neutral,2,False,3,0.6,True,True,True,False,False,"Gemma, Llama"
UgyyQ0l3H5TX0Xu93rl4AaABAg,Браво Ристо Амбасадоре....,positive,negative,neutral,positive,0.95,positive,0.95,5,positive,3,False,3,0.6,True,False,False,True,True,"NLPTown, BERTweet"
Ugy-6aXQNS9zijsHnvt4AaABAg,Македонија вечна.,neutral,positive,neutral,positive,0.85,positive,0.95,5,positive,2,False,3,0.6,False,True,False,True,True,"CardiffNLP, BERTweet"
UgxQgbh-XVePgu2krSF4AaABAg,"дали не има само 6.143 Македонци зосто несе заинтересирани стосе слуцува во <3 Македонија,Македонија Вецна <3 Господ даније на Помос.",negative,negative,neutral,positive,0.65,positive,0.95,5,,3,False,0,0.0,False,False,False,False,False,
UgyCEjzkQyzSeUxf6ch4AaABAg,"Боже, боже колку ми недостасува овој ЦИРКУЗАНТ од гр. Габрово Бугарија- фамозниот Стефан Влахов Мицов! Нема колорит тркалезната маса без него!",positive,negative,neutral,negative,0.8,positive,0.95,5,,3,False,0,0.0,False,False,False,False,False,
UgyCEjzkQyzSeUxf6ch4AaABAg.8p5qDF2FupD8pjRl63mjqf,"Тоја в БГ. никој не го беше виждал трезвен.Дано вие успеете.Аа,в Габрово имаме оште един двама идиота.И тех ги даваме ги джабе.",negative,positive,neutral,negative,0.8,negative,0.95,5,negative,3,False,3,0.6,True,False,False,True,True,"NLPTown, BERTweet"
UgwQUNPWwzrnTAXIxAN4AaABAg,"Тузна сум малку Македонци го видеа овој видео, а јас знам многу они веруват само во евра ,на залоср! Ама нека им е ГОСПОД на МИЛОСТ",negative,negative,neutral,negative,0.75,negative,0.92,5,negative,2,False,4,0.8,True,True,False,True,True,BERTweet
UgyLDEpbNHAHECJyDD54AaABAg,42мин. Чилиманов зборува а човекот у лево од Ламбе се прозева и ќе заспие уште малку,neutral,negative,neutral,negative,0.8,negative,0.95,5,negative,2,False,3,0.6,False,True,False,True,True,"CardiffNLP, BERTweet"
UgzS_Bj-lHZft_OBEIh4AaABAg,Сите ке излезиме да гласиме само вије направите да има нови гласена иако досега немавме ни еднас излезено и мног други ке излеат сто не излегувале во тоа верувам.,neutral,negative,neutral,negative,0.5,negative,0.75,5,negative,2,False,3,0.6,False,True,False,True,True,"CardiffNLP, BERTweet"
Ugy0CvjNHJIe2hHYJwd4AaABAg,"Каква квалитетна сбирка. Нјакак си ме удрјат като грам думите не покојнија вече татко на македонската поезија, Венко Марковски ""...Иска им се да бадат историци с нова мисија и посланици на нјакаква неземна вис маиор јуститиае, савест, којато е дошла на земјата да осади неправдата и да вазстанови владението на истината, а в дејствителност нјакои от тјах са специфични духовни недоразуменија. Това са гробари, които в касна ношт с фенери и лопати тарсјат в гроба на Александар Македонски прародината на македонските славјани. Тези иманјари блуждајат в царството на историјата и дирјат ковчег с реликви и скрижали на измисленото от тјах.Те себеси надигат срешту себеси, самозаблуждават се,војуват,искат да не са това, което са. Искат да са това, което не са, и всички, които не са като тјах, да станат като тјах....."" това го е казал през 1971г. Ништо не се е променило до ден днешен.",negative,positive,neutral,negative,0.7,negative,0.95,5,negative,3,False,3,0.6,True,False,False,True,True,"NLPTown, BERTweet"
Ugy0CvjNHJIe2hHYJwd4AaABAg.8pesh8ZI1Df8spW4fnj23x,"Какво очакваш очакваш от овче стадо 50 г под срабски камшик! Срича и мотолеви, и пише на Караджица с латински букви и тарси нјакакав античен идентитет.И го гради с обиди срешту целија свјат, всички им виновни. По развитие и мозак наистина са в палеолита, не може да им се помогне, леко полеко ште се размијат в историјата по естествен пат, затуј и никој ништо не им казва, не можеш се разбра с умствено изостанали. Онаја кочина дето сатвориха в Скопие след десетина години албанците ште ја изчистјат до земјата и ште почнат отначало да стројат нешто свјастно. Един трагикомичен балкански цирк.",negative,positive,neutral,negative,0.8,negative,0.95,5,negative,3,False,3,0.6,True,False,False,True,True,"NLPTown, BERTweet"
UgzSH1WbtfVDsppPO0t4AaABAg,"Македонија без своја историја како нова компонирана дрзава нема иднина, ке се рападне.",negative,negative,neutral,negative,0.8,negative,0.95,5,negative,2,False,4,0.8,True,True,False,True,True,BERTweet
UgzSH1WbtfVDsppPO0t4AaABAg.8p18x2YRluo8p1sd76XiR2,Така е,neutral,positive,neutral,neutral,0.74,neutral,0.85,5,neutral,2,False,4,0.8,True,False,True,True,True,NLPTown
UgzSH1WbtfVDsppPO0t4AaABAg.8p18x2YRluo8p28-EOTxK8,"До сега ви лажеха дека сте антички,а сега ке разберете дека сте отродени бугари!",negative,negative,neutral,negative,0.8,negative,1.0,5,negative,2,False,4,0.8,True,True,False,True,True,BERTweet
UgzSH1WbtfVDsppPO0t4AaABAg.8p18x2YRluo8p5STNAH-YY,константин тонев; Уште еден Татар филозоф😂 Со чие писмо пишуваш овде циган еден?,negative,negative,neutral,negative,0.8,negative,0.95,5,negative,2,False,4,0.8,True,True,False,True,True,BERTweet
UgzSH1WbtfVDsppPO0t4AaABAg.8p18x2YRluo8pemJyiCGo4,"<УСЕР> С писмото саздадено по волјата на Борис 1 Цар на Балгарите, а ти?",neutral,negative,neutral,negative,0.75,negative,0.94,5,negative,2,False,3,0.6,False,True,False,True,True,"CardiffNLP, BERTweet"
UgzGIw8jdUfEAqMnDu14AaABAg,Александар браво,positive,positive,neutral,positive,0.85,positive,0.95,5,positive,2,False,4,0.8,True,True,False,True,True,BERTweet
UgyXbwTo-2Nx1oKqVr94AaABAg,А.Пандов Господин цовек Македонска легенда 🇲🇰🇲🇰🇲🇰.,positive,positive,neutral,positive,0.95,positive,0.95,5,positive,2,False,4,0.8,True,True,False,True,True,BERTweet
UgwxgoitteCstpVh3G94AaABAg,Ајде да видиме кршење на тувли со глава во студио.Кој победи тој е јунак и патриота,neutral,positive,neutral,negative,0.8,positive,0.95,5,,3,False,0,0.0,False,False,False,False,False,
Ugw0OTcKmFRWDGZpvwt4AaABAg,"Канада е федерација. ""Новинарот"" ем неспремен, ем арогантен.",negative,negative,neutral,negative,0.7,negative,0.95,5,negative,2,False,4,0.8,True,True,False,True,True,BERTweet
UgzmqJiuszdJs0kvEm94AaABAg,"Па и НГ побегна ден по изрецената пресуда, браво за судиите",positive,negative,neutral,positive,0.85,positive,0.95,5,positive,3,False,3,0.6,True,False,False,True,True,"NLPTown, BERTweet"
UgxRNfD2iGnsC6Q24ld4AaABAg,Алиса в страната на чудесата.,positive,positive,neutral,neutral,0.74,positive,0.95,5,positive,2,False,3,0.6,True,True,False,False,True,"BERTweet, Gemma"
Ugx_crdyViT0dk9NkoN4AaABAg,СТОЈАНКА АНГЕЛОВА ПРОДАДЕНА ДУСА,neutral,negative,neutral,negative,0.8,negative,0.95,5,negative,2,False,3,0.6,False,True,False,True,True,"CardiffNLP, BERTweet"
Ugwt_DL1uHsLuGdHpkt4AaABAg,Пола од нив се декларираат како бугари,negative,negative,neutral,negative,0.8,negative,0.95,5,negative,2,False,4,0.8,True,True,False,True,True,BERTweet
UgwOMtTq2F8IZCixH-N4AaABAg,"Аустралија, енглески и абордгински Нови Зеланд, енглески и маорски",neutral,negative,neutral,neutral,0.7,neutral,1.0,5,neutral,2,False,4,0.8,True,False,True,True,True,NLPTown
UgxAMsIrT2alj-2CRcx4AaABAg,ситеда ве ебам вуста,negative,negative,neutral,negative,0.8,negative,1.0,5,negative,2,False,4,0.8,True,True,False,True,True,BERTweet
Ugw4adf4hO-owSy3VsV4AaABAg,"Вас Ангелов, кој ве направи Генерал, генерал на што, на магариња, вие сте пичлеме предавничко на Македонците, и се побратимивте со Албанците, ѓомити се бореше за Македонија, а сега си најдобар пријател со душманите.",negative,positive,neutral,negative,0.8,negative,0.95,5,negative,3,False,3,0.6,True,False,False,True,True,"NLPTown, BERTweet"
Ugw4adf4hO-owSy3VsV4AaABAg.8sUkb4x0zUZ8sV9jqBbml5,"После запирка не се писува ""и"". 4то одделение",neutral,negative,neutral,neutral,0.85,negative,0.9,5,neutral,2,False,3,0.6,True,False,True,True,False,"NLPTown, Llama"
Ugzd4idm_4t9iIGUHhh4AaABAg,Ја мислам дека со обзир дека референдумот бесе не успесен сега оние сто бојкотирава имаат санса дагласаат за кандидатот кој е подрзан од вмро дпмне,negative,negative,neutral,negative,0.8,negative,0.75,5,negative,2,False,4,0.8,True,True,False,True,True,BERTweet
UgyI68zBRRFzzQqH5RF4AaABAg,6,neutral,positive,neutral,neutral,0.74,neutral,1.0,5,neutral,2,False,4,0.8,True,False,True,True,True,NLPTown
UgygUX95QTnRQPQcCBp4AaABAg,Браво.. 🌹,positive,positive,neutral,positive,0.95,positive,0.95,5,positive,2,False,4,0.8,True,True,False,True,True,BERTweet
UgwmIJhu9fC7g_zXl4d4AaABAg,Честито на Русија и Македонија за обштата им победа над нас!!!!!! ❤️🇲🇰🇷🇺🇲🇰🇷🇺🇲🇰🇷🇺🇲🇰🇷🇺🇲🇰🇷🇺❤️,positive,positive,neutral,negative,0.8,negative,1.0,5,,3,False,0,0.0,False,False,False,False,False,
Ugwacsdl3p0StNqtgPF4AaABAg,"Прости ни Русија, че не бјахме на твоја страна вав Втората световна војна. Ние сме неблагодарни. Не можахме да ви благодарим достатачно за освобождението на Балгарија от турското робство. 🇷🇺🇷🇺🇷🇺🇷🇺🇷🇺🇷🇺🇷🇺",positive,positive,neutral,negative,0.8,negative,0.95,5,,3,False,0,0.0,False,False,False,False,False,
UgyQr27nt7aBKD-x4kx4AaABAg,Ковачевски не ги повика ли Бугарските власти да го прослават овој ден на ослободувањето од тие ис тиме ТАТАРИ?????,negative,negative,neutral,negative,0.75,negative,0.95,5,negative,2,False,4,0.8,True,True,False,True,True,BERTweet
UgwUcnBBRJpwrfZXmCd4AaABAg,Смрт на фашизмот слобода на народот честитки за девети Мај да живее Македонија географски слободна држава поздрав Битола Париз,neutral,negative,neutral,positive,0.85,positive,0.95,5,,3,False,0,0.0,False,False,False,False,False,
UgwUcnBBRJpwrfZXmCd4AaABAg.9ao3NcrKnQO9ap4wN-Bauw,Ураа ура наскоро ура,positive,negative,neutral,positive,0.95,positive,0.95,5,positive,3,False,3,0.6,True,False,False,True,True,"NLPTown, BERTweet"
Ugx7nXzqXHAGIlyUkah4AaABAg,"ЈАС ТАКА НЕГО МИСЛАМ=НИЕ ИМАМЕ УШТЕ "" СЕВЕРЃАНСКИ""-БУГАРОФИЛСКИ ФАШИСТИ=ПА ВИЕ МИСЛЕТЕМУЈА...?????",negative,negative,neutral,negative,0.8,negative,0.95,5,negative,2,False,4,0.8,True,True,False,True,True,BERTweet
UgwlxheZqmQemQS0eF94AaABAg,Сто им диктират тоа пееат сите се само кукли на конци..,negative,negative,neutral,negative,0.8,negative,0.94,5,negative,2,False,4,0.8,True,True,False,True,True,BERTweet
UgzkRykUU-JRLDNfRX54AaABAg,Господине Николов ако постанете Премиер не се борите со глупи политички работи.Фатете се за работа Економиата на главен дневен ред младите да останат дома во своја дрзава и своија фамилиа.Поздрав.,neutral,positive,neutral,negative,0.8,positive,0.95,5,,3,False,0,0.0,False,False,False,False,False,
UgxWpKJFff939K9yUNR4AaABAg,"Надјаваме се да узреете. Лјубов и респект, братја! 🇧🇬❤️🇲🇰",positive,positive,neutral,positive,0.95,positive,0.95,5,positive,2,False,4,0.8,True,True,False,True,True,BERTweet
UgxWpKJFff939K9yUNR4AaABAg.9Gq4-nmADFV9uNNWvwcBQ0,МАКЕДОНСКИ НАРОД ПОСТОИ 25 ВЕКА. од ФИЛИП КРАЛ НА МАКЕДОНИЈА ИВ век пред оваа ера до денес КСКСИ век. ДА З'ИВЕЕ М А К Е Д О Н И Ј А !!,neutral,positive,neutral,positive,0.85,positive,0.95,5,positive,2,False,3,0.6,False,True,False,True,True,"CardiffNLP, BERTweet"
UgwGZ0dAVBxJoQCCWAh4AaABAg,Сега единствено решение е заев да се венца за борисов за да поцнат преговорите,neutral,positive,neutral,negative,0.85,negative,0.95,5,,3,False,0,0.0,False,False,False,False,False,
Ugzm2c_a_y5tVEjyp0R4AaABAg,Татариве се најголем непријател на македонија,negative,negative,neutral,negative,0.8,negative,0.95,5,negative,2,False,4,0.8,True,True,False,True,True,BERTweet
UgxlyJQXuZiVeDlxIwR4AaABAg,Македониа има корени со Србиа а не со булгари.,negative,neutral,neutral,negative,0.7,negative,0.95,5,negative,2,False,3,0.6,True,False,False,True,True,"NLPTown, BERTweet"
UgxlyJQXuZiVeDlxIwR4AaABAg.9FUcWNe3YOx9FUt6xJbcEA,Еј нај накраја ште си признаеш от каде ти плаштат куче мазно. От колко време те чакам да си признаеш. Мамицата ти!,negative,positive,neutral,negative,0.8,negative,0.95,5,negative,3,False,3,0.6,True,False,False,True,True,"NLPTown, BERTweet"
UgxlyJQXuZiVeDlxIwR4AaABAg.9FUcWNe3YOx9FzPIEiip83,ти като срабче нјамаш ништо с Македонија 😂,negative,negative,neutral,negative,0.8,negative,0.94,5,negative,2,False,4,0.8,True,True,False,True,True,BERTweet
UgzAr6v6M2oEKEEXkjx4AaABAg,Сега кажете:Балгари сме били...,neutral,negative,neutral,negative,0.7,negative,0.8,5,negative,2,False,3,0.6,False,True,False,True,True,"CardiffNLP, BERTweet"
UgzAr6v6M2oEKEEXkjx4AaABAg.9FUeNZDQsCm9FUszqzUAuN,Балгари сте били!,negative,positive,neutral,negative,0.8,positive,0.95,5,,3,False,0,0.0,False,False,False,False,False,
UgzAr6v6M2oEKEEXkjx4AaABAg.9FUeNZDQsCm9uNN-qNhORu,<УСЕР> ТАТЈАНА МАКЕДОНКА. вол @.,neutral,positive,neutral,negative,0.8,negative,0.95,5,,3,False,0,0.0,False,False,False,False,False,
Ugz_yyaGOWkTE2yx8E94AaABAg,Нема мрдање или нјама мардане!,negative,negative,neutral,negative,0.8,negative,0.95,5,negative,2,False,4,0.8,True,True,False,True,True,BERTweet
Ugx-a_oQUcjTeYBzd7R4AaABAg,"Тхис провинциал лангуаге ис тјпицал фор Рама, нотхинг нев...",neutral,negative,neutral,negative,0.7,negative,0.95,5,negative,2,False,3,0.6,False,True,False,True,True,"CardiffNLP, BERTweet"
Ugx-a_oQUcjTeYBzd7R4AaABAg.9ccLxlmItza9ceiFoNUyY3,"Вхј ис провинциал Виктор? бецаусе хе саид тхат ""Булгариа ис кеепинг Албаниа'с анд Нортх Мацедониан мембершип то ЕУ бецаусе оф иц интерест вхиле а вар ис гоинг он анд вхиле ботх цоунтриес хаве аццомплишед еверјтхинг""? Јоу хаве то бе игнорант ор верј натионалистиц то врите лике јоу. Иц а шаме (иф јоуре Булгариан) то тхинк лике тхат! Јоу до нот стоп ФРИЕНДС онлј бецаусе јоу хаве ан иссуе витх отхерс. Тхере ис тиме анд спаце то деал витх тхат, бут нот лике тхис. Вхен Булгариа ентеред ин ЕУ ин 2008 ан авераге Булгариан усед то хаве халф оф тхе Саларј ан Албаниан хас тодај. Јоу пут но хигх ранк политициан ин Присион тхат тиме (нот нов) вхиле Албаниа анд Нортх Мацедониа аре доинг тхат бефоре ентеринг! И ам ашамед вхен и хеар пеопле лике у талкинг абоут неигхборс лике тхат! Шаме он јоу анд јоур политицс!!!",neutral,negative,neutral,negative,0.8,negative,0.95,5,negative,2,False,3,0.6,False,True,False,True,True,"CardiffNLP, BERTweet"
Ugx-a_oQUcjTeYBzd7R4AaABAg.9ccLxlmItza9vixarAggKS,<УСЕР>........... еат јеллов. ин бг вц.,neutral,negative,neutral,negative,0.8,negative,0.94,5,negative,2,False,3,0.6,False,True,False,True,True,"CardiffNLP, BERTweet"
UgzwnBpXhlIKnfAom3l4AaABAg,Хахаа Брани Москва и Белград,neutral,negative,neutral,negative,0.8,negative,0.95,5,negative,2,False,3,0.6,False,True,False,True,True,"CardiffNLP, BERTweet"
UgzwnBpXhlIKnfAom3l4AaABAg.9ce7WzEk2m19hZHy2XOI_B,<УРЛ>,neutral,neutral,neutral,neutral,0.7,neutral,0.85,5,neutral,1,True,5,1.0,True,True,True,True,True,
UgwXPoA4DqsGHRIouQt4AaABAg,"Абе прво кажи го, направи го тоа во Македонија",neutral,negative,neutral,negative,0.7,negative,0.9,5,negative,2,False,3,0.6,False,True,False,True,True,"CardiffNLP, BERTweet"
UgxCQjxBGGn_zv_EH0N4AaABAg,Па вие го оставивте Тетово да прават овде што сакаат,negative,neutral,neutral,negative,0.8,negative,0.95,5,negative,2,False,3,0.6,True,False,False,True,True,"NLPTown, BERTweet"
Ugy57w1LdoGejcFClwJ4AaABAg,Чудни дроги има во денешно време....,negative,positive,neutral,negative,0.8,negative,0.94,5,negative,3,False,3,0.6,True,False,False,True,True,"NLPTown, BERTweet"
UgxGfWMqgM_gHpsPzlx4AaABAg,"Мислис ли дека Грците ке дадат така лесно да се населат наси луѓе така лесно ? Со нив да немас работа , па и да сме во ЕУ",negative,negative,neutral,negative,0.85,negative,0.95,5,negative,2,False,4,0.8,True,True,False,True,True,BERTweet
UgyEeIAdcFz99ENOebd4AaABAg,Ама не си Албанец бе друзе,negative,negative,neutral,negative,0.8,negative,0.95,5,negative,2,False,4,0.8,True,True,False,True,True,BERTweet
UgwT-mnIRHBeavjEVZ54AaABAg,"Не лупа глупости, оди ти насели се.",neutral,positive,neutral,negative,0.8,negative,0.95,5,,3,False,0,0.0,False,False,False,False,False,
UgxExyKhJl7FdXEZPAl4AaABAg,Собëн Еден нë мозес да го Баселит стоп.леспер еден,negative,negative,neutral,negative,0.8,negative,0.95,5,negative,2,False,4,0.8,True,True,False,True,True,BERTweet
UgwCfFvFB3zCW2nHiFp4AaABAg,"Да, така е, ама да сме албанци, а не македонци/кодоси!!!!",neutral,negative,neutral,negative,0.8,negative,0.95,5,negative,2,False,3,0.6,False,True,False,True,True,"CardiffNLP, BERTweet"
Ugx_iBDt8ZxFuVoPhOt4AaABAg,"Кој англиски на Заев, страсно, цовек без комплекс ! Рака под рака со Столтенберг !",negative,negative,neutral,negative,0.75,negative,0.95,5,negative,2,False,4,0.8,True,True,False,True,True,BERTweet
Ugz9EmklEzM9KoWcwxx4AaABAg,"Сето тоа е убаво,ама............🙇‍♂️🙇‍♂️🙇‍♂️🙇‍♂️",negative,neutral,neutral,negative,0.8,negative,0.95,5,negative,2,False,3,0.6,True,False,False,True,True,"NLPTown, BERTweet"
Ugx9KRJ0GXSkHNc68N14AaABAg,"Уште еднаш мора да разјасниме дека никој во Бугарија никогаш не го оспорил правото на луѓето во Северна Македонија да се нарекуваат себеси како што сакаат и, соодветно, да го идентификуваат својот јазик на ист начин. Сепак, правото на самоопределување им припаѓа на живите. Никој не им дава за право да го менуваат декларираниот идентитет на мртвите, кои дванаесет века се дефинираат како Бугари ...",negative,negative,neutral,neutral,0.7,negative,0.83,5,negative,2,False,3,0.6,True,True,False,False,True,"BERTweet, Gemma"
Ugx9KRJ0GXSkHNc68N14AaABAg.9O_Z5sA_BqC9Oa7CcYIDBv,"""Многу хубаво"" си го сроцил, па си се потрудил дури и на литературен македонски јазик, тоа сто си го написал се вика ""не по шија туку по врат"" и секако е бизарно споменувањето на мртвите, остави ги да поциваат во мир !",negative,negative,neutral,positive,0.85,positive,0.95,5,,3,False,0,0.0,False,False,False,False,False,
UgxoL9U57OBXGAtIYoB4AaABAg,"Нато не вреди нисто кога сте деградирани понизени подценети, таму одлуките ги донесуваат други а ви сте само измекари никој не ве бакраци за нисто.",negative,negative,neutral,negative,0.8,negative,0.95,5,negative,2,False,4,0.8,True,True,False,True,True,BERTweet
UgyosnLmVah3-r8kIh14AaABAg,"Воввв !!!страшно !!!и шо после тава пак исто дата за европа :)))зоче говори на струмички не се бламири бе човек ного ниска ти е интелегенцијата ,не можеш бе човек со скинати гаќи и пинца во главата да одиш во европа ...",negative,negative,neutral,negative,0.8,negative,0.95,5,negative,2,False,4,0.8,True,True,False,True,True,BERTweet
UgzmTHwjEZYImEiZuoV4AaABAg,"ако Грците сте пријатели, не би инсистирале на промена на името на вашата земја.",neutral,negative,neutral,negative,0.75,negative,0.95,5,negative,2,False,3,0.6,False,True,False,True,True,"CardiffNLP, BERTweet"
UgzmTHwjEZYImEiZuoV4AaABAg.8hQ7ycPoKzj8hR2Faq2MRB,"ивица (ИЉАЗ), ,,,колку го фалеше ГОВЕДОВО, а сега ти отишло предалеку,,,,с'мкни гаќи и навед,и се ,,,,,,",negative,negative,neutral,negative,0.8,negative,0.94,5,negative,2,False,4,0.8,True,True,False,True,True,BERTweet
UgzmTHwjEZYImEiZuoV4AaABAg.8hQ7ycPoKzj8hRochOnOTN,ÑА ОВА ĹУДИЛО МОЗЕ САМО ДАМУ СТАВИ КРАЈ ЕДÌНСТВЕНА МАКЕДОНИЈА И ГОС. ЈАНКО БАЦЕВ ЈУДА (ЗАЕВ) ЗНАЕШ ĹИ КОЛКУ ГОДИНИ ĶЕ ДОБÌЕШ ЗАТВОР А И ТАА ГАБРА ОКОЛУ ТЕБЕ САМО СИТЕ ПРВО КЕГИ ВРАТИТЕ ПАРИТЕ ШТО ГИ УКРАДОВТЕ ОД МАКЕДОБСКИОТ НАРОД,negative,negative,neutral,negative,0.8,negative,0.94,5,negative,2,False,4,0.8,True,True,False,True,True,BERTweet
UgxE67pBwJ2b1z0dsF54AaABAg,"Не е работата дали дава предлози а какви се тие предлози и што содржат,но ти тоа добро го знаеш,што сум тргнал да ти објаснувам.Гледа овој од горе и памти .",neutral,negative,neutral,negative,0.8,negative,0.8,5,negative,2,False,3,0.6,False,True,False,True,True,"CardiffNLP, BERTweet"
UgwIgRmcavgVEXD9dKp4AaABAg,Прекинување на договорот со Бугарија ведна,negative,negative,neutral,negative,0.8,negative,0.95,5,negative,2,False,4,0.8,True,True,False,True,True,BERTweet
Ugz0JVFkD5wmWQyUXKN4AaABAg,"Абе Бујар, на Македонски ли ке ти биде преведен предлогот или како и преспанскиот ке ви биде доставен на неопределен јазик со неопределени и недефинитивни задаци?",neutral,negative,neutral,neutral,0.65,negative,0.94,5,neutral,2,False,3,0.6,True,False,True,True,False,"NLPTown, Llama"
Ugz0JVFkD5wmWQyUXKN4AaABAg.9cOgrbi5Frf9cSJon4Ntjp,"Идејата е, че през 1944г не се саздава от ништото македонскијат език, а е взет балгарскијат и е преструктуриран, нарочно, заштото така са решили комунистите. Вие си го наричајте както си искате, но нјама как да продалжават комунистическите ви управници с лажи. Езикат е от 1944г и е преструктуриран балгарски. Това е ... фалшификациите за македонски език от среднијат век са престапление.",negative,negative,neutral,negative,0.8,negative,0.94,5,negative,2,False,4,0.8,True,True,False,True,True,BERTweet
Ugxi9VF2QM2m2liRA_N4AaABAg,Бегат од сфе како кучиња скитници ке ги растурат тије што ги прати русиа,negative,negative,neutral,negative,0.8,negative,0.95,5,negative,2,False,4,0.8,True,True,False,True,True,BERTweet
UgzwNd3aMF0xjJnmHr94AaABAg,Нај сретен ден за Македонија слави Македонијо никогас во еу и нато . Хвалла му на големиот Бог сто не одбија хомосексуалци пеазник за Македонија,positive,positive,neutral,positive,0.85,positive,0.95,5,positive,2,False,4,0.8,True,True,False,True,True,BERTweet
UgyQfaPAseIr04NHgS14AaABAg,Р.Македониа је дрзава... Македониа на Балкан је РЕГИОН сто е Грцкиот проблем..,negative,negative,neutral,negative,0.8,negative,0.95,5,negative,2,False,4,0.8,True,True,False,True,True,BERTweet
UgxbeT2eFy2wesI2H0l4AaABAg,Боретесе Македонци не се предавајте ! Да не му оставате на Заев тој да ресава за судбината на Еден нарот !Сурнетеа Владата !такви идиоти не му се потребни на Македонија ! Поздрав од Австралија,negative,negative,neutral,negative,0.65,negative,0.95,5,negative,2,False,4,0.8,True,True,False,True,True,BERTweet
Ugy2PUEBWO2ZZtRYvhF4AaABAg,МАКЕДОНСКИ НАРОД ИМА ИДЕНТИТЕТ 25 ВЕКА. од ФИЛИП КРАЛ НА МАКЕДОНИЈА. хелени - Ото дојц'е 'направи' Грееце пред 190 години.,neutral,negative,neutral,negative,0.75,negative,0.94,5,negative,2,False,3,0.6,False,True,False,True,True,"CardiffNLP, BERTweet"
UgwLaFGDfwvpdpHNUdh4AaABAg,А бе декко све е океј дали вие јасно не оти не сакат да гистават бугарите во уставот него проблем е србија и русија од нив се пллашат јер ако влеземе во европа на србите им се скратуват можностите да ја водат државата како што ја администрират од 45 до ден денеска за жалл граганите на македонија се заробени од србомакедонците,negative,negative,neutral,negative,0.8,negative,0.83,5,negative,2,False,4,0.8,True,True,False,True,True,BERTweet
UgyDwqziucv20iryD7t4AaABAg,"Абе Стефан, ова шо го кажа многу беше безобразно брат. Нема да им се свиѓа на луѓе бе еј",negative,negative,neutral,negative,0.8,negative,0.95,5,negative,2,False,4,0.8,True,True,False,True,True,BERTweet
Ugy1T4WvtW-CDXWcjWN4AaABAg,Браво бе прецедателе Радев сто цекасе до сега? Грциа Македониа Бугариа Делта на Балканот убаво рецено...,positive,negative,neutral,positive,0.85,negative,0.95,5,,3,False,0,0.0,False,False,False,False,False,
UgxCaNzl_Xhv2url7qx4AaABAg,Хахаха.....јако цоеце,positive,negative,neutral,positive,0.85,positive,0.95,5,positive,3,False,3,0.6,True,False,False,True,True,"NLPTown, BERTweet"
Ugyumv9DdtQa3h4U95l4AaABAg,Албаниа - Булгариа - цоммон бордер соонер тхан експецтед!,neutral,negative,neutral,negative,0.8,positive,0.95,5,,3,False,0,0.0,False,False,False,False,False,
Ugyumv9DdtQa3h4U95l4AaABAg.9c8uSBI3K7M9c9FI_87575,Курвите блгарски од 2 чрвени на 20 лева сега. Ами без гумичка бате.,neutral,negative,neutral,negative,0.8,negative,0.95,5,negative,2,False,3,0.6,False,True,False,True,True,"CardiffNLP, BERTweet"
Ugyumv9DdtQa3h4U95l4AaABAg.9c8uSBI3K7M9cADtT_OBOY,<УСЕР> усернаме Дарпај хуја,negative,negative,neutral,negative,0.8,negative,1.0,5,negative,2,False,4,0.8,True,True,False,True,True,BERTweet
Ugyumv9DdtQa3h4U95l4AaABAg.9c8uSBI3K7M9cAH4bR_HiJ,Ако МАЈКАТИ се НАПУЦИ со ГАЗОТ 🤷‍♂️,neutral,neutral,neutral,negative,0.7,negative,0.95,5,neutral,2,False,3,0.6,True,True,True,False,False,"Gemma, Llama"
Ugyumv9DdtQa3h4U95l4AaABAg.9c8uSBI3K7M9cBNgqgDMeV,"<УСЕР> споко, братко балгарин, мојата мајка не си вади хлјаба чрез пишки в газа, както прави твојата ""македонска"" рода. Гордеј се с историјата си, гордеј се, че си БАЛГАРИН!!!",neutral,positive,neutral,negative,0.8,negative,0.95,5,,3,False,0,0.0,False,False,False,False,False,
Ugyumv9DdtQa3h4U95l4AaABAg.9c8uSBI3K7M9imWam0U4VD,"<УСЕР> мој, Македонија на Македонцитеееее",neutral,negative,neutral,negative,0.8,negative,0.95,5,negative,2,False,3,0.6,False,True,False,True,True,"CardiffNLP, BERTweet"
Ugyumv9DdtQa3h4U95l4AaABAg.9c8uSBI3K7M9y01GkZI5oD,"<УСЕР> Северномакедонските курвета за без пари се дупјат на албанците, само за да избјагат от вас 😉",negative,negative,neutral,negative,0.8,negative,0.95,5,negative,2,False,4,0.8,True,True,False,True,True,BERTweet
Ugz7Z04EQFTcjXV6wQh4AaABAg,"От устата на Рама,в Божиите уши!",neutral,positive,neutral,negative,0.8,negative,0.95,5,,3,False,0,0.0,False,False,False,False,False,
Ugz7Z04EQFTcjXV6wQh4AaABAg.9c8PbCnKG9W9cAHI0XoA4n,И на МАЈКАТИ ГАЗ ? 🤷‍♂️😋,neutral,negative,neutral,positive,0.85,negative,0.8,5,,3,False,0,0.0,False,False,False,False,False,
Ugz7Z04EQFTcjXV6wQh4AaABAg.9c8PbCnKG9W9cAJ0OhWxUu,<УСЕР>😷,negative,positive,neutral,negative,0.8,negative,0.95,5,negative,3,False,3,0.6,True,False,False,True,True,"NLPTown, BERTweet"
Ugw0CaT-p7fqbe5Uccl4AaABAg,Рама е маргарин,neutral,neutral,neutral,negative,0.8,negative,0.9,5,neutral,2,False,3,0.6,True,True,True,False,False,"Gemma, Llama"
Ugw7oCTUDTLFIfInGv54AaABAg,"😂😂😂..............Еди Рама се шегува, ама ви каза истината😂!Зашто Ковачевски, не иска да коментира балгарската рода на жена си, а???",negative,negative,neutral,negative,0.5,negative,0.95,5,negative,2,False,4,0.8,True,True,False,True,True,BERTweet
Ugw7oCTUDTLFIfInGv54AaABAg.9c8Yg__nxvi9c8cRmJQ19z,Орле зорле убавина не бива капиш ?,negative,negative,neutral,neutral,0.65,negative,0.95,5,negative,2,False,3,0.6,True,True,False,False,True,"BERTweet, Gemma"
Ugw7oCTUDTLFIfInGv54AaABAg.9c8Yg__nxvi9c8nau_ZeYO,"<УСЕР> усернаме истината е,че сте балгари и предатели!",negative,positive,neutral,negative,0.8,negative,1.0,5,negative,3,False,3,0.6,True,False,False,True,True,"NLPTown, BERTweet"
Ugw7oCTUDTLFIfInGv54AaABAg.9c8Yg__nxvi9c9U6epzOH9,Така е и не само тој,neutral,positive,neutral,negative,0.7,neutral,0.85,5,neutral,3,False,3,0.6,True,False,True,False,True,"NLPTown, Gemma"
Ugw7oCTUDTLFIfInGv54AaABAg.9c8Yg__nxvi9c9gRpJc2of,"<УСЕР> усернаме всичките Хунзи в Пакистан!Сака Ковачевски да настрои Сите против Балгарија,ама се насра-Поканил Рама,Вучич,Грацкио Прецедник,а Балгарскија да јаде говна нали!Ајде метла у Пакистан!",negative,negative,neutral,negative,0.8,negative,0.95,5,negative,2,False,4,0.8,True,True,False,True,True,BERTweet
Ugw7oCTUDTLFIfInGv54AaABAg.9c8Yg__nxvi9c9gbnmnh5Q,"винцензо христов-тех ги е срам тија комунисти,нема кој да им каже ,че Тито Умре и КолишевСки- и Димитров,те живејат в един измислен свет!",negative,positive,neutral,negative,0.8,negative,0.95,5,negative,3,False,3,0.6,True,False,False,True,True,"NLPTown, BERTweet"
Ugw7oCTUDTLFIfInGv54AaABAg.9c8Yg__nxvi9c9h-ay64KP,"<УСЕР> усернаме балгарин разбира се,като Гоце Делчев,Даме Груев и Братја Миладинови!А ти каков си Хунза от племето на калашите или рода на Петрола,Аминта,Зевс и Александар Македонски-Ацр Педеро,Дека Хефестион го працал во газот-хахаха",neutral,negative,neutral,negative,0.8,negative,0.95,5,negative,2,False,3,0.6,False,True,False,True,True,"CardiffNLP, BERTweet"
Ugw7oCTUDTLFIfInGv54AaABAg.9c8Yg__nxvi9vrklPeFi1V,<УСЕР>................... гњури. ј Црно море.,neutral,negative,neutral,negative,0.8,neutral,0.85,5,neutral,2,False,3,0.6,True,False,True,False,True,"NLPTown, Gemma"
Ugx2S8P6ntwQt0dgXKB4AaABAg,Ковацовски наместо да се смеје требасе да казе дека Албанија и Косово се јузна стбија па нека е тогас саркастицен,negative,negative,neutral,negative,0.8,negative,0.95,5,negative,2,False,4,0.8,True,True,False,True,True,BERTweet
Ugx2S8P6ntwQt0dgXKB4AaABAg.9c8oIdbZ6-79c96o6ggJA7,само дека за нив Косово е серверна албаниќа и то е ОК за нив,neutral,neutral,neutral,negative,0.8,positive,0.95,5,neutral,3,False,3,0.6,True,True,True,False,False,"Gemma, Llama"
UgyyMEKj-vyaUTQc9yx4AaABAg,"Ларг дуарт нга МАКЕДОНИА🇲🇰, буллгарëтатарëмонголë🇧🇬🟰🇲🇳",neutral,positive,neutral,neutral,0.7,positive,0.95,5,neutral,2,False,3,0.6,True,False,True,True,False,"NLPTown, Llama"
UgxGNmuNMX5YrCWG6K94AaABAg,"Оваа изјава на Албанецот воопшто не е случајна. Ако си подалекувид, ќе сфатиш дека зборува за Голема Албанија, во која ќе бидат вклучени денешна Албанија, Косово и Западна Македонија. По распадот на вештачката држава Северна Македонија, Албанците великодушно ќе и го дадат нејзиниот источен дел на Бугарија. Западна Македонија за само неколку децении ќе има 100% албанско население. Тогаш знаеме што ќе се случи од историјата на Косово.",neutral,negative,neutral,negative,0.8,negative,0.95,5,negative,2,False,3,0.6,False,True,False,True,True,"CardiffNLP, BERTweet"
UgxGNmuNMX5YrCWG6K94AaABAg.9cA6myVRH_r9cAl_bT8PKn,Добро рафиниран одговор !!!!,positive,positive,neutral,positive,0.95,positive,0.95,5,positive,2,False,4,0.8,True,True,False,True,True,BERTweet
UgxGNmuNMX5YrCWG6K94AaABAg.9cA6myVRH_r9cGDF83c6xv,"Прав си с всичко казано, н това 100% албанско население ште баде само в Дебар, Гостивар и Тетово, даже нјама и да е 100%, заштото македонците нјама как да се преместјат насила от там толкова барзо! Охрид, Битолја, Прилеп, Струга и Кичево ште продалжават да си бадат македонски (балгарски)",negative,negative,neutral,negative,0.8,negative,0.94,5,negative,2,False,4,0.8,True,True,False,True,True,BERTweet
UgxGNmuNMX5YrCWG6K94AaABAg.9cA6myVRH_r9cGnRSvyZ7i,"<УСЕР> усернаме Турското население не се зголемува, а стои на едно ниво, така да нема што да се плашиме, па и татари нема во нашава држава, затоа...",neutral,negative,neutral,negative,0.8,negative,0.95,5,negative,2,False,3,0.6,False,True,False,True,True,"CardiffNLP, BERTweet"
UgxGNmuNMX5YrCWG6K94AaABAg.9cA6myVRH_r9cGp43G2Dnc,"<УСЕР> усернаме Прво, никој Бугарин не е татар (незнам дали знаеш какви се тие), турците и Ромите ќе бидат помалку бидејќи многу мигранти ќе се вратат и ќе ги зголемиме раѓањата, до 10-на години ќе постане тоа, затоа што ќе имаме нова и подобра влада...",neutral,negative,neutral,negative,0.75,positive,0.85,5,,3,False,0,0.0,False,False,False,False,False,
UgxGNmuNMX5YrCWG6K94AaABAg.9cA6myVRH_r9cHxH9SL7RT,"<УСЕР> усернаме Факт е дека братот на Апарух Кубер ги одвел своите луѓе на територијата на Северна Македонија. Факт е дека ако сме ние татари и вие сте татари, затоа што сте бугари, без разлика дали се декларирате како вонземјанин или северномакедонец (што и да значи тоа). Вистината боли, нели?! Бу-ха-ха!",negative,negative,neutral,negative,0.8,negative,0.95,5,negative,2,False,4,0.8,True,True,False,True,True,BERTweet
UgxGNmuNMX5YrCWG6K94AaABAg.9cA6myVRH_r9vrlULikaNd,<УСЕР> ТАТЈАНА МАКЕДОНКА. говедо @.,neutral,negative,neutral,negative,0.85,negative,0.95,5,negative,2,False,3,0.6,False,True,False,True,True,"CardiffNLP, BERTweet"
Ugyosc-nYqi7qy4kRgR4AaABAg,👌Хахаха 😂😂😂😂😂😂😂😂,positive,positive,neutral,positive,0.98,negative,1.0,5,positive,3,False,3,0.6,True,True,False,True,False,"BERTweet, Llama"
Ugyosc-nYqi7qy4kRgR4AaABAg.9c8axSysBYw9c983IBILcv,<УСЕР> усернаме <УРЛ> 🤣Хахаха 😂😂😂😂😂😂,neutral,negative,neutral,positive,0.95,negative,1.0,5,,3,False,0,0.0,False,False,False,False,False,
Ugyosc-nYqi7qy4kRgR4AaABAg.9c8axSysBYw9cB-jlVNg3R,<УСЕР> усернаме Трол!,neutral,negative,neutral,negative,0.8,negative,1.0,5,negative,2,False,3,0.6,False,True,False,True,True,"CardiffNLP, BERTweet"
Ugyosc-nYqi7qy4kRgR4AaABAg.9c8axSysBYw9cB162gUUOB,<УСЕР> усернаме само потварждаваш истината глупак!,negative,negative,neutral,negative,0.8,negative,1.0,5,negative,2,False,4,0.8,True,True,False,True,True,BERTweet
Ugyosc-nYqi7qy4kRgR4AaABAg.9c8axSysBYw9vrl9rhUks2,<УСЕР> хи хи хи. д -- е -- б -- и -- л.,neutral,negative,neutral,negative,0.8,negative,0.94,5,negative,2,False,3,0.6,False,True,False,True,True,"CardiffNLP, BERTweet"
UgyLdAz-_4VnWDgSW-94AaABAg,тоа е вистината,neutral,negative,neutral,positive,0.85,positive,0.95,5,,3,False,0,0.0,False,False,False,False,False,
UgyLdAz-_4VnWDgSW-94AaABAg.9c8XuxRFGa19c8pBc86KA-,<УСЕР> усернаме вистината е че шти ве анексираме и не не сме татари,neutral,negative,neutral,negative,0.8,negative,0.95,5,negative,2,False,3,0.6,False,True,False,True,True,"CardiffNLP, BERTweet"
UgyLdAz-_4VnWDgSW-94AaABAg.9c8XuxRFGa19c91ytNLC6v,"<УСЕР> усернаме да да русија и турција 🤣🤣 русија дето цел свет е срешту тјах а турција дето си има проблеми с карди и арменци , сама гарција може да ги бие",negative,negative,neutral,negative,0.8,negative,0.95,5,negative,2,False,4,0.8,True,True,False,True,True,BERTweet
UgyLdAz-_4VnWDgSW-94AaABAg.9c8XuxRFGa19c920pJxmy9,<УСЕР> усернаме а вие имате само лаги,negative,negative,neutral,negative,0.8,negative,0.95,5,negative,2,False,4,0.8,True,True,False,True,True,BERTweet
UgyLdAz-_4VnWDgSW-94AaABAg.9c8XuxRFGa19c93CVYkr5i,"<УСЕР> усернаме <УРЛ> ТОВА САМО ЕДНА ДОЛНА ХУНЗА МОЖЕ ДА ГО ИЗМИСЛИ .КАКО ХУНЗА СИ С ЕДНО ДНК СО ГЈУПТИТЕ.А КАКО НАСЛЕДНИК НА ЕГЕЈЦИ ОТ КАВАЛА И ЛЕРИН ЗНАМ ДЕКА ТАТАРЧИНЈАТА СА ВО КУМАНОВО,ТАТАР ЕЛЕВЦИ,НОГАЕВЦИ,ТАТАРЦИ.ТАТАРЛИ....ЦЕЛИОТ СЕВЕРЕН ДЕЛ НА КЛЕТАТА ТЕРИТОРИЈА МАКЕДОНИЈА ,ДЕКА ВО 13ВЕК СЕ ЗАСЕЛИЛИ ТАТАРИ .ШТО СИ ТИ????АНТИЧКИ НАСЛЕДНИК НА АНТИЧКИОТ ЕЛИНСКИ ГЕЈ МЕГА АЛЕКСАНДРОС????? ХУНЗА С КРАЛ МИР ГАЗАН ХАН АЛИ?????ГЈУПТИН ТАТАР ??? НЕ МОРИ НАЈНСИ МИ СЕВЕРЕН С АНТИЧКИ БУРУШАСКИ ОТ КАРАКОРУМ И СЕВЕРЕН ПАКИСТАН.<УРЛ> ЗИЕЗИ ЕКС КУО ВУЛГАРЕС ОТ БОГА СМЕ БАЛГАРИ А ТИ СИ ОТ ПОСЛЕ ПРЕСПА СЕВЕРН ХУНЗА",neutral,negative,neutral,negative,0.8,negative,0.95,5,negative,2,False,3,0.6,False,True,False,True,True,"CardiffNLP, BERTweet"
UgyLdAz-_4VnWDgSW-94AaABAg.9c8XuxRFGa19c93mBdMl3q,<УСЕР> усернаме ИСТИНА <УРЛ>,neutral,negative,neutral,negative,0.8,positive,0.95,5,,3,False,0,0.0,False,False,False,False,False,
UgyLdAz-_4VnWDgSW-94AaABAg.9c8XuxRFGa19cAL44BxcII,"<УСЕР> усернаме ИСТИНА (ТАМО ДЕ ГО НЕМАШЕ ДРУЖЕ ТИТО ДА ВЕ ПРАВИ ШТО САКА ЈУЖНИ СРАБИ БАНОВИНА ГЈУПТИ ТОРБЕШИ ....)БИЛИ СМЕ СМЕ ДНЕС И КЕ БИДЕМ БАЛГАРИ ,СЕДИ СИ СЕВЕРЕН ГЈУПТИ <УРЛ>",negative,negative,neutral,negative,0.8,negative,0.94,5,negative,2,False,4,0.8,True,True,False,True,True,BERTweet
UgyLdAz-_4VnWDgSW-94AaABAg.9c8XuxRFGa19cAL_Bp0-2R,"<УСЕР> усернаме нема СРАБСКА ЛАГА,НЕМА ОСМАНСКА ЛАГА,НЕМА БАЛГАРСКА ЛАГА,НЕМА ХАРВАТСКА ЛАГА НЕМА ГРАЦКА ЛАГА НЕМА АЛБАНСКА ЛАГА .ТИ СИ ЛАЖЕН НЕМА ПРОБЛЕМ ЛОШО Е ДЕКА ВИ ХАРЕСВАТ ТИЈА ЛАЖНИ СОНОВЕ",neutral,negative,neutral,negative,0.8,negative,0.95,5,negative,2,False,3,0.6,False,True,False,True,True,"CardiffNLP, BERTweet"
UgyLdAz-_4VnWDgSW-94AaABAg.9c8XuxRFGa19cALnp541CP,<УСЕР> усернаме лажат и мажат <УРЛ> .ТИ МОРИ СИ КАКО ЕДНА ЛЕКА ЖЕНА СЕ СИ ЛАГАН И СЕ ДОВОЛЕН,neutral,neutral,neutral,negative,0.8,negative,0.95,5,neutral,2,False,3,0.6,True,True,True,False,False,"Gemma, Llama"
UgyLdAz-_4VnWDgSW-94AaABAg.9c8XuxRFGa19cAN1t_bpyC,<УСЕР> усернаме САМО СЕЕРЕ те ти и АМЕРИКАНСКИ ЛАГИ <УРЛ>,neutral,negative,neutral,negative,0.75,negative,0.95,5,negative,2,False,3,0.6,False,True,False,True,True,"CardiffNLP, BERTweet"
UgyLdAz-_4VnWDgSW-94AaABAg.9c8XuxRFGa19cDXvxfRBD4,<УСЕР> усернаме а ние што????? КЕ ВЕ ОСВЕСТИМ БАДИ РАХАТ.НАЈ ЛЕСНО КЕ ОСВЕСТИМ ОНИЈА С ДАЛБОКО ПЕРЕНИ МОЗУЦИ.,negative,negative,neutral,negative,0.8,negative,0.95,5,negative,2,False,4,0.8,True,True,False,True,True,BERTweet
UgyLdAz-_4VnWDgSW-94AaABAg.9c8XuxRFGa19cDf9Oj1u9B,"<УСЕР> усернаме ??????ДАЈ ФАКТИ ДЕКА БАЛГАРИТЕ СА ТАТАРИ?????ЈА ТИ ДАВАМ ВО УНГАРСКАТА И ХАРВАТСКА ИСТОРИЈА ЧЕТИ КОГА ТАТАРИТЕ ВО 13ВЕК РАЗОРИЛИ ТИЈА ЗЕМИ СЕ ВРАТИЛИ НАЗАД ,ПА СПРЕЛИ ВО СЕВЕРНИТЕ ЧАСТИ НА ДНЕШНАТА КЛЕТА ТЕРИТОРИЈА МАКЕДОНИЈА.ПА ИМ ХАРЕСАЛИ БАБИТЕ ВИ И ОСТАНАЛИ И САЗДАЛИ КУМАНОВО ,ТАТАР ЕЛЕВЦИ ,НОГАЕВЦИ ,ТАТАРЦИ......ШТО СИ ТИ ХУНЗО НЕДНА??? КАКО Е ИМЕТО НА АЕРОПОРТУТ ВО СКОПИЕ ,КАКО Е ИМЕТО НА ПАМЕТНИКОТ???? ДОКАЗАХА ВИ ДЕКА ТИЈА С ИЗПЕРЕН МОЗУК СТЕ КРАДЛИВИ ГЈУПТИ НА АНТИЧКА ИСТОРИЈА.СЕГА НИЕ ДОКАЗУВАМЕ ДЕКА КРАДЕТЕ СРЕДНОВЕКОВНА ИСТОРИЈА И ТАЈА ДО 20 ВЕК.ДОКАЗАНО Е ДЕКА ЗНАМЕТО Е КРАДЕНО ПА ОТ ИМПЕРСКИОТ ЈАПОНСКИ ФЛОТ ????СЕГА КЕ СЕ БАРАТЕ ЗА АНТИЧКИ МАКЕДОНСКИ СЛОВЕНСКИ САМУРАИ ШТО ЛИ????ИЗВАДИ ТАЈА ЧЕРЕПНА КУХИНА ОТ САМОУСРАНИЈА СИ ДИРНИКА.САМОСЕР",negative,negative,neutral,negative,0.85,negative,0.94,5,negative,2,False,4,0.8,True,True,False,True,True,BERTweet
UgyLdAz-_4VnWDgSW-94AaABAg.9c8XuxRFGa19cDgEZwm4AV,"<УСЕР> усернаме КАКО ЗНАЕШ ШТО СИ И ДЕКА ТАТАРСКИОТ ЦАР НОГАЈ ВЕ Е ПРАВИЛ ШТО РЕВЕШ???ТАТАРЧИНЈА КЕБНАЈДЕШ ВО НОГАЕВЦИ ,КУМАНОВО,ТАТАР ЕЛЕВЦИ,ТАТАРЛИ,......ЦЕЛИОТ СЕВЕРЕН ДЕЛ НА СЕВЕРНАТА ТЕРИТОРИЈА МАКЕДОНИЈА.ТЕ Т ХУНЗО ХАРВАТСКИ ЛАГИ <УРЛ>",neutral,negative,neutral,negative,0.8,negative,0.95,5,negative,2,False,3,0.6,False,True,False,True,True,"CardiffNLP, BERTweet"
UgyLdAz-_4VnWDgSW-94AaABAg.9c8XuxRFGa19cFw2dDn7aW,"<УСЕР> усернаме Срамно е, неукијат да отстојава позиција. Трјабва да учите историја. Татарците са монголско племе от 13век. Балгарите са много по-стари от тјах. По-скоро се надјавам, че повечето коментари в интернет с невјарна информација са платени, и учат хората на измислици. Ако хората наистина са с толко промит мозак и вјарват в измислици, жалко зјах. Знанието е злато, жалко че не всеки го има.",negative,negative,neutral,negative,0.8,negative,0.92,5,negative,2,False,4,0.8,True,True,False,True,True,BERTweet
UgyLdAz-_4VnWDgSW-94AaABAg.9c8XuxRFGa19cHbnD856dO,"<УСЕР> усернаме ВАНЧО МИХАЈЛОВ ????ЦАР БОРИС?????ЖИВКОВ??????ВМОРО??????? КАКВА ПРОПАГАНДА БРЕ ТАТАР НЕДЕН ОТ ТАТАР ЕЛЕВЦИ ,НОГАЕВЦИ,КУМАНОВО, ТАТАРЦИ,...СЕВЕРНИА ДЕЛ НА КЛЕТАТА ТЕРИТОРИЈА МАКЕДОНИЈА.<УРЛ>",negative,negative,neutral,negative,0.8,negative,0.95,5,negative,2,False,4,0.8,True,True,False,True,True,BERTweet
UgyLdAz-_4VnWDgSW-94AaABAg.9c8XuxRFGa19cIOE3c-Ahu,"<УСЕР> усернаме САМО СЕРЕ КОЈ СОЗДАДЕ КУМАНОВО????ТАТАР ЕЛЕВЦИ????НОГАЕВЦИ????????ТАТАРЦИ???????.МА ТАТАРИТЕ СЕ ЗАСЕЛИХА БРЕ БАРАБАР С НОГАЈ ВО СЕВЕРНИТЕ ЧАСТИ НА КЛЕТАТА ТЕРИТОРИЈА МАКЕДОНИЈА ВО 13 ВЕК.ПА ВО ЕГЕЈА КАВАЛА ЛЕРИН СИТЕ ЗНАЕМ ДЕКА СИТЕ ВИЈА ТАТАРЧИНЈАТА СКОПИЈАНИ.МА ПОЛИ МАЛАКА ИСЕ РЕ ,СЕ КАТЕ ИСТОРИА ГРАФИ ОТИ СТО ДЕКАТРИТО ЕОНАС ТАТАР ОТАН АРПАКСАН ХУНГАРИА КЕ ХАРВАТИА ЕМЕНАН СТИ ВОРИА МАКЕДОНИА.ТАМО КАЈ ВАЗИ СА ТАТАРЧИНЈАТА ,ВО СЕВЕРНИОТ ДЕЛ НА СЕВЕРНА МАКЕДОНИЈА.ПА ЕЗИК И НАЦИЈА ВИ НАПРАВИ ТИТО.ШТО НЕ Е ЈАСНО?",neutral,negative,neutral,negative,0.85,negative,0.94,5,negative,2,False,3,0.6,False,True,False,True,True,"CardiffNLP, BERTweet"
UgyLdAz-_4VnWDgSW-94AaABAg.9c8XuxRFGa19cyoJFjfhv3,<УСЕР> усернаме нашето живково време е по-добро от вашето сегашно време 😁,positive,positive,neutral,positive,0.85,positive,0.95,5,positive,2,False,4,0.8,True,True,False,True,True,BERTweet
UgyLdAz-_4VnWDgSW-94AaABAg.9c8XuxRFGa19czQD6ZYMfA,"<УСЕР> усернаме а вие като живеете в лукс, за какво ви е Европа ? Присмјал се харбел на штарбел 🤣🤣🤣🤣🤣🤣🤣🤣🤣🤣",negative,negative,neutral,negative,0.8,negative,0.95,5,negative,2,False,4,0.8,True,True,False,True,True,BERTweet
UgyLdAz-_4VnWDgSW-94AaABAg.9c8XuxRFGa19czUIwkelBV,<УСЕР> усернаме 🤣🤣🤣🤣🤣🤣🤣🤣🤣🤣🤣🤣🤣🤣🤣🤣🤣🤣🤣🤣🤣🤣🤣🤣🤣🤣🤣🤣🤣🤣🤣🤣🤣🤣🤣🤣🤣,neutral,positive,neutral,neutral,0.9,positive,0.95,5,neutral,2,False,3,0.6,True,False,True,True,False,"NLPTown, Llama"
UgyLdAz-_4VnWDgSW-94AaABAg.9c8XuxRFGa19czVWocESXC,<УСЕР> усернаме каква Америка бе голтаци мизерни - драпате за Европа штото сте умрели от глад ! За какво ви е иначе Европа? Без европа сте мартавци !,negative,negative,neutral,negative,0.8,negative,0.95,5,negative,2,False,4,0.8,True,True,False,True,True,BERTweet
UgyLdAz-_4VnWDgSW-94AaABAg.9c8XuxRFGa19vrl-rZlzBQ,<УСЕР>............ јади и з'уто и зелено. ј бг вц.,neutral,negative,neutral,neutral,0.78,negative,0.95,5,neutral,2,False,3,0.6,True,False,True,True,False,"NLPTown, Llama"
UgwpD5D_2_S6i9wUMh94AaABAg,"Както доказаха британските учени, нјама такав народ като балгарите, има само монголо-татари🇲🇳🇧🇬",neutral,negative,neutral,negative,0.8,negative,0.95,5,negative,2,False,3,0.6,False,True,False,True,True,"CardiffNLP, BERTweet"
UgwpD5D_2_S6i9wUMh94AaABAg.9c9EnIqWvap9c9U1Mvhly_,"Верно е и Еди Рама е Балгарин сигурно,а Американските учени доказаха,че нјама македонци преди 1945г,тези а Александар са Роми",neutral,negative,neutral,negative,0.7,negative,0.94,5,negative,2,False,3,0.6,False,True,False,True,True,"CardiffNLP, BERTweet"
UgwpD5D_2_S6i9wUMh94AaABAg.9c9EnIqWvap9cBq-9oDymd,<УСЕР> Рама е маргарин,neutral,neutral,neutral,negative,0.8,negative,0.9,5,neutral,2,False,3,0.6,True,True,True,False,False,"Gemma, Llama"
UgwpD5D_2_S6i9wUMh94AaABAg.9c9EnIqWvap9cBq0BNAkbl,Да живее нашијат велик комунистически башта на всички монголи Тодор Живков-монголов 💪🏿👌🏿🧔🏾🇲🇳🇧🇬,positive,positive,neutral,negative,0.8,positive,0.95,5,positive,3,False,3,0.6,True,True,False,False,True,"BERTweet, Gemma"
UgwpD5D_2_S6i9wUMh94AaABAg.9c9EnIqWvap9cCG9wY-zeT,"<УСЕР>.1.1 може,важното е ,че прави Македонистите на ништо!Така и требе,една идиотска идеологија не бива да прокопса далго!Всички хунзи в Пакистан!",negative,negative,neutral,negative,0.8,negative,0.95,5,negative,2,False,4,0.8,True,True,False,True,True,BERTweet
UgwpD5D_2_S6i9wUMh94AaABAg.9c9EnIqWvap9cG6B7nQjre,<УСЕР>.1.1 :Д:Д::Д:Д:Д јоу аре со фуннј,neutral,negative,neutral,positive,0.85,negative,0.94,5,,3,False,0,0.0,False,False,False,False,False,
UgwpD5D_2_S6i9wUMh94AaABAg.9c9EnIqWvap9cGStrUhb0M,<УСЕР>.Б Тханкс фор тхе цомплимент 😂,neutral,negative,neutral,positive,0.85,positive,0.95,5,,3,False,0,0.0,False,False,False,False,False,
UgwpD5D_2_S6i9wUMh94AaABAg.9c9EnIqWvap9uA6XkYMS30,"Ха ха. Скопски турчин ни нарича татари. Татарите са хубав народ с древна историја, не като скопските псевдомакедонски говеда.",neutral,neutral,neutral,negative,0.8,negative,0.95,5,neutral,2,False,3,0.6,True,True,True,False,False,"Gemma, Llama"
UgwpD5D_2_S6i9wUMh94AaABAg.9c9EnIqWvap9vrmc2PtE1_,<УСЕР>.1.1 - ѓубре. и глупаци и будали и ѓубриња ј ХЕЛЛ.,negative,negative,neutral,negative,0.8,negative,1.0,5,negative,2,False,4,0.8,True,True,False,True,True,BERTweet
UgwpD5D_2_S6i9wUMh94AaABAg.9c9EnIqWvapAC227Lfkhu6,"Е па ето ти истински британски учени,не македонски сарбомански историчари… Англијскијат изследовател, Арнолд Тојнби пише в 12-томното си издание за историјата на народите, че ""... В СВЕТА Е ИМАЛО 21 ЦИВИЛИЗАЦИИ. ЕДНА ОТ ТЈАХ Е БАЛГАРСКАТА. РАЗШИРЈАВАЛА ГРАНИЦИТЕ СИ ПОСРЕДСТВОМ СВОЕТО СИЛНО КУЛТУРНО ВЛИЈАНИЕ. Простирала се е от Белград до Крим и от Карпатите до Бјало Море, наричано в древността Тракијско."" Известнијат англијски историк проф. Норман Дејвис казва: ""БАЛГАРИТЕ СА В ЈАДРОТО НА ЕВРОПЕЈСКАТАЦИВИЛИЗАЦИЈА"" С много факти, тој доказва, че Балгарија е нај-старата нација на Старија континент. Нешто повече, според него, когато Балгарија е била даржава, Европа е ""ходела права под масата"".",neutral,negative,neutral,negative,0.5,negative,0.95,5,negative,2,False,3,0.6,False,True,False,True,True,"CardiffNLP, BERTweet"
Ugwa0JX-gOpN3ODnH-l4AaABAg,Нека разберат клетите шиптари МАКЕДОНСКО ИМЕ НЕМА ДА ЗАГИНЕ,negative,negative,neutral,negative,0.75,negative,0.95,5,negative,2,False,4,0.8,True,True,False,True,True,BERTweet
Ugwa0JX-gOpN3ODnH-l4AaABAg.9c98Zc04VEr9c9Etad0HAx,припојте ја РСМ кам Балгарија и 33% албанци што имате падат на 3% и гасиме албанските телевизиј,neutral,negative,neutral,negative,0.8,negative,0.95,5,negative,2,False,3,0.6,False,True,False,True,True,"CardiffNLP, BERTweet"
Ugwa0JX-gOpN3ODnH-l4AaABAg.9c98Zc04VEr9cAc7AH3Q9b,"??????ЕПА ЗА СРАМ СИ ВО ТАЈА КЛЕТА ТЕРИТОРИЈА МАКЕДОНИЈА.ЈУЖЕН СРАБ,ЈУЖНА БАНОВИНА,ОТ ТИТО МОНКЕ ДОНЕЦ ,ПОСЛЕ ПРЕСПА СЕВЕРНИ,САМО БАЛГАРИЈА ПРИЗНА МАКЕДОНИЈА ПАРВА ВО 1990 МА ВИЕ И НИКОЈ НЕ ГО ПРИХВАТИ ТОВА .<УРЛ> ЕПА ШТО ПОСТОИ???????ЈА СОМСИ БАЛГАРИН ОТ ЕГЕЈА ТЕБЕ ТИ КАЗУВАТ СКОПИАНОС(СКОПЕЦ КОЈ ПЕЕ ВО ХОРА) ТИ СЕ БАРАШ ЗА АНТИЧКИ НАСЛЕДНИК НА АНТИЧКИОТ ГЕЈ МЕГА АЛЕКСАНДРОС ,САМУРАЈ ХУНЗА С ДНК НА ГЈУПТИН....МА ОКРАДОХТЕ СИТЕ НАРОДИ БРЕ ШТО ЗА ПЛАЗМА СТЕ.",neutral,negative,neutral,negative,0.8,negative,0.95,5,negative,2,False,3,0.6,False,True,False,True,True,"CardiffNLP, BERTweet"
Ugwa0JX-gOpN3ODnH-l4AaABAg.9c98Zc04VEr9cAcmx95Ipf,ШТо ке правим кога ВСИТЕ РОДСТВЕНИЦИ НА ГОЦЕ КОИ ДО ЕДИН СА ВО БАЛГАРИЈА ПРАТЈАТ ИСКАНЕТО КОСТИТЕ НА ГОЦЕ ДА СЕ ВРАТЈАТ У ДОМА ВО БАЛГАРИЈА????????? КОГО БРЕ ТОРБЕШ НЕДЕДЕН КЕ ФАЛИШ ТОГАВА??МАРШ НА ГРОБУТ НА ТИТО .<УРЛ>,negative,negative,neutral,negative,0.8,negative,0.95,5,negative,2,False,4,0.8,True,True,False,True,True,BERTweet
Ugwa0JX-gOpN3ODnH-l4AaABAg.9c98Zc04VEr9cFwnf044mi,"Нали знаеш, че името ""македонија"" е географска област ?",neutral,negative,neutral,negative,0.85,neutral,0.85,5,neutral,2,False,3,0.6,True,False,True,False,True,"NLPTown, Gemma"
Ugwa0JX-gOpN3ODnH-l4AaABAg.9c98Zc04VEr9cGLXqJzv8A,"<УСЕР>.Б да, ама онтроположките Марсианци са си повервали",neutral,negative,neutral,negative,0.8,negative,0.95,5,negative,2,False,3,0.6,False,True,False,True,True,"CardiffNLP, BERTweet"
Ugwa0JX-gOpN3ODnH-l4AaABAg.9c98Zc04VEr9cGZVOj3xvi,<УСЕР>.Б нели че знаеш порано беа 2 чрвени а сега 50 лева за вашите мајки? Без гумичка,negative,negative,neutral,negative,0.8,negative,0.94,5,negative,2,False,4,0.8,True,True,False,True,True,BERTweet
Ugwa0JX-gOpN3ODnH-l4AaABAg.9c98Zc04VEr9vrmIgjPwnN,"<УСЕР>.Б ............. у ........... фоол ""блгариа"" јади црви.",neutral,negative,neutral,negative,0.8,negative,1.0,5,negative,2,False,3,0.6,False,True,False,True,True,"CardiffNLP, BERTweet"
Ugwa0JX-gOpN3ODnH-l4AaABAg.9c98Zc04VEr9y00pEltg49,"<УСЕР> Вашите мајки отдавна ги онождат албанците. Ако си наполовина албанец, може да излезе човек от тебе 😂",neutral,negative,neutral,negative,0.8,negative,0.95,5,negative,2,False,3,0.6,False,True,False,True,True,"CardiffNLP, BERTweet"
Ugwa0JX-gOpN3ODnH-l4AaABAg.9c98Zc04VEr9yO4fGF3etQ,<УСЕР>.Делчев.Реборн ГОЦЕ роден 1872 во Кукус' -- МАКЕДОНИЈА. ГОЦЕ ДЕЛЦ'ЕВ Е МАКЕДОНЕЦ.,neutral,negative,neutral,neutral,0.85,positive,0.95,5,neutral,3,False,3,0.6,True,False,True,True,False,"NLPTown, Llama"
UgxPhfe8b58hCZGT8394AaABAg,Станафме играцка за секого,negative,negative,neutral,neutral,0.7,negative,0.95,5,negative,2,False,3,0.6,True,True,False,False,True,"BERTweet, Gemma"
UgxPhfe8b58hCZGT8394AaABAg.9c8wFff4KoA9cAH_PPXLNq,Да од ВАС со сте во МАКЕДОНИА сто сте Родени во МАКЕДОНИА и на секој нацин ја Унистувате МАКЕДОНИА од Внатре.,neutral,positive,neutral,positive,0.85,negative,0.95,5,,3,False,0,0.0,False,False,False,False,False,
UgxPhfe8b58hCZGT8394AaABAg.9c8wFff4KoA9cAZa2vqMPB,<УСЕР> убо це бесе малце да мислис со главата прет да писувас ама нее проблем има такфи сто размислуват како тебе само не одредувас ти или јас кој каде це зиве или кај цесе роди само госпот е тој сто одредува кој каде и како це зиве,neutral,negative,neutral,negative,0.8,negative,0.94,5,negative,2,False,3,0.6,False,True,False,True,True,"CardiffNLP, BERTweet"
UgxPhfe8b58hCZGT8394AaABAg.9c8wFff4KoA9cBMJyiVIeA,<УСЕР> ДА не Одбираме ама 100% од Албанците кој се во Странство ко ке ги Прасат од Каде сте знајс со Велат ? Албаниа и ако се Родени во Македониа 🤷‍♂️,neutral,negative,neutral,negative,0.8,negative,0.94,5,negative,2,False,3,0.6,False,True,False,True,True,"CardiffNLP, BERTweet"
UgxPhfe8b58hCZGT8394AaABAg.9c8wFff4KoA9cBMcw7ih1-,<УСЕР> а Знам дека Има Поголеми Македонци ПРЕДАВНИЦИ со ја Продават МАКЕДОНИА од Секогас Имало ама во Последно МАКЕДОНИА Многу има такви Родено тие НА ТРУПЦЕ ама Не Сме Соединети,neutral,negative,neutral,negative,0.8,negative,0.94,5,negative,2,False,3,0.6,False,True,False,True,True,"CardiffNLP, BERTweet"
UgxPhfe8b58hCZGT8394AaABAg.9c8wFff4KoA9cBP6qNppYi,<УСЕР> и јас одам во срансфо сезонски имам приатели и албанци и македонци от двете срани има по некој сто сфојата дерзава неја рацунат како сфоја туку одма со фалби јас имам срански пасос а некој бугарски пасос и верувај мака мије дали бил албанец или македонец ако сфојата дерзава неја стити замене е изгубен от овој сфет,neutral,negative,neutral,negative,0.8,negative,0.83,5,negative,2,False,3,0.6,False,True,False,True,True,"CardiffNLP, BERTweet"
UgxPhfe8b58hCZGT8394AaABAg.9c8wFff4KoA9cBdb0HFARN,<УСЕР> за Зал МАКЕДОНЦИ имат Напраено поголема стета на Дрзавата од со имат Други Народи или Дрзави. МАКЕДОНИА Секогас Рагала ПРЕДАВНИЦИ и за Зал ке Продолзи да Рага. Не мозам Да Менам Несто со Други имат Напраено ама Мозам За Своето Мислене. ПОЗДРАВ 🙏,neutral,negative,neutral,positive,0.85,positive,0.85,5,,3,False,0,0.0,False,False,False,False,False,
UgyADMFDk3j84baSGLJ4AaABAg,"Тоа се вика сарказам, Рама е познат по сарказам и гледам дека од што е бесен на сите им го плеска по нос на европските челници.",negative,negative,neutral,negative,0.8,negative,0.94,5,negative,2,False,4,0.8,True,True,False,True,True,BERTweet
UgyADMFDk3j84baSGLJ4AaABAg.9c8_avpW8EU9cE0ncs_xxj,"Добре че е сарказмат,та да си кажем и истината.Балгарска поговорка",neutral,neutral,neutral,negative,0.7,neutral,0.85,5,neutral,2,False,4,0.8,True,True,True,False,True,Gemma
UgyADMFDk3j84baSGLJ4AaABAg.9c8_avpW8EU9vrlio_Rm95,<УСЕР> ВИСТИНА !! МАКЕДОНСКИ НАРОД 25 ВЕКА. блгари - јунк.,neutral,positive,neutral,positive,0.85,positive,0.95,5,positive,2,False,3,0.6,False,True,False,True,True,"CardiffNLP, BERTweet"
Ugyn-jXQiiSh00o2aJ14AaABAg,Зарем треба да се смее и премиерот на Македонија на ова ??? Мизерија !!!,negative,negative,neutral,negative,0.8,negative,0.95,5,negative,2,False,4,0.8,True,True,False,True,True,BERTweet
Ugyn-jXQiiSh00o2aJ14AaABAg.9c8mND1Aano9c9DUxAPxlv,било е и ке биде уест-булгериа,neutral,negative,neutral,negative,0.8,neutral,0.85,5,neutral,2,False,3,0.6,True,False,True,False,True,"NLPTown, Gemma"
Ugz-LYhz68M6amyrSeN4AaABAg,"Ворлд Вар ИИ ин Југослав Мацедониа Само 81 убити македонски партизани за периода 1941-1944 г. Финал оператионс фор тхе либератион оф Мацедониа Ундер тхе леадершип оф тхе нев Булгариан про-Совиет говернмент, фоур Булгариан армиес, 455,000 стронг ин тотал, вере мобилизед анд реорганизед. Бј тхе енд оф Септембер, тхе Ред Армј 3рд Украиниан Фронт троопс вере цонцентратед ат тхе Булгариан-Југослав бордер. Ин тхе еарлј Оцтобер 1944 тхрее Булгариан армиес, цонсистинг оф ароунд 340,000-ман,[55] тогетхер витх тхе Ред Армј реентеред оццупиед Југославиа анд мовед фром Софиа то Ниш, Скопје анд Пристина то блоцкинг тхе Герман форцес витхдравинг фром Грееце.[56][57] Ин Мацедониа тхе Булгарианс оператед ин цоњунцтион витх тхе фигхтерс оф тхе МНЛА, бут тхис цооператион дид нот процеед витхоут диффицултиес.[58] Фром 8 Оцтобер то 19 Новембер, тхе Страцин – Куманово оператион вас хелд анд Кратово, Крива Паланка, Куманово анд Скопје[59] вере такен. Ат тхе саме тиме тхе Брегалница – Струмица оператион вас лед, анд тхе Вехрмачт вас дривен фром тхе виллагес оф Делчево, Кочани, Стип, Струмица анд Велес.[60] Соутхерн анд Еастерн Сербиа, Косово анд Вардар Мацедониа вере либератед бј тхе енд оф Новембер.[61][62] Тхе 3рд Украиниан Фронт ин цоллаборатион витх тхе Пеопле'с Либератион Армј оф Југославиа анд Булгариан Пеопле'с Армј царриед оут тхе Белграде Оффенсиве. Тхе 130,000-стронг Булгариан Фирст Армј цонтинуед то Хунгарј, дривинг офф тхе Германс, вхиле тхе рест мовед бацк то Булгариа. Он а сериес оф мапс фром Армј Гроуп Е, шовинг иц витхдравал тхроугх Мацедониа анд Соутхерн Сербиа, ас велл ас ин тхе мемоирс оф иц чиеф оф стафф, тхере ис алмост но индицатион оф Југослав Партисан униц, бут онлј Булгариан дивисионс. Деспите тхесе фацц, тхе цонтрибутион оф Булгариан троопс ис стилл муч дебатед ин тхе Републиц оф Мацедониа фор политицал реасонс.[63][64] <УРЛ> Вар анд револутион ин Југославиа, 1941–1945: оццупатион анд цоллаборатион, Јозо Томасевич, Станфорд Университј Пресс, 2001, ИСБН 0-8047-3615-4, пп. 751–752. <УРЛ> Зртве рата 1941-1945 <УРЛ> Македонија у Народноослободилачкој борби Укупно је у Вардарској Македонији од 1941. до новембра 1944. године погинуло око 24.000[1] људи, при чему: 7.000 Јевреја, 6.000 Срба, 6.000 Македонаца, 4.000 Албанаца и 1.000 Бугара.[2] Овде су укључени око 3.000 „колаборациониста“, „контрареволуционара“ и цивилних жртава. Јевреји су углавном страдали у концентрационим камповима а око 14.000 људи је страдало у борбама од чега 5.000 Македонаца. <УРЛ> Апостолски - во завршните операции од антифашистичката битка активно се вклучила и армијата на Отечествениот фронт на Бугарија, а во операцијата за ослободување на Скопје учествувала Втората отечествено-фронтовска бугарска армија <УРЛ> Светозар Вукманович - Темпо Мацедониа <УРЛ> <УРЛ> Новембер 13, 1944 (Мондај) Тхе Булгариан 1ст Армј цаптуред Скопје.[15] Тхе Јапанесе дестројерс Акебоно, Акишимо, Хацухару анд Кисо вере алл бомбед анд сунк бј У.С. Навј аирцрафт ин анд ароунд тхе Цавите Навал Јард ин Манила, вхиле дестројер Окинами вас сунк 8 наутицал милес вест оф тхе цитј. Јапанесе субмарине И-12 вас хедгехоггед анд сунк еаст оф Хаваии бј Америцан варшипс. Цивил аир сервице ретурнед то Лондон фор тхе фирст тиме синце Септембер 1939.[5] <УРЛ> Стоне & Стоне Боокс Вар Диарј Новембер 13, 1944 (Мондај) Руссиан Фронт Финниш форцес цаптуре Инари ин нортхерн Финланд Арцтиц Фронт, Јуне 1941 - Мај 1945 Герман форцес витхдрав фром Скопје ас Булгариан 1ст Армј адванцес Соутхерн фланк оф тхе Руссиан Фронт, 1944-1945 Булгариан 1ст Армј цаптурес Скопје Соутхерн фланк оф тхе Руссиан Фронт, 1944-1945 <УРЛ> Заев не зборувал на памет, лично Тито направил пакт со бугарската војска за ослободување на Македонија <УРЛ> Страцин-Куманово оператион <УРЛ> Ниш оператион <УРЛ> Косово Оператион (1944) <УРЛ> Тхе Белграде Оффенсиве ор тхе Белграде Стратегиц Оффенсиве Оператион (Сербиан: Београдска операција / Београдска операција; Руссиан: Белградскаја стратегическаја наступателнаја операција, Белградскаја стратегическаја наступател'наја операција) (15 Септембер 1944 – 24 Новембер 1944)[6] вас а милитарј оператион дуринг Ворлд Вар ИИ ин Југославиа ин вхич Белграде вас либератед фром тхе Герман Вехрмачт тхроугх тхе јоинт еффорц оф тхе Совиет Ред Армј, Југослав Партисанс, анд тхе Булгариан Армј.[7] <УРЛ> булгариан армј ворлд вар 2 <УРЛ> <УРЛ> Ин тхе ласт веек оф Оцтобер тхе Руссианс анд Булгарианс маде стронг бидс то таке Краљево анд Скопље. Хавинг тхе троопс то спаре анд тхе раилроад, Лоехр цоулд меет тхе чалленге, иф ин ботх плацес ноне тоо соон. Он 2 Новембер Армј Гроуп Е стоппед тхе Руссианс ат Краљево анд ин тхе некст северал дајс халтед тхе Булгарианс еаст оф Скопље. Тхе суццесс оф тхе витхдравал тхроугх Мацедониа вас тхен ассуред.31 Нортх оф Скопље тхе армј гроуп воулд хаве то веер вест онто поорер роадс, бут ит воулд бе спаред тхе алмост цертаин дисастер оф а винтер марч тхроугх тхе цоастал моунтаинс. Агаин Веичс' чиеф хандицап вас хис овн еарлиер индецисион; хе хад потентиал ресервес бут но проспецт оф брингинг тхем то беар ин тиме. Армј Гроуп Е'с витхдравал хад гоне витхоут а хитч тхроугх мид-Новембер. Тхен, он тхе 18тх, Булгариан Сецонд Армј хад опенед а стронг аттацк нортх оф Скопље. Агаин Веичс' чиеф хандицап вас хис овн еарлиер индецисион; хе хад потентиал ресервес бут но проспецт оф брингинг тхем то беар ин тиме. Армј Гроуп Е'с витхдравал хад гоне витхоут а хитч тхроугх мид-Новембер. Тхен, он тхе 18тх, Булгариан Сецонд Армј хад опенед а стронг аттацк нортх оф Скопље. Тхе некст дај Балкан Аир Форце бомберс хад дестројед тхе Дрина бридге ат Висеград, бацкинг уп труцк анд трооп цолумнс еигхтј фиве милес еаст то Краљево. Ин Албаниа стронг партисан униц хеммед КСКСИ Моунтаин Цорпс ин он алл сидес ас ит триед то јоин тхе ретреат. Армј Гроуп Е хад то пут бацк инто иц овн фронт соме оф тхе троопс ит хад интендед то релеасе, анд тхе рест вере сталлед ин централ Југославиа 200 милес анд море фром вхере тхеј цоулд до анј гоод. <УРЛ> Тито, Михаилович, анд тхе аллиес, 1941-1945 Бј Валтер Р. Роберц Тхе Мацедониан Партисанс вере нот верј нумероус ор ацтиве еитхер. Тхе мајоритј оф Мацедонианс аппарентлј дид нот цонсидер тхемселвес етхницаллј Сербс бут Булгарианс анд, вхетхер Цоммунист ор нот, вишед то бе унитед витх тхеир бротхерс ... <УРЛ>",neutral,negative,neutral,neutral,0.68,neutral,0.98,5,neutral,2,False,4,0.8,True,False,True,True,True,NLPTown
Ugz-LYhz68M6amyrSeN4AaABAg.9cDNxbRKWde9vrn2bnXEmS,МАКЕДОНСКИ НАРОД ПОСТОИ 25 ВЕКА. од ФИЛИП КРАЛ НА МАКЕДОНИЈА ИВ век пред оваа ера до денес КСКСИ век. ДА З'ИВЕЕ М А К Е Д О Н И Ј А !!,neutral,positive,neutral,positive,0.85,positive,0.95,5,positive,2,False,3,0.6,False,True,False,True,True,"CardiffNLP, BERTweet"
Ugz-LYhz68M6amyrSeN4AaABAg.9cDNxbRKWdeA9_LmgcmdYe,"@татјанавелкова5814Да, да, така е 😂😂",neutral,positive,neutral,positive,0.92,positive,0.95,5,positive,2,False,3,0.6,False,True,False,True,True,"CardiffNLP, BERTweet"
Ugw5kgr91RPTOkWPWrN4AaABAg,Македонски пион...негледам никаква шега ако гледа некој нека ме упати🤔😏,negative,negative,neutral,negative,0.7,neutral,0.85,5,negative,2,False,3,0.6,True,True,False,True,False,"BERTweet, Llama"
Ugy0yTLTHSLq5DYrGDx4AaABAg,Тоа нее ништо страшно ако човекот се насмеал на шегата нее нешто со кое е усрамил македонија или македонскиот народ ве молам немојте да се правите глупи прости македонци затоа што несме глупи да не сватиме дека е шега па на шега секој се смее,negative,negative,neutral,negative,0.8,negative,0.83,5,negative,2,False,4,0.8,True,True,False,True,True,BERTweet
UgyieFiSR4g9J9BtmrR4AaABAg,По ова ќе видите дека треба сите граници да се затворат и да се наоружиме до грло.,negative,neutral,neutral,negative,0.8,negative,0.95,5,negative,2,False,3,0.6,True,False,False,True,True,"NLPTown, BERTweet"
UgyieFiSR4g9J9BtmrR4AaABAg.9c8RibKkIht9c8p7oYEtPf,"вие немате пари , направо ште ви анексираме и толкоз",negative,negative,neutral,negative,0.8,negative,0.95,5,negative,2,False,4,0.8,True,True,False,True,True,BERTweet
UgyieFiSR4g9J9BtmrR4AaABAg.9c8RibKkIht9c8pYRGLGRu,"<УСЕР> Да да, па после тоа анексирање, Софија ќе гори секој ден од терористички напади.",negative,negative,neutral,negative,0.8,negative,0.95,5,negative,2,False,4,0.8,True,True,False,True,True,BERTweet
UgyieFiSR4g9J9BtmrR4AaABAg.9c8RibKkIht9c8qnl9Pu4x,"<УСЕР> какви ти напади , ште ги депортираме тиа половин на 1 милион југословени шибани комунисти и тва е",negative,negative,neutral,negative,0.8,negative,0.95,5,negative,2,False,4,0.8,True,True,False,True,True,BERTweet
UgyieFiSR4g9J9BtmrR4AaABAg.9c8RibKkIht9c9F2HekyWt,колко повече мрадаш повече ти улиза,negative,negative,neutral,negative,0.8,negative,0.95,5,negative,2,False,4,0.8,True,True,False,True,True,BERTweet
UgyieFiSR4g9J9BtmrR4AaABAg.9c8RibKkIht9cADF9WzuJq,<УСЕР> абе мајмунарниците не се ли најадохте с банани,negative,negative,neutral,negative,0.8,negative,0.94,5,negative,2,False,4,0.8,True,True,False,True,True,BERTweet
UgyieFiSR4g9J9BtmrR4AaABAg.9c8RibKkIht9cFx2SCQfa2,Това е прекрасен живот за живеене. Живот на роб.,positive,positive,neutral,negative,0.7,negative,0.95,5,,3,False,0,0.0,False,False,False,False,False,
UgyieFiSR4g9J9BtmrR4AaABAg.9c8RibKkIht9cFyy61TWlx,<УСЕР>.Б Така Швајцарците и Американците живеат ако не си знаел.,neutral,negative,neutral,negative,0.8,negative,0.95,5,negative,2,False,3,0.6,False,True,False,True,True,"CardiffNLP, BERTweet"
Ugzd0y_IhxX6u8uChMh4AaABAg,"Ништо не гледам негативно во тоа. Реално ја опишува мак. Влада која се и сешто дава за влез во ЕУ, што некој си комшија ќе си измисли некаков си ""вештачки спор"". И воопшто кажано народот си нема интерес за повраток на уставното име Република Македонија, во голема мера. Бугарија виде слабост во мак. надворешна политика, се смени знаме поради Грција, се смени уставното име поради Грција. Е сега, мора нешто да смените за нас, штом за Грција бива, зошто за нас да не бива?",negative,negative,neutral,neutral,0.65,negative,0.83,5,negative,2,False,3,0.6,True,True,False,False,True,"BERTweet, Gemma"
Ugzd0y_IhxX6u8uChMh4AaABAg.9cJZvizr9Ih9vrnsPzjxD-,преспа договор - кривиц'но дело. сдс програма 2016 никаде нема менување ИМЕ на МАКЕДОНИЈА. сдс ј бајбук.,negative,negative,neutral,negative,0.75,negative,0.95,5,negative,2,False,4,0.8,True,True,False,True,True,BERTweet
UgzuApD1T5xCpu3sHn94AaABAg,КОСОВО ИС СЕРБИА 🇷🇸 АЛБАНИА ИС ЦОУНТРЈ 404,neutral,negative,neutral,neutral,0.7,negative,0.95,5,neutral,2,False,3,0.6,True,False,True,True,False,"NLPTown, Llama"
Ugz9OHJXn262C0hHqjF4AaABAg,кур да пусите сите бе,negative,negative,neutral,negative,0.8,negative,0.95,5,negative,2,False,4,0.8,True,True,False,True,True,BERTweet
UgwwIWgY9G7W8Zbnejx4AaABAg,Ветооооо! 🙌✌️,positive,positive,neutral,positive,0.95,positive,0.95,5,positive,2,False,4,0.8,True,True,False,True,True,BERTweet
UgwTGVQLlV0xEX7SBXV4AaABAg,"Вав всеки македонски дом тејабва да има портрет на Тито,баштата на Македонија 😂😂",neutral,positive,neutral,positive,0.85,negative,0.95,5,,3,False,0,0.0,False,False,False,False,False,
UgyKdTqvyTUL89g2ynd4AaABAg,Парво да се научат да уважават балгарите после ЕУ. ВЕТО !!!,negative,negative,neutral,negative,0.8,negative,0.95,5,negative,2,False,4,0.8,True,True,False,True,True,BERTweet
UgyKdTqvyTUL89g2ynd4AaABAg.9Fg5Uom-pS29FmAnPUmO0V,"Кои Бугари , тие се вештачка творба на Русија , во Бугарија има 3 милиони бугарски јаничари, Македонци со исперен мозок и направени Бугари тие се Бугарски јаничари а знаеш во времето за Турски јаничари и кои биле е така и овие бугарските јаничари, разликата е во тоа што тие ги земале Турците од една година а овие постанаа јаничари за една печена кокошка а можда и ти си еден од нив но не знаеш бидејќи ти го испрале мозокот , но ти сам си одлучуваш !",neutral,negative,neutral,negative,0.8,negative,0.95,5,negative,2,False,3,0.6,False,True,False,True,True,"CardiffNLP, BERTweet"
UgyKdTqvyTUL89g2ynd4AaABAg.9Fg5Uom-pS29wJX5HqsG8i,"2018 на РЕФЕРЕНДУМ ГРАЃАНИ од МАКЕДОНИЈА рекоа не ЕУ. и, ѕабе - вето.",neutral,negative,neutral,negative,0.8,negative,0.95,5,negative,2,False,3,0.6,False,True,False,True,True,"CardiffNLP, BERTweet"
UgzHyKk6mjhFJIc7GZB4AaABAg,"Вашето Име на даржавата трјабваше да баде ЈУго Македонија,а не Северна Македонија !. Това име ви отива нај-много.",neutral,negative,neutral,negative,0.8,negative,0.95,5,negative,2,False,3,0.6,False,True,False,True,True,"CardiffNLP, BERTweet"
UgzHyKk6mjhFJIc7GZB4AaABAg.9FljQOZGSv29HPexH3ztwl,Само Македонија,neutral,positive,neutral,neutral,0.7,positive,0.95,5,neutral,2,False,3,0.6,True,False,True,True,False,"NLPTown, Llama"
UgzHyKk6mjhFJIc7GZB4AaABAg.9FljQOZGSv29KYrzOIjO-X,А вашето име Западна Монголија(ТАТАРИЈА) татару.,neutral,negative,neutral,negative,0.8,negative,0.95,5,negative,2,False,3,0.6,False,True,False,True,True,"CardiffNLP, BERTweet"
UgzHyKk6mjhFJIc7GZB4AaABAg.9FljQOZGSv29KYsZTv-pYu,Абе малоумник! Как може да сте толкова прости в тази Македонија.,negative,negative,neutral,negative,0.8,negative,0.95,5,negative,2,False,4,0.8,True,True,False,True,True,BERTweet
UgzHyKk6mjhFJIc7GZB4AaABAg.9FljQOZGSv29KYuTCCUZyc,<УСЕР> МАКЕДОНИЈА НА МАКЕДОНЦИТЕ.МАКЕДОНИЈА НА МАКЕДОНЦИТЕ.МАКЕДОНИЈА НА МАКЕДОНЦИТЕ..,neutral,negative,neutral,negative,0.85,negative,1.0,5,negative,2,False,3,0.6,False,True,False,True,True,"CardiffNLP, BERTweet"
UgzHyKk6mjhFJIc7GZB4AaABAg.9FljQOZGSv29KYzjkFHwPo,А бре големоумнику татару многу пораки ти пратив али ми ги бришат.Во ЕУ сте и имате јаки врски (на шпионски начин познати сте по тоа).И пак ќе кажам.МАКЕДОНИЈА НА МАКЕДОНЦИТЕ!!!.,negative,negative,neutral,negative,0.8,negative,0.95,5,negative,2,False,4,0.8,True,True,False,True,True,BERTweet
UgwhDovbiWWZi1hvTjh4AaABAg,"Направили смо ""Мини Шенген"" Србија❤️Македонија🤝Албанија + Црна Гора и Босна",neutral,negative,neutral,positive,0.85,positive,0.95,5,,3,False,0,0.0,False,False,False,False,False,
UgwhDovbiWWZi1hvTjh4AaABAg.9Fys46wU-Jr9GB4Rq7juM6,"Нјама Македонија ,а Северомакедонија и Северомакедонци по устава на самата Северорепублика.",neutral,negative,neutral,negative,0.8,neutral,0.85,5,neutral,2,False,3,0.6,True,False,True,False,True,"NLPTown, Gemma"
UgwhDovbiWWZi1hvTjh4AaABAg.9Fys46wU-Jr9Gr0Cc5Bn8b,<УСЕР> Толку ли не мразите бе глупи татари.И после се чудите зашто ве викаме татари и фашисти.Па вие во душа сте тоа.Злобни.,negative,negative,neutral,negative,0.8,negative,0.95,5,negative,2,False,4,0.8,True,True,False,True,True,BERTweet
UgwhDovbiWWZi1hvTjh4AaABAg.9Fys46wU-Jr9GsUlr0pUgB,А вие по душа сте ЈУгокурвите на Тито !,negative,positive,neutral,negative,0.8,negative,1.0,5,negative,3,False,3,0.6,True,False,False,True,True,"NLPTown, BERTweet"
UgwhDovbiWWZi1hvTjh4AaABAg.9Fys46wU-Jr9GtyyIQzFK_,<УСЕР> не сери! Македонци!!!!!!!,negative,negative,neutral,negative,0.8,negative,0.95,5,negative,2,False,4,0.8,True,True,False,True,True,BERTweet
UgwhDovbiWWZi1hvTjh4AaABAg.9Fys46wU-Jr9Gu6KQeba4Y,"<УСЕР> Малоумник, ти си световнонеизвестен галош балгарски и се правите на Чужденци !!!",negative,negative,neutral,negative,0.8,negative,0.99,5,negative,2,False,4,0.8,True,True,False,True,True,BERTweet
UgwhDovbiWWZi1hvTjh4AaABAg.9Fys46wU-Jr9Gu9YWtjWbO,"<УСЕР> ја сам Србин! Македонци нису Бугари. Македонци имају свој језик, своју нацију, своју историју, своју културу....",neutral,negative,neutral,negative,0.8,positive,0.95,5,,3,False,0,0.0,False,False,False,False,False,
UgwhDovbiWWZi1hvTjh4AaABAg.9Fys46wU-Jr9KYky9Wo7QB,<УСЕР> Никој не се интересува от глупавите голтаци - северномакедонци!,negative,negative,neutral,negative,0.8,negative,0.95,5,negative,2,False,4,0.8,True,True,False,True,True,BERTweet
UgwhDovbiWWZi1hvTjh4AaABAg.9Fys46wU-Jr9KYqUrfOzI8,Епа зашто ми враќаш татару ако не сме интересни ни МАКЕДОНЦИТЕ.Е па зашто ни ја крадете историјата на нас МАКЕДОНЦИТЕ ако не сме интересни.Е па зашто се замарате со нас МАКЕДОНЦИТЕ ако не сме инересни.За вас татари и те како сме интересни али за нас МАКЕДОНЦИТЕ татарите не ве ни ставаме во мал мозок.,negative,negative,neutral,negative,0.8,negative,0.95,5,negative,2,False,4,0.8,True,True,False,True,True,BERTweet
UgwhDovbiWWZi1hvTjh4AaABAg.9Fys46wU-Jr9KYrB0mlTKC,Ај марш у татарија(планински и пуст дел од монголија)кај дојдовте кај запустивте.,negative,neutral,neutral,negative,0.8,negative,1.0,5,negative,2,False,3,0.6,True,False,False,True,True,"NLPTown, BERTweet"
UgwhDovbiWWZi1hvTjh4AaABAg.9Fys46wU-Jr9Ka3bpEsy-4,<УСЕР> МИ СМО ЗЛОБНИ АМА ПО МАЛО ОТ ВАС,negative,negative,neutral,negative,0.8,negative,0.95,5,negative,2,False,4,0.8,True,True,False,True,True,BERTweet
UgwhDovbiWWZi1hvTjh4AaABAg.9Fys46wU-Jr9Ka6Ajjaevp,<УСЕР> ТО НЕ СУ МАКЕТА А ЧИСТИ БАЛГАРИ И ЗАПАМТИ.,neutral,negative,neutral,negative,0.8,negative,0.95,5,negative,2,False,3,0.6,False,True,False,True,True,"CardiffNLP, BERTweet"
UgwhDovbiWWZi1hvTjh4AaABAg.9Fys46wU-Jr9Ka7uYEpvFl,<УСЕР> Ние за вас не викаме дека сте македонци зашто стварно не сте.Вие сте друго племе.Татарско.Ама вие за нас кажувате трескате глупости и викате сме биле бугари.Е тука е злобата.,negative,negative,neutral,negative,0.8,negative,0.95,5,negative,2,False,4,0.8,True,True,False,True,True,BERTweet
UgwhDovbiWWZi1hvTjh4AaABAg.9Fys46wU-Jr9KaA7VU4Hn9,<УСЕР> НЕ ЗЛОБЕЈ ТОШЕ .ИСТИНАТА БОЛИ НО Е ВЕРНА. ТИ МНОГО ДОБРЕ ГО ЗНАЕШ. И ВСИ ГО ЗНАЕТЕ.И ТОЧНО ТАМ ВИ БОЛИ В ИСТИНАТА.НО АЗ СПЕЦИАЛНО ВИ ОБИЧАМ И НЕМАМ НИШТО ЛОШО ЗА ТЕБ. АКО СМО БИЛИ ТАТАРИ ТО И ВИ СТЕ ТАКИВА ЗАШТОТО НИЕ С ВАС СМЕ ЕДНА КРАВ И ЕДИН ГЕН.ТОВА ГО ДОКАЗВА ИСТОРИЈАТА ТАЗИ ИСТИНСКАТА.НЕ Е ОНАЗИ СРПСКАТА КАДЕ СТЕ ЈА УЧИЛИ. С МНОГО УВАЖЕНИЕ НО Е ГАКА.👍👍👍,negative,neutral,neutral,negative,0.5,positive,0.95,5,,3,False,0,0.0,False,False,False,False,False,
UgwhDovbiWWZi1hvTjh4AaABAg.9Fys46wU-Jr9KaB6vNrD8L,<УСЕР> Е па вие сакате да сте Македонци ама за среќа не сте.Вие сте обични татари (монголско племе)а ние МАКЕДОНСКО ПЛЕМЕ мешавина од античко Македонско и словенско племе.Немате ништо ни античко ни словенско.Не сме исти.,negative,negative,neutral,negative,0.85,negative,0.95,5,negative,2,False,4,0.8,True,True,False,True,True,BERTweet
UgwhDovbiWWZi1hvTjh4AaABAg.9Fys46wU-Jr9KaF9hoPRJC,<УСЕР> Овчарот Аспарух ве донел овде при крајот на 7 и почеток на 8 век.Од Монголија.А што мислиш.Пред тоа овде немало луѓе?Е па имало.И тоа МАКЕДОНЦИ.Е тоа го крадете татари.Историјата МАКЕДОНСКА.Лопови татарски.,negative,negative,neutral,negative,0.8,negative,0.95,5,negative,2,False,4,0.8,True,True,False,True,True,BERTweet
UgwhDovbiWWZi1hvTjh4AaABAg.9Fys46wU-JrAKvCyEmYeBx,<УСЕР>.... МАКЕДОНИЈА анд МАЦЕДОНИАНС --- 25 ЦЕНТУРИЕС ! ! !,neutral,negative,neutral,negative,0.8,positive,0.95,5,,3,False,0,0.0,False,False,False,False,False,
UgwFjxBRgq8AUSiJMDl4AaABAg,Шопке ти си асимилатор од Западен Татарстан-Бугарија.,negative,negative,neutral,negative,0.8,negative,1.0,5,negative,2,False,4,0.8,True,True,False,True,True,BERTweet
Ugx8unZix8kFGn8t_nV4AaABAg,Бугарија има право да се буди и да се затвори границата сотт Турција голем проблем е бескраен да се чувате и да се лекувате,negative,negative,neutral,negative,0.8,positive,0.85,5,negative,3,False,3,0.6,True,True,False,True,False,"BERTweet, Llama"
Ugxc_WgLziEuNauxT6p4AaABAg,Тие што го величат Тито не може во ЕУ. А што за тие што го величат Хитлер? За нив сепак најубавиот дел од историјата е кога ја окупираа Македонија.За жал тоа е Хитлерова бугарија.,negative,negative,neutral,negative,0.8,negative,0.95,5,negative,2,False,4,0.8,True,True,False,True,True,BERTweet
UgxxtEQITU7z8cpAdOR4AaABAg,"Нјама Македонци и Македонија,а Северомакедонија и Северомакедонци по устава на самата Северорепублика.",neutral,negative,neutral,negative,0.8,neutral,0.85,5,neutral,2,False,3,0.6,True,False,True,False,True,"NLPTown, Gemma"
UgxxtEQITU7z8cpAdOR4AaABAg.9GB43yv1k1W9GD5c9WYRMs,Не треси зелени Бугарин еден Ако сме Бугари Тогаш зошто Бугарскиот цар Го уби Јане Сандански а Јане сакаше да ја обедини Македонија Ние сме Бугари колку што и Куба Монголци,negative,negative,neutral,negative,0.8,negative,0.94,5,negative,2,False,4,0.8,True,True,False,True,True,BERTweet
UgxxtEQITU7z8cpAdOR4AaABAg.9GB43yv1k1W9GD758OC8on,"<УСЕР> Мирослав Гарчев баштата на македонските символи в интервју пред медиите на Северомакедонија призна, че Македонската нација и јазик са измислица от Москва и Белград. Този човек живее в Скопие е Архитект и художник .",neutral,negative,neutral,negative,0.8,negative,0.94,5,negative,2,False,3,0.6,False,True,False,True,True,"CardiffNLP, BERTweet"
UgxxtEQITU7z8cpAdOR4AaABAg.9GB43yv1k1W9GD7L0GRxZN,"<УСЕР> Не може да преживеете Истината, че сте плод на Саветско-ЈУгославска мастурбација на Дрогарите Сталин и ТИТО. Това е Самата истина такава каквато е !",negative,negative,neutral,negative,0.8,negative,0.95,5,negative,2,False,4,0.8,True,True,False,True,True,BERTweet
UgxxtEQITU7z8cpAdOR4AaABAg.9GB43yv1k1W9GDANIkY_3B,<УСЕР> Македонија е Грчка Ама ФИРОМ или Република Македонија никогаш Бугарска За пари јас ќе признаам дека сум не Бугарин ама од Јужен Судан Или платен или е предавник А чекам одговор за ова за Јане Сандански И таа идиотката Захариева нека го одговори и она ако може Еве бидејќи луѓето кај нас мешале за Бугарија и фашизмот Јас ова го прашувам,negative,negative,neutral,negative,0.7,negative,0.93,5,negative,2,False,4,0.8,True,True,False,True,True,BERTweet
UgxxtEQITU7z8cpAdOR4AaABAg.9GB43yv1k1W9GDAlApLzq4,<УСЕР> И Македонска нација сакале да биде смислено уште Тито кога 2 години немал А не 1944 Само не било успешно тогаш па Тито го направил во 1944 па сега Тито крив Вие какви бевте од 1945-1990? Југославија најдобра држава беше измислена за Варшавскиот пакт,negative,negative,neutral,negative,0.75,negative,0.83,5,negative,2,False,4,0.8,True,True,False,True,True,BERTweet
UgxxtEQITU7z8cpAdOR4AaABAg.9GB43yv1k1W9vrsV9GL_FQ,<УСЕР> и пред 1944 и по 1944 блгари - јунк.,neutral,negative,neutral,negative,0.7,negative,0.94,5,negative,2,False,3,0.6,False,True,False,True,True,"CardiffNLP, BERTweet"
UgxxtEQITU7z8cpAdOR4AaABAg.9GB43yv1k1W9vrscQJCXWL,<УСЕР> ТАТЈАНА МАКЕДОНКА. црв @.,neutral,negative,neutral,negative,0.8,negative,0.95,5,negative,2,False,3,0.6,False,True,False,True,True,"CardiffNLP, BERTweet"
UgxxtEQITU7z8cpAdOR4AaABAg.9GB43yv1k1WAKvD4tvtz23,<УСЕР> Тито.. у Београд меморијал.,neutral,positive,neutral,negative,0.8,neutral,0.85,5,neutral,3,False,3,0.6,True,False,True,False,True,"NLPTown, Gemma"
UgxxtEQITU7z8cpAdOR4AaABAg.9GB43yv1k1WAKvDTLzFgFP,1944 МАКЕДОНСКИ НАРОД се ослободи од Хитлер. и од фас'исти ! !,negative,negative,neutral,negative,0.8,positive,0.95,5,negative,3,False,3,0.6,True,True,False,True,False,"BERTweet, Llama"
UgzIM4LVaNFMN0YfHF94AaABAg,нацианамакедонијаебугарсфополла,neutral,negative,neutral,negative,0.8,negative,0.95,5,negative,2,False,3,0.6,False,True,False,True,True,"CardiffNLP, BERTweet"
UgzIM4LVaNFMN0YfHF94AaABAg.9MEcol5E_84AKvDCUJ9nyt,МАКЕДОНИЈА 25 ВЕКА Е МАКЕДОНИЈА ! !,neutral,positive,neutral,positive,0.98,positive,0.95,5,positive,2,False,3,0.6,False,True,False,True,True,"CardiffNLP, BERTweet"
UgwYZajRGb7oKpS8V7d4AaABAg,браво вистенски Македонци,positive,negative,neutral,positive,0.85,positive,0.95,5,positive,3,False,3,0.6,True,False,False,True,True,"NLPTown, BERTweet"
UgwmCYk7T8C44Zehmep4AaABAg,Да зивее македонија,positive,positive,neutral,positive,0.95,positive,0.95,5,positive,2,False,4,0.8,True,True,False,True,True,BERTweet
UgwmCYk7T8C44Zehmep4AaABAg.8dO_QGIcV8V7------HGpb,Зорка Милосеска АЛБАНИА КОСОВА Илирида шкупи ФОРЕВЕР,neutral,negative,neutral,positive,0.85,negative,1.0,5,,3,False,0,0.0,False,False,False,False,False,
UgwmCYk7T8C44Zehmep4AaABAg.8dO_QGIcV8V8lGo2rpMkQG,<УСЕР> да се испосерам и на албанија и на косово а најмного на илирида и тоа кога ке се најадам свинско месо така ај сиктер сега,negative,positive,neutral,negative,0.8,negative,0.94,5,negative,3,False,3,0.6,True,False,False,True,True,"NLPTown, BERTweet"
UgwmCYk7T8C44Zehmep4AaABAg.8dO_QGIcV8V8lH-6B2avBC,<УСЕР> немас јаја проти 12 милиона Албана,neutral,negative,neutral,negative,0.8,negative,0.95,5,negative,2,False,3,0.6,False,True,False,True,True,"CardiffNLP, BERTweet"
UgwmCYk7T8C44Zehmep4AaABAg.8dO_QGIcV8V8lHnQzwz9bX,<УСЕР> какви 12 милијона бе овцо смрдлива во албанија ве има 800 иљади во косово 300 иљади и во македонија 150 иљади кај се тие 12 милијона мислис умрени или и на марс ве има па ке дојдат марсовци да ве бранаат сега со овие модерни помагала како интернет за 5 минути мозес да видис колку сте од сите страни сте сардисани со македонците србите едва цекаат да пукне да си го повратаат косово грците молаат бога да мрднете да го ресаат проблемот со цамите а ние не се секирај тука е мајка русија јас лицно со мои оци ги видов во 2001 година вие усте не сте ни свесни сто ве цека а америка пак нека ве брани пак ке видиме како и со сто ке ве брани вие сте една обицна алатка на америка или подобро казано ве цуваат како курбан пред колење,negative,negative,neutral,negative,0.8,negative,0.95,5,negative,2,False,4,0.8,True,True,False,True,True,BERTweet
UgwmCYk7T8C44Zehmep4AaABAg.8dO_QGIcV8V8lHtMzlovdA,Нема Мацедона мозда булгари сте ви. Албанци је цисто 60% Албанске земље ИЛИРИДА КОСОВА Албаниа ☝️💪👍👏✌👌,negative,negative,neutral,negative,0.75,negative,0.95,5,negative,2,False,4,0.8,True,True,False,True,True,BERTweet
UgwmCYk7T8C44Zehmep4AaABAg.8dO_QGIcV8V9vcNH4QeoWa,<УСЕР> ТАТЈАНА МАКЕДОНКА. говедо @.,neutral,negative,neutral,negative,0.85,negative,0.95,5,negative,2,False,3,0.6,False,True,False,True,True,"CardiffNLP, BERTweet"
UgwmCYk7T8C44Zehmep4AaABAg.8dO_QGIcV8V9vcNNDxpNAY,МАКЕДОНСКИ НАРОД ПОСТОИ 25 ВЕКА. од ФИЛИП КРАЛ НА МАКЕДОНИЈА ИВ век пред оваа ера до денес КСКСИ век. ДА З'ИВЕЕ М А К Е Д О Н И Ј А !!,neutral,positive,neutral,positive,0.85,positive,0.95,5,positive,2,False,3,0.6,False,True,False,True,True,"CardiffNLP, BERTweet"
UgxFzDWkLKSyfWFZz0F4AaABAg,1:52 уууу Македонски убавец! 😀 Нека ни е вецна! 💜,positive,positive,neutral,positive,0.98,positive,0.95,5,positive,2,False,4,0.8,True,True,False,True,True,BERTweet
UgyAcvrBMAM3c_1utlB4AaABAg,Македонија вечна љубов за сите нас библиска Македонија честитки 🎉 за сите наши нцке,positive,positive,neutral,positive,0.85,positive,0.95,5,positive,2,False,4,0.8,True,True,False,True,True,BERTweet
UgzwlFqxiBKq92YNeql4AaABAg,Немате јаја Проти 12 милиона албана,negative,negative,neutral,negative,0.8,negative,1.0,5,negative,2,False,4,0.8,True,True,False,True,True,BERTweet
UgzaamgfsS-AYAHAcdV4AaABAg,зашто против бугарија ај де за грација може да велјаме зашто против бугарија,negative,negative,neutral,negative,0.85,negative,0.95,5,negative,2,False,4,0.8,True,True,False,True,True,BERTweet
Ugz1IAllEn9YUDZsNqt4AaABAg,Захариева мозе ли за една Червена да признае оти И се сака,neutral,negative,neutral,negative,0.5,negative,0.94,5,negative,2,False,3,0.6,False,True,False,True,True,"CardiffNLP, BERTweet"
Ugz1IAllEn9YUDZsNqt4AaABAg.9FU6gUkRu-IAKfXRKPXDvb,Сарбе на варбе,negative,neutral,neutral,negative,0.8,negative,1.0,5,negative,2,False,3,0.6,True,False,False,True,True,"NLPTown, BERTweet"
Ugz1IAllEn9YUDZsNqt4AaABAg.9FU6gUkRu-IAKvCfqZ2erD,<УСЕР> МАКЕДОНЦИ во МАКЕДОНИЈА ! !,neutral,negative,neutral,negative,0.8,negative,1.0,5,negative,2,False,3,0.6,False,True,False,True,True,"CardiffNLP, BERTweet"
Ugxty_BcsdlTinkM48B4AaABAg,ЕЈ ГОЦЕ ВОЈВОДА ГОЛЕМ ЈУНАК НАС СИН МАКЕДОНСКИ 🇲🇰🇲🇰,negative,positive,neutral,positive,0.95,positive,0.95,5,positive,3,False,3,0.6,False,True,False,True,True,"CardiffNLP, BERTweet"
Ugxty_BcsdlTinkM48B4AaABAg.9FuHS1Qmerx9IXPCkqzn8a,"Абе Гоце ваш, ама он Ви не сака!",negative,negative,neutral,negative,0.8,negative,0.95,5,negative,2,False,4,0.8,True,True,False,True,True,BERTweet
Ugxty_BcsdlTinkM48B4AaABAg.9FuHS1Qmerx9IXRlZ__pTN,<УСЕР>-ц6в он вас ве нејкесе,neutral,negative,neutral,negative,0.8,negative,0.94,5,negative,2,False,3,0.6,False,True,False,True,True,"CardiffNLP, BERTweet"
Ugxty_BcsdlTinkM48B4AaABAg.9FuHS1Qmerx9ub7yKsv8xq,1872 ГОЦЕ ДЕЛЦ'ЕВ Е РОДЕН во Кукус' -- ЕГЕЈСКА МАКЕДОНИЈА. ГОЦЕ ДЕЛЦ'ЕВ Е МАКЕДОНЕЦ.,neutral,neutral,neutral,positive,0.85,positive,1.0,5,neutral,2,False,3,0.6,True,True,True,False,False,"Gemma, Llama"
UgyZpmG8VKnTlazujcZ4AaABAg,Браво!,positive,positive,neutral,positive,0.95,positive,0.95,5,positive,2,False,4,0.8,True,True,False,True,True,BERTweet
Ugy06RfZKEkPXMB3eGh4AaABAg,РСМ в ЕС само като балгари!!!!!!,negative,negative,neutral,negative,0.8,negative,0.95,5,negative,2,False,4,0.8,True,True,False,True,True,BERTweet
Ugy06RfZKEkPXMB3eGh4AaABAg.98CT5UWCh_898CU6II7Y6U,"Вече не са балгари и нјама нужда да бадат. Нека си бадат македонци, от 1944-та. Преди това е јасно.",negative,negative,neutral,negative,0.8,negative,0.95,5,negative,2,False,4,0.8,True,True,False,True,True,BERTweet
Ugy06RfZKEkPXMB3eGh4AaABAg.98CT5UWCh_898CVJ6EENJT,<УСЕР> Има исклучоци како мене кој што сакаат мојата држава да се припои со Бугарија но за жал малку се луѓето како мен.,negative,neutral,neutral,negative,0.5,negative,0.8,5,negative,2,False,3,0.6,True,False,False,True,True,"NLPTown, BERTweet"
Ugy06RfZKEkPXMB3eGh4AaABAg.98CT5UWCh_898Cn6EOfotA,Илија Стојаноски Не си ја пцуј својата родина.,negative,negative,neutral,positive,0.85,negative,1.0,5,negative,3,False,3,0.6,True,True,False,False,True,"BERTweet, Gemma"
Ugy06RfZKEkPXMB3eGh4AaABAg.98CT5UWCh_89ub7fdcyFB2,<УСЕР> и пред 1944 и по 1944 блгари - јунк.,neutral,negative,neutral,negative,0.7,negative,0.94,5,negative,2,False,3,0.6,False,True,False,True,True,"CardiffNLP, BERTweet"
Ugy06RfZKEkPXMB3eGh4AaABAg.98CT5UWCh_8ALF5SYn1gGj,"@безсрамницкКој не е балгарин? Мицковски? 😅😅😅А че управлјаваштите са срабски мекерета, това не променја нештата! ❤❤😊",neutral,negative,neutral,negative,0.5,negative,0.85,5,negative,2,False,3,0.6,False,True,False,True,True,"CardiffNLP, BERTweet"
UgyEH4IhTlik19iFuKx4AaABAg,Греетингс ФЈРОМаниацс. Хаве а нице дај :),positive,positive,neutral,positive,0.85,positive,0.95,5,positive,2,False,4,0.8,True,True,False,True,True,BERTweet
UgyEH4IhTlik19iFuKx4AaABAg.9Gy5-utR8lzAKJlbyq0Pu2,МАЦЕДОНИАНС 25 ЦЕНТУРИЕС АРЕ МАЦЕДОНИАНС ! ! !,neutral,positive,neutral,negative,0.8,negative,1.0,5,,3,False,0,0.0,False,False,False,False,False,
Ugwu3OqiqZ9O4jmr1bN4AaABAg,"Уште еднаш мора да разјасниме дека официјалната позиција на Бугарија не го оспорува правото на луѓето во Северна Македонија да се нарекуваат себеси како што сакаат и, соодветно, да го идентификуваат својот јазик на ист начин. Сепак, правото на самоопределување им припаѓа на живите. Никој не им дава за право да го менуваат декларираниот идентитет на мртвите, кои дванаесет века се дефинираат како балгари: Битолската плоча на цар Јован Владислав од 1015 година, изложена во музејот во Битола, во која внукот на Самуил се нарекува „бугарски автократ“ и „бугарски роден“, кој ја обновил битолската тврдина“ за прибежиште и спасение и за животот на Бугарите“. <УРЛ> Друг неоспорен факт е постојното барање на Никола Делчев, татко на Гоце Делчев, до Националното собрание на Балгарија (24.06.1914) за доделување пензија: <УРЛ> Или писмо од Гоце Делчев до Никола Малешевски (05.01.1899), напишано на литературен бугарски јазик: „Жално е, но што да правиме кога си сме балгари и сите страдаме од една иста болест!“ (<УРЛ> Погледнете го седмиот ред од писмото (по името Колио) последните три збора од редот. <УРЛ> Овде можете да го проверите етничкиот состав на населението во турските даночни регистри: <УРЛ> <УРЛ> Еве еден од многуте обиди да се избрише вистината: <УРЛ> Српски историчар: ВМРО барало автономија на Северна Македонија за во следната фаза да ја припои кон Бугарија - <УРЛ>",negative,negative,neutral,negative,0.62,negative,0.83,5,negative,2,False,4,0.8,True,True,False,True,True,BERTweet
Ugwu3OqiqZ9O4jmr1bN4AaABAg.9Sau65woG9H9Sd_2eSg-By,Сето ова е јасно за свецката историографија!,neutral,positive,neutral,negative,0.7,positive,0.95,5,,3,False,0,0.0,False,False,False,False,False,
UgwXofWRSCh1LAA7-HR4AaABAg,"А бре, Зајко, вие от која година сте даржава? През Втората световна војна е саштествувало само кралствотото на Сарби, Харвати и Словенци, за каква ""фашистичка"" окупација на Македонија става вапрос?",negative,negative,neutral,negative,0.8,negative,0.94,5,negative,2,False,4,0.8,True,True,False,True,True,BERTweet
Ugzw6ZplHrlm2VfrKDJ4AaABAg,"Добар почеток, Заев. Но ова е само почетокот. Жална ви мајка на вас југокомунустите от РСМ што ве чака кога ги почнете преговорите.",negative,neutral,neutral,negative,0.8,negative,0.94,5,negative,2,False,3,0.6,True,False,False,True,True,"NLPTown, BERTweet"
UgyIWG0KQjU-voAhJl14AaABAg,Има ли несто на сто Заев не е спремен !?,negative,negative,neutral,negative,0.8,negative,0.95,5,negative,2,False,4,0.8,True,True,False,True,True,BERTweet
UgyIWG0KQjU-voAhJl14AaABAg.9SadOGZ68V79San_8t4BDJ,Спремен - срабска дума/ Готов - балгаро/ македонска,neutral,neutral,neutral,neutral,0.7,neutral,0.85,5,neutral,1,True,5,1.0,True,True,True,True,True,
UgyIWG0KQjU-voAhJl14AaABAg.9SadOGZ68V79Sapdqub4tT,"<УСЕР> Па ако е готов да си го земете, нели ви е најголем пријател!",neutral,positive,neutral,negative,0.8,positive,0.95,5,,3,False,0,0.0,False,False,False,False,False,
UgyIWG0KQjU-voAhJl14AaABAg.9SadOGZ68V79SauaAP7H7L,<УСЕР>-ккс1укс - Е оти? Вие сте си го избрале на избори. Ваш е.,neutral,negative,neutral,negative,0.7,negative,0.95,5,negative,2,False,3,0.6,False,True,False,True,True,"CardiffNLP, BERTweet"
UgyIWG0KQjU-voAhJl14AaABAg.9SadOGZ68V79Sc0ZNZE6bK,За правопис на бугарите им треба некој како Блазе Коневски да им ги среди говорните правила пошто и сами себе не се разбираат🤣😂🤣...,negative,neutral,neutral,negative,0.8,negative,0.95,5,negative,2,False,3,0.6,True,False,False,True,True,"NLPTown, BERTweet"
UgyIWG0KQjU-voAhJl14AaABAg.9SadOGZ68V79Sd9EteF20V,"<УСЕР> - А бре ти парво се научи да пишуваш на кирилица, после зборувај за правопис и за Джуджето от Небрегово. Неграмотник!",negative,negative,neutral,negative,0.8,negative,1.0,5,negative,2,False,4,0.8,True,True,False,True,True,BERTweet
UgyIWG0KQjU-voAhJl14AaABAg.9SadOGZ68V79SdSfTgVKyu,<УСЕР> Вие не сте славенски натод што користите кирилица?,neutral,negative,neutral,negative,0.8,negative,0.94,5,negative,2,False,3,0.6,False,True,False,True,True,"CardiffNLP, BERTweet"
UgyIWG0KQjU-voAhJl14AaABAg.9SadOGZ68V79SdZzyNqGNC,<УСЕР> - Славенски народ?! Што точно подразбираш под ова бре гениалец? Словени во етничка смисла нема от 9ти век.,negative,negative,neutral,negative,0.75,negative,0.94,5,negative,2,False,4,0.8,True,True,False,True,True,BERTweet
UgyIWG0KQjU-voAhJl14AaABAg.9SadOGZ68V79Sd__i6p_2a,<УСЕР> Татарцо Татарчев дали си дојден од умрените што све знаеш? Многу си за залење.,negative,negative,neutral,negative,0.8,negative,0.95,5,negative,2,False,4,0.8,True,True,False,True,True,BERTweet
UgyIWG0KQjU-voAhJl14AaABAg.9SadOGZ68V79SdegWfWtzs,"<УСЕР> - Не бре, пиле. А ти све от дедо си знаеш? Некоја книга да имаш читано?",neutral,negative,neutral,negative,0.8,negative,0.95,5,negative,2,False,3,0.6,False,True,False,True,True,"CardiffNLP, BERTweet"
UgyIWG0KQjU-voAhJl14AaABAg.9SadOGZ68V79Sdo_oKk9IT,<УСЕР> Интересантно со сите бугари све книги ги прочитале и се уште глупи нема помош за вас.,negative,positive,neutral,negative,0.8,negative,0.95,5,negative,3,False,3,0.6,True,False,False,True,True,"NLPTown, BERTweet"
UgxnUj24LkWEvlxk_Qh4AaABAg,120.000 бугарски фасисти зители во МАКЕДИНИЈА ???????????? ПА НЕ Е САЛАМ СОЗБОРА ТАТАРОТ,negative,negative,neutral,negative,0.8,negative,0.99,5,negative,2,False,4,0.8,True,True,False,True,True,BERTweet
UgxnUj24LkWEvlxk_Qh4AaABAg.9Samlvbl4Ef9SewmWbafXy,200 000 доказали балгарско потекло и взели паспорт.,neutral,negative,neutral,negative,0.8,negative,0.95,5,negative,2,False,3,0.6,False,True,False,True,True,"CardiffNLP, BERTweet"
UgyZIqijAaPdFDECCOd4AaABAg,Г. Пандов капацитет цовек херој и горд Македонец.,positive,positive,neutral,positive,0.95,positive,0.95,5,positive,2,False,4,0.8,True,True,False,True,True,BERTweet
UgyBs8b114xH1ciXeJh4AaABAg,Овој Ване Цветанов сериозен ли е или стварно верува во тоа сто го збори??? Не ми се верува сто слусам .....БРАВО Пандов,negative,negative,neutral,negative,0.75,negative,0.85,5,negative,2,False,4,0.8,True,True,False,True,True,BERTweet
Ugw4HmTeFkN8SKx3z5d4AaABAg,Ми недостасува господинот Никола Србов! Добро и смирено момче беше!,positive,positive,neutral,positive,0.85,positive,0.95,5,positive,2,False,4,0.8,True,True,False,True,True,BERTweet
UgyyoSHMRq1tDDFrjEh4AaABAg,"Пандов ги наброја работите што ги вети Заев , но тој не беше донесен за тоа , тој беше донесен од странците да го смени името а за да го направи тоа требаше да ја прифати албанската платформа а и двете ќе ги спроведи со што ги исполнува барањата на Бејли и бирократите од Брисел",negative,negative,neutral,negative,0.8,negative,0.95,5,negative,2,False,4,0.8,True,True,False,True,True,BERTweet
UgyieD7XgIkafmoWpRZ4AaABAg,Пандов Цар 🇲🇰 🙌,positive,positive,neutral,positive,0.95,positive,0.95,5,positive,2,False,4,0.8,True,True,False,True,True,BERTweet
UgzcKciDyQiuNW8p0Dp4AaABAg,"Ако не биле поткупувани , им се заканувале, ги поткупувале , застрашувале со еден збор ментално ги ,,переле"" , зошто одма не се гласаше во 3 часот туку во 9 и ако не се најдеја 80 пратеници ќе се продолжеше во понеделник и пред Бејли а се зборува дека Бејли бил во собранието и ако бил што барал таму , нему му е местото во Калето.",negative,negative,neutral,negative,0.8,negative,0.94,5,negative,2,False,4,0.8,True,True,False,True,True,BERTweet
Ugw8067ywXQ_8WDxRCl4AaABAg,мене вака на изглед и на понашај овој Ване Цветанов ми личи на Амди Бајрам тип. жива превара која хода,negative,positive,neutral,negative,0.8,negative,0.95,5,negative,3,False,3,0.6,True,False,False,True,True,"NLPTown, BERTweet"
Ugx5ZuytsTeDchAdo4t4AaABAg,"Сто лазес Цветанов, пицлеме предавницко.",negative,negative,neutral,negative,0.8,negative,1.0,5,negative,2,False,4,0.8,True,True,False,True,True,BERTweet
UgzoGwcAFWjid76fWIN4AaABAg,ЗЗ = ГД - кој дунстер цовеце,neutral,negative,neutral,negative,0.8,negative,0.95,5,negative,2,False,3,0.6,False,True,False,True,True,"CardiffNLP, BERTweet"
Ugy5N852PqNibh9eGTN4AaABAg,"Чисто информативно: Илинденското востание во Бугарија се смета за бугарско. Во превод Република Илинденска Македонија за бугарите значи Република Бугарска Македонија, не за џабе Каракачанов прв обелодени за тој предлог. Што мислите: Земја членка на ЕУ со претензии од секаков вид кон Македонија, ќе пропушти да ни го уценува членството во ЕУ? Има Заев да преговара уште. Ваков дилентатизам ќе се учи во учбниците",negative,negative,neutral,negative,0.5,negative,0.8,5,negative,2,False,4,0.8,True,True,False,True,True,BERTweet
Ugy9YRqAQXhYg9YNaj14AaABAg,"Последниве случувања да ни бидат за опаметување. Стоп за преговорите, за да не биде поголема штета. Ако некој воопшто треба да преговара, тоа да бидат од МАНУ, а не од влада или НВО „експерти“. Секое решение на референдум. И нема потреба да не плашат со Руси, Косовари и други Баба Роги",negative,negative,neutral,negative,0.8,negative,0.75,5,negative,2,False,4,0.8,True,True,False,True,True,BERTweet
UgwS2TmnVvvZRzjWPaF4AaABAg,"Досега се чини дека се прифативме со надеж дека Грците ќе не остават на мира. Сменивме име пред ОН, сменивме знаме, активно преговараме, виткаме кичма, но не гледам отстапки од другата страна. Тешко дека ова се преговори. Стоп за преговорите, само џабе трошоци за слуќбени ручеци и патувања",neutral,negative,neutral,negative,0.8,negative,0.95,5,negative,2,False,3,0.6,False,True,False,True,True,"CardiffNLP, BERTweet"
Ugw77cJxBHsQCcpTFdZ4AaABAg,"Стоп за преговорите. Ако е за влез во ЕУ, Макрон јасно порача дека нема прошируање на ЕУ. Ако ни е за безбедност, НАТО ништо не ни гарантира исто како што Турско-Грчките тензии со децении си стојат. Џабе преговараме и тоа на наша штета. Некаму каже некој на пашата, ако не знае веќе",negative,negative,neutral,negative,0.8,negative,0.83,5,negative,2,False,4,0.8,True,True,False,True,True,BERTweet
UgwIYQ3k-QZ3RDkHscp4AaABAg,"Димитров во позадина изгледа како да му мириса на нешто, на нешто страшно посрано...",negative,negative,neutral,negative,0.8,negative,0.95,5,negative,2,False,4,0.8,True,True,False,True,True,BERTweet
UgxXCDenjQ5qYTIYzqF4AaABAg,Важно Ципрас ни учини со одбивањето. Мирно ќе се спие вечер. А да го најмиме да преговара од наша страна?Секој денар ќе се исплати,negative,neutral,neutral,negative,0.75,positive,0.95,5,,3,False,0,0.0,False,False,False,False,False,
UgzbfGr7RG2ANETKzbB4AaABAg,"Останавме без нормален лидер во земјава, се со фелер досега. Да земеме ли некој увозен? Хари по свадбата што прави? Крал дома нема да биде, да го викнеме, може ќе се нафати",negative,negative,neutral,negative,0.8,negative,0.8,5,negative,2,False,4,0.8,True,True,False,True,True,BERTweet
UgxnXgb_oHFbKfyqxuR4AaABAg,"Да не беше Теута Арифи да не убедува дека Илинденска Македонија е исклучително прифатливо име за Албанците, дури и ќе поверував во исправноста на истото.....",negative,negative,neutral,negative,0.5,negative,0.95,5,negative,2,False,4,0.8,True,True,False,True,True,BERTweet
UgzvwFWkDdpfeMBVt2t4AaABAg,"Подобро да земеме некој што редовно се менува со сликички пред фонтана да ни биде преговарач, отколку овие со костумиве",neutral,neutral,neutral,negative,0.8,negative,0.94,5,neutral,2,False,3,0.6,True,True,True,False,False,"Gemma, Llama"
Ugx8Xroxg7perz_zwJp4AaABAg,"Фала богу, Ципрас изгледа разбран човек бил, го одбил предлогот. Да не беше тој ќе ни отидеше идентитетот",negative,negative,neutral,negative,0.8,negative,0.95,5,negative,2,False,4,0.8,True,True,False,True,True,BERTweet
UgziXvE8wV8M40wC6xF4AaABAg,Аааааа Śто Му Смета на Тије Народи името Р.Македонија .,neutral,neutral,neutral,negative,0.8,negative,0.95,5,neutral,2,False,3,0.6,True,True,True,False,False,"Gemma, Llama"
UgzL9KrECSTPq5sRn6x4AaABAg,Да имасе мустаки како Г.Делцев би ти верувал...,neutral,negative,neutral,negative,0.8,negative,0.94,5,negative,2,False,3,0.6,False,True,False,True,True,"CardiffNLP, BERTweet"
UgwcOgaucngnFQDtPSl4AaABAg,"Еве мои креативни предлози за ново име кога веќе сите се креативни: 1. Република Вистинска Македонија, 2. Република Единствена Македонија, 3. Република Креативна Македонија, 4. Република Разловечка Македонија, 5. Република Карпошева Македонија, 6. Република Горноџумајска Македонија, 7. Република Востаничка Македонија, 8. Република Партизанска Македонија, 9. Република Преговарачка Македонија 10. Република Зоки-Поки Македонија 11. Крушевска Република Македонија 12. Република Шарена Македонија 13. Република Пријателска Македонија 14. Република Колку-да-има-за-леб Македонија да не е тажна ситуацијава, ќе продолжев до бескрај",neutral,negative,neutral,negative,0.8,negative,0.98,5,negative,2,False,3,0.6,False,True,False,True,True,"CardiffNLP, BERTweet"
UgxAHJ7djPezVG3mKl14AaABAg,"Илинденска Македонија, ако пологично размислиш, значи дека Македонија настанала во 1903! Од нација со најголема историја нѐ направи никој и ништо!",neutral,negative,neutral,negative,0.75,negative,0.95,5,negative,2,False,3,0.6,False,True,False,True,True,"CardiffNLP, BERTweet"
UgxAHJ7djPezVG3mKl14AaABAg.8gRXBjSlGks8hlrfUw6xhf,Лифестјле Чаннел Па тоа е и стратегијата на белосветските курви за Македонија на чело со болното копиле Заев🔫,negative,positive,neutral,negative,0.8,negative,0.95,5,negative,3,False,3,0.6,True,False,False,True,True,"NLPTown, BERTweet"
UgwdUS6k3n-JV3LBeaF4AaABAg,"Што ли ќе донесе утрешниот ден? Кој предлог е предвиден за утре и што ќе се јаде на службениот ручек? Не е лесно да си македонски преговарач, бифтек па бифтек....",neutral,negative,neutral,neutral,0.7,neutral,0.85,5,neutral,2,False,4,0.8,True,False,True,True,True,NLPTown
UgwIexbubBLj2Mbqgm54AaABAg,"Грците не преговараат. На кој уште не му е јасно. Имаат не црвени линии, туку цел: Да ја нема Македонија и затоа неможе да има успешни преговори. Може да се преправаме, но не си играјте со чувствата на народот. не за друго, како што ве качиле, така и ќе ве симнат",negative,negative,neutral,negative,0.8,negative,0.95,5,negative,2,False,4,0.8,True,True,False,True,True,BERTweet
Ugwd2uclggcH6M0_ODR4AaABAg,Кого Го Имас по Зади Лега Ти Засто Одис . Со На Друг Памет Немасли Ти Памет . Република Македонија ке остане Република Македонија . Море Питац .Од нив Македонија нема нисто Да добије . Само во загуба ке биде .Р Македонија .,neutral,negative,neutral,negative,0.8,negative,0.97,5,negative,2,False,3,0.6,False,True,False,True,True,"CardiffNLP, BERTweet"
UgxCv9OzKOTpQyhUVmx4AaABAg,"Временска одредница во името? Временска одредница во име на некоја држава може да биде само придавката НОВА. Но тоа има логика за некој пуст остров населен од некојси во скорешно време. Македонија не може да биде Нова. Копни кај сакаш, ќе надеш доказ",neutral,negative,neutral,negative,0.7,negative,0.8,5,negative,2,False,3,0.6,False,True,False,True,True,"CardiffNLP, BERTweet"
UgwoC4Dc_m0nWn3YtaB4AaABAg,ЗАЕВ ти не ја знаес историјата на насата република,negative,negative,neutral,negative,0.7,negative,0.95,5,negative,2,False,4,0.8,True,True,False,True,True,BERTweet
UgwzECEERwgroW2FbLN4AaABAg,"Кој е за турска воена база во Казан Дол, близу грчка граница? Име на базата: Ердоган анте портас. Чисто малку да ги зачиниме преговорите",neutral,negative,neutral,negative,0.72,negative,0.94,5,negative,2,False,3,0.6,False,True,False,True,True,"CardiffNLP, BERTweet"
Ugwfc05CuHg98UncAQV4AaABAg,"Кој е за турска воена база во Казан Дол, близу грчка граница? Име на базата? Ердоган анте портас. Чисто малку да ги зачиниме преговорите",neutral,negative,neutral,negative,0.72,negative,0.8,5,negative,2,False,3,0.6,False,True,False,True,True,"CardiffNLP, BERTweet"
Ugy72vy1v3XeBzr7ZDR4AaABAg,"По ваков дебакл, европски политичар ќе си поднесе оставка, но европски, не македонски. Македонски политичар ќе продолжи да прави штета",negative,negative,neutral,negative,0.8,negative,0.95,5,negative,2,False,4,0.8,True,True,False,True,True,BERTweet
UgzjShi55jDw8lI4y_F4AaABAg,Браво Премиере,positive,positive,neutral,positive,0.95,positive,0.95,5,positive,2,False,4,0.8,True,True,False,True,True,BERTweet
Ugwj69N4gSsJFwYQPSl4AaABAg,"Никој нема право да го оспорува бугарскиот идентитет на Гоце, Даме и Јане!!",negative,negative,neutral,negative,0.8,negative,0.95,5,negative,2,False,4,0.8,True,True,False,True,True,BERTweet
Ugwj69N4gSsJFwYQPSl4AaABAg.ACCjzqIie1ZACCnPghGE4B,Гоце е Македонец,positive,neutral,neutral,positive,0.85,positive,0.95,5,positive,2,False,3,0.6,True,False,False,True,True,"NLPTown, BERTweet"
Ugwj69N4gSsJFwYQPSl4AaABAg.ACCjzqIie1ZACCoI-nZI9A,<УСЕР> сам се писал за Бугарин и секаде пише на балгарски литературен език! Зашто го преведвате Гоцето бе изроди!,negative,negative,neutral,negative,0.8,negative,0.95,5,negative,2,False,4,0.8,True,True,False,True,True,BERTweet
Ugwj69N4gSsJFwYQPSl4AaABAg.ACCjzqIie1ZACDC6QaaXGR,"@александарал5726Заштото им пада всичко в канала...на тија фалшивите и измислените...нито имат идентичност,култура и език...и за това се смејат на тоја нагал удбашин Мицкович с голјамата уста...всички в ЕУ,които акал в главата",negative,negative,neutral,negative,0.8,negative,0.95,5,negative,2,False,4,0.8,True,True,False,True,True,BERTweet
Ugwj69N4gSsJFwYQPSl4AaABAg.ACCjzqIie1ZACDUa9vcRBF,Ти откаде го научи бе,neutral,positive,neutral,negative,0.7,negative,0.95,5,,3,False,0,0.0,False,False,False,False,False,
Ugwj69N4gSsJFwYQPSl4AaABAg.ACCjzqIie1ZACDVu7uFhv2,@борцестевковски2246Георги Николов Делчев...винаги е бил и ште остане...балгарски воевода от балгарското ВМОРО 🇧🇬💪❤️🇧🇬,positive,negative,neutral,positive,0.85,positive,0.95,5,positive,3,False,3,0.6,True,False,False,True,True,"NLPTown, BERTweet"
Ugwj69N4gSsJFwYQPSl4AaABAg.ACCjzqIie1ZACDf6p0MyjA,Страцката ако најде пердув од паун пак це си остане страцка,negative,negative,neutral,negative,0.8,negative,0.95,5,negative,2,False,4,0.8,True,True,False,True,True,BERTweet
Ugw10oWcFZOi1JywEiR4AaABAg,Тогаш раскини преспански и бугарски,neutral,negative,neutral,negative,0.7,negative,0.95,5,negative,2,False,3,0.6,False,True,False,True,True,"CardiffNLP, BERTweet"
Ugw10oWcFZOi1JywEiR4AaABAg.ACD42yQKO4LACDlWLoQIeo,Грција да го раскине. Да ги предизвикаме мудро.,negative,negative,neutral,negative,0.75,negative,0.95,5,negative,2,False,4,0.8,True,True,False,True,True,BERTweet
Ugw10oWcFZOi1JywEiR4AaABAg.ACD42yQKO4LACEDM9V2rxv,😂😂😂😂😂😂вие сте толку умни како на агнето татку му!,negative,positive,neutral,negative,0.8,negative,0.95,5,negative,3,False,3,0.6,True,False,False,True,True,"NLPTown, BERTweet"
Ugz_xzjMKwXPPcrfe2t4AaABAg,како да оспоруваш нешто што не постои?????????,negative,negative,neutral,neutral,0.85,negative,0.95,5,negative,2,False,3,0.6,True,True,False,False,True,"BERTweet, Gemma"
Ugz_xzjMKwXPPcrfe2t4AaABAg.ACCPmQPg-S3ACCRhbYPdLZ,Ете ние не го оспоруваме бугарскиот татаромонголски идентитет.,neutral,negative,neutral,neutral,0.7,neutral,1.0,5,neutral,2,False,4,0.8,True,False,True,True,True,NLPTown
Ugz_xzjMKwXPPcrfe2t4AaABAg.ACCPmQPg-S3ACCVf8CbICM,@драганкокунесоски1514Казал празноглавијат и малоумен северджански татар от Татариновац...по-големи татари на Балканите нјама от вас....,negative,negative,neutral,negative,0.8,negative,0.94,5,negative,2,False,4,0.8,True,True,False,True,True,BERTweet
Ugz5AfLB5cklZawGfvB4AaABAg,агентат на белград мицкович не спира да говори глупости,negative,negative,neutral,negative,0.8,negative,0.95,5,negative,2,False,4,0.8,True,True,False,True,True,BERTweet
Ugz5AfLB5cklZawGfvB4AaABAg.ACCHKz8ZIgMACCIWKUZ3m4,А вие агенти на МОНГОЛИЈА,neutral,negative,neutral,negative,0.8,negative,0.95,5,negative,2,False,3,0.6,False,True,False,True,True,"CardiffNLP, BERTweet"
Ugz5AfLB5cklZawGfvB4AaABAg.ACCHKz8ZIgMACCK_pNv07X,"За Мивковски се 80, посто од Македонци те и што треба повекје да коначно разберете дека нема што да брате .Колику што повекје трескате глупости точку повекје се шири омразата Кон бугарите и се вракјат дликите од зверствата кои ги праве те во Македонија како бугарски фашистички окупатор",negative,negative,neutral,negative,0.85,negative,0.95,5,negative,2,False,4,0.8,True,True,False,True,True,BERTweet
Ugz5AfLB5cklZawGfvB4AaABAg.ACCHKz8ZIgMACCVlr_HhY3,"@костадинпанов4596Ти па, монголоиден татарски трол....😂😂😂",neutral,negative,neutral,negative,0.8,negative,1.0,5,negative,2,False,3,0.6,False,True,False,True,True,"CardiffNLP, BERTweet"
Ugz5AfLB5cklZawGfvB4AaABAg.ACCHKz8ZIgMACCW-dRzZnK,"@петартолев2356Сто пати ви казахме...вие фалшивите и измислените изобшто не ни интересувате...нас ни интересуват балгарите в Македонија,които са си запазили идентичността и паметта.... капиш...и нјама да видите ЕУ,заради тоја нагал удбашин Мицкович,којто едно не разбра ..не може да поставја условија и ултиматум на ЕУ....",negative,negative,neutral,negative,0.8,negative,0.94,5,negative,2,False,4,0.8,True,True,False,True,True,BERTweet
Ugz5AfLB5cklZawGfvB4AaABAg.ACCHKz8ZIgMACCawLdsfXZ,Иванов.Чао Бела Чао. 1:58,neutral,negative,neutral,neutral,0.85,negative,0.9,5,neutral,2,False,3,0.6,True,False,True,True,False,"NLPTown, Llama"
Ugz5AfLB5cklZawGfvB4AaABAg.ACCHKz8ZIgMACDCL_shKeQ,"@петартолев2356Точно,чао на ЕУ ...па и скоро албанските ви газди...ште ви објаснјат какво значи ""макадонска идентичност,култура и език""...те вече почнаха де....",negative,negative,neutral,negative,0.8,negative,0.95,5,negative,2,False,4,0.8,True,True,False,True,True,BERTweet
Ugz5AfLB5cklZawGfvB4AaABAg.ACCHKz8ZIgMACGOvZLfY2b,НЕ ТРЕСИ ГЛУПОСТИ. НИЕ НЕ СМЕ ЧУВАШИ КАКО ВАС.,negative,negative,neutral,negative,0.7,negative,0.95,5,negative,2,False,4,0.8,True,True,False,True,True,BERTweet
Ugz5AfLB5cklZawGfvB4AaABAg.ACCHKz8ZIgMACGPfWdbm9j,@велесиљаноски8565Казал празноглавијат сарбизиран татарин и отишал да се моли в СИНАН ТАТАР джамија....Татар Северджанска ака Северна Македонија....,negative,negative,neutral,negative,0.8,negative,0.95,5,negative,2,False,4,0.8,True,True,False,True,True,BERTweet
Ugz5AfLB5cklZawGfvB4AaABAg.ACCHKz8ZIgMACGbLsk18ga,<УСЕР> Знам. Балгари сте.....,negative,negative,neutral,negative,0.7,negative,0.8,5,negative,2,False,4,0.8,True,True,False,True,True,BERTweet
UgxZfOOcKEJJ51kTANt4AaABAg,"Знаењето носи светлина. И секој што ја бара вистината ќе ја најде, како што тоа го направи Пендиков. Доволно е да прочитате што пишува во историските извори или од историчари англиски, француски, шпански, руски и целиот свет (без Северна Македонија) и ќе ја разберете вистината. Затоа што е напишано - „И ќе ја познаете вистината, и вистината ќе ве ослободи.” (Иоан 8 : 32).",neutral,positive,neutral,positive,0.85,positive,0.95,5,positive,2,False,3,0.6,False,True,False,True,True,"CardiffNLP, BERTweet"
UgxZfOOcKEJJ51kTANt4AaABAg.9mJ83RP3iOn9mbRZy1Dje8,"Првин вие ( бугарите ) видете што пишува во историските извори ( не мора да се Македонски ). Создадени во 681 година од Хан Аспарух ( значи ТАТАРИ ), а во втора светска војна на страната на нацистите ( значи ФАШИСТИ ) ! Цела историја на погрешна страна, само заради користољубие и присвојување на територии кои никогаш претходно не биле бугарски ! ДА ЖИВЕЕ МАКЕДОНИЈА ! 🇲🇰🇲🇰🇲🇰🇲🇰🇲🇰",negative,positive,neutral,negative,0.65,negative,0.95,5,negative,3,False,3,0.6,True,False,False,True,True,"NLPTown, BERTweet"
UgxZfOOcKEJJ51kTANt4AaABAg.9mJ83RP3iOn9mn56kvE1nD,"<УСЕР> Човек кој не знае дека името на раѓање и крштевање на Гоце Делчев е Георги Делчев, нема начин да знае дека ако нас Аспарух не создал, тогаш во исто време неговиот брат Кубер заминал во денешните северномакедонски земји. Ама од каде би ги знаел ако не читаш титокомунист со испран мозок. Дај Господ да се вразумите, инаку ќе исчезнете под притисок на Албанците како што исчезна Косово. Биди здрав, заблудени братко!",negative,negative,neutral,negative,0.8,negative,0.94,5,negative,2,False,4,0.8,True,True,False,True,True,BERTweet
UgxZfOOcKEJJ51kTANt4AaABAg.9mJ83RP3iOn9wDqgGzEQJX,Апостол Павле во МАКЕДОНИЈА вовел ХРИСТИЈАНСТВО. МАКЕДОНИЈА и МАКЕДОНСКИ НАРОД БЛАГОСЛОВЕНИ од ГОСПОД. 20 ВЕКА.,positive,positive,neutral,positive,0.85,positive,0.95,5,positive,2,False,4,0.8,True,True,False,True,True,BERTweet
UgzTjbReQFgn8KsCHxJ4AaABAg,"овој незнае да зборува бугарски. се тоа му е напишано што треба да го кажува или го има научено напамет. нема такви повреди, во студиото за интервјуто е максиран. не сме слепи. плус избугарениов нема ни пасош. се тоа треба да се протера од државата ако ја имавме",negative,negative,neutral,negative,0.8,negative,0.94,5,negative,2,False,4,0.8,True,True,False,True,True,BERTweet
UgzTjbReQFgn8KsCHxJ4AaABAg.9mBAHNXseOp9wDr5XAQNsE,хос'таплер. нек квац'и у Блгариа.,neutral,negative,neutral,negative,0.8,negative,0.95,5,negative,2,False,3,0.6,False,True,False,True,True,"CardiffNLP, BERTweet"
Ugy2Toryw4RQNPZtaZ14AaABAg,Момчето ја кажува целата вистина !,neutral,positive,neutral,positive,0.95,positive,0.95,5,positive,2,False,3,0.6,False,True,False,True,True,"CardiffNLP, BERTweet"
Ugy4Nl-lPLqknhcaA7d4AaABAg,"Затова сте в това положение,заштото нјамате способност да мислите!",negative,positive,neutral,negative,0.8,negative,0.95,5,negative,3,False,3,0.6,True,False,False,True,True,"NLPTown, BERTweet"
UgziEFMPk_uaBUfQbZh4AaABAg,Анкета : засложува ли рсм да биде дел от ЕУ 99.99 % от граганите на ЕУ зборуват цврсто НЕ,neutral,negative,neutral,negative,0.85,negative,0.94,5,negative,2,False,3,0.6,False,True,False,True,True,"CardiffNLP, BERTweet"
UgziEFMPk_uaBUfQbZh4AaABAg.9ijrQusrIG-9wJAQsVOCeE,<УСЕР>...4к - - - - сдс глупак.,negative,negative,neutral,negative,0.8,negative,1.0,5,negative,2,False,4,0.8,True,True,False,True,True,BERTweet
UgwsdDZ2yC1XPq-7lwN4AaABAg,Сите цекаа по некоја година за некој и 30 години не се доволно !!!!! А на некој Им треба усте 20тина години да сватат дека е превара!!!,negative,negative,neutral,negative,0.8,negative,0.95,5,negative,2,False,4,0.8,True,True,False,True,True,BERTweet
UgxE1xM9xgvgwJhZit94AaABAg,През ку.р ни е за вашето мнение!Имате си рамка изпалнјавајте ја!,neutral,positive,neutral,negative,0.8,positive,0.95,5,,3,False,0,0.0,False,False,False,False,False,
UgxE1xM9xgvgwJhZit94AaABAg.9ilfo3HIg559wJADc-_cUS,сдс програма 2020 никаде нема бугари во УСТАВ. и бугари и сдс ј вц.,negative,negative,neutral,negative,0.8,negative,0.95,5,negative,2,False,4,0.8,True,True,False,True,True,BERTweet
Ugw5nXv3uclqTp1lVC94AaABAg,"Как да нема промена бре? Ке праштат северно македонец во космоса! Месечнио земло северно македонска, и за теб ли ке се тепаме сега?",negative,negative,neutral,negative,0.8,negative,0.94,5,negative,2,False,4,0.8,True,True,False,True,True,BERTweet
UgwiCETx9KFQfr1tjwZ4AaABAg,Поздрав од Пирин Македонија !,positive,positive,neutral,positive,0.85,positive,0.95,5,positive,2,False,4,0.8,True,True,False,True,True,BERTweet
UgwiCETx9KFQfr1tjwZ4AaABAg.9PfFkOXD7829PfXSIk_2Ck,Поздрави от Балгарска Македонија!,positive,positive,neutral,positive,0.85,positive,1.0,5,positive,2,False,4,0.8,True,True,False,True,True,BERTweet
UgwiCETx9KFQfr1tjwZ4AaABAg.9PfFkOXD7829PfjkzKxFvB,Поздрав од Република Македонија 🇲🇰🇲🇰🇲🇰🇲🇰,positive,positive,neutral,positive,0.95,positive,0.95,5,positive,2,False,4,0.8,True,True,False,True,True,BERTweet
UgwiCETx9KFQfr1tjwZ4AaABAg.9PfFkOXD7829Ph8l7_kj11,<УСЕР>-2867 Поздрав от Вардарска Бановина.,neutral,positive,neutral,positive,0.95,positive,0.95,5,positive,2,False,3,0.6,False,True,False,True,True,"CardiffNLP, BERTweet"
UgwiCETx9KFQfr1tjwZ4AaABAg.9PfFkOXD7829Phf2GDmLzj,Поздрав брат од Егејска Македонија.,neutral,positive,neutral,positive,0.85,positive,0.95,5,positive,2,False,3,0.6,False,True,False,True,True,"CardiffNLP, BERTweet"
UgzohCAmEAk-WSbu5DF4AaABAg,Има еден народ Татарски Наса ќе ги лансира на 🌚,neutral,negative,neutral,negative,0.8,negative,0.95,5,negative,2,False,3,0.6,False,True,False,True,True,"CardiffNLP, BERTweet"
UgxPPUmYoRhmZTyaq014AaABAg,ЧУЧУК твојата работа е видјахме бегај да си играеш другаде 😂,negative,neutral,neutral,negative,0.8,negative,0.95,5,negative,2,False,3,0.6,True,False,False,True,True,"NLPTown, BERTweet"
UgxPPUmYoRhmZTyaq014AaABAg.9lLWT_qqGiU9toTdS07tdX,ОВА Е МАКЕДОНСКИ МЕДИУМ. зуј ..... у Црно море.,neutral,negative,neutral,negative,0.8,neutral,1.0,5,neutral,2,False,3,0.6,True,False,True,False,True,"NLPTown, Gemma"
UgzpY3X37-u35nOGQiJ4AaABAg,"Гоу фак јуарселф, ЕНИЧАР!!!",positive,negative,neutral,negative,0.8,negative,1.0,5,negative,3,False,3,0.6,False,True,False,True,True,"CardiffNLP, BERTweet"
UgyqZtYDhtd4nb-0W_54AaABAg,"Тхе децисион то финд ан агреемент ис онлј оне - тхе Булгарианс рецогнизе тхе пресент, анд тхе Мацедонианс тхе паст - ас ит ис вриттен ин тхе хисторицал соурцес анд ин тхе ентире сецулар хисториограпхј. Одлуката да се најде договор е само една - Бугарите ја препознаваат сегашноста, а Македонците минатото - како што пишува во историските извори и низ светската историографија.",neutral,negative,neutral,neutral,0.78,negative,0.55,5,neutral,2,False,3,0.6,True,False,True,True,False,"NLPTown, Llama"
UgyqZtYDhtd4nb-0W_54AaABAg.9lMPX3tN8769toTUojcxNg,МАКЕДОНСКИ НАРОД ПОСТОИ 25 ВЕКА. од ФИЛИП КРАЛ НА МАКЕДОНИЈА. татари - герман фаци 'направиа' Блгариа пред 140 години.,neutral,negative,neutral,negative,0.75,negative,0.95,5,negative,2,False,3,0.6,False,True,False,True,True,"CardiffNLP, BERTweet"
UgyqZtYDhtd4nb-0W_54AaABAg.9lMPX3tN8769u6irrjcHYJ,<УСЕР> Ретко кој ќе ги прочита чкртаниците на човек кој е толку неписмен што не знае ни да пишува на кирилица.,negative,negative,neutral,negative,0.8,negative,0.95,5,negative,2,False,4,0.8,True,True,False,True,True,BERTweet
UgyqZtYDhtd4nb-0W_54AaABAg.9lMPX3tN8769wLeRVVC4JQ,<УСЕР> МАКЕДОНСКИ НАРОД 25 ВЕКА. сдс ѓубре.,negative,positive,neutral,negative,0.8,negative,0.95,5,negative,3,False,3,0.6,True,False,False,True,True,"NLPTown, BERTweet"
UgwyBNnFy1EhBilFPrN4AaABAg,Многу добро усте да си го свир69неа на меѓудрзавно ниво,positive,positive,neutral,positive,0.85,negative,0.95,5,positive,3,False,3,0.6,True,True,False,True,False,"BERTweet, Llama"
Ugx2WGfCrv6T_uJE-BV4AaABAg,Дон'т форгет тхат ВЕТО МЕАНС ВЕТО!,neutral,positive,neutral,negative,0.7,negative,0.95,5,,3,False,0,0.0,False,False,False,False,False,
Ugx2WGfCrv6T_uJE-BV4AaABAg.9Xg2wUe-SCl9XhZMnpxneU,Дон'т форгет тхат ЦОУРТ МЕАНС ЦОУРТ!,neutral,negative,neutral,negative,0.7,negative,0.95,5,negative,2,False,3,0.6,False,True,False,True,True,"CardiffNLP, BERTweet"
UgwUBERTfRgU0QuTl3Z4AaABAg,Колективна СВЕСТ И ОДГОВОРНОСТ Е ПОТРЕБНА ама таа не се купува за зал.,neutral,neutral,neutral,negative,0.85,negative,0.8,5,neutral,2,False,3,0.6,True,True,True,False,False,"Gemma, Llama"
UgyoJoYDlTlhm95vO6h4AaABAg,"Со почит, имам впечаток дека водителот арчи ептен многу време да постави прашање и упаѓа во збор на гостинката така да тој повеќе зборува повеќе од многу добрата гостинка која што има многу што да каже.",neutral,positive,neutral,negative,0.5,negative,0.85,5,,3,False,0,0.0,False,False,False,False,False,
Ugw8jEOyGNGpUGhP1Cd4AaABAg,СДС веднаш да отстапат од власт. Зајко и зајачина ѓаволски не ве сакаме.,negative,negative,neutral,negative,0.8,negative,0.95,5,negative,2,False,4,0.8,True,True,False,True,True,BERTweet
Ugz4p58wi5nZJJn_X454AaABAg,Буги-Вуги,neutral,neutral,neutral,negative,0.85,positive,0.95,5,neutral,3,False,3,0.6,True,True,True,False,False,"Gemma, Llama"
UgxBQ06GMs_MXmx6k494AaABAg,27 април револт на народот патриотите на слобода...,neutral,negative,neutral,positive,0.85,positive,0.95,5,,3,False,0,0.0,False,False,False,False,False,
UgwEL_ChDG_Qkb6I8ux4AaABAg,"Грчка тактика да прифатиме се што ќе побараат ,па тој Теодоракис има 90 и кусур нека си купи ќиур за да оди на оној свет и среќен му пат",neutral,negative,neutral,negative,0.8,negative,0.85,5,negative,2,False,3,0.6,False,True,False,True,True,"CardiffNLP, BERTweet"
UgwJpwmoIXql-DAN-yV4AaABAg,Во секоја нормална земја во светот Собранието ќе се распустесе и ке имасе предвремени избори ! Инаку оваа влада на СДС е најлосата во историјата на Македонија !,neutral,positive,neutral,negative,0.8,negative,0.95,5,,3,False,0,0.0,False,False,False,False,False,
UgyiqdjESfK5VtIM4-h4AaABAg,сдс програма 2016 никаде нема менување ИМЕ на МАКЕДОНИЈА. сдс програма 2016 никаде нема давање МАКЕДОНСКА ИСТОРИЈА. и преспа и блгар договор -- кривиц'но дело. договори - ј вц.,negative,negative,neutral,negative,0.8,negative,0.94,5,negative,2,False,4,0.8,True,True,False,True,True,BERTweet
UgyF9idgkirldxpYH-l4AaABAg,"Единствени што поттикнуваат поделби (и тоа вешто суптилно, а некогаш и не толку суптилно го прават) СДС и ДПНЕ сиве овие 34 години. Така да Серафимовска само се обидува да ги испере штетните делувања (не наративи, затоа што едно е штетен наратив, а друго е штетно всушност да делуваш) на СДС ДПНЕ иалбанските партии со своите привезоци. На народот веќе му е смачено од таквите директни штетни делувања. Затоа се свртуваме кон Левица и други реални директни партии кои се соочуваат со овој хаос што го правите од 1991 г.",negative,negative,neutral,negative,0.8,negative,0.94,5,negative,2,False,4,0.8,True,True,False,True,True,BERTweet
UgyAZoMWF9ZdkcIlRZR4AaABAg,ШТе ја приклјучиш барзо даржавата!,negative,positive,neutral,positive,0.85,negative,0.95,5,,3,False,0,0.0,False,False,False,False,False,
UgyyNsexz5Kl8bKn2Il4AaABAg,"Цврст став усте на поцеток, прецедателу нас. Секоја цест. Денот по утрото СЕ познава, ке тргнеме напред, конецно",negative,positive,neutral,positive,0.85,negative,0.94,5,,3,False,0,0.0,False,False,False,False,False,
UgyyNsexz5Kl8bKn2Il4AaABAg.A3pnq0G_IvyA3pzd5xJvCC,така е,neutral,positive,neutral,neutral,0.7,neutral,0.85,5,neutral,2,False,4,0.8,True,False,True,True,True,NLPTown
UgxlYNV6quUATL59RMF4AaABAg,Браво господзаСиљановска Дафкова👏 Браво. Бог те благословие🙏❤❤ Зивела Македонија 🇲🇰,positive,positive,neutral,positive,0.95,positive,0.95,5,positive,2,False,4,0.8,True,True,False,True,True,BERTweet
UgxlYNV6quUATL59RMF4AaABAg.A418JQbo8SEA41AZHgyDnh,Зивела,neutral,neutral,neutral,neutral,0.74,neutral,1.0,5,neutral,1,True,5,1.0,True,True,True,True,True,
UgxVbCLm1_MZzpkZNpB4AaABAg,"Браво га. преседателка!!! Голем почит до вас!!! Патриоти кои ја сакаме МАКЕДОНИЈА сме горди на вас. Конечно, после председател - продадена душа, имаме преседателка со усправен рбет, со достоинство. Ве сакаме ин вам пожелуваме се добро во животот и работа. Срекно Македонијо!!!",positive,positive,neutral,positive,0.92,positive,0.95,5,positive,2,False,4,0.8,True,True,False,True,True,BERTweet
UgxVbCLm1_MZzpkZNpB4AaABAg.A3pgbAzbWDxA3u6VJQygx_,Одлицен говор нели,positive,negative,neutral,positive,0.85,negative,0.95,5,,3,False,0,0.0,False,False,False,False,False,
UgwzFv1mKOfBpGcqGwZ4AaABAg,Конечно некој со храброст во себе,neutral,positive,neutral,positive,0.85,positive,0.95,5,positive,2,False,3,0.6,False,True,False,True,True,"CardiffNLP, BERTweet"
UgwzFv1mKOfBpGcqGwZ4AaABAg.A3oUaEkYaiTA3pzgEFQae_,така е,neutral,positive,neutral,neutral,0.7,neutral,0.85,5,neutral,2,False,4,0.8,True,False,True,True,True,NLPTown
UgyJ_nrHTVeFTsZlCeV4AaABAg,"Браво, браво за Нашата претседателка Гордана Силјановска Давкова, само напред 🇲🇰❤🇲🇰❤🇲🇰❤🇲🇰! ....... Република МАКЕДОНИЈА 🇲🇰❤❤",positive,positive,neutral,positive,0.98,positive,0.95,5,positive,2,False,4,0.8,True,True,False,True,True,BERTweet
UgyJ_nrHTVeFTsZlCeV4AaABAg.A3q3E1WZHvYA3u6ShTZmqv,Браво 👌👌👌,positive,positive,neutral,positive,0.95,positive,0.95,5,positive,2,False,4,0.8,True,True,False,True,True,BERTweet
UgxfXCd0MUUAManp3LJ4AaABAg,"г. Филип, дека можат вашите книги да се купат. Со години вас следам на јоутубе. Искрено да кажам да неможавам да вас определам кои се вашите црвени линии. Делувате ми како Васко Ефтов, како густа магла. Неможам да вас разберам, да ли сте вистински патриот. Ако сте вам пожелувам добро здравје И долг живот. Се добро.",positive,negative,neutral,positive,0.65,positive,0.95,5,positive,3,False,3,0.6,True,False,False,True,True,"NLPTown, BERTweet"
UgxfXCd0MUUAManp3LJ4AaABAg.A48qe08M561A4BpKfql9UD,И на вас се најдобро.,positive,positive,neutral,positive,0.95,positive,0.95,5,positive,2,False,4,0.8,True,True,False,True,True,BERTweet
UgxfXCd0MUUAManp3LJ4AaABAg.A48qe08M561A4C-BpMh4bC,"Хвала. Ако не сум наметлив, би сакал да ве прашам: - каде можам да ги купам вашите книги, - каде можам да најдам имиња на пратеници кои гласаа за промена на нашато свето, иконска, библиско, природно и наследено име МАКЕДОНИЈА. Ви благодариме однапред за вашиот одговор. Гп",neutral,negative,neutral,positive,0.85,positive,0.95,5,,3,False,0,0.0,False,False,False,False,False,
UgxJYFJVBT7cOkcdi3Z4AaABAg,"Именувањето на Македонија со прекарот северна е ништо друго туку ,,говор на омраза"" према МАКЕДОНЕЦОТ, затоа нарот ги казни тие што така ,,сочно"" го правеа тоа.",negative,negative,neutral,negative,0.8,negative,0.95,5,negative,2,False,4,0.8,True,True,False,True,True,BERTweet
UgxJYFJVBT7cOkcdi3Z4AaABAg.A3ogqm5xfEBA3pzhgWMT34,се слозувам,negative,negative,neutral,negative,0.7,negative,1.0,5,negative,2,False,4,0.8,True,True,False,True,True,BERTweet
UgxQqvdVW7IuVJyOhg14AaABAg,"Во право е господза Сиљановска, на насите дедови Им ги менувале презимината комунистите Лазо И Темпо после 1945 год БЕЗ Да ГИ ПРАСААТ или ЗАТВОР.Им звуцеле многу на Бугарски.Страсно.Поздрав И Цестито прецедателка, само напред.",negative,positive,neutral,positive,0.85,negative,0.95,5,,3,False,0,0.0,False,False,False,False,False,
UgxQqvdVW7IuVJyOhg14AaABAg.A3nqVsQE636A3pzf5LvLPY,тоцно е тоа,neutral,neutral,neutral,neutral,0.65,neutral,0.85,5,neutral,1,True,5,1.0,True,True,True,True,True,
UgxQqvdVW7IuVJyOhg14AaABAg.A3nqVsQE636A3tydqrrH6W,@филиппетровскипоставив едно прашање до сите. Дали знаеш што ќе се случи со мојот пасош (Република Македонија) ако дојдам во Македонија?,neutral,negative,neutral,negative,0.75,neutral,0.85,5,neutral,2,False,3,0.6,True,False,True,False,True,"NLPTown, Gemma"
UgxQqvdVW7IuVJyOhg14AaABAg.A3nqVsQE636A58ZPMKMQYl,"<УСЕР>.н2018 Многу интересно прашање. Многу ме интересира вашиот одговор. Лично, би бил горд да го покажам на било кој. Со какви било невкусни коментари, најсреќен би бил да го испратам до п.м. П.С.: Не можам да добијам информација кои пратеници на ВМРО гласале за промена на името на Република Македонија. Можете ли вие да ми помогнете. Ви благодариме однапред за вашиот одговор. Гп, Мирослав",positive,positive,neutral,positive,0.85,positive,0.95,5,positive,2,False,4,0.8,True,True,False,True,True,BERTweet
Ugw0U3aacY51yXlbzyZ4AaABAg,Полека - полека...,neutral,neutral,neutral,neutral,0.74,positive,0.95,5,neutral,2,False,4,0.8,True,True,True,True,False,Llama
UgzeUNWadpVzvT2XreB4AaABAg,"Ја нови документи по трет пат НЕВАДАМ, вие како сакате играјте си",negative,positive,neutral,neutral,0.7,negative,0.94,5,,3,False,0,0.0,False,False,False,False,False,
UgzeUNWadpVzvT2XreB4AaABAg.A3v9KGJ6afFA3wzA6wasJF,Бесплатно ке ги пратат дома,neutral,positive,neutral,positive,0.85,negative,0.95,5,,3,False,0,0.0,False,False,False,False,False,
Ugw9FsEzkpqvUAzrryR4AaABAg,Да Живее Мајка Македонија❤️🇲🇰,positive,positive,neutral,positive,0.98,positive,0.95,5,positive,2,False,4,0.8,True,True,False,True,True,BERTweet
UgyGQzQUdIL0Bl4WkCJ4AaABAg,Интересно. Да се врати името,neutral,neutral,neutral,neutral,0.7,neutral,0.85,5,neutral,1,True,5,1.0,True,True,True,True,True,
